dataset,model,corruption,level,path,y_true,y_prob,y_pred
pdraw_wave,resnet50,clean,0,C:\Users\ramti\Desktop\ramtin legion pc\article_project\data\raw\pdraw_wave\test\healthy\V01HO01.png,0,0.568701,1
pdraw_wave,resnet50,clean,0,C:\Users\ramti\Desktop\ramtin legion pc\article_project\data\raw\pdraw_wave\test\healthy\V02HO01.png,0,0.516874,0
pdraw_wave,resnet50,clean,0,C:\Users\ramti\Desktop\ramtin legion pc\article_project\data\raw\pdraw_wave\test\healthy\V03HO01.png,0,0.516237,0
pdraw_wave,resnet50,clean,0,C:\Users\ramti\Desktop\ramtin legion pc\article_project\data\raw\pdraw_wave\test\healthy\V04HO01.png,0,0.498596,0
pdraw_wave,resnet50,clean,0,C:\Users\ramti\Desktop\ramtin legion pc\article_project\data\raw\pdraw_wave\test\healthy\V05HO01.png,0,0.556978,1
pdraw_wave,resnet50,clean,0,C:\Users\ramti\Desktop\ramtin legion pc\article_project\data\raw\pdraw_wave\test\healthy\V06HO01.png,0,0.558380,1
pdraw_wave,resnet50,clean,0,C:\Users\ramti\Desktop\ramtin legion pc\article_project\data\raw\pdraw_wave\test\healthy\V07HO01.png,0,0.483906,0
pdraw_wave,resnet50,clean,0,C:\Users\ramti\Desktop\ramtin legion pc\article_project\data\raw\pdraw_wave\test\healthy\V08HO01.png,0,0.487291,0
pdraw_wave,resnet50,clean,0,C:\Users\ramti\Desktop\ramtin legion pc\article_project\data\raw\pdraw_wave\test\healthy\V09HO01.png,0,0.519429,0
pdraw_wave,resnet50,clean,0,C:\Users\ramti\Desktop\ramtin legion pc\article_project\data\raw\pdraw_wave\test\healthy\V10HO01.png,0,0.542637,0
pdraw_wave,resnet50,clean,0,C:\Users\ramti\Desktop\ramtin legion pc\article_project\data\raw\pdraw_wave\test\healthy\V11HO01.png,0,0.471350,0
pdraw_wave,resnet50,clean,0,C:\Users\ramti\Desktop\ramtin legion pc\article_project\data\raw\pdraw_wave\test\healthy\V55HO08.png,0,0.524761,0
pdraw_wave,resnet50,clean,0,C:\Users\ramti\Desktop\ramtin legion pc\article_project\data\raw\pdraw_wave\test\healthy\V55HO09.png,0,0.525269,0
pdraw_wave,resnet50,clean,0,C:\Users\ramti\Desktop\ramtin legion pc\article_project\data\raw\pdraw_wave\test\healthy\V55HO10.png,0,0.502641,0
pdraw_wave,resnet50,clean,0,C:\Users\ramti\Desktop\ramtin legion pc\article_project\data\raw\pdraw_wave\test\healthy\V55HO11.png,0,0.552644,1
pdraw_wave,resnet50,clean,0,C:\Users\ramti\Desktop\ramtin legion pc\article_project\data\raw\pdraw_wave\test\parkinson\V01PO01.png,1,0.554144,1
pdraw_wave,resnet50,clean,0,C:\Users\ramti\Desktop\ramtin legion pc\article_project\data\raw\pdraw_wave\test\parkinson\V02PO01.png,1,0.592984,1
pdraw_wave,resnet50,clean,0,C:\Users\ramti\Desktop\ramtin legion pc\article_project\data\raw\pdraw_wave\test\parkinson\V03PO01.png,1,0.698579,1
pdraw_wave,resnet50,clean,0,C:\Users\ramti\Desktop\ramtin legion pc\article_project\data\raw\pdraw_wave\test\parkinson\V03PO04.png,1,0.705545,1
pdraw_wave,resnet50,clean,0,C:\Users\ramti\Desktop\ramtin legion pc\article_project\data\raw\pdraw_wave\test\parkinson\V03PO07.png,1,0.664971,1
pdraw_wave,resnet50,clean,0,C:\Users\ramti\Desktop\ramtin legion pc\article_project\data\raw\pdraw_wave\test\parkinson\V04PO01.png,1,0.688139,1
pdraw_wave,resnet50,clean,0,C:\Users\ramti\Desktop\ramtin legion pc\article_project\data\raw\pdraw_wave\test\parkinson\V05PO01.png,1,0.673303,1
pdraw_wave,resnet50,clean,0,C:\Users\ramti\Desktop\ramtin legion pc\article_project\data\raw\pdraw_wave\test\parkinson\V06PO01.png,1,0.636398,1
pdraw_wave,resnet50,clean,0,C:\Users\ramti\Desktop\ramtin legion pc\article_project\data\raw\pdraw_wave\test\parkinson\V07PO01.png,1,0.706878,1
pdraw_wave,resnet50,clean,0,C:\Users\ramti\Desktop\ramtin legion pc\article_project\data\raw\pdraw_wave\test\parkinson\V08PO01.png,1,0.510515,0
pdraw_wave,resnet50,clean,0,C:\Users\ramti\Desktop\ramtin legion pc\article_project\data\raw\pdraw_wave\test\parkinson\V09PO01.png,1,0.677360,1
pdraw_wave,resnet50,clean,0,C:\Users\ramti\Desktop\ramtin legion pc\article_project\data\raw\pdraw_wave\test\parkinson\V10PO01.png,1,0.555176,1
pdraw_wave,resnet50,clean,0,C:\Users\ramti\Desktop\ramtin legion pc\article_project\data\raw\pdraw_wave\test\parkinson\V11PO01.png,1,0.533460,0
pdraw_wave,resnet50,clean,0,C:\Users\ramti\Desktop\ramtin legion pc\article_project\data\raw\pdraw_wave\test\parkinson\V14PO01.png,1,0.664264,1
pdraw_wave,resnet50,clean,0,C:\Users\ramti\Desktop\ramtin legion pc\article_project\data\raw\pdraw_wave\test\parkinson\V14PO03.png,1,0.667264,1
pdraw_wave,resnet50,jpeg_compression,1,C:\Users\ramti\Desktop\ramtin legion pc\article_project\data\raw\pdraw_wave\test\healthy\V01HO01.png,0,0.566202,1
pdraw_wave,resnet50,jpeg_compression,1,C:\Users\ramti\Desktop\ramtin legion pc\article_project\data\raw\pdraw_wave\test\healthy\V02HO01.png,0,0.515030,0
pdraw_wave,resnet50,jpeg_compression,1,C:\Users\ramti\Desktop\ramtin legion pc\article_project\data\raw\pdraw_wave\test\healthy\V03HO01.png,0,0.511713,0
pdraw_wave,resnet50,jpeg_compression,1,C:\Users\ramti\Desktop\ramtin legion pc\article_project\data\raw\pdraw_wave\test\healthy\V04HO01.png,0,0.498466,0
pdraw_wave,resnet50,jpeg_compression,1,C:\Users\ramti\Desktop\ramtin legion pc\article_project\data\raw\pdraw_wave\test\healthy\V05HO01.png,0,0.551233,1
pdraw_wave,resnet50,jpeg_compression,1,C:\Users\ramti\Desktop\ramtin legion pc\article_project\data\raw\pdraw_wave\test\healthy\V06HO01.png,0,0.562732,1
pdraw_wave,resnet50,jpeg_compression,1,C:\Users\ramti\Desktop\ramtin legion pc\article_project\data\raw\pdraw_wave\test\healthy\V07HO01.png,0,0.484003,0
pdraw_wave,resnet50,jpeg_compression,1,C:\Users\ramti\Desktop\ramtin legion pc\article_project\data\raw\pdraw_wave\test\healthy\V08HO01.png,0,0.489210,0
pdraw_wave,resnet50,jpeg_compression,1,C:\Users\ramti\Desktop\ramtin legion pc\article_project\data\raw\pdraw_wave\test\healthy\V09HO01.png,0,0.521777,0
pdraw_wave,resnet50,jpeg_compression,1,C:\Users\ramti\Desktop\ramtin legion pc\article_project\data\raw\pdraw_wave\test\healthy\V10HO01.png,0,0.539903,0
pdraw_wave,resnet50,jpeg_compression,1,C:\Users\ramti\Desktop\ramtin legion pc\article_project\data\raw\pdraw_wave\test\healthy\V11HO01.png,0,0.470216,0
pdraw_wave,resnet50,jpeg_compression,1,C:\Users\ramti\Desktop\ramtin legion pc\article_project\data\raw\pdraw_wave\test\healthy\V55HO08.png,0,0.522441,0
pdraw_wave,resnet50,jpeg_compression,1,C:\Users\ramti\Desktop\ramtin legion pc\article_project\data\raw\pdraw_wave\test\healthy\V55HO09.png,0,0.523392,0
pdraw_wave,resnet50,jpeg_compression,1,C:\Users\ramti\Desktop\ramtin legion pc\article_project\data\raw\pdraw_wave\test\healthy\V55HO10.png,0,0.497938,0
pdraw_wave,resnet50,jpeg_compression,1,C:\Users\ramti\Desktop\ramtin legion pc\article_project\data\raw\pdraw_wave\test\healthy\V55HO11.png,0,0.548448,0
pdraw_wave,resnet50,jpeg_compression,1,C:\Users\ramti\Desktop\ramtin legion pc\article_project\data\raw\pdraw_wave\test\parkinson\V01PO01.png,1,0.546977,0
pdraw_wave,resnet50,jpeg_compression,1,C:\Users\ramti\Desktop\ramtin legion pc\article_project\data\raw\pdraw_wave\test\parkinson\V02PO01.png,1,0.601112,1
pdraw_wave,resnet50,jpeg_compression,1,C:\Users\ramti\Desktop\ramtin legion pc\article_project\data\raw\pdraw_wave\test\parkinson\V03PO01.png,1,0.690126,1
pdraw_wave,resnet50,jpeg_compression,1,C:\Users\ramti\Desktop\ramtin legion pc\article_project\data\raw\pdraw_wave\test\parkinson\V03PO04.png,1,0.706955,1
pdraw_wave,resnet50,jpeg_compression,1,C:\Users\ramti\Desktop\ramtin legion pc\article_project\data\raw\pdraw_wave\test\parkinson\V03PO07.png,1,0.665333,1
pdraw_wave,resnet50,jpeg_compression,1,C:\Users\ramti\Desktop\ramtin legion pc\article_project\data\raw\pdraw_wave\test\parkinson\V04PO01.png,1,0.689215,1
pdraw_wave,resnet50,jpeg_compression,1,C:\Users\ramti\Desktop\ramtin legion pc\article_project\data\raw\pdraw_wave\test\parkinson\V05PO01.png,1,0.673755,1
pdraw_wave,resnet50,jpeg_compression,1,C:\Users\ramti\Desktop\ramtin legion pc\article_project\data\raw\pdraw_wave\test\parkinson\V06PO01.png,1,0.643136,1
pdraw_wave,resnet50,jpeg_compression,1,C:\Users\ramti\Desktop\ramtin legion pc\article_project\data\raw\pdraw_wave\test\parkinson\V07PO01.png,1,0.701889,1
pdraw_wave,resnet50,jpeg_compression,1,C:\Users\ramti\Desktop\ramtin legion pc\article_project\data\raw\pdraw_wave\test\parkinson\V08PO01.png,1,0.506045,0
pdraw_wave,resnet50,jpeg_compression,1,C:\Users\ramti\Desktop\ramtin legion pc\article_project\data\raw\pdraw_wave\test\parkinson\V09PO01.png,1,0.675206,1
pdraw_wave,resnet50,jpeg_compression,1,C:\Users\ramti\Desktop\ramtin legion pc\article_project\data\raw\pdraw_wave\test\parkinson\V10PO01.png,1,0.550496,1
pdraw_wave,resnet50,jpeg_compression,1,C:\Users\ramti\Desktop\ramtin legion pc\article_project\data\raw\pdraw_wave\test\parkinson\V11PO01.png,1,0.532427,0
pdraw_wave,resnet50,jpeg_compression,1,C:\Users\ramti\Desktop\ramtin legion pc\article_project\data\raw\pdraw_wave\test\parkinson\V14PO01.png,1,0.664520,1
pdraw_wave,resnet50,jpeg_compression,1,C:\Users\ramti\Desktop\ramtin legion pc\article_project\data\raw\pdraw_wave\test\parkinson\V14PO03.png,1,0.665120,1
pdraw_wave,resnet50,jpeg_compression,2,C:\Users\ramti\Desktop\ramtin legion pc\article_project\data\raw\pdraw_wave\test\healthy\V01HO01.png,0,0.551658,1
pdraw_wave,resnet50,jpeg_compression,2,C:\Users\ramti\Desktop\ramtin legion pc\article_project\data\raw\pdraw_wave\test\healthy\V02HO01.png,0,0.525627,0
pdraw_wave,resnet50,jpeg_compression,2,C:\Users\ramti\Desktop\ramtin legion pc\article_project\data\raw\pdraw_wave\test\healthy\V03HO01.png,0,0.517506,0
pdraw_wave,resnet50,jpeg_compression,2,C:\Users\ramti\Desktop\ramtin legion pc\article_project\data\raw\pdraw_wave\test\healthy\V04HO01.png,0,0.492062,0
pdraw_wave,resnet50,jpeg_compression,2,C:\Users\ramti\Desktop\ramtin legion pc\article_project\data\raw\pdraw_wave\test\healthy\V05HO01.png,0,0.551740,1
pdraw_wave,resnet50,jpeg_compression,2,C:\Users\ramti\Desktop\ramtin legion pc\article_project\data\raw\pdraw_wave\test\healthy\V06HO01.png,0,0.563519,1
pdraw_wave,resnet50,jpeg_compression,2,C:\Users\ramti\Desktop\ramtin legion pc\article_project\data\raw\pdraw_wave\test\healthy\V07HO01.png,0,0.487713,0
pdraw_wave,resnet50,jpeg_compression,2,C:\Users\ramti\Desktop\ramtin legion pc\article_project\data\raw\pdraw_wave\test\healthy\V08HO01.png,0,0.500774,0
pdraw_wave,resnet50,jpeg_compression,2,C:\Users\ramti\Desktop\ramtin legion pc\article_project\data\raw\pdraw_wave\test\healthy\V09HO01.png,0,0.527576,0
pdraw_wave,resnet50,jpeg_compression,2,C:\Users\ramti\Desktop\ramtin legion pc\article_project\data\raw\pdraw_wave\test\healthy\V10HO01.png,0,0.533756,0
pdraw_wave,resnet50,jpeg_compression,2,C:\Users\ramti\Desktop\ramtin legion pc\article_project\data\raw\pdraw_wave\test\healthy\V11HO01.png,0,0.477568,0
pdraw_wave,resnet50,jpeg_compression,2,C:\Users\ramti\Desktop\ramtin legion pc\article_project\data\raw\pdraw_wave\test\healthy\V55HO08.png,0,0.514562,0
pdraw_wave,resnet50,jpeg_compression,2,C:\Users\ramti\Desktop\ramtin legion pc\article_project\data\raw\pdraw_wave\test\healthy\V55HO09.png,0,0.519550,0
pdraw_wave,resnet50,jpeg_compression,2,C:\Users\ramti\Desktop\ramtin legion pc\article_project\data\raw\pdraw_wave\test\healthy\V55HO10.png,0,0.501218,0
pdraw_wave,resnet50,jpeg_compression,2,C:\Users\ramti\Desktop\ramtin legion pc\article_project\data\raw\pdraw_wave\test\healthy\V55HO11.png,0,0.552226,1
pdraw_wave,resnet50,jpeg_compression,2,C:\Users\ramti\Desktop\ramtin legion pc\article_project\data\raw\pdraw_wave\test\parkinson\V01PO01.png,1,0.556160,1
pdraw_wave,resnet50,jpeg_compression,2,C:\Users\ramti\Desktop\ramtin legion pc\article_project\data\raw\pdraw_wave\test\parkinson\V02PO01.png,1,0.589288,1
pdraw_wave,resnet50,jpeg_compression,2,C:\Users\ramti\Desktop\ramtin legion pc\article_project\data\raw\pdraw_wave\test\parkinson\V03PO01.png,1,0.693441,1
pdraw_wave,resnet50,jpeg_compression,2,C:\Users\ramti\Desktop\ramtin legion pc\article_project\data\raw\pdraw_wave\test\parkinson\V03PO04.png,1,0.693743,1
pdraw_wave,resnet50,jpeg_compression,2,C:\Users\ramti\Desktop\ramtin legion pc\article_project\data\raw\pdraw_wave\test\parkinson\V03PO07.png,1,0.672558,1
pdraw_wave,resnet50,jpeg_compression,2,C:\Users\ramti\Desktop\ramtin legion pc\article_project\data\raw\pdraw_wave\test\parkinson\V04PO01.png,1,0.690498,1
pdraw_wave,resnet50,jpeg_compression,2,C:\Users\ramti\Desktop\ramtin legion pc\article_project\data\raw\pdraw_wave\test\parkinson\V05PO01.png,1,0.676823,1
pdraw_wave,resnet50,jpeg_compression,2,C:\Users\ramti\Desktop\ramtin legion pc\article_project\data\raw\pdraw_wave\test\parkinson\V06PO01.png,1,0.649970,1
pdraw_wave,resnet50,jpeg_compression,2,C:\Users\ramti\Desktop\ramtin legion pc\article_project\data\raw\pdraw_wave\test\parkinson\V07PO01.png,1,0.705248,1
pdraw_wave,resnet50,jpeg_compression,2,C:\Users\ramti\Desktop\ramtin legion pc\article_project\data\raw\pdraw_wave\test\parkinson\V08PO01.png,1,0.501250,0
pdraw_wave,resnet50,jpeg_compression,2,C:\Users\ramti\Desktop\ramtin legion pc\article_project\data\raw\pdraw_wave\test\parkinson\V09PO01.png,1,0.672990,1
pdraw_wave,resnet50,jpeg_compression,2,C:\Users\ramti\Desktop\ramtin legion pc\article_project\data\raw\pdraw_wave\test\parkinson\V10PO01.png,1,0.569172,1
pdraw_wave,resnet50,jpeg_compression,2,C:\Users\ramti\Desktop\ramtin legion pc\article_project\data\raw\pdraw_wave\test\parkinson\V11PO01.png,1,0.536215,0
pdraw_wave,resnet50,jpeg_compression,2,C:\Users\ramti\Desktop\ramtin legion pc\article_project\data\raw\pdraw_wave\test\parkinson\V14PO01.png,1,0.655373,1
pdraw_wave,resnet50,jpeg_compression,2,C:\Users\ramti\Desktop\ramtin legion pc\article_project\data\raw\pdraw_wave\test\parkinson\V14PO03.png,1,0.660151,1
pdraw_wave,resnet50,jpeg_compression,3,C:\Users\ramti\Desktop\ramtin legion pc\article_project\data\raw\pdraw_wave\test\healthy\V01HO01.png,0,0.561862,1
pdraw_wave,resnet50,jpeg_compression,3,C:\Users\ramti\Desktop\ramtin legion pc\article_project\data\raw\pdraw_wave\test\healthy\V02HO01.png,0,0.518461,0
pdraw_wave,resnet50,jpeg_compression,3,C:\Users\ramti\Desktop\ramtin legion pc\article_project\data\raw\pdraw_wave\test\healthy\V03HO01.png,0,0.510764,0
pdraw_wave,resnet50,jpeg_compression,3,C:\Users\ramti\Desktop\ramtin legion pc\article_project\data\raw\pdraw_wave\test\healthy\V04HO01.png,0,0.486987,0
pdraw_wave,resnet50,jpeg_compression,3,C:\Users\ramti\Desktop\ramtin legion pc\article_project\data\raw\pdraw_wave\test\healthy\V05HO01.png,0,0.549604,0
pdraw_wave,resnet50,jpeg_compression,3,C:\Users\ramti\Desktop\ramtin legion pc\article_project\data\raw\pdraw_wave\test\healthy\V06HO01.png,0,0.578375,1
pdraw_wave,resnet50,jpeg_compression,3,C:\Users\ramti\Desktop\ramtin legion pc\article_project\data\raw\pdraw_wave\test\healthy\V07HO01.png,0,0.488262,0
pdraw_wave,resnet50,jpeg_compression,3,C:\Users\ramti\Desktop\ramtin legion pc\article_project\data\raw\pdraw_wave\test\healthy\V08HO01.png,0,0.504310,0
pdraw_wave,resnet50,jpeg_compression,3,C:\Users\ramti\Desktop\ramtin legion pc\article_project\data\raw\pdraw_wave\test\healthy\V09HO01.png,0,0.528810,0
pdraw_wave,resnet50,jpeg_compression,3,C:\Users\ramti\Desktop\ramtin legion pc\article_project\data\raw\pdraw_wave\test\healthy\V10HO01.png,0,0.534328,0
pdraw_wave,resnet50,jpeg_compression,3,C:\Users\ramti\Desktop\ramtin legion pc\article_project\data\raw\pdraw_wave\test\healthy\V11HO01.png,0,0.481962,0
pdraw_wave,resnet50,jpeg_compression,3,C:\Users\ramti\Desktop\ramtin legion pc\article_project\data\raw\pdraw_wave\test\healthy\V55HO08.png,0,0.528361,0
pdraw_wave,resnet50,jpeg_compression,3,C:\Users\ramti\Desktop\ramtin legion pc\article_project\data\raw\pdraw_wave\test\healthy\V55HO09.png,0,0.527031,0
pdraw_wave,resnet50,jpeg_compression,3,C:\Users\ramti\Desktop\ramtin legion pc\article_project\data\raw\pdraw_wave\test\healthy\V55HO10.png,0,0.491394,0
pdraw_wave,resnet50,jpeg_compression,3,C:\Users\ramti\Desktop\ramtin legion pc\article_project\data\raw\pdraw_wave\test\healthy\V55HO11.png,0,0.548801,0
pdraw_wave,resnet50,jpeg_compression,3,C:\Users\ramti\Desktop\ramtin legion pc\article_project\data\raw\pdraw_wave\test\parkinson\V01PO01.png,1,0.563089,1
pdraw_wave,resnet50,jpeg_compression,3,C:\Users\ramti\Desktop\ramtin legion pc\article_project\data\raw\pdraw_wave\test\parkinson\V02PO01.png,1,0.587782,1
pdraw_wave,resnet50,jpeg_compression,3,C:\Users\ramti\Desktop\ramtin legion pc\article_project\data\raw\pdraw_wave\test\parkinson\V03PO01.png,1,0.699836,1
pdraw_wave,resnet50,jpeg_compression,3,C:\Users\ramti\Desktop\ramtin legion pc\article_project\data\raw\pdraw_wave\test\parkinson\V03PO04.png,1,0.696521,1
pdraw_wave,resnet50,jpeg_compression,3,C:\Users\ramti\Desktop\ramtin legion pc\article_project\data\raw\pdraw_wave\test\parkinson\V03PO07.png,1,0.672104,1
pdraw_wave,resnet50,jpeg_compression,3,C:\Users\ramti\Desktop\ramtin legion pc\article_project\data\raw\pdraw_wave\test\parkinson\V04PO01.png,1,0.696337,1
pdraw_wave,resnet50,jpeg_compression,3,C:\Users\ramti\Desktop\ramtin legion pc\article_project\data\raw\pdraw_wave\test\parkinson\V05PO01.png,1,0.671764,1
pdraw_wave,resnet50,jpeg_compression,3,C:\Users\ramti\Desktop\ramtin legion pc\article_project\data\raw\pdraw_wave\test\parkinson\V06PO01.png,1,0.643506,1
pdraw_wave,resnet50,jpeg_compression,3,C:\Users\ramti\Desktop\ramtin legion pc\article_project\data\raw\pdraw_wave\test\parkinson\V07PO01.png,1,0.700668,1
pdraw_wave,resnet50,jpeg_compression,3,C:\Users\ramti\Desktop\ramtin legion pc\article_project\data\raw\pdraw_wave\test\parkinson\V08PO01.png,1,0.501667,0
pdraw_wave,resnet50,jpeg_compression,3,C:\Users\ramti\Desktop\ramtin legion pc\article_project\data\raw\pdraw_wave\test\parkinson\V09PO01.png,1,0.685611,1
pdraw_wave,resnet50,jpeg_compression,3,C:\Users\ramti\Desktop\ramtin legion pc\article_project\data\raw\pdraw_wave\test\parkinson\V10PO01.png,1,0.580243,1
pdraw_wave,resnet50,jpeg_compression,3,C:\Users\ramti\Desktop\ramtin legion pc\article_project\data\raw\pdraw_wave\test\parkinson\V11PO01.png,1,0.543063,0
pdraw_wave,resnet50,jpeg_compression,3,C:\Users\ramti\Desktop\ramtin legion pc\article_project\data\raw\pdraw_wave\test\parkinson\V14PO01.png,1,0.655078,1
pdraw_wave,resnet50,jpeg_compression,3,C:\Users\ramti\Desktop\ramtin legion pc\article_project\data\raw\pdraw_wave\test\parkinson\V14PO03.png,1,0.661604,1
pdraw_wave,resnet50,jpeg_compression,4,C:\Users\ramti\Desktop\ramtin legion pc\article_project\data\raw\pdraw_wave\test\healthy\V01HO01.png,0,0.559142,1
pdraw_wave,resnet50,jpeg_compression,4,C:\Users\ramti\Desktop\ramtin legion pc\article_project\data\raw\pdraw_wave\test\healthy\V02HO01.png,0,0.507519,0
pdraw_wave,resnet50,jpeg_compression,4,C:\Users\ramti\Desktop\ramtin legion pc\article_project\data\raw\pdraw_wave\test\healthy\V03HO01.png,0,0.520077,0
pdraw_wave,resnet50,jpeg_compression,4,C:\Users\ramti\Desktop\ramtin legion pc\article_project\data\raw\pdraw_wave\test\healthy\V04HO01.png,0,0.504433,0
pdraw_wave,resnet50,jpeg_compression,4,C:\Users\ramti\Desktop\ramtin legion pc\article_project\data\raw\pdraw_wave\test\healthy\V05HO01.png,0,0.564160,1
pdraw_wave,resnet50,jpeg_compression,4,C:\Users\ramti\Desktop\ramtin legion pc\article_project\data\raw\pdraw_wave\test\healthy\V06HO01.png,0,0.570186,1
pdraw_wave,resnet50,jpeg_compression,4,C:\Users\ramti\Desktop\ramtin legion pc\article_project\data\raw\pdraw_wave\test\healthy\V07HO01.png,0,0.495307,0
pdraw_wave,resnet50,jpeg_compression,4,C:\Users\ramti\Desktop\ramtin legion pc\article_project\data\raw\pdraw_wave\test\healthy\V08HO01.png,0,0.505742,0
pdraw_wave,resnet50,jpeg_compression,4,C:\Users\ramti\Desktop\ramtin legion pc\article_project\data\raw\pdraw_wave\test\healthy\V09HO01.png,0,0.520905,0
pdraw_wave,resnet50,jpeg_compression,4,C:\Users\ramti\Desktop\ramtin legion pc\article_project\data\raw\pdraw_wave\test\healthy\V10HO01.png,0,0.520074,0
pdraw_wave,resnet50,jpeg_compression,4,C:\Users\ramti\Desktop\ramtin legion pc\article_project\data\raw\pdraw_wave\test\healthy\V11HO01.png,0,0.499748,0
pdraw_wave,resnet50,jpeg_compression,4,C:\Users\ramti\Desktop\ramtin legion pc\article_project\data\raw\pdraw_wave\test\healthy\V55HO08.png,0,0.527547,0
pdraw_wave,resnet50,jpeg_compression,4,C:\Users\ramti\Desktop\ramtin legion pc\article_project\data\raw\pdraw_wave\test\healthy\V55HO09.png,0,0.526212,0
pdraw_wave,resnet50,jpeg_compression,4,C:\Users\ramti\Desktop\ramtin legion pc\article_project\data\raw\pdraw_wave\test\healthy\V55HO10.png,0,0.489683,0
pdraw_wave,resnet50,jpeg_compression,4,C:\Users\ramti\Desktop\ramtin legion pc\article_project\data\raw\pdraw_wave\test\healthy\V55HO11.png,0,0.571699,1
pdraw_wave,resnet50,jpeg_compression,4,C:\Users\ramti\Desktop\ramtin legion pc\article_project\data\raw\pdraw_wave\test\parkinson\V01PO01.png,1,0.558274,1
pdraw_wave,resnet50,jpeg_compression,4,C:\Users\ramti\Desktop\ramtin legion pc\article_project\data\raw\pdraw_wave\test\parkinson\V02PO01.png,1,0.586282,1
pdraw_wave,resnet50,jpeg_compression,4,C:\Users\ramti\Desktop\ramtin legion pc\article_project\data\raw\pdraw_wave\test\parkinson\V03PO01.png,1,0.693411,1
pdraw_wave,resnet50,jpeg_compression,4,C:\Users\ramti\Desktop\ramtin legion pc\article_project\data\raw\pdraw_wave\test\parkinson\V03PO04.png,1,0.684469,1
pdraw_wave,resnet50,jpeg_compression,4,C:\Users\ramti\Desktop\ramtin legion pc\article_project\data\raw\pdraw_wave\test\parkinson\V03PO07.png,1,0.674932,1
pdraw_wave,resnet50,jpeg_compression,4,C:\Users\ramti\Desktop\ramtin legion pc\article_project\data\raw\pdraw_wave\test\parkinson\V04PO01.png,1,0.678454,1
pdraw_wave,resnet50,jpeg_compression,4,C:\Users\ramti\Desktop\ramtin legion pc\article_project\data\raw\pdraw_wave\test\parkinson\V05PO01.png,1,0.661599,1
pdraw_wave,resnet50,jpeg_compression,4,C:\Users\ramti\Desktop\ramtin legion pc\article_project\data\raw\pdraw_wave\test\parkinson\V06PO01.png,1,0.645026,1
pdraw_wave,resnet50,jpeg_compression,4,C:\Users\ramti\Desktop\ramtin legion pc\article_project\data\raw\pdraw_wave\test\parkinson\V07PO01.png,1,0.695490,1
pdraw_wave,resnet50,jpeg_compression,4,C:\Users\ramti\Desktop\ramtin legion pc\article_project\data\raw\pdraw_wave\test\parkinson\V08PO01.png,1,0.522747,0
pdraw_wave,resnet50,jpeg_compression,4,C:\Users\ramti\Desktop\ramtin legion pc\article_project\data\raw\pdraw_wave\test\parkinson\V09PO01.png,1,0.682580,1
pdraw_wave,resnet50,jpeg_compression,4,C:\Users\ramti\Desktop\ramtin legion pc\article_project\data\raw\pdraw_wave\test\parkinson\V10PO01.png,1,0.577422,1
pdraw_wave,resnet50,jpeg_compression,4,C:\Users\ramti\Desktop\ramtin legion pc\article_project\data\raw\pdraw_wave\test\parkinson\V11PO01.png,1,0.538902,0
pdraw_wave,resnet50,jpeg_compression,4,C:\Users\ramti\Desktop\ramtin legion pc\article_project\data\raw\pdraw_wave\test\parkinson\V14PO01.png,1,0.641467,1
pdraw_wave,resnet50,jpeg_compression,4,C:\Users\ramti\Desktop\ramtin legion pc\article_project\data\raw\pdraw_wave\test\parkinson\V14PO03.png,1,0.654632,1
pdraw_wave,resnet50,jpeg_compression,5,C:\Users\ramti\Desktop\ramtin legion pc\article_project\data\raw\pdraw_wave\test\healthy\V01HO01.png,0,0.572968,1
pdraw_wave,resnet50,jpeg_compression,5,C:\Users\ramti\Desktop\ramtin legion pc\article_project\data\raw\pdraw_wave\test\healthy\V02HO01.png,0,0.500671,0
pdraw_wave,resnet50,jpeg_compression,5,C:\Users\ramti\Desktop\ramtin legion pc\article_project\data\raw\pdraw_wave\test\healthy\V03HO01.png,0,0.506588,0
pdraw_wave,resnet50,jpeg_compression,5,C:\Users\ramti\Desktop\ramtin legion pc\article_project\data\raw\pdraw_wave\test\healthy\V04HO01.png,0,0.526583,0
pdraw_wave,resnet50,jpeg_compression,5,C:\Users\ramti\Desktop\ramtin legion pc\article_project\data\raw\pdraw_wave\test\healthy\V05HO01.png,0,0.543384,0
pdraw_wave,resnet50,jpeg_compression,5,C:\Users\ramti\Desktop\ramtin legion pc\article_project\data\raw\pdraw_wave\test\healthy\V06HO01.png,0,0.546376,0
pdraw_wave,resnet50,jpeg_compression,5,C:\Users\ramti\Desktop\ramtin legion pc\article_project\data\raw\pdraw_wave\test\healthy\V07HO01.png,0,0.507808,0
pdraw_wave,resnet50,jpeg_compression,5,C:\Users\ramti\Desktop\ramtin legion pc\article_project\data\raw\pdraw_wave\test\healthy\V08HO01.png,0,0.498156,0
pdraw_wave,resnet50,jpeg_compression,5,C:\Users\ramti\Desktop\ramtin legion pc\article_project\data\raw\pdraw_wave\test\healthy\V09HO01.png,0,0.542475,0
pdraw_wave,resnet50,jpeg_compression,5,C:\Users\ramti\Desktop\ramtin legion pc\article_project\data\raw\pdraw_wave\test\healthy\V10HO01.png,0,0.567250,1
pdraw_wave,resnet50,jpeg_compression,5,C:\Users\ramti\Desktop\ramtin legion pc\article_project\data\raw\pdraw_wave\test\healthy\V11HO01.png,0,0.492092,0
pdraw_wave,resnet50,jpeg_compression,5,C:\Users\ramti\Desktop\ramtin legion pc\article_project\data\raw\pdraw_wave\test\healthy\V55HO08.png,0,0.545934,0
pdraw_wave,resnet50,jpeg_compression,5,C:\Users\ramti\Desktop\ramtin legion pc\article_project\data\raw\pdraw_wave\test\healthy\V55HO09.png,0,0.508326,0
pdraw_wave,resnet50,jpeg_compression,5,C:\Users\ramti\Desktop\ramtin legion pc\article_project\data\raw\pdraw_wave\test\healthy\V55HO10.png,0,0.472263,0
pdraw_wave,resnet50,jpeg_compression,5,C:\Users\ramti\Desktop\ramtin legion pc\article_project\data\raw\pdraw_wave\test\healthy\V55HO11.png,0,0.581229,1
pdraw_wave,resnet50,jpeg_compression,5,C:\Users\ramti\Desktop\ramtin legion pc\article_project\data\raw\pdraw_wave\test\parkinson\V01PO01.png,1,0.567949,1
pdraw_wave,resnet50,jpeg_compression,5,C:\Users\ramti\Desktop\ramtin legion pc\article_project\data\raw\pdraw_wave\test\parkinson\V02PO01.png,1,0.574589,1
pdraw_wave,resnet50,jpeg_compression,5,C:\Users\ramti\Desktop\ramtin legion pc\article_project\data\raw\pdraw_wave\test\parkinson\V03PO01.png,1,0.667708,1
pdraw_wave,resnet50,jpeg_compression,5,C:\Users\ramti\Desktop\ramtin legion pc\article_project\data\raw\pdraw_wave\test\parkinson\V03PO04.png,1,0.669550,1
pdraw_wave,resnet50,jpeg_compression,5,C:\Users\ramti\Desktop\ramtin legion pc\article_project\data\raw\pdraw_wave\test\parkinson\V03PO07.png,1,0.676608,1
pdraw_wave,resnet50,jpeg_compression,5,C:\Users\ramti\Desktop\ramtin legion pc\article_project\data\raw\pdraw_wave\test\parkinson\V04PO01.png,1,0.640929,1
pdraw_wave,resnet50,jpeg_compression,5,C:\Users\ramti\Desktop\ramtin legion pc\article_project\data\raw\pdraw_wave\test\parkinson\V05PO01.png,1,0.664300,1
pdraw_wave,resnet50,jpeg_compression,5,C:\Users\ramti\Desktop\ramtin legion pc\article_project\data\raw\pdraw_wave\test\parkinson\V06PO01.png,1,0.617262,1
pdraw_wave,resnet50,jpeg_compression,5,C:\Users\ramti\Desktop\ramtin legion pc\article_project\data\raw\pdraw_wave\test\parkinson\V07PO01.png,1,0.675249,1
pdraw_wave,resnet50,jpeg_compression,5,C:\Users\ramti\Desktop\ramtin legion pc\article_project\data\raw\pdraw_wave\test\parkinson\V08PO01.png,1,0.539821,0
pdraw_wave,resnet50,jpeg_compression,5,C:\Users\ramti\Desktop\ramtin legion pc\article_project\data\raw\pdraw_wave\test\parkinson\V09PO01.png,1,0.671870,1
pdraw_wave,resnet50,jpeg_compression,5,C:\Users\ramti\Desktop\ramtin legion pc\article_project\data\raw\pdraw_wave\test\parkinson\V10PO01.png,1,0.602378,1
pdraw_wave,resnet50,jpeg_compression,5,C:\Users\ramti\Desktop\ramtin legion pc\article_project\data\raw\pdraw_wave\test\parkinson\V11PO01.png,1,0.569022,1
pdraw_wave,resnet50,jpeg_compression,5,C:\Users\ramti\Desktop\ramtin legion pc\article_project\data\raw\pdraw_wave\test\parkinson\V14PO01.png,1,0.662659,1
pdraw_wave,resnet50,jpeg_compression,5,C:\Users\ramti\Desktop\ramtin legion pc\article_project\data\raw\pdraw_wave\test\parkinson\V14PO03.png,1,0.639314,1
pdraw_wave,resnet50,gaussian_blur,1,C:\Users\ramti\Desktop\ramtin legion pc\article_project\data\raw\pdraw_wave\test\healthy\V01HO01.png,0,0.569913,1
pdraw_wave,resnet50,gaussian_blur,1,C:\Users\ramti\Desktop\ramtin legion pc\article_project\data\raw\pdraw_wave\test\healthy\V02HO01.png,0,0.507828,0
pdraw_wave,resnet50,gaussian_blur,1,C:\Users\ramti\Desktop\ramtin legion pc\article_project\data\raw\pdraw_wave\test\healthy\V03HO01.png,0,0.522481,0
pdraw_wave,resnet50,gaussian_blur,1,C:\Users\ramti\Desktop\ramtin legion pc\article_project\data\raw\pdraw_wave\test\healthy\V04HO01.png,0,0.504109,0
pdraw_wave,resnet50,gaussian_blur,1,C:\Users\ramti\Desktop\ramtin legion pc\article_project\data\raw\pdraw_wave\test\healthy\V05HO01.png,0,0.566064,1
pdraw_wave,resnet50,gaussian_blur,1,C:\Users\ramti\Desktop\ramtin legion pc\article_project\data\raw\pdraw_wave\test\healthy\V06HO01.png,0,0.557834,1
pdraw_wave,resnet50,gaussian_blur,1,C:\Users\ramti\Desktop\ramtin legion pc\article_project\data\raw\pdraw_wave\test\healthy\V07HO01.png,0,0.483925,0
pdraw_wave,resnet50,gaussian_blur,1,C:\Users\ramti\Desktop\ramtin legion pc\article_project\data\raw\pdraw_wave\test\healthy\V08HO01.png,0,0.509954,0
pdraw_wave,resnet50,gaussian_blur,1,C:\Users\ramti\Desktop\ramtin legion pc\article_project\data\raw\pdraw_wave\test\healthy\V09HO01.png,0,0.516271,0
pdraw_wave,resnet50,gaussian_blur,1,C:\Users\ramti\Desktop\ramtin legion pc\article_project\data\raw\pdraw_wave\test\healthy\V10HO01.png,0,0.541962,0
pdraw_wave,resnet50,gaussian_blur,1,C:\Users\ramti\Desktop\ramtin legion pc\article_project\data\raw\pdraw_wave\test\healthy\V11HO01.png,0,0.492552,0
pdraw_wave,resnet50,gaussian_blur,1,C:\Users\ramti\Desktop\ramtin legion pc\article_project\data\raw\pdraw_wave\test\healthy\V55HO08.png,0,0.518103,0
pdraw_wave,resnet50,gaussian_blur,1,C:\Users\ramti\Desktop\ramtin legion pc\article_project\data\raw\pdraw_wave\test\healthy\V55HO09.png,0,0.528457,0
pdraw_wave,resnet50,gaussian_blur,1,C:\Users\ramti\Desktop\ramtin legion pc\article_project\data\raw\pdraw_wave\test\healthy\V55HO10.png,0,0.498993,0
pdraw_wave,resnet50,gaussian_blur,1,C:\Users\ramti\Desktop\ramtin legion pc\article_project\data\raw\pdraw_wave\test\healthy\V55HO11.png,0,0.565615,1
pdraw_wave,resnet50,gaussian_blur,1,C:\Users\ramti\Desktop\ramtin legion pc\article_project\data\raw\pdraw_wave\test\parkinson\V01PO01.png,1,0.557851,1
pdraw_wave,resnet50,gaussian_blur,1,C:\Users\ramti\Desktop\ramtin legion pc\article_project\data\raw\pdraw_wave\test\parkinson\V02PO01.png,1,0.615758,1
pdraw_wave,resnet50,gaussian_blur,1,C:\Users\ramti\Desktop\ramtin legion pc\article_project\data\raw\pdraw_wave\test\parkinson\V03PO01.png,1,0.707767,1
pdraw_wave,resnet50,gaussian_blur,1,C:\Users\ramti\Desktop\ramtin legion pc\article_project\data\raw\pdraw_wave\test\parkinson\V03PO04.png,1,0.688454,1
pdraw_wave,resnet50,gaussian_blur,1,C:\Users\ramti\Desktop\ramtin legion pc\article_project\data\raw\pdraw_wave\test\parkinson\V03PO07.png,1,0.668806,1
pdraw_wave,resnet50,gaussian_blur,1,C:\Users\ramti\Desktop\ramtin legion pc\article_project\data\raw\pdraw_wave\test\parkinson\V04PO01.png,1,0.680329,1
pdraw_wave,resnet50,gaussian_blur,1,C:\Users\ramti\Desktop\ramtin legion pc\article_project\data\raw\pdraw_wave\test\parkinson\V05PO01.png,1,0.677111,1
pdraw_wave,resnet50,gaussian_blur,1,C:\Users\ramti\Desktop\ramtin legion pc\article_project\data\raw\pdraw_wave\test\parkinson\V06PO01.png,1,0.626251,1
pdraw_wave,resnet50,gaussian_blur,1,C:\Users\ramti\Desktop\ramtin legion pc\article_project\data\raw\pdraw_wave\test\parkinson\V07PO01.png,1,0.713648,1
pdraw_wave,resnet50,gaussian_blur,1,C:\Users\ramti\Desktop\ramtin legion pc\article_project\data\raw\pdraw_wave\test\parkinson\V08PO01.png,1,0.507433,0
pdraw_wave,resnet50,gaussian_blur,1,C:\Users\ramti\Desktop\ramtin legion pc\article_project\data\raw\pdraw_wave\test\parkinson\V09PO01.png,1,0.687107,1
pdraw_wave,resnet50,gaussian_blur,1,C:\Users\ramti\Desktop\ramtin legion pc\article_project\data\raw\pdraw_wave\test\parkinson\V10PO01.png,1,0.585554,1
pdraw_wave,resnet50,gaussian_blur,1,C:\Users\ramti\Desktop\ramtin legion pc\article_project\data\raw\pdraw_wave\test\parkinson\V11PO01.png,1,0.544273,0
pdraw_wave,resnet50,gaussian_blur,1,C:\Users\ramti\Desktop\ramtin legion pc\article_project\data\raw\pdraw_wave\test\parkinson\V14PO01.png,1,0.646183,1
pdraw_wave,resnet50,gaussian_blur,1,C:\Users\ramti\Desktop\ramtin legion pc\article_project\data\raw\pdraw_wave\test\parkinson\V14PO03.png,1,0.685490,1
pdraw_wave,resnet50,gaussian_blur,2,C:\Users\ramti\Desktop\ramtin legion pc\article_project\data\raw\pdraw_wave\test\healthy\V01HO01.png,0,0.572599,1
pdraw_wave,resnet50,gaussian_blur,2,C:\Users\ramti\Desktop\ramtin legion pc\article_project\data\raw\pdraw_wave\test\healthy\V02HO01.png,0,0.503662,0
pdraw_wave,resnet50,gaussian_blur,2,C:\Users\ramti\Desktop\ramtin legion pc\article_project\data\raw\pdraw_wave\test\healthy\V03HO01.png,0,0.520660,0
pdraw_wave,resnet50,gaussian_blur,2,C:\Users\ramti\Desktop\ramtin legion pc\article_project\data\raw\pdraw_wave\test\healthy\V04HO01.png,0,0.517860,0
pdraw_wave,resnet50,gaussian_blur,2,C:\Users\ramti\Desktop\ramtin legion pc\article_project\data\raw\pdraw_wave\test\healthy\V05HO01.png,0,0.566428,1
pdraw_wave,resnet50,gaussian_blur,2,C:\Users\ramti\Desktop\ramtin legion pc\article_project\data\raw\pdraw_wave\test\healthy\V06HO01.png,0,0.552073,1
pdraw_wave,resnet50,gaussian_blur,2,C:\Users\ramti\Desktop\ramtin legion pc\article_project\data\raw\pdraw_wave\test\healthy\V07HO01.png,0,0.485509,0
pdraw_wave,resnet50,gaussian_blur,2,C:\Users\ramti\Desktop\ramtin legion pc\article_project\data\raw\pdraw_wave\test\healthy\V08HO01.png,0,0.519617,0
pdraw_wave,resnet50,gaussian_blur,2,C:\Users\ramti\Desktop\ramtin legion pc\article_project\data\raw\pdraw_wave\test\healthy\V09HO01.png,0,0.517198,0
pdraw_wave,resnet50,gaussian_blur,2,C:\Users\ramti\Desktop\ramtin legion pc\article_project\data\raw\pdraw_wave\test\healthy\V10HO01.png,0,0.532340,0
pdraw_wave,resnet50,gaussian_blur,2,C:\Users\ramti\Desktop\ramtin legion pc\article_project\data\raw\pdraw_wave\test\healthy\V11HO01.png,0,0.504887,0
pdraw_wave,resnet50,gaussian_blur,2,C:\Users\ramti\Desktop\ramtin legion pc\article_project\data\raw\pdraw_wave\test\healthy\V55HO08.png,0,0.517933,0
pdraw_wave,resnet50,gaussian_blur,2,C:\Users\ramti\Desktop\ramtin legion pc\article_project\data\raw\pdraw_wave\test\healthy\V55HO09.png,0,0.532248,0
pdraw_wave,resnet50,gaussian_blur,2,C:\Users\ramti\Desktop\ramtin legion pc\article_project\data\raw\pdraw_wave\test\healthy\V55HO10.png,0,0.503567,0
pdraw_wave,resnet50,gaussian_blur,2,C:\Users\ramti\Desktop\ramtin legion pc\article_project\data\raw\pdraw_wave\test\healthy\V55HO11.png,0,0.570220,1
pdraw_wave,resnet50,gaussian_blur,2,C:\Users\ramti\Desktop\ramtin legion pc\article_project\data\raw\pdraw_wave\test\parkinson\V01PO01.png,1,0.559234,1
pdraw_wave,resnet50,gaussian_blur,2,C:\Users\ramti\Desktop\ramtin legion pc\article_project\data\raw\pdraw_wave\test\parkinson\V02PO01.png,1,0.628880,1
pdraw_wave,resnet50,gaussian_blur,2,C:\Users\ramti\Desktop\ramtin legion pc\article_project\data\raw\pdraw_wave\test\parkinson\V03PO01.png,1,0.701597,1
pdraw_wave,resnet50,gaussian_blur,2,C:\Users\ramti\Desktop\ramtin legion pc\article_project\data\raw\pdraw_wave\test\parkinson\V03PO04.png,1,0.681823,1
pdraw_wave,resnet50,gaussian_blur,2,C:\Users\ramti\Desktop\ramtin legion pc\article_project\data\raw\pdraw_wave\test\parkinson\V03PO07.png,1,0.671441,1
pdraw_wave,resnet50,gaussian_blur,2,C:\Users\ramti\Desktop\ramtin legion pc\article_project\data\raw\pdraw_wave\test\parkinson\V04PO01.png,1,0.674244,1
pdraw_wave,resnet50,gaussian_blur,2,C:\Users\ramti\Desktop\ramtin legion pc\article_project\data\raw\pdraw_wave\test\parkinson\V05PO01.png,1,0.673660,1
pdraw_wave,resnet50,gaussian_blur,2,C:\Users\ramti\Desktop\ramtin legion pc\article_project\data\raw\pdraw_wave\test\parkinson\V06PO01.png,1,0.620096,1
pdraw_wave,resnet50,gaussian_blur,2,C:\Users\ramti\Desktop\ramtin legion pc\article_project\data\raw\pdraw_wave\test\parkinson\V07PO01.png,1,0.705046,1
pdraw_wave,resnet50,gaussian_blur,2,C:\Users\ramti\Desktop\ramtin legion pc\article_project\data\raw\pdraw_wave\test\parkinson\V08PO01.png,1,0.506749,0
pdraw_wave,resnet50,gaussian_blur,2,C:\Users\ramti\Desktop\ramtin legion pc\article_project\data\raw\pdraw_wave\test\parkinson\V09PO01.png,1,0.693134,1
pdraw_wave,resnet50,gaussian_blur,2,C:\Users\ramti\Desktop\ramtin legion pc\article_project\data\raw\pdraw_wave\test\parkinson\V10PO01.png,1,0.584691,1
pdraw_wave,resnet50,gaussian_blur,2,C:\Users\ramti\Desktop\ramtin legion pc\article_project\data\raw\pdraw_wave\test\parkinson\V11PO01.png,1,0.542630,0
pdraw_wave,resnet50,gaussian_blur,2,C:\Users\ramti\Desktop\ramtin legion pc\article_project\data\raw\pdraw_wave\test\parkinson\V14PO01.png,1,0.638497,1
pdraw_wave,resnet50,gaussian_blur,2,C:\Users\ramti\Desktop\ramtin legion pc\article_project\data\raw\pdraw_wave\test\parkinson\V14PO03.png,1,0.684999,1
pdraw_wave,resnet50,gaussian_blur,3,C:\Users\ramti\Desktop\ramtin legion pc\article_project\data\raw\pdraw_wave\test\healthy\V01HO01.png,0,0.565875,1
pdraw_wave,resnet50,gaussian_blur,3,C:\Users\ramti\Desktop\ramtin legion pc\article_project\data\raw\pdraw_wave\test\healthy\V02HO01.png,0,0.489053,0
pdraw_wave,resnet50,gaussian_blur,3,C:\Users\ramti\Desktop\ramtin legion pc\article_project\data\raw\pdraw_wave\test\healthy\V03HO01.png,0,0.517435,0
pdraw_wave,resnet50,gaussian_blur,3,C:\Users\ramti\Desktop\ramtin legion pc\article_project\data\raw\pdraw_wave\test\healthy\V04HO01.png,0,0.526464,0
pdraw_wave,resnet50,gaussian_blur,3,C:\Users\ramti\Desktop\ramtin legion pc\article_project\data\raw\pdraw_wave\test\healthy\V05HO01.png,0,0.584059,1
pdraw_wave,resnet50,gaussian_blur,3,C:\Users\ramti\Desktop\ramtin legion pc\article_project\data\raw\pdraw_wave\test\healthy\V06HO01.png,0,0.541876,0
pdraw_wave,resnet50,gaussian_blur,3,C:\Users\ramti\Desktop\ramtin legion pc\article_project\data\raw\pdraw_wave\test\healthy\V07HO01.png,0,0.494562,0
pdraw_wave,resnet50,gaussian_blur,3,C:\Users\ramti\Desktop\ramtin legion pc\article_project\data\raw\pdraw_wave\test\healthy\V08HO01.png,0,0.533587,0
pdraw_wave,resnet50,gaussian_blur,3,C:\Users\ramti\Desktop\ramtin legion pc\article_project\data\raw\pdraw_wave\test\healthy\V09HO01.png,0,0.527065,0
pdraw_wave,resnet50,gaussian_blur,3,C:\Users\ramti\Desktop\ramtin legion pc\article_project\data\raw\pdraw_wave\test\healthy\V10HO01.png,0,0.522264,0
pdraw_wave,resnet50,gaussian_blur,3,C:\Users\ramti\Desktop\ramtin legion pc\article_project\data\raw\pdraw_wave\test\healthy\V11HO01.png,0,0.521725,0
pdraw_wave,resnet50,gaussian_blur,3,C:\Users\ramti\Desktop\ramtin legion pc\article_project\data\raw\pdraw_wave\test\healthy\V55HO08.png,0,0.527049,0
pdraw_wave,resnet50,gaussian_blur,3,C:\Users\ramti\Desktop\ramtin legion pc\article_project\data\raw\pdraw_wave\test\healthy\V55HO09.png,0,0.536092,0
pdraw_wave,resnet50,gaussian_blur,3,C:\Users\ramti\Desktop\ramtin legion pc\article_project\data\raw\pdraw_wave\test\healthy\V55HO10.png,0,0.494696,0
pdraw_wave,resnet50,gaussian_blur,3,C:\Users\ramti\Desktop\ramtin legion pc\article_project\data\raw\pdraw_wave\test\healthy\V55HO11.png,0,0.567032,1
pdraw_wave,resnet50,gaussian_blur,3,C:\Users\ramti\Desktop\ramtin legion pc\article_project\data\raw\pdraw_wave\test\parkinson\V01PO01.png,1,0.560431,1
pdraw_wave,resnet50,gaussian_blur,3,C:\Users\ramti\Desktop\ramtin legion pc\article_project\data\raw\pdraw_wave\test\parkinson\V02PO01.png,1,0.645916,1
pdraw_wave,resnet50,gaussian_blur,3,C:\Users\ramti\Desktop\ramtin legion pc\article_project\data\raw\pdraw_wave\test\parkinson\V03PO01.png,1,0.686734,1
pdraw_wave,resnet50,gaussian_blur,3,C:\Users\ramti\Desktop\ramtin legion pc\article_project\data\raw\pdraw_wave\test\parkinson\V03PO04.png,1,0.682447,1
pdraw_wave,resnet50,gaussian_blur,3,C:\Users\ramti\Desktop\ramtin legion pc\article_project\data\raw\pdraw_wave\test\parkinson\V03PO07.png,1,0.672629,1
pdraw_wave,resnet50,gaussian_blur,3,C:\Users\ramti\Desktop\ramtin legion pc\article_project\data\raw\pdraw_wave\test\parkinson\V04PO01.png,1,0.667209,1
pdraw_wave,resnet50,gaussian_blur,3,C:\Users\ramti\Desktop\ramtin legion pc\article_project\data\raw\pdraw_wave\test\parkinson\V05PO01.png,1,0.670010,1
pdraw_wave,resnet50,gaussian_blur,3,C:\Users\ramti\Desktop\ramtin legion pc\article_project\data\raw\pdraw_wave\test\parkinson\V06PO01.png,1,0.616888,1
pdraw_wave,resnet50,gaussian_blur,3,C:\Users\ramti\Desktop\ramtin legion pc\article_project\data\raw\pdraw_wave\test\parkinson\V07PO01.png,1,0.696395,1
pdraw_wave,resnet50,gaussian_blur,3,C:\Users\ramti\Desktop\ramtin legion pc\article_project\data\raw\pdraw_wave\test\parkinson\V08PO01.png,1,0.507895,0
pdraw_wave,resnet50,gaussian_blur,3,C:\Users\ramti\Desktop\ramtin legion pc\article_project\data\raw\pdraw_wave\test\parkinson\V09PO01.png,1,0.699195,1
pdraw_wave,resnet50,gaussian_blur,3,C:\Users\ramti\Desktop\ramtin legion pc\article_project\data\raw\pdraw_wave\test\parkinson\V10PO01.png,1,0.591135,1
pdraw_wave,resnet50,gaussian_blur,3,C:\Users\ramti\Desktop\ramtin legion pc\article_project\data\raw\pdraw_wave\test\parkinson\V11PO01.png,1,0.546881,0
pdraw_wave,resnet50,gaussian_blur,3,C:\Users\ramti\Desktop\ramtin legion pc\article_project\data\raw\pdraw_wave\test\parkinson\V14PO01.png,1,0.651711,1
pdraw_wave,resnet50,gaussian_blur,3,C:\Users\ramti\Desktop\ramtin legion pc\article_project\data\raw\pdraw_wave\test\parkinson\V14PO03.png,1,0.662618,1
pdraw_wave,resnet50,gaussian_blur,4,C:\Users\ramti\Desktop\ramtin legion pc\article_project\data\raw\pdraw_wave\test\healthy\V01HO01.png,0,0.565958,1
pdraw_wave,resnet50,gaussian_blur,4,C:\Users\ramti\Desktop\ramtin legion pc\article_project\data\raw\pdraw_wave\test\healthy\V02HO01.png,0,0.483318,0
pdraw_wave,resnet50,gaussian_blur,4,C:\Users\ramti\Desktop\ramtin legion pc\article_project\data\raw\pdraw_wave\test\healthy\V03HO01.png,0,0.520399,0
pdraw_wave,resnet50,gaussian_blur,4,C:\Users\ramti\Desktop\ramtin legion pc\article_project\data\raw\pdraw_wave\test\healthy\V04HO01.png,0,0.525845,0
pdraw_wave,resnet50,gaussian_blur,4,C:\Users\ramti\Desktop\ramtin legion pc\article_project\data\raw\pdraw_wave\test\healthy\V05HO01.png,0,0.589340,1
pdraw_wave,resnet50,gaussian_blur,4,C:\Users\ramti\Desktop\ramtin legion pc\article_project\data\raw\pdraw_wave\test\healthy\V06HO01.png,0,0.542278,0
pdraw_wave,resnet50,gaussian_blur,4,C:\Users\ramti\Desktop\ramtin legion pc\article_project\data\raw\pdraw_wave\test\healthy\V07HO01.png,0,0.505575,0
pdraw_wave,resnet50,gaussian_blur,4,C:\Users\ramti\Desktop\ramtin legion pc\article_project\data\raw\pdraw_wave\test\healthy\V08HO01.png,0,0.530534,0
pdraw_wave,resnet50,gaussian_blur,4,C:\Users\ramti\Desktop\ramtin legion pc\article_project\data\raw\pdraw_wave\test\healthy\V09HO01.png,0,0.534387,0
pdraw_wave,resnet50,gaussian_blur,4,C:\Users\ramti\Desktop\ramtin legion pc\article_project\data\raw\pdraw_wave\test\healthy\V10HO01.png,0,0.511658,0
pdraw_wave,resnet50,gaussian_blur,4,C:\Users\ramti\Desktop\ramtin legion pc\article_project\data\raw\pdraw_wave\test\healthy\V11HO01.png,0,0.534935,0
pdraw_wave,resnet50,gaussian_blur,4,C:\Users\ramti\Desktop\ramtin legion pc\article_project\data\raw\pdraw_wave\test\healthy\V55HO08.png,0,0.528031,0
pdraw_wave,resnet50,gaussian_blur,4,C:\Users\ramti\Desktop\ramtin legion pc\article_project\data\raw\pdraw_wave\test\healthy\V55HO09.png,0,0.539043,0
pdraw_wave,resnet50,gaussian_blur,4,C:\Users\ramti\Desktop\ramtin legion pc\article_project\data\raw\pdraw_wave\test\healthy\V55HO10.png,0,0.493826,0
pdraw_wave,resnet50,gaussian_blur,4,C:\Users\ramti\Desktop\ramtin legion pc\article_project\data\raw\pdraw_wave\test\healthy\V55HO11.png,0,0.562348,1
pdraw_wave,resnet50,gaussian_blur,4,C:\Users\ramti\Desktop\ramtin legion pc\article_project\data\raw\pdraw_wave\test\parkinson\V01PO01.png,1,0.559908,1
pdraw_wave,resnet50,gaussian_blur,4,C:\Users\ramti\Desktop\ramtin legion pc\article_project\data\raw\pdraw_wave\test\parkinson\V02PO01.png,1,0.668446,1
pdraw_wave,resnet50,gaussian_blur,4,C:\Users\ramti\Desktop\ramtin legion pc\article_project\data\raw\pdraw_wave\test\parkinson\V03PO01.png,1,0.677402,1
pdraw_wave,resnet50,gaussian_blur,4,C:\Users\ramti\Desktop\ramtin legion pc\article_project\data\raw\pdraw_wave\test\parkinson\V03PO04.png,1,0.677427,1
pdraw_wave,resnet50,gaussian_blur,4,C:\Users\ramti\Desktop\ramtin legion pc\article_project\data\raw\pdraw_wave\test\parkinson\V03PO07.png,1,0.675622,1
pdraw_wave,resnet50,gaussian_blur,4,C:\Users\ramti\Desktop\ramtin legion pc\article_project\data\raw\pdraw_wave\test\parkinson\V04PO01.png,1,0.664092,1
pdraw_wave,resnet50,gaussian_blur,4,C:\Users\ramti\Desktop\ramtin legion pc\article_project\data\raw\pdraw_wave\test\parkinson\V05PO01.png,1,0.662200,1
pdraw_wave,resnet50,gaussian_blur,4,C:\Users\ramti\Desktop\ramtin legion pc\article_project\data\raw\pdraw_wave\test\parkinson\V06PO01.png,1,0.622520,1
pdraw_wave,resnet50,gaussian_blur,4,C:\Users\ramti\Desktop\ramtin legion pc\article_project\data\raw\pdraw_wave\test\parkinson\V07PO01.png,1,0.689000,1
pdraw_wave,resnet50,gaussian_blur,4,C:\Users\ramti\Desktop\ramtin legion pc\article_project\data\raw\pdraw_wave\test\parkinson\V08PO01.png,1,0.501152,0
pdraw_wave,resnet50,gaussian_blur,4,C:\Users\ramti\Desktop\ramtin legion pc\article_project\data\raw\pdraw_wave\test\parkinson\V09PO01.png,1,0.700700,1
pdraw_wave,resnet50,gaussian_blur,4,C:\Users\ramti\Desktop\ramtin legion pc\article_project\data\raw\pdraw_wave\test\parkinson\V10PO01.png,1,0.591243,1
pdraw_wave,resnet50,gaussian_blur,4,C:\Users\ramti\Desktop\ramtin legion pc\article_project\data\raw\pdraw_wave\test\parkinson\V11PO01.png,1,0.543296,0
pdraw_wave,resnet50,gaussian_blur,4,C:\Users\ramti\Desktop\ramtin legion pc\article_project\data\raw\pdraw_wave\test\parkinson\V14PO01.png,1,0.655265,1
pdraw_wave,resnet50,gaussian_blur,4,C:\Users\ramti\Desktop\ramtin legion pc\article_project\data\raw\pdraw_wave\test\parkinson\V14PO03.png,1,0.667840,1
pdraw_wave,resnet50,gaussian_blur,5,C:\Users\ramti\Desktop\ramtin legion pc\article_project\data\raw\pdraw_wave\test\healthy\V01HO01.png,0,0.565958,1
pdraw_wave,resnet50,gaussian_blur,5,C:\Users\ramti\Desktop\ramtin legion pc\article_project\data\raw\pdraw_wave\test\healthy\V02HO01.png,0,0.480228,0
pdraw_wave,resnet50,gaussian_blur,5,C:\Users\ramti\Desktop\ramtin legion pc\article_project\data\raw\pdraw_wave\test\healthy\V03HO01.png,0,0.525764,0
pdraw_wave,resnet50,gaussian_blur,5,C:\Users\ramti\Desktop\ramtin legion pc\article_project\data\raw\pdraw_wave\test\healthy\V04HO01.png,0,0.531855,0
pdraw_wave,resnet50,gaussian_blur,5,C:\Users\ramti\Desktop\ramtin legion pc\article_project\data\raw\pdraw_wave\test\healthy\V05HO01.png,0,0.584781,1
pdraw_wave,resnet50,gaussian_blur,5,C:\Users\ramti\Desktop\ramtin legion pc\article_project\data\raw\pdraw_wave\test\healthy\V06HO01.png,0,0.545205,0
pdraw_wave,resnet50,gaussian_blur,5,C:\Users\ramti\Desktop\ramtin legion pc\article_project\data\raw\pdraw_wave\test\healthy\V07HO01.png,0,0.507573,0
pdraw_wave,resnet50,gaussian_blur,5,C:\Users\ramti\Desktop\ramtin legion pc\article_project\data\raw\pdraw_wave\test\healthy\V08HO01.png,0,0.534159,0
pdraw_wave,resnet50,gaussian_blur,5,C:\Users\ramti\Desktop\ramtin legion pc\article_project\data\raw\pdraw_wave\test\healthy\V09HO01.png,0,0.539155,0
pdraw_wave,resnet50,gaussian_blur,5,C:\Users\ramti\Desktop\ramtin legion pc\article_project\data\raw\pdraw_wave\test\healthy\V10HO01.png,0,0.501272,0
pdraw_wave,resnet50,gaussian_blur,5,C:\Users\ramti\Desktop\ramtin legion pc\article_project\data\raw\pdraw_wave\test\healthy\V11HO01.png,0,0.549094,0
pdraw_wave,resnet50,gaussian_blur,5,C:\Users\ramti\Desktop\ramtin legion pc\article_project\data\raw\pdraw_wave\test\healthy\V55HO08.png,0,0.533032,0
pdraw_wave,resnet50,gaussian_blur,5,C:\Users\ramti\Desktop\ramtin legion pc\article_project\data\raw\pdraw_wave\test\healthy\V55HO09.png,0,0.540886,0
pdraw_wave,resnet50,gaussian_blur,5,C:\Users\ramti\Desktop\ramtin legion pc\article_project\data\raw\pdraw_wave\test\healthy\V55HO10.png,0,0.493438,0
pdraw_wave,resnet50,gaussian_blur,5,C:\Users\ramti\Desktop\ramtin legion pc\article_project\data\raw\pdraw_wave\test\healthy\V55HO11.png,0,0.555449,1
pdraw_wave,resnet50,gaussian_blur,5,C:\Users\ramti\Desktop\ramtin legion pc\article_project\data\raw\pdraw_wave\test\parkinson\V01PO01.png,1,0.557718,1
pdraw_wave,resnet50,gaussian_blur,5,C:\Users\ramti\Desktop\ramtin legion pc\article_project\data\raw\pdraw_wave\test\parkinson\V02PO01.png,1,0.677268,1
pdraw_wave,resnet50,gaussian_blur,5,C:\Users\ramti\Desktop\ramtin legion pc\article_project\data\raw\pdraw_wave\test\parkinson\V03PO01.png,1,0.673063,1
pdraw_wave,resnet50,gaussian_blur,5,C:\Users\ramti\Desktop\ramtin legion pc\article_project\data\raw\pdraw_wave\test\parkinson\V03PO04.png,1,0.668905,1
pdraw_wave,resnet50,gaussian_blur,5,C:\Users\ramti\Desktop\ramtin legion pc\article_project\data\raw\pdraw_wave\test\parkinson\V03PO07.png,1,0.669523,1
pdraw_wave,resnet50,gaussian_blur,5,C:\Users\ramti\Desktop\ramtin legion pc\article_project\data\raw\pdraw_wave\test\parkinson\V04PO01.png,1,0.659990,1
pdraw_wave,resnet50,gaussian_blur,5,C:\Users\ramti\Desktop\ramtin legion pc\article_project\data\raw\pdraw_wave\test\parkinson\V05PO01.png,1,0.662004,1
pdraw_wave,resnet50,gaussian_blur,5,C:\Users\ramti\Desktop\ramtin legion pc\article_project\data\raw\pdraw_wave\test\parkinson\V06PO01.png,1,0.624047,1
pdraw_wave,resnet50,gaussian_blur,5,C:\Users\ramti\Desktop\ramtin legion pc\article_project\data\raw\pdraw_wave\test\parkinson\V07PO01.png,1,0.688780,1
pdraw_wave,resnet50,gaussian_blur,5,C:\Users\ramti\Desktop\ramtin legion pc\article_project\data\raw\pdraw_wave\test\parkinson\V08PO01.png,1,0.502839,0
pdraw_wave,resnet50,gaussian_blur,5,C:\Users\ramti\Desktop\ramtin legion pc\article_project\data\raw\pdraw_wave\test\parkinson\V09PO01.png,1,0.700728,1
pdraw_wave,resnet50,gaussian_blur,5,C:\Users\ramti\Desktop\ramtin legion pc\article_project\data\raw\pdraw_wave\test\parkinson\V10PO01.png,1,0.590126,1
pdraw_wave,resnet50,gaussian_blur,5,C:\Users\ramti\Desktop\ramtin legion pc\article_project\data\raw\pdraw_wave\test\parkinson\V11PO01.png,1,0.548160,0
pdraw_wave,resnet50,gaussian_blur,5,C:\Users\ramti\Desktop\ramtin legion pc\article_project\data\raw\pdraw_wave\test\parkinson\V14PO01.png,1,0.644265,1
pdraw_wave,resnet50,gaussian_blur,5,C:\Users\ramti\Desktop\ramtin legion pc\article_project\data\raw\pdraw_wave\test\parkinson\V14PO03.png,1,0.658241,1
pdraw_wave,resnet50,gaussian_noise,1,C:\Users\ramti\Desktop\ramtin legion pc\article_project\data\raw\pdraw_wave\test\healthy\V01HO01.png,0,0.563427,1
pdraw_wave,resnet50,gaussian_noise,1,C:\Users\ramti\Desktop\ramtin legion pc\article_project\data\raw\pdraw_wave\test\healthy\V02HO01.png,0,0.512428,0
pdraw_wave,resnet50,gaussian_noise,1,C:\Users\ramti\Desktop\ramtin legion pc\article_project\data\raw\pdraw_wave\test\healthy\V03HO01.png,0,0.517667,0
pdraw_wave,resnet50,gaussian_noise,1,C:\Users\ramti\Desktop\ramtin legion pc\article_project\data\raw\pdraw_wave\test\healthy\V04HO01.png,0,0.500122,0
pdraw_wave,resnet50,gaussian_noise,1,C:\Users\ramti\Desktop\ramtin legion pc\article_project\data\raw\pdraw_wave\test\healthy\V05HO01.png,0,0.574271,1
pdraw_wave,resnet50,gaussian_noise,1,C:\Users\ramti\Desktop\ramtin legion pc\article_project\data\raw\pdraw_wave\test\healthy\V06HO01.png,0,0.552950,1
pdraw_wave,resnet50,gaussian_noise,1,C:\Users\ramti\Desktop\ramtin legion pc\article_project\data\raw\pdraw_wave\test\healthy\V07HO01.png,0,0.492093,0
pdraw_wave,resnet50,gaussian_noise,1,C:\Users\ramti\Desktop\ramtin legion pc\article_project\data\raw\pdraw_wave\test\healthy\V08HO01.png,0,0.501727,0
pdraw_wave,resnet50,gaussian_noise,1,C:\Users\ramti\Desktop\ramtin legion pc\article_project\data\raw\pdraw_wave\test\healthy\V09HO01.png,0,0.527910,0
pdraw_wave,resnet50,gaussian_noise,1,C:\Users\ramti\Desktop\ramtin legion pc\article_project\data\raw\pdraw_wave\test\healthy\V10HO01.png,0,0.553515,1
pdraw_wave,resnet50,gaussian_noise,1,C:\Users\ramti\Desktop\ramtin legion pc\article_project\data\raw\pdraw_wave\test\healthy\V11HO01.png,0,0.483611,0
pdraw_wave,resnet50,gaussian_noise,1,C:\Users\ramti\Desktop\ramtin legion pc\article_project\data\raw\pdraw_wave\test\healthy\V55HO08.png,0,0.523341,0
pdraw_wave,resnet50,gaussian_noise,1,C:\Users\ramti\Desktop\ramtin legion pc\article_project\data\raw\pdraw_wave\test\healthy\V55HO09.png,0,0.523865,0
pdraw_wave,resnet50,gaussian_noise,1,C:\Users\ramti\Desktop\ramtin legion pc\article_project\data\raw\pdraw_wave\test\healthy\V55HO10.png,0,0.513722,0
pdraw_wave,resnet50,gaussian_noise,1,C:\Users\ramti\Desktop\ramtin legion pc\article_project\data\raw\pdraw_wave\test\healthy\V55HO11.png,0,0.553587,1
pdraw_wave,resnet50,gaussian_noise,1,C:\Users\ramti\Desktop\ramtin legion pc\article_project\data\raw\pdraw_wave\test\parkinson\V01PO01.png,1,0.557560,1
pdraw_wave,resnet50,gaussian_noise,1,C:\Users\ramti\Desktop\ramtin legion pc\article_project\data\raw\pdraw_wave\test\parkinson\V02PO01.png,1,0.608699,1
pdraw_wave,resnet50,gaussian_noise,1,C:\Users\ramti\Desktop\ramtin legion pc\article_project\data\raw\pdraw_wave\test\parkinson\V03PO01.png,1,0.700783,1
pdraw_wave,resnet50,gaussian_noise,1,C:\Users\ramti\Desktop\ramtin legion pc\article_project\data\raw\pdraw_wave\test\parkinson\V03PO04.png,1,0.706265,1
pdraw_wave,resnet50,gaussian_noise,1,C:\Users\ramti\Desktop\ramtin legion pc\article_project\data\raw\pdraw_wave\test\parkinson\V03PO07.png,1,0.660659,1
pdraw_wave,resnet50,gaussian_noise,1,C:\Users\ramti\Desktop\ramtin legion pc\article_project\data\raw\pdraw_wave\test\parkinson\V04PO01.png,1,0.686972,1
pdraw_wave,resnet50,gaussian_noise,1,C:\Users\ramti\Desktop\ramtin legion pc\article_project\data\raw\pdraw_wave\test\parkinson\V05PO01.png,1,0.674917,1
pdraw_wave,resnet50,gaussian_noise,1,C:\Users\ramti\Desktop\ramtin legion pc\article_project\data\raw\pdraw_wave\test\parkinson\V06PO01.png,1,0.648140,1
pdraw_wave,resnet50,gaussian_noise,1,C:\Users\ramti\Desktop\ramtin legion pc\article_project\data\raw\pdraw_wave\test\parkinson\V07PO01.png,1,0.718463,1
pdraw_wave,resnet50,gaussian_noise,1,C:\Users\ramti\Desktop\ramtin legion pc\article_project\data\raw\pdraw_wave\test\parkinson\V08PO01.png,1,0.508397,0
pdraw_wave,resnet50,gaussian_noise,1,C:\Users\ramti\Desktop\ramtin legion pc\article_project\data\raw\pdraw_wave\test\parkinson\V09PO01.png,1,0.685269,1
pdraw_wave,resnet50,gaussian_noise,1,C:\Users\ramti\Desktop\ramtin legion pc\article_project\data\raw\pdraw_wave\test\parkinson\V10PO01.png,1,0.577075,1
pdraw_wave,resnet50,gaussian_noise,1,C:\Users\ramti\Desktop\ramtin legion pc\article_project\data\raw\pdraw_wave\test\parkinson\V11PO01.png,1,0.546202,0
pdraw_wave,resnet50,gaussian_noise,1,C:\Users\ramti\Desktop\ramtin legion pc\article_project\data\raw\pdraw_wave\test\parkinson\V14PO01.png,1,0.669612,1
pdraw_wave,resnet50,gaussian_noise,1,C:\Users\ramti\Desktop\ramtin legion pc\article_project\data\raw\pdraw_wave\test\parkinson\V14PO03.png,1,0.672158,1
pdraw_wave,resnet50,gaussian_noise,2,C:\Users\ramti\Desktop\ramtin legion pc\article_project\data\raw\pdraw_wave\test\healthy\V01HO01.png,0,0.565110,1
pdraw_wave,resnet50,gaussian_noise,2,C:\Users\ramti\Desktop\ramtin legion pc\article_project\data\raw\pdraw_wave\test\healthy\V02HO01.png,0,0.515499,0
pdraw_wave,resnet50,gaussian_noise,2,C:\Users\ramti\Desktop\ramtin legion pc\article_project\data\raw\pdraw_wave\test\healthy\V03HO01.png,0,0.504147,0
pdraw_wave,resnet50,gaussian_noise,2,C:\Users\ramti\Desktop\ramtin legion pc\article_project\data\raw\pdraw_wave\test\healthy\V04HO01.png,0,0.498005,0
pdraw_wave,resnet50,gaussian_noise,2,C:\Users\ramti\Desktop\ramtin legion pc\article_project\data\raw\pdraw_wave\test\healthy\V05HO01.png,0,0.572578,1
pdraw_wave,resnet50,gaussian_noise,2,C:\Users\ramti\Desktop\ramtin legion pc\article_project\data\raw\pdraw_wave\test\healthy\V06HO01.png,0,0.566607,1
pdraw_wave,resnet50,gaussian_noise,2,C:\Users\ramti\Desktop\ramtin legion pc\article_project\data\raw\pdraw_wave\test\healthy\V07HO01.png,0,0.496342,0
pdraw_wave,resnet50,gaussian_noise,2,C:\Users\ramti\Desktop\ramtin legion pc\article_project\data\raw\pdraw_wave\test\healthy\V08HO01.png,0,0.499280,0
pdraw_wave,resnet50,gaussian_noise,2,C:\Users\ramti\Desktop\ramtin legion pc\article_project\data\raw\pdraw_wave\test\healthy\V09HO01.png,0,0.526625,0
pdraw_wave,resnet50,gaussian_noise,2,C:\Users\ramti\Desktop\ramtin legion pc\article_project\data\raw\pdraw_wave\test\healthy\V10HO01.png,0,0.564163,1
pdraw_wave,resnet50,gaussian_noise,2,C:\Users\ramti\Desktop\ramtin legion pc\article_project\data\raw\pdraw_wave\test\healthy\V11HO01.png,0,0.484761,0
pdraw_wave,resnet50,gaussian_noise,2,C:\Users\ramti\Desktop\ramtin legion pc\article_project\data\raw\pdraw_wave\test\healthy\V55HO08.png,0,0.534382,0
pdraw_wave,resnet50,gaussian_noise,2,C:\Users\ramti\Desktop\ramtin legion pc\article_project\data\raw\pdraw_wave\test\healthy\V55HO09.png,0,0.511858,0
pdraw_wave,resnet50,gaussian_noise,2,C:\Users\ramti\Desktop\ramtin legion pc\article_project\data\raw\pdraw_wave\test\healthy\V55HO10.png,0,0.500137,0
pdraw_wave,resnet50,gaussian_noise,2,C:\Users\ramti\Desktop\ramtin legion pc\article_project\data\raw\pdraw_wave\test\healthy\V55HO11.png,0,0.561405,1
pdraw_wave,resnet50,gaussian_noise,2,C:\Users\ramti\Desktop\ramtin legion pc\article_project\data\raw\pdraw_wave\test\parkinson\V01PO01.png,1,0.546568,0
pdraw_wave,resnet50,gaussian_noise,2,C:\Users\ramti\Desktop\ramtin legion pc\article_project\data\raw\pdraw_wave\test\parkinson\V02PO01.png,1,0.600370,1
pdraw_wave,resnet50,gaussian_noise,2,C:\Users\ramti\Desktop\ramtin legion pc\article_project\data\raw\pdraw_wave\test\parkinson\V03PO01.png,1,0.665927,1
pdraw_wave,resnet50,gaussian_noise,2,C:\Users\ramti\Desktop\ramtin legion pc\article_project\data\raw\pdraw_wave\test\parkinson\V03PO04.png,1,0.684805,1
pdraw_wave,resnet50,gaussian_noise,2,C:\Users\ramti\Desktop\ramtin legion pc\article_project\data\raw\pdraw_wave\test\parkinson\V03PO07.png,1,0.654444,1
pdraw_wave,resnet50,gaussian_noise,2,C:\Users\ramti\Desktop\ramtin legion pc\article_project\data\raw\pdraw_wave\test\parkinson\V04PO01.png,1,0.680778,1
pdraw_wave,resnet50,gaussian_noise,2,C:\Users\ramti\Desktop\ramtin legion pc\article_project\data\raw\pdraw_wave\test\parkinson\V05PO01.png,1,0.655658,1
pdraw_wave,resnet50,gaussian_noise,2,C:\Users\ramti\Desktop\ramtin legion pc\article_project\data\raw\pdraw_wave\test\parkinson\V06PO01.png,1,0.634249,1
pdraw_wave,resnet50,gaussian_noise,2,C:\Users\ramti\Desktop\ramtin legion pc\article_project\data\raw\pdraw_wave\test\parkinson\V07PO01.png,1,0.687454,1
pdraw_wave,resnet50,gaussian_noise,2,C:\Users\ramti\Desktop\ramtin legion pc\article_project\data\raw\pdraw_wave\test\parkinson\V08PO01.png,1,0.512379,0
pdraw_wave,resnet50,gaussian_noise,2,C:\Users\ramti\Desktop\ramtin legion pc\article_project\data\raw\pdraw_wave\test\parkinson\V09PO01.png,1,0.680844,1
pdraw_wave,resnet50,gaussian_noise,2,C:\Users\ramti\Desktop\ramtin legion pc\article_project\data\raw\pdraw_wave\test\parkinson\V10PO01.png,1,0.573320,1
pdraw_wave,resnet50,gaussian_noise,2,C:\Users\ramti\Desktop\ramtin legion pc\article_project\data\raw\pdraw_wave\test\parkinson\V11PO01.png,1,0.577451,1
pdraw_wave,resnet50,gaussian_noise,2,C:\Users\ramti\Desktop\ramtin legion pc\article_project\data\raw\pdraw_wave\test\parkinson\V14PO01.png,1,0.649880,1
pdraw_wave,resnet50,gaussian_noise,2,C:\Users\ramti\Desktop\ramtin legion pc\article_project\data\raw\pdraw_wave\test\parkinson\V14PO03.png,1,0.655215,1
pdraw_wave,resnet50,gaussian_noise,3,C:\Users\ramti\Desktop\ramtin legion pc\article_project\data\raw\pdraw_wave\test\healthy\V01HO01.png,0,0.590538,1
pdraw_wave,resnet50,gaussian_noise,3,C:\Users\ramti\Desktop\ramtin legion pc\article_project\data\raw\pdraw_wave\test\healthy\V02HO01.png,0,0.508132,0
pdraw_wave,resnet50,gaussian_noise,3,C:\Users\ramti\Desktop\ramtin legion pc\article_project\data\raw\pdraw_wave\test\healthy\V03HO01.png,0,0.518709,0
pdraw_wave,resnet50,gaussian_noise,3,C:\Users\ramti\Desktop\ramtin legion pc\article_project\data\raw\pdraw_wave\test\healthy\V04HO01.png,0,0.500171,0
pdraw_wave,resnet50,gaussian_noise,3,C:\Users\ramti\Desktop\ramtin legion pc\article_project\data\raw\pdraw_wave\test\healthy\V05HO01.png,0,0.563459,1
pdraw_wave,resnet50,gaussian_noise,3,C:\Users\ramti\Desktop\ramtin legion pc\article_project\data\raw\pdraw_wave\test\healthy\V06HO01.png,0,0.569671,1
pdraw_wave,resnet50,gaussian_noise,3,C:\Users\ramti\Desktop\ramtin legion pc\article_project\data\raw\pdraw_wave\test\healthy\V07HO01.png,0,0.501318,0
pdraw_wave,resnet50,gaussian_noise,3,C:\Users\ramti\Desktop\ramtin legion pc\article_project\data\raw\pdraw_wave\test\healthy\V08HO01.png,0,0.493792,0
pdraw_wave,resnet50,gaussian_noise,3,C:\Users\ramti\Desktop\ramtin legion pc\article_project\data\raw\pdraw_wave\test\healthy\V09HO01.png,0,0.546672,0
pdraw_wave,resnet50,gaussian_noise,3,C:\Users\ramti\Desktop\ramtin legion pc\article_project\data\raw\pdraw_wave\test\healthy\V10HO01.png,0,0.585048,1
pdraw_wave,resnet50,gaussian_noise,3,C:\Users\ramti\Desktop\ramtin legion pc\article_project\data\raw\pdraw_wave\test\healthy\V11HO01.png,0,0.481758,0
pdraw_wave,resnet50,gaussian_noise,3,C:\Users\ramti\Desktop\ramtin legion pc\article_project\data\raw\pdraw_wave\test\healthy\V55HO08.png,0,0.531374,0
pdraw_wave,resnet50,gaussian_noise,3,C:\Users\ramti\Desktop\ramtin legion pc\article_project\data\raw\pdraw_wave\test\healthy\V55HO09.png,0,0.513992,0
pdraw_wave,resnet50,gaussian_noise,3,C:\Users\ramti\Desktop\ramtin legion pc\article_project\data\raw\pdraw_wave\test\healthy\V55HO10.png,0,0.509103,0
pdraw_wave,resnet50,gaussian_noise,3,C:\Users\ramti\Desktop\ramtin legion pc\article_project\data\raw\pdraw_wave\test\healthy\V55HO11.png,0,0.560096,1
pdraw_wave,resnet50,gaussian_noise,3,C:\Users\ramti\Desktop\ramtin legion pc\article_project\data\raw\pdraw_wave\test\parkinson\V01PO01.png,1,0.551908,1
pdraw_wave,resnet50,gaussian_noise,3,C:\Users\ramti\Desktop\ramtin legion pc\article_project\data\raw\pdraw_wave\test\parkinson\V02PO01.png,1,0.589450,1
pdraw_wave,resnet50,gaussian_noise,3,C:\Users\ramti\Desktop\ramtin legion pc\article_project\data\raw\pdraw_wave\test\parkinson\V03PO01.png,1,0.634458,1
pdraw_wave,resnet50,gaussian_noise,3,C:\Users\ramti\Desktop\ramtin legion pc\article_project\data\raw\pdraw_wave\test\parkinson\V03PO04.png,1,0.659249,1
pdraw_wave,resnet50,gaussian_noise,3,C:\Users\ramti\Desktop\ramtin legion pc\article_project\data\raw\pdraw_wave\test\parkinson\V03PO07.png,1,0.665334,1
pdraw_wave,resnet50,gaussian_noise,3,C:\Users\ramti\Desktop\ramtin legion pc\article_project\data\raw\pdraw_wave\test\parkinson\V04PO01.png,1,0.664995,1
pdraw_wave,resnet50,gaussian_noise,3,C:\Users\ramti\Desktop\ramtin legion pc\article_project\data\raw\pdraw_wave\test\parkinson\V05PO01.png,1,0.663088,1
pdraw_wave,resnet50,gaussian_noise,3,C:\Users\ramti\Desktop\ramtin legion pc\article_project\data\raw\pdraw_wave\test\parkinson\V06PO01.png,1,0.636102,1
pdraw_wave,resnet50,gaussian_noise,3,C:\Users\ramti\Desktop\ramtin legion pc\article_project\data\raw\pdraw_wave\test\parkinson\V07PO01.png,1,0.681805,1
pdraw_wave,resnet50,gaussian_noise,3,C:\Users\ramti\Desktop\ramtin legion pc\article_project\data\raw\pdraw_wave\test\parkinson\V08PO01.png,1,0.494836,0
pdraw_wave,resnet50,gaussian_noise,3,C:\Users\ramti\Desktop\ramtin legion pc\article_project\data\raw\pdraw_wave\test\parkinson\V09PO01.png,1,0.661959,1
pdraw_wave,resnet50,gaussian_noise,3,C:\Users\ramti\Desktop\ramtin legion pc\article_project\data\raw\pdraw_wave\test\parkinson\V10PO01.png,1,0.574319,1
pdraw_wave,resnet50,gaussian_noise,3,C:\Users\ramti\Desktop\ramtin legion pc\article_project\data\raw\pdraw_wave\test\parkinson\V11PO01.png,1,0.571439,1
pdraw_wave,resnet50,gaussian_noise,3,C:\Users\ramti\Desktop\ramtin legion pc\article_project\data\raw\pdraw_wave\test\parkinson\V14PO01.png,1,0.644295,1
pdraw_wave,resnet50,gaussian_noise,3,C:\Users\ramti\Desktop\ramtin legion pc\article_project\data\raw\pdraw_wave\test\parkinson\V14PO03.png,1,0.651873,1
pdraw_wave,resnet50,gaussian_noise,4,C:\Users\ramti\Desktop\ramtin legion pc\article_project\data\raw\pdraw_wave\test\healthy\V01HO01.png,0,0.575110,1
pdraw_wave,resnet50,gaussian_noise,4,C:\Users\ramti\Desktop\ramtin legion pc\article_project\data\raw\pdraw_wave\test\healthy\V02HO01.png,0,0.503839,0
pdraw_wave,resnet50,gaussian_noise,4,C:\Users\ramti\Desktop\ramtin legion pc\article_project\data\raw\pdraw_wave\test\healthy\V03HO01.png,0,0.526802,0
pdraw_wave,resnet50,gaussian_noise,4,C:\Users\ramti\Desktop\ramtin legion pc\article_project\data\raw\pdraw_wave\test\healthy\V04HO01.png,0,0.507390,0
pdraw_wave,resnet50,gaussian_noise,4,C:\Users\ramti\Desktop\ramtin legion pc\article_project\data\raw\pdraw_wave\test\healthy\V05HO01.png,0,0.569258,1
pdraw_wave,resnet50,gaussian_noise,4,C:\Users\ramti\Desktop\ramtin legion pc\article_project\data\raw\pdraw_wave\test\healthy\V06HO01.png,0,0.542930,0
pdraw_wave,resnet50,gaussian_noise,4,C:\Users\ramti\Desktop\ramtin legion pc\article_project\data\raw\pdraw_wave\test\healthy\V07HO01.png,0,0.516398,0
pdraw_wave,resnet50,gaussian_noise,4,C:\Users\ramti\Desktop\ramtin legion pc\article_project\data\raw\pdraw_wave\test\healthy\V08HO01.png,0,0.496680,0
pdraw_wave,resnet50,gaussian_noise,4,C:\Users\ramti\Desktop\ramtin legion pc\article_project\data\raw\pdraw_wave\test\healthy\V09HO01.png,0,0.556745,1
pdraw_wave,resnet50,gaussian_noise,4,C:\Users\ramti\Desktop\ramtin legion pc\article_project\data\raw\pdraw_wave\test\healthy\V10HO01.png,0,0.566759,1
pdraw_wave,resnet50,gaussian_noise,4,C:\Users\ramti\Desktop\ramtin legion pc\article_project\data\raw\pdraw_wave\test\healthy\V11HO01.png,0,0.484961,0
pdraw_wave,resnet50,gaussian_noise,4,C:\Users\ramti\Desktop\ramtin legion pc\article_project\data\raw\pdraw_wave\test\healthy\V55HO08.png,0,0.533726,0
pdraw_wave,resnet50,gaussian_noise,4,C:\Users\ramti\Desktop\ramtin legion pc\article_project\data\raw\pdraw_wave\test\healthy\V55HO09.png,0,0.512042,0
pdraw_wave,resnet50,gaussian_noise,4,C:\Users\ramti\Desktop\ramtin legion pc\article_project\data\raw\pdraw_wave\test\healthy\V55HO10.png,0,0.496208,0
pdraw_wave,resnet50,gaussian_noise,4,C:\Users\ramti\Desktop\ramtin legion pc\article_project\data\raw\pdraw_wave\test\healthy\V55HO11.png,0,0.588674,1
pdraw_wave,resnet50,gaussian_noise,4,C:\Users\ramti\Desktop\ramtin legion pc\article_project\data\raw\pdraw_wave\test\parkinson\V01PO01.png,1,0.535701,0
pdraw_wave,resnet50,gaussian_noise,4,C:\Users\ramti\Desktop\ramtin legion pc\article_project\data\raw\pdraw_wave\test\parkinson\V02PO01.png,1,0.604711,1
pdraw_wave,resnet50,gaussian_noise,4,C:\Users\ramti\Desktop\ramtin legion pc\article_project\data\raw\pdraw_wave\test\parkinson\V03PO01.png,1,0.620069,1
pdraw_wave,resnet50,gaussian_noise,4,C:\Users\ramti\Desktop\ramtin legion pc\article_project\data\raw\pdraw_wave\test\parkinson\V03PO04.png,1,0.660919,1
pdraw_wave,resnet50,gaussian_noise,4,C:\Users\ramti\Desktop\ramtin legion pc\article_project\data\raw\pdraw_wave\test\parkinson\V03PO07.png,1,0.650274,1
pdraw_wave,resnet50,gaussian_noise,4,C:\Users\ramti\Desktop\ramtin legion pc\article_project\data\raw\pdraw_wave\test\parkinson\V04PO01.png,1,0.660650,1
pdraw_wave,resnet50,gaussian_noise,4,C:\Users\ramti\Desktop\ramtin legion pc\article_project\data\raw\pdraw_wave\test\parkinson\V05PO01.png,1,0.671917,1
pdraw_wave,resnet50,gaussian_noise,4,C:\Users\ramti\Desktop\ramtin legion pc\article_project\data\raw\pdraw_wave\test\parkinson\V06PO01.png,1,0.637847,1
pdraw_wave,resnet50,gaussian_noise,4,C:\Users\ramti\Desktop\ramtin legion pc\article_project\data\raw\pdraw_wave\test\parkinson\V07PO01.png,1,0.672537,1
pdraw_wave,resnet50,gaussian_noise,4,C:\Users\ramti\Desktop\ramtin legion pc\article_project\data\raw\pdraw_wave\test\parkinson\V08PO01.png,1,0.517749,0
pdraw_wave,resnet50,gaussian_noise,4,C:\Users\ramti\Desktop\ramtin legion pc\article_project\data\raw\pdraw_wave\test\parkinson\V09PO01.png,1,0.657903,1
pdraw_wave,resnet50,gaussian_noise,4,C:\Users\ramti\Desktop\ramtin legion pc\article_project\data\raw\pdraw_wave\test\parkinson\V10PO01.png,1,0.568494,1
pdraw_wave,resnet50,gaussian_noise,4,C:\Users\ramti\Desktop\ramtin legion pc\article_project\data\raw\pdraw_wave\test\parkinson\V11PO01.png,1,0.559214,1
pdraw_wave,resnet50,gaussian_noise,4,C:\Users\ramti\Desktop\ramtin legion pc\article_project\data\raw\pdraw_wave\test\parkinson\V14PO01.png,1,0.634753,1
pdraw_wave,resnet50,gaussian_noise,4,C:\Users\ramti\Desktop\ramtin legion pc\article_project\data\raw\pdraw_wave\test\parkinson\V14PO03.png,1,0.654329,1
pdraw_wave,resnet50,gaussian_noise,5,C:\Users\ramti\Desktop\ramtin legion pc\article_project\data\raw\pdraw_wave\test\healthy\V01HO01.png,0,0.571104,1
pdraw_wave,resnet50,gaussian_noise,5,C:\Users\ramti\Desktop\ramtin legion pc\article_project\data\raw\pdraw_wave\test\healthy\V02HO01.png,0,0.511029,0
pdraw_wave,resnet50,gaussian_noise,5,C:\Users\ramti\Desktop\ramtin legion pc\article_project\data\raw\pdraw_wave\test\healthy\V03HO01.png,0,0.537645,0
pdraw_wave,resnet50,gaussian_noise,5,C:\Users\ramti\Desktop\ramtin legion pc\article_project\data\raw\pdraw_wave\test\healthy\V04HO01.png,0,0.515676,0
pdraw_wave,resnet50,gaussian_noise,5,C:\Users\ramti\Desktop\ramtin legion pc\article_project\data\raw\pdraw_wave\test\healthy\V05HO01.png,0,0.559505,1
pdraw_wave,resnet50,gaussian_noise,5,C:\Users\ramti\Desktop\ramtin legion pc\article_project\data\raw\pdraw_wave\test\healthy\V06HO01.png,0,0.536860,0
pdraw_wave,resnet50,gaussian_noise,5,C:\Users\ramti\Desktop\ramtin legion pc\article_project\data\raw\pdraw_wave\test\healthy\V07HO01.png,0,0.510075,0
pdraw_wave,resnet50,gaussian_noise,5,C:\Users\ramti\Desktop\ramtin legion pc\article_project\data\raw\pdraw_wave\test\healthy\V08HO01.png,0,0.492242,0
pdraw_wave,resnet50,gaussian_noise,5,C:\Users\ramti\Desktop\ramtin legion pc\article_project\data\raw\pdraw_wave\test\healthy\V09HO01.png,0,0.569277,1
pdraw_wave,resnet50,gaussian_noise,5,C:\Users\ramti\Desktop\ramtin legion pc\article_project\data\raw\pdraw_wave\test\healthy\V10HO01.png,0,0.535652,0
pdraw_wave,resnet50,gaussian_noise,5,C:\Users\ramti\Desktop\ramtin legion pc\article_project\data\raw\pdraw_wave\test\healthy\V11HO01.png,0,0.484639,0
pdraw_wave,resnet50,gaussian_noise,5,C:\Users\ramti\Desktop\ramtin legion pc\article_project\data\raw\pdraw_wave\test\healthy\V55HO08.png,0,0.542850,0
pdraw_wave,resnet50,gaussian_noise,5,C:\Users\ramti\Desktop\ramtin legion pc\article_project\data\raw\pdraw_wave\test\healthy\V55HO09.png,0,0.512865,0
pdraw_wave,resnet50,gaussian_noise,5,C:\Users\ramti\Desktop\ramtin legion pc\article_project\data\raw\pdraw_wave\test\healthy\V55HO10.png,0,0.501312,0
pdraw_wave,resnet50,gaussian_noise,5,C:\Users\ramti\Desktop\ramtin legion pc\article_project\data\raw\pdraw_wave\test\healthy\V55HO11.png,0,0.580703,1
pdraw_wave,resnet50,gaussian_noise,5,C:\Users\ramti\Desktop\ramtin legion pc\article_project\data\raw\pdraw_wave\test\parkinson\V01PO01.png,1,0.557126,1
pdraw_wave,resnet50,gaussian_noise,5,C:\Users\ramti\Desktop\ramtin legion pc\article_project\data\raw\pdraw_wave\test\parkinson\V02PO01.png,1,0.633091,1
pdraw_wave,resnet50,gaussian_noise,5,C:\Users\ramti\Desktop\ramtin legion pc\article_project\data\raw\pdraw_wave\test\parkinson\V03PO01.png,1,0.604550,1
pdraw_wave,resnet50,gaussian_noise,5,C:\Users\ramti\Desktop\ramtin legion pc\article_project\data\raw\pdraw_wave\test\parkinson\V03PO04.png,1,0.649732,1
pdraw_wave,resnet50,gaussian_noise,5,C:\Users\ramti\Desktop\ramtin legion pc\article_project\data\raw\pdraw_wave\test\parkinson\V03PO07.png,1,0.642078,1
pdraw_wave,resnet50,gaussian_noise,5,C:\Users\ramti\Desktop\ramtin legion pc\article_project\data\raw\pdraw_wave\test\parkinson\V04PO01.png,1,0.651310,1
pdraw_wave,resnet50,gaussian_noise,5,C:\Users\ramti\Desktop\ramtin legion pc\article_project\data\raw\pdraw_wave\test\parkinson\V05PO01.png,1,0.687589,1
pdraw_wave,resnet50,gaussian_noise,5,C:\Users\ramti\Desktop\ramtin legion pc\article_project\data\raw\pdraw_wave\test\parkinson\V06PO01.png,1,0.647390,1
pdraw_wave,resnet50,gaussian_noise,5,C:\Users\ramti\Desktop\ramtin legion pc\article_project\data\raw\pdraw_wave\test\parkinson\V07PO01.png,1,0.653573,1
pdraw_wave,resnet50,gaussian_noise,5,C:\Users\ramti\Desktop\ramtin legion pc\article_project\data\raw\pdraw_wave\test\parkinson\V08PO01.png,1,0.497214,0
pdraw_wave,resnet50,gaussian_noise,5,C:\Users\ramti\Desktop\ramtin legion pc\article_project\data\raw\pdraw_wave\test\parkinson\V09PO01.png,1,0.646977,1
pdraw_wave,resnet50,gaussian_noise,5,C:\Users\ramti\Desktop\ramtin legion pc\article_project\data\raw\pdraw_wave\test\parkinson\V10PO01.png,1,0.579417,1
pdraw_wave,resnet50,gaussian_noise,5,C:\Users\ramti\Desktop\ramtin legion pc\article_project\data\raw\pdraw_wave\test\parkinson\V11PO01.png,1,0.531329,0
pdraw_wave,resnet50,gaussian_noise,5,C:\Users\ramti\Desktop\ramtin legion pc\article_project\data\raw\pdraw_wave\test\parkinson\V14PO01.png,1,0.631171,1
pdraw_wave,resnet50,gaussian_noise,5,C:\Users\ramti\Desktop\ramtin legion pc\article_project\data\raw\pdraw_wave\test\parkinson\V14PO03.png,1,0.658483,1
pdraw_wave,resnet50,contrast,1,C:\Users\ramti\Desktop\ramtin legion pc\article_project\data\raw\pdraw_wave\test\healthy\V01HO01.png,0,0.524657,0
pdraw_wave,resnet50,contrast,1,C:\Users\ramti\Desktop\ramtin legion pc\article_project\data\raw\pdraw_wave\test\healthy\V02HO01.png,0,0.492977,0
pdraw_wave,resnet50,contrast,1,C:\Users\ramti\Desktop\ramtin legion pc\article_project\data\raw\pdraw_wave\test\healthy\V03HO01.png,0,0.497949,0
pdraw_wave,resnet50,contrast,1,C:\Users\ramti\Desktop\ramtin legion pc\article_project\data\raw\pdraw_wave\test\healthy\V04HO01.png,0,0.483643,0
pdraw_wave,resnet50,contrast,1,C:\Users\ramti\Desktop\ramtin legion pc\article_project\data\raw\pdraw_wave\test\healthy\V05HO01.png,0,0.541507,0
pdraw_wave,resnet50,contrast,1,C:\Users\ramti\Desktop\ramtin legion pc\article_project\data\raw\pdraw_wave\test\healthy\V06HO01.png,0,0.533433,0
pdraw_wave,resnet50,contrast,1,C:\Users\ramti\Desktop\ramtin legion pc\article_project\data\raw\pdraw_wave\test\healthy\V07HO01.png,0,0.489824,0
pdraw_wave,resnet50,contrast,1,C:\Users\ramti\Desktop\ramtin legion pc\article_project\data\raw\pdraw_wave\test\healthy\V08HO01.png,0,0.486886,0
pdraw_wave,resnet50,contrast,1,C:\Users\ramti\Desktop\ramtin legion pc\article_project\data\raw\pdraw_wave\test\healthy\V09HO01.png,0,0.517103,0
pdraw_wave,resnet50,contrast,1,C:\Users\ramti\Desktop\ramtin legion pc\article_project\data\raw\pdraw_wave\test\healthy\V10HO01.png,0,0.515637,0
pdraw_wave,resnet50,contrast,1,C:\Users\ramti\Desktop\ramtin legion pc\article_project\data\raw\pdraw_wave\test\healthy\V11HO01.png,0,0.471749,0
pdraw_wave,resnet50,contrast,1,C:\Users\ramti\Desktop\ramtin legion pc\article_project\data\raw\pdraw_wave\test\healthy\V55HO08.png,0,0.498654,0
pdraw_wave,resnet50,contrast,1,C:\Users\ramti\Desktop\ramtin legion pc\article_project\data\raw\pdraw_wave\test\healthy\V55HO09.png,0,0.507187,0
pdraw_wave,resnet50,contrast,1,C:\Users\ramti\Desktop\ramtin legion pc\article_project\data\raw\pdraw_wave\test\healthy\V55HO10.png,0,0.484364,0
pdraw_wave,resnet50,contrast,1,C:\Users\ramti\Desktop\ramtin legion pc\article_project\data\raw\pdraw_wave\test\healthy\V55HO11.png,0,0.519553,0
pdraw_wave,resnet50,contrast,1,C:\Users\ramti\Desktop\ramtin legion pc\article_project\data\raw\pdraw_wave\test\parkinson\V01PO01.png,1,0.539137,0
pdraw_wave,resnet50,contrast,1,C:\Users\ramti\Desktop\ramtin legion pc\article_project\data\raw\pdraw_wave\test\parkinson\V02PO01.png,1,0.573600,1
pdraw_wave,resnet50,contrast,1,C:\Users\ramti\Desktop\ramtin legion pc\article_project\data\raw\pdraw_wave\test\parkinson\V03PO01.png,1,0.663241,1
pdraw_wave,resnet50,contrast,1,C:\Users\ramti\Desktop\ramtin legion pc\article_project\data\raw\pdraw_wave\test\parkinson\V03PO04.png,1,0.670927,1
pdraw_wave,resnet50,contrast,1,C:\Users\ramti\Desktop\ramtin legion pc\article_project\data\raw\pdraw_wave\test\parkinson\V03PO07.png,1,0.663683,1
pdraw_wave,resnet50,contrast,1,C:\Users\ramti\Desktop\ramtin legion pc\article_project\data\raw\pdraw_wave\test\parkinson\V04PO01.png,1,0.665773,1
pdraw_wave,resnet50,contrast,1,C:\Users\ramti\Desktop\ramtin legion pc\article_project\data\raw\pdraw_wave\test\parkinson\V05PO01.png,1,0.660301,1
pdraw_wave,resnet50,contrast,1,C:\Users\ramti\Desktop\ramtin legion pc\article_project\data\raw\pdraw_wave\test\parkinson\V06PO01.png,1,0.632933,1
pdraw_wave,resnet50,contrast,1,C:\Users\ramti\Desktop\ramtin legion pc\article_project\data\raw\pdraw_wave\test\parkinson\V07PO01.png,1,0.672988,1
pdraw_wave,resnet50,contrast,1,C:\Users\ramti\Desktop\ramtin legion pc\article_project\data\raw\pdraw_wave\test\parkinson\V08PO01.png,1,0.481573,0
pdraw_wave,resnet50,contrast,1,C:\Users\ramti\Desktop\ramtin legion pc\article_project\data\raw\pdraw_wave\test\parkinson\V09PO01.png,1,0.658405,1
pdraw_wave,resnet50,contrast,1,C:\Users\ramti\Desktop\ramtin legion pc\article_project\data\raw\pdraw_wave\test\parkinson\V10PO01.png,1,0.548463,0
pdraw_wave,resnet50,contrast,1,C:\Users\ramti\Desktop\ramtin legion pc\article_project\data\raw\pdraw_wave\test\parkinson\V11PO01.png,1,0.530749,0
pdraw_wave,resnet50,contrast,1,C:\Users\ramti\Desktop\ramtin legion pc\article_project\data\raw\pdraw_wave\test\parkinson\V14PO01.png,1,0.639742,1
pdraw_wave,resnet50,contrast,1,C:\Users\ramti\Desktop\ramtin legion pc\article_project\data\raw\pdraw_wave\test\parkinson\V14PO03.png,1,0.658990,1
pdraw_wave,resnet50,contrast,2,C:\Users\ramti\Desktop\ramtin legion pc\article_project\data\raw\pdraw_wave\test\healthy\V01HO01.png,0,0.538731,0
pdraw_wave,resnet50,contrast,2,C:\Users\ramti\Desktop\ramtin legion pc\article_project\data\raw\pdraw_wave\test\healthy\V02HO01.png,0,0.500432,0
pdraw_wave,resnet50,contrast,2,C:\Users\ramti\Desktop\ramtin legion pc\article_project\data\raw\pdraw_wave\test\healthy\V03HO01.png,0,0.503129,0
pdraw_wave,resnet50,contrast,2,C:\Users\ramti\Desktop\ramtin legion pc\article_project\data\raw\pdraw_wave\test\healthy\V04HO01.png,0,0.488613,0
pdraw_wave,resnet50,contrast,2,C:\Users\ramti\Desktop\ramtin legion pc\article_project\data\raw\pdraw_wave\test\healthy\V05HO01.png,0,0.548370,0
pdraw_wave,resnet50,contrast,2,C:\Users\ramti\Desktop\ramtin legion pc\article_project\data\raw\pdraw_wave\test\healthy\V06HO01.png,0,0.545080,0
pdraw_wave,resnet50,contrast,2,C:\Users\ramti\Desktop\ramtin legion pc\article_project\data\raw\pdraw_wave\test\healthy\V07HO01.png,0,0.484094,0
pdraw_wave,resnet50,contrast,2,C:\Users\ramti\Desktop\ramtin legion pc\article_project\data\raw\pdraw_wave\test\healthy\V08HO01.png,0,0.482633,0
pdraw_wave,resnet50,contrast,2,C:\Users\ramti\Desktop\ramtin legion pc\article_project\data\raw\pdraw_wave\test\healthy\V09HO01.png,0,0.518887,0
pdraw_wave,resnet50,contrast,2,C:\Users\ramti\Desktop\ramtin legion pc\article_project\data\raw\pdraw_wave\test\healthy\V10HO01.png,0,0.522879,0
pdraw_wave,resnet50,contrast,2,C:\Users\ramti\Desktop\ramtin legion pc\article_project\data\raw\pdraw_wave\test\healthy\V11HO01.png,0,0.470103,0
pdraw_wave,resnet50,contrast,2,C:\Users\ramti\Desktop\ramtin legion pc\article_project\data\raw\pdraw_wave\test\healthy\V55HO08.png,0,0.506993,0
pdraw_wave,resnet50,contrast,2,C:\Users\ramti\Desktop\ramtin legion pc\article_project\data\raw\pdraw_wave\test\healthy\V55HO09.png,0,0.512719,0
pdraw_wave,resnet50,contrast,2,C:\Users\ramti\Desktop\ramtin legion pc\article_project\data\raw\pdraw_wave\test\healthy\V55HO10.png,0,0.491957,0
pdraw_wave,resnet50,contrast,2,C:\Users\ramti\Desktop\ramtin legion pc\article_project\data\raw\pdraw_wave\test\healthy\V55HO11.png,0,0.525849,0
pdraw_wave,resnet50,contrast,2,C:\Users\ramti\Desktop\ramtin legion pc\article_project\data\raw\pdraw_wave\test\parkinson\V01PO01.png,1,0.546696,0
pdraw_wave,resnet50,contrast,2,C:\Users\ramti\Desktop\ramtin legion pc\article_project\data\raw\pdraw_wave\test\parkinson\V02PO01.png,1,0.583732,1
pdraw_wave,resnet50,contrast,2,C:\Users\ramti\Desktop\ramtin legion pc\article_project\data\raw\pdraw_wave\test\parkinson\V03PO01.png,1,0.679283,1
pdraw_wave,resnet50,contrast,2,C:\Users\ramti\Desktop\ramtin legion pc\article_project\data\raw\pdraw_wave\test\parkinson\V03PO04.png,1,0.687115,1
pdraw_wave,resnet50,contrast,2,C:\Users\ramti\Desktop\ramtin legion pc\article_project\data\raw\pdraw_wave\test\parkinson\V03PO07.png,1,0.664084,1
pdraw_wave,resnet50,contrast,2,C:\Users\ramti\Desktop\ramtin legion pc\article_project\data\raw\pdraw_wave\test\parkinson\V04PO01.png,1,0.683361,1
pdraw_wave,resnet50,contrast,2,C:\Users\ramti\Desktop\ramtin legion pc\article_project\data\raw\pdraw_wave\test\parkinson\V05PO01.png,1,0.665684,1
pdraw_wave,resnet50,contrast,2,C:\Users\ramti\Desktop\ramtin legion pc\article_project\data\raw\pdraw_wave\test\parkinson\V06PO01.png,1,0.634417,1
pdraw_wave,resnet50,contrast,2,C:\Users\ramti\Desktop\ramtin legion pc\article_project\data\raw\pdraw_wave\test\parkinson\V07PO01.png,1,0.694594,1
pdraw_wave,resnet50,contrast,2,C:\Users\ramti\Desktop\ramtin legion pc\article_project\data\raw\pdraw_wave\test\parkinson\V08PO01.png,1,0.494721,0
pdraw_wave,resnet50,contrast,2,C:\Users\ramti\Desktop\ramtin legion pc\article_project\data\raw\pdraw_wave\test\parkinson\V09PO01.png,1,0.666280,1
pdraw_wave,resnet50,contrast,2,C:\Users\ramti\Desktop\ramtin legion pc\article_project\data\raw\pdraw_wave\test\parkinson\V10PO01.png,1,0.545269,0
pdraw_wave,resnet50,contrast,2,C:\Users\ramti\Desktop\ramtin legion pc\article_project\data\raw\pdraw_wave\test\parkinson\V11PO01.png,1,0.529837,0
pdraw_wave,resnet50,contrast,2,C:\Users\ramti\Desktop\ramtin legion pc\article_project\data\raw\pdraw_wave\test\parkinson\V14PO01.png,1,0.653860,1
pdraw_wave,resnet50,contrast,2,C:\Users\ramti\Desktop\ramtin legion pc\article_project\data\raw\pdraw_wave\test\parkinson\V14PO03.png,1,0.665991,1
pdraw_wave,resnet50,contrast,3,C:\Users\ramti\Desktop\ramtin legion pc\article_project\data\raw\pdraw_wave\test\healthy\V01HO01.png,0,0.556005,1
pdraw_wave,resnet50,contrast,3,C:\Users\ramti\Desktop\ramtin legion pc\article_project\data\raw\pdraw_wave\test\healthy\V02HO01.png,0,0.508741,0
pdraw_wave,resnet50,contrast,3,C:\Users\ramti\Desktop\ramtin legion pc\article_project\data\raw\pdraw_wave\test\healthy\V03HO01.png,0,0.508672,0
pdraw_wave,resnet50,contrast,3,C:\Users\ramti\Desktop\ramtin legion pc\article_project\data\raw\pdraw_wave\test\healthy\V04HO01.png,0,0.491643,0
pdraw_wave,resnet50,contrast,3,C:\Users\ramti\Desktop\ramtin legion pc\article_project\data\raw\pdraw_wave\test\healthy\V05HO01.png,0,0.551929,1
pdraw_wave,resnet50,contrast,3,C:\Users\ramti\Desktop\ramtin legion pc\article_project\data\raw\pdraw_wave\test\healthy\V06HO01.png,0,0.550997,1
pdraw_wave,resnet50,contrast,3,C:\Users\ramti\Desktop\ramtin legion pc\article_project\data\raw\pdraw_wave\test\healthy\V07HO01.png,0,0.484389,0
pdraw_wave,resnet50,contrast,3,C:\Users\ramti\Desktop\ramtin legion pc\article_project\data\raw\pdraw_wave\test\healthy\V08HO01.png,0,0.483738,0
pdraw_wave,resnet50,contrast,3,C:\Users\ramti\Desktop\ramtin legion pc\article_project\data\raw\pdraw_wave\test\healthy\V09HO01.png,0,0.517756,0
pdraw_wave,resnet50,contrast,3,C:\Users\ramti\Desktop\ramtin legion pc\article_project\data\raw\pdraw_wave\test\healthy\V10HO01.png,0,0.531310,0
pdraw_wave,resnet50,contrast,3,C:\Users\ramti\Desktop\ramtin legion pc\article_project\data\raw\pdraw_wave\test\healthy\V11HO01.png,0,0.471243,0
pdraw_wave,resnet50,contrast,3,C:\Users\ramti\Desktop\ramtin legion pc\article_project\data\raw\pdraw_wave\test\healthy\V55HO08.png,0,0.513072,0
pdraw_wave,resnet50,contrast,3,C:\Users\ramti\Desktop\ramtin legion pc\article_project\data\raw\pdraw_wave\test\healthy\V55HO09.png,0,0.520136,0
pdraw_wave,resnet50,contrast,3,C:\Users\ramti\Desktop\ramtin legion pc\article_project\data\raw\pdraw_wave\test\healthy\V55HO10.png,0,0.495262,0
pdraw_wave,resnet50,contrast,3,C:\Users\ramti\Desktop\ramtin legion pc\article_project\data\raw\pdraw_wave\test\healthy\V55HO11.png,0,0.539435,0
pdraw_wave,resnet50,contrast,3,C:\Users\ramti\Desktop\ramtin legion pc\article_project\data\raw\pdraw_wave\test\parkinson\V01PO01.png,1,0.549954,0
pdraw_wave,resnet50,contrast,3,C:\Users\ramti\Desktop\ramtin legion pc\article_project\data\raw\pdraw_wave\test\parkinson\V02PO01.png,1,0.587825,1
pdraw_wave,resnet50,contrast,3,C:\Users\ramti\Desktop\ramtin legion pc\article_project\data\raw\pdraw_wave\test\parkinson\V03PO01.png,1,0.687606,1
pdraw_wave,resnet50,contrast,3,C:\Users\ramti\Desktop\ramtin legion pc\article_project\data\raw\pdraw_wave\test\parkinson\V03PO04.png,1,0.696974,1
pdraw_wave,resnet50,contrast,3,C:\Users\ramti\Desktop\ramtin legion pc\article_project\data\raw\pdraw_wave\test\parkinson\V03PO07.png,1,0.664817,1
pdraw_wave,resnet50,contrast,3,C:\Users\ramti\Desktop\ramtin legion pc\article_project\data\raw\pdraw_wave\test\parkinson\V04PO01.png,1,0.685436,1
pdraw_wave,resnet50,contrast,3,C:\Users\ramti\Desktop\ramtin legion pc\article_project\data\raw\pdraw_wave\test\parkinson\V05PO01.png,1,0.670925,1
pdraw_wave,resnet50,contrast,3,C:\Users\ramti\Desktop\ramtin legion pc\article_project\data\raw\pdraw_wave\test\parkinson\V06PO01.png,1,0.636154,1
pdraw_wave,resnet50,contrast,3,C:\Users\ramti\Desktop\ramtin legion pc\article_project\data\raw\pdraw_wave\test\parkinson\V07PO01.png,1,0.701672,1
pdraw_wave,resnet50,contrast,3,C:\Users\ramti\Desktop\ramtin legion pc\article_project\data\raw\pdraw_wave\test\parkinson\V08PO01.png,1,0.501898,0
pdraw_wave,resnet50,contrast,3,C:\Users\ramti\Desktop\ramtin legion pc\article_project\data\raw\pdraw_wave\test\parkinson\V09PO01.png,1,0.673274,1
pdraw_wave,resnet50,contrast,3,C:\Users\ramti\Desktop\ramtin legion pc\article_project\data\raw\pdraw_wave\test\parkinson\V10PO01.png,1,0.547774,0
pdraw_wave,resnet50,contrast,3,C:\Users\ramti\Desktop\ramtin legion pc\article_project\data\raw\pdraw_wave\test\parkinson\V11PO01.png,1,0.528286,0
pdraw_wave,resnet50,contrast,3,C:\Users\ramti\Desktop\ramtin legion pc\article_project\data\raw\pdraw_wave\test\parkinson\V14PO01.png,1,0.661202,1
pdraw_wave,resnet50,contrast,3,C:\Users\ramti\Desktop\ramtin legion pc\article_project\data\raw\pdraw_wave\test\parkinson\V14PO03.png,1,0.664739,1
pdraw_wave,resnet50,contrast,4,C:\Users\ramti\Desktop\ramtin legion pc\article_project\data\raw\pdraw_wave\test\healthy\V01HO01.png,0,0.580475,1
pdraw_wave,resnet50,contrast,4,C:\Users\ramti\Desktop\ramtin legion pc\article_project\data\raw\pdraw_wave\test\healthy\V02HO01.png,0,0.536004,0
pdraw_wave,resnet50,contrast,4,C:\Users\ramti\Desktop\ramtin legion pc\article_project\data\raw\pdraw_wave\test\healthy\V03HO01.png,0,0.519213,0
pdraw_wave,resnet50,contrast,4,C:\Users\ramti\Desktop\ramtin legion pc\article_project\data\raw\pdraw_wave\test\healthy\V04HO01.png,0,0.512889,0
pdraw_wave,resnet50,contrast,4,C:\Users\ramti\Desktop\ramtin legion pc\article_project\data\raw\pdraw_wave\test\healthy\V05HO01.png,0,0.568231,1
pdraw_wave,resnet50,contrast,4,C:\Users\ramti\Desktop\ramtin legion pc\article_project\data\raw\pdraw_wave\test\healthy\V06HO01.png,0,0.561309,1
pdraw_wave,resnet50,contrast,4,C:\Users\ramti\Desktop\ramtin legion pc\article_project\data\raw\pdraw_wave\test\healthy\V07HO01.png,0,0.485107,0
pdraw_wave,resnet50,contrast,4,C:\Users\ramti\Desktop\ramtin legion pc\article_project\data\raw\pdraw_wave\test\healthy\V08HO01.png,0,0.501181,0
pdraw_wave,resnet50,contrast,4,C:\Users\ramti\Desktop\ramtin legion pc\article_project\data\raw\pdraw_wave\test\healthy\V09HO01.png,0,0.527194,0
pdraw_wave,resnet50,contrast,4,C:\Users\ramti\Desktop\ramtin legion pc\article_project\data\raw\pdraw_wave\test\healthy\V10HO01.png,0,0.559633,1
pdraw_wave,resnet50,contrast,4,C:\Users\ramti\Desktop\ramtin legion pc\article_project\data\raw\pdraw_wave\test\healthy\V11HO01.png,0,0.476641,0
pdraw_wave,resnet50,contrast,4,C:\Users\ramti\Desktop\ramtin legion pc\article_project\data\raw\pdraw_wave\test\healthy\V55HO08.png,0,0.540433,0
pdraw_wave,resnet50,contrast,4,C:\Users\ramti\Desktop\ramtin legion pc\article_project\data\raw\pdraw_wave\test\healthy\V55HO09.png,0,0.535394,0
pdraw_wave,resnet50,contrast,4,C:\Users\ramti\Desktop\ramtin legion pc\article_project\data\raw\pdraw_wave\test\healthy\V55HO10.png,0,0.511661,0
pdraw_wave,resnet50,contrast,4,C:\Users\ramti\Desktop\ramtin legion pc\article_project\data\raw\pdraw_wave\test\healthy\V55HO11.png,0,0.576366,1
pdraw_wave,resnet50,contrast,4,C:\Users\ramti\Desktop\ramtin legion pc\article_project\data\raw\pdraw_wave\test\parkinson\V01PO01.png,1,0.552432,1
pdraw_wave,resnet50,contrast,4,C:\Users\ramti\Desktop\ramtin legion pc\article_project\data\raw\pdraw_wave\test\parkinson\V02PO01.png,1,0.596366,1
pdraw_wave,resnet50,contrast,4,C:\Users\ramti\Desktop\ramtin legion pc\article_project\data\raw\pdraw_wave\test\parkinson\V03PO01.png,1,0.707902,1
pdraw_wave,resnet50,contrast,4,C:\Users\ramti\Desktop\ramtin legion pc\article_project\data\raw\pdraw_wave\test\parkinson\V03PO04.png,1,0.714440,1
pdraw_wave,resnet50,contrast,4,C:\Users\ramti\Desktop\ramtin legion pc\article_project\data\raw\pdraw_wave\test\parkinson\V03PO07.png,1,0.662816,1
pdraw_wave,resnet50,contrast,4,C:\Users\ramti\Desktop\ramtin legion pc\article_project\data\raw\pdraw_wave\test\parkinson\V04PO01.png,1,0.695636,1
pdraw_wave,resnet50,contrast,4,C:\Users\ramti\Desktop\ramtin legion pc\article_project\data\raw\pdraw_wave\test\parkinson\V05PO01.png,1,0.678095,1
pdraw_wave,resnet50,contrast,4,C:\Users\ramti\Desktop\ramtin legion pc\article_project\data\raw\pdraw_wave\test\parkinson\V06PO01.png,1,0.640170,1
pdraw_wave,resnet50,contrast,4,C:\Users\ramti\Desktop\ramtin legion pc\article_project\data\raw\pdraw_wave\test\parkinson\V07PO01.png,1,0.719044,1
pdraw_wave,resnet50,contrast,4,C:\Users\ramti\Desktop\ramtin legion pc\article_project\data\raw\pdraw_wave\test\parkinson\V08PO01.png,1,0.525865,0
pdraw_wave,resnet50,contrast,4,C:\Users\ramti\Desktop\ramtin legion pc\article_project\data\raw\pdraw_wave\test\parkinson\V09PO01.png,1,0.680008,1
pdraw_wave,resnet50,contrast,4,C:\Users\ramti\Desktop\ramtin legion pc\article_project\data\raw\pdraw_wave\test\parkinson\V10PO01.png,1,0.569228,1
pdraw_wave,resnet50,contrast,4,C:\Users\ramti\Desktop\ramtin legion pc\article_project\data\raw\pdraw_wave\test\parkinson\V11PO01.png,1,0.535096,0
pdraw_wave,resnet50,contrast,4,C:\Users\ramti\Desktop\ramtin legion pc\article_project\data\raw\pdraw_wave\test\parkinson\V14PO01.png,1,0.669373,1
pdraw_wave,resnet50,contrast,4,C:\Users\ramti\Desktop\ramtin legion pc\article_project\data\raw\pdraw_wave\test\parkinson\V14PO03.png,1,0.670141,1
pdraw_wave,resnet50,contrast,5,C:\Users\ramti\Desktop\ramtin legion pc\article_project\data\raw\pdraw_wave\test\healthy\V01HO01.png,0,0.580660,1
pdraw_wave,resnet50,contrast,5,C:\Users\ramti\Desktop\ramtin legion pc\article_project\data\raw\pdraw_wave\test\healthy\V02HO01.png,0,0.541942,0
pdraw_wave,resnet50,contrast,5,C:\Users\ramti\Desktop\ramtin legion pc\article_project\data\raw\pdraw_wave\test\healthy\V03HO01.png,0,0.519657,0
pdraw_wave,resnet50,contrast,5,C:\Users\ramti\Desktop\ramtin legion pc\article_project\data\raw\pdraw_wave\test\healthy\V04HO01.png,0,0.520515,0
pdraw_wave,resnet50,contrast,5,C:\Users\ramti\Desktop\ramtin legion pc\article_project\data\raw\pdraw_wave\test\healthy\V05HO01.png,0,0.572691,1
pdraw_wave,resnet50,contrast,5,C:\Users\ramti\Desktop\ramtin legion pc\article_project\data\raw\pdraw_wave\test\healthy\V06HO01.png,0,0.565532,1
pdraw_wave,resnet50,contrast,5,C:\Users\ramti\Desktop\ramtin legion pc\article_project\data\raw\pdraw_wave\test\healthy\V07HO01.png,0,0.484916,0
pdraw_wave,resnet50,contrast,5,C:\Users\ramti\Desktop\ramtin legion pc\article_project\data\raw\pdraw_wave\test\healthy\V08HO01.png,0,0.504485,0
pdraw_wave,resnet50,contrast,5,C:\Users\ramti\Desktop\ramtin legion pc\article_project\data\raw\pdraw_wave\test\healthy\V09HO01.png,0,0.530433,0
pdraw_wave,resnet50,contrast,5,C:\Users\ramti\Desktop\ramtin legion pc\article_project\data\raw\pdraw_wave\test\healthy\V10HO01.png,0,0.565044,1
pdraw_wave,resnet50,contrast,5,C:\Users\ramti\Desktop\ramtin legion pc\article_project\data\raw\pdraw_wave\test\healthy\V11HO01.png,0,0.479697,0
pdraw_wave,resnet50,contrast,5,C:\Users\ramti\Desktop\ramtin legion pc\article_project\data\raw\pdraw_wave\test\healthy\V55HO08.png,0,0.543053,0
pdraw_wave,resnet50,contrast,5,C:\Users\ramti\Desktop\ramtin legion pc\article_project\data\raw\pdraw_wave\test\healthy\V55HO09.png,0,0.539623,0
pdraw_wave,resnet50,contrast,5,C:\Users\ramti\Desktop\ramtin legion pc\article_project\data\raw\pdraw_wave\test\healthy\V55HO10.png,0,0.516114,0
pdraw_wave,resnet50,contrast,5,C:\Users\ramti\Desktop\ramtin legion pc\article_project\data\raw\pdraw_wave\test\healthy\V55HO11.png,0,0.588896,1
pdraw_wave,resnet50,contrast,5,C:\Users\ramti\Desktop\ramtin legion pc\article_project\data\raw\pdraw_wave\test\parkinson\V01PO01.png,1,0.552398,1
pdraw_wave,resnet50,contrast,5,C:\Users\ramti\Desktop\ramtin legion pc\article_project\data\raw\pdraw_wave\test\parkinson\V02PO01.png,1,0.592366,1
pdraw_wave,resnet50,contrast,5,C:\Users\ramti\Desktop\ramtin legion pc\article_project\data\raw\pdraw_wave\test\parkinson\V03PO01.png,1,0.712592,1
pdraw_wave,resnet50,contrast,5,C:\Users\ramti\Desktop\ramtin legion pc\article_project\data\raw\pdraw_wave\test\parkinson\V03PO04.png,1,0.721858,1
pdraw_wave,resnet50,contrast,5,C:\Users\ramti\Desktop\ramtin legion pc\article_project\data\raw\pdraw_wave\test\parkinson\V03PO07.png,1,0.665030,1
pdraw_wave,resnet50,contrast,5,C:\Users\ramti\Desktop\ramtin legion pc\article_project\data\raw\pdraw_wave\test\parkinson\V04PO01.png,1,0.701196,1
pdraw_wave,resnet50,contrast,5,C:\Users\ramti\Desktop\ramtin legion pc\article_project\data\raw\pdraw_wave\test\parkinson\V05PO01.png,1,0.682154,1
pdraw_wave,resnet50,contrast,5,C:\Users\ramti\Desktop\ramtin legion pc\article_project\data\raw\pdraw_wave\test\parkinson\V06PO01.png,1,0.643688,1
pdraw_wave,resnet50,contrast,5,C:\Users\ramti\Desktop\ramtin legion pc\article_project\data\raw\pdraw_wave\test\parkinson\V07PO01.png,1,0.725144,1
pdraw_wave,resnet50,contrast,5,C:\Users\ramti\Desktop\ramtin legion pc\article_project\data\raw\pdraw_wave\test\parkinson\V08PO01.png,1,0.534976,0
pdraw_wave,resnet50,contrast,5,C:\Users\ramti\Desktop\ramtin legion pc\article_project\data\raw\pdraw_wave\test\parkinson\V09PO01.png,1,0.685184,1
pdraw_wave,resnet50,contrast,5,C:\Users\ramti\Desktop\ramtin legion pc\article_project\data\raw\pdraw_wave\test\parkinson\V10PO01.png,1,0.583404,1
pdraw_wave,resnet50,contrast,5,C:\Users\ramti\Desktop\ramtin legion pc\article_project\data\raw\pdraw_wave\test\parkinson\V11PO01.png,1,0.535416,0
pdraw_wave,resnet50,contrast,5,C:\Users\ramti\Desktop\ramtin legion pc\article_project\data\raw\pdraw_wave\test\parkinson\V14PO01.png,1,0.669915,1
pdraw_wave,resnet50,contrast,5,C:\Users\ramti\Desktop\ramtin legion pc\article_project\data\raw\pdraw_wave\test\parkinson\V14PO03.png,1,0.667818,1
pdraw_wave,resnet50,brightness,1,C:\Users\ramti\Desktop\ramtin legion pc\article_project\data\raw\pdraw_wave\test\healthy\V01HO01.png,0,0.552097,1
pdraw_wave,resnet50,brightness,1,C:\Users\ramti\Desktop\ramtin legion pc\article_project\data\raw\pdraw_wave\test\healthy\V02HO01.png,0,0.512702,0
pdraw_wave,resnet50,brightness,1,C:\Users\ramti\Desktop\ramtin legion pc\article_project\data\raw\pdraw_wave\test\healthy\V03HO01.png,0,0.519391,0
pdraw_wave,resnet50,brightness,1,C:\Users\ramti\Desktop\ramtin legion pc\article_project\data\raw\pdraw_wave\test\healthy\V04HO01.png,0,0.508316,0
pdraw_wave,resnet50,brightness,1,C:\Users\ramti\Desktop\ramtin legion pc\article_project\data\raw\pdraw_wave\test\healthy\V05HO01.png,0,0.537129,0
pdraw_wave,resnet50,brightness,1,C:\Users\ramti\Desktop\ramtin legion pc\article_project\data\raw\pdraw_wave\test\healthy\V06HO01.png,0,0.534577,0
pdraw_wave,resnet50,brightness,1,C:\Users\ramti\Desktop\ramtin legion pc\article_project\data\raw\pdraw_wave\test\healthy\V07HO01.png,0,0.504855,0
pdraw_wave,resnet50,brightness,1,C:\Users\ramti\Desktop\ramtin legion pc\article_project\data\raw\pdraw_wave\test\healthy\V08HO01.png,0,0.473001,0
pdraw_wave,resnet50,brightness,1,C:\Users\ramti\Desktop\ramtin legion pc\article_project\data\raw\pdraw_wave\test\healthy\V09HO01.png,0,0.532692,0
pdraw_wave,resnet50,brightness,1,C:\Users\ramti\Desktop\ramtin legion pc\article_project\data\raw\pdraw_wave\test\healthy\V10HO01.png,0,0.522119,0
pdraw_wave,resnet50,brightness,1,C:\Users\ramti\Desktop\ramtin legion pc\article_project\data\raw\pdraw_wave\test\healthy\V11HO01.png,0,0.472845,0
pdraw_wave,resnet50,brightness,1,C:\Users\ramti\Desktop\ramtin legion pc\article_project\data\raw\pdraw_wave\test\healthy\V55HO08.png,0,0.517579,0
pdraw_wave,resnet50,brightness,1,C:\Users\ramti\Desktop\ramtin legion pc\article_project\data\raw\pdraw_wave\test\healthy\V55HO09.png,0,0.535717,0
pdraw_wave,resnet50,brightness,1,C:\Users\ramti\Desktop\ramtin legion pc\article_project\data\raw\pdraw_wave\test\healthy\V55HO10.png,0,0.503864,0
pdraw_wave,resnet50,brightness,1,C:\Users\ramti\Desktop\ramtin legion pc\article_project\data\raw\pdraw_wave\test\healthy\V55HO11.png,0,0.560875,1
pdraw_wave,resnet50,brightness,1,C:\Users\ramti\Desktop\ramtin legion pc\article_project\data\raw\pdraw_wave\test\parkinson\V01PO01.png,1,0.542924,0
pdraw_wave,resnet50,brightness,1,C:\Users\ramti\Desktop\ramtin legion pc\article_project\data\raw\pdraw_wave\test\parkinson\V02PO01.png,1,0.574002,1
pdraw_wave,resnet50,brightness,1,C:\Users\ramti\Desktop\ramtin legion pc\article_project\data\raw\pdraw_wave\test\parkinson\V03PO01.png,1,0.679971,1
pdraw_wave,resnet50,brightness,1,C:\Users\ramti\Desktop\ramtin legion pc\article_project\data\raw\pdraw_wave\test\parkinson\V03PO04.png,1,0.679556,1
pdraw_wave,resnet50,brightness,1,C:\Users\ramti\Desktop\ramtin legion pc\article_project\data\raw\pdraw_wave\test\parkinson\V03PO07.png,1,0.648028,1
pdraw_wave,resnet50,brightness,1,C:\Users\ramti\Desktop\ramtin legion pc\article_project\data\raw\pdraw_wave\test\parkinson\V04PO01.png,1,0.689554,1
pdraw_wave,resnet50,brightness,1,C:\Users\ramti\Desktop\ramtin legion pc\article_project\data\raw\pdraw_wave\test\parkinson\V05PO01.png,1,0.657797,1
pdraw_wave,resnet50,brightness,1,C:\Users\ramti\Desktop\ramtin legion pc\article_project\data\raw\pdraw_wave\test\parkinson\V06PO01.png,1,0.632692,1
pdraw_wave,resnet50,brightness,1,C:\Users\ramti\Desktop\ramtin legion pc\article_project\data\raw\pdraw_wave\test\parkinson\V07PO01.png,1,0.699076,1
pdraw_wave,resnet50,brightness,1,C:\Users\ramti\Desktop\ramtin legion pc\article_project\data\raw\pdraw_wave\test\parkinson\V08PO01.png,1,0.494752,0
pdraw_wave,resnet50,brightness,1,C:\Users\ramti\Desktop\ramtin legion pc\article_project\data\raw\pdraw_wave\test\parkinson\V09PO01.png,1,0.674572,1
pdraw_wave,resnet50,brightness,1,C:\Users\ramti\Desktop\ramtin legion pc\article_project\data\raw\pdraw_wave\test\parkinson\V10PO01.png,1,0.557627,1
pdraw_wave,resnet50,brightness,1,C:\Users\ramti\Desktop\ramtin legion pc\article_project\data\raw\pdraw_wave\test\parkinson\V11PO01.png,1,0.531213,0
pdraw_wave,resnet50,brightness,1,C:\Users\ramti\Desktop\ramtin legion pc\article_project\data\raw\pdraw_wave\test\parkinson\V14PO01.png,1,0.662212,1
pdraw_wave,resnet50,brightness,1,C:\Users\ramti\Desktop\ramtin legion pc\article_project\data\raw\pdraw_wave\test\parkinson\V14PO03.png,1,0.661856,1
pdraw_wave,resnet50,brightness,2,C:\Users\ramti\Desktop\ramtin legion pc\article_project\data\raw\pdraw_wave\test\healthy\V01HO01.png,0,0.564992,1
pdraw_wave,resnet50,brightness,2,C:\Users\ramti\Desktop\ramtin legion pc\article_project\data\raw\pdraw_wave\test\healthy\V02HO01.png,0,0.507878,0
pdraw_wave,resnet50,brightness,2,C:\Users\ramti\Desktop\ramtin legion pc\article_project\data\raw\pdraw_wave\test\healthy\V03HO01.png,0,0.521805,0
pdraw_wave,resnet50,brightness,2,C:\Users\ramti\Desktop\ramtin legion pc\article_project\data\raw\pdraw_wave\test\healthy\V04HO01.png,0,0.507665,0
pdraw_wave,resnet50,brightness,2,C:\Users\ramti\Desktop\ramtin legion pc\article_project\data\raw\pdraw_wave\test\healthy\V05HO01.png,0,0.542227,0
pdraw_wave,resnet50,brightness,2,C:\Users\ramti\Desktop\ramtin legion pc\article_project\data\raw\pdraw_wave\test\healthy\V06HO01.png,0,0.537471,0
pdraw_wave,resnet50,brightness,2,C:\Users\ramti\Desktop\ramtin legion pc\article_project\data\raw\pdraw_wave\test\healthy\V07HO01.png,0,0.493996,0
pdraw_wave,resnet50,brightness,2,C:\Users\ramti\Desktop\ramtin legion pc\article_project\data\raw\pdraw_wave\test\healthy\V08HO01.png,0,0.472710,0
pdraw_wave,resnet50,brightness,2,C:\Users\ramti\Desktop\ramtin legion pc\article_project\data\raw\pdraw_wave\test\healthy\V09HO01.png,0,0.527738,0
pdraw_wave,resnet50,brightness,2,C:\Users\ramti\Desktop\ramtin legion pc\article_project\data\raw\pdraw_wave\test\healthy\V10HO01.png,0,0.532036,0
pdraw_wave,resnet50,brightness,2,C:\Users\ramti\Desktop\ramtin legion pc\article_project\data\raw\pdraw_wave\test\healthy\V11HO01.png,0,0.471782,0
pdraw_wave,resnet50,brightness,2,C:\Users\ramti\Desktop\ramtin legion pc\article_project\data\raw\pdraw_wave\test\healthy\V55HO08.png,0,0.536289,0
pdraw_wave,resnet50,brightness,2,C:\Users\ramti\Desktop\ramtin legion pc\article_project\data\raw\pdraw_wave\test\healthy\V55HO09.png,0,0.539208,0
pdraw_wave,resnet50,brightness,2,C:\Users\ramti\Desktop\ramtin legion pc\article_project\data\raw\pdraw_wave\test\healthy\V55HO10.png,0,0.504814,0
pdraw_wave,resnet50,brightness,2,C:\Users\ramti\Desktop\ramtin legion pc\article_project\data\raw\pdraw_wave\test\healthy\V55HO11.png,0,0.566244,1
pdraw_wave,resnet50,brightness,2,C:\Users\ramti\Desktop\ramtin legion pc\article_project\data\raw\pdraw_wave\test\parkinson\V01PO01.png,1,0.551579,1
pdraw_wave,resnet50,brightness,2,C:\Users\ramti\Desktop\ramtin legion pc\article_project\data\raw\pdraw_wave\test\parkinson\V02PO01.png,1,0.580380,1
pdraw_wave,resnet50,brightness,2,C:\Users\ramti\Desktop\ramtin legion pc\article_project\data\raw\pdraw_wave\test\parkinson\V03PO01.png,1,0.674495,1
pdraw_wave,resnet50,brightness,2,C:\Users\ramti\Desktop\ramtin legion pc\article_project\data\raw\pdraw_wave\test\parkinson\V03PO04.png,1,0.675912,1
pdraw_wave,resnet50,brightness,2,C:\Users\ramti\Desktop\ramtin legion pc\article_project\data\raw\pdraw_wave\test\parkinson\V03PO07.png,1,0.645145,1
pdraw_wave,resnet50,brightness,2,C:\Users\ramti\Desktop\ramtin legion pc\article_project\data\raw\pdraw_wave\test\parkinson\V04PO01.png,1,0.688072,1
pdraw_wave,resnet50,brightness,2,C:\Users\ramti\Desktop\ramtin legion pc\article_project\data\raw\pdraw_wave\test\parkinson\V05PO01.png,1,0.662563,1
pdraw_wave,resnet50,brightness,2,C:\Users\ramti\Desktop\ramtin legion pc\article_project\data\raw\pdraw_wave\test\parkinson\V06PO01.png,1,0.630224,1
pdraw_wave,resnet50,brightness,2,C:\Users\ramti\Desktop\ramtin legion pc\article_project\data\raw\pdraw_wave\test\parkinson\V07PO01.png,1,0.694158,1
pdraw_wave,resnet50,brightness,2,C:\Users\ramti\Desktop\ramtin legion pc\article_project\data\raw\pdraw_wave\test\parkinson\V08PO01.png,1,0.496360,0
pdraw_wave,resnet50,brightness,2,C:\Users\ramti\Desktop\ramtin legion pc\article_project\data\raw\pdraw_wave\test\parkinson\V09PO01.png,1,0.664728,1
pdraw_wave,resnet50,brightness,2,C:\Users\ramti\Desktop\ramtin legion pc\article_project\data\raw\pdraw_wave\test\parkinson\V10PO01.png,1,0.546449,0
pdraw_wave,resnet50,brightness,2,C:\Users\ramti\Desktop\ramtin legion pc\article_project\data\raw\pdraw_wave\test\parkinson\V11PO01.png,1,0.530678,0
pdraw_wave,resnet50,brightness,2,C:\Users\ramti\Desktop\ramtin legion pc\article_project\data\raw\pdraw_wave\test\parkinson\V14PO01.png,1,0.660797,1
pdraw_wave,resnet50,brightness,2,C:\Users\ramti\Desktop\ramtin legion pc\article_project\data\raw\pdraw_wave\test\parkinson\V14PO03.png,1,0.664251,1
pdraw_wave,resnet50,brightness,3,C:\Users\ramti\Desktop\ramtin legion pc\article_project\data\raw\pdraw_wave\test\healthy\V01HO01.png,0,0.571759,1
pdraw_wave,resnet50,brightness,3,C:\Users\ramti\Desktop\ramtin legion pc\article_project\data\raw\pdraw_wave\test\healthy\V02HO01.png,0,0.513458,0
pdraw_wave,resnet50,brightness,3,C:\Users\ramti\Desktop\ramtin legion pc\article_project\data\raw\pdraw_wave\test\healthy\V03HO01.png,0,0.518638,0
pdraw_wave,resnet50,brightness,3,C:\Users\ramti\Desktop\ramtin legion pc\article_project\data\raw\pdraw_wave\test\healthy\V04HO01.png,0,0.502972,0
pdraw_wave,resnet50,brightness,3,C:\Users\ramti\Desktop\ramtin legion pc\article_project\data\raw\pdraw_wave\test\healthy\V05HO01.png,0,0.551247,1
pdraw_wave,resnet50,brightness,3,C:\Users\ramti\Desktop\ramtin legion pc\article_project\data\raw\pdraw_wave\test\healthy\V06HO01.png,0,0.544264,0
pdraw_wave,resnet50,brightness,3,C:\Users\ramti\Desktop\ramtin legion pc\article_project\data\raw\pdraw_wave\test\healthy\V07HO01.png,0,0.491650,0
pdraw_wave,resnet50,brightness,3,C:\Users\ramti\Desktop\ramtin legion pc\article_project\data\raw\pdraw_wave\test\healthy\V08HO01.png,0,0.476891,0
pdraw_wave,resnet50,brightness,3,C:\Users\ramti\Desktop\ramtin legion pc\article_project\data\raw\pdraw_wave\test\healthy\V09HO01.png,0,0.519083,0
pdraw_wave,resnet50,brightness,3,C:\Users\ramti\Desktop\ramtin legion pc\article_project\data\raw\pdraw_wave\test\healthy\V10HO01.png,0,0.537583,0
pdraw_wave,resnet50,brightness,3,C:\Users\ramti\Desktop\ramtin legion pc\article_project\data\raw\pdraw_wave\test\healthy\V11HO01.png,0,0.473644,0
pdraw_wave,resnet50,brightness,3,C:\Users\ramti\Desktop\ramtin legion pc\article_project\data\raw\pdraw_wave\test\healthy\V55HO08.png,0,0.534153,0
pdraw_wave,resnet50,brightness,3,C:\Users\ramti\Desktop\ramtin legion pc\article_project\data\raw\pdraw_wave\test\healthy\V55HO09.png,0,0.535486,0
pdraw_wave,resnet50,brightness,3,C:\Users\ramti\Desktop\ramtin legion pc\article_project\data\raw\pdraw_wave\test\healthy\V55HO10.png,0,0.503858,0
pdraw_wave,resnet50,brightness,3,C:\Users\ramti\Desktop\ramtin legion pc\article_project\data\raw\pdraw_wave\test\healthy\V55HO11.png,0,0.564719,1
pdraw_wave,resnet50,brightness,3,C:\Users\ramti\Desktop\ramtin legion pc\article_project\data\raw\pdraw_wave\test\parkinson\V01PO01.png,1,0.552879,1
pdraw_wave,resnet50,brightness,3,C:\Users\ramti\Desktop\ramtin legion pc\article_project\data\raw\pdraw_wave\test\parkinson\V02PO01.png,1,0.582010,1
pdraw_wave,resnet50,brightness,3,C:\Users\ramti\Desktop\ramtin legion pc\article_project\data\raw\pdraw_wave\test\parkinson\V03PO01.png,1,0.678052,1
pdraw_wave,resnet50,brightness,3,C:\Users\ramti\Desktop\ramtin legion pc\article_project\data\raw\pdraw_wave\test\parkinson\V03PO04.png,1,0.680508,1
pdraw_wave,resnet50,brightness,3,C:\Users\ramti\Desktop\ramtin legion pc\article_project\data\raw\pdraw_wave\test\parkinson\V03PO07.png,1,0.648138,1
pdraw_wave,resnet50,brightness,3,C:\Users\ramti\Desktop\ramtin legion pc\article_project\data\raw\pdraw_wave\test\parkinson\V04PO01.png,1,0.690406,1
pdraw_wave,resnet50,brightness,3,C:\Users\ramti\Desktop\ramtin legion pc\article_project\data\raw\pdraw_wave\test\parkinson\V05PO01.png,1,0.666729,1
pdraw_wave,resnet50,brightness,3,C:\Users\ramti\Desktop\ramtin legion pc\article_project\data\raw\pdraw_wave\test\parkinson\V06PO01.png,1,0.636850,1
pdraw_wave,resnet50,brightness,3,C:\Users\ramti\Desktop\ramtin legion pc\article_project\data\raw\pdraw_wave\test\parkinson\V07PO01.png,1,0.697723,1
pdraw_wave,resnet50,brightness,3,C:\Users\ramti\Desktop\ramtin legion pc\article_project\data\raw\pdraw_wave\test\parkinson\V08PO01.png,1,0.503832,0
pdraw_wave,resnet50,brightness,3,C:\Users\ramti\Desktop\ramtin legion pc\article_project\data\raw\pdraw_wave\test\parkinson\V09PO01.png,1,0.665943,1
pdraw_wave,resnet50,brightness,3,C:\Users\ramti\Desktop\ramtin legion pc\article_project\data\raw\pdraw_wave\test\parkinson\V10PO01.png,1,0.546454,0
pdraw_wave,resnet50,brightness,3,C:\Users\ramti\Desktop\ramtin legion pc\article_project\data\raw\pdraw_wave\test\parkinson\V11PO01.png,1,0.531426,0
pdraw_wave,resnet50,brightness,3,C:\Users\ramti\Desktop\ramtin legion pc\article_project\data\raw\pdraw_wave\test\parkinson\V14PO01.png,1,0.662292,1
pdraw_wave,resnet50,brightness,3,C:\Users\ramti\Desktop\ramtin legion pc\article_project\data\raw\pdraw_wave\test\parkinson\V14PO03.png,1,0.664486,1
pdraw_wave,resnet50,brightness,4,C:\Users\ramti\Desktop\ramtin legion pc\article_project\data\raw\pdraw_wave\test\healthy\V01HO01.png,0,0.538060,0
pdraw_wave,resnet50,brightness,4,C:\Users\ramti\Desktop\ramtin legion pc\article_project\data\raw\pdraw_wave\test\healthy\V02HO01.png,0,0.499497,0
pdraw_wave,resnet50,brightness,4,C:\Users\ramti\Desktop\ramtin legion pc\article_project\data\raw\pdraw_wave\test\healthy\V03HO01.png,0,0.503144,0
pdraw_wave,resnet50,brightness,4,C:\Users\ramti\Desktop\ramtin legion pc\article_project\data\raw\pdraw_wave\test\healthy\V04HO01.png,0,0.498103,0
pdraw_wave,resnet50,brightness,4,C:\Users\ramti\Desktop\ramtin legion pc\article_project\data\raw\pdraw_wave\test\healthy\V05HO01.png,0,0.537702,0
pdraw_wave,resnet50,brightness,4,C:\Users\ramti\Desktop\ramtin legion pc\article_project\data\raw\pdraw_wave\test\healthy\V06HO01.png,0,0.539454,0
pdraw_wave,resnet50,brightness,4,C:\Users\ramti\Desktop\ramtin legion pc\article_project\data\raw\pdraw_wave\test\healthy\V07HO01.png,0,0.495769,0
pdraw_wave,resnet50,brightness,4,C:\Users\ramti\Desktop\ramtin legion pc\article_project\data\raw\pdraw_wave\test\healthy\V08HO01.png,0,0.463292,0
pdraw_wave,resnet50,brightness,4,C:\Users\ramti\Desktop\ramtin legion pc\article_project\data\raw\pdraw_wave\test\healthy\V09HO01.png,0,0.540101,0
pdraw_wave,resnet50,brightness,4,C:\Users\ramti\Desktop\ramtin legion pc\article_project\data\raw\pdraw_wave\test\healthy\V10HO01.png,0,0.534029,0
pdraw_wave,resnet50,brightness,4,C:\Users\ramti\Desktop\ramtin legion pc\article_project\data\raw\pdraw_wave\test\healthy\V11HO01.png,0,0.479104,0
pdraw_wave,resnet50,brightness,4,C:\Users\ramti\Desktop\ramtin legion pc\article_project\data\raw\pdraw_wave\test\healthy\V55HO08.png,0,0.547841,0
pdraw_wave,resnet50,brightness,4,C:\Users\ramti\Desktop\ramtin legion pc\article_project\data\raw\pdraw_wave\test\healthy\V55HO09.png,0,0.512673,0
pdraw_wave,resnet50,brightness,4,C:\Users\ramti\Desktop\ramtin legion pc\article_project\data\raw\pdraw_wave\test\healthy\V55HO10.png,0,0.482492,0
pdraw_wave,resnet50,brightness,4,C:\Users\ramti\Desktop\ramtin legion pc\article_project\data\raw\pdraw_wave\test\healthy\V55HO11.png,0,0.539540,0
pdraw_wave,resnet50,brightness,4,C:\Users\ramti\Desktop\ramtin legion pc\article_project\data\raw\pdraw_wave\test\parkinson\V01PO01.png,1,0.524857,0
pdraw_wave,resnet50,brightness,4,C:\Users\ramti\Desktop\ramtin legion pc\article_project\data\raw\pdraw_wave\test\parkinson\V02PO01.png,1,0.571065,1
pdraw_wave,resnet50,brightness,4,C:\Users\ramti\Desktop\ramtin legion pc\article_project\data\raw\pdraw_wave\test\parkinson\V03PO01.png,1,0.653777,1
pdraw_wave,resnet50,brightness,4,C:\Users\ramti\Desktop\ramtin legion pc\article_project\data\raw\pdraw_wave\test\parkinson\V03PO04.png,1,0.647424,1
pdraw_wave,resnet50,brightness,4,C:\Users\ramti\Desktop\ramtin legion pc\article_project\data\raw\pdraw_wave\test\parkinson\V03PO07.png,1,0.651984,1
pdraw_wave,resnet50,brightness,4,C:\Users\ramti\Desktop\ramtin legion pc\article_project\data\raw\pdraw_wave\test\parkinson\V04PO01.png,1,0.654180,1
pdraw_wave,resnet50,brightness,4,C:\Users\ramti\Desktop\ramtin legion pc\article_project\data\raw\pdraw_wave\test\parkinson\V05PO01.png,1,0.662271,1
pdraw_wave,resnet50,brightness,4,C:\Users\ramti\Desktop\ramtin legion pc\article_project\data\raw\pdraw_wave\test\parkinson\V06PO01.png,1,0.590438,1
pdraw_wave,resnet50,brightness,4,C:\Users\ramti\Desktop\ramtin legion pc\article_project\data\raw\pdraw_wave\test\parkinson\V07PO01.png,1,0.696351,1
pdraw_wave,resnet50,brightness,4,C:\Users\ramti\Desktop\ramtin legion pc\article_project\data\raw\pdraw_wave\test\parkinson\V08PO01.png,1,0.472690,0
pdraw_wave,resnet50,brightness,4,C:\Users\ramti\Desktop\ramtin legion pc\article_project\data\raw\pdraw_wave\test\parkinson\V09PO01.png,1,0.684199,1
pdraw_wave,resnet50,brightness,4,C:\Users\ramti\Desktop\ramtin legion pc\article_project\data\raw\pdraw_wave\test\parkinson\V10PO01.png,1,0.537260,0
pdraw_wave,resnet50,brightness,4,C:\Users\ramti\Desktop\ramtin legion pc\article_project\data\raw\pdraw_wave\test\parkinson\V11PO01.png,1,0.532862,0
pdraw_wave,resnet50,brightness,4,C:\Users\ramti\Desktop\ramtin legion pc\article_project\data\raw\pdraw_wave\test\parkinson\V14PO01.png,1,0.660816,1
pdraw_wave,resnet50,brightness,4,C:\Users\ramti\Desktop\ramtin legion pc\article_project\data\raw\pdraw_wave\test\parkinson\V14PO03.png,1,0.626155,1
pdraw_wave,resnet50,brightness,5,C:\Users\ramti\Desktop\ramtin legion pc\article_project\data\raw\pdraw_wave\test\healthy\V01HO01.png,0,0.529277,0
pdraw_wave,resnet50,brightness,5,C:\Users\ramti\Desktop\ramtin legion pc\article_project\data\raw\pdraw_wave\test\healthy\V02HO01.png,0,0.490277,0
pdraw_wave,resnet50,brightness,5,C:\Users\ramti\Desktop\ramtin legion pc\article_project\data\raw\pdraw_wave\test\healthy\V03HO01.png,0,0.517791,0
pdraw_wave,resnet50,brightness,5,C:\Users\ramti\Desktop\ramtin legion pc\article_project\data\raw\pdraw_wave\test\healthy\V04HO01.png,0,0.499936,0
pdraw_wave,resnet50,brightness,5,C:\Users\ramti\Desktop\ramtin legion pc\article_project\data\raw\pdraw_wave\test\healthy\V05HO01.png,0,0.545698,0
pdraw_wave,resnet50,brightness,5,C:\Users\ramti\Desktop\ramtin legion pc\article_project\data\raw\pdraw_wave\test\healthy\V06HO01.png,0,0.563982,1
pdraw_wave,resnet50,brightness,5,C:\Users\ramti\Desktop\ramtin legion pc\article_project\data\raw\pdraw_wave\test\healthy\V07HO01.png,0,0.528426,0
pdraw_wave,resnet50,brightness,5,C:\Users\ramti\Desktop\ramtin legion pc\article_project\data\raw\pdraw_wave\test\healthy\V08HO01.png,0,0.468596,0
pdraw_wave,resnet50,brightness,5,C:\Users\ramti\Desktop\ramtin legion pc\article_project\data\raw\pdraw_wave\test\healthy\V09HO01.png,0,0.526392,0
pdraw_wave,resnet50,brightness,5,C:\Users\ramti\Desktop\ramtin legion pc\article_project\data\raw\pdraw_wave\test\healthy\V10HO01.png,0,0.521555,0
pdraw_wave,resnet50,brightness,5,C:\Users\ramti\Desktop\ramtin legion pc\article_project\data\raw\pdraw_wave\test\healthy\V11HO01.png,0,0.493578,0
pdraw_wave,resnet50,brightness,5,C:\Users\ramti\Desktop\ramtin legion pc\article_project\data\raw\pdraw_wave\test\healthy\V55HO08.png,0,0.536297,0
pdraw_wave,resnet50,brightness,5,C:\Users\ramti\Desktop\ramtin legion pc\article_project\data\raw\pdraw_wave\test\healthy\V55HO09.png,0,0.514418,0
pdraw_wave,resnet50,brightness,5,C:\Users\ramti\Desktop\ramtin legion pc\article_project\data\raw\pdraw_wave\test\healthy\V55HO10.png,0,0.479302,0
pdraw_wave,resnet50,brightness,5,C:\Users\ramti\Desktop\ramtin legion pc\article_project\data\raw\pdraw_wave\test\healthy\V55HO11.png,0,0.539207,0
pdraw_wave,resnet50,brightness,5,C:\Users\ramti\Desktop\ramtin legion pc\article_project\data\raw\pdraw_wave\test\parkinson\V01PO01.png,1,0.545186,0
pdraw_wave,resnet50,brightness,5,C:\Users\ramti\Desktop\ramtin legion pc\article_project\data\raw\pdraw_wave\test\parkinson\V02PO01.png,1,0.571722,1
pdraw_wave,resnet50,brightness,5,C:\Users\ramti\Desktop\ramtin legion pc\article_project\data\raw\pdraw_wave\test\parkinson\V03PO01.png,1,0.633762,1
pdraw_wave,resnet50,brightness,5,C:\Users\ramti\Desktop\ramtin legion pc\article_project\data\raw\pdraw_wave\test\parkinson\V03PO04.png,1,0.655666,1
pdraw_wave,resnet50,brightness,5,C:\Users\ramti\Desktop\ramtin legion pc\article_project\data\raw\pdraw_wave\test\parkinson\V03PO07.png,1,0.611638,1
pdraw_wave,resnet50,brightness,5,C:\Users\ramti\Desktop\ramtin legion pc\article_project\data\raw\pdraw_wave\test\parkinson\V04PO01.png,1,0.648187,1
pdraw_wave,resnet50,brightness,5,C:\Users\ramti\Desktop\ramtin legion pc\article_project\data\raw\pdraw_wave\test\parkinson\V05PO01.png,1,0.657995,1
pdraw_wave,resnet50,brightness,5,C:\Users\ramti\Desktop\ramtin legion pc\article_project\data\raw\pdraw_wave\test\parkinson\V06PO01.png,1,0.592265,1
pdraw_wave,resnet50,brightness,5,C:\Users\ramti\Desktop\ramtin legion pc\article_project\data\raw\pdraw_wave\test\parkinson\V07PO01.png,1,0.711727,1
pdraw_wave,resnet50,brightness,5,C:\Users\ramti\Desktop\ramtin legion pc\article_project\data\raw\pdraw_wave\test\parkinson\V08PO01.png,1,0.474558,0
pdraw_wave,resnet50,brightness,5,C:\Users\ramti\Desktop\ramtin legion pc\article_project\data\raw\pdraw_wave\test\parkinson\V09PO01.png,1,0.700271,1
pdraw_wave,resnet50,brightness,5,C:\Users\ramti\Desktop\ramtin legion pc\article_project\data\raw\pdraw_wave\test\parkinson\V10PO01.png,1,0.527597,0
pdraw_wave,resnet50,brightness,5,C:\Users\ramti\Desktop\ramtin legion pc\article_project\data\raw\pdraw_wave\test\parkinson\V11PO01.png,1,0.527620,0
pdraw_wave,resnet50,brightness,5,C:\Users\ramti\Desktop\ramtin legion pc\article_project\data\raw\pdraw_wave\test\parkinson\V14PO01.png,1,0.663427,1
pdraw_wave,resnet50,brightness,5,C:\Users\ramti\Desktop\ramtin legion pc\article_project\data\raw\pdraw_wave\test\parkinson\V14PO03.png,1,0.631032,1
pdraw_wave,resnet50,shadow,1,C:\Users\ramti\Desktop\ramtin legion pc\article_project\data\raw\pdraw_wave\test\healthy\V01HO01.png,0,0.573350,1
pdraw_wave,resnet50,shadow,1,C:\Users\ramti\Desktop\ramtin legion pc\article_project\data\raw\pdraw_wave\test\healthy\V02HO01.png,0,0.515807,0
pdraw_wave,resnet50,shadow,1,C:\Users\ramti\Desktop\ramtin legion pc\article_project\data\raw\pdraw_wave\test\healthy\V03HO01.png,0,0.522129,0
pdraw_wave,resnet50,shadow,1,C:\Users\ramti\Desktop\ramtin legion pc\article_project\data\raw\pdraw_wave\test\healthy\V04HO01.png,0,0.503114,0
pdraw_wave,resnet50,shadow,1,C:\Users\ramti\Desktop\ramtin legion pc\article_project\data\raw\pdraw_wave\test\healthy\V05HO01.png,0,0.557363,1
pdraw_wave,resnet50,shadow,1,C:\Users\ramti\Desktop\ramtin legion pc\article_project\data\raw\pdraw_wave\test\healthy\V06HO01.png,0,0.556126,1
pdraw_wave,resnet50,shadow,1,C:\Users\ramti\Desktop\ramtin legion pc\article_project\data\raw\pdraw_wave\test\healthy\V07HO01.png,0,0.491979,0
pdraw_wave,resnet50,shadow,1,C:\Users\ramti\Desktop\ramtin legion pc\article_project\data\raw\pdraw_wave\test\healthy\V08HO01.png,0,0.482439,0
pdraw_wave,resnet50,shadow,1,C:\Users\ramti\Desktop\ramtin legion pc\article_project\data\raw\pdraw_wave\test\healthy\V09HO01.png,0,0.520343,0
pdraw_wave,resnet50,shadow,1,C:\Users\ramti\Desktop\ramtin legion pc\article_project\data\raw\pdraw_wave\test\healthy\V10HO01.png,0,0.542158,0
pdraw_wave,resnet50,shadow,1,C:\Users\ramti\Desktop\ramtin legion pc\article_project\data\raw\pdraw_wave\test\healthy\V11HO01.png,0,0.478758,0
pdraw_wave,resnet50,shadow,1,C:\Users\ramti\Desktop\ramtin legion pc\article_project\data\raw\pdraw_wave\test\healthy\V55HO08.png,0,0.529222,0
pdraw_wave,resnet50,shadow,1,C:\Users\ramti\Desktop\ramtin legion pc\article_project\data\raw\pdraw_wave\test\healthy\V55HO09.png,0,0.527740,0
pdraw_wave,resnet50,shadow,1,C:\Users\ramti\Desktop\ramtin legion pc\article_project\data\raw\pdraw_wave\test\healthy\V55HO10.png,0,0.499457,0
pdraw_wave,resnet50,shadow,1,C:\Users\ramti\Desktop\ramtin legion pc\article_project\data\raw\pdraw_wave\test\healthy\V55HO11.png,0,0.557054,1
pdraw_wave,resnet50,shadow,1,C:\Users\ramti\Desktop\ramtin legion pc\article_project\data\raw\pdraw_wave\test\parkinson\V01PO01.png,1,0.545630,0
pdraw_wave,resnet50,shadow,1,C:\Users\ramti\Desktop\ramtin legion pc\article_project\data\raw\pdraw_wave\test\parkinson\V02PO01.png,1,0.583301,1
pdraw_wave,resnet50,shadow,1,C:\Users\ramti\Desktop\ramtin legion pc\article_project\data\raw\pdraw_wave\test\parkinson\V03PO01.png,1,0.685312,1
pdraw_wave,resnet50,shadow,1,C:\Users\ramti\Desktop\ramtin legion pc\article_project\data\raw\pdraw_wave\test\parkinson\V03PO04.png,1,0.690470,1
pdraw_wave,resnet50,shadow,1,C:\Users\ramti\Desktop\ramtin legion pc\article_project\data\raw\pdraw_wave\test\parkinson\V03PO07.png,1,0.649719,1
pdraw_wave,resnet50,shadow,1,C:\Users\ramti\Desktop\ramtin legion pc\article_project\data\raw\pdraw_wave\test\parkinson\V04PO01.png,1,0.690274,1
pdraw_wave,resnet50,shadow,1,C:\Users\ramti\Desktop\ramtin legion pc\article_project\data\raw\pdraw_wave\test\parkinson\V05PO01.png,1,0.671623,1
pdraw_wave,resnet50,shadow,1,C:\Users\ramti\Desktop\ramtin legion pc\article_project\data\raw\pdraw_wave\test\parkinson\V06PO01.png,1,0.636167,1
pdraw_wave,resnet50,shadow,1,C:\Users\ramti\Desktop\ramtin legion pc\article_project\data\raw\pdraw_wave\test\parkinson\V07PO01.png,1,0.701658,1
pdraw_wave,resnet50,shadow,1,C:\Users\ramti\Desktop\ramtin legion pc\article_project\data\raw\pdraw_wave\test\parkinson\V08PO01.png,1,0.508243,0
pdraw_wave,resnet50,shadow,1,C:\Users\ramti\Desktop\ramtin legion pc\article_project\data\raw\pdraw_wave\test\parkinson\V09PO01.png,1,0.664450,1
pdraw_wave,resnet50,shadow,1,C:\Users\ramti\Desktop\ramtin legion pc\article_project\data\raw\pdraw_wave\test\parkinson\V10PO01.png,1,0.558543,1
pdraw_wave,resnet50,shadow,1,C:\Users\ramti\Desktop\ramtin legion pc\article_project\data\raw\pdraw_wave\test\parkinson\V11PO01.png,1,0.536735,0
pdraw_wave,resnet50,shadow,1,C:\Users\ramti\Desktop\ramtin legion pc\article_project\data\raw\pdraw_wave\test\parkinson\V14PO01.png,1,0.660669,1
pdraw_wave,resnet50,shadow,1,C:\Users\ramti\Desktop\ramtin legion pc\article_project\data\raw\pdraw_wave\test\parkinson\V14PO03.png,1,0.662324,1
pdraw_wave,resnet50,shadow,2,C:\Users\ramti\Desktop\ramtin legion pc\article_project\data\raw\pdraw_wave\test\healthy\V01HO01.png,0,0.571373,1
pdraw_wave,resnet50,shadow,2,C:\Users\ramti\Desktop\ramtin legion pc\article_project\data\raw\pdraw_wave\test\healthy\V02HO01.png,0,0.518727,0
pdraw_wave,resnet50,shadow,2,C:\Users\ramti\Desktop\ramtin legion pc\article_project\data\raw\pdraw_wave\test\healthy\V03HO01.png,0,0.528661,0
pdraw_wave,resnet50,shadow,2,C:\Users\ramti\Desktop\ramtin legion pc\article_project\data\raw\pdraw_wave\test\healthy\V04HO01.png,0,0.506029,0
pdraw_wave,resnet50,shadow,2,C:\Users\ramti\Desktop\ramtin legion pc\article_project\data\raw\pdraw_wave\test\healthy\V05HO01.png,0,0.562632,1
pdraw_wave,resnet50,shadow,2,C:\Users\ramti\Desktop\ramtin legion pc\article_project\data\raw\pdraw_wave\test\healthy\V06HO01.png,0,0.563669,1
pdraw_wave,resnet50,shadow,2,C:\Users\ramti\Desktop\ramtin legion pc\article_project\data\raw\pdraw_wave\test\healthy\V07HO01.png,0,0.496924,0
pdraw_wave,resnet50,shadow,2,C:\Users\ramti\Desktop\ramtin legion pc\article_project\data\raw\pdraw_wave\test\healthy\V08HO01.png,0,0.481938,0
pdraw_wave,resnet50,shadow,2,C:\Users\ramti\Desktop\ramtin legion pc\article_project\data\raw\pdraw_wave\test\healthy\V09HO01.png,0,0.523714,0
pdraw_wave,resnet50,shadow,2,C:\Users\ramti\Desktop\ramtin legion pc\article_project\data\raw\pdraw_wave\test\healthy\V10HO01.png,0,0.549846,0
pdraw_wave,resnet50,shadow,2,C:\Users\ramti\Desktop\ramtin legion pc\article_project\data\raw\pdraw_wave\test\healthy\V11HO01.png,0,0.483021,0
pdraw_wave,resnet50,shadow,2,C:\Users\ramti\Desktop\ramtin legion pc\article_project\data\raw\pdraw_wave\test\healthy\V55HO08.png,0,0.538839,0
pdraw_wave,resnet50,shadow,2,C:\Users\ramti\Desktop\ramtin legion pc\article_project\data\raw\pdraw_wave\test\healthy\V55HO09.png,0,0.531276,0
pdraw_wave,resnet50,shadow,2,C:\Users\ramti\Desktop\ramtin legion pc\article_project\data\raw\pdraw_wave\test\healthy\V55HO10.png,0,0.507271,0
pdraw_wave,resnet50,shadow,2,C:\Users\ramti\Desktop\ramtin legion pc\article_project\data\raw\pdraw_wave\test\healthy\V55HO11.png,0,0.559836,1
pdraw_wave,resnet50,shadow,2,C:\Users\ramti\Desktop\ramtin legion pc\article_project\data\raw\pdraw_wave\test\parkinson\V01PO01.png,1,0.543004,0
pdraw_wave,resnet50,shadow,2,C:\Users\ramti\Desktop\ramtin legion pc\article_project\data\raw\pdraw_wave\test\parkinson\V02PO01.png,1,0.587800,1
pdraw_wave,resnet50,shadow,2,C:\Users\ramti\Desktop\ramtin legion pc\article_project\data\raw\pdraw_wave\test\parkinson\V03PO01.png,1,0.675990,1
pdraw_wave,resnet50,shadow,2,C:\Users\ramti\Desktop\ramtin legion pc\article_project\data\raw\pdraw_wave\test\parkinson\V03PO04.png,1,0.695427,1
pdraw_wave,resnet50,shadow,2,C:\Users\ramti\Desktop\ramtin legion pc\article_project\data\raw\pdraw_wave\test\parkinson\V03PO07.png,1,0.643849,1
pdraw_wave,resnet50,shadow,2,C:\Users\ramti\Desktop\ramtin legion pc\article_project\data\raw\pdraw_wave\test\parkinson\V04PO01.png,1,0.687784,1
pdraw_wave,resnet50,shadow,2,C:\Users\ramti\Desktop\ramtin legion pc\article_project\data\raw\pdraw_wave\test\parkinson\V05PO01.png,1,0.666671,1
pdraw_wave,resnet50,shadow,2,C:\Users\ramti\Desktop\ramtin legion pc\article_project\data\raw\pdraw_wave\test\parkinson\V06PO01.png,1,0.626715,1
pdraw_wave,resnet50,shadow,2,C:\Users\ramti\Desktop\ramtin legion pc\article_project\data\raw\pdraw_wave\test\parkinson\V07PO01.png,1,0.698536,1
pdraw_wave,resnet50,shadow,2,C:\Users\ramti\Desktop\ramtin legion pc\article_project\data\raw\pdraw_wave\test\parkinson\V08PO01.png,1,0.509426,0
pdraw_wave,resnet50,shadow,2,C:\Users\ramti\Desktop\ramtin legion pc\article_project\data\raw\pdraw_wave\test\parkinson\V09PO01.png,1,0.654278,1
pdraw_wave,resnet50,shadow,2,C:\Users\ramti\Desktop\ramtin legion pc\article_project\data\raw\pdraw_wave\test\parkinson\V10PO01.png,1,0.570258,1
pdraw_wave,resnet50,shadow,2,C:\Users\ramti\Desktop\ramtin legion pc\article_project\data\raw\pdraw_wave\test\parkinson\V11PO01.png,1,0.538110,0
pdraw_wave,resnet50,shadow,2,C:\Users\ramti\Desktop\ramtin legion pc\article_project\data\raw\pdraw_wave\test\parkinson\V14PO01.png,1,0.663418,1
pdraw_wave,resnet50,shadow,2,C:\Users\ramti\Desktop\ramtin legion pc\article_project\data\raw\pdraw_wave\test\parkinson\V14PO03.png,1,0.655815,1
pdraw_wave,resnet50,shadow,3,C:\Users\ramti\Desktop\ramtin legion pc\article_project\data\raw\pdraw_wave\test\healthy\V01HO01.png,0,0.573517,1
pdraw_wave,resnet50,shadow,3,C:\Users\ramti\Desktop\ramtin legion pc\article_project\data\raw\pdraw_wave\test\healthy\V02HO01.png,0,0.523116,0
pdraw_wave,resnet50,shadow,3,C:\Users\ramti\Desktop\ramtin legion pc\article_project\data\raw\pdraw_wave\test\healthy\V03HO01.png,0,0.535346,0
pdraw_wave,resnet50,shadow,3,C:\Users\ramti\Desktop\ramtin legion pc\article_project\data\raw\pdraw_wave\test\healthy\V04HO01.png,0,0.508350,0
pdraw_wave,resnet50,shadow,3,C:\Users\ramti\Desktop\ramtin legion pc\article_project\data\raw\pdraw_wave\test\healthy\V05HO01.png,0,0.567202,1
pdraw_wave,resnet50,shadow,3,C:\Users\ramti\Desktop\ramtin legion pc\article_project\data\raw\pdraw_wave\test\healthy\V06HO01.png,0,0.563659,1
pdraw_wave,resnet50,shadow,3,C:\Users\ramti\Desktop\ramtin legion pc\article_project\data\raw\pdraw_wave\test\healthy\V07HO01.png,0,0.499968,0
pdraw_wave,resnet50,shadow,3,C:\Users\ramti\Desktop\ramtin legion pc\article_project\data\raw\pdraw_wave\test\healthy\V08HO01.png,0,0.494505,0
pdraw_wave,resnet50,shadow,3,C:\Users\ramti\Desktop\ramtin legion pc\article_project\data\raw\pdraw_wave\test\healthy\V09HO01.png,0,0.524603,0
pdraw_wave,resnet50,shadow,3,C:\Users\ramti\Desktop\ramtin legion pc\article_project\data\raw\pdraw_wave\test\healthy\V10HO01.png,0,0.547273,0
pdraw_wave,resnet50,shadow,3,C:\Users\ramti\Desktop\ramtin legion pc\article_project\data\raw\pdraw_wave\test\healthy\V11HO01.png,0,0.490576,0
pdraw_wave,resnet50,shadow,3,C:\Users\ramti\Desktop\ramtin legion pc\article_project\data\raw\pdraw_wave\test\healthy\V55HO08.png,0,0.540085,0
pdraw_wave,resnet50,shadow,3,C:\Users\ramti\Desktop\ramtin legion pc\article_project\data\raw\pdraw_wave\test\healthy\V55HO09.png,0,0.534532,0
pdraw_wave,resnet50,shadow,3,C:\Users\ramti\Desktop\ramtin legion pc\article_project\data\raw\pdraw_wave\test\healthy\V55HO10.png,0,0.513628,0
pdraw_wave,resnet50,shadow,3,C:\Users\ramti\Desktop\ramtin legion pc\article_project\data\raw\pdraw_wave\test\healthy\V55HO11.png,0,0.563092,1
pdraw_wave,resnet50,shadow,3,C:\Users\ramti\Desktop\ramtin legion pc\article_project\data\raw\pdraw_wave\test\parkinson\V01PO01.png,1,0.541279,0
pdraw_wave,resnet50,shadow,3,C:\Users\ramti\Desktop\ramtin legion pc\article_project\data\raw\pdraw_wave\test\parkinson\V02PO01.png,1,0.584092,1
pdraw_wave,resnet50,shadow,3,C:\Users\ramti\Desktop\ramtin legion pc\article_project\data\raw\pdraw_wave\test\parkinson\V03PO01.png,1,0.664207,1
pdraw_wave,resnet50,shadow,3,C:\Users\ramti\Desktop\ramtin legion pc\article_project\data\raw\pdraw_wave\test\parkinson\V03PO04.png,1,0.694209,1
pdraw_wave,resnet50,shadow,3,C:\Users\ramti\Desktop\ramtin legion pc\article_project\data\raw\pdraw_wave\test\parkinson\V03PO07.png,1,0.636064,1
pdraw_wave,resnet50,shadow,3,C:\Users\ramti\Desktop\ramtin legion pc\article_project\data\raw\pdraw_wave\test\parkinson\V04PO01.png,1,0.683409,1
pdraw_wave,resnet50,shadow,3,C:\Users\ramti\Desktop\ramtin legion pc\article_project\data\raw\pdraw_wave\test\parkinson\V05PO01.png,1,0.662687,1
pdraw_wave,resnet50,shadow,3,C:\Users\ramti\Desktop\ramtin legion pc\article_project\data\raw\pdraw_wave\test\parkinson\V06PO01.png,1,0.622026,1
pdraw_wave,resnet50,shadow,3,C:\Users\ramti\Desktop\ramtin legion pc\article_project\data\raw\pdraw_wave\test\parkinson\V07PO01.png,1,0.700931,1
pdraw_wave,resnet50,shadow,3,C:\Users\ramti\Desktop\ramtin legion pc\article_project\data\raw\pdraw_wave\test\parkinson\V08PO01.png,1,0.509009,0
pdraw_wave,resnet50,shadow,3,C:\Users\ramti\Desktop\ramtin legion pc\article_project\data\raw\pdraw_wave\test\parkinson\V09PO01.png,1,0.650408,1
pdraw_wave,resnet50,shadow,3,C:\Users\ramti\Desktop\ramtin legion pc\article_project\data\raw\pdraw_wave\test\parkinson\V10PO01.png,1,0.570429,1
pdraw_wave,resnet50,shadow,3,C:\Users\ramti\Desktop\ramtin legion pc\article_project\data\raw\pdraw_wave\test\parkinson\V11PO01.png,1,0.540816,0
pdraw_wave,resnet50,shadow,3,C:\Users\ramti\Desktop\ramtin legion pc\article_project\data\raw\pdraw_wave\test\parkinson\V14PO01.png,1,0.659397,1
pdraw_wave,resnet50,shadow,3,C:\Users\ramti\Desktop\ramtin legion pc\article_project\data\raw\pdraw_wave\test\parkinson\V14PO03.png,1,0.654945,1
pdraw_wave,resnet50,shadow,4,C:\Users\ramti\Desktop\ramtin legion pc\article_project\data\raw\pdraw_wave\test\healthy\V01HO01.png,0,0.567687,1
pdraw_wave,resnet50,shadow,4,C:\Users\ramti\Desktop\ramtin legion pc\article_project\data\raw\pdraw_wave\test\healthy\V02HO01.png,0,0.524150,0
pdraw_wave,resnet50,shadow,4,C:\Users\ramti\Desktop\ramtin legion pc\article_project\data\raw\pdraw_wave\test\healthy\V03HO01.png,0,0.533573,0
pdraw_wave,resnet50,shadow,4,C:\Users\ramti\Desktop\ramtin legion pc\article_project\data\raw\pdraw_wave\test\healthy\V04HO01.png,0,0.510367,0
pdraw_wave,resnet50,shadow,4,C:\Users\ramti\Desktop\ramtin legion pc\article_project\data\raw\pdraw_wave\test\healthy\V05HO01.png,0,0.569423,1
pdraw_wave,resnet50,shadow,4,C:\Users\ramti\Desktop\ramtin legion pc\article_project\data\raw\pdraw_wave\test\healthy\V06HO01.png,0,0.554176,1
pdraw_wave,resnet50,shadow,4,C:\Users\ramti\Desktop\ramtin legion pc\article_project\data\raw\pdraw_wave\test\healthy\V07HO01.png,0,0.501066,0
pdraw_wave,resnet50,shadow,4,C:\Users\ramti\Desktop\ramtin legion pc\article_project\data\raw\pdraw_wave\test\healthy\V08HO01.png,0,0.495253,0
pdraw_wave,resnet50,shadow,4,C:\Users\ramti\Desktop\ramtin legion pc\article_project\data\raw\pdraw_wave\test\healthy\V09HO01.png,0,0.524074,0
pdraw_wave,resnet50,shadow,4,C:\Users\ramti\Desktop\ramtin legion pc\article_project\data\raw\pdraw_wave\test\healthy\V10HO01.png,0,0.535612,0
pdraw_wave,resnet50,shadow,4,C:\Users\ramti\Desktop\ramtin legion pc\article_project\data\raw\pdraw_wave\test\healthy\V11HO01.png,0,0.493208,0
pdraw_wave,resnet50,shadow,4,C:\Users\ramti\Desktop\ramtin legion pc\article_project\data\raw\pdraw_wave\test\healthy\V55HO08.png,0,0.536977,0
pdraw_wave,resnet50,shadow,4,C:\Users\ramti\Desktop\ramtin legion pc\article_project\data\raw\pdraw_wave\test\healthy\V55HO09.png,0,0.540791,0
pdraw_wave,resnet50,shadow,4,C:\Users\ramti\Desktop\ramtin legion pc\article_project\data\raw\pdraw_wave\test\healthy\V55HO10.png,0,0.514267,0
pdraw_wave,resnet50,shadow,4,C:\Users\ramti\Desktop\ramtin legion pc\article_project\data\raw\pdraw_wave\test\healthy\V55HO11.png,0,0.562851,1
pdraw_wave,resnet50,shadow,4,C:\Users\ramti\Desktop\ramtin legion pc\article_project\data\raw\pdraw_wave\test\parkinson\V01PO01.png,1,0.539950,0
pdraw_wave,resnet50,shadow,4,C:\Users\ramti\Desktop\ramtin legion pc\article_project\data\raw\pdraw_wave\test\parkinson\V02PO01.png,1,0.589770,1
pdraw_wave,resnet50,shadow,4,C:\Users\ramti\Desktop\ramtin legion pc\article_project\data\raw\pdraw_wave\test\parkinson\V03PO01.png,1,0.651513,1
pdraw_wave,resnet50,shadow,4,C:\Users\ramti\Desktop\ramtin legion pc\article_project\data\raw\pdraw_wave\test\parkinson\V03PO04.png,1,0.691356,1
pdraw_wave,resnet50,shadow,4,C:\Users\ramti\Desktop\ramtin legion pc\article_project\data\raw\pdraw_wave\test\parkinson\V03PO07.png,1,0.630979,1
pdraw_wave,resnet50,shadow,4,C:\Users\ramti\Desktop\ramtin legion pc\article_project\data\raw\pdraw_wave\test\parkinson\V04PO01.png,1,0.678841,1
pdraw_wave,resnet50,shadow,4,C:\Users\ramti\Desktop\ramtin legion pc\article_project\data\raw\pdraw_wave\test\parkinson\V05PO01.png,1,0.660877,1
pdraw_wave,resnet50,shadow,4,C:\Users\ramti\Desktop\ramtin legion pc\article_project\data\raw\pdraw_wave\test\parkinson\V06PO01.png,1,0.611774,1
pdraw_wave,resnet50,shadow,4,C:\Users\ramti\Desktop\ramtin legion pc\article_project\data\raw\pdraw_wave\test\parkinson\V07PO01.png,1,0.696797,1
pdraw_wave,resnet50,shadow,4,C:\Users\ramti\Desktop\ramtin legion pc\article_project\data\raw\pdraw_wave\test\parkinson\V08PO01.png,1,0.501578,0
pdraw_wave,resnet50,shadow,4,C:\Users\ramti\Desktop\ramtin legion pc\article_project\data\raw\pdraw_wave\test\parkinson\V09PO01.png,1,0.649162,1
pdraw_wave,resnet50,shadow,4,C:\Users\ramti\Desktop\ramtin legion pc\article_project\data\raw\pdraw_wave\test\parkinson\V10PO01.png,1,0.572518,1
pdraw_wave,resnet50,shadow,4,C:\Users\ramti\Desktop\ramtin legion pc\article_project\data\raw\pdraw_wave\test\parkinson\V11PO01.png,1,0.532201,0
pdraw_wave,resnet50,shadow,4,C:\Users\ramti\Desktop\ramtin legion pc\article_project\data\raw\pdraw_wave\test\parkinson\V14PO01.png,1,0.652512,1
pdraw_wave,resnet50,shadow,4,C:\Users\ramti\Desktop\ramtin legion pc\article_project\data\raw\pdraw_wave\test\parkinson\V14PO03.png,1,0.646964,1
pdraw_wave,resnet50,shadow,5,C:\Users\ramti\Desktop\ramtin legion pc\article_project\data\raw\pdraw_wave\test\healthy\V01HO01.png,0,0.566502,1
pdraw_wave,resnet50,shadow,5,C:\Users\ramti\Desktop\ramtin legion pc\article_project\data\raw\pdraw_wave\test\healthy\V02HO01.png,0,0.521126,0
pdraw_wave,resnet50,shadow,5,C:\Users\ramti\Desktop\ramtin legion pc\article_project\data\raw\pdraw_wave\test\healthy\V03HO01.png,0,0.527937,0
pdraw_wave,resnet50,shadow,5,C:\Users\ramti\Desktop\ramtin legion pc\article_project\data\raw\pdraw_wave\test\healthy\V04HO01.png,0,0.507689,0
pdraw_wave,resnet50,shadow,5,C:\Users\ramti\Desktop\ramtin legion pc\article_project\data\raw\pdraw_wave\test\healthy\V05HO01.png,0,0.565360,1
pdraw_wave,resnet50,shadow,5,C:\Users\ramti\Desktop\ramtin legion pc\article_project\data\raw\pdraw_wave\test\healthy\V06HO01.png,0,0.546663,0
pdraw_wave,resnet50,shadow,5,C:\Users\ramti\Desktop\ramtin legion pc\article_project\data\raw\pdraw_wave\test\healthy\V07HO01.png,0,0.500208,0
pdraw_wave,resnet50,shadow,5,C:\Users\ramti\Desktop\ramtin legion pc\article_project\data\raw\pdraw_wave\test\healthy\V08HO01.png,0,0.493190,0
pdraw_wave,resnet50,shadow,5,C:\Users\ramti\Desktop\ramtin legion pc\article_project\data\raw\pdraw_wave\test\healthy\V09HO01.png,0,0.522522,0
pdraw_wave,resnet50,shadow,5,C:\Users\ramti\Desktop\ramtin legion pc\article_project\data\raw\pdraw_wave\test\healthy\V10HO01.png,0,0.532033,0
pdraw_wave,resnet50,shadow,5,C:\Users\ramti\Desktop\ramtin legion pc\article_project\data\raw\pdraw_wave\test\healthy\V11HO01.png,0,0.490789,0
pdraw_wave,resnet50,shadow,5,C:\Users\ramti\Desktop\ramtin legion pc\article_project\data\raw\pdraw_wave\test\healthy\V55HO08.png,0,0.531763,0
pdraw_wave,resnet50,shadow,5,C:\Users\ramti\Desktop\ramtin legion pc\article_project\data\raw\pdraw_wave\test\healthy\V55HO09.png,0,0.539192,0
pdraw_wave,resnet50,shadow,5,C:\Users\ramti\Desktop\ramtin legion pc\article_project\data\raw\pdraw_wave\test\healthy\V55HO10.png,0,0.506187,0
pdraw_wave,resnet50,shadow,5,C:\Users\ramti\Desktop\ramtin legion pc\article_project\data\raw\pdraw_wave\test\healthy\V55HO11.png,0,0.557561,1
pdraw_wave,resnet50,shadow,5,C:\Users\ramti\Desktop\ramtin legion pc\article_project\data\raw\pdraw_wave\test\parkinson\V01PO01.png,1,0.541725,0
pdraw_wave,resnet50,shadow,5,C:\Users\ramti\Desktop\ramtin legion pc\article_project\data\raw\pdraw_wave\test\parkinson\V02PO01.png,1,0.590605,1
pdraw_wave,resnet50,shadow,5,C:\Users\ramti\Desktop\ramtin legion pc\article_project\data\raw\pdraw_wave\test\parkinson\V03PO01.png,1,0.646735,1
pdraw_wave,resnet50,shadow,5,C:\Users\ramti\Desktop\ramtin legion pc\article_project\data\raw\pdraw_wave\test\parkinson\V03PO04.png,1,0.683037,1
pdraw_wave,resnet50,shadow,5,C:\Users\ramti\Desktop\ramtin legion pc\article_project\data\raw\pdraw_wave\test\parkinson\V03PO07.png,1,0.624853,1
pdraw_wave,resnet50,shadow,5,C:\Users\ramti\Desktop\ramtin legion pc\article_project\data\raw\pdraw_wave\test\parkinson\V04PO01.png,1,0.671956,1
pdraw_wave,resnet50,shadow,5,C:\Users\ramti\Desktop\ramtin legion pc\article_project\data\raw\pdraw_wave\test\parkinson\V05PO01.png,1,0.657266,1
pdraw_wave,resnet50,shadow,5,C:\Users\ramti\Desktop\ramtin legion pc\article_project\data\raw\pdraw_wave\test\parkinson\V06PO01.png,1,0.604624,1
pdraw_wave,resnet50,shadow,5,C:\Users\ramti\Desktop\ramtin legion pc\article_project\data\raw\pdraw_wave\test\parkinson\V07PO01.png,1,0.690239,1
pdraw_wave,resnet50,shadow,5,C:\Users\ramti\Desktop\ramtin legion pc\article_project\data\raw\pdraw_wave\test\parkinson\V08PO01.png,1,0.501847,0
pdraw_wave,resnet50,shadow,5,C:\Users\ramti\Desktop\ramtin legion pc\article_project\data\raw\pdraw_wave\test\parkinson\V09PO01.png,1,0.648949,1
pdraw_wave,resnet50,shadow,5,C:\Users\ramti\Desktop\ramtin legion pc\article_project\data\raw\pdraw_wave\test\parkinson\V10PO01.png,1,0.567670,1
pdraw_wave,resnet50,shadow,5,C:\Users\ramti\Desktop\ramtin legion pc\article_project\data\raw\pdraw_wave\test\parkinson\V11PO01.png,1,0.527162,0
pdraw_wave,resnet50,shadow,5,C:\Users\ramti\Desktop\ramtin legion pc\article_project\data\raw\pdraw_wave\test\parkinson\V14PO01.png,1,0.648635,1
pdraw_wave,resnet50,shadow,5,C:\Users\ramti\Desktop\ramtin legion pc\article_project\data\raw\pdraw_wave\test\parkinson\V14PO03.png,1,0.635800,1
pdraw_wave,resnet50,perspective,1,C:\Users\ramti\Desktop\ramtin legion pc\article_project\data\raw\pdraw_wave\test\healthy\V01HO01.png,0,0.553339,1
pdraw_wave,resnet50,perspective,1,C:\Users\ramti\Desktop\ramtin legion pc\article_project\data\raw\pdraw_wave\test\healthy\V02HO01.png,0,0.512594,0
pdraw_wave,resnet50,perspective,1,C:\Users\ramti\Desktop\ramtin legion pc\article_project\data\raw\pdraw_wave\test\healthy\V03HO01.png,0,0.509378,0
pdraw_wave,resnet50,perspective,1,C:\Users\ramti\Desktop\ramtin legion pc\article_project\data\raw\pdraw_wave\test\healthy\V04HO01.png,0,0.508599,0
pdraw_wave,resnet50,perspective,1,C:\Users\ramti\Desktop\ramtin legion pc\article_project\data\raw\pdraw_wave\test\healthy\V05HO01.png,0,0.555691,1
pdraw_wave,resnet50,perspective,1,C:\Users\ramti\Desktop\ramtin legion pc\article_project\data\raw\pdraw_wave\test\healthy\V06HO01.png,0,0.545685,0
pdraw_wave,resnet50,perspective,1,C:\Users\ramti\Desktop\ramtin legion pc\article_project\data\raw\pdraw_wave\test\healthy\V07HO01.png,0,0.487551,0
pdraw_wave,resnet50,perspective,1,C:\Users\ramti\Desktop\ramtin legion pc\article_project\data\raw\pdraw_wave\test\healthy\V08HO01.png,0,0.476418,0
pdraw_wave,resnet50,perspective,1,C:\Users\ramti\Desktop\ramtin legion pc\article_project\data\raw\pdraw_wave\test\healthy\V09HO01.png,0,0.516105,0
pdraw_wave,resnet50,perspective,1,C:\Users\ramti\Desktop\ramtin legion pc\article_project\data\raw\pdraw_wave\test\healthy\V10HO01.png,0,0.508372,0
pdraw_wave,resnet50,perspective,1,C:\Users\ramti\Desktop\ramtin legion pc\article_project\data\raw\pdraw_wave\test\healthy\V11HO01.png,0,0.476213,0
pdraw_wave,resnet50,perspective,1,C:\Users\ramti\Desktop\ramtin legion pc\article_project\data\raw\pdraw_wave\test\healthy\V55HO08.png,0,0.511708,0
pdraw_wave,resnet50,perspective,1,C:\Users\ramti\Desktop\ramtin legion pc\article_project\data\raw\pdraw_wave\test\healthy\V55HO09.png,0,0.525682,0
pdraw_wave,resnet50,perspective,1,C:\Users\ramti\Desktop\ramtin legion pc\article_project\data\raw\pdraw_wave\test\healthy\V55HO10.png,0,0.499232,0
pdraw_wave,resnet50,perspective,1,C:\Users\ramti\Desktop\ramtin legion pc\article_project\data\raw\pdraw_wave\test\healthy\V55HO11.png,0,0.552799,1
pdraw_wave,resnet50,perspective,1,C:\Users\ramti\Desktop\ramtin legion pc\article_project\data\raw\pdraw_wave\test\parkinson\V01PO01.png,1,0.525376,0
pdraw_wave,resnet50,perspective,1,C:\Users\ramti\Desktop\ramtin legion pc\article_project\data\raw\pdraw_wave\test\parkinson\V02PO01.png,1,0.621443,1
pdraw_wave,resnet50,perspective,1,C:\Users\ramti\Desktop\ramtin legion pc\article_project\data\raw\pdraw_wave\test\parkinson\V03PO01.png,1,0.692027,1
pdraw_wave,resnet50,perspective,1,C:\Users\ramti\Desktop\ramtin legion pc\article_project\data\raw\pdraw_wave\test\parkinson\V03PO04.png,1,0.682044,1
pdraw_wave,resnet50,perspective,1,C:\Users\ramti\Desktop\ramtin legion pc\article_project\data\raw\pdraw_wave\test\parkinson\V03PO07.png,1,0.656312,1
pdraw_wave,resnet50,perspective,1,C:\Users\ramti\Desktop\ramtin legion pc\article_project\data\raw\pdraw_wave\test\parkinson\V04PO01.png,1,0.668727,1
pdraw_wave,resnet50,perspective,1,C:\Users\ramti\Desktop\ramtin legion pc\article_project\data\raw\pdraw_wave\test\parkinson\V05PO01.png,1,0.679762,1
pdraw_wave,resnet50,perspective,1,C:\Users\ramti\Desktop\ramtin legion pc\article_project\data\raw\pdraw_wave\test\parkinson\V06PO01.png,1,0.615300,1
pdraw_wave,resnet50,perspective,1,C:\Users\ramti\Desktop\ramtin legion pc\article_project\data\raw\pdraw_wave\test\parkinson\V07PO01.png,1,0.701829,1
pdraw_wave,resnet50,perspective,1,C:\Users\ramti\Desktop\ramtin legion pc\article_project\data\raw\pdraw_wave\test\parkinson\V08PO01.png,1,0.497537,0
pdraw_wave,resnet50,perspective,1,C:\Users\ramti\Desktop\ramtin legion pc\article_project\data\raw\pdraw_wave\test\parkinson\V09PO01.png,1,0.682447,1
pdraw_wave,resnet50,perspective,1,C:\Users\ramti\Desktop\ramtin legion pc\article_project\data\raw\pdraw_wave\test\parkinson\V10PO01.png,1,0.553270,1
pdraw_wave,resnet50,perspective,1,C:\Users\ramti\Desktop\ramtin legion pc\article_project\data\raw\pdraw_wave\test\parkinson\V11PO01.png,1,0.526233,0
pdraw_wave,resnet50,perspective,1,C:\Users\ramti\Desktop\ramtin legion pc\article_project\data\raw\pdraw_wave\test\parkinson\V14PO01.png,1,0.659777,1
pdraw_wave,resnet50,perspective,1,C:\Users\ramti\Desktop\ramtin legion pc\article_project\data\raw\pdraw_wave\test\parkinson\V14PO03.png,1,0.666672,1
pdraw_wave,resnet50,perspective,2,C:\Users\ramti\Desktop\ramtin legion pc\article_project\data\raw\pdraw_wave\test\healthy\V01HO01.png,0,0.552127,1
pdraw_wave,resnet50,perspective,2,C:\Users\ramti\Desktop\ramtin legion pc\article_project\data\raw\pdraw_wave\test\healthy\V02HO01.png,0,0.522178,0
pdraw_wave,resnet50,perspective,2,C:\Users\ramti\Desktop\ramtin legion pc\article_project\data\raw\pdraw_wave\test\healthy\V03HO01.png,0,0.510155,0
pdraw_wave,resnet50,perspective,2,C:\Users\ramti\Desktop\ramtin legion pc\article_project\data\raw\pdraw_wave\test\healthy\V04HO01.png,0,0.514688,0
pdraw_wave,resnet50,perspective,2,C:\Users\ramti\Desktop\ramtin legion pc\article_project\data\raw\pdraw_wave\test\healthy\V05HO01.png,0,0.537583,0
pdraw_wave,resnet50,perspective,2,C:\Users\ramti\Desktop\ramtin legion pc\article_project\data\raw\pdraw_wave\test\healthy\V06HO01.png,0,0.544262,0
pdraw_wave,resnet50,perspective,2,C:\Users\ramti\Desktop\ramtin legion pc\article_project\data\raw\pdraw_wave\test\healthy\V07HO01.png,0,0.479631,0
pdraw_wave,resnet50,perspective,2,C:\Users\ramti\Desktop\ramtin legion pc\article_project\data\raw\pdraw_wave\test\healthy\V08HO01.png,0,0.483271,0
pdraw_wave,resnet50,perspective,2,C:\Users\ramti\Desktop\ramtin legion pc\article_project\data\raw\pdraw_wave\test\healthy\V09HO01.png,0,0.512567,0
pdraw_wave,resnet50,perspective,2,C:\Users\ramti\Desktop\ramtin legion pc\article_project\data\raw\pdraw_wave\test\healthy\V10HO01.png,0,0.529625,0
pdraw_wave,resnet50,perspective,2,C:\Users\ramti\Desktop\ramtin legion pc\article_project\data\raw\pdraw_wave\test\healthy\V11HO01.png,0,0.481301,0
pdraw_wave,resnet50,perspective,2,C:\Users\ramti\Desktop\ramtin legion pc\article_project\data\raw\pdraw_wave\test\healthy\V55HO08.png,0,0.510137,0
pdraw_wave,resnet50,perspective,2,C:\Users\ramti\Desktop\ramtin legion pc\article_project\data\raw\pdraw_wave\test\healthy\V55HO09.png,0,0.537760,0
pdraw_wave,resnet50,perspective,2,C:\Users\ramti\Desktop\ramtin legion pc\article_project\data\raw\pdraw_wave\test\healthy\V55HO10.png,0,0.502378,0
pdraw_wave,resnet50,perspective,2,C:\Users\ramti\Desktop\ramtin legion pc\article_project\data\raw\pdraw_wave\test\healthy\V55HO11.png,0,0.555815,1
pdraw_wave,resnet50,perspective,2,C:\Users\ramti\Desktop\ramtin legion pc\article_project\data\raw\pdraw_wave\test\parkinson\V01PO01.png,1,0.528669,0
pdraw_wave,resnet50,perspective,2,C:\Users\ramti\Desktop\ramtin legion pc\article_project\data\raw\pdraw_wave\test\parkinson\V02PO01.png,1,0.603562,1
pdraw_wave,resnet50,perspective,2,C:\Users\ramti\Desktop\ramtin legion pc\article_project\data\raw\pdraw_wave\test\parkinson\V03PO01.png,1,0.692308,1
pdraw_wave,resnet50,perspective,2,C:\Users\ramti\Desktop\ramtin legion pc\article_project\data\raw\pdraw_wave\test\parkinson\V03PO04.png,1,0.694296,1
pdraw_wave,resnet50,perspective,2,C:\Users\ramti\Desktop\ramtin legion pc\article_project\data\raw\pdraw_wave\test\parkinson\V03PO07.png,1,0.650583,1
pdraw_wave,resnet50,perspective,2,C:\Users\ramti\Desktop\ramtin legion pc\article_project\data\raw\pdraw_wave\test\parkinson\V04PO01.png,1,0.672120,1
pdraw_wave,resnet50,perspective,2,C:\Users\ramti\Desktop\ramtin legion pc\article_project\data\raw\pdraw_wave\test\parkinson\V05PO01.png,1,0.683751,1
pdraw_wave,resnet50,perspective,2,C:\Users\ramti\Desktop\ramtin legion pc\article_project\data\raw\pdraw_wave\test\parkinson\V06PO01.png,1,0.638099,1
pdraw_wave,resnet50,perspective,2,C:\Users\ramti\Desktop\ramtin legion pc\article_project\data\raw\pdraw_wave\test\parkinson\V07PO01.png,1,0.712235,1
pdraw_wave,resnet50,perspective,2,C:\Users\ramti\Desktop\ramtin legion pc\article_project\data\raw\pdraw_wave\test\parkinson\V08PO01.png,1,0.497541,0
pdraw_wave,resnet50,perspective,2,C:\Users\ramti\Desktop\ramtin legion pc\article_project\data\raw\pdraw_wave\test\parkinson\V09PO01.png,1,0.685793,1
pdraw_wave,resnet50,perspective,2,C:\Users\ramti\Desktop\ramtin legion pc\article_project\data\raw\pdraw_wave\test\parkinson\V10PO01.png,1,0.552793,1
pdraw_wave,resnet50,perspective,2,C:\Users\ramti\Desktop\ramtin legion pc\article_project\data\raw\pdraw_wave\test\parkinson\V11PO01.png,1,0.533981,0
pdraw_wave,resnet50,perspective,2,C:\Users\ramti\Desktop\ramtin legion pc\article_project\data\raw\pdraw_wave\test\parkinson\V14PO01.png,1,0.660711,1
pdraw_wave,resnet50,perspective,2,C:\Users\ramti\Desktop\ramtin legion pc\article_project\data\raw\pdraw_wave\test\parkinson\V14PO03.png,1,0.676267,1
pdraw_wave,resnet50,perspective,3,C:\Users\ramti\Desktop\ramtin legion pc\article_project\data\raw\pdraw_wave\test\healthy\V01HO01.png,0,0.559422,1
pdraw_wave,resnet50,perspective,3,C:\Users\ramti\Desktop\ramtin legion pc\article_project\data\raw\pdraw_wave\test\healthy\V02HO01.png,0,0.517314,0
pdraw_wave,resnet50,perspective,3,C:\Users\ramti\Desktop\ramtin legion pc\article_project\data\raw\pdraw_wave\test\healthy\V03HO01.png,0,0.511403,0
pdraw_wave,resnet50,perspective,3,C:\Users\ramti\Desktop\ramtin legion pc\article_project\data\raw\pdraw_wave\test\healthy\V04HO01.png,0,0.516583,0
pdraw_wave,resnet50,perspective,3,C:\Users\ramti\Desktop\ramtin legion pc\article_project\data\raw\pdraw_wave\test\healthy\V05HO01.png,0,0.537067,0
pdraw_wave,resnet50,perspective,3,C:\Users\ramti\Desktop\ramtin legion pc\article_project\data\raw\pdraw_wave\test\healthy\V06HO01.png,0,0.549198,0
pdraw_wave,resnet50,perspective,3,C:\Users\ramti\Desktop\ramtin legion pc\article_project\data\raw\pdraw_wave\test\healthy\V07HO01.png,0,0.485476,0
pdraw_wave,resnet50,perspective,3,C:\Users\ramti\Desktop\ramtin legion pc\article_project\data\raw\pdraw_wave\test\healthy\V08HO01.png,0,0.490258,0
pdraw_wave,resnet50,perspective,3,C:\Users\ramti\Desktop\ramtin legion pc\article_project\data\raw\pdraw_wave\test\healthy\V09HO01.png,0,0.506829,0
pdraw_wave,resnet50,perspective,3,C:\Users\ramti\Desktop\ramtin legion pc\article_project\data\raw\pdraw_wave\test\healthy\V10HO01.png,0,0.549522,0
pdraw_wave,resnet50,perspective,3,C:\Users\ramti\Desktop\ramtin legion pc\article_project\data\raw\pdraw_wave\test\healthy\V11HO01.png,0,0.484100,0
pdraw_wave,resnet50,perspective,3,C:\Users\ramti\Desktop\ramtin legion pc\article_project\data\raw\pdraw_wave\test\healthy\V55HO08.png,0,0.533488,0
pdraw_wave,resnet50,perspective,3,C:\Users\ramti\Desktop\ramtin legion pc\article_project\data\raw\pdraw_wave\test\healthy\V55HO09.png,0,0.534860,0
pdraw_wave,resnet50,perspective,3,C:\Users\ramti\Desktop\ramtin legion pc\article_project\data\raw\pdraw_wave\test\healthy\V55HO10.png,0,0.490925,0
pdraw_wave,resnet50,perspective,3,C:\Users\ramti\Desktop\ramtin legion pc\article_project\data\raw\pdraw_wave\test\healthy\V55HO11.png,0,0.557597,1
pdraw_wave,resnet50,perspective,3,C:\Users\ramti\Desktop\ramtin legion pc\article_project\data\raw\pdraw_wave\test\parkinson\V01PO01.png,1,0.520025,0
pdraw_wave,resnet50,perspective,3,C:\Users\ramti\Desktop\ramtin legion pc\article_project\data\raw\pdraw_wave\test\parkinson\V02PO01.png,1,0.596004,1
pdraw_wave,resnet50,perspective,3,C:\Users\ramti\Desktop\ramtin legion pc\article_project\data\raw\pdraw_wave\test\parkinson\V03PO01.png,1,0.673384,1
pdraw_wave,resnet50,perspective,3,C:\Users\ramti\Desktop\ramtin legion pc\article_project\data\raw\pdraw_wave\test\parkinson\V03PO04.png,1,0.690616,1
pdraw_wave,resnet50,perspective,3,C:\Users\ramti\Desktop\ramtin legion pc\article_project\data\raw\pdraw_wave\test\parkinson\V03PO07.png,1,0.648780,1
pdraw_wave,resnet50,perspective,3,C:\Users\ramti\Desktop\ramtin legion pc\article_project\data\raw\pdraw_wave\test\parkinson\V04PO01.png,1,0.679956,1
pdraw_wave,resnet50,perspective,3,C:\Users\ramti\Desktop\ramtin legion pc\article_project\data\raw\pdraw_wave\test\parkinson\V05PO01.png,1,0.691726,1
pdraw_wave,resnet50,perspective,3,C:\Users\ramti\Desktop\ramtin legion pc\article_project\data\raw\pdraw_wave\test\parkinson\V06PO01.png,1,0.640007,1
pdraw_wave,resnet50,perspective,3,C:\Users\ramti\Desktop\ramtin legion pc\article_project\data\raw\pdraw_wave\test\parkinson\V07PO01.png,1,0.722422,1
pdraw_wave,resnet50,perspective,3,C:\Users\ramti\Desktop\ramtin legion pc\article_project\data\raw\pdraw_wave\test\parkinson\V08PO01.png,1,0.496810,0
pdraw_wave,resnet50,perspective,3,C:\Users\ramti\Desktop\ramtin legion pc\article_project\data\raw\pdraw_wave\test\parkinson\V09PO01.png,1,0.696329,1
pdraw_wave,resnet50,perspective,3,C:\Users\ramti\Desktop\ramtin legion pc\article_project\data\raw\pdraw_wave\test\parkinson\V10PO01.png,1,0.558959,1
pdraw_wave,resnet50,perspective,3,C:\Users\ramti\Desktop\ramtin legion pc\article_project\data\raw\pdraw_wave\test\parkinson\V11PO01.png,1,0.543128,0
pdraw_wave,resnet50,perspective,3,C:\Users\ramti\Desktop\ramtin legion pc\article_project\data\raw\pdraw_wave\test\parkinson\V14PO01.png,1,0.668964,1
pdraw_wave,resnet50,perspective,3,C:\Users\ramti\Desktop\ramtin legion pc\article_project\data\raw\pdraw_wave\test\parkinson\V14PO03.png,1,0.673434,1
pdraw_wave,resnet50,perspective,4,C:\Users\ramti\Desktop\ramtin legion pc\article_project\data\raw\pdraw_wave\test\healthy\V01HO01.png,0,0.546565,0
pdraw_wave,resnet50,perspective,4,C:\Users\ramti\Desktop\ramtin legion pc\article_project\data\raw\pdraw_wave\test\healthy\V02HO01.png,0,0.516895,0
pdraw_wave,resnet50,perspective,4,C:\Users\ramti\Desktop\ramtin legion pc\article_project\data\raw\pdraw_wave\test\healthy\V03HO01.png,0,0.507691,0
pdraw_wave,resnet50,perspective,4,C:\Users\ramti\Desktop\ramtin legion pc\article_project\data\raw\pdraw_wave\test\healthy\V04HO01.png,0,0.526601,0
pdraw_wave,resnet50,perspective,4,C:\Users\ramti\Desktop\ramtin legion pc\article_project\data\raw\pdraw_wave\test\healthy\V05HO01.png,0,0.533652,0
pdraw_wave,resnet50,perspective,4,C:\Users\ramti\Desktop\ramtin legion pc\article_project\data\raw\pdraw_wave\test\healthy\V06HO01.png,0,0.561119,1
pdraw_wave,resnet50,perspective,4,C:\Users\ramti\Desktop\ramtin legion pc\article_project\data\raw\pdraw_wave\test\healthy\V07HO01.png,0,0.485720,0
pdraw_wave,resnet50,perspective,4,C:\Users\ramti\Desktop\ramtin legion pc\article_project\data\raw\pdraw_wave\test\healthy\V08HO01.png,0,0.490595,0
pdraw_wave,resnet50,perspective,4,C:\Users\ramti\Desktop\ramtin legion pc\article_project\data\raw\pdraw_wave\test\healthy\V09HO01.png,0,0.516904,0
pdraw_wave,resnet50,perspective,4,C:\Users\ramti\Desktop\ramtin legion pc\article_project\data\raw\pdraw_wave\test\healthy\V10HO01.png,0,0.552957,1
pdraw_wave,resnet50,perspective,4,C:\Users\ramti\Desktop\ramtin legion pc\article_project\data\raw\pdraw_wave\test\healthy\V11HO01.png,0,0.492218,0
pdraw_wave,resnet50,perspective,4,C:\Users\ramti\Desktop\ramtin legion pc\article_project\data\raw\pdraw_wave\test\healthy\V55HO08.png,0,0.534881,0
pdraw_wave,resnet50,perspective,4,C:\Users\ramti\Desktop\ramtin legion pc\article_project\data\raw\pdraw_wave\test\healthy\V55HO09.png,0,0.536872,0
pdraw_wave,resnet50,perspective,4,C:\Users\ramti\Desktop\ramtin legion pc\article_project\data\raw\pdraw_wave\test\healthy\V55HO10.png,0,0.501013,0
pdraw_wave,resnet50,perspective,4,C:\Users\ramti\Desktop\ramtin legion pc\article_project\data\raw\pdraw_wave\test\healthy\V55HO11.png,0,0.563423,1
pdraw_wave,resnet50,perspective,4,C:\Users\ramti\Desktop\ramtin legion pc\article_project\data\raw\pdraw_wave\test\parkinson\V01PO01.png,1,0.542418,0
pdraw_wave,resnet50,perspective,4,C:\Users\ramti\Desktop\ramtin legion pc\article_project\data\raw\pdraw_wave\test\parkinson\V02PO01.png,1,0.596464,1
pdraw_wave,resnet50,perspective,4,C:\Users\ramti\Desktop\ramtin legion pc\article_project\data\raw\pdraw_wave\test\parkinson\V03PO01.png,1,0.687428,1
pdraw_wave,resnet50,perspective,4,C:\Users\ramti\Desktop\ramtin legion pc\article_project\data\raw\pdraw_wave\test\parkinson\V03PO04.png,1,0.710321,1
pdraw_wave,resnet50,perspective,4,C:\Users\ramti\Desktop\ramtin legion pc\article_project\data\raw\pdraw_wave\test\parkinson\V03PO07.png,1,0.656075,1
pdraw_wave,resnet50,perspective,4,C:\Users\ramti\Desktop\ramtin legion pc\article_project\data\raw\pdraw_wave\test\parkinson\V04PO01.png,1,0.680004,1
pdraw_wave,resnet50,perspective,4,C:\Users\ramti\Desktop\ramtin legion pc\article_project\data\raw\pdraw_wave\test\parkinson\V05PO01.png,1,0.695308,1
pdraw_wave,resnet50,perspective,4,C:\Users\ramti\Desktop\ramtin legion pc\article_project\data\raw\pdraw_wave\test\parkinson\V06PO01.png,1,0.634578,1
pdraw_wave,resnet50,perspective,4,C:\Users\ramti\Desktop\ramtin legion pc\article_project\data\raw\pdraw_wave\test\parkinson\V07PO01.png,1,0.704776,1
pdraw_wave,resnet50,perspective,4,C:\Users\ramti\Desktop\ramtin legion pc\article_project\data\raw\pdraw_wave\test\parkinson\V08PO01.png,1,0.503900,0
pdraw_wave,resnet50,perspective,4,C:\Users\ramti\Desktop\ramtin legion pc\article_project\data\raw\pdraw_wave\test\parkinson\V09PO01.png,1,0.691494,1
pdraw_wave,resnet50,perspective,4,C:\Users\ramti\Desktop\ramtin legion pc\article_project\data\raw\pdraw_wave\test\parkinson\V10PO01.png,1,0.558533,1
pdraw_wave,resnet50,perspective,4,C:\Users\ramti\Desktop\ramtin legion pc\article_project\data\raw\pdraw_wave\test\parkinson\V11PO01.png,1,0.547253,0
pdraw_wave,resnet50,perspective,4,C:\Users\ramti\Desktop\ramtin legion pc\article_project\data\raw\pdraw_wave\test\parkinson\V14PO01.png,1,0.657110,1
pdraw_wave,resnet50,perspective,4,C:\Users\ramti\Desktop\ramtin legion pc\article_project\data\raw\pdraw_wave\test\parkinson\V14PO03.png,1,0.671177,1
pdraw_wave,resnet50,perspective,5,C:\Users\ramti\Desktop\ramtin legion pc\article_project\data\raw\pdraw_wave\test\healthy\V01HO01.png,0,0.557917,1
pdraw_wave,resnet50,perspective,5,C:\Users\ramti\Desktop\ramtin legion pc\article_project\data\raw\pdraw_wave\test\healthy\V02HO01.png,0,0.516511,0
pdraw_wave,resnet50,perspective,5,C:\Users\ramti\Desktop\ramtin legion pc\article_project\data\raw\pdraw_wave\test\healthy\V03HO01.png,0,0.517077,0
pdraw_wave,resnet50,perspective,5,C:\Users\ramti\Desktop\ramtin legion pc\article_project\data\raw\pdraw_wave\test\healthy\V04HO01.png,0,0.532983,0
pdraw_wave,resnet50,perspective,5,C:\Users\ramti\Desktop\ramtin legion pc\article_project\data\raw\pdraw_wave\test\healthy\V05HO01.png,0,0.551025,1
pdraw_wave,resnet50,perspective,5,C:\Users\ramti\Desktop\ramtin legion pc\article_project\data\raw\pdraw_wave\test\healthy\V06HO01.png,0,0.575138,1
pdraw_wave,resnet50,perspective,5,C:\Users\ramti\Desktop\ramtin legion pc\article_project\data\raw\pdraw_wave\test\healthy\V07HO01.png,0,0.489512,0
pdraw_wave,resnet50,perspective,5,C:\Users\ramti\Desktop\ramtin legion pc\article_project\data\raw\pdraw_wave\test\healthy\V08HO01.png,0,0.508910,0
pdraw_wave,resnet50,perspective,5,C:\Users\ramti\Desktop\ramtin legion pc\article_project\data\raw\pdraw_wave\test\healthy\V09HO01.png,0,0.534291,0
pdraw_wave,resnet50,perspective,5,C:\Users\ramti\Desktop\ramtin legion pc\article_project\data\raw\pdraw_wave\test\healthy\V10HO01.png,0,0.557519,1
pdraw_wave,resnet50,perspective,5,C:\Users\ramti\Desktop\ramtin legion pc\article_project\data\raw\pdraw_wave\test\healthy\V11HO01.png,0,0.489744,0
pdraw_wave,resnet50,perspective,5,C:\Users\ramti\Desktop\ramtin legion pc\article_project\data\raw\pdraw_wave\test\healthy\V55HO08.png,0,0.528878,0
pdraw_wave,resnet50,perspective,5,C:\Users\ramti\Desktop\ramtin legion pc\article_project\data\raw\pdraw_wave\test\healthy\V55HO09.png,0,0.539469,0
pdraw_wave,resnet50,perspective,5,C:\Users\ramti\Desktop\ramtin legion pc\article_project\data\raw\pdraw_wave\test\healthy\V55HO10.png,0,0.505399,0
pdraw_wave,resnet50,perspective,5,C:\Users\ramti\Desktop\ramtin legion pc\article_project\data\raw\pdraw_wave\test\healthy\V55HO11.png,0,0.574031,1
pdraw_wave,resnet50,perspective,5,C:\Users\ramti\Desktop\ramtin legion pc\article_project\data\raw\pdraw_wave\test\parkinson\V01PO01.png,1,0.544251,0
pdraw_wave,resnet50,perspective,5,C:\Users\ramti\Desktop\ramtin legion pc\article_project\data\raw\pdraw_wave\test\parkinson\V02PO01.png,1,0.602006,1
pdraw_wave,resnet50,perspective,5,C:\Users\ramti\Desktop\ramtin legion pc\article_project\data\raw\pdraw_wave\test\parkinson\V03PO01.png,1,0.698720,1
pdraw_wave,resnet50,perspective,5,C:\Users\ramti\Desktop\ramtin legion pc\article_project\data\raw\pdraw_wave\test\parkinson\V03PO04.png,1,0.700214,1
pdraw_wave,resnet50,perspective,5,C:\Users\ramti\Desktop\ramtin legion pc\article_project\data\raw\pdraw_wave\test\parkinson\V03PO07.png,1,0.663664,1
pdraw_wave,resnet50,perspective,5,C:\Users\ramti\Desktop\ramtin legion pc\article_project\data\raw\pdraw_wave\test\parkinson\V04PO01.png,1,0.681075,1
pdraw_wave,resnet50,perspective,5,C:\Users\ramti\Desktop\ramtin legion pc\article_project\data\raw\pdraw_wave\test\parkinson\V05PO01.png,1,0.694326,1
pdraw_wave,resnet50,perspective,5,C:\Users\ramti\Desktop\ramtin legion pc\article_project\data\raw\pdraw_wave\test\parkinson\V06PO01.png,1,0.642994,1
pdraw_wave,resnet50,perspective,5,C:\Users\ramti\Desktop\ramtin legion pc\article_project\data\raw\pdraw_wave\test\parkinson\V07PO01.png,1,0.702687,1
pdraw_wave,resnet50,perspective,5,C:\Users\ramti\Desktop\ramtin legion pc\article_project\data\raw\pdraw_wave\test\parkinson\V08PO01.png,1,0.512813,0
pdraw_wave,resnet50,perspective,5,C:\Users\ramti\Desktop\ramtin legion pc\article_project\data\raw\pdraw_wave\test\parkinson\V09PO01.png,1,0.695935,1
pdraw_wave,resnet50,perspective,5,C:\Users\ramti\Desktop\ramtin legion pc\article_project\data\raw\pdraw_wave\test\parkinson\V10PO01.png,1,0.553021,1
pdraw_wave,resnet50,perspective,5,C:\Users\ramti\Desktop\ramtin legion pc\article_project\data\raw\pdraw_wave\test\parkinson\V11PO01.png,1,0.552370,1
pdraw_wave,resnet50,perspective,5,C:\Users\ramti\Desktop\ramtin legion pc\article_project\data\raw\pdraw_wave\test\parkinson\V14PO01.png,1,0.656311,1
pdraw_wave,resnet50,perspective,5,C:\Users\ramti\Desktop\ramtin legion pc\article_project\data\raw\pdraw_wave\test\parkinson\V14PO03.png,1,0.655058,1
pdraw_wave,resnet50,rotation,1,C:\Users\ramti\Desktop\ramtin legion pc\article_project\data\raw\pdraw_wave\test\healthy\V01HO01.png,0,0.578094,1
pdraw_wave,resnet50,rotation,1,C:\Users\ramti\Desktop\ramtin legion pc\article_project\data\raw\pdraw_wave\test\healthy\V02HO01.png,0,0.541643,0
pdraw_wave,resnet50,rotation,1,C:\Users\ramti\Desktop\ramtin legion pc\article_project\data\raw\pdraw_wave\test\healthy\V03HO01.png,0,0.539908,0
pdraw_wave,resnet50,rotation,1,C:\Users\ramti\Desktop\ramtin legion pc\article_project\data\raw\pdraw_wave\test\healthy\V04HO01.png,0,0.536686,0
pdraw_wave,resnet50,rotation,1,C:\Users\ramti\Desktop\ramtin legion pc\article_project\data\raw\pdraw_wave\test\healthy\V05HO01.png,0,0.559970,1
pdraw_wave,resnet50,rotation,1,C:\Users\ramti\Desktop\ramtin legion pc\article_project\data\raw\pdraw_wave\test\healthy\V06HO01.png,0,0.605674,1
pdraw_wave,resnet50,rotation,1,C:\Users\ramti\Desktop\ramtin legion pc\article_project\data\raw\pdraw_wave\test\healthy\V07HO01.png,0,0.522220,0
pdraw_wave,resnet50,rotation,1,C:\Users\ramti\Desktop\ramtin legion pc\article_project\data\raw\pdraw_wave\test\healthy\V08HO01.png,0,0.539521,0
pdraw_wave,resnet50,rotation,1,C:\Users\ramti\Desktop\ramtin legion pc\article_project\data\raw\pdraw_wave\test\healthy\V09HO01.png,0,0.535120,0
pdraw_wave,resnet50,rotation,1,C:\Users\ramti\Desktop\ramtin legion pc\article_project\data\raw\pdraw_wave\test\healthy\V10HO01.png,0,0.535552,0
pdraw_wave,resnet50,rotation,1,C:\Users\ramti\Desktop\ramtin legion pc\article_project\data\raw\pdraw_wave\test\healthy\V11HO01.png,0,0.500291,0
pdraw_wave,resnet50,rotation,1,C:\Users\ramti\Desktop\ramtin legion pc\article_project\data\raw\pdraw_wave\test\healthy\V55HO08.png,0,0.527143,0
pdraw_wave,resnet50,rotation,1,C:\Users\ramti\Desktop\ramtin legion pc\article_project\data\raw\pdraw_wave\test\healthy\V55HO09.png,0,0.554008,1
pdraw_wave,resnet50,rotation,1,C:\Users\ramti\Desktop\ramtin legion pc\article_project\data\raw\pdraw_wave\test\healthy\V55HO10.png,0,0.533892,0
pdraw_wave,resnet50,rotation,1,C:\Users\ramti\Desktop\ramtin legion pc\article_project\data\raw\pdraw_wave\test\healthy\V55HO11.png,0,0.557585,1
pdraw_wave,resnet50,rotation,1,C:\Users\ramti\Desktop\ramtin legion pc\article_project\data\raw\pdraw_wave\test\parkinson\V01PO01.png,1,0.548114,0
pdraw_wave,resnet50,rotation,1,C:\Users\ramti\Desktop\ramtin legion pc\article_project\data\raw\pdraw_wave\test\parkinson\V02PO01.png,1,0.634036,1
pdraw_wave,resnet50,rotation,1,C:\Users\ramti\Desktop\ramtin legion pc\article_project\data\raw\pdraw_wave\test\parkinson\V03PO01.png,1,0.691379,1
pdraw_wave,resnet50,rotation,1,C:\Users\ramti\Desktop\ramtin legion pc\article_project\data\raw\pdraw_wave\test\parkinson\V03PO04.png,1,0.698730,1
pdraw_wave,resnet50,rotation,1,C:\Users\ramti\Desktop\ramtin legion pc\article_project\data\raw\pdraw_wave\test\parkinson\V03PO07.png,1,0.674705,1
pdraw_wave,resnet50,rotation,1,C:\Users\ramti\Desktop\ramtin legion pc\article_project\data\raw\pdraw_wave\test\parkinson\V04PO01.png,1,0.684572,1
pdraw_wave,resnet50,rotation,1,C:\Users\ramti\Desktop\ramtin legion pc\article_project\data\raw\pdraw_wave\test\parkinson\V05PO01.png,1,0.694138,1
pdraw_wave,resnet50,rotation,1,C:\Users\ramti\Desktop\ramtin legion pc\article_project\data\raw\pdraw_wave\test\parkinson\V06PO01.png,1,0.653046,1
pdraw_wave,resnet50,rotation,1,C:\Users\ramti\Desktop\ramtin legion pc\article_project\data\raw\pdraw_wave\test\parkinson\V07PO01.png,1,0.702547,1
pdraw_wave,resnet50,rotation,1,C:\Users\ramti\Desktop\ramtin legion pc\article_project\data\raw\pdraw_wave\test\parkinson\V08PO01.png,1,0.524833,0
pdraw_wave,resnet50,rotation,1,C:\Users\ramti\Desktop\ramtin legion pc\article_project\data\raw\pdraw_wave\test\parkinson\V09PO01.png,1,0.703954,1
pdraw_wave,resnet50,rotation,1,C:\Users\ramti\Desktop\ramtin legion pc\article_project\data\raw\pdraw_wave\test\parkinson\V10PO01.png,1,0.582011,1
pdraw_wave,resnet50,rotation,1,C:\Users\ramti\Desktop\ramtin legion pc\article_project\data\raw\pdraw_wave\test\parkinson\V11PO01.png,1,0.583069,1
pdraw_wave,resnet50,rotation,1,C:\Users\ramti\Desktop\ramtin legion pc\article_project\data\raw\pdraw_wave\test\parkinson\V14PO01.png,1,0.637937,1
pdraw_wave,resnet50,rotation,1,C:\Users\ramti\Desktop\ramtin legion pc\article_project\data\raw\pdraw_wave\test\parkinson\V14PO03.png,1,0.647252,1
pdraw_wave,resnet50,rotation,2,C:\Users\ramti\Desktop\ramtin legion pc\article_project\data\raw\pdraw_wave\test\healthy\V01HO01.png,0,0.562810,1
pdraw_wave,resnet50,rotation,2,C:\Users\ramti\Desktop\ramtin legion pc\article_project\data\raw\pdraw_wave\test\healthy\V02HO01.png,0,0.531886,0
pdraw_wave,resnet50,rotation,2,C:\Users\ramti\Desktop\ramtin legion pc\article_project\data\raw\pdraw_wave\test\healthy\V03HO01.png,0,0.533690,0
pdraw_wave,resnet50,rotation,2,C:\Users\ramti\Desktop\ramtin legion pc\article_project\data\raw\pdraw_wave\test\healthy\V04HO01.png,0,0.545402,0
pdraw_wave,resnet50,rotation,2,C:\Users\ramti\Desktop\ramtin legion pc\article_project\data\raw\pdraw_wave\test\healthy\V05HO01.png,0,0.598973,1
pdraw_wave,resnet50,rotation,2,C:\Users\ramti\Desktop\ramtin legion pc\article_project\data\raw\pdraw_wave\test\healthy\V06HO01.png,0,0.596292,1
pdraw_wave,resnet50,rotation,2,C:\Users\ramti\Desktop\ramtin legion pc\article_project\data\raw\pdraw_wave\test\healthy\V07HO01.png,0,0.515310,0
pdraw_wave,resnet50,rotation,2,C:\Users\ramti\Desktop\ramtin legion pc\article_project\data\raw\pdraw_wave\test\healthy\V08HO01.png,0,0.531298,0
pdraw_wave,resnet50,rotation,2,C:\Users\ramti\Desktop\ramtin legion pc\article_project\data\raw\pdraw_wave\test\healthy\V09HO01.png,0,0.547533,0
pdraw_wave,resnet50,rotation,2,C:\Users\ramti\Desktop\ramtin legion pc\article_project\data\raw\pdraw_wave\test\healthy\V10HO01.png,0,0.574041,1
pdraw_wave,resnet50,rotation,2,C:\Users\ramti\Desktop\ramtin legion pc\article_project\data\raw\pdraw_wave\test\healthy\V11HO01.png,0,0.580039,1
pdraw_wave,resnet50,rotation,2,C:\Users\ramti\Desktop\ramtin legion pc\article_project\data\raw\pdraw_wave\test\healthy\V55HO08.png,0,0.538142,0
pdraw_wave,resnet50,rotation,2,C:\Users\ramti\Desktop\ramtin legion pc\article_project\data\raw\pdraw_wave\test\healthy\V55HO09.png,0,0.562991,1
pdraw_wave,resnet50,rotation,2,C:\Users\ramti\Desktop\ramtin legion pc\article_project\data\raw\pdraw_wave\test\healthy\V55HO10.png,0,0.538164,0
pdraw_wave,resnet50,rotation,2,C:\Users\ramti\Desktop\ramtin legion pc\article_project\data\raw\pdraw_wave\test\healthy\V55HO11.png,0,0.593416,1
pdraw_wave,resnet50,rotation,2,C:\Users\ramti\Desktop\ramtin legion pc\article_project\data\raw\pdraw_wave\test\parkinson\V01PO01.png,1,0.556884,1
pdraw_wave,resnet50,rotation,2,C:\Users\ramti\Desktop\ramtin legion pc\article_project\data\raw\pdraw_wave\test\parkinson\V02PO01.png,1,0.634997,1
pdraw_wave,resnet50,rotation,2,C:\Users\ramti\Desktop\ramtin legion pc\article_project\data\raw\pdraw_wave\test\parkinson\V03PO01.png,1,0.682451,1
pdraw_wave,resnet50,rotation,2,C:\Users\ramti\Desktop\ramtin legion pc\article_project\data\raw\pdraw_wave\test\parkinson\V03PO04.png,1,0.690083,1
pdraw_wave,resnet50,rotation,2,C:\Users\ramti\Desktop\ramtin legion pc\article_project\data\raw\pdraw_wave\test\parkinson\V03PO07.png,1,0.674859,1
pdraw_wave,resnet50,rotation,2,C:\Users\ramti\Desktop\ramtin legion pc\article_project\data\raw\pdraw_wave\test\parkinson\V04PO01.png,1,0.667246,1
pdraw_wave,resnet50,rotation,2,C:\Users\ramti\Desktop\ramtin legion pc\article_project\data\raw\pdraw_wave\test\parkinson\V05PO01.png,1,0.702971,1
pdraw_wave,resnet50,rotation,2,C:\Users\ramti\Desktop\ramtin legion pc\article_project\data\raw\pdraw_wave\test\parkinson\V06PO01.png,1,0.647607,1
pdraw_wave,resnet50,rotation,2,C:\Users\ramti\Desktop\ramtin legion pc\article_project\data\raw\pdraw_wave\test\parkinson\V07PO01.png,1,0.738202,1
pdraw_wave,resnet50,rotation,2,C:\Users\ramti\Desktop\ramtin legion pc\article_project\data\raw\pdraw_wave\test\parkinson\V08PO01.png,1,0.542237,0
pdraw_wave,resnet50,rotation,2,C:\Users\ramti\Desktop\ramtin legion pc\article_project\data\raw\pdraw_wave\test\parkinson\V09PO01.png,1,0.685226,1
pdraw_wave,resnet50,rotation,2,C:\Users\ramti\Desktop\ramtin legion pc\article_project\data\raw\pdraw_wave\test\parkinson\V10PO01.png,1,0.640084,1
pdraw_wave,resnet50,rotation,2,C:\Users\ramti\Desktop\ramtin legion pc\article_project\data\raw\pdraw_wave\test\parkinson\V11PO01.png,1,0.580780,1
pdraw_wave,resnet50,rotation,2,C:\Users\ramti\Desktop\ramtin legion pc\article_project\data\raw\pdraw_wave\test\parkinson\V14PO01.png,1,0.655404,1
pdraw_wave,resnet50,rotation,2,C:\Users\ramti\Desktop\ramtin legion pc\article_project\data\raw\pdraw_wave\test\parkinson\V14PO03.png,1,0.647598,1
pdraw_wave,resnet50,rotation,3,C:\Users\ramti\Desktop\ramtin legion pc\article_project\data\raw\pdraw_wave\test\healthy\V01HO01.png,0,0.596091,1
pdraw_wave,resnet50,rotation,3,C:\Users\ramti\Desktop\ramtin legion pc\article_project\data\raw\pdraw_wave\test\healthy\V02HO01.png,0,0.565707,1
pdraw_wave,resnet50,rotation,3,C:\Users\ramti\Desktop\ramtin legion pc\article_project\data\raw\pdraw_wave\test\healthy\V03HO01.png,0,0.557976,1
pdraw_wave,resnet50,rotation,3,C:\Users\ramti\Desktop\ramtin legion pc\article_project\data\raw\pdraw_wave\test\healthy\V04HO01.png,0,0.562579,1
pdraw_wave,resnet50,rotation,3,C:\Users\ramti\Desktop\ramtin legion pc\article_project\data\raw\pdraw_wave\test\healthy\V05HO01.png,0,0.628099,1
pdraw_wave,resnet50,rotation,3,C:\Users\ramti\Desktop\ramtin legion pc\article_project\data\raw\pdraw_wave\test\healthy\V06HO01.png,0,0.634102,1
pdraw_wave,resnet50,rotation,3,C:\Users\ramti\Desktop\ramtin legion pc\article_project\data\raw\pdraw_wave\test\healthy\V07HO01.png,0,0.539006,0
pdraw_wave,resnet50,rotation,3,C:\Users\ramti\Desktop\ramtin legion pc\article_project\data\raw\pdraw_wave\test\healthy\V08HO01.png,0,0.560240,1
pdraw_wave,resnet50,rotation,3,C:\Users\ramti\Desktop\ramtin legion pc\article_project\data\raw\pdraw_wave\test\healthy\V09HO01.png,0,0.553713,1
pdraw_wave,resnet50,rotation,3,C:\Users\ramti\Desktop\ramtin legion pc\article_project\data\raw\pdraw_wave\test\healthy\V10HO01.png,0,0.582002,1
pdraw_wave,resnet50,rotation,3,C:\Users\ramti\Desktop\ramtin legion pc\article_project\data\raw\pdraw_wave\test\healthy\V11HO01.png,0,0.571548,1
pdraw_wave,resnet50,rotation,3,C:\Users\ramti\Desktop\ramtin legion pc\article_project\data\raw\pdraw_wave\test\healthy\V55HO08.png,0,0.544274,0
pdraw_wave,resnet50,rotation,3,C:\Users\ramti\Desktop\ramtin legion pc\article_project\data\raw\pdraw_wave\test\healthy\V55HO09.png,0,0.593564,1
pdraw_wave,resnet50,rotation,3,C:\Users\ramti\Desktop\ramtin legion pc\article_project\data\raw\pdraw_wave\test\healthy\V55HO10.png,0,0.583785,1
pdraw_wave,resnet50,rotation,3,C:\Users\ramti\Desktop\ramtin legion pc\article_project\data\raw\pdraw_wave\test\healthy\V55HO11.png,0,0.578528,1
pdraw_wave,resnet50,rotation,3,C:\Users\ramti\Desktop\ramtin legion pc\article_project\data\raw\pdraw_wave\test\parkinson\V01PO01.png,1,0.576019,1
pdraw_wave,resnet50,rotation,3,C:\Users\ramti\Desktop\ramtin legion pc\article_project\data\raw\pdraw_wave\test\parkinson\V02PO01.png,1,0.655717,1
pdraw_wave,resnet50,rotation,3,C:\Users\ramti\Desktop\ramtin legion pc\article_project\data\raw\pdraw_wave\test\parkinson\V03PO01.png,1,0.693731,1
pdraw_wave,resnet50,rotation,3,C:\Users\ramti\Desktop\ramtin legion pc\article_project\data\raw\pdraw_wave\test\parkinson\V03PO04.png,1,0.691389,1
pdraw_wave,resnet50,rotation,3,C:\Users\ramti\Desktop\ramtin legion pc\article_project\data\raw\pdraw_wave\test\parkinson\V03PO07.png,1,0.668161,1
pdraw_wave,resnet50,rotation,3,C:\Users\ramti\Desktop\ramtin legion pc\article_project\data\raw\pdraw_wave\test\parkinson\V04PO01.png,1,0.677504,1
pdraw_wave,resnet50,rotation,3,C:\Users\ramti\Desktop\ramtin legion pc\article_project\data\raw\pdraw_wave\test\parkinson\V05PO01.png,1,0.711337,1
pdraw_wave,resnet50,rotation,3,C:\Users\ramti\Desktop\ramtin legion pc\article_project\data\raw\pdraw_wave\test\parkinson\V06PO01.png,1,0.649621,1
pdraw_wave,resnet50,rotation,3,C:\Users\ramti\Desktop\ramtin legion pc\article_project\data\raw\pdraw_wave\test\parkinson\V07PO01.png,1,0.703423,1
pdraw_wave,resnet50,rotation,3,C:\Users\ramti\Desktop\ramtin legion pc\article_project\data\raw\pdraw_wave\test\parkinson\V08PO01.png,1,0.576853,1
pdraw_wave,resnet50,rotation,3,C:\Users\ramti\Desktop\ramtin legion pc\article_project\data\raw\pdraw_wave\test\parkinson\V09PO01.png,1,0.694672,1
pdraw_wave,resnet50,rotation,3,C:\Users\ramti\Desktop\ramtin legion pc\article_project\data\raw\pdraw_wave\test\parkinson\V10PO01.png,1,0.636302,1
pdraw_wave,resnet50,rotation,3,C:\Users\ramti\Desktop\ramtin legion pc\article_project\data\raw\pdraw_wave\test\parkinson\V11PO01.png,1,0.619911,1
pdraw_wave,resnet50,rotation,3,C:\Users\ramti\Desktop\ramtin legion pc\article_project\data\raw\pdraw_wave\test\parkinson\V14PO01.png,1,0.645866,1
pdraw_wave,resnet50,rotation,3,C:\Users\ramti\Desktop\ramtin legion pc\article_project\data\raw\pdraw_wave\test\parkinson\V14PO03.png,1,0.662047,1
pdraw_wave,resnet50,rotation,4,C:\Users\ramti\Desktop\ramtin legion pc\article_project\data\raw\pdraw_wave\test\healthy\V01HO01.png,0,0.596292,1
pdraw_wave,resnet50,rotation,4,C:\Users\ramti\Desktop\ramtin legion pc\article_project\data\raw\pdraw_wave\test\healthy\V02HO01.png,0,0.572121,1
pdraw_wave,resnet50,rotation,4,C:\Users\ramti\Desktop\ramtin legion pc\article_project\data\raw\pdraw_wave\test\healthy\V03HO01.png,0,0.586911,1
pdraw_wave,resnet50,rotation,4,C:\Users\ramti\Desktop\ramtin legion pc\article_project\data\raw\pdraw_wave\test\healthy\V04HO01.png,0,0.550777,1
pdraw_wave,resnet50,rotation,4,C:\Users\ramti\Desktop\ramtin legion pc\article_project\data\raw\pdraw_wave\test\healthy\V05HO01.png,0,0.627063,1
pdraw_wave,resnet50,rotation,4,C:\Users\ramti\Desktop\ramtin legion pc\article_project\data\raw\pdraw_wave\test\healthy\V06HO01.png,0,0.623091,1
pdraw_wave,resnet50,rotation,4,C:\Users\ramti\Desktop\ramtin legion pc\article_project\data\raw\pdraw_wave\test\healthy\V07HO01.png,0,0.534051,0
pdraw_wave,resnet50,rotation,4,C:\Users\ramti\Desktop\ramtin legion pc\article_project\data\raw\pdraw_wave\test\healthy\V08HO01.png,0,0.588158,1
pdraw_wave,resnet50,rotation,4,C:\Users\ramti\Desktop\ramtin legion pc\article_project\data\raw\pdraw_wave\test\healthy\V09HO01.png,0,0.575039,1
pdraw_wave,resnet50,rotation,4,C:\Users\ramti\Desktop\ramtin legion pc\article_project\data\raw\pdraw_wave\test\healthy\V10HO01.png,0,0.596722,1
pdraw_wave,resnet50,rotation,4,C:\Users\ramti\Desktop\ramtin legion pc\article_project\data\raw\pdraw_wave\test\healthy\V11HO01.png,0,0.629598,1
pdraw_wave,resnet50,rotation,4,C:\Users\ramti\Desktop\ramtin legion pc\article_project\data\raw\pdraw_wave\test\healthy\V55HO08.png,0,0.543590,0
pdraw_wave,resnet50,rotation,4,C:\Users\ramti\Desktop\ramtin legion pc\article_project\data\raw\pdraw_wave\test\healthy\V55HO09.png,0,0.621584,1
pdraw_wave,resnet50,rotation,4,C:\Users\ramti\Desktop\ramtin legion pc\article_project\data\raw\pdraw_wave\test\healthy\V55HO10.png,0,0.573339,1
pdraw_wave,resnet50,rotation,4,C:\Users\ramti\Desktop\ramtin legion pc\article_project\data\raw\pdraw_wave\test\healthy\V55HO11.png,0,0.617630,1
pdraw_wave,resnet50,rotation,4,C:\Users\ramti\Desktop\ramtin legion pc\article_project\data\raw\pdraw_wave\test\parkinson\V01PO01.png,1,0.592234,1
pdraw_wave,resnet50,rotation,4,C:\Users\ramti\Desktop\ramtin legion pc\article_project\data\raw\pdraw_wave\test\parkinson\V02PO01.png,1,0.644731,1
pdraw_wave,resnet50,rotation,4,C:\Users\ramti\Desktop\ramtin legion pc\article_project\data\raw\pdraw_wave\test\parkinson\V03PO01.png,1,0.687764,1
pdraw_wave,resnet50,rotation,4,C:\Users\ramti\Desktop\ramtin legion pc\article_project\data\raw\pdraw_wave\test\parkinson\V03PO04.png,1,0.675780,1
pdraw_wave,resnet50,rotation,4,C:\Users\ramti\Desktop\ramtin legion pc\article_project\data\raw\pdraw_wave\test\parkinson\V03PO07.png,1,0.698929,1
pdraw_wave,resnet50,rotation,4,C:\Users\ramti\Desktop\ramtin legion pc\article_project\data\raw\pdraw_wave\test\parkinson\V04PO01.png,1,0.690854,1
pdraw_wave,resnet50,rotation,4,C:\Users\ramti\Desktop\ramtin legion pc\article_project\data\raw\pdraw_wave\test\parkinson\V05PO01.png,1,0.719860,1
pdraw_wave,resnet50,rotation,4,C:\Users\ramti\Desktop\ramtin legion pc\article_project\data\raw\pdraw_wave\test\parkinson\V06PO01.png,1,0.649465,1
pdraw_wave,resnet50,rotation,4,C:\Users\ramti\Desktop\ramtin legion pc\article_project\data\raw\pdraw_wave\test\parkinson\V07PO01.png,1,0.682371,1
pdraw_wave,resnet50,rotation,4,C:\Users\ramti\Desktop\ramtin legion pc\article_project\data\raw\pdraw_wave\test\parkinson\V08PO01.png,1,0.579061,1
pdraw_wave,resnet50,rotation,4,C:\Users\ramti\Desktop\ramtin legion pc\article_project\data\raw\pdraw_wave\test\parkinson\V09PO01.png,1,0.695688,1
pdraw_wave,resnet50,rotation,4,C:\Users\ramti\Desktop\ramtin legion pc\article_project\data\raw\pdraw_wave\test\parkinson\V10PO01.png,1,0.642179,1
pdraw_wave,resnet50,rotation,4,C:\Users\ramti\Desktop\ramtin legion pc\article_project\data\raw\pdraw_wave\test\parkinson\V11PO01.png,1,0.620191,1
pdraw_wave,resnet50,rotation,4,C:\Users\ramti\Desktop\ramtin legion pc\article_project\data\raw\pdraw_wave\test\parkinson\V14PO01.png,1,0.692698,1
pdraw_wave,resnet50,rotation,4,C:\Users\ramti\Desktop\ramtin legion pc\article_project\data\raw\pdraw_wave\test\parkinson\V14PO03.png,1,0.650966,1
pdraw_wave,resnet50,rotation,5,C:\Users\ramti\Desktop\ramtin legion pc\article_project\data\raw\pdraw_wave\test\healthy\V01HO01.png,0,0.610087,1
pdraw_wave,resnet50,rotation,5,C:\Users\ramti\Desktop\ramtin legion pc\article_project\data\raw\pdraw_wave\test\healthy\V02HO01.png,0,0.578503,1
pdraw_wave,resnet50,rotation,5,C:\Users\ramti\Desktop\ramtin legion pc\article_project\data\raw\pdraw_wave\test\healthy\V03HO01.png,0,0.583943,1
pdraw_wave,resnet50,rotation,5,C:\Users\ramti\Desktop\ramtin legion pc\article_project\data\raw\pdraw_wave\test\healthy\V04HO01.png,0,0.574775,1
pdraw_wave,resnet50,rotation,5,C:\Users\ramti\Desktop\ramtin legion pc\article_project\data\raw\pdraw_wave\test\healthy\V05HO01.png,0,0.652528,1
pdraw_wave,resnet50,rotation,5,C:\Users\ramti\Desktop\ramtin legion pc\article_project\data\raw\pdraw_wave\test\healthy\V06HO01.png,0,0.632576,1
pdraw_wave,resnet50,rotation,5,C:\Users\ramti\Desktop\ramtin legion pc\article_project\data\raw\pdraw_wave\test\healthy\V07HO01.png,0,0.573235,1
pdraw_wave,resnet50,rotation,5,C:\Users\ramti\Desktop\ramtin legion pc\article_project\data\raw\pdraw_wave\test\healthy\V08HO01.png,0,0.597381,1
pdraw_wave,resnet50,rotation,5,C:\Users\ramti\Desktop\ramtin legion pc\article_project\data\raw\pdraw_wave\test\healthy\V09HO01.png,0,0.566254,1
pdraw_wave,resnet50,rotation,5,C:\Users\ramti\Desktop\ramtin legion pc\article_project\data\raw\pdraw_wave\test\healthy\V10HO01.png,0,0.595896,1
pdraw_wave,resnet50,rotation,5,C:\Users\ramti\Desktop\ramtin legion pc\article_project\data\raw\pdraw_wave\test\healthy\V11HO01.png,0,0.620366,1
pdraw_wave,resnet50,rotation,5,C:\Users\ramti\Desktop\ramtin legion pc\article_project\data\raw\pdraw_wave\test\healthy\V55HO08.png,0,0.548562,0
pdraw_wave,resnet50,rotation,5,C:\Users\ramti\Desktop\ramtin legion pc\article_project\data\raw\pdraw_wave\test\healthy\V55HO09.png,0,0.596844,1
pdraw_wave,resnet50,rotation,5,C:\Users\ramti\Desktop\ramtin legion pc\article_project\data\raw\pdraw_wave\test\healthy\V55HO10.png,0,0.599848,1
pdraw_wave,resnet50,rotation,5,C:\Users\ramti\Desktop\ramtin legion pc\article_project\data\raw\pdraw_wave\test\healthy\V55HO11.png,0,0.599475,1
pdraw_wave,resnet50,rotation,5,C:\Users\ramti\Desktop\ramtin legion pc\article_project\data\raw\pdraw_wave\test\parkinson\V01PO01.png,1,0.606061,1
pdraw_wave,resnet50,rotation,5,C:\Users\ramti\Desktop\ramtin legion pc\article_project\data\raw\pdraw_wave\test\parkinson\V02PO01.png,1,0.646227,1
pdraw_wave,resnet50,rotation,5,C:\Users\ramti\Desktop\ramtin legion pc\article_project\data\raw\pdraw_wave\test\parkinson\V03PO01.png,1,0.682276,1
pdraw_wave,resnet50,rotation,5,C:\Users\ramti\Desktop\ramtin legion pc\article_project\data\raw\pdraw_wave\test\parkinson\V03PO04.png,1,0.692420,1
pdraw_wave,resnet50,rotation,5,C:\Users\ramti\Desktop\ramtin legion pc\article_project\data\raw\pdraw_wave\test\parkinson\V03PO07.png,1,0.686793,1
pdraw_wave,resnet50,rotation,5,C:\Users\ramti\Desktop\ramtin legion pc\article_project\data\raw\pdraw_wave\test\parkinson\V04PO01.png,1,0.668627,1
pdraw_wave,resnet50,rotation,5,C:\Users\ramti\Desktop\ramtin legion pc\article_project\data\raw\pdraw_wave\test\parkinson\V05PO01.png,1,0.696211,1
pdraw_wave,resnet50,rotation,5,C:\Users\ramti\Desktop\ramtin legion pc\article_project\data\raw\pdraw_wave\test\parkinson\V06PO01.png,1,0.669423,1
pdraw_wave,resnet50,rotation,5,C:\Users\ramti\Desktop\ramtin legion pc\article_project\data\raw\pdraw_wave\test\parkinson\V07PO01.png,1,0.693913,1
pdraw_wave,resnet50,rotation,5,C:\Users\ramti\Desktop\ramtin legion pc\article_project\data\raw\pdraw_wave\test\parkinson\V08PO01.png,1,0.569043,1
pdraw_wave,resnet50,rotation,5,C:\Users\ramti\Desktop\ramtin legion pc\article_project\data\raw\pdraw_wave\test\parkinson\V09PO01.png,1,0.662322,1
pdraw_wave,resnet50,rotation,5,C:\Users\ramti\Desktop\ramtin legion pc\article_project\data\raw\pdraw_wave\test\parkinson\V10PO01.png,1,0.655523,1
pdraw_wave,resnet50,rotation,5,C:\Users\ramti\Desktop\ramtin legion pc\article_project\data\raw\pdraw_wave\test\parkinson\V11PO01.png,1,0.645442,1
pdraw_wave,resnet50,rotation,5,C:\Users\ramti\Desktop\ramtin legion pc\article_project\data\raw\pdraw_wave\test\parkinson\V14PO01.png,1,0.652411,1
pdraw_wave,resnet50,rotation,5,C:\Users\ramti\Desktop\ramtin legion pc\article_project\data\raw\pdraw_wave\test\parkinson\V14PO03.png,1,0.656122,1
pdraw_wave,vgg16,clean,0,C:\Users\ramti\Desktop\ramtin legion pc\article_project\data\raw\pdraw_wave\test\healthy\V01HO01.png,0,0.445076,0
pdraw_wave,vgg16,clean,0,C:\Users\ramti\Desktop\ramtin legion pc\article_project\data\raw\pdraw_wave\test\healthy\V02HO01.png,0,0.398172,0
pdraw_wave,vgg16,clean,0,C:\Users\ramti\Desktop\ramtin legion pc\article_project\data\raw\pdraw_wave\test\healthy\V03HO01.png,0,0.414831,0
pdraw_wave,vgg16,clean,0,C:\Users\ramti\Desktop\ramtin legion pc\article_project\data\raw\pdraw_wave\test\healthy\V04HO01.png,0,0.404496,0
pdraw_wave,vgg16,clean,0,C:\Users\ramti\Desktop\ramtin legion pc\article_project\data\raw\pdraw_wave\test\healthy\V05HO01.png,0,0.482868,1
pdraw_wave,vgg16,clean,0,C:\Users\ramti\Desktop\ramtin legion pc\article_project\data\raw\pdraw_wave\test\healthy\V06HO01.png,0,0.398608,0
pdraw_wave,vgg16,clean,0,C:\Users\ramti\Desktop\ramtin legion pc\article_project\data\raw\pdraw_wave\test\healthy\V07HO01.png,0,0.409252,0
pdraw_wave,vgg16,clean,0,C:\Users\ramti\Desktop\ramtin legion pc\article_project\data\raw\pdraw_wave\test\healthy\V08HO01.png,0,0.383357,0
pdraw_wave,vgg16,clean,0,C:\Users\ramti\Desktop\ramtin legion pc\article_project\data\raw\pdraw_wave\test\healthy\V09HO01.png,0,0.391918,0
pdraw_wave,vgg16,clean,0,C:\Users\ramti\Desktop\ramtin legion pc\article_project\data\raw\pdraw_wave\test\healthy\V10HO01.png,0,0.408222,0
pdraw_wave,vgg16,clean,0,C:\Users\ramti\Desktop\ramtin legion pc\article_project\data\raw\pdraw_wave\test\healthy\V11HO01.png,0,0.416793,0
pdraw_wave,vgg16,clean,0,C:\Users\ramti\Desktop\ramtin legion pc\article_project\data\raw\pdraw_wave\test\healthy\V55HO08.png,0,0.390198,0
pdraw_wave,vgg16,clean,0,C:\Users\ramti\Desktop\ramtin legion pc\article_project\data\raw\pdraw_wave\test\healthy\V55HO09.png,0,0.439467,0
pdraw_wave,vgg16,clean,0,C:\Users\ramti\Desktop\ramtin legion pc\article_project\data\raw\pdraw_wave\test\healthy\V55HO10.png,0,0.425936,0
pdraw_wave,vgg16,clean,0,C:\Users\ramti\Desktop\ramtin legion pc\article_project\data\raw\pdraw_wave\test\healthy\V55HO11.png,0,0.444573,0
pdraw_wave,vgg16,clean,0,C:\Users\ramti\Desktop\ramtin legion pc\article_project\data\raw\pdraw_wave\test\parkinson\V01PO01.png,1,0.451409,1
pdraw_wave,vgg16,clean,0,C:\Users\ramti\Desktop\ramtin legion pc\article_project\data\raw\pdraw_wave\test\parkinson\V02PO01.png,1,0.544349,1
pdraw_wave,vgg16,clean,0,C:\Users\ramti\Desktop\ramtin legion pc\article_project\data\raw\pdraw_wave\test\parkinson\V03PO01.png,1,0.484528,1
pdraw_wave,vgg16,clean,0,C:\Users\ramti\Desktop\ramtin legion pc\article_project\data\raw\pdraw_wave\test\parkinson\V03PO04.png,1,0.519994,1
pdraw_wave,vgg16,clean,0,C:\Users\ramti\Desktop\ramtin legion pc\article_project\data\raw\pdraw_wave\test\parkinson\V03PO07.png,1,0.508087,1
pdraw_wave,vgg16,clean,0,C:\Users\ramti\Desktop\ramtin legion pc\article_project\data\raw\pdraw_wave\test\parkinson\V04PO01.png,1,0.502151,1
pdraw_wave,vgg16,clean,0,C:\Users\ramti\Desktop\ramtin legion pc\article_project\data\raw\pdraw_wave\test\parkinson\V05PO01.png,1,0.533443,1
pdraw_wave,vgg16,clean,0,C:\Users\ramti\Desktop\ramtin legion pc\article_project\data\raw\pdraw_wave\test\parkinson\V06PO01.png,1,0.478089,1
pdraw_wave,vgg16,clean,0,C:\Users\ramti\Desktop\ramtin legion pc\article_project\data\raw\pdraw_wave\test\parkinson\V07PO01.png,1,0.560110,1
pdraw_wave,vgg16,clean,0,C:\Users\ramti\Desktop\ramtin legion pc\article_project\data\raw\pdraw_wave\test\parkinson\V08PO01.png,1,0.370389,0
pdraw_wave,vgg16,clean,0,C:\Users\ramti\Desktop\ramtin legion pc\article_project\data\raw\pdraw_wave\test\parkinson\V09PO01.png,1,0.524072,1
pdraw_wave,vgg16,clean,0,C:\Users\ramti\Desktop\ramtin legion pc\article_project\data\raw\pdraw_wave\test\parkinson\V10PO01.png,1,0.458350,1
pdraw_wave,vgg16,clean,0,C:\Users\ramti\Desktop\ramtin legion pc\article_project\data\raw\pdraw_wave\test\parkinson\V11PO01.png,1,0.416972,0
pdraw_wave,vgg16,clean,0,C:\Users\ramti\Desktop\ramtin legion pc\article_project\data\raw\pdraw_wave\test\parkinson\V14PO01.png,1,0.519882,1
pdraw_wave,vgg16,clean,0,C:\Users\ramti\Desktop\ramtin legion pc\article_project\data\raw\pdraw_wave\test\parkinson\V14PO03.png,1,0.502780,1
pdraw_wave,vgg16,jpeg_compression,1,C:\Users\ramti\Desktop\ramtin legion pc\article_project\data\raw\pdraw_wave\test\healthy\V01HO01.png,0,0.444059,0
pdraw_wave,vgg16,jpeg_compression,1,C:\Users\ramti\Desktop\ramtin legion pc\article_project\data\raw\pdraw_wave\test\healthy\V02HO01.png,0,0.400233,0
pdraw_wave,vgg16,jpeg_compression,1,C:\Users\ramti\Desktop\ramtin legion pc\article_project\data\raw\pdraw_wave\test\healthy\V03HO01.png,0,0.412539,0
pdraw_wave,vgg16,jpeg_compression,1,C:\Users\ramti\Desktop\ramtin legion pc\article_project\data\raw\pdraw_wave\test\healthy\V04HO01.png,0,0.401654,0
pdraw_wave,vgg16,jpeg_compression,1,C:\Users\ramti\Desktop\ramtin legion pc\article_project\data\raw\pdraw_wave\test\healthy\V05HO01.png,0,0.480500,1
pdraw_wave,vgg16,jpeg_compression,1,C:\Users\ramti\Desktop\ramtin legion pc\article_project\data\raw\pdraw_wave\test\healthy\V06HO01.png,0,0.400088,0
pdraw_wave,vgg16,jpeg_compression,1,C:\Users\ramti\Desktop\ramtin legion pc\article_project\data\raw\pdraw_wave\test\healthy\V07HO01.png,0,0.410372,0
pdraw_wave,vgg16,jpeg_compression,1,C:\Users\ramti\Desktop\ramtin legion pc\article_project\data\raw\pdraw_wave\test\healthy\V08HO01.png,0,0.384632,0
pdraw_wave,vgg16,jpeg_compression,1,C:\Users\ramti\Desktop\ramtin legion pc\article_project\data\raw\pdraw_wave\test\healthy\V09HO01.png,0,0.391398,0
pdraw_wave,vgg16,jpeg_compression,1,C:\Users\ramti\Desktop\ramtin legion pc\article_project\data\raw\pdraw_wave\test\healthy\V10HO01.png,0,0.412166,0
pdraw_wave,vgg16,jpeg_compression,1,C:\Users\ramti\Desktop\ramtin legion pc\article_project\data\raw\pdraw_wave\test\healthy\V11HO01.png,0,0.415000,0
pdraw_wave,vgg16,jpeg_compression,1,C:\Users\ramti\Desktop\ramtin legion pc\article_project\data\raw\pdraw_wave\test\healthy\V55HO08.png,0,0.389875,0
pdraw_wave,vgg16,jpeg_compression,1,C:\Users\ramti\Desktop\ramtin legion pc\article_project\data\raw\pdraw_wave\test\healthy\V55HO09.png,0,0.437065,0
pdraw_wave,vgg16,jpeg_compression,1,C:\Users\ramti\Desktop\ramtin legion pc\article_project\data\raw\pdraw_wave\test\healthy\V55HO10.png,0,0.422652,0
pdraw_wave,vgg16,jpeg_compression,1,C:\Users\ramti\Desktop\ramtin legion pc\article_project\data\raw\pdraw_wave\test\healthy\V55HO11.png,0,0.445312,0
pdraw_wave,vgg16,jpeg_compression,1,C:\Users\ramti\Desktop\ramtin legion pc\article_project\data\raw\pdraw_wave\test\parkinson\V01PO01.png,1,0.451812,1
pdraw_wave,vgg16,jpeg_compression,1,C:\Users\ramti\Desktop\ramtin legion pc\article_project\data\raw\pdraw_wave\test\parkinson\V02PO01.png,1,0.547928,1
pdraw_wave,vgg16,jpeg_compression,1,C:\Users\ramti\Desktop\ramtin legion pc\article_project\data\raw\pdraw_wave\test\parkinson\V03PO01.png,1,0.485037,1
pdraw_wave,vgg16,jpeg_compression,1,C:\Users\ramti\Desktop\ramtin legion pc\article_project\data\raw\pdraw_wave\test\parkinson\V03PO04.png,1,0.521236,1
pdraw_wave,vgg16,jpeg_compression,1,C:\Users\ramti\Desktop\ramtin legion pc\article_project\data\raw\pdraw_wave\test\parkinson\V03PO07.png,1,0.509038,1
pdraw_wave,vgg16,jpeg_compression,1,C:\Users\ramti\Desktop\ramtin legion pc\article_project\data\raw\pdraw_wave\test\parkinson\V04PO01.png,1,0.499441,1
pdraw_wave,vgg16,jpeg_compression,1,C:\Users\ramti\Desktop\ramtin legion pc\article_project\data\raw\pdraw_wave\test\parkinson\V05PO01.png,1,0.534431,1
pdraw_wave,vgg16,jpeg_compression,1,C:\Users\ramti\Desktop\ramtin legion pc\article_project\data\raw\pdraw_wave\test\parkinson\V06PO01.png,1,0.476773,1
pdraw_wave,vgg16,jpeg_compression,1,C:\Users\ramti\Desktop\ramtin legion pc\article_project\data\raw\pdraw_wave\test\parkinson\V07PO01.png,1,0.559895,1
pdraw_wave,vgg16,jpeg_compression,1,C:\Users\ramti\Desktop\ramtin legion pc\article_project\data\raw\pdraw_wave\test\parkinson\V08PO01.png,1,0.373373,0
pdraw_wave,vgg16,jpeg_compression,1,C:\Users\ramti\Desktop\ramtin legion pc\article_project\data\raw\pdraw_wave\test\parkinson\V09PO01.png,1,0.525346,1
pdraw_wave,vgg16,jpeg_compression,1,C:\Users\ramti\Desktop\ramtin legion pc\article_project\data\raw\pdraw_wave\test\parkinson\V10PO01.png,1,0.460688,1
pdraw_wave,vgg16,jpeg_compression,1,C:\Users\ramti\Desktop\ramtin legion pc\article_project\data\raw\pdraw_wave\test\parkinson\V11PO01.png,1,0.417948,0
pdraw_wave,vgg16,jpeg_compression,1,C:\Users\ramti\Desktop\ramtin legion pc\article_project\data\raw\pdraw_wave\test\parkinson\V14PO01.png,1,0.520419,1
pdraw_wave,vgg16,jpeg_compression,1,C:\Users\ramti\Desktop\ramtin legion pc\article_project\data\raw\pdraw_wave\test\parkinson\V14PO03.png,1,0.501954,1
pdraw_wave,vgg16,jpeg_compression,2,C:\Users\ramti\Desktop\ramtin legion pc\article_project\data\raw\pdraw_wave\test\healthy\V01HO01.png,0,0.451018,1
pdraw_wave,vgg16,jpeg_compression,2,C:\Users\ramti\Desktop\ramtin legion pc\article_project\data\raw\pdraw_wave\test\healthy\V02HO01.png,0,0.397937,0
pdraw_wave,vgg16,jpeg_compression,2,C:\Users\ramti\Desktop\ramtin legion pc\article_project\data\raw\pdraw_wave\test\healthy\V03HO01.png,0,0.412690,0
pdraw_wave,vgg16,jpeg_compression,2,C:\Users\ramti\Desktop\ramtin legion pc\article_project\data\raw\pdraw_wave\test\healthy\V04HO01.png,0,0.405914,0
pdraw_wave,vgg16,jpeg_compression,2,C:\Users\ramti\Desktop\ramtin legion pc\article_project\data\raw\pdraw_wave\test\healthy\V05HO01.png,0,0.481582,1
pdraw_wave,vgg16,jpeg_compression,2,C:\Users\ramti\Desktop\ramtin legion pc\article_project\data\raw\pdraw_wave\test\healthy\V06HO01.png,0,0.404827,0
pdraw_wave,vgg16,jpeg_compression,2,C:\Users\ramti\Desktop\ramtin legion pc\article_project\data\raw\pdraw_wave\test\healthy\V07HO01.png,0,0.406621,0
pdraw_wave,vgg16,jpeg_compression,2,C:\Users\ramti\Desktop\ramtin legion pc\article_project\data\raw\pdraw_wave\test\healthy\V08HO01.png,0,0.386411,0
pdraw_wave,vgg16,jpeg_compression,2,C:\Users\ramti\Desktop\ramtin legion pc\article_project\data\raw\pdraw_wave\test\healthy\V09HO01.png,0,0.386659,0
pdraw_wave,vgg16,jpeg_compression,2,C:\Users\ramti\Desktop\ramtin legion pc\article_project\data\raw\pdraw_wave\test\healthy\V10HO01.png,0,0.420481,0
pdraw_wave,vgg16,jpeg_compression,2,C:\Users\ramti\Desktop\ramtin legion pc\article_project\data\raw\pdraw_wave\test\healthy\V11HO01.png,0,0.420208,0
pdraw_wave,vgg16,jpeg_compression,2,C:\Users\ramti\Desktop\ramtin legion pc\article_project\data\raw\pdraw_wave\test\healthy\V55HO08.png,0,0.391597,0
pdraw_wave,vgg16,jpeg_compression,2,C:\Users\ramti\Desktop\ramtin legion pc\article_project\data\raw\pdraw_wave\test\healthy\V55HO09.png,0,0.439509,0
pdraw_wave,vgg16,jpeg_compression,2,C:\Users\ramti\Desktop\ramtin legion pc\article_project\data\raw\pdraw_wave\test\healthy\V55HO10.png,0,0.430915,0
pdraw_wave,vgg16,jpeg_compression,2,C:\Users\ramti\Desktop\ramtin legion pc\article_project\data\raw\pdraw_wave\test\healthy\V55HO11.png,0,0.442826,0
pdraw_wave,vgg16,jpeg_compression,2,C:\Users\ramti\Desktop\ramtin legion pc\article_project\data\raw\pdraw_wave\test\parkinson\V01PO01.png,1,0.451011,1
pdraw_wave,vgg16,jpeg_compression,2,C:\Users\ramti\Desktop\ramtin legion pc\article_project\data\raw\pdraw_wave\test\parkinson\V02PO01.png,1,0.544785,1
pdraw_wave,vgg16,jpeg_compression,2,C:\Users\ramti\Desktop\ramtin legion pc\article_project\data\raw\pdraw_wave\test\parkinson\V03PO01.png,1,0.486193,1
pdraw_wave,vgg16,jpeg_compression,2,C:\Users\ramti\Desktop\ramtin legion pc\article_project\data\raw\pdraw_wave\test\parkinson\V03PO04.png,1,0.523835,1
pdraw_wave,vgg16,jpeg_compression,2,C:\Users\ramti\Desktop\ramtin legion pc\article_project\data\raw\pdraw_wave\test\parkinson\V03PO07.png,1,0.509719,1
pdraw_wave,vgg16,jpeg_compression,2,C:\Users\ramti\Desktop\ramtin legion pc\article_project\data\raw\pdraw_wave\test\parkinson\V04PO01.png,1,0.495926,1
pdraw_wave,vgg16,jpeg_compression,2,C:\Users\ramti\Desktop\ramtin legion pc\article_project\data\raw\pdraw_wave\test\parkinson\V05PO01.png,1,0.534762,1
pdraw_wave,vgg16,jpeg_compression,2,C:\Users\ramti\Desktop\ramtin legion pc\article_project\data\raw\pdraw_wave\test\parkinson\V06PO01.png,1,0.476824,1
pdraw_wave,vgg16,jpeg_compression,2,C:\Users\ramti\Desktop\ramtin legion pc\article_project\data\raw\pdraw_wave\test\parkinson\V07PO01.png,1,0.558931,1
pdraw_wave,vgg16,jpeg_compression,2,C:\Users\ramti\Desktop\ramtin legion pc\article_project\data\raw\pdraw_wave\test\parkinson\V08PO01.png,1,0.379240,0
pdraw_wave,vgg16,jpeg_compression,2,C:\Users\ramti\Desktop\ramtin legion pc\article_project\data\raw\pdraw_wave\test\parkinson\V09PO01.png,1,0.524924,1
pdraw_wave,vgg16,jpeg_compression,2,C:\Users\ramti\Desktop\ramtin legion pc\article_project\data\raw\pdraw_wave\test\parkinson\V10PO01.png,1,0.460589,1
pdraw_wave,vgg16,jpeg_compression,2,C:\Users\ramti\Desktop\ramtin legion pc\article_project\data\raw\pdraw_wave\test\parkinson\V11PO01.png,1,0.423281,0
pdraw_wave,vgg16,jpeg_compression,2,C:\Users\ramti\Desktop\ramtin legion pc\article_project\data\raw\pdraw_wave\test\parkinson\V14PO01.png,1,0.523263,1
pdraw_wave,vgg16,jpeg_compression,2,C:\Users\ramti\Desktop\ramtin legion pc\article_project\data\raw\pdraw_wave\test\parkinson\V14PO03.png,1,0.504036,1
pdraw_wave,vgg16,jpeg_compression,3,C:\Users\ramti\Desktop\ramtin legion pc\article_project\data\raw\pdraw_wave\test\healthy\V01HO01.png,0,0.452985,1
pdraw_wave,vgg16,jpeg_compression,3,C:\Users\ramti\Desktop\ramtin legion pc\article_project\data\raw\pdraw_wave\test\healthy\V02HO01.png,0,0.401494,0
pdraw_wave,vgg16,jpeg_compression,3,C:\Users\ramti\Desktop\ramtin legion pc\article_project\data\raw\pdraw_wave\test\healthy\V03HO01.png,0,0.420837,0
pdraw_wave,vgg16,jpeg_compression,3,C:\Users\ramti\Desktop\ramtin legion pc\article_project\data\raw\pdraw_wave\test\healthy\V04HO01.png,0,0.408951,0
pdraw_wave,vgg16,jpeg_compression,3,C:\Users\ramti\Desktop\ramtin legion pc\article_project\data\raw\pdraw_wave\test\healthy\V05HO01.png,0,0.481610,1
pdraw_wave,vgg16,jpeg_compression,3,C:\Users\ramti\Desktop\ramtin legion pc\article_project\data\raw\pdraw_wave\test\healthy\V06HO01.png,0,0.404970,0
pdraw_wave,vgg16,jpeg_compression,3,C:\Users\ramti\Desktop\ramtin legion pc\article_project\data\raw\pdraw_wave\test\healthy\V07HO01.png,0,0.407119,0
pdraw_wave,vgg16,jpeg_compression,3,C:\Users\ramti\Desktop\ramtin legion pc\article_project\data\raw\pdraw_wave\test\healthy\V08HO01.png,0,0.395193,0
pdraw_wave,vgg16,jpeg_compression,3,C:\Users\ramti\Desktop\ramtin legion pc\article_project\data\raw\pdraw_wave\test\healthy\V09HO01.png,0,0.389907,0
pdraw_wave,vgg16,jpeg_compression,3,C:\Users\ramti\Desktop\ramtin legion pc\article_project\data\raw\pdraw_wave\test\healthy\V10HO01.png,0,0.428979,0
pdraw_wave,vgg16,jpeg_compression,3,C:\Users\ramti\Desktop\ramtin legion pc\article_project\data\raw\pdraw_wave\test\healthy\V11HO01.png,0,0.428174,0
pdraw_wave,vgg16,jpeg_compression,3,C:\Users\ramti\Desktop\ramtin legion pc\article_project\data\raw\pdraw_wave\test\healthy\V55HO08.png,0,0.399978,0
pdraw_wave,vgg16,jpeg_compression,3,C:\Users\ramti\Desktop\ramtin legion pc\article_project\data\raw\pdraw_wave\test\healthy\V55HO09.png,0,0.444922,0
pdraw_wave,vgg16,jpeg_compression,3,C:\Users\ramti\Desktop\ramtin legion pc\article_project\data\raw\pdraw_wave\test\healthy\V55HO10.png,0,0.429771,0
pdraw_wave,vgg16,jpeg_compression,3,C:\Users\ramti\Desktop\ramtin legion pc\article_project\data\raw\pdraw_wave\test\healthy\V55HO11.png,0,0.453116,1
pdraw_wave,vgg16,jpeg_compression,3,C:\Users\ramti\Desktop\ramtin legion pc\article_project\data\raw\pdraw_wave\test\parkinson\V01PO01.png,1,0.455425,1
pdraw_wave,vgg16,jpeg_compression,3,C:\Users\ramti\Desktop\ramtin legion pc\article_project\data\raw\pdraw_wave\test\parkinson\V02PO01.png,1,0.547791,1
pdraw_wave,vgg16,jpeg_compression,3,C:\Users\ramti\Desktop\ramtin legion pc\article_project\data\raw\pdraw_wave\test\parkinson\V03PO01.png,1,0.486352,1
pdraw_wave,vgg16,jpeg_compression,3,C:\Users\ramti\Desktop\ramtin legion pc\article_project\data\raw\pdraw_wave\test\parkinson\V03PO04.png,1,0.522517,1
pdraw_wave,vgg16,jpeg_compression,3,C:\Users\ramti\Desktop\ramtin legion pc\article_project\data\raw\pdraw_wave\test\parkinson\V03PO07.png,1,0.507063,1
pdraw_wave,vgg16,jpeg_compression,3,C:\Users\ramti\Desktop\ramtin legion pc\article_project\data\raw\pdraw_wave\test\parkinson\V04PO01.png,1,0.504546,1
pdraw_wave,vgg16,jpeg_compression,3,C:\Users\ramti\Desktop\ramtin legion pc\article_project\data\raw\pdraw_wave\test\parkinson\V05PO01.png,1,0.532219,1
pdraw_wave,vgg16,jpeg_compression,3,C:\Users\ramti\Desktop\ramtin legion pc\article_project\data\raw\pdraw_wave\test\parkinson\V06PO01.png,1,0.471904,1
pdraw_wave,vgg16,jpeg_compression,3,C:\Users\ramti\Desktop\ramtin legion pc\article_project\data\raw\pdraw_wave\test\parkinson\V07PO01.png,1,0.555033,1
pdraw_wave,vgg16,jpeg_compression,3,C:\Users\ramti\Desktop\ramtin legion pc\article_project\data\raw\pdraw_wave\test\parkinson\V08PO01.png,1,0.381394,0
pdraw_wave,vgg16,jpeg_compression,3,C:\Users\ramti\Desktop\ramtin legion pc\article_project\data\raw\pdraw_wave\test\parkinson\V09PO01.png,1,0.525196,1
pdraw_wave,vgg16,jpeg_compression,3,C:\Users\ramti\Desktop\ramtin legion pc\article_project\data\raw\pdraw_wave\test\parkinson\V10PO01.png,1,0.464428,1
pdraw_wave,vgg16,jpeg_compression,3,C:\Users\ramti\Desktop\ramtin legion pc\article_project\data\raw\pdraw_wave\test\parkinson\V11PO01.png,1,0.421455,0
pdraw_wave,vgg16,jpeg_compression,3,C:\Users\ramti\Desktop\ramtin legion pc\article_project\data\raw\pdraw_wave\test\parkinson\V14PO01.png,1,0.527627,1
pdraw_wave,vgg16,jpeg_compression,3,C:\Users\ramti\Desktop\ramtin legion pc\article_project\data\raw\pdraw_wave\test\parkinson\V14PO03.png,1,0.510002,1
pdraw_wave,vgg16,jpeg_compression,4,C:\Users\ramti\Desktop\ramtin legion pc\article_project\data\raw\pdraw_wave\test\healthy\V01HO01.png,0,0.465798,1
pdraw_wave,vgg16,jpeg_compression,4,C:\Users\ramti\Desktop\ramtin legion pc\article_project\data\raw\pdraw_wave\test\healthy\V02HO01.png,0,0.416938,0
pdraw_wave,vgg16,jpeg_compression,4,C:\Users\ramti\Desktop\ramtin legion pc\article_project\data\raw\pdraw_wave\test\healthy\V03HO01.png,0,0.420290,0
pdraw_wave,vgg16,jpeg_compression,4,C:\Users\ramti\Desktop\ramtin legion pc\article_project\data\raw\pdraw_wave\test\healthy\V04HO01.png,0,0.422290,0
pdraw_wave,vgg16,jpeg_compression,4,C:\Users\ramti\Desktop\ramtin legion pc\article_project\data\raw\pdraw_wave\test\healthy\V05HO01.png,0,0.489314,1
pdraw_wave,vgg16,jpeg_compression,4,C:\Users\ramti\Desktop\ramtin legion pc\article_project\data\raw\pdraw_wave\test\healthy\V06HO01.png,0,0.426888,0
pdraw_wave,vgg16,jpeg_compression,4,C:\Users\ramti\Desktop\ramtin legion pc\article_project\data\raw\pdraw_wave\test\healthy\V07HO01.png,0,0.428214,0
pdraw_wave,vgg16,jpeg_compression,4,C:\Users\ramti\Desktop\ramtin legion pc\article_project\data\raw\pdraw_wave\test\healthy\V08HO01.png,0,0.400494,0
pdraw_wave,vgg16,jpeg_compression,4,C:\Users\ramti\Desktop\ramtin legion pc\article_project\data\raw\pdraw_wave\test\healthy\V09HO01.png,0,0.401267,0
pdraw_wave,vgg16,jpeg_compression,4,C:\Users\ramti\Desktop\ramtin legion pc\article_project\data\raw\pdraw_wave\test\healthy\V10HO01.png,0,0.432462,0
pdraw_wave,vgg16,jpeg_compression,4,C:\Users\ramti\Desktop\ramtin legion pc\article_project\data\raw\pdraw_wave\test\healthy\V11HO01.png,0,0.426352,0
pdraw_wave,vgg16,jpeg_compression,4,C:\Users\ramti\Desktop\ramtin legion pc\article_project\data\raw\pdraw_wave\test\healthy\V55HO08.png,0,0.408603,0
pdraw_wave,vgg16,jpeg_compression,4,C:\Users\ramti\Desktop\ramtin legion pc\article_project\data\raw\pdraw_wave\test\healthy\V55HO09.png,0,0.449331,0
pdraw_wave,vgg16,jpeg_compression,4,C:\Users\ramti\Desktop\ramtin legion pc\article_project\data\raw\pdraw_wave\test\healthy\V55HO10.png,0,0.450299,1
pdraw_wave,vgg16,jpeg_compression,4,C:\Users\ramti\Desktop\ramtin legion pc\article_project\data\raw\pdraw_wave\test\healthy\V55HO11.png,0,0.451203,1
pdraw_wave,vgg16,jpeg_compression,4,C:\Users\ramti\Desktop\ramtin legion pc\article_project\data\raw\pdraw_wave\test\parkinson\V01PO01.png,1,0.448978,0
pdraw_wave,vgg16,jpeg_compression,4,C:\Users\ramti\Desktop\ramtin legion pc\article_project\data\raw\pdraw_wave\test\parkinson\V02PO01.png,1,0.531216,1
pdraw_wave,vgg16,jpeg_compression,4,C:\Users\ramti\Desktop\ramtin legion pc\article_project\data\raw\pdraw_wave\test\parkinson\V03PO01.png,1,0.500376,1
pdraw_wave,vgg16,jpeg_compression,4,C:\Users\ramti\Desktop\ramtin legion pc\article_project\data\raw\pdraw_wave\test\parkinson\V03PO04.png,1,0.520210,1
pdraw_wave,vgg16,jpeg_compression,4,C:\Users\ramti\Desktop\ramtin legion pc\article_project\data\raw\pdraw_wave\test\parkinson\V03PO07.png,1,0.509489,1
pdraw_wave,vgg16,jpeg_compression,4,C:\Users\ramti\Desktop\ramtin legion pc\article_project\data\raw\pdraw_wave\test\parkinson\V04PO01.png,1,0.506736,1
pdraw_wave,vgg16,jpeg_compression,4,C:\Users\ramti\Desktop\ramtin legion pc\article_project\data\raw\pdraw_wave\test\parkinson\V05PO01.png,1,0.536344,1
pdraw_wave,vgg16,jpeg_compression,4,C:\Users\ramti\Desktop\ramtin legion pc\article_project\data\raw\pdraw_wave\test\parkinson\V06PO01.png,1,0.481925,1
pdraw_wave,vgg16,jpeg_compression,4,C:\Users\ramti\Desktop\ramtin legion pc\article_project\data\raw\pdraw_wave\test\parkinson\V07PO01.png,1,0.551083,1
pdraw_wave,vgg16,jpeg_compression,4,C:\Users\ramti\Desktop\ramtin legion pc\article_project\data\raw\pdraw_wave\test\parkinson\V08PO01.png,1,0.396521,0
pdraw_wave,vgg16,jpeg_compression,4,C:\Users\ramti\Desktop\ramtin legion pc\article_project\data\raw\pdraw_wave\test\parkinson\V09PO01.png,1,0.522250,1
pdraw_wave,vgg16,jpeg_compression,4,C:\Users\ramti\Desktop\ramtin legion pc\article_project\data\raw\pdraw_wave\test\parkinson\V10PO01.png,1,0.470002,1
pdraw_wave,vgg16,jpeg_compression,4,C:\Users\ramti\Desktop\ramtin legion pc\article_project\data\raw\pdraw_wave\test\parkinson\V11PO01.png,1,0.436870,0
pdraw_wave,vgg16,jpeg_compression,4,C:\Users\ramti\Desktop\ramtin legion pc\article_project\data\raw\pdraw_wave\test\parkinson\V14PO01.png,1,0.528884,1
pdraw_wave,vgg16,jpeg_compression,4,C:\Users\ramti\Desktop\ramtin legion pc\article_project\data\raw\pdraw_wave\test\parkinson\V14PO03.png,1,0.523185,1
pdraw_wave,vgg16,jpeg_compression,5,C:\Users\ramti\Desktop\ramtin legion pc\article_project\data\raw\pdraw_wave\test\healthy\V01HO01.png,0,0.455453,1
pdraw_wave,vgg16,jpeg_compression,5,C:\Users\ramti\Desktop\ramtin legion pc\article_project\data\raw\pdraw_wave\test\healthy\V02HO01.png,0,0.444452,0
pdraw_wave,vgg16,jpeg_compression,5,C:\Users\ramti\Desktop\ramtin legion pc\article_project\data\raw\pdraw_wave\test\healthy\V03HO01.png,0,0.424654,0
pdraw_wave,vgg16,jpeg_compression,5,C:\Users\ramti\Desktop\ramtin legion pc\article_project\data\raw\pdraw_wave\test\healthy\V04HO01.png,0,0.422402,0
pdraw_wave,vgg16,jpeg_compression,5,C:\Users\ramti\Desktop\ramtin legion pc\article_project\data\raw\pdraw_wave\test\healthy\V05HO01.png,0,0.451709,1
pdraw_wave,vgg16,jpeg_compression,5,C:\Users\ramti\Desktop\ramtin legion pc\article_project\data\raw\pdraw_wave\test\healthy\V06HO01.png,0,0.448296,0
pdraw_wave,vgg16,jpeg_compression,5,C:\Users\ramti\Desktop\ramtin legion pc\article_project\data\raw\pdraw_wave\test\healthy\V07HO01.png,0,0.429914,0
pdraw_wave,vgg16,jpeg_compression,5,C:\Users\ramti\Desktop\ramtin legion pc\article_project\data\raw\pdraw_wave\test\healthy\V08HO01.png,0,0.431398,0
pdraw_wave,vgg16,jpeg_compression,5,C:\Users\ramti\Desktop\ramtin legion pc\article_project\data\raw\pdraw_wave\test\healthy\V09HO01.png,0,0.448132,0
pdraw_wave,vgg16,jpeg_compression,5,C:\Users\ramti\Desktop\ramtin legion pc\article_project\data\raw\pdraw_wave\test\healthy\V10HO01.png,0,0.446312,0
pdraw_wave,vgg16,jpeg_compression,5,C:\Users\ramti\Desktop\ramtin legion pc\article_project\data\raw\pdraw_wave\test\healthy\V11HO01.png,0,0.449964,0
pdraw_wave,vgg16,jpeg_compression,5,C:\Users\ramti\Desktop\ramtin legion pc\article_project\data\raw\pdraw_wave\test\healthy\V55HO08.png,0,0.417297,0
pdraw_wave,vgg16,jpeg_compression,5,C:\Users\ramti\Desktop\ramtin legion pc\article_project\data\raw\pdraw_wave\test\healthy\V55HO09.png,0,0.418013,0
pdraw_wave,vgg16,jpeg_compression,5,C:\Users\ramti\Desktop\ramtin legion pc\article_project\data\raw\pdraw_wave\test\healthy\V55HO10.png,0,0.434797,0
pdraw_wave,vgg16,jpeg_compression,5,C:\Users\ramti\Desktop\ramtin legion pc\article_project\data\raw\pdraw_wave\test\healthy\V55HO11.png,0,0.446004,0
pdraw_wave,vgg16,jpeg_compression,5,C:\Users\ramti\Desktop\ramtin legion pc\article_project\data\raw\pdraw_wave\test\parkinson\V01PO01.png,1,0.445868,0
pdraw_wave,vgg16,jpeg_compression,5,C:\Users\ramti\Desktop\ramtin legion pc\article_project\data\raw\pdraw_wave\test\parkinson\V02PO01.png,1,0.480175,1
pdraw_wave,vgg16,jpeg_compression,5,C:\Users\ramti\Desktop\ramtin legion pc\article_project\data\raw\pdraw_wave\test\parkinson\V03PO01.png,1,0.477931,1
pdraw_wave,vgg16,jpeg_compression,5,C:\Users\ramti\Desktop\ramtin legion pc\article_project\data\raw\pdraw_wave\test\parkinson\V03PO04.png,1,0.489481,1
pdraw_wave,vgg16,jpeg_compression,5,C:\Users\ramti\Desktop\ramtin legion pc\article_project\data\raw\pdraw_wave\test\parkinson\V03PO07.png,1,0.494521,1
pdraw_wave,vgg16,jpeg_compression,5,C:\Users\ramti\Desktop\ramtin legion pc\article_project\data\raw\pdraw_wave\test\parkinson\V04PO01.png,1,0.490815,1
pdraw_wave,vgg16,jpeg_compression,5,C:\Users\ramti\Desktop\ramtin legion pc\article_project\data\raw\pdraw_wave\test\parkinson\V05PO01.png,1,0.498321,1
pdraw_wave,vgg16,jpeg_compression,5,C:\Users\ramti\Desktop\ramtin legion pc\article_project\data\raw\pdraw_wave\test\parkinson\V06PO01.png,1,0.470219,1
pdraw_wave,vgg16,jpeg_compression,5,C:\Users\ramti\Desktop\ramtin legion pc\article_project\data\raw\pdraw_wave\test\parkinson\V07PO01.png,1,0.515463,1
pdraw_wave,vgg16,jpeg_compression,5,C:\Users\ramti\Desktop\ramtin legion pc\article_project\data\raw\pdraw_wave\test\parkinson\V08PO01.png,1,0.405339,0
pdraw_wave,vgg16,jpeg_compression,5,C:\Users\ramti\Desktop\ramtin legion pc\article_project\data\raw\pdraw_wave\test\parkinson\V09PO01.png,1,0.492096,1
pdraw_wave,vgg16,jpeg_compression,5,C:\Users\ramti\Desktop\ramtin legion pc\article_project\data\raw\pdraw_wave\test\parkinson\V10PO01.png,1,0.423775,0
pdraw_wave,vgg16,jpeg_compression,5,C:\Users\ramti\Desktop\ramtin legion pc\article_project\data\raw\pdraw_wave\test\parkinson\V11PO01.png,1,0.436700,0
pdraw_wave,vgg16,jpeg_compression,5,C:\Users\ramti\Desktop\ramtin legion pc\article_project\data\raw\pdraw_wave\test\parkinson\V14PO01.png,1,0.504478,1
pdraw_wave,vgg16,jpeg_compression,5,C:\Users\ramti\Desktop\ramtin legion pc\article_project\data\raw\pdraw_wave\test\parkinson\V14PO03.png,1,0.507053,1
pdraw_wave,vgg16,gaussian_blur,1,C:\Users\ramti\Desktop\ramtin legion pc\article_project\data\raw\pdraw_wave\test\healthy\V01HO01.png,0,0.445508,0
pdraw_wave,vgg16,gaussian_blur,1,C:\Users\ramti\Desktop\ramtin legion pc\article_project\data\raw\pdraw_wave\test\healthy\V02HO01.png,0,0.394930,0
pdraw_wave,vgg16,gaussian_blur,1,C:\Users\ramti\Desktop\ramtin legion pc\article_project\data\raw\pdraw_wave\test\healthy\V03HO01.png,0,0.415622,0
pdraw_wave,vgg16,gaussian_blur,1,C:\Users\ramti\Desktop\ramtin legion pc\article_project\data\raw\pdraw_wave\test\healthy\V04HO01.png,0,0.412766,0
pdraw_wave,vgg16,gaussian_blur,1,C:\Users\ramti\Desktop\ramtin legion pc\article_project\data\raw\pdraw_wave\test\healthy\V05HO01.png,0,0.491568,1
pdraw_wave,vgg16,gaussian_blur,1,C:\Users\ramti\Desktop\ramtin legion pc\article_project\data\raw\pdraw_wave\test\healthy\V06HO01.png,0,0.401848,0
pdraw_wave,vgg16,gaussian_blur,1,C:\Users\ramti\Desktop\ramtin legion pc\article_project\data\raw\pdraw_wave\test\healthy\V07HO01.png,0,0.399036,0
pdraw_wave,vgg16,gaussian_blur,1,C:\Users\ramti\Desktop\ramtin legion pc\article_project\data\raw\pdraw_wave\test\healthy\V08HO01.png,0,0.384541,0
pdraw_wave,vgg16,gaussian_blur,1,C:\Users\ramti\Desktop\ramtin legion pc\article_project\data\raw\pdraw_wave\test\healthy\V09HO01.png,0,0.404015,0
pdraw_wave,vgg16,gaussian_blur,1,C:\Users\ramti\Desktop\ramtin legion pc\article_project\data\raw\pdraw_wave\test\healthy\V10HO01.png,0,0.411944,0
pdraw_wave,vgg16,gaussian_blur,1,C:\Users\ramti\Desktop\ramtin legion pc\article_project\data\raw\pdraw_wave\test\healthy\V11HO01.png,0,0.421715,0
pdraw_wave,vgg16,gaussian_blur,1,C:\Users\ramti\Desktop\ramtin legion pc\article_project\data\raw\pdraw_wave\test\healthy\V55HO08.png,0,0.409702,0
pdraw_wave,vgg16,gaussian_blur,1,C:\Users\ramti\Desktop\ramtin legion pc\article_project\data\raw\pdraw_wave\test\healthy\V55HO09.png,0,0.445811,0
pdraw_wave,vgg16,gaussian_blur,1,C:\Users\ramti\Desktop\ramtin legion pc\article_project\data\raw\pdraw_wave\test\healthy\V55HO10.png,0,0.417986,0
pdraw_wave,vgg16,gaussian_blur,1,C:\Users\ramti\Desktop\ramtin legion pc\article_project\data\raw\pdraw_wave\test\healthy\V55HO11.png,0,0.452694,1
pdraw_wave,vgg16,gaussian_blur,1,C:\Users\ramti\Desktop\ramtin legion pc\article_project\data\raw\pdraw_wave\test\parkinson\V01PO01.png,1,0.456162,1
pdraw_wave,vgg16,gaussian_blur,1,C:\Users\ramti\Desktop\ramtin legion pc\article_project\data\raw\pdraw_wave\test\parkinson\V02PO01.png,1,0.558436,1
pdraw_wave,vgg16,gaussian_blur,1,C:\Users\ramti\Desktop\ramtin legion pc\article_project\data\raw\pdraw_wave\test\parkinson\V03PO01.png,1,0.497792,1
pdraw_wave,vgg16,gaussian_blur,1,C:\Users\ramti\Desktop\ramtin legion pc\article_project\data\raw\pdraw_wave\test\parkinson\V03PO04.png,1,0.517796,1
pdraw_wave,vgg16,gaussian_blur,1,C:\Users\ramti\Desktop\ramtin legion pc\article_project\data\raw\pdraw_wave\test\parkinson\V03PO07.png,1,0.518278,1
pdraw_wave,vgg16,gaussian_blur,1,C:\Users\ramti\Desktop\ramtin legion pc\article_project\data\raw\pdraw_wave\test\parkinson\V04PO01.png,1,0.507263,1
pdraw_wave,vgg16,gaussian_blur,1,C:\Users\ramti\Desktop\ramtin legion pc\article_project\data\raw\pdraw_wave\test\parkinson\V05PO01.png,1,0.536583,1
pdraw_wave,vgg16,gaussian_blur,1,C:\Users\ramti\Desktop\ramtin legion pc\article_project\data\raw\pdraw_wave\test\parkinson\V06PO01.png,1,0.489074,1
pdraw_wave,vgg16,gaussian_blur,1,C:\Users\ramti\Desktop\ramtin legion pc\article_project\data\raw\pdraw_wave\test\parkinson\V07PO01.png,1,0.559769,1
pdraw_wave,vgg16,gaussian_blur,1,C:\Users\ramti\Desktop\ramtin legion pc\article_project\data\raw\pdraw_wave\test\parkinson\V08PO01.png,1,0.374197,0
pdraw_wave,vgg16,gaussian_blur,1,C:\Users\ramti\Desktop\ramtin legion pc\article_project\data\raw\pdraw_wave\test\parkinson\V09PO01.png,1,0.527284,1
pdraw_wave,vgg16,gaussian_blur,1,C:\Users\ramti\Desktop\ramtin legion pc\article_project\data\raw\pdraw_wave\test\parkinson\V10PO01.png,1,0.467491,1
pdraw_wave,vgg16,gaussian_blur,1,C:\Users\ramti\Desktop\ramtin legion pc\article_project\data\raw\pdraw_wave\test\parkinson\V11PO01.png,1,0.422895,0
pdraw_wave,vgg16,gaussian_blur,1,C:\Users\ramti\Desktop\ramtin legion pc\article_project\data\raw\pdraw_wave\test\parkinson\V14PO01.png,1,0.521290,1
pdraw_wave,vgg16,gaussian_blur,1,C:\Users\ramti\Desktop\ramtin legion pc\article_project\data\raw\pdraw_wave\test\parkinson\V14PO03.png,1,0.505302,1
pdraw_wave,vgg16,gaussian_blur,2,C:\Users\ramti\Desktop\ramtin legion pc\article_project\data\raw\pdraw_wave\test\healthy\V01HO01.png,0,0.450708,1
pdraw_wave,vgg16,gaussian_blur,2,C:\Users\ramti\Desktop\ramtin legion pc\article_project\data\raw\pdraw_wave\test\healthy\V02HO01.png,0,0.395181,0
pdraw_wave,vgg16,gaussian_blur,2,C:\Users\ramti\Desktop\ramtin legion pc\article_project\data\raw\pdraw_wave\test\healthy\V03HO01.png,0,0.418724,0
pdraw_wave,vgg16,gaussian_blur,2,C:\Users\ramti\Desktop\ramtin legion pc\article_project\data\raw\pdraw_wave\test\healthy\V04HO01.png,0,0.422358,0
pdraw_wave,vgg16,gaussian_blur,2,C:\Users\ramti\Desktop\ramtin legion pc\article_project\data\raw\pdraw_wave\test\healthy\V05HO01.png,0,0.495356,1
pdraw_wave,vgg16,gaussian_blur,2,C:\Users\ramti\Desktop\ramtin legion pc\article_project\data\raw\pdraw_wave\test\healthy\V06HO01.png,0,0.410954,0
pdraw_wave,vgg16,gaussian_blur,2,C:\Users\ramti\Desktop\ramtin legion pc\article_project\data\raw\pdraw_wave\test\healthy\V07HO01.png,0,0.400731,0
pdraw_wave,vgg16,gaussian_blur,2,C:\Users\ramti\Desktop\ramtin legion pc\article_project\data\raw\pdraw_wave\test\healthy\V08HO01.png,0,0.391170,0
pdraw_wave,vgg16,gaussian_blur,2,C:\Users\ramti\Desktop\ramtin legion pc\article_project\data\raw\pdraw_wave\test\healthy\V09HO01.png,0,0.413679,0
pdraw_wave,vgg16,gaussian_blur,2,C:\Users\ramti\Desktop\ramtin legion pc\article_project\data\raw\pdraw_wave\test\healthy\V10HO01.png,0,0.414312,0
pdraw_wave,vgg16,gaussian_blur,2,C:\Users\ramti\Desktop\ramtin legion pc\article_project\data\raw\pdraw_wave\test\healthy\V11HO01.png,0,0.420313,0
pdraw_wave,vgg16,gaussian_blur,2,C:\Users\ramti\Desktop\ramtin legion pc\article_project\data\raw\pdraw_wave\test\healthy\V55HO08.png,0,0.418016,0
pdraw_wave,vgg16,gaussian_blur,2,C:\Users\ramti\Desktop\ramtin legion pc\article_project\data\raw\pdraw_wave\test\healthy\V55HO09.png,0,0.453058,1
pdraw_wave,vgg16,gaussian_blur,2,C:\Users\ramti\Desktop\ramtin legion pc\article_project\data\raw\pdraw_wave\test\healthy\V55HO10.png,0,0.409320,0
pdraw_wave,vgg16,gaussian_blur,2,C:\Users\ramti\Desktop\ramtin legion pc\article_project\data\raw\pdraw_wave\test\healthy\V55HO11.png,0,0.458560,1
pdraw_wave,vgg16,gaussian_blur,2,C:\Users\ramti\Desktop\ramtin legion pc\article_project\data\raw\pdraw_wave\test\parkinson\V01PO01.png,1,0.464223,1
pdraw_wave,vgg16,gaussian_blur,2,C:\Users\ramti\Desktop\ramtin legion pc\article_project\data\raw\pdraw_wave\test\parkinson\V02PO01.png,1,0.553972,1
pdraw_wave,vgg16,gaussian_blur,2,C:\Users\ramti\Desktop\ramtin legion pc\article_project\data\raw\pdraw_wave\test\parkinson\V03PO01.png,1,0.503155,1
pdraw_wave,vgg16,gaussian_blur,2,C:\Users\ramti\Desktop\ramtin legion pc\article_project\data\raw\pdraw_wave\test\parkinson\V03PO04.png,1,0.517394,1
pdraw_wave,vgg16,gaussian_blur,2,C:\Users\ramti\Desktop\ramtin legion pc\article_project\data\raw\pdraw_wave\test\parkinson\V03PO07.png,1,0.518635,1
pdraw_wave,vgg16,gaussian_blur,2,C:\Users\ramti\Desktop\ramtin legion pc\article_project\data\raw\pdraw_wave\test\parkinson\V04PO01.png,1,0.508406,1
pdraw_wave,vgg16,gaussian_blur,2,C:\Users\ramti\Desktop\ramtin legion pc\article_project\data\raw\pdraw_wave\test\parkinson\V05PO01.png,1,0.537246,1
pdraw_wave,vgg16,gaussian_blur,2,C:\Users\ramti\Desktop\ramtin legion pc\article_project\data\raw\pdraw_wave\test\parkinson\V06PO01.png,1,0.492905,1
pdraw_wave,vgg16,gaussian_blur,2,C:\Users\ramti\Desktop\ramtin legion pc\article_project\data\raw\pdraw_wave\test\parkinson\V07PO01.png,1,0.557584,1
pdraw_wave,vgg16,gaussian_blur,2,C:\Users\ramti\Desktop\ramtin legion pc\article_project\data\raw\pdraw_wave\test\parkinson\V08PO01.png,1,0.384912,0
pdraw_wave,vgg16,gaussian_blur,2,C:\Users\ramti\Desktop\ramtin legion pc\article_project\data\raw\pdraw_wave\test\parkinson\V09PO01.png,1,0.528834,1
pdraw_wave,vgg16,gaussian_blur,2,C:\Users\ramti\Desktop\ramtin legion pc\article_project\data\raw\pdraw_wave\test\parkinson\V10PO01.png,1,0.471144,1
pdraw_wave,vgg16,gaussian_blur,2,C:\Users\ramti\Desktop\ramtin legion pc\article_project\data\raw\pdraw_wave\test\parkinson\V11PO01.png,1,0.432168,0
pdraw_wave,vgg16,gaussian_blur,2,C:\Users\ramti\Desktop\ramtin legion pc\article_project\data\raw\pdraw_wave\test\parkinson\V14PO01.png,1,0.522898,1
pdraw_wave,vgg16,gaussian_blur,2,C:\Users\ramti\Desktop\ramtin legion pc\article_project\data\raw\pdraw_wave\test\parkinson\V14PO03.png,1,0.499441,1
pdraw_wave,vgg16,gaussian_blur,3,C:\Users\ramti\Desktop\ramtin legion pc\article_project\data\raw\pdraw_wave\test\healthy\V01HO01.png,0,0.457878,1
pdraw_wave,vgg16,gaussian_blur,3,C:\Users\ramti\Desktop\ramtin legion pc\article_project\data\raw\pdraw_wave\test\healthy\V02HO01.png,0,0.391869,0
pdraw_wave,vgg16,gaussian_blur,3,C:\Users\ramti\Desktop\ramtin legion pc\article_project\data\raw\pdraw_wave\test\healthy\V03HO01.png,0,0.425069,0
pdraw_wave,vgg16,gaussian_blur,3,C:\Users\ramti\Desktop\ramtin legion pc\article_project\data\raw\pdraw_wave\test\healthy\V04HO01.png,0,0.432166,0
pdraw_wave,vgg16,gaussian_blur,3,C:\Users\ramti\Desktop\ramtin legion pc\article_project\data\raw\pdraw_wave\test\healthy\V05HO01.png,0,0.491622,1
pdraw_wave,vgg16,gaussian_blur,3,C:\Users\ramti\Desktop\ramtin legion pc\article_project\data\raw\pdraw_wave\test\healthy\V06HO01.png,0,0.415636,0
pdraw_wave,vgg16,gaussian_blur,3,C:\Users\ramti\Desktop\ramtin legion pc\article_project\data\raw\pdraw_wave\test\healthy\V07HO01.png,0,0.407073,0
pdraw_wave,vgg16,gaussian_blur,3,C:\Users\ramti\Desktop\ramtin legion pc\article_project\data\raw\pdraw_wave\test\healthy\V08HO01.png,0,0.401597,0
pdraw_wave,vgg16,gaussian_blur,3,C:\Users\ramti\Desktop\ramtin legion pc\article_project\data\raw\pdraw_wave\test\healthy\V09HO01.png,0,0.422007,0
pdraw_wave,vgg16,gaussian_blur,3,C:\Users\ramti\Desktop\ramtin legion pc\article_project\data\raw\pdraw_wave\test\healthy\V10HO01.png,0,0.413140,0
pdraw_wave,vgg16,gaussian_blur,3,C:\Users\ramti\Desktop\ramtin legion pc\article_project\data\raw\pdraw_wave\test\healthy\V11HO01.png,0,0.421470,0
pdraw_wave,vgg16,gaussian_blur,3,C:\Users\ramti\Desktop\ramtin legion pc\article_project\data\raw\pdraw_wave\test\healthy\V55HO08.png,0,0.423439,0
pdraw_wave,vgg16,gaussian_blur,3,C:\Users\ramti\Desktop\ramtin legion pc\article_project\data\raw\pdraw_wave\test\healthy\V55HO09.png,0,0.455885,1
pdraw_wave,vgg16,gaussian_blur,3,C:\Users\ramti\Desktop\ramtin legion pc\article_project\data\raw\pdraw_wave\test\healthy\V55HO10.png,0,0.399377,0
pdraw_wave,vgg16,gaussian_blur,3,C:\Users\ramti\Desktop\ramtin legion pc\article_project\data\raw\pdraw_wave\test\healthy\V55HO11.png,0,0.459890,1
pdraw_wave,vgg16,gaussian_blur,3,C:\Users\ramti\Desktop\ramtin legion pc\article_project\data\raw\pdraw_wave\test\parkinson\V01PO01.png,1,0.471687,1
pdraw_wave,vgg16,gaussian_blur,3,C:\Users\ramti\Desktop\ramtin legion pc\article_project\data\raw\pdraw_wave\test\parkinson\V02PO01.png,1,0.541458,1
pdraw_wave,vgg16,gaussian_blur,3,C:\Users\ramti\Desktop\ramtin legion pc\article_project\data\raw\pdraw_wave\test\parkinson\V03PO01.png,1,0.504934,1
pdraw_wave,vgg16,gaussian_blur,3,C:\Users\ramti\Desktop\ramtin legion pc\article_project\data\raw\pdraw_wave\test\parkinson\V03PO04.png,1,0.517303,1
pdraw_wave,vgg16,gaussian_blur,3,C:\Users\ramti\Desktop\ramtin legion pc\article_project\data\raw\pdraw_wave\test\parkinson\V03PO07.png,1,0.515989,1
pdraw_wave,vgg16,gaussian_blur,3,C:\Users\ramti\Desktop\ramtin legion pc\article_project\data\raw\pdraw_wave\test\parkinson\V04PO01.png,1,0.512043,1
pdraw_wave,vgg16,gaussian_blur,3,C:\Users\ramti\Desktop\ramtin legion pc\article_project\data\raw\pdraw_wave\test\parkinson\V05PO01.png,1,0.537785,1
pdraw_wave,vgg16,gaussian_blur,3,C:\Users\ramti\Desktop\ramtin legion pc\article_project\data\raw\pdraw_wave\test\parkinson\V06PO01.png,1,0.490402,1
pdraw_wave,vgg16,gaussian_blur,3,C:\Users\ramti\Desktop\ramtin legion pc\article_project\data\raw\pdraw_wave\test\parkinson\V07PO01.png,1,0.553534,1
pdraw_wave,vgg16,gaussian_blur,3,C:\Users\ramti\Desktop\ramtin legion pc\article_project\data\raw\pdraw_wave\test\parkinson\V08PO01.png,1,0.396439,0
pdraw_wave,vgg16,gaussian_blur,3,C:\Users\ramti\Desktop\ramtin legion pc\article_project\data\raw\pdraw_wave\test\parkinson\V09PO01.png,1,0.529390,1
pdraw_wave,vgg16,gaussian_blur,3,C:\Users\ramti\Desktop\ramtin legion pc\article_project\data\raw\pdraw_wave\test\parkinson\V10PO01.png,1,0.472856,1
pdraw_wave,vgg16,gaussian_blur,3,C:\Users\ramti\Desktop\ramtin legion pc\article_project\data\raw\pdraw_wave\test\parkinson\V11PO01.png,1,0.447362,0
pdraw_wave,vgg16,gaussian_blur,3,C:\Users\ramti\Desktop\ramtin legion pc\article_project\data\raw\pdraw_wave\test\parkinson\V14PO01.png,1,0.525482,1
pdraw_wave,vgg16,gaussian_blur,3,C:\Users\ramti\Desktop\ramtin legion pc\article_project\data\raw\pdraw_wave\test\parkinson\V14PO03.png,1,0.495785,1
pdraw_wave,vgg16,gaussian_blur,4,C:\Users\ramti\Desktop\ramtin legion pc\article_project\data\raw\pdraw_wave\test\healthy\V01HO01.png,0,0.457591,1
pdraw_wave,vgg16,gaussian_blur,4,C:\Users\ramti\Desktop\ramtin legion pc\article_project\data\raw\pdraw_wave\test\healthy\V02HO01.png,0,0.390504,0
pdraw_wave,vgg16,gaussian_blur,4,C:\Users\ramti\Desktop\ramtin legion pc\article_project\data\raw\pdraw_wave\test\healthy\V03HO01.png,0,0.422752,0
pdraw_wave,vgg16,gaussian_blur,4,C:\Users\ramti\Desktop\ramtin legion pc\article_project\data\raw\pdraw_wave\test\healthy\V04HO01.png,0,0.436915,0
pdraw_wave,vgg16,gaussian_blur,4,C:\Users\ramti\Desktop\ramtin legion pc\article_project\data\raw\pdraw_wave\test\healthy\V05HO01.png,0,0.487050,1
pdraw_wave,vgg16,gaussian_blur,4,C:\Users\ramti\Desktop\ramtin legion pc\article_project\data\raw\pdraw_wave\test\healthy\V06HO01.png,0,0.422704,0
pdraw_wave,vgg16,gaussian_blur,4,C:\Users\ramti\Desktop\ramtin legion pc\article_project\data\raw\pdraw_wave\test\healthy\V07HO01.png,0,0.407590,0
pdraw_wave,vgg16,gaussian_blur,4,C:\Users\ramti\Desktop\ramtin legion pc\article_project\data\raw\pdraw_wave\test\healthy\V08HO01.png,0,0.409295,0
pdraw_wave,vgg16,gaussian_blur,4,C:\Users\ramti\Desktop\ramtin legion pc\article_project\data\raw\pdraw_wave\test\healthy\V09HO01.png,0,0.422215,0
pdraw_wave,vgg16,gaussian_blur,4,C:\Users\ramti\Desktop\ramtin legion pc\article_project\data\raw\pdraw_wave\test\healthy\V10HO01.png,0,0.416316,0
pdraw_wave,vgg16,gaussian_blur,4,C:\Users\ramti\Desktop\ramtin legion pc\article_project\data\raw\pdraw_wave\test\healthy\V11HO01.png,0,0.421697,0
pdraw_wave,vgg16,gaussian_blur,4,C:\Users\ramti\Desktop\ramtin legion pc\article_project\data\raw\pdraw_wave\test\healthy\V55HO08.png,0,0.420391,0
pdraw_wave,vgg16,gaussian_blur,4,C:\Users\ramti\Desktop\ramtin legion pc\article_project\data\raw\pdraw_wave\test\healthy\V55HO09.png,0,0.458366,1
pdraw_wave,vgg16,gaussian_blur,4,C:\Users\ramti\Desktop\ramtin legion pc\article_project\data\raw\pdraw_wave\test\healthy\V55HO10.png,0,0.396740,0
pdraw_wave,vgg16,gaussian_blur,4,C:\Users\ramti\Desktop\ramtin legion pc\article_project\data\raw\pdraw_wave\test\healthy\V55HO11.png,0,0.456904,1
pdraw_wave,vgg16,gaussian_blur,4,C:\Users\ramti\Desktop\ramtin legion pc\article_project\data\raw\pdraw_wave\test\parkinson\V01PO01.png,1,0.471883,1
pdraw_wave,vgg16,gaussian_blur,4,C:\Users\ramti\Desktop\ramtin legion pc\article_project\data\raw\pdraw_wave\test\parkinson\V02PO01.png,1,0.532005,1
pdraw_wave,vgg16,gaussian_blur,4,C:\Users\ramti\Desktop\ramtin legion pc\article_project\data\raw\pdraw_wave\test\parkinson\V03PO01.png,1,0.500322,1
pdraw_wave,vgg16,gaussian_blur,4,C:\Users\ramti\Desktop\ramtin legion pc\article_project\data\raw\pdraw_wave\test\parkinson\V03PO04.png,1,0.512804,1
pdraw_wave,vgg16,gaussian_blur,4,C:\Users\ramti\Desktop\ramtin legion pc\article_project\data\raw\pdraw_wave\test\parkinson\V03PO07.png,1,0.513118,1
pdraw_wave,vgg16,gaussian_blur,4,C:\Users\ramti\Desktop\ramtin legion pc\article_project\data\raw\pdraw_wave\test\parkinson\V04PO01.png,1,0.510114,1
pdraw_wave,vgg16,gaussian_blur,4,C:\Users\ramti\Desktop\ramtin legion pc\article_project\data\raw\pdraw_wave\test\parkinson\V05PO01.png,1,0.538371,1
pdraw_wave,vgg16,gaussian_blur,4,C:\Users\ramti\Desktop\ramtin legion pc\article_project\data\raw\pdraw_wave\test\parkinson\V06PO01.png,1,0.486368,1
pdraw_wave,vgg16,gaussian_blur,4,C:\Users\ramti\Desktop\ramtin legion pc\article_project\data\raw\pdraw_wave\test\parkinson\V07PO01.png,1,0.549790,1
pdraw_wave,vgg16,gaussian_blur,4,C:\Users\ramti\Desktop\ramtin legion pc\article_project\data\raw\pdraw_wave\test\parkinson\V08PO01.png,1,0.399995,0
pdraw_wave,vgg16,gaussian_blur,4,C:\Users\ramti\Desktop\ramtin legion pc\article_project\data\raw\pdraw_wave\test\parkinson\V09PO01.png,1,0.528647,1
pdraw_wave,vgg16,gaussian_blur,4,C:\Users\ramti\Desktop\ramtin legion pc\article_project\data\raw\pdraw_wave\test\parkinson\V10PO01.png,1,0.470325,1
pdraw_wave,vgg16,gaussian_blur,4,C:\Users\ramti\Desktop\ramtin legion pc\article_project\data\raw\pdraw_wave\test\parkinson\V11PO01.png,1,0.448779,0
pdraw_wave,vgg16,gaussian_blur,4,C:\Users\ramti\Desktop\ramtin legion pc\article_project\data\raw\pdraw_wave\test\parkinson\V14PO01.png,1,0.522605,1
pdraw_wave,vgg16,gaussian_blur,4,C:\Users\ramti\Desktop\ramtin legion pc\article_project\data\raw\pdraw_wave\test\parkinson\V14PO03.png,1,0.495516,1
pdraw_wave,vgg16,gaussian_blur,5,C:\Users\ramti\Desktop\ramtin legion pc\article_project\data\raw\pdraw_wave\test\healthy\V01HO01.png,0,0.457971,1
pdraw_wave,vgg16,gaussian_blur,5,C:\Users\ramti\Desktop\ramtin legion pc\article_project\data\raw\pdraw_wave\test\healthy\V02HO01.png,0,0.396516,0
pdraw_wave,vgg16,gaussian_blur,5,C:\Users\ramti\Desktop\ramtin legion pc\article_project\data\raw\pdraw_wave\test\healthy\V03HO01.png,0,0.421807,0
pdraw_wave,vgg16,gaussian_blur,5,C:\Users\ramti\Desktop\ramtin legion pc\article_project\data\raw\pdraw_wave\test\healthy\V04HO01.png,0,0.441626,0
pdraw_wave,vgg16,gaussian_blur,5,C:\Users\ramti\Desktop\ramtin legion pc\article_project\data\raw\pdraw_wave\test\healthy\V05HO01.png,0,0.485509,1
pdraw_wave,vgg16,gaussian_blur,5,C:\Users\ramti\Desktop\ramtin legion pc\article_project\data\raw\pdraw_wave\test\healthy\V06HO01.png,0,0.426459,0
pdraw_wave,vgg16,gaussian_blur,5,C:\Users\ramti\Desktop\ramtin legion pc\article_project\data\raw\pdraw_wave\test\healthy\V07HO01.png,0,0.411998,0
pdraw_wave,vgg16,gaussian_blur,5,C:\Users\ramti\Desktop\ramtin legion pc\article_project\data\raw\pdraw_wave\test\healthy\V08HO01.png,0,0.420943,0
pdraw_wave,vgg16,gaussian_blur,5,C:\Users\ramti\Desktop\ramtin legion pc\article_project\data\raw\pdraw_wave\test\healthy\V09HO01.png,0,0.426187,0
pdraw_wave,vgg16,gaussian_blur,5,C:\Users\ramti\Desktop\ramtin legion pc\article_project\data\raw\pdraw_wave\test\healthy\V10HO01.png,0,0.423316,0
pdraw_wave,vgg16,gaussian_blur,5,C:\Users\ramti\Desktop\ramtin legion pc\article_project\data\raw\pdraw_wave\test\healthy\V11HO01.png,0,0.425894,0
pdraw_wave,vgg16,gaussian_blur,5,C:\Users\ramti\Desktop\ramtin legion pc\article_project\data\raw\pdraw_wave\test\healthy\V55HO08.png,0,0.420271,0
pdraw_wave,vgg16,gaussian_blur,5,C:\Users\ramti\Desktop\ramtin legion pc\article_project\data\raw\pdraw_wave\test\healthy\V55HO09.png,0,0.460018,1
pdraw_wave,vgg16,gaussian_blur,5,C:\Users\ramti\Desktop\ramtin legion pc\article_project\data\raw\pdraw_wave\test\healthy\V55HO10.png,0,0.401084,0
pdraw_wave,vgg16,gaussian_blur,5,C:\Users\ramti\Desktop\ramtin legion pc\article_project\data\raw\pdraw_wave\test\healthy\V55HO11.png,0,0.454140,1
pdraw_wave,vgg16,gaussian_blur,5,C:\Users\ramti\Desktop\ramtin legion pc\article_project\data\raw\pdraw_wave\test\parkinson\V01PO01.png,1,0.466360,1
pdraw_wave,vgg16,gaussian_blur,5,C:\Users\ramti\Desktop\ramtin legion pc\article_project\data\raw\pdraw_wave\test\parkinson\V02PO01.png,1,0.524860,1
pdraw_wave,vgg16,gaussian_blur,5,C:\Users\ramti\Desktop\ramtin legion pc\article_project\data\raw\pdraw_wave\test\parkinson\V03PO01.png,1,0.496820,1
pdraw_wave,vgg16,gaussian_blur,5,C:\Users\ramti\Desktop\ramtin legion pc\article_project\data\raw\pdraw_wave\test\parkinson\V03PO04.png,1,0.508817,1
pdraw_wave,vgg16,gaussian_blur,5,C:\Users\ramti\Desktop\ramtin legion pc\article_project\data\raw\pdraw_wave\test\parkinson\V03PO07.png,1,0.510587,1
pdraw_wave,vgg16,gaussian_blur,5,C:\Users\ramti\Desktop\ramtin legion pc\article_project\data\raw\pdraw_wave\test\parkinson\V04PO01.png,1,0.508061,1
pdraw_wave,vgg16,gaussian_blur,5,C:\Users\ramti\Desktop\ramtin legion pc\article_project\data\raw\pdraw_wave\test\parkinson\V05PO01.png,1,0.537671,1
pdraw_wave,vgg16,gaussian_blur,5,C:\Users\ramti\Desktop\ramtin legion pc\article_project\data\raw\pdraw_wave\test\parkinson\V06PO01.png,1,0.488836,1
pdraw_wave,vgg16,gaussian_blur,5,C:\Users\ramti\Desktop\ramtin legion pc\article_project\data\raw\pdraw_wave\test\parkinson\V07PO01.png,1,0.546104,1
pdraw_wave,vgg16,gaussian_blur,5,C:\Users\ramti\Desktop\ramtin legion pc\article_project\data\raw\pdraw_wave\test\parkinson\V08PO01.png,1,0.401303,0
pdraw_wave,vgg16,gaussian_blur,5,C:\Users\ramti\Desktop\ramtin legion pc\article_project\data\raw\pdraw_wave\test\parkinson\V09PO01.png,1,0.527939,1
pdraw_wave,vgg16,gaussian_blur,5,C:\Users\ramti\Desktop\ramtin legion pc\article_project\data\raw\pdraw_wave\test\parkinson\V10PO01.png,1,0.467644,1
pdraw_wave,vgg16,gaussian_blur,5,C:\Users\ramti\Desktop\ramtin legion pc\article_project\data\raw\pdraw_wave\test\parkinson\V11PO01.png,1,0.445977,0
pdraw_wave,vgg16,gaussian_blur,5,C:\Users\ramti\Desktop\ramtin legion pc\article_project\data\raw\pdraw_wave\test\parkinson\V14PO01.png,1,0.520536,1
pdraw_wave,vgg16,gaussian_blur,5,C:\Users\ramti\Desktop\ramtin legion pc\article_project\data\raw\pdraw_wave\test\parkinson\V14PO03.png,1,0.495486,1
pdraw_wave,vgg16,gaussian_noise,1,C:\Users\ramti\Desktop\ramtin legion pc\article_project\data\raw\pdraw_wave\test\healthy\V01HO01.png,0,0.445941,0
pdraw_wave,vgg16,gaussian_noise,1,C:\Users\ramti\Desktop\ramtin legion pc\article_project\data\raw\pdraw_wave\test\healthy\V02HO01.png,0,0.404351,0
pdraw_wave,vgg16,gaussian_noise,1,C:\Users\ramti\Desktop\ramtin legion pc\article_project\data\raw\pdraw_wave\test\healthy\V03HO01.png,0,0.408784,0
pdraw_wave,vgg16,gaussian_noise,1,C:\Users\ramti\Desktop\ramtin legion pc\article_project\data\raw\pdraw_wave\test\healthy\V04HO01.png,0,0.403468,0
pdraw_wave,vgg16,gaussian_noise,1,C:\Users\ramti\Desktop\ramtin legion pc\article_project\data\raw\pdraw_wave\test\healthy\V05HO01.png,0,0.486740,1
pdraw_wave,vgg16,gaussian_noise,1,C:\Users\ramti\Desktop\ramtin legion pc\article_project\data\raw\pdraw_wave\test\healthy\V06HO01.png,0,0.403907,0
pdraw_wave,vgg16,gaussian_noise,1,C:\Users\ramti\Desktop\ramtin legion pc\article_project\data\raw\pdraw_wave\test\healthy\V07HO01.png,0,0.410658,0
pdraw_wave,vgg16,gaussian_noise,1,C:\Users\ramti\Desktop\ramtin legion pc\article_project\data\raw\pdraw_wave\test\healthy\V08HO01.png,0,0.385881,0
pdraw_wave,vgg16,gaussian_noise,1,C:\Users\ramti\Desktop\ramtin legion pc\article_project\data\raw\pdraw_wave\test\healthy\V09HO01.png,0,0.395700,0
pdraw_wave,vgg16,gaussian_noise,1,C:\Users\ramti\Desktop\ramtin legion pc\article_project\data\raw\pdraw_wave\test\healthy\V10HO01.png,0,0.409391,0
pdraw_wave,vgg16,gaussian_noise,1,C:\Users\ramti\Desktop\ramtin legion pc\article_project\data\raw\pdraw_wave\test\healthy\V11HO01.png,0,0.424490,0
pdraw_wave,vgg16,gaussian_noise,1,C:\Users\ramti\Desktop\ramtin legion pc\article_project\data\raw\pdraw_wave\test\healthy\V55HO08.png,0,0.390267,0
pdraw_wave,vgg16,gaussian_noise,1,C:\Users\ramti\Desktop\ramtin legion pc\article_project\data\raw\pdraw_wave\test\healthy\V55HO09.png,0,0.429604,0
pdraw_wave,vgg16,gaussian_noise,1,C:\Users\ramti\Desktop\ramtin legion pc\article_project\data\raw\pdraw_wave\test\healthy\V55HO10.png,0,0.430927,0
pdraw_wave,vgg16,gaussian_noise,1,C:\Users\ramti\Desktop\ramtin legion pc\article_project\data\raw\pdraw_wave\test\healthy\V55HO11.png,0,0.443329,0
pdraw_wave,vgg16,gaussian_noise,1,C:\Users\ramti\Desktop\ramtin legion pc\article_project\data\raw\pdraw_wave\test\parkinson\V01PO01.png,1,0.448571,0
pdraw_wave,vgg16,gaussian_noise,1,C:\Users\ramti\Desktop\ramtin legion pc\article_project\data\raw\pdraw_wave\test\parkinson\V02PO01.png,1,0.545224,1
pdraw_wave,vgg16,gaussian_noise,1,C:\Users\ramti\Desktop\ramtin legion pc\article_project\data\raw\pdraw_wave\test\parkinson\V03PO01.png,1,0.492580,1
pdraw_wave,vgg16,gaussian_noise,1,C:\Users\ramti\Desktop\ramtin legion pc\article_project\data\raw\pdraw_wave\test\parkinson\V03PO04.png,1,0.521623,1
pdraw_wave,vgg16,gaussian_noise,1,C:\Users\ramti\Desktop\ramtin legion pc\article_project\data\raw\pdraw_wave\test\parkinson\V03PO07.png,1,0.509370,1
pdraw_wave,vgg16,gaussian_noise,1,C:\Users\ramti\Desktop\ramtin legion pc\article_project\data\raw\pdraw_wave\test\parkinson\V04PO01.png,1,0.506881,1
pdraw_wave,vgg16,gaussian_noise,1,C:\Users\ramti\Desktop\ramtin legion pc\article_project\data\raw\pdraw_wave\test\parkinson\V05PO01.png,1,0.531176,1
pdraw_wave,vgg16,gaussian_noise,1,C:\Users\ramti\Desktop\ramtin legion pc\article_project\data\raw\pdraw_wave\test\parkinson\V06PO01.png,1,0.478045,1
pdraw_wave,vgg16,gaussian_noise,1,C:\Users\ramti\Desktop\ramtin legion pc\article_project\data\raw\pdraw_wave\test\parkinson\V07PO01.png,1,0.561778,1
pdraw_wave,vgg16,gaussian_noise,1,C:\Users\ramti\Desktop\ramtin legion pc\article_project\data\raw\pdraw_wave\test\parkinson\V08PO01.png,1,0.373832,0
pdraw_wave,vgg16,gaussian_noise,1,C:\Users\ramti\Desktop\ramtin legion pc\article_project\data\raw\pdraw_wave\test\parkinson\V09PO01.png,1,0.524200,1
pdraw_wave,vgg16,gaussian_noise,1,C:\Users\ramti\Desktop\ramtin legion pc\article_project\data\raw\pdraw_wave\test\parkinson\V10PO01.png,1,0.463918,1
pdraw_wave,vgg16,gaussian_noise,1,C:\Users\ramti\Desktop\ramtin legion pc\article_project\data\raw\pdraw_wave\test\parkinson\V11PO01.png,1,0.416588,0
pdraw_wave,vgg16,gaussian_noise,1,C:\Users\ramti\Desktop\ramtin legion pc\article_project\data\raw\pdraw_wave\test\parkinson\V14PO01.png,1,0.514711,1
pdraw_wave,vgg16,gaussian_noise,1,C:\Users\ramti\Desktop\ramtin legion pc\article_project\data\raw\pdraw_wave\test\parkinson\V14PO03.png,1,0.502301,1
pdraw_wave,vgg16,gaussian_noise,2,C:\Users\ramti\Desktop\ramtin legion pc\article_project\data\raw\pdraw_wave\test\healthy\V01HO01.png,0,0.436037,0
pdraw_wave,vgg16,gaussian_noise,2,C:\Users\ramti\Desktop\ramtin legion pc\article_project\data\raw\pdraw_wave\test\healthy\V02HO01.png,0,0.402292,0
pdraw_wave,vgg16,gaussian_noise,2,C:\Users\ramti\Desktop\ramtin legion pc\article_project\data\raw\pdraw_wave\test\healthy\V03HO01.png,0,0.396621,0
pdraw_wave,vgg16,gaussian_noise,2,C:\Users\ramti\Desktop\ramtin legion pc\article_project\data\raw\pdraw_wave\test\healthy\V04HO01.png,0,0.391312,0
pdraw_wave,vgg16,gaussian_noise,2,C:\Users\ramti\Desktop\ramtin legion pc\article_project\data\raw\pdraw_wave\test\healthy\V05HO01.png,0,0.481878,1
pdraw_wave,vgg16,gaussian_noise,2,C:\Users\ramti\Desktop\ramtin legion pc\article_project\data\raw\pdraw_wave\test\healthy\V06HO01.png,0,0.404964,0
pdraw_wave,vgg16,gaussian_noise,2,C:\Users\ramti\Desktop\ramtin legion pc\article_project\data\raw\pdraw_wave\test\healthy\V07HO01.png,0,0.404149,0
pdraw_wave,vgg16,gaussian_noise,2,C:\Users\ramti\Desktop\ramtin legion pc\article_project\data\raw\pdraw_wave\test\healthy\V08HO01.png,0,0.394442,0
pdraw_wave,vgg16,gaussian_noise,2,C:\Users\ramti\Desktop\ramtin legion pc\article_project\data\raw\pdraw_wave\test\healthy\V09HO01.png,0,0.387498,0
pdraw_wave,vgg16,gaussian_noise,2,C:\Users\ramti\Desktop\ramtin legion pc\article_project\data\raw\pdraw_wave\test\healthy\V10HO01.png,0,0.405475,0
pdraw_wave,vgg16,gaussian_noise,2,C:\Users\ramti\Desktop\ramtin legion pc\article_project\data\raw\pdraw_wave\test\healthy\V11HO01.png,0,0.431155,0
pdraw_wave,vgg16,gaussian_noise,2,C:\Users\ramti\Desktop\ramtin legion pc\article_project\data\raw\pdraw_wave\test\healthy\V55HO08.png,0,0.387579,0
pdraw_wave,vgg16,gaussian_noise,2,C:\Users\ramti\Desktop\ramtin legion pc\article_project\data\raw\pdraw_wave\test\healthy\V55HO09.png,0,0.422610,0
pdraw_wave,vgg16,gaussian_noise,2,C:\Users\ramti\Desktop\ramtin legion pc\article_project\data\raw\pdraw_wave\test\healthy\V55HO10.png,0,0.414077,0
pdraw_wave,vgg16,gaussian_noise,2,C:\Users\ramti\Desktop\ramtin legion pc\article_project\data\raw\pdraw_wave\test\healthy\V55HO11.png,0,0.434548,0
pdraw_wave,vgg16,gaussian_noise,2,C:\Users\ramti\Desktop\ramtin legion pc\article_project\data\raw\pdraw_wave\test\parkinson\V01PO01.png,1,0.432007,0
pdraw_wave,vgg16,gaussian_noise,2,C:\Users\ramti\Desktop\ramtin legion pc\article_project\data\raw\pdraw_wave\test\parkinson\V02PO01.png,1,0.535388,1
pdraw_wave,vgg16,gaussian_noise,2,C:\Users\ramti\Desktop\ramtin legion pc\article_project\data\raw\pdraw_wave\test\parkinson\V03PO01.png,1,0.481004,1
pdraw_wave,vgg16,gaussian_noise,2,C:\Users\ramti\Desktop\ramtin legion pc\article_project\data\raw\pdraw_wave\test\parkinson\V03PO04.png,1,0.510706,1
pdraw_wave,vgg16,gaussian_noise,2,C:\Users\ramti\Desktop\ramtin legion pc\article_project\data\raw\pdraw_wave\test\parkinson\V03PO07.png,1,0.493403,1
pdraw_wave,vgg16,gaussian_noise,2,C:\Users\ramti\Desktop\ramtin legion pc\article_project\data\raw\pdraw_wave\test\parkinson\V04PO01.png,1,0.502625,1
pdraw_wave,vgg16,gaussian_noise,2,C:\Users\ramti\Desktop\ramtin legion pc\article_project\data\raw\pdraw_wave\test\parkinson\V05PO01.png,1,0.522809,1
pdraw_wave,vgg16,gaussian_noise,2,C:\Users\ramti\Desktop\ramtin legion pc\article_project\data\raw\pdraw_wave\test\parkinson\V06PO01.png,1,0.459006,1
pdraw_wave,vgg16,gaussian_noise,2,C:\Users\ramti\Desktop\ramtin legion pc\article_project\data\raw\pdraw_wave\test\parkinson\V07PO01.png,1,0.550818,1
pdraw_wave,vgg16,gaussian_noise,2,C:\Users\ramti\Desktop\ramtin legion pc\article_project\data\raw\pdraw_wave\test\parkinson\V08PO01.png,1,0.372891,0
pdraw_wave,vgg16,gaussian_noise,2,C:\Users\ramti\Desktop\ramtin legion pc\article_project\data\raw\pdraw_wave\test\parkinson\V09PO01.png,1,0.519327,1
pdraw_wave,vgg16,gaussian_noise,2,C:\Users\ramti\Desktop\ramtin legion pc\article_project\data\raw\pdraw_wave\test\parkinson\V10PO01.png,1,0.459374,1
pdraw_wave,vgg16,gaussian_noise,2,C:\Users\ramti\Desktop\ramtin legion pc\article_project\data\raw\pdraw_wave\test\parkinson\V11PO01.png,1,0.406535,0
pdraw_wave,vgg16,gaussian_noise,2,C:\Users\ramti\Desktop\ramtin legion pc\article_project\data\raw\pdraw_wave\test\parkinson\V14PO01.png,1,0.511426,1
pdraw_wave,vgg16,gaussian_noise,2,C:\Users\ramti\Desktop\ramtin legion pc\article_project\data\raw\pdraw_wave\test\parkinson\V14PO03.png,1,0.495455,1
pdraw_wave,vgg16,gaussian_noise,3,C:\Users\ramti\Desktop\ramtin legion pc\article_project\data\raw\pdraw_wave\test\healthy\V01HO01.png,0,0.424227,0
pdraw_wave,vgg16,gaussian_noise,3,C:\Users\ramti\Desktop\ramtin legion pc\article_project\data\raw\pdraw_wave\test\healthy\V02HO01.png,0,0.395470,0
pdraw_wave,vgg16,gaussian_noise,3,C:\Users\ramti\Desktop\ramtin legion pc\article_project\data\raw\pdraw_wave\test\healthy\V03HO01.png,0,0.394327,0
pdraw_wave,vgg16,gaussian_noise,3,C:\Users\ramti\Desktop\ramtin legion pc\article_project\data\raw\pdraw_wave\test\healthy\V04HO01.png,0,0.385311,0
pdraw_wave,vgg16,gaussian_noise,3,C:\Users\ramti\Desktop\ramtin legion pc\article_project\data\raw\pdraw_wave\test\healthy\V05HO01.png,0,0.470302,1
pdraw_wave,vgg16,gaussian_noise,3,C:\Users\ramti\Desktop\ramtin legion pc\article_project\data\raw\pdraw_wave\test\healthy\V06HO01.png,0,0.399937,0
pdraw_wave,vgg16,gaussian_noise,3,C:\Users\ramti\Desktop\ramtin legion pc\article_project\data\raw\pdraw_wave\test\healthy\V07HO01.png,0,0.396651,0
pdraw_wave,vgg16,gaussian_noise,3,C:\Users\ramti\Desktop\ramtin legion pc\article_project\data\raw\pdraw_wave\test\healthy\V08HO01.png,0,0.397060,0
pdraw_wave,vgg16,gaussian_noise,3,C:\Users\ramti\Desktop\ramtin legion pc\article_project\data\raw\pdraw_wave\test\healthy\V09HO01.png,0,0.380431,0
pdraw_wave,vgg16,gaussian_noise,3,C:\Users\ramti\Desktop\ramtin legion pc\article_project\data\raw\pdraw_wave\test\healthy\V10HO01.png,0,0.401057,0
pdraw_wave,vgg16,gaussian_noise,3,C:\Users\ramti\Desktop\ramtin legion pc\article_project\data\raw\pdraw_wave\test\healthy\V11HO01.png,0,0.428015,0
pdraw_wave,vgg16,gaussian_noise,3,C:\Users\ramti\Desktop\ramtin legion pc\article_project\data\raw\pdraw_wave\test\healthy\V55HO08.png,0,0.367826,0
pdraw_wave,vgg16,gaussian_noise,3,C:\Users\ramti\Desktop\ramtin legion pc\article_project\data\raw\pdraw_wave\test\healthy\V55HO09.png,0,0.419749,0
pdraw_wave,vgg16,gaussian_noise,3,C:\Users\ramti\Desktop\ramtin legion pc\article_project\data\raw\pdraw_wave\test\healthy\V55HO10.png,0,0.410067,0
pdraw_wave,vgg16,gaussian_noise,3,C:\Users\ramti\Desktop\ramtin legion pc\article_project\data\raw\pdraw_wave\test\healthy\V55HO11.png,0,0.424830,0
pdraw_wave,vgg16,gaussian_noise,3,C:\Users\ramti\Desktop\ramtin legion pc\article_project\data\raw\pdraw_wave\test\parkinson\V01PO01.png,1,0.418016,0
pdraw_wave,vgg16,gaussian_noise,3,C:\Users\ramti\Desktop\ramtin legion pc\article_project\data\raw\pdraw_wave\test\parkinson\V02PO01.png,1,0.537891,1
pdraw_wave,vgg16,gaussian_noise,3,C:\Users\ramti\Desktop\ramtin legion pc\article_project\data\raw\pdraw_wave\test\parkinson\V03PO01.png,1,0.464528,1
pdraw_wave,vgg16,gaussian_noise,3,C:\Users\ramti\Desktop\ramtin legion pc\article_project\data\raw\pdraw_wave\test\parkinson\V03PO04.png,1,0.501017,1
pdraw_wave,vgg16,gaussian_noise,3,C:\Users\ramti\Desktop\ramtin legion pc\article_project\data\raw\pdraw_wave\test\parkinson\V03PO07.png,1,0.477298,1
pdraw_wave,vgg16,gaussian_noise,3,C:\Users\ramti\Desktop\ramtin legion pc\article_project\data\raw\pdraw_wave\test\parkinson\V04PO01.png,1,0.492094,1
pdraw_wave,vgg16,gaussian_noise,3,C:\Users\ramti\Desktop\ramtin legion pc\article_project\data\raw\pdraw_wave\test\parkinson\V05PO01.png,1,0.523752,1
pdraw_wave,vgg16,gaussian_noise,3,C:\Users\ramti\Desktop\ramtin legion pc\article_project\data\raw\pdraw_wave\test\parkinson\V06PO01.png,1,0.444005,0
pdraw_wave,vgg16,gaussian_noise,3,C:\Users\ramti\Desktop\ramtin legion pc\article_project\data\raw\pdraw_wave\test\parkinson\V07PO01.png,1,0.548054,1
pdraw_wave,vgg16,gaussian_noise,3,C:\Users\ramti\Desktop\ramtin legion pc\article_project\data\raw\pdraw_wave\test\parkinson\V08PO01.png,1,0.372026,0
pdraw_wave,vgg16,gaussian_noise,3,C:\Users\ramti\Desktop\ramtin legion pc\article_project\data\raw\pdraw_wave\test\parkinson\V09PO01.png,1,0.515200,1
pdraw_wave,vgg16,gaussian_noise,3,C:\Users\ramti\Desktop\ramtin legion pc\article_project\data\raw\pdraw_wave\test\parkinson\V10PO01.png,1,0.452879,1
pdraw_wave,vgg16,gaussian_noise,3,C:\Users\ramti\Desktop\ramtin legion pc\article_project\data\raw\pdraw_wave\test\parkinson\V11PO01.png,1,0.404867,0
pdraw_wave,vgg16,gaussian_noise,3,C:\Users\ramti\Desktop\ramtin legion pc\article_project\data\raw\pdraw_wave\test\parkinson\V14PO01.png,1,0.505104,1
pdraw_wave,vgg16,gaussian_noise,3,C:\Users\ramti\Desktop\ramtin legion pc\article_project\data\raw\pdraw_wave\test\parkinson\V14PO03.png,1,0.500687,1
pdraw_wave,vgg16,gaussian_noise,4,C:\Users\ramti\Desktop\ramtin legion pc\article_project\data\raw\pdraw_wave\test\healthy\V01HO01.png,0,0.426894,0
pdraw_wave,vgg16,gaussian_noise,4,C:\Users\ramti\Desktop\ramtin legion pc\article_project\data\raw\pdraw_wave\test\healthy\V02HO01.png,0,0.400876,0
pdraw_wave,vgg16,gaussian_noise,4,C:\Users\ramti\Desktop\ramtin legion pc\article_project\data\raw\pdraw_wave\test\healthy\V03HO01.png,0,0.391660,0
pdraw_wave,vgg16,gaussian_noise,4,C:\Users\ramti\Desktop\ramtin legion pc\article_project\data\raw\pdraw_wave\test\healthy\V04HO01.png,0,0.373328,0
pdraw_wave,vgg16,gaussian_noise,4,C:\Users\ramti\Desktop\ramtin legion pc\article_project\data\raw\pdraw_wave\test\healthy\V05HO01.png,0,0.462705,1
pdraw_wave,vgg16,gaussian_noise,4,C:\Users\ramti\Desktop\ramtin legion pc\article_project\data\raw\pdraw_wave\test\healthy\V06HO01.png,0,0.417406,0
pdraw_wave,vgg16,gaussian_noise,4,C:\Users\ramti\Desktop\ramtin legion pc\article_project\data\raw\pdraw_wave\test\healthy\V07HO01.png,0,0.399232,0
pdraw_wave,vgg16,gaussian_noise,4,C:\Users\ramti\Desktop\ramtin legion pc\article_project\data\raw\pdraw_wave\test\healthy\V08HO01.png,0,0.400025,0
pdraw_wave,vgg16,gaussian_noise,4,C:\Users\ramti\Desktop\ramtin legion pc\article_project\data\raw\pdraw_wave\test\healthy\V09HO01.png,0,0.382584,0
pdraw_wave,vgg16,gaussian_noise,4,C:\Users\ramti\Desktop\ramtin legion pc\article_project\data\raw\pdraw_wave\test\healthy\V10HO01.png,0,0.415411,0
pdraw_wave,vgg16,gaussian_noise,4,C:\Users\ramti\Desktop\ramtin legion pc\article_project\data\raw\pdraw_wave\test\healthy\V11HO01.png,0,0.432863,0
pdraw_wave,vgg16,gaussian_noise,4,C:\Users\ramti\Desktop\ramtin legion pc\article_project\data\raw\pdraw_wave\test\healthy\V55HO08.png,0,0.371030,0
pdraw_wave,vgg16,gaussian_noise,4,C:\Users\ramti\Desktop\ramtin legion pc\article_project\data\raw\pdraw_wave\test\healthy\V55HO09.png,0,0.416591,0
pdraw_wave,vgg16,gaussian_noise,4,C:\Users\ramti\Desktop\ramtin legion pc\article_project\data\raw\pdraw_wave\test\healthy\V55HO10.png,0,0.412082,0
pdraw_wave,vgg16,gaussian_noise,4,C:\Users\ramti\Desktop\ramtin legion pc\article_project\data\raw\pdraw_wave\test\healthy\V55HO11.png,0,0.420846,0
pdraw_wave,vgg16,gaussian_noise,4,C:\Users\ramti\Desktop\ramtin legion pc\article_project\data\raw\pdraw_wave\test\parkinson\V01PO01.png,1,0.418225,0
pdraw_wave,vgg16,gaussian_noise,4,C:\Users\ramti\Desktop\ramtin legion pc\article_project\data\raw\pdraw_wave\test\parkinson\V02PO01.png,1,0.530913,1
pdraw_wave,vgg16,gaussian_noise,4,C:\Users\ramti\Desktop\ramtin legion pc\article_project\data\raw\pdraw_wave\test\parkinson\V03PO01.png,1,0.470291,1
pdraw_wave,vgg16,gaussian_noise,4,C:\Users\ramti\Desktop\ramtin legion pc\article_project\data\raw\pdraw_wave\test\parkinson\V03PO04.png,1,0.489444,1
pdraw_wave,vgg16,gaussian_noise,4,C:\Users\ramti\Desktop\ramtin legion pc\article_project\data\raw\pdraw_wave\test\parkinson\V03PO07.png,1,0.487341,1
pdraw_wave,vgg16,gaussian_noise,4,C:\Users\ramti\Desktop\ramtin legion pc\article_project\data\raw\pdraw_wave\test\parkinson\V04PO01.png,1,0.480326,1
pdraw_wave,vgg16,gaussian_noise,4,C:\Users\ramti\Desktop\ramtin legion pc\article_project\data\raw\pdraw_wave\test\parkinson\V05PO01.png,1,0.531514,1
pdraw_wave,vgg16,gaussian_noise,4,C:\Users\ramti\Desktop\ramtin legion pc\article_project\data\raw\pdraw_wave\test\parkinson\V06PO01.png,1,0.435951,0
pdraw_wave,vgg16,gaussian_noise,4,C:\Users\ramti\Desktop\ramtin legion pc\article_project\data\raw\pdraw_wave\test\parkinson\V07PO01.png,1,0.546798,1
pdraw_wave,vgg16,gaussian_noise,4,C:\Users\ramti\Desktop\ramtin legion pc\article_project\data\raw\pdraw_wave\test\parkinson\V08PO01.png,1,0.382695,0
pdraw_wave,vgg16,gaussian_noise,4,C:\Users\ramti\Desktop\ramtin legion pc\article_project\data\raw\pdraw_wave\test\parkinson\V09PO01.png,1,0.513307,1
pdraw_wave,vgg16,gaussian_noise,4,C:\Users\ramti\Desktop\ramtin legion pc\article_project\data\raw\pdraw_wave\test\parkinson\V10PO01.png,1,0.450735,1
pdraw_wave,vgg16,gaussian_noise,4,C:\Users\ramti\Desktop\ramtin legion pc\article_project\data\raw\pdraw_wave\test\parkinson\V11PO01.png,1,0.413249,0
pdraw_wave,vgg16,gaussian_noise,4,C:\Users\ramti\Desktop\ramtin legion pc\article_project\data\raw\pdraw_wave\test\parkinson\V14PO01.png,1,0.513997,1
pdraw_wave,vgg16,gaussian_noise,4,C:\Users\ramti\Desktop\ramtin legion pc\article_project\data\raw\pdraw_wave\test\parkinson\V14PO03.png,1,0.508106,1
pdraw_wave,vgg16,gaussian_noise,5,C:\Users\ramti\Desktop\ramtin legion pc\article_project\data\raw\pdraw_wave\test\healthy\V01HO01.png,0,0.410453,0
pdraw_wave,vgg16,gaussian_noise,5,C:\Users\ramti\Desktop\ramtin legion pc\article_project\data\raw\pdraw_wave\test\healthy\V02HO01.png,0,0.407250,0
pdraw_wave,vgg16,gaussian_noise,5,C:\Users\ramti\Desktop\ramtin legion pc\article_project\data\raw\pdraw_wave\test\healthy\V03HO01.png,0,0.419201,0
pdraw_wave,vgg16,gaussian_noise,5,C:\Users\ramti\Desktop\ramtin legion pc\article_project\data\raw\pdraw_wave\test\healthy\V04HO01.png,0,0.374061,0
pdraw_wave,vgg16,gaussian_noise,5,C:\Users\ramti\Desktop\ramtin legion pc\article_project\data\raw\pdraw_wave\test\healthy\V05HO01.png,0,0.462246,1
pdraw_wave,vgg16,gaussian_noise,5,C:\Users\ramti\Desktop\ramtin legion pc\article_project\data\raw\pdraw_wave\test\healthy\V06HO01.png,0,0.421297,0
pdraw_wave,vgg16,gaussian_noise,5,C:\Users\ramti\Desktop\ramtin legion pc\article_project\data\raw\pdraw_wave\test\healthy\V07HO01.png,0,0.402655,0
pdraw_wave,vgg16,gaussian_noise,5,C:\Users\ramti\Desktop\ramtin legion pc\article_project\data\raw\pdraw_wave\test\healthy\V08HO01.png,0,0.401888,0
pdraw_wave,vgg16,gaussian_noise,5,C:\Users\ramti\Desktop\ramtin legion pc\article_project\data\raw\pdraw_wave\test\healthy\V09HO01.png,0,0.386573,0
pdraw_wave,vgg16,gaussian_noise,5,C:\Users\ramti\Desktop\ramtin legion pc\article_project\data\raw\pdraw_wave\test\healthy\V10HO01.png,0,0.425013,0
pdraw_wave,vgg16,gaussian_noise,5,C:\Users\ramti\Desktop\ramtin legion pc\article_project\data\raw\pdraw_wave\test\healthy\V11HO01.png,0,0.451494,1
pdraw_wave,vgg16,gaussian_noise,5,C:\Users\ramti\Desktop\ramtin legion pc\article_project\data\raw\pdraw_wave\test\healthy\V55HO08.png,0,0.382742,0
pdraw_wave,vgg16,gaussian_noise,5,C:\Users\ramti\Desktop\ramtin legion pc\article_project\data\raw\pdraw_wave\test\healthy\V55HO09.png,0,0.426235,0
pdraw_wave,vgg16,gaussian_noise,5,C:\Users\ramti\Desktop\ramtin legion pc\article_project\data\raw\pdraw_wave\test\healthy\V55HO10.png,0,0.427981,0
pdraw_wave,vgg16,gaussian_noise,5,C:\Users\ramti\Desktop\ramtin legion pc\article_project\data\raw\pdraw_wave\test\healthy\V55HO11.png,0,0.416470,0
pdraw_wave,vgg16,gaussian_noise,5,C:\Users\ramti\Desktop\ramtin legion pc\article_project\data\raw\pdraw_wave\test\parkinson\V01PO01.png,1,0.421137,0
pdraw_wave,vgg16,gaussian_noise,5,C:\Users\ramti\Desktop\ramtin legion pc\article_project\data\raw\pdraw_wave\test\parkinson\V02PO01.png,1,0.515512,1
pdraw_wave,vgg16,gaussian_noise,5,C:\Users\ramti\Desktop\ramtin legion pc\article_project\data\raw\pdraw_wave\test\parkinson\V03PO01.png,1,0.475047,1
pdraw_wave,vgg16,gaussian_noise,5,C:\Users\ramti\Desktop\ramtin legion pc\article_project\data\raw\pdraw_wave\test\parkinson\V03PO04.png,1,0.497539,1
pdraw_wave,vgg16,gaussian_noise,5,C:\Users\ramti\Desktop\ramtin legion pc\article_project\data\raw\pdraw_wave\test\parkinson\V03PO07.png,1,0.491067,1
pdraw_wave,vgg16,gaussian_noise,5,C:\Users\ramti\Desktop\ramtin legion pc\article_project\data\raw\pdraw_wave\test\parkinson\V04PO01.png,1,0.483883,1
pdraw_wave,vgg16,gaussian_noise,5,C:\Users\ramti\Desktop\ramtin legion pc\article_project\data\raw\pdraw_wave\test\parkinson\V05PO01.png,1,0.532335,1
pdraw_wave,vgg16,gaussian_noise,5,C:\Users\ramti\Desktop\ramtin legion pc\article_project\data\raw\pdraw_wave\test\parkinson\V06PO01.png,1,0.428994,0
pdraw_wave,vgg16,gaussian_noise,5,C:\Users\ramti\Desktop\ramtin legion pc\article_project\data\raw\pdraw_wave\test\parkinson\V07PO01.png,1,0.539657,1
pdraw_wave,vgg16,gaussian_noise,5,C:\Users\ramti\Desktop\ramtin legion pc\article_project\data\raw\pdraw_wave\test\parkinson\V08PO01.png,1,0.398549,0
pdraw_wave,vgg16,gaussian_noise,5,C:\Users\ramti\Desktop\ramtin legion pc\article_project\data\raw\pdraw_wave\test\parkinson\V09PO01.png,1,0.522170,1
pdraw_wave,vgg16,gaussian_noise,5,C:\Users\ramti\Desktop\ramtin legion pc\article_project\data\raw\pdraw_wave\test\parkinson\V10PO01.png,1,0.456967,1
pdraw_wave,vgg16,gaussian_noise,5,C:\Users\ramti\Desktop\ramtin legion pc\article_project\data\raw\pdraw_wave\test\parkinson\V11PO01.png,1,0.411227,0
pdraw_wave,vgg16,gaussian_noise,5,C:\Users\ramti\Desktop\ramtin legion pc\article_project\data\raw\pdraw_wave\test\parkinson\V14PO01.png,1,0.518549,1
pdraw_wave,vgg16,gaussian_noise,5,C:\Users\ramti\Desktop\ramtin legion pc\article_project\data\raw\pdraw_wave\test\parkinson\V14PO03.png,1,0.495297,1
pdraw_wave,vgg16,contrast,1,C:\Users\ramti\Desktop\ramtin legion pc\article_project\data\raw\pdraw_wave\test\healthy\V01HO01.png,0,0.421677,0
pdraw_wave,vgg16,contrast,1,C:\Users\ramti\Desktop\ramtin legion pc\article_project\data\raw\pdraw_wave\test\healthy\V02HO01.png,0,0.382233,0
pdraw_wave,vgg16,contrast,1,C:\Users\ramti\Desktop\ramtin legion pc\article_project\data\raw\pdraw_wave\test\healthy\V03HO01.png,0,0.393018,0
pdraw_wave,vgg16,contrast,1,C:\Users\ramti\Desktop\ramtin legion pc\article_project\data\raw\pdraw_wave\test\healthy\V04HO01.png,0,0.398009,0
pdraw_wave,vgg16,contrast,1,C:\Users\ramti\Desktop\ramtin legion pc\article_project\data\raw\pdraw_wave\test\healthy\V05HO01.png,0,0.456763,1
pdraw_wave,vgg16,contrast,1,C:\Users\ramti\Desktop\ramtin legion pc\article_project\data\raw\pdraw_wave\test\healthy\V06HO01.png,0,0.390673,0
pdraw_wave,vgg16,contrast,1,C:\Users\ramti\Desktop\ramtin legion pc\article_project\data\raw\pdraw_wave\test\healthy\V07HO01.png,0,0.394553,0
pdraw_wave,vgg16,contrast,1,C:\Users\ramti\Desktop\ramtin legion pc\article_project\data\raw\pdraw_wave\test\healthy\V08HO01.png,0,0.376850,0
pdraw_wave,vgg16,contrast,1,C:\Users\ramti\Desktop\ramtin legion pc\article_project\data\raw\pdraw_wave\test\healthy\V09HO01.png,0,0.391678,0
pdraw_wave,vgg16,contrast,1,C:\Users\ramti\Desktop\ramtin legion pc\article_project\data\raw\pdraw_wave\test\healthy\V10HO01.png,0,0.385585,0
pdraw_wave,vgg16,contrast,1,C:\Users\ramti\Desktop\ramtin legion pc\article_project\data\raw\pdraw_wave\test\healthy\V11HO01.png,0,0.398513,0
pdraw_wave,vgg16,contrast,1,C:\Users\ramti\Desktop\ramtin legion pc\article_project\data\raw\pdraw_wave\test\healthy\V55HO08.png,0,0.379998,0
pdraw_wave,vgg16,contrast,1,C:\Users\ramti\Desktop\ramtin legion pc\article_project\data\raw\pdraw_wave\test\healthy\V55HO09.png,0,0.428637,0
pdraw_wave,vgg16,contrast,1,C:\Users\ramti\Desktop\ramtin legion pc\article_project\data\raw\pdraw_wave\test\healthy\V55HO10.png,0,0.399031,0
pdraw_wave,vgg16,contrast,1,C:\Users\ramti\Desktop\ramtin legion pc\article_project\data\raw\pdraw_wave\test\healthy\V55HO11.png,0,0.420774,0
pdraw_wave,vgg16,contrast,1,C:\Users\ramti\Desktop\ramtin legion pc\article_project\data\raw\pdraw_wave\test\parkinson\V01PO01.png,1,0.424657,0
pdraw_wave,vgg16,contrast,1,C:\Users\ramti\Desktop\ramtin legion pc\article_project\data\raw\pdraw_wave\test\parkinson\V02PO01.png,1,0.503229,1
pdraw_wave,vgg16,contrast,1,C:\Users\ramti\Desktop\ramtin legion pc\article_project\data\raw\pdraw_wave\test\parkinson\V03PO01.png,1,0.483084,1
pdraw_wave,vgg16,contrast,1,C:\Users\ramti\Desktop\ramtin legion pc\article_project\data\raw\pdraw_wave\test\parkinson\V03PO04.png,1,0.511025,1
pdraw_wave,vgg16,contrast,1,C:\Users\ramti\Desktop\ramtin legion pc\article_project\data\raw\pdraw_wave\test\parkinson\V03PO07.png,1,0.501366,1
pdraw_wave,vgg16,contrast,1,C:\Users\ramti\Desktop\ramtin legion pc\article_project\data\raw\pdraw_wave\test\parkinson\V04PO01.png,1,0.490593,1
pdraw_wave,vgg16,contrast,1,C:\Users\ramti\Desktop\ramtin legion pc\article_project\data\raw\pdraw_wave\test\parkinson\V05PO01.png,1,0.522245,1
pdraw_wave,vgg16,contrast,1,C:\Users\ramti\Desktop\ramtin legion pc\article_project\data\raw\pdraw_wave\test\parkinson\V06PO01.png,1,0.457790,1
pdraw_wave,vgg16,contrast,1,C:\Users\ramti\Desktop\ramtin legion pc\article_project\data\raw\pdraw_wave\test\parkinson\V07PO01.png,1,0.541599,1
pdraw_wave,vgg16,contrast,1,C:\Users\ramti\Desktop\ramtin legion pc\article_project\data\raw\pdraw_wave\test\parkinson\V08PO01.png,1,0.360113,0
pdraw_wave,vgg16,contrast,1,C:\Users\ramti\Desktop\ramtin legion pc\article_project\data\raw\pdraw_wave\test\parkinson\V09PO01.png,1,0.509392,1
pdraw_wave,vgg16,contrast,1,C:\Users\ramti\Desktop\ramtin legion pc\article_project\data\raw\pdraw_wave\test\parkinson\V10PO01.png,1,0.436163,0
pdraw_wave,vgg16,contrast,1,C:\Users\ramti\Desktop\ramtin legion pc\article_project\data\raw\pdraw_wave\test\parkinson\V11PO01.png,1,0.404646,0
pdraw_wave,vgg16,contrast,1,C:\Users\ramti\Desktop\ramtin legion pc\article_project\data\raw\pdraw_wave\test\parkinson\V14PO01.png,1,0.508187,1
pdraw_wave,vgg16,contrast,1,C:\Users\ramti\Desktop\ramtin legion pc\article_project\data\raw\pdraw_wave\test\parkinson\V14PO03.png,1,0.497478,1
pdraw_wave,vgg16,contrast,2,C:\Users\ramti\Desktop\ramtin legion pc\article_project\data\raw\pdraw_wave\test\healthy\V01HO01.png,0,0.432993,0
pdraw_wave,vgg16,contrast,2,C:\Users\ramti\Desktop\ramtin legion pc\article_project\data\raw\pdraw_wave\test\healthy\V02HO01.png,0,0.391830,0
pdraw_wave,vgg16,contrast,2,C:\Users\ramti\Desktop\ramtin legion pc\article_project\data\raw\pdraw_wave\test\healthy\V03HO01.png,0,0.404122,0
pdraw_wave,vgg16,contrast,2,C:\Users\ramti\Desktop\ramtin legion pc\article_project\data\raw\pdraw_wave\test\healthy\V04HO01.png,0,0.402983,0
pdraw_wave,vgg16,contrast,2,C:\Users\ramti\Desktop\ramtin legion pc\article_project\data\raw\pdraw_wave\test\healthy\V05HO01.png,0,0.468810,1
pdraw_wave,vgg16,contrast,2,C:\Users\ramti\Desktop\ramtin legion pc\article_project\data\raw\pdraw_wave\test\healthy\V06HO01.png,0,0.397194,0
pdraw_wave,vgg16,contrast,2,C:\Users\ramti\Desktop\ramtin legion pc\article_project\data\raw\pdraw_wave\test\healthy\V07HO01.png,0,0.400050,0
pdraw_wave,vgg16,contrast,2,C:\Users\ramti\Desktop\ramtin legion pc\article_project\data\raw\pdraw_wave\test\healthy\V08HO01.png,0,0.380697,0
pdraw_wave,vgg16,contrast,2,C:\Users\ramti\Desktop\ramtin legion pc\article_project\data\raw\pdraw_wave\test\healthy\V09HO01.png,0,0.391620,0
pdraw_wave,vgg16,contrast,2,C:\Users\ramti\Desktop\ramtin legion pc\article_project\data\raw\pdraw_wave\test\healthy\V10HO01.png,0,0.396822,0
pdraw_wave,vgg16,contrast,2,C:\Users\ramti\Desktop\ramtin legion pc\article_project\data\raw\pdraw_wave\test\healthy\V11HO01.png,0,0.409343,0
pdraw_wave,vgg16,contrast,2,C:\Users\ramti\Desktop\ramtin legion pc\article_project\data\raw\pdraw_wave\test\healthy\V55HO08.png,0,0.385934,0
pdraw_wave,vgg16,contrast,2,C:\Users\ramti\Desktop\ramtin legion pc\article_project\data\raw\pdraw_wave\test\healthy\V55HO09.png,0,0.432769,0
pdraw_wave,vgg16,contrast,2,C:\Users\ramti\Desktop\ramtin legion pc\article_project\data\raw\pdraw_wave\test\healthy\V55HO10.png,0,0.414642,0
pdraw_wave,vgg16,contrast,2,C:\Users\ramti\Desktop\ramtin legion pc\article_project\data\raw\pdraw_wave\test\healthy\V55HO11.png,0,0.431158,0
pdraw_wave,vgg16,contrast,2,C:\Users\ramti\Desktop\ramtin legion pc\article_project\data\raw\pdraw_wave\test\parkinson\V01PO01.png,1,0.437049,0
pdraw_wave,vgg16,contrast,2,C:\Users\ramti\Desktop\ramtin legion pc\article_project\data\raw\pdraw_wave\test\parkinson\V02PO01.png,1,0.523296,1
pdraw_wave,vgg16,contrast,2,C:\Users\ramti\Desktop\ramtin legion pc\article_project\data\raw\pdraw_wave\test\parkinson\V03PO01.png,1,0.485522,1
pdraw_wave,vgg16,contrast,2,C:\Users\ramti\Desktop\ramtin legion pc\article_project\data\raw\pdraw_wave\test\parkinson\V03PO04.png,1,0.517059,1
pdraw_wave,vgg16,contrast,2,C:\Users\ramti\Desktop\ramtin legion pc\article_project\data\raw\pdraw_wave\test\parkinson\V03PO07.png,1,0.507252,1
pdraw_wave,vgg16,contrast,2,C:\Users\ramti\Desktop\ramtin legion pc\article_project\data\raw\pdraw_wave\test\parkinson\V04PO01.png,1,0.497058,1
pdraw_wave,vgg16,contrast,2,C:\Users\ramti\Desktop\ramtin legion pc\article_project\data\raw\pdraw_wave\test\parkinson\V05PO01.png,1,0.527142,1
pdraw_wave,vgg16,contrast,2,C:\Users\ramti\Desktop\ramtin legion pc\article_project\data\raw\pdraw_wave\test\parkinson\V06PO01.png,1,0.471872,1
pdraw_wave,vgg16,contrast,2,C:\Users\ramti\Desktop\ramtin legion pc\article_project\data\raw\pdraw_wave\test\parkinson\V07PO01.png,1,0.549156,1
pdraw_wave,vgg16,contrast,2,C:\Users\ramti\Desktop\ramtin legion pc\article_project\data\raw\pdraw_wave\test\parkinson\V08PO01.png,1,0.365927,0
pdraw_wave,vgg16,contrast,2,C:\Users\ramti\Desktop\ramtin legion pc\article_project\data\raw\pdraw_wave\test\parkinson\V09PO01.png,1,0.517547,1
pdraw_wave,vgg16,contrast,2,C:\Users\ramti\Desktop\ramtin legion pc\article_project\data\raw\pdraw_wave\test\parkinson\V10PO01.png,1,0.449475,0
pdraw_wave,vgg16,contrast,2,C:\Users\ramti\Desktop\ramtin legion pc\article_project\data\raw\pdraw_wave\test\parkinson\V11PO01.png,1,0.411731,0
pdraw_wave,vgg16,contrast,2,C:\Users\ramti\Desktop\ramtin legion pc\article_project\data\raw\pdraw_wave\test\parkinson\V14PO01.png,1,0.512543,1
pdraw_wave,vgg16,contrast,2,C:\Users\ramti\Desktop\ramtin legion pc\article_project\data\raw\pdraw_wave\test\parkinson\V14PO03.png,1,0.499310,1
pdraw_wave,vgg16,contrast,3,C:\Users\ramti\Desktop\ramtin legion pc\article_project\data\raw\pdraw_wave\test\healthy\V01HO01.png,0,0.439247,0
pdraw_wave,vgg16,contrast,3,C:\Users\ramti\Desktop\ramtin legion pc\article_project\data\raw\pdraw_wave\test\healthy\V02HO01.png,0,0.394465,0
pdraw_wave,vgg16,contrast,3,C:\Users\ramti\Desktop\ramtin legion pc\article_project\data\raw\pdraw_wave\test\healthy\V03HO01.png,0,0.411039,0
pdraw_wave,vgg16,contrast,3,C:\Users\ramti\Desktop\ramtin legion pc\article_project\data\raw\pdraw_wave\test\healthy\V04HO01.png,0,0.405050,0
pdraw_wave,vgg16,contrast,3,C:\Users\ramti\Desktop\ramtin legion pc\article_project\data\raw\pdraw_wave\test\healthy\V05HO01.png,0,0.476175,1
pdraw_wave,vgg16,contrast,3,C:\Users\ramti\Desktop\ramtin legion pc\article_project\data\raw\pdraw_wave\test\healthy\V06HO01.png,0,0.398740,0
pdraw_wave,vgg16,contrast,3,C:\Users\ramti\Desktop\ramtin legion pc\article_project\data\raw\pdraw_wave\test\healthy\V07HO01.png,0,0.405220,0
pdraw_wave,vgg16,contrast,3,C:\Users\ramti\Desktop\ramtin legion pc\article_project\data\raw\pdraw_wave\test\healthy\V08HO01.png,0,0.382066,0
pdraw_wave,vgg16,contrast,3,C:\Users\ramti\Desktop\ramtin legion pc\article_project\data\raw\pdraw_wave\test\healthy\V09HO01.png,0,0.393173,0
pdraw_wave,vgg16,contrast,3,C:\Users\ramti\Desktop\ramtin legion pc\article_project\data\raw\pdraw_wave\test\healthy\V10HO01.png,0,0.402965,0
pdraw_wave,vgg16,contrast,3,C:\Users\ramti\Desktop\ramtin legion pc\article_project\data\raw\pdraw_wave\test\healthy\V11HO01.png,0,0.416004,0
pdraw_wave,vgg16,contrast,3,C:\Users\ramti\Desktop\ramtin legion pc\article_project\data\raw\pdraw_wave\test\healthy\V55HO08.png,0,0.388928,0
pdraw_wave,vgg16,contrast,3,C:\Users\ramti\Desktop\ramtin legion pc\article_project\data\raw\pdraw_wave\test\healthy\V55HO09.png,0,0.436479,0
pdraw_wave,vgg16,contrast,3,C:\Users\ramti\Desktop\ramtin legion pc\article_project\data\raw\pdraw_wave\test\healthy\V55HO10.png,0,0.420895,0
pdraw_wave,vgg16,contrast,3,C:\Users\ramti\Desktop\ramtin legion pc\article_project\data\raw\pdraw_wave\test\healthy\V55HO11.png,0,0.437811,0
pdraw_wave,vgg16,contrast,3,C:\Users\ramti\Desktop\ramtin legion pc\article_project\data\raw\pdraw_wave\test\parkinson\V01PO01.png,1,0.444017,0
pdraw_wave,vgg16,contrast,3,C:\Users\ramti\Desktop\ramtin legion pc\article_project\data\raw\pdraw_wave\test\parkinson\V02PO01.png,1,0.534395,1
pdraw_wave,vgg16,contrast,3,C:\Users\ramti\Desktop\ramtin legion pc\article_project\data\raw\pdraw_wave\test\parkinson\V03PO01.png,1,0.485965,1
pdraw_wave,vgg16,contrast,3,C:\Users\ramti\Desktop\ramtin legion pc\article_project\data\raw\pdraw_wave\test\parkinson\V03PO04.png,1,0.518458,1
pdraw_wave,vgg16,contrast,3,C:\Users\ramti\Desktop\ramtin legion pc\article_project\data\raw\pdraw_wave\test\parkinson\V03PO07.png,1,0.509007,1
pdraw_wave,vgg16,contrast,3,C:\Users\ramti\Desktop\ramtin legion pc\article_project\data\raw\pdraw_wave\test\parkinson\V04PO01.png,1,0.500511,1
pdraw_wave,vgg16,contrast,3,C:\Users\ramti\Desktop\ramtin legion pc\article_project\data\raw\pdraw_wave\test\parkinson\V05PO01.png,1,0.530469,1
pdraw_wave,vgg16,contrast,3,C:\Users\ramti\Desktop\ramtin legion pc\article_project\data\raw\pdraw_wave\test\parkinson\V06PO01.png,1,0.475776,1
pdraw_wave,vgg16,contrast,3,C:\Users\ramti\Desktop\ramtin legion pc\article_project\data\raw\pdraw_wave\test\parkinson\V07PO01.png,1,0.554923,1
pdraw_wave,vgg16,contrast,3,C:\Users\ramti\Desktop\ramtin legion pc\article_project\data\raw\pdraw_wave\test\parkinson\V08PO01.png,1,0.368258,0
pdraw_wave,vgg16,contrast,3,C:\Users\ramti\Desktop\ramtin legion pc\article_project\data\raw\pdraw_wave\test\parkinson\V09PO01.png,1,0.521147,1
pdraw_wave,vgg16,contrast,3,C:\Users\ramti\Desktop\ramtin legion pc\article_project\data\raw\pdraw_wave\test\parkinson\V10PO01.png,1,0.454130,1
pdraw_wave,vgg16,contrast,3,C:\Users\ramti\Desktop\ramtin legion pc\article_project\data\raw\pdraw_wave\test\parkinson\V11PO01.png,1,0.412372,0
pdraw_wave,vgg16,contrast,3,C:\Users\ramti\Desktop\ramtin legion pc\article_project\data\raw\pdraw_wave\test\parkinson\V14PO01.png,1,0.516174,1
pdraw_wave,vgg16,contrast,3,C:\Users\ramti\Desktop\ramtin legion pc\article_project\data\raw\pdraw_wave\test\parkinson\V14PO03.png,1,0.501839,1
pdraw_wave,vgg16,contrast,4,C:\Users\ramti\Desktop\ramtin legion pc\article_project\data\raw\pdraw_wave\test\healthy\V01HO01.png,0,0.450677,1
pdraw_wave,vgg16,contrast,4,C:\Users\ramti\Desktop\ramtin legion pc\article_project\data\raw\pdraw_wave\test\healthy\V02HO01.png,0,0.404818,0
pdraw_wave,vgg16,contrast,4,C:\Users\ramti\Desktop\ramtin legion pc\article_project\data\raw\pdraw_wave\test\healthy\V03HO01.png,0,0.422070,0
pdraw_wave,vgg16,contrast,4,C:\Users\ramti\Desktop\ramtin legion pc\article_project\data\raw\pdraw_wave\test\healthy\V04HO01.png,0,0.406887,0
pdraw_wave,vgg16,contrast,4,C:\Users\ramti\Desktop\ramtin legion pc\article_project\data\raw\pdraw_wave\test\healthy\V05HO01.png,0,0.491199,1
pdraw_wave,vgg16,contrast,4,C:\Users\ramti\Desktop\ramtin legion pc\article_project\data\raw\pdraw_wave\test\healthy\V06HO01.png,0,0.399002,0
pdraw_wave,vgg16,contrast,4,C:\Users\ramti\Desktop\ramtin legion pc\article_project\data\raw\pdraw_wave\test\healthy\V07HO01.png,0,0.415820,0
pdraw_wave,vgg16,contrast,4,C:\Users\ramti\Desktop\ramtin legion pc\article_project\data\raw\pdraw_wave\test\healthy\V08HO01.png,0,0.386260,0
pdraw_wave,vgg16,contrast,4,C:\Users\ramti\Desktop\ramtin legion pc\article_project\data\raw\pdraw_wave\test\healthy\V09HO01.png,0,0.389624,0
pdraw_wave,vgg16,contrast,4,C:\Users\ramti\Desktop\ramtin legion pc\article_project\data\raw\pdraw_wave\test\healthy\V10HO01.png,0,0.417944,0
pdraw_wave,vgg16,contrast,4,C:\Users\ramti\Desktop\ramtin legion pc\article_project\data\raw\pdraw_wave\test\healthy\V11HO01.png,0,0.420705,0
pdraw_wave,vgg16,contrast,4,C:\Users\ramti\Desktop\ramtin legion pc\article_project\data\raw\pdraw_wave\test\healthy\V55HO08.png,0,0.390147,0
pdraw_wave,vgg16,contrast,4,C:\Users\ramti\Desktop\ramtin legion pc\article_project\data\raw\pdraw_wave\test\healthy\V55HO09.png,0,0.447256,0
pdraw_wave,vgg16,contrast,4,C:\Users\ramti\Desktop\ramtin legion pc\article_project\data\raw\pdraw_wave\test\healthy\V55HO10.png,0,0.432467,0
pdraw_wave,vgg16,contrast,4,C:\Users\ramti\Desktop\ramtin legion pc\article_project\data\raw\pdraw_wave\test\healthy\V55HO11.png,0,0.453249,1
pdraw_wave,vgg16,contrast,4,C:\Users\ramti\Desktop\ramtin legion pc\article_project\data\raw\pdraw_wave\test\parkinson\V01PO01.png,1,0.462577,1
pdraw_wave,vgg16,contrast,4,C:\Users\ramti\Desktop\ramtin legion pc\article_project\data\raw\pdraw_wave\test\parkinson\V02PO01.png,1,0.556090,1
pdraw_wave,vgg16,contrast,4,C:\Users\ramti\Desktop\ramtin legion pc\article_project\data\raw\pdraw_wave\test\parkinson\V03PO01.png,1,0.484220,1
pdraw_wave,vgg16,contrast,4,C:\Users\ramti\Desktop\ramtin legion pc\article_project\data\raw\pdraw_wave\test\parkinson\V03PO04.png,1,0.522992,1
pdraw_wave,vgg16,contrast,4,C:\Users\ramti\Desktop\ramtin legion pc\article_project\data\raw\pdraw_wave\test\parkinson\V03PO07.png,1,0.510211,1
pdraw_wave,vgg16,contrast,4,C:\Users\ramti\Desktop\ramtin legion pc\article_project\data\raw\pdraw_wave\test\parkinson\V04PO01.png,1,0.507171,1
pdraw_wave,vgg16,contrast,4,C:\Users\ramti\Desktop\ramtin legion pc\article_project\data\raw\pdraw_wave\test\parkinson\V05PO01.png,1,0.538091,1
pdraw_wave,vgg16,contrast,4,C:\Users\ramti\Desktop\ramtin legion pc\article_project\data\raw\pdraw_wave\test\parkinson\V06PO01.png,1,0.483522,1
pdraw_wave,vgg16,contrast,4,C:\Users\ramti\Desktop\ramtin legion pc\article_project\data\raw\pdraw_wave\test\parkinson\V07PO01.png,1,0.567453,1
pdraw_wave,vgg16,contrast,4,C:\Users\ramti\Desktop\ramtin legion pc\article_project\data\raw\pdraw_wave\test\parkinson\V08PO01.png,1,0.370765,0
pdraw_wave,vgg16,contrast,4,C:\Users\ramti\Desktop\ramtin legion pc\article_project\data\raw\pdraw_wave\test\parkinson\V09PO01.png,1,0.531657,1
pdraw_wave,vgg16,contrast,4,C:\Users\ramti\Desktop\ramtin legion pc\article_project\data\raw\pdraw_wave\test\parkinson\V10PO01.png,1,0.469055,1
pdraw_wave,vgg16,contrast,4,C:\Users\ramti\Desktop\ramtin legion pc\article_project\data\raw\pdraw_wave\test\parkinson\V11PO01.png,1,0.420968,0
pdraw_wave,vgg16,contrast,4,C:\Users\ramti\Desktop\ramtin legion pc\article_project\data\raw\pdraw_wave\test\parkinson\V14PO01.png,1,0.525388,1
pdraw_wave,vgg16,contrast,4,C:\Users\ramti\Desktop\ramtin legion pc\article_project\data\raw\pdraw_wave\test\parkinson\V14PO03.png,1,0.504711,1
pdraw_wave,vgg16,contrast,5,C:\Users\ramti\Desktop\ramtin legion pc\article_project\data\raw\pdraw_wave\test\healthy\V01HO01.png,0,0.452101,1
pdraw_wave,vgg16,contrast,5,C:\Users\ramti\Desktop\ramtin legion pc\article_project\data\raw\pdraw_wave\test\healthy\V02HO01.png,0,0.407306,0
pdraw_wave,vgg16,contrast,5,C:\Users\ramti\Desktop\ramtin legion pc\article_project\data\raw\pdraw_wave\test\healthy\V03HO01.png,0,0.427503,0
pdraw_wave,vgg16,contrast,5,C:\Users\ramti\Desktop\ramtin legion pc\article_project\data\raw\pdraw_wave\test\healthy\V04HO01.png,0,0.411626,0
pdraw_wave,vgg16,contrast,5,C:\Users\ramti\Desktop\ramtin legion pc\article_project\data\raw\pdraw_wave\test\healthy\V05HO01.png,0,0.495257,1
pdraw_wave,vgg16,contrast,5,C:\Users\ramti\Desktop\ramtin legion pc\article_project\data\raw\pdraw_wave\test\healthy\V06HO01.png,0,0.400535,0
pdraw_wave,vgg16,contrast,5,C:\Users\ramti\Desktop\ramtin legion pc\article_project\data\raw\pdraw_wave\test\healthy\V07HO01.png,0,0.418984,0
pdraw_wave,vgg16,contrast,5,C:\Users\ramti\Desktop\ramtin legion pc\article_project\data\raw\pdraw_wave\test\healthy\V08HO01.png,0,0.389463,0
pdraw_wave,vgg16,contrast,5,C:\Users\ramti\Desktop\ramtin legion pc\article_project\data\raw\pdraw_wave\test\healthy\V09HO01.png,0,0.389733,0
pdraw_wave,vgg16,contrast,5,C:\Users\ramti\Desktop\ramtin legion pc\article_project\data\raw\pdraw_wave\test\healthy\V10HO01.png,0,0.420959,0
pdraw_wave,vgg16,contrast,5,C:\Users\ramti\Desktop\ramtin legion pc\article_project\data\raw\pdraw_wave\test\healthy\V11HO01.png,0,0.421881,0
pdraw_wave,vgg16,contrast,5,C:\Users\ramti\Desktop\ramtin legion pc\article_project\data\raw\pdraw_wave\test\healthy\V55HO08.png,0,0.390788,0
pdraw_wave,vgg16,contrast,5,C:\Users\ramti\Desktop\ramtin legion pc\article_project\data\raw\pdraw_wave\test\healthy\V55HO09.png,0,0.453554,1
pdraw_wave,vgg16,contrast,5,C:\Users\ramti\Desktop\ramtin legion pc\article_project\data\raw\pdraw_wave\test\healthy\V55HO10.png,0,0.439022,0
pdraw_wave,vgg16,contrast,5,C:\Users\ramti\Desktop\ramtin legion pc\article_project\data\raw\pdraw_wave\test\healthy\V55HO11.png,0,0.455473,1
pdraw_wave,vgg16,contrast,5,C:\Users\ramti\Desktop\ramtin legion pc\article_project\data\raw\pdraw_wave\test\parkinson\V01PO01.png,1,0.469302,1
pdraw_wave,vgg16,contrast,5,C:\Users\ramti\Desktop\ramtin legion pc\article_project\data\raw\pdraw_wave\test\parkinson\V02PO01.png,1,0.561577,1
pdraw_wave,vgg16,contrast,5,C:\Users\ramti\Desktop\ramtin legion pc\article_project\data\raw\pdraw_wave\test\parkinson\V03PO01.png,1,0.481511,1
pdraw_wave,vgg16,contrast,5,C:\Users\ramti\Desktop\ramtin legion pc\article_project\data\raw\pdraw_wave\test\parkinson\V03PO04.png,1,0.523016,1
pdraw_wave,vgg16,contrast,5,C:\Users\ramti\Desktop\ramtin legion pc\article_project\data\raw\pdraw_wave\test\parkinson\V03PO07.png,1,0.511909,1
pdraw_wave,vgg16,contrast,5,C:\Users\ramti\Desktop\ramtin legion pc\article_project\data\raw\pdraw_wave\test\parkinson\V04PO01.png,1,0.507878,1
pdraw_wave,vgg16,contrast,5,C:\Users\ramti\Desktop\ramtin legion pc\article_project\data\raw\pdraw_wave\test\parkinson\V05PO01.png,1,0.538972,1
pdraw_wave,vgg16,contrast,5,C:\Users\ramti\Desktop\ramtin legion pc\article_project\data\raw\pdraw_wave\test\parkinson\V06PO01.png,1,0.487410,1
pdraw_wave,vgg16,contrast,5,C:\Users\ramti\Desktop\ramtin legion pc\article_project\data\raw\pdraw_wave\test\parkinson\V07PO01.png,1,0.569883,1
pdraw_wave,vgg16,contrast,5,C:\Users\ramti\Desktop\ramtin legion pc\article_project\data\raw\pdraw_wave\test\parkinson\V08PO01.png,1,0.368533,0
pdraw_wave,vgg16,contrast,5,C:\Users\ramti\Desktop\ramtin legion pc\article_project\data\raw\pdraw_wave\test\parkinson\V09PO01.png,1,0.536259,1
pdraw_wave,vgg16,contrast,5,C:\Users\ramti\Desktop\ramtin legion pc\article_project\data\raw\pdraw_wave\test\parkinson\V10PO01.png,1,0.475307,1
pdraw_wave,vgg16,contrast,5,C:\Users\ramti\Desktop\ramtin legion pc\article_project\data\raw\pdraw_wave\test\parkinson\V11PO01.png,1,0.423821,0
pdraw_wave,vgg16,contrast,5,C:\Users\ramti\Desktop\ramtin legion pc\article_project\data\raw\pdraw_wave\test\parkinson\V14PO01.png,1,0.527513,1
pdraw_wave,vgg16,contrast,5,C:\Users\ramti\Desktop\ramtin legion pc\article_project\data\raw\pdraw_wave\test\parkinson\V14PO03.png,1,0.502568,1
pdraw_wave,vgg16,brightness,1,C:\Users\ramti\Desktop\ramtin legion pc\article_project\data\raw\pdraw_wave\test\healthy\V01HO01.png,0,0.440641,0
pdraw_wave,vgg16,brightness,1,C:\Users\ramti\Desktop\ramtin legion pc\article_project\data\raw\pdraw_wave\test\healthy\V02HO01.png,0,0.402526,0
pdraw_wave,vgg16,brightness,1,C:\Users\ramti\Desktop\ramtin legion pc\article_project\data\raw\pdraw_wave\test\healthy\V03HO01.png,0,0.416420,0
pdraw_wave,vgg16,brightness,1,C:\Users\ramti\Desktop\ramtin legion pc\article_project\data\raw\pdraw_wave\test\healthy\V04HO01.png,0,0.427960,0
pdraw_wave,vgg16,brightness,1,C:\Users\ramti\Desktop\ramtin legion pc\article_project\data\raw\pdraw_wave\test\healthy\V05HO01.png,0,0.456220,1
pdraw_wave,vgg16,brightness,1,C:\Users\ramti\Desktop\ramtin legion pc\article_project\data\raw\pdraw_wave\test\healthy\V06HO01.png,0,0.398767,0
pdraw_wave,vgg16,brightness,1,C:\Users\ramti\Desktop\ramtin legion pc\article_project\data\raw\pdraw_wave\test\healthy\V07HO01.png,0,0.424488,0
pdraw_wave,vgg16,brightness,1,C:\Users\ramti\Desktop\ramtin legion pc\article_project\data\raw\pdraw_wave\test\healthy\V08HO01.png,0,0.379746,0
pdraw_wave,vgg16,brightness,1,C:\Users\ramti\Desktop\ramtin legion pc\article_project\data\raw\pdraw_wave\test\healthy\V09HO01.png,0,0.413961,0
pdraw_wave,vgg16,brightness,1,C:\Users\ramti\Desktop\ramtin legion pc\article_project\data\raw\pdraw_wave\test\healthy\V10HO01.png,0,0.402481,0
pdraw_wave,vgg16,brightness,1,C:\Users\ramti\Desktop\ramtin legion pc\article_project\data\raw\pdraw_wave\test\healthy\V11HO01.png,0,0.412406,0
pdraw_wave,vgg16,brightness,1,C:\Users\ramti\Desktop\ramtin legion pc\article_project\data\raw\pdraw_wave\test\healthy\V55HO08.png,0,0.396340,0
pdraw_wave,vgg16,brightness,1,C:\Users\ramti\Desktop\ramtin legion pc\article_project\data\raw\pdraw_wave\test\healthy\V55HO09.png,0,0.456699,1
pdraw_wave,vgg16,brightness,1,C:\Users\ramti\Desktop\ramtin legion pc\article_project\data\raw\pdraw_wave\test\healthy\V55HO10.png,0,0.415192,0
pdraw_wave,vgg16,brightness,1,C:\Users\ramti\Desktop\ramtin legion pc\article_project\data\raw\pdraw_wave\test\healthy\V55HO11.png,0,0.449625,0
pdraw_wave,vgg16,brightness,1,C:\Users\ramti\Desktop\ramtin legion pc\article_project\data\raw\pdraw_wave\test\parkinson\V01PO01.png,1,0.455448,1
pdraw_wave,vgg16,brightness,1,C:\Users\ramti\Desktop\ramtin legion pc\article_project\data\raw\pdraw_wave\test\parkinson\V02PO01.png,1,0.496661,1
pdraw_wave,vgg16,brightness,1,C:\Users\ramti\Desktop\ramtin legion pc\article_project\data\raw\pdraw_wave\test\parkinson\V03PO01.png,1,0.485264,1
pdraw_wave,vgg16,brightness,1,C:\Users\ramti\Desktop\ramtin legion pc\article_project\data\raw\pdraw_wave\test\parkinson\V03PO04.png,1,0.510453,1
pdraw_wave,vgg16,brightness,1,C:\Users\ramti\Desktop\ramtin legion pc\article_project\data\raw\pdraw_wave\test\parkinson\V03PO07.png,1,0.494925,1
pdraw_wave,vgg16,brightness,1,C:\Users\ramti\Desktop\ramtin legion pc\article_project\data\raw\pdraw_wave\test\parkinson\V04PO01.png,1,0.493124,1
pdraw_wave,vgg16,brightness,1,C:\Users\ramti\Desktop\ramtin legion pc\article_project\data\raw\pdraw_wave\test\parkinson\V05PO01.png,1,0.513932,1
pdraw_wave,vgg16,brightness,1,C:\Users\ramti\Desktop\ramtin legion pc\article_project\data\raw\pdraw_wave\test\parkinson\V06PO01.png,1,0.475647,1
pdraw_wave,vgg16,brightness,1,C:\Users\ramti\Desktop\ramtin legion pc\article_project\data\raw\pdraw_wave\test\parkinson\V07PO01.png,1,0.541309,1
pdraw_wave,vgg16,brightness,1,C:\Users\ramti\Desktop\ramtin legion pc\article_project\data\raw\pdraw_wave\test\parkinson\V08PO01.png,1,0.369856,0
pdraw_wave,vgg16,brightness,1,C:\Users\ramti\Desktop\ramtin legion pc\article_project\data\raw\pdraw_wave\test\parkinson\V09PO01.png,1,0.504345,1
pdraw_wave,vgg16,brightness,1,C:\Users\ramti\Desktop\ramtin legion pc\article_project\data\raw\pdraw_wave\test\parkinson\V10PO01.png,1,0.464569,1
pdraw_wave,vgg16,brightness,1,C:\Users\ramti\Desktop\ramtin legion pc\article_project\data\raw\pdraw_wave\test\parkinson\V11PO01.png,1,0.423169,0
pdraw_wave,vgg16,brightness,1,C:\Users\ramti\Desktop\ramtin legion pc\article_project\data\raw\pdraw_wave\test\parkinson\V14PO01.png,1,0.503585,1
pdraw_wave,vgg16,brightness,1,C:\Users\ramti\Desktop\ramtin legion pc\article_project\data\raw\pdraw_wave\test\parkinson\V14PO03.png,1,0.494926,1
pdraw_wave,vgg16,brightness,2,C:\Users\ramti\Desktop\ramtin legion pc\article_project\data\raw\pdraw_wave\test\healthy\V01HO01.png,0,0.442381,0
pdraw_wave,vgg16,brightness,2,C:\Users\ramti\Desktop\ramtin legion pc\article_project\data\raw\pdraw_wave\test\healthy\V02HO01.png,0,0.400642,0
pdraw_wave,vgg16,brightness,2,C:\Users\ramti\Desktop\ramtin legion pc\article_project\data\raw\pdraw_wave\test\healthy\V03HO01.png,0,0.420419,0
pdraw_wave,vgg16,brightness,2,C:\Users\ramti\Desktop\ramtin legion pc\article_project\data\raw\pdraw_wave\test\healthy\V04HO01.png,0,0.429961,0
pdraw_wave,vgg16,brightness,2,C:\Users\ramti\Desktop\ramtin legion pc\article_project\data\raw\pdraw_wave\test\healthy\V05HO01.png,0,0.463961,1
pdraw_wave,vgg16,brightness,2,C:\Users\ramti\Desktop\ramtin legion pc\article_project\data\raw\pdraw_wave\test\healthy\V06HO01.png,0,0.395783,0
pdraw_wave,vgg16,brightness,2,C:\Users\ramti\Desktop\ramtin legion pc\article_project\data\raw\pdraw_wave\test\healthy\V07HO01.png,0,0.425990,0
pdraw_wave,vgg16,brightness,2,C:\Users\ramti\Desktop\ramtin legion pc\article_project\data\raw\pdraw_wave\test\healthy\V08HO01.png,0,0.381191,0
pdraw_wave,vgg16,brightness,2,C:\Users\ramti\Desktop\ramtin legion pc\article_project\data\raw\pdraw_wave\test\healthy\V09HO01.png,0,0.408612,0
pdraw_wave,vgg16,brightness,2,C:\Users\ramti\Desktop\ramtin legion pc\article_project\data\raw\pdraw_wave\test\healthy\V10HO01.png,0,0.407018,0
pdraw_wave,vgg16,brightness,2,C:\Users\ramti\Desktop\ramtin legion pc\article_project\data\raw\pdraw_wave\test\healthy\V11HO01.png,0,0.416470,0
pdraw_wave,vgg16,brightness,2,C:\Users\ramti\Desktop\ramtin legion pc\article_project\data\raw\pdraw_wave\test\healthy\V55HO08.png,0,0.400862,0
pdraw_wave,vgg16,brightness,2,C:\Users\ramti\Desktop\ramtin legion pc\article_project\data\raw\pdraw_wave\test\healthy\V55HO09.png,0,0.457058,1
pdraw_wave,vgg16,brightness,2,C:\Users\ramti\Desktop\ramtin legion pc\article_project\data\raw\pdraw_wave\test\healthy\V55HO10.png,0,0.424564,0
pdraw_wave,vgg16,brightness,2,C:\Users\ramti\Desktop\ramtin legion pc\article_project\data\raw\pdraw_wave\test\healthy\V55HO11.png,0,0.454116,1
pdraw_wave,vgg16,brightness,2,C:\Users\ramti\Desktop\ramtin legion pc\article_project\data\raw\pdraw_wave\test\parkinson\V01PO01.png,1,0.461330,1
pdraw_wave,vgg16,brightness,2,C:\Users\ramti\Desktop\ramtin legion pc\article_project\data\raw\pdraw_wave\test\parkinson\V02PO01.png,1,0.505088,1
pdraw_wave,vgg16,brightness,2,C:\Users\ramti\Desktop\ramtin legion pc\article_project\data\raw\pdraw_wave\test\parkinson\V03PO01.png,1,0.486409,1
pdraw_wave,vgg16,brightness,2,C:\Users\ramti\Desktop\ramtin legion pc\article_project\data\raw\pdraw_wave\test\parkinson\V03PO04.png,1,0.516915,1
pdraw_wave,vgg16,brightness,2,C:\Users\ramti\Desktop\ramtin legion pc\article_project\data\raw\pdraw_wave\test\parkinson\V03PO07.png,1,0.496516,1
pdraw_wave,vgg16,brightness,2,C:\Users\ramti\Desktop\ramtin legion pc\article_project\data\raw\pdraw_wave\test\parkinson\V04PO01.png,1,0.502836,1
pdraw_wave,vgg16,brightness,2,C:\Users\ramti\Desktop\ramtin legion pc\article_project\data\raw\pdraw_wave\test\parkinson\V05PO01.png,1,0.522264,1
pdraw_wave,vgg16,brightness,2,C:\Users\ramti\Desktop\ramtin legion pc\article_project\data\raw\pdraw_wave\test\parkinson\V06PO01.png,1,0.487799,1
pdraw_wave,vgg16,brightness,2,C:\Users\ramti\Desktop\ramtin legion pc\article_project\data\raw\pdraw_wave\test\parkinson\V07PO01.png,1,0.554476,1
pdraw_wave,vgg16,brightness,2,C:\Users\ramti\Desktop\ramtin legion pc\article_project\data\raw\pdraw_wave\test\parkinson\V08PO01.png,1,0.369232,0
pdraw_wave,vgg16,brightness,2,C:\Users\ramti\Desktop\ramtin legion pc\article_project\data\raw\pdraw_wave\test\parkinson\V09PO01.png,1,0.511192,1
pdraw_wave,vgg16,brightness,2,C:\Users\ramti\Desktop\ramtin legion pc\article_project\data\raw\pdraw_wave\test\parkinson\V10PO01.png,1,0.469451,1
pdraw_wave,vgg16,brightness,2,C:\Users\ramti\Desktop\ramtin legion pc\article_project\data\raw\pdraw_wave\test\parkinson\V11PO01.png,1,0.426856,0
pdraw_wave,vgg16,brightness,2,C:\Users\ramti\Desktop\ramtin legion pc\article_project\data\raw\pdraw_wave\test\parkinson\V14PO01.png,1,0.508770,1
pdraw_wave,vgg16,brightness,2,C:\Users\ramti\Desktop\ramtin legion pc\article_project\data\raw\pdraw_wave\test\parkinson\V14PO03.png,1,0.494583,1
pdraw_wave,vgg16,brightness,3,C:\Users\ramti\Desktop\ramtin legion pc\article_project\data\raw\pdraw_wave\test\healthy\V01HO01.png,0,0.443794,0
pdraw_wave,vgg16,brightness,3,C:\Users\ramti\Desktop\ramtin legion pc\article_project\data\raw\pdraw_wave\test\healthy\V02HO01.png,0,0.397037,0
pdraw_wave,vgg16,brightness,3,C:\Users\ramti\Desktop\ramtin legion pc\article_project\data\raw\pdraw_wave\test\healthy\V03HO01.png,0,0.419619,0
pdraw_wave,vgg16,brightness,3,C:\Users\ramti\Desktop\ramtin legion pc\article_project\data\raw\pdraw_wave\test\healthy\V04HO01.png,0,0.427555,0
pdraw_wave,vgg16,brightness,3,C:\Users\ramti\Desktop\ramtin legion pc\article_project\data\raw\pdraw_wave\test\healthy\V05HO01.png,0,0.469855,1
pdraw_wave,vgg16,brightness,3,C:\Users\ramti\Desktop\ramtin legion pc\article_project\data\raw\pdraw_wave\test\healthy\V06HO01.png,0,0.395015,0
pdraw_wave,vgg16,brightness,3,C:\Users\ramti\Desktop\ramtin legion pc\article_project\data\raw\pdraw_wave\test\healthy\V07HO01.png,0,0.422829,0
pdraw_wave,vgg16,brightness,3,C:\Users\ramti\Desktop\ramtin legion pc\article_project\data\raw\pdraw_wave\test\healthy\V08HO01.png,0,0.381037,0
pdraw_wave,vgg16,brightness,3,C:\Users\ramti\Desktop\ramtin legion pc\article_project\data\raw\pdraw_wave\test\healthy\V09HO01.png,0,0.408769,0
pdraw_wave,vgg16,brightness,3,C:\Users\ramti\Desktop\ramtin legion pc\article_project\data\raw\pdraw_wave\test\healthy\V10HO01.png,0,0.406096,0
pdraw_wave,vgg16,brightness,3,C:\Users\ramti\Desktop\ramtin legion pc\article_project\data\raw\pdraw_wave\test\healthy\V11HO01.png,0,0.416332,0
pdraw_wave,vgg16,brightness,3,C:\Users\ramti\Desktop\ramtin legion pc\article_project\data\raw\pdraw_wave\test\healthy\V55HO08.png,0,0.393481,0
pdraw_wave,vgg16,brightness,3,C:\Users\ramti\Desktop\ramtin legion pc\article_project\data\raw\pdraw_wave\test\healthy\V55HO09.png,0,0.452760,1
pdraw_wave,vgg16,brightness,3,C:\Users\ramti\Desktop\ramtin legion pc\article_project\data\raw\pdraw_wave\test\healthy\V55HO10.png,0,0.423641,0
pdraw_wave,vgg16,brightness,3,C:\Users\ramti\Desktop\ramtin legion pc\article_project\data\raw\pdraw_wave\test\healthy\V55HO11.png,0,0.451509,1
pdraw_wave,vgg16,brightness,3,C:\Users\ramti\Desktop\ramtin legion pc\article_project\data\raw\pdraw_wave\test\parkinson\V01PO01.png,1,0.462386,1
pdraw_wave,vgg16,brightness,3,C:\Users\ramti\Desktop\ramtin legion pc\article_project\data\raw\pdraw_wave\test\parkinson\V02PO01.png,1,0.521780,1
pdraw_wave,vgg16,brightness,3,C:\Users\ramti\Desktop\ramtin legion pc\article_project\data\raw\pdraw_wave\test\parkinson\V03PO01.png,1,0.488639,1
pdraw_wave,vgg16,brightness,3,C:\Users\ramti\Desktop\ramtin legion pc\article_project\data\raw\pdraw_wave\test\parkinson\V03PO04.png,1,0.522565,1
pdraw_wave,vgg16,brightness,3,C:\Users\ramti\Desktop\ramtin legion pc\article_project\data\raw\pdraw_wave\test\parkinson\V03PO07.png,1,0.498640,1
pdraw_wave,vgg16,brightness,3,C:\Users\ramti\Desktop\ramtin legion pc\article_project\data\raw\pdraw_wave\test\parkinson\V04PO01.png,1,0.506871,1
pdraw_wave,vgg16,brightness,3,C:\Users\ramti\Desktop\ramtin legion pc\article_project\data\raw\pdraw_wave\test\parkinson\V05PO01.png,1,0.528627,1
pdraw_wave,vgg16,brightness,3,C:\Users\ramti\Desktop\ramtin legion pc\article_project\data\raw\pdraw_wave\test\parkinson\V06PO01.png,1,0.493462,1
pdraw_wave,vgg16,brightness,3,C:\Users\ramti\Desktop\ramtin legion pc\article_project\data\raw\pdraw_wave\test\parkinson\V07PO01.png,1,0.563706,1
pdraw_wave,vgg16,brightness,3,C:\Users\ramti\Desktop\ramtin legion pc\article_project\data\raw\pdraw_wave\test\parkinson\V08PO01.png,1,0.370918,0
pdraw_wave,vgg16,brightness,3,C:\Users\ramti\Desktop\ramtin legion pc\article_project\data\raw\pdraw_wave\test\parkinson\V09PO01.png,1,0.519148,1
pdraw_wave,vgg16,brightness,3,C:\Users\ramti\Desktop\ramtin legion pc\article_project\data\raw\pdraw_wave\test\parkinson\V10PO01.png,1,0.467532,1
pdraw_wave,vgg16,brightness,3,C:\Users\ramti\Desktop\ramtin legion pc\article_project\data\raw\pdraw_wave\test\parkinson\V11PO01.png,1,0.424034,0
pdraw_wave,vgg16,brightness,3,C:\Users\ramti\Desktop\ramtin legion pc\article_project\data\raw\pdraw_wave\test\parkinson\V14PO01.png,1,0.515144,1
pdraw_wave,vgg16,brightness,3,C:\Users\ramti\Desktop\ramtin legion pc\article_project\data\raw\pdraw_wave\test\parkinson\V14PO03.png,1,0.499824,1
pdraw_wave,vgg16,brightness,4,C:\Users\ramti\Desktop\ramtin legion pc\article_project\data\raw\pdraw_wave\test\healthy\V01HO01.png,0,0.452071,1
pdraw_wave,vgg16,brightness,4,C:\Users\ramti\Desktop\ramtin legion pc\article_project\data\raw\pdraw_wave\test\healthy\V02HO01.png,0,0.448995,0
pdraw_wave,vgg16,brightness,4,C:\Users\ramti\Desktop\ramtin legion pc\article_project\data\raw\pdraw_wave\test\healthy\V03HO01.png,0,0.455215,1
pdraw_wave,vgg16,brightness,4,C:\Users\ramti\Desktop\ramtin legion pc\article_project\data\raw\pdraw_wave\test\healthy\V04HO01.png,0,0.438005,0
pdraw_wave,vgg16,brightness,4,C:\Users\ramti\Desktop\ramtin legion pc\article_project\data\raw\pdraw_wave\test\healthy\V05HO01.png,0,0.458919,1
pdraw_wave,vgg16,brightness,4,C:\Users\ramti\Desktop\ramtin legion pc\article_project\data\raw\pdraw_wave\test\healthy\V06HO01.png,0,0.433764,0
pdraw_wave,vgg16,brightness,4,C:\Users\ramti\Desktop\ramtin legion pc\article_project\data\raw\pdraw_wave\test\healthy\V07HO01.png,0,0.425971,0
pdraw_wave,vgg16,brightness,4,C:\Users\ramti\Desktop\ramtin legion pc\article_project\data\raw\pdraw_wave\test\healthy\V08HO01.png,0,0.402892,0
pdraw_wave,vgg16,brightness,4,C:\Users\ramti\Desktop\ramtin legion pc\article_project\data\raw\pdraw_wave\test\healthy\V09HO01.png,0,0.436048,0
pdraw_wave,vgg16,brightness,4,C:\Users\ramti\Desktop\ramtin legion pc\article_project\data\raw\pdraw_wave\test\healthy\V10HO01.png,0,0.425299,0
pdraw_wave,vgg16,brightness,4,C:\Users\ramti\Desktop\ramtin legion pc\article_project\data\raw\pdraw_wave\test\healthy\V11HO01.png,0,0.430051,0
pdraw_wave,vgg16,brightness,4,C:\Users\ramti\Desktop\ramtin legion pc\article_project\data\raw\pdraw_wave\test\healthy\V55HO08.png,0,0.420646,0
pdraw_wave,vgg16,brightness,4,C:\Users\ramti\Desktop\ramtin legion pc\article_project\data\raw\pdraw_wave\test\healthy\V55HO09.png,0,0.449246,0
pdraw_wave,vgg16,brightness,4,C:\Users\ramti\Desktop\ramtin legion pc\article_project\data\raw\pdraw_wave\test\healthy\V55HO10.png,0,0.446941,0
pdraw_wave,vgg16,brightness,4,C:\Users\ramti\Desktop\ramtin legion pc\article_project\data\raw\pdraw_wave\test\healthy\V55HO11.png,0,0.448039,0
pdraw_wave,vgg16,brightness,4,C:\Users\ramti\Desktop\ramtin legion pc\article_project\data\raw\pdraw_wave\test\parkinson\V01PO01.png,1,0.442216,0
pdraw_wave,vgg16,brightness,4,C:\Users\ramti\Desktop\ramtin legion pc\article_project\data\raw\pdraw_wave\test\parkinson\V02PO01.png,1,0.472921,1
pdraw_wave,vgg16,brightness,4,C:\Users\ramti\Desktop\ramtin legion pc\article_project\data\raw\pdraw_wave\test\parkinson\V03PO01.png,1,0.465321,1
pdraw_wave,vgg16,brightness,4,C:\Users\ramti\Desktop\ramtin legion pc\article_project\data\raw\pdraw_wave\test\parkinson\V03PO04.png,1,0.473476,1
pdraw_wave,vgg16,brightness,4,C:\Users\ramti\Desktop\ramtin legion pc\article_project\data\raw\pdraw_wave\test\parkinson\V03PO07.png,1,0.461810,1
pdraw_wave,vgg16,brightness,4,C:\Users\ramti\Desktop\ramtin legion pc\article_project\data\raw\pdraw_wave\test\parkinson\V04PO01.png,1,0.480493,1
pdraw_wave,vgg16,brightness,4,C:\Users\ramti\Desktop\ramtin legion pc\article_project\data\raw\pdraw_wave\test\parkinson\V05PO01.png,1,0.492108,1
pdraw_wave,vgg16,brightness,4,C:\Users\ramti\Desktop\ramtin legion pc\article_project\data\raw\pdraw_wave\test\parkinson\V06PO01.png,1,0.458573,1
pdraw_wave,vgg16,brightness,4,C:\Users\ramti\Desktop\ramtin legion pc\article_project\data\raw\pdraw_wave\test\parkinson\V07PO01.png,1,0.496424,1
pdraw_wave,vgg16,brightness,4,C:\Users\ramti\Desktop\ramtin legion pc\article_project\data\raw\pdraw_wave\test\parkinson\V08PO01.png,1,0.406955,0
pdraw_wave,vgg16,brightness,4,C:\Users\ramti\Desktop\ramtin legion pc\article_project\data\raw\pdraw_wave\test\parkinson\V09PO01.png,1,0.471168,1
pdraw_wave,vgg16,brightness,4,C:\Users\ramti\Desktop\ramtin legion pc\article_project\data\raw\pdraw_wave\test\parkinson\V10PO01.png,1,0.430420,0
pdraw_wave,vgg16,brightness,4,C:\Users\ramti\Desktop\ramtin legion pc\article_project\data\raw\pdraw_wave\test\parkinson\V11PO01.png,1,0.433739,0
pdraw_wave,vgg16,brightness,4,C:\Users\ramti\Desktop\ramtin legion pc\article_project\data\raw\pdraw_wave\test\parkinson\V14PO01.png,1,0.494882,1
pdraw_wave,vgg16,brightness,4,C:\Users\ramti\Desktop\ramtin legion pc\article_project\data\raw\pdraw_wave\test\parkinson\V14PO03.png,1,0.490904,1
pdraw_wave,vgg16,brightness,5,C:\Users\ramti\Desktop\ramtin legion pc\article_project\data\raw\pdraw_wave\test\healthy\V01HO01.png,0,0.454451,1
pdraw_wave,vgg16,brightness,5,C:\Users\ramti\Desktop\ramtin legion pc\article_project\data\raw\pdraw_wave\test\healthy\V02HO01.png,0,0.448072,0
pdraw_wave,vgg16,brightness,5,C:\Users\ramti\Desktop\ramtin legion pc\article_project\data\raw\pdraw_wave\test\healthy\V03HO01.png,0,0.457222,1
pdraw_wave,vgg16,brightness,5,C:\Users\ramti\Desktop\ramtin legion pc\article_project\data\raw\pdraw_wave\test\healthy\V04HO01.png,0,0.429417,0
pdraw_wave,vgg16,brightness,5,C:\Users\ramti\Desktop\ramtin legion pc\article_project\data\raw\pdraw_wave\test\healthy\V05HO01.png,0,0.456672,1
pdraw_wave,vgg16,brightness,5,C:\Users\ramti\Desktop\ramtin legion pc\article_project\data\raw\pdraw_wave\test\healthy\V06HO01.png,0,0.421917,0
pdraw_wave,vgg16,brightness,5,C:\Users\ramti\Desktop\ramtin legion pc\article_project\data\raw\pdraw_wave\test\healthy\V07HO01.png,0,0.431274,0
pdraw_wave,vgg16,brightness,5,C:\Users\ramti\Desktop\ramtin legion pc\article_project\data\raw\pdraw_wave\test\healthy\V08HO01.png,0,0.409486,0
pdraw_wave,vgg16,brightness,5,C:\Users\ramti\Desktop\ramtin legion pc\article_project\data\raw\pdraw_wave\test\healthy\V09HO01.png,0,0.434389,0
pdraw_wave,vgg16,brightness,5,C:\Users\ramti\Desktop\ramtin legion pc\article_project\data\raw\pdraw_wave\test\healthy\V10HO01.png,0,0.425430,0
pdraw_wave,vgg16,brightness,5,C:\Users\ramti\Desktop\ramtin legion pc\article_project\data\raw\pdraw_wave\test\healthy\V11HO01.png,0,0.426356,0
pdraw_wave,vgg16,brightness,5,C:\Users\ramti\Desktop\ramtin legion pc\article_project\data\raw\pdraw_wave\test\healthy\V55HO08.png,0,0.421356,0
pdraw_wave,vgg16,brightness,5,C:\Users\ramti\Desktop\ramtin legion pc\article_project\data\raw\pdraw_wave\test\healthy\V55HO09.png,0,0.433426,0
pdraw_wave,vgg16,brightness,5,C:\Users\ramti\Desktop\ramtin legion pc\article_project\data\raw\pdraw_wave\test\healthy\V55HO10.png,0,0.448906,0
pdraw_wave,vgg16,brightness,5,C:\Users\ramti\Desktop\ramtin legion pc\article_project\data\raw\pdraw_wave\test\healthy\V55HO11.png,0,0.446819,0
pdraw_wave,vgg16,brightness,5,C:\Users\ramti\Desktop\ramtin legion pc\article_project\data\raw\pdraw_wave\test\parkinson\V01PO01.png,1,0.437437,0
pdraw_wave,vgg16,brightness,5,C:\Users\ramti\Desktop\ramtin legion pc\article_project\data\raw\pdraw_wave\test\parkinson\V02PO01.png,1,0.461224,1
pdraw_wave,vgg16,brightness,5,C:\Users\ramti\Desktop\ramtin legion pc\article_project\data\raw\pdraw_wave\test\parkinson\V03PO01.png,1,0.471701,1
pdraw_wave,vgg16,brightness,5,C:\Users\ramti\Desktop\ramtin legion pc\article_project\data\raw\pdraw_wave\test\parkinson\V03PO04.png,1,0.466628,1
pdraw_wave,vgg16,brightness,5,C:\Users\ramti\Desktop\ramtin legion pc\article_project\data\raw\pdraw_wave\test\parkinson\V03PO07.png,1,0.479456,1
pdraw_wave,vgg16,brightness,5,C:\Users\ramti\Desktop\ramtin legion pc\article_project\data\raw\pdraw_wave\test\parkinson\V04PO01.png,1,0.478717,1
pdraw_wave,vgg16,brightness,5,C:\Users\ramti\Desktop\ramtin legion pc\article_project\data\raw\pdraw_wave\test\parkinson\V05PO01.png,1,0.484155,1
pdraw_wave,vgg16,brightness,5,C:\Users\ramti\Desktop\ramtin legion pc\article_project\data\raw\pdraw_wave\test\parkinson\V06PO01.png,1,0.452504,1
pdraw_wave,vgg16,brightness,5,C:\Users\ramti\Desktop\ramtin legion pc\article_project\data\raw\pdraw_wave\test\parkinson\V07PO01.png,1,0.492755,1
pdraw_wave,vgg16,brightness,5,C:\Users\ramti\Desktop\ramtin legion pc\article_project\data\raw\pdraw_wave\test\parkinson\V08PO01.png,1,0.413078,0
pdraw_wave,vgg16,brightness,5,C:\Users\ramti\Desktop\ramtin legion pc\article_project\data\raw\pdraw_wave\test\parkinson\V09PO01.png,1,0.453688,1
pdraw_wave,vgg16,brightness,5,C:\Users\ramti\Desktop\ramtin legion pc\article_project\data\raw\pdraw_wave\test\parkinson\V10PO01.png,1,0.437256,0
pdraw_wave,vgg16,brightness,5,C:\Users\ramti\Desktop\ramtin legion pc\article_project\data\raw\pdraw_wave\test\parkinson\V11PO01.png,1,0.424887,0
pdraw_wave,vgg16,brightness,5,C:\Users\ramti\Desktop\ramtin legion pc\article_project\data\raw\pdraw_wave\test\parkinson\V14PO01.png,1,0.487918,1
pdraw_wave,vgg16,brightness,5,C:\Users\ramti\Desktop\ramtin legion pc\article_project\data\raw\pdraw_wave\test\parkinson\V14PO03.png,1,0.485948,1
pdraw_wave,vgg16,shadow,1,C:\Users\ramti\Desktop\ramtin legion pc\article_project\data\raw\pdraw_wave\test\healthy\V01HO01.png,0,0.445078,0
pdraw_wave,vgg16,shadow,1,C:\Users\ramti\Desktop\ramtin legion pc\article_project\data\raw\pdraw_wave\test\healthy\V02HO01.png,0,0.398898,0
pdraw_wave,vgg16,shadow,1,C:\Users\ramti\Desktop\ramtin legion pc\article_project\data\raw\pdraw_wave\test\healthy\V03HO01.png,0,0.416809,0
pdraw_wave,vgg16,shadow,1,C:\Users\ramti\Desktop\ramtin legion pc\article_project\data\raw\pdraw_wave\test\healthy\V04HO01.png,0,0.417441,0
pdraw_wave,vgg16,shadow,1,C:\Users\ramti\Desktop\ramtin legion pc\article_project\data\raw\pdraw_wave\test\healthy\V05HO01.png,0,0.474337,1
pdraw_wave,vgg16,shadow,1,C:\Users\ramti\Desktop\ramtin legion pc\article_project\data\raw\pdraw_wave\test\healthy\V06HO01.png,0,0.399366,0
pdraw_wave,vgg16,shadow,1,C:\Users\ramti\Desktop\ramtin legion pc\article_project\data\raw\pdraw_wave\test\healthy\V07HO01.png,0,0.419097,0
pdraw_wave,vgg16,shadow,1,C:\Users\ramti\Desktop\ramtin legion pc\article_project\data\raw\pdraw_wave\test\healthy\V08HO01.png,0,0.384420,0
pdraw_wave,vgg16,shadow,1,C:\Users\ramti\Desktop\ramtin legion pc\article_project\data\raw\pdraw_wave\test\healthy\V09HO01.png,0,0.402149,0
pdraw_wave,vgg16,shadow,1,C:\Users\ramti\Desktop\ramtin legion pc\article_project\data\raw\pdraw_wave\test\healthy\V10HO01.png,0,0.407120,0
pdraw_wave,vgg16,shadow,1,C:\Users\ramti\Desktop\ramtin legion pc\article_project\data\raw\pdraw_wave\test\healthy\V11HO01.png,0,0.416603,0
pdraw_wave,vgg16,shadow,1,C:\Users\ramti\Desktop\ramtin legion pc\article_project\data\raw\pdraw_wave\test\healthy\V55HO08.png,0,0.391690,0
pdraw_wave,vgg16,shadow,1,C:\Users\ramti\Desktop\ramtin legion pc\article_project\data\raw\pdraw_wave\test\healthy\V55HO09.png,0,0.445334,0
pdraw_wave,vgg16,shadow,1,C:\Users\ramti\Desktop\ramtin legion pc\article_project\data\raw\pdraw_wave\test\healthy\V55HO10.png,0,0.421606,0
pdraw_wave,vgg16,shadow,1,C:\Users\ramti\Desktop\ramtin legion pc\article_project\data\raw\pdraw_wave\test\healthy\V55HO11.png,0,0.447820,0
pdraw_wave,vgg16,shadow,1,C:\Users\ramti\Desktop\ramtin legion pc\article_project\data\raw\pdraw_wave\test\parkinson\V01PO01.png,1,0.456648,1
pdraw_wave,vgg16,shadow,1,C:\Users\ramti\Desktop\ramtin legion pc\article_project\data\raw\pdraw_wave\test\parkinson\V02PO01.png,1,0.531276,1
pdraw_wave,vgg16,shadow,1,C:\Users\ramti\Desktop\ramtin legion pc\article_project\data\raw\pdraw_wave\test\parkinson\V03PO01.png,1,0.491748,1
pdraw_wave,vgg16,shadow,1,C:\Users\ramti\Desktop\ramtin legion pc\article_project\data\raw\pdraw_wave\test\parkinson\V03PO04.png,1,0.524654,1
pdraw_wave,vgg16,shadow,1,C:\Users\ramti\Desktop\ramtin legion pc\article_project\data\raw\pdraw_wave\test\parkinson\V03PO07.png,1,0.505623,1
pdraw_wave,vgg16,shadow,1,C:\Users\ramti\Desktop\ramtin legion pc\article_project\data\raw\pdraw_wave\test\parkinson\V04PO01.png,1,0.508750,1
pdraw_wave,vgg16,shadow,1,C:\Users\ramti\Desktop\ramtin legion pc\article_project\data\raw\pdraw_wave\test\parkinson\V05PO01.png,1,0.529690,1
pdraw_wave,vgg16,shadow,1,C:\Users\ramti\Desktop\ramtin legion pc\article_project\data\raw\pdraw_wave\test\parkinson\V06PO01.png,1,0.488777,1
pdraw_wave,vgg16,shadow,1,C:\Users\ramti\Desktop\ramtin legion pc\article_project\data\raw\pdraw_wave\test\parkinson\V07PO01.png,1,0.562991,1
pdraw_wave,vgg16,shadow,1,C:\Users\ramti\Desktop\ramtin legion pc\article_project\data\raw\pdraw_wave\test\parkinson\V08PO01.png,1,0.371296,0
pdraw_wave,vgg16,shadow,1,C:\Users\ramti\Desktop\ramtin legion pc\article_project\data\raw\pdraw_wave\test\parkinson\V09PO01.png,1,0.524342,1
pdraw_wave,vgg16,shadow,1,C:\Users\ramti\Desktop\ramtin legion pc\article_project\data\raw\pdraw_wave\test\parkinson\V10PO01.png,1,0.467722,1
pdraw_wave,vgg16,shadow,1,C:\Users\ramti\Desktop\ramtin legion pc\article_project\data\raw\pdraw_wave\test\parkinson\V11PO01.png,1,0.424351,0
pdraw_wave,vgg16,shadow,1,C:\Users\ramti\Desktop\ramtin legion pc\article_project\data\raw\pdraw_wave\test\parkinson\V14PO01.png,1,0.517759,1
pdraw_wave,vgg16,shadow,1,C:\Users\ramti\Desktop\ramtin legion pc\article_project\data\raw\pdraw_wave\test\parkinson\V14PO03.png,1,0.503927,1
pdraw_wave,vgg16,shadow,2,C:\Users\ramti\Desktop\ramtin legion pc\article_project\data\raw\pdraw_wave\test\healthy\V01HO01.png,0,0.441176,0
pdraw_wave,vgg16,shadow,2,C:\Users\ramti\Desktop\ramtin legion pc\article_project\data\raw\pdraw_wave\test\healthy\V02HO01.png,0,0.397848,0
pdraw_wave,vgg16,shadow,2,C:\Users\ramti\Desktop\ramtin legion pc\article_project\data\raw\pdraw_wave\test\healthy\V03HO01.png,0,0.413246,0
pdraw_wave,vgg16,shadow,2,C:\Users\ramti\Desktop\ramtin legion pc\article_project\data\raw\pdraw_wave\test\healthy\V04HO01.png,0,0.422961,0
pdraw_wave,vgg16,shadow,2,C:\Users\ramti\Desktop\ramtin legion pc\article_project\data\raw\pdraw_wave\test\healthy\V05HO01.png,0,0.469105,1
pdraw_wave,vgg16,shadow,2,C:\Users\ramti\Desktop\ramtin legion pc\article_project\data\raw\pdraw_wave\test\healthy\V06HO01.png,0,0.400661,0
pdraw_wave,vgg16,shadow,2,C:\Users\ramti\Desktop\ramtin legion pc\article_project\data\raw\pdraw_wave\test\healthy\V07HO01.png,0,0.421697,0
pdraw_wave,vgg16,shadow,2,C:\Users\ramti\Desktop\ramtin legion pc\article_project\data\raw\pdraw_wave\test\healthy\V08HO01.png,0,0.384080,0
pdraw_wave,vgg16,shadow,2,C:\Users\ramti\Desktop\ramtin legion pc\article_project\data\raw\pdraw_wave\test\healthy\V09HO01.png,0,0.406874,0
pdraw_wave,vgg16,shadow,2,C:\Users\ramti\Desktop\ramtin legion pc\article_project\data\raw\pdraw_wave\test\healthy\V10HO01.png,0,0.406710,0
pdraw_wave,vgg16,shadow,2,C:\Users\ramti\Desktop\ramtin legion pc\article_project\data\raw\pdraw_wave\test\healthy\V11HO01.png,0,0.419311,0
pdraw_wave,vgg16,shadow,2,C:\Users\ramti\Desktop\ramtin legion pc\article_project\data\raw\pdraw_wave\test\healthy\V55HO08.png,0,0.392847,0
pdraw_wave,vgg16,shadow,2,C:\Users\ramti\Desktop\ramtin legion pc\article_project\data\raw\pdraw_wave\test\healthy\V55HO09.png,0,0.450169,1
pdraw_wave,vgg16,shadow,2,C:\Users\ramti\Desktop\ramtin legion pc\article_project\data\raw\pdraw_wave\test\healthy\V55HO10.png,0,0.418544,0
pdraw_wave,vgg16,shadow,2,C:\Users\ramti\Desktop\ramtin legion pc\article_project\data\raw\pdraw_wave\test\healthy\V55HO11.png,0,0.449570,0
pdraw_wave,vgg16,shadow,2,C:\Users\ramti\Desktop\ramtin legion pc\article_project\data\raw\pdraw_wave\test\parkinson\V01PO01.png,1,0.458954,1
pdraw_wave,vgg16,shadow,2,C:\Users\ramti\Desktop\ramtin legion pc\article_project\data\raw\pdraw_wave\test\parkinson\V02PO01.png,1,0.519397,1
pdraw_wave,vgg16,shadow,2,C:\Users\ramti\Desktop\ramtin legion pc\article_project\data\raw\pdraw_wave\test\parkinson\V03PO01.png,1,0.491929,1
pdraw_wave,vgg16,shadow,2,C:\Users\ramti\Desktop\ramtin legion pc\article_project\data\raw\pdraw_wave\test\parkinson\V03PO04.png,1,0.523894,1
pdraw_wave,vgg16,shadow,2,C:\Users\ramti\Desktop\ramtin legion pc\article_project\data\raw\pdraw_wave\test\parkinson\V03PO07.png,1,0.505301,1
pdraw_wave,vgg16,shadow,2,C:\Users\ramti\Desktop\ramtin legion pc\article_project\data\raw\pdraw_wave\test\parkinson\V04PO01.png,1,0.509247,1
pdraw_wave,vgg16,shadow,2,C:\Users\ramti\Desktop\ramtin legion pc\article_project\data\raw\pdraw_wave\test\parkinson\V05PO01.png,1,0.525416,1
pdraw_wave,vgg16,shadow,2,C:\Users\ramti\Desktop\ramtin legion pc\article_project\data\raw\pdraw_wave\test\parkinson\V06PO01.png,1,0.491888,1
pdraw_wave,vgg16,shadow,2,C:\Users\ramti\Desktop\ramtin legion pc\article_project\data\raw\pdraw_wave\test\parkinson\V07PO01.png,1,0.561676,1
pdraw_wave,vgg16,shadow,2,C:\Users\ramti\Desktop\ramtin legion pc\article_project\data\raw\pdraw_wave\test\parkinson\V08PO01.png,1,0.371635,0
pdraw_wave,vgg16,shadow,2,C:\Users\ramti\Desktop\ramtin legion pc\article_project\data\raw\pdraw_wave\test\parkinson\V09PO01.png,1,0.519668,1
pdraw_wave,vgg16,shadow,2,C:\Users\ramti\Desktop\ramtin legion pc\article_project\data\raw\pdraw_wave\test\parkinson\V10PO01.png,1,0.472343,1
pdraw_wave,vgg16,shadow,2,C:\Users\ramti\Desktop\ramtin legion pc\article_project\data\raw\pdraw_wave\test\parkinson\V11PO01.png,1,0.425604,0
pdraw_wave,vgg16,shadow,2,C:\Users\ramti\Desktop\ramtin legion pc\article_project\data\raw\pdraw_wave\test\parkinson\V14PO01.png,1,0.514871,1
pdraw_wave,vgg16,shadow,2,C:\Users\ramti\Desktop\ramtin legion pc\article_project\data\raw\pdraw_wave\test\parkinson\V14PO03.png,1,0.502190,1
pdraw_wave,vgg16,shadow,3,C:\Users\ramti\Desktop\ramtin legion pc\article_project\data\raw\pdraw_wave\test\healthy\V01HO01.png,0,0.439569,0
pdraw_wave,vgg16,shadow,3,C:\Users\ramti\Desktop\ramtin legion pc\article_project\data\raw\pdraw_wave\test\healthy\V02HO01.png,0,0.396682,0
pdraw_wave,vgg16,shadow,3,C:\Users\ramti\Desktop\ramtin legion pc\article_project\data\raw\pdraw_wave\test\healthy\V03HO01.png,0,0.412564,0
pdraw_wave,vgg16,shadow,3,C:\Users\ramti\Desktop\ramtin legion pc\article_project\data\raw\pdraw_wave\test\healthy\V04HO01.png,0,0.421359,0
pdraw_wave,vgg16,shadow,3,C:\Users\ramti\Desktop\ramtin legion pc\article_project\data\raw\pdraw_wave\test\healthy\V05HO01.png,0,0.468782,1
pdraw_wave,vgg16,shadow,3,C:\Users\ramti\Desktop\ramtin legion pc\article_project\data\raw\pdraw_wave\test\healthy\V06HO01.png,0,0.404306,0
pdraw_wave,vgg16,shadow,3,C:\Users\ramti\Desktop\ramtin legion pc\article_project\data\raw\pdraw_wave\test\healthy\V07HO01.png,0,0.419988,0
pdraw_wave,vgg16,shadow,3,C:\Users\ramti\Desktop\ramtin legion pc\article_project\data\raw\pdraw_wave\test\healthy\V08HO01.png,0,0.384680,0
pdraw_wave,vgg16,shadow,3,C:\Users\ramti\Desktop\ramtin legion pc\article_project\data\raw\pdraw_wave\test\healthy\V09HO01.png,0,0.407075,0
pdraw_wave,vgg16,shadow,3,C:\Users\ramti\Desktop\ramtin legion pc\article_project\data\raw\pdraw_wave\test\healthy\V10HO01.png,0,0.404621,0
pdraw_wave,vgg16,shadow,3,C:\Users\ramti\Desktop\ramtin legion pc\article_project\data\raw\pdraw_wave\test\healthy\V11HO01.png,0,0.421619,0
pdraw_wave,vgg16,shadow,3,C:\Users\ramti\Desktop\ramtin legion pc\article_project\data\raw\pdraw_wave\test\healthy\V55HO08.png,0,0.394042,0
pdraw_wave,vgg16,shadow,3,C:\Users\ramti\Desktop\ramtin legion pc\article_project\data\raw\pdraw_wave\test\healthy\V55HO09.png,0,0.450359,1
pdraw_wave,vgg16,shadow,3,C:\Users\ramti\Desktop\ramtin legion pc\article_project\data\raw\pdraw_wave\test\healthy\V55HO10.png,0,0.416036,0
pdraw_wave,vgg16,shadow,3,C:\Users\ramti\Desktop\ramtin legion pc\article_project\data\raw\pdraw_wave\test\healthy\V55HO11.png,0,0.448168,0
pdraw_wave,vgg16,shadow,3,C:\Users\ramti\Desktop\ramtin legion pc\article_project\data\raw\pdraw_wave\test\parkinson\V01PO01.png,1,0.461495,1
pdraw_wave,vgg16,shadow,3,C:\Users\ramti\Desktop\ramtin legion pc\article_project\data\raw\pdraw_wave\test\parkinson\V02PO01.png,1,0.511877,1
pdraw_wave,vgg16,shadow,3,C:\Users\ramti\Desktop\ramtin legion pc\article_project\data\raw\pdraw_wave\test\parkinson\V03PO01.png,1,0.491611,1
pdraw_wave,vgg16,shadow,3,C:\Users\ramti\Desktop\ramtin legion pc\article_project\data\raw\pdraw_wave\test\parkinson\V03PO04.png,1,0.519975,1
pdraw_wave,vgg16,shadow,3,C:\Users\ramti\Desktop\ramtin legion pc\article_project\data\raw\pdraw_wave\test\parkinson\V03PO07.png,1,0.503598,1
pdraw_wave,vgg16,shadow,3,C:\Users\ramti\Desktop\ramtin legion pc\article_project\data\raw\pdraw_wave\test\parkinson\V04PO01.png,1,0.505701,1
pdraw_wave,vgg16,shadow,3,C:\Users\ramti\Desktop\ramtin legion pc\article_project\data\raw\pdraw_wave\test\parkinson\V05PO01.png,1,0.524143,1
pdraw_wave,vgg16,shadow,3,C:\Users\ramti\Desktop\ramtin legion pc\article_project\data\raw\pdraw_wave\test\parkinson\V06PO01.png,1,0.490759,1
pdraw_wave,vgg16,shadow,3,C:\Users\ramti\Desktop\ramtin legion pc\article_project\data\raw\pdraw_wave\test\parkinson\V07PO01.png,1,0.554374,1
pdraw_wave,vgg16,shadow,3,C:\Users\ramti\Desktop\ramtin legion pc\article_project\data\raw\pdraw_wave\test\parkinson\V08PO01.png,1,0.372113,0
pdraw_wave,vgg16,shadow,3,C:\Users\ramti\Desktop\ramtin legion pc\article_project\data\raw\pdraw_wave\test\parkinson\V09PO01.png,1,0.515416,1
pdraw_wave,vgg16,shadow,3,C:\Users\ramti\Desktop\ramtin legion pc\article_project\data\raw\pdraw_wave\test\parkinson\V10PO01.png,1,0.472067,1
pdraw_wave,vgg16,shadow,3,C:\Users\ramti\Desktop\ramtin legion pc\article_project\data\raw\pdraw_wave\test\parkinson\V11PO01.png,1,0.428392,0
pdraw_wave,vgg16,shadow,3,C:\Users\ramti\Desktop\ramtin legion pc\article_project\data\raw\pdraw_wave\test\parkinson\V14PO01.png,1,0.509778,1
pdraw_wave,vgg16,shadow,3,C:\Users\ramti\Desktop\ramtin legion pc\article_project\data\raw\pdraw_wave\test\parkinson\V14PO03.png,1,0.501175,1
pdraw_wave,vgg16,shadow,4,C:\Users\ramti\Desktop\ramtin legion pc\article_project\data\raw\pdraw_wave\test\healthy\V01HO01.png,0,0.438611,0
pdraw_wave,vgg16,shadow,4,C:\Users\ramti\Desktop\ramtin legion pc\article_project\data\raw\pdraw_wave\test\healthy\V02HO01.png,0,0.393005,0
pdraw_wave,vgg16,shadow,4,C:\Users\ramti\Desktop\ramtin legion pc\article_project\data\raw\pdraw_wave\test\healthy\V03HO01.png,0,0.407033,0
pdraw_wave,vgg16,shadow,4,C:\Users\ramti\Desktop\ramtin legion pc\article_project\data\raw\pdraw_wave\test\healthy\V04HO01.png,0,0.417702,0
pdraw_wave,vgg16,shadow,4,C:\Users\ramti\Desktop\ramtin legion pc\article_project\data\raw\pdraw_wave\test\healthy\V05HO01.png,0,0.466383,1
pdraw_wave,vgg16,shadow,4,C:\Users\ramti\Desktop\ramtin legion pc\article_project\data\raw\pdraw_wave\test\healthy\V06HO01.png,0,0.407214,0
pdraw_wave,vgg16,shadow,4,C:\Users\ramti\Desktop\ramtin legion pc\article_project\data\raw\pdraw_wave\test\healthy\V07HO01.png,0,0.418355,0
pdraw_wave,vgg16,shadow,4,C:\Users\ramti\Desktop\ramtin legion pc\article_project\data\raw\pdraw_wave\test\healthy\V08HO01.png,0,0.383350,0
pdraw_wave,vgg16,shadow,4,C:\Users\ramti\Desktop\ramtin legion pc\article_project\data\raw\pdraw_wave\test\healthy\V09HO01.png,0,0.408717,0
pdraw_wave,vgg16,shadow,4,C:\Users\ramti\Desktop\ramtin legion pc\article_project\data\raw\pdraw_wave\test\healthy\V10HO01.png,0,0.402694,0
pdraw_wave,vgg16,shadow,4,C:\Users\ramti\Desktop\ramtin legion pc\article_project\data\raw\pdraw_wave\test\healthy\V11HO01.png,0,0.422131,0
pdraw_wave,vgg16,shadow,4,C:\Users\ramti\Desktop\ramtin legion pc\article_project\data\raw\pdraw_wave\test\healthy\V55HO08.png,0,0.391268,0
pdraw_wave,vgg16,shadow,4,C:\Users\ramti\Desktop\ramtin legion pc\article_project\data\raw\pdraw_wave\test\healthy\V55HO09.png,0,0.446160,0
pdraw_wave,vgg16,shadow,4,C:\Users\ramti\Desktop\ramtin legion pc\article_project\data\raw\pdraw_wave\test\healthy\V55HO10.png,0,0.410431,0
pdraw_wave,vgg16,shadow,4,C:\Users\ramti\Desktop\ramtin legion pc\article_project\data\raw\pdraw_wave\test\healthy\V55HO11.png,0,0.443650,0
pdraw_wave,vgg16,shadow,4,C:\Users\ramti\Desktop\ramtin legion pc\article_project\data\raw\pdraw_wave\test\parkinson\V01PO01.png,1,0.458860,1
pdraw_wave,vgg16,shadow,4,C:\Users\ramti\Desktop\ramtin legion pc\article_project\data\raw\pdraw_wave\test\parkinson\V02PO01.png,1,0.502579,1
pdraw_wave,vgg16,shadow,4,C:\Users\ramti\Desktop\ramtin legion pc\article_project\data\raw\pdraw_wave\test\parkinson\V03PO01.png,1,0.489167,1
pdraw_wave,vgg16,shadow,4,C:\Users\ramti\Desktop\ramtin legion pc\article_project\data\raw\pdraw_wave\test\parkinson\V03PO04.png,1,0.515751,1
pdraw_wave,vgg16,shadow,4,C:\Users\ramti\Desktop\ramtin legion pc\article_project\data\raw\pdraw_wave\test\parkinson\V03PO07.png,1,0.503426,1
pdraw_wave,vgg16,shadow,4,C:\Users\ramti\Desktop\ramtin legion pc\article_project\data\raw\pdraw_wave\test\parkinson\V04PO01.png,1,0.501354,1
pdraw_wave,vgg16,shadow,4,C:\Users\ramti\Desktop\ramtin legion pc\article_project\data\raw\pdraw_wave\test\parkinson\V05PO01.png,1,0.522045,1
pdraw_wave,vgg16,shadow,4,C:\Users\ramti\Desktop\ramtin legion pc\article_project\data\raw\pdraw_wave\test\parkinson\V06PO01.png,1,0.488146,1
pdraw_wave,vgg16,shadow,4,C:\Users\ramti\Desktop\ramtin legion pc\article_project\data\raw\pdraw_wave\test\parkinson\V07PO01.png,1,0.546404,1
pdraw_wave,vgg16,shadow,4,C:\Users\ramti\Desktop\ramtin legion pc\article_project\data\raw\pdraw_wave\test\parkinson\V08PO01.png,1,0.372317,0
pdraw_wave,vgg16,shadow,4,C:\Users\ramti\Desktop\ramtin legion pc\article_project\data\raw\pdraw_wave\test\parkinson\V09PO01.png,1,0.509807,1
pdraw_wave,vgg16,shadow,4,C:\Users\ramti\Desktop\ramtin legion pc\article_project\data\raw\pdraw_wave\test\parkinson\V10PO01.png,1,0.470294,1
pdraw_wave,vgg16,shadow,4,C:\Users\ramti\Desktop\ramtin legion pc\article_project\data\raw\pdraw_wave\test\parkinson\V11PO01.png,1,0.428297,0
pdraw_wave,vgg16,shadow,4,C:\Users\ramti\Desktop\ramtin legion pc\article_project\data\raw\pdraw_wave\test\parkinson\V14PO01.png,1,0.505136,1
pdraw_wave,vgg16,shadow,4,C:\Users\ramti\Desktop\ramtin legion pc\article_project\data\raw\pdraw_wave\test\parkinson\V14PO03.png,1,0.498821,1
pdraw_wave,vgg16,shadow,5,C:\Users\ramti\Desktop\ramtin legion pc\article_project\data\raw\pdraw_wave\test\healthy\V01HO01.png,0,0.435517,0
pdraw_wave,vgg16,shadow,5,C:\Users\ramti\Desktop\ramtin legion pc\article_project\data\raw\pdraw_wave\test\healthy\V02HO01.png,0,0.389099,0
pdraw_wave,vgg16,shadow,5,C:\Users\ramti\Desktop\ramtin legion pc\article_project\data\raw\pdraw_wave\test\healthy\V03HO01.png,0,0.400016,0
pdraw_wave,vgg16,shadow,5,C:\Users\ramti\Desktop\ramtin legion pc\article_project\data\raw\pdraw_wave\test\healthy\V04HO01.png,0,0.415694,0
pdraw_wave,vgg16,shadow,5,C:\Users\ramti\Desktop\ramtin legion pc\article_project\data\raw\pdraw_wave\test\healthy\V05HO01.png,0,0.465119,1
pdraw_wave,vgg16,shadow,5,C:\Users\ramti\Desktop\ramtin legion pc\article_project\data\raw\pdraw_wave\test\healthy\V06HO01.png,0,0.413037,0
pdraw_wave,vgg16,shadow,5,C:\Users\ramti\Desktop\ramtin legion pc\article_project\data\raw\pdraw_wave\test\healthy\V07HO01.png,0,0.413261,0
pdraw_wave,vgg16,shadow,5,C:\Users\ramti\Desktop\ramtin legion pc\article_project\data\raw\pdraw_wave\test\healthy\V08HO01.png,0,0.383816,0
pdraw_wave,vgg16,shadow,5,C:\Users\ramti\Desktop\ramtin legion pc\article_project\data\raw\pdraw_wave\test\healthy\V09HO01.png,0,0.407216,0
pdraw_wave,vgg16,shadow,5,C:\Users\ramti\Desktop\ramtin legion pc\article_project\data\raw\pdraw_wave\test\healthy\V10HO01.png,0,0.396080,0
pdraw_wave,vgg16,shadow,5,C:\Users\ramti\Desktop\ramtin legion pc\article_project\data\raw\pdraw_wave\test\healthy\V11HO01.png,0,0.424974,0
pdraw_wave,vgg16,shadow,5,C:\Users\ramti\Desktop\ramtin legion pc\article_project\data\raw\pdraw_wave\test\healthy\V55HO08.png,0,0.387320,0
pdraw_wave,vgg16,shadow,5,C:\Users\ramti\Desktop\ramtin legion pc\article_project\data\raw\pdraw_wave\test\healthy\V55HO09.png,0,0.440542,0
pdraw_wave,vgg16,shadow,5,C:\Users\ramti\Desktop\ramtin legion pc\article_project\data\raw\pdraw_wave\test\healthy\V55HO10.png,0,0.403886,0
pdraw_wave,vgg16,shadow,5,C:\Users\ramti\Desktop\ramtin legion pc\article_project\data\raw\pdraw_wave\test\healthy\V55HO11.png,0,0.439547,0
pdraw_wave,vgg16,shadow,5,C:\Users\ramti\Desktop\ramtin legion pc\article_project\data\raw\pdraw_wave\test\parkinson\V01PO01.png,1,0.454110,1
pdraw_wave,vgg16,shadow,5,C:\Users\ramti\Desktop\ramtin legion pc\article_project\data\raw\pdraw_wave\test\parkinson\V02PO01.png,1,0.496718,1
pdraw_wave,vgg16,shadow,5,C:\Users\ramti\Desktop\ramtin legion pc\article_project\data\raw\pdraw_wave\test\parkinson\V03PO01.png,1,0.485519,1
pdraw_wave,vgg16,shadow,5,C:\Users\ramti\Desktop\ramtin legion pc\article_project\data\raw\pdraw_wave\test\parkinson\V03PO04.png,1,0.511413,1
pdraw_wave,vgg16,shadow,5,C:\Users\ramti\Desktop\ramtin legion pc\article_project\data\raw\pdraw_wave\test\parkinson\V03PO07.png,1,0.503127,1
pdraw_wave,vgg16,shadow,5,C:\Users\ramti\Desktop\ramtin legion pc\article_project\data\raw\pdraw_wave\test\parkinson\V04PO01.png,1,0.497464,1
pdraw_wave,vgg16,shadow,5,C:\Users\ramti\Desktop\ramtin legion pc\article_project\data\raw\pdraw_wave\test\parkinson\V05PO01.png,1,0.519430,1
pdraw_wave,vgg16,shadow,5,C:\Users\ramti\Desktop\ramtin legion pc\article_project\data\raw\pdraw_wave\test\parkinson\V06PO01.png,1,0.482833,1
pdraw_wave,vgg16,shadow,5,C:\Users\ramti\Desktop\ramtin legion pc\article_project\data\raw\pdraw_wave\test\parkinson\V07PO01.png,1,0.537754,1
pdraw_wave,vgg16,shadow,5,C:\Users\ramti\Desktop\ramtin legion pc\article_project\data\raw\pdraw_wave\test\parkinson\V08PO01.png,1,0.370831,0
pdraw_wave,vgg16,shadow,5,C:\Users\ramti\Desktop\ramtin legion pc\article_project\data\raw\pdraw_wave\test\parkinson\V09PO01.png,1,0.504882,1
pdraw_wave,vgg16,shadow,5,C:\Users\ramti\Desktop\ramtin legion pc\article_project\data\raw\pdraw_wave\test\parkinson\V10PO01.png,1,0.463676,1
pdraw_wave,vgg16,shadow,5,C:\Users\ramti\Desktop\ramtin legion pc\article_project\data\raw\pdraw_wave\test\parkinson\V11PO01.png,1,0.424459,0
pdraw_wave,vgg16,shadow,5,C:\Users\ramti\Desktop\ramtin legion pc\article_project\data\raw\pdraw_wave\test\parkinson\V14PO01.png,1,0.500275,1
pdraw_wave,vgg16,shadow,5,C:\Users\ramti\Desktop\ramtin legion pc\article_project\data\raw\pdraw_wave\test\parkinson\V14PO03.png,1,0.497192,1
pdraw_wave,vgg16,perspective,1,C:\Users\ramti\Desktop\ramtin legion pc\article_project\data\raw\pdraw_wave\test\healthy\V01HO01.png,0,0.430804,0
pdraw_wave,vgg16,perspective,1,C:\Users\ramti\Desktop\ramtin legion pc\article_project\data\raw\pdraw_wave\test\healthy\V02HO01.png,0,0.392460,0
pdraw_wave,vgg16,perspective,1,C:\Users\ramti\Desktop\ramtin legion pc\article_project\data\raw\pdraw_wave\test\healthy\V03HO01.png,0,0.411934,0
pdraw_wave,vgg16,perspective,1,C:\Users\ramti\Desktop\ramtin legion pc\article_project\data\raw\pdraw_wave\test\healthy\V04HO01.png,0,0.406552,0
pdraw_wave,vgg16,perspective,1,C:\Users\ramti\Desktop\ramtin legion pc\article_project\data\raw\pdraw_wave\test\healthy\V05HO01.png,0,0.475822,1
pdraw_wave,vgg16,perspective,1,C:\Users\ramti\Desktop\ramtin legion pc\article_project\data\raw\pdraw_wave\test\healthy\V06HO01.png,0,0.400213,0
pdraw_wave,vgg16,perspective,1,C:\Users\ramti\Desktop\ramtin legion pc\article_project\data\raw\pdraw_wave\test\healthy\V07HO01.png,0,0.403171,0
pdraw_wave,vgg16,perspective,1,C:\Users\ramti\Desktop\ramtin legion pc\article_project\data\raw\pdraw_wave\test\healthy\V08HO01.png,0,0.386130,0
pdraw_wave,vgg16,perspective,1,C:\Users\ramti\Desktop\ramtin legion pc\article_project\data\raw\pdraw_wave\test\healthy\V09HO01.png,0,0.399713,0
pdraw_wave,vgg16,perspective,1,C:\Users\ramti\Desktop\ramtin legion pc\article_project\data\raw\pdraw_wave\test\healthy\V10HO01.png,0,0.417475,0
pdraw_wave,vgg16,perspective,1,C:\Users\ramti\Desktop\ramtin legion pc\article_project\data\raw\pdraw_wave\test\healthy\V11HO01.png,0,0.418674,0
pdraw_wave,vgg16,perspective,1,C:\Users\ramti\Desktop\ramtin legion pc\article_project\data\raw\pdraw_wave\test\healthy\V55HO08.png,0,0.387074,0
pdraw_wave,vgg16,perspective,1,C:\Users\ramti\Desktop\ramtin legion pc\article_project\data\raw\pdraw_wave\test\healthy\V55HO09.png,0,0.439446,0
pdraw_wave,vgg16,perspective,1,C:\Users\ramti\Desktop\ramtin legion pc\article_project\data\raw\pdraw_wave\test\healthy\V55HO10.png,0,0.418775,0
pdraw_wave,vgg16,perspective,1,C:\Users\ramti\Desktop\ramtin legion pc\article_project\data\raw\pdraw_wave\test\healthy\V55HO11.png,0,0.434054,0
pdraw_wave,vgg16,perspective,1,C:\Users\ramti\Desktop\ramtin legion pc\article_project\data\raw\pdraw_wave\test\parkinson\V01PO01.png,1,0.441031,0
pdraw_wave,vgg16,perspective,1,C:\Users\ramti\Desktop\ramtin legion pc\article_project\data\raw\pdraw_wave\test\parkinson\V02PO01.png,1,0.521563,1
pdraw_wave,vgg16,perspective,1,C:\Users\ramti\Desktop\ramtin legion pc\article_project\data\raw\pdraw_wave\test\parkinson\V03PO01.png,1,0.472087,1
pdraw_wave,vgg16,perspective,1,C:\Users\ramti\Desktop\ramtin legion pc\article_project\data\raw\pdraw_wave\test\parkinson\V03PO04.png,1,0.503295,1
pdraw_wave,vgg16,perspective,1,C:\Users\ramti\Desktop\ramtin legion pc\article_project\data\raw\pdraw_wave\test\parkinson\V03PO07.png,1,0.490948,1
pdraw_wave,vgg16,perspective,1,C:\Users\ramti\Desktop\ramtin legion pc\article_project\data\raw\pdraw_wave\test\parkinson\V04PO01.png,1,0.486538,1
pdraw_wave,vgg16,perspective,1,C:\Users\ramti\Desktop\ramtin legion pc\article_project\data\raw\pdraw_wave\test\parkinson\V05PO01.png,1,0.520296,1
pdraw_wave,vgg16,perspective,1,C:\Users\ramti\Desktop\ramtin legion pc\article_project\data\raw\pdraw_wave\test\parkinson\V06PO01.png,1,0.466464,1
pdraw_wave,vgg16,perspective,1,C:\Users\ramti\Desktop\ramtin legion pc\article_project\data\raw\pdraw_wave\test\parkinson\V07PO01.png,1,0.531797,1
pdraw_wave,vgg16,perspective,1,C:\Users\ramti\Desktop\ramtin legion pc\article_project\data\raw\pdraw_wave\test\parkinson\V08PO01.png,1,0.372806,0
pdraw_wave,vgg16,perspective,1,C:\Users\ramti\Desktop\ramtin legion pc\article_project\data\raw\pdraw_wave\test\parkinson\V09PO01.png,1,0.504628,1
pdraw_wave,vgg16,perspective,1,C:\Users\ramti\Desktop\ramtin legion pc\article_project\data\raw\pdraw_wave\test\parkinson\V10PO01.png,1,0.454864,1
pdraw_wave,vgg16,perspective,1,C:\Users\ramti\Desktop\ramtin legion pc\article_project\data\raw\pdraw_wave\test\parkinson\V11PO01.png,1,0.419906,0
pdraw_wave,vgg16,perspective,1,C:\Users\ramti\Desktop\ramtin legion pc\article_project\data\raw\pdraw_wave\test\parkinson\V14PO01.png,1,0.508841,1
pdraw_wave,vgg16,perspective,1,C:\Users\ramti\Desktop\ramtin legion pc\article_project\data\raw\pdraw_wave\test\parkinson\V14PO03.png,1,0.501589,1
pdraw_wave,vgg16,perspective,2,C:\Users\ramti\Desktop\ramtin legion pc\article_project\data\raw\pdraw_wave\test\healthy\V01HO01.png,0,0.444789,0
pdraw_wave,vgg16,perspective,2,C:\Users\ramti\Desktop\ramtin legion pc\article_project\data\raw\pdraw_wave\test\healthy\V02HO01.png,0,0.404069,0
pdraw_wave,vgg16,perspective,2,C:\Users\ramti\Desktop\ramtin legion pc\article_project\data\raw\pdraw_wave\test\healthy\V03HO01.png,0,0.408127,0
pdraw_wave,vgg16,perspective,2,C:\Users\ramti\Desktop\ramtin legion pc\article_project\data\raw\pdraw_wave\test\healthy\V04HO01.png,0,0.411610,0
pdraw_wave,vgg16,perspective,2,C:\Users\ramti\Desktop\ramtin legion pc\article_project\data\raw\pdraw_wave\test\healthy\V05HO01.png,0,0.467368,1
pdraw_wave,vgg16,perspective,2,C:\Users\ramti\Desktop\ramtin legion pc\article_project\data\raw\pdraw_wave\test\healthy\V06HO01.png,0,0.400705,0
pdraw_wave,vgg16,perspective,2,C:\Users\ramti\Desktop\ramtin legion pc\article_project\data\raw\pdraw_wave\test\healthy\V07HO01.png,0,0.390488,0
pdraw_wave,vgg16,perspective,2,C:\Users\ramti\Desktop\ramtin legion pc\article_project\data\raw\pdraw_wave\test\healthy\V08HO01.png,0,0.390624,0
pdraw_wave,vgg16,perspective,2,C:\Users\ramti\Desktop\ramtin legion pc\article_project\data\raw\pdraw_wave\test\healthy\V09HO01.png,0,0.391457,0
pdraw_wave,vgg16,perspective,2,C:\Users\ramti\Desktop\ramtin legion pc\article_project\data\raw\pdraw_wave\test\healthy\V10HO01.png,0,0.414087,0
pdraw_wave,vgg16,perspective,2,C:\Users\ramti\Desktop\ramtin legion pc\article_project\data\raw\pdraw_wave\test\healthy\V11HO01.png,0,0.426868,0
pdraw_wave,vgg16,perspective,2,C:\Users\ramti\Desktop\ramtin legion pc\article_project\data\raw\pdraw_wave\test\healthy\V55HO08.png,0,0.392245,0
pdraw_wave,vgg16,perspective,2,C:\Users\ramti\Desktop\ramtin legion pc\article_project\data\raw\pdraw_wave\test\healthy\V55HO09.png,0,0.440170,0
pdraw_wave,vgg16,perspective,2,C:\Users\ramti\Desktop\ramtin legion pc\article_project\data\raw\pdraw_wave\test\healthy\V55HO10.png,0,0.413442,0
pdraw_wave,vgg16,perspective,2,C:\Users\ramti\Desktop\ramtin legion pc\article_project\data\raw\pdraw_wave\test\healthy\V55HO11.png,0,0.421733,0
pdraw_wave,vgg16,perspective,2,C:\Users\ramti\Desktop\ramtin legion pc\article_project\data\raw\pdraw_wave\test\parkinson\V01PO01.png,1,0.436098,0
pdraw_wave,vgg16,perspective,2,C:\Users\ramti\Desktop\ramtin legion pc\article_project\data\raw\pdraw_wave\test\parkinson\V02PO01.png,1,0.523316,1
pdraw_wave,vgg16,perspective,2,C:\Users\ramti\Desktop\ramtin legion pc\article_project\data\raw\pdraw_wave\test\parkinson\V03PO01.png,1,0.469147,1
pdraw_wave,vgg16,perspective,2,C:\Users\ramti\Desktop\ramtin legion pc\article_project\data\raw\pdraw_wave\test\parkinson\V03PO04.png,1,0.493637,1
pdraw_wave,vgg16,perspective,2,C:\Users\ramti\Desktop\ramtin legion pc\article_project\data\raw\pdraw_wave\test\parkinson\V03PO07.png,1,0.475744,1
pdraw_wave,vgg16,perspective,2,C:\Users\ramti\Desktop\ramtin legion pc\article_project\data\raw\pdraw_wave\test\parkinson\V04PO01.png,1,0.486237,1
pdraw_wave,vgg16,perspective,2,C:\Users\ramti\Desktop\ramtin legion pc\article_project\data\raw\pdraw_wave\test\parkinson\V05PO01.png,1,0.513587,1
pdraw_wave,vgg16,perspective,2,C:\Users\ramti\Desktop\ramtin legion pc\article_project\data\raw\pdraw_wave\test\parkinson\V06PO01.png,1,0.470711,1
pdraw_wave,vgg16,perspective,2,C:\Users\ramti\Desktop\ramtin legion pc\article_project\data\raw\pdraw_wave\test\parkinson\V07PO01.png,1,0.527872,1
pdraw_wave,vgg16,perspective,2,C:\Users\ramti\Desktop\ramtin legion pc\article_project\data\raw\pdraw_wave\test\parkinson\V08PO01.png,1,0.376059,0
pdraw_wave,vgg16,perspective,2,C:\Users\ramti\Desktop\ramtin legion pc\article_project\data\raw\pdraw_wave\test\parkinson\V09PO01.png,1,0.500976,1
pdraw_wave,vgg16,perspective,2,C:\Users\ramti\Desktop\ramtin legion pc\article_project\data\raw\pdraw_wave\test\parkinson\V10PO01.png,1,0.443598,0
pdraw_wave,vgg16,perspective,2,C:\Users\ramti\Desktop\ramtin legion pc\article_project\data\raw\pdraw_wave\test\parkinson\V11PO01.png,1,0.417136,0
pdraw_wave,vgg16,perspective,2,C:\Users\ramti\Desktop\ramtin legion pc\article_project\data\raw\pdraw_wave\test\parkinson\V14PO01.png,1,0.507586,1
pdraw_wave,vgg16,perspective,2,C:\Users\ramti\Desktop\ramtin legion pc\article_project\data\raw\pdraw_wave\test\parkinson\V14PO03.png,1,0.496728,1
pdraw_wave,vgg16,perspective,3,C:\Users\ramti\Desktop\ramtin legion pc\article_project\data\raw\pdraw_wave\test\healthy\V01HO01.png,0,0.440397,0
pdraw_wave,vgg16,perspective,3,C:\Users\ramti\Desktop\ramtin legion pc\article_project\data\raw\pdraw_wave\test\healthy\V02HO01.png,0,0.402680,0
pdraw_wave,vgg16,perspective,3,C:\Users\ramti\Desktop\ramtin legion pc\article_project\data\raw\pdraw_wave\test\healthy\V03HO01.png,0,0.409821,0
pdraw_wave,vgg16,perspective,3,C:\Users\ramti\Desktop\ramtin legion pc\article_project\data\raw\pdraw_wave\test\healthy\V04HO01.png,0,0.407579,0
pdraw_wave,vgg16,perspective,3,C:\Users\ramti\Desktop\ramtin legion pc\article_project\data\raw\pdraw_wave\test\healthy\V05HO01.png,0,0.462005,1
pdraw_wave,vgg16,perspective,3,C:\Users\ramti\Desktop\ramtin legion pc\article_project\data\raw\pdraw_wave\test\healthy\V06HO01.png,0,0.403170,0
pdraw_wave,vgg16,perspective,3,C:\Users\ramti\Desktop\ramtin legion pc\article_project\data\raw\pdraw_wave\test\healthy\V07HO01.png,0,0.396333,0
pdraw_wave,vgg16,perspective,3,C:\Users\ramti\Desktop\ramtin legion pc\article_project\data\raw\pdraw_wave\test\healthy\V08HO01.png,0,0.391262,0
pdraw_wave,vgg16,perspective,3,C:\Users\ramti\Desktop\ramtin legion pc\article_project\data\raw\pdraw_wave\test\healthy\V09HO01.png,0,0.397478,0
pdraw_wave,vgg16,perspective,3,C:\Users\ramti\Desktop\ramtin legion pc\article_project\data\raw\pdraw_wave\test\healthy\V10HO01.png,0,0.412163,0
pdraw_wave,vgg16,perspective,3,C:\Users\ramti\Desktop\ramtin legion pc\article_project\data\raw\pdraw_wave\test\healthy\V11HO01.png,0,0.434501,0
pdraw_wave,vgg16,perspective,3,C:\Users\ramti\Desktop\ramtin legion pc\article_project\data\raw\pdraw_wave\test\healthy\V55HO08.png,0,0.391689,0
pdraw_wave,vgg16,perspective,3,C:\Users\ramti\Desktop\ramtin legion pc\article_project\data\raw\pdraw_wave\test\healthy\V55HO09.png,0,0.442802,0
pdraw_wave,vgg16,perspective,3,C:\Users\ramti\Desktop\ramtin legion pc\article_project\data\raw\pdraw_wave\test\healthy\V55HO10.png,0,0.406389,0
pdraw_wave,vgg16,perspective,3,C:\Users\ramti\Desktop\ramtin legion pc\article_project\data\raw\pdraw_wave\test\healthy\V55HO11.png,0,0.418322,0
pdraw_wave,vgg16,perspective,3,C:\Users\ramti\Desktop\ramtin legion pc\article_project\data\raw\pdraw_wave\test\parkinson\V01PO01.png,1,0.429922,0
pdraw_wave,vgg16,perspective,3,C:\Users\ramti\Desktop\ramtin legion pc\article_project\data\raw\pdraw_wave\test\parkinson\V02PO01.png,1,0.506801,1
pdraw_wave,vgg16,perspective,3,C:\Users\ramti\Desktop\ramtin legion pc\article_project\data\raw\pdraw_wave\test\parkinson\V03PO01.png,1,0.470445,1
pdraw_wave,vgg16,perspective,3,C:\Users\ramti\Desktop\ramtin legion pc\article_project\data\raw\pdraw_wave\test\parkinson\V03PO04.png,1,0.497945,1
pdraw_wave,vgg16,perspective,3,C:\Users\ramti\Desktop\ramtin legion pc\article_project\data\raw\pdraw_wave\test\parkinson\V03PO07.png,1,0.477730,1
pdraw_wave,vgg16,perspective,3,C:\Users\ramti\Desktop\ramtin legion pc\article_project\data\raw\pdraw_wave\test\parkinson\V04PO01.png,1,0.489538,1
pdraw_wave,vgg16,perspective,3,C:\Users\ramti\Desktop\ramtin legion pc\article_project\data\raw\pdraw_wave\test\parkinson\V05PO01.png,1,0.509983,1
pdraw_wave,vgg16,perspective,3,C:\Users\ramti\Desktop\ramtin legion pc\article_project\data\raw\pdraw_wave\test\parkinson\V06PO01.png,1,0.469408,1
pdraw_wave,vgg16,perspective,3,C:\Users\ramti\Desktop\ramtin legion pc\article_project\data\raw\pdraw_wave\test\parkinson\V07PO01.png,1,0.525043,1
pdraw_wave,vgg16,perspective,3,C:\Users\ramti\Desktop\ramtin legion pc\article_project\data\raw\pdraw_wave\test\parkinson\V08PO01.png,1,0.372887,0
pdraw_wave,vgg16,perspective,3,C:\Users\ramti\Desktop\ramtin legion pc\article_project\data\raw\pdraw_wave\test\parkinson\V09PO01.png,1,0.503175,1
pdraw_wave,vgg16,perspective,3,C:\Users\ramti\Desktop\ramtin legion pc\article_project\data\raw\pdraw_wave\test\parkinson\V10PO01.png,1,0.438847,0
pdraw_wave,vgg16,perspective,3,C:\Users\ramti\Desktop\ramtin legion pc\article_project\data\raw\pdraw_wave\test\parkinson\V11PO01.png,1,0.419827,0
pdraw_wave,vgg16,perspective,3,C:\Users\ramti\Desktop\ramtin legion pc\article_project\data\raw\pdraw_wave\test\parkinson\V14PO01.png,1,0.510324,1
pdraw_wave,vgg16,perspective,3,C:\Users\ramti\Desktop\ramtin legion pc\article_project\data\raw\pdraw_wave\test\parkinson\V14PO03.png,1,0.496301,1
pdraw_wave,vgg16,perspective,4,C:\Users\ramti\Desktop\ramtin legion pc\article_project\data\raw\pdraw_wave\test\healthy\V01HO01.png,0,0.438620,0
pdraw_wave,vgg16,perspective,4,C:\Users\ramti\Desktop\ramtin legion pc\article_project\data\raw\pdraw_wave\test\healthy\V02HO01.png,0,0.400218,0
pdraw_wave,vgg16,perspective,4,C:\Users\ramti\Desktop\ramtin legion pc\article_project\data\raw\pdraw_wave\test\healthy\V03HO01.png,0,0.413240,0
pdraw_wave,vgg16,perspective,4,C:\Users\ramti\Desktop\ramtin legion pc\article_project\data\raw\pdraw_wave\test\healthy\V04HO01.png,0,0.406245,0
pdraw_wave,vgg16,perspective,4,C:\Users\ramti\Desktop\ramtin legion pc\article_project\data\raw\pdraw_wave\test\healthy\V05HO01.png,0,0.469590,1
pdraw_wave,vgg16,perspective,4,C:\Users\ramti\Desktop\ramtin legion pc\article_project\data\raw\pdraw_wave\test\healthy\V06HO01.png,0,0.410180,0
pdraw_wave,vgg16,perspective,4,C:\Users\ramti\Desktop\ramtin legion pc\article_project\data\raw\pdraw_wave\test\healthy\V07HO01.png,0,0.400634,0
pdraw_wave,vgg16,perspective,4,C:\Users\ramti\Desktop\ramtin legion pc\article_project\data\raw\pdraw_wave\test\healthy\V08HO01.png,0,0.397184,0
pdraw_wave,vgg16,perspective,4,C:\Users\ramti\Desktop\ramtin legion pc\article_project\data\raw\pdraw_wave\test\healthy\V09HO01.png,0,0.399251,0
pdraw_wave,vgg16,perspective,4,C:\Users\ramti\Desktop\ramtin legion pc\article_project\data\raw\pdraw_wave\test\healthy\V10HO01.png,0,0.409972,0
pdraw_wave,vgg16,perspective,4,C:\Users\ramti\Desktop\ramtin legion pc\article_project\data\raw\pdraw_wave\test\healthy\V11HO01.png,0,0.429603,0
pdraw_wave,vgg16,perspective,4,C:\Users\ramti\Desktop\ramtin legion pc\article_project\data\raw\pdraw_wave\test\healthy\V55HO08.png,0,0.391493,0
pdraw_wave,vgg16,perspective,4,C:\Users\ramti\Desktop\ramtin legion pc\article_project\data\raw\pdraw_wave\test\healthy\V55HO09.png,0,0.440923,0
pdraw_wave,vgg16,perspective,4,C:\Users\ramti\Desktop\ramtin legion pc\article_project\data\raw\pdraw_wave\test\healthy\V55HO10.png,0,0.410661,0
pdraw_wave,vgg16,perspective,4,C:\Users\ramti\Desktop\ramtin legion pc\article_project\data\raw\pdraw_wave\test\healthy\V55HO11.png,0,0.423074,0
pdraw_wave,vgg16,perspective,4,C:\Users\ramti\Desktop\ramtin legion pc\article_project\data\raw\pdraw_wave\test\parkinson\V01PO01.png,1,0.426142,0
pdraw_wave,vgg16,perspective,4,C:\Users\ramti\Desktop\ramtin legion pc\article_project\data\raw\pdraw_wave\test\parkinson\V02PO01.png,1,0.512326,1
pdraw_wave,vgg16,perspective,4,C:\Users\ramti\Desktop\ramtin legion pc\article_project\data\raw\pdraw_wave\test\parkinson\V03PO01.png,1,0.471265,1
pdraw_wave,vgg16,perspective,4,C:\Users\ramti\Desktop\ramtin legion pc\article_project\data\raw\pdraw_wave\test\parkinson\V03PO04.png,1,0.500018,1
pdraw_wave,vgg16,perspective,4,C:\Users\ramti\Desktop\ramtin legion pc\article_project\data\raw\pdraw_wave\test\parkinson\V03PO07.png,1,0.476779,1
pdraw_wave,vgg16,perspective,4,C:\Users\ramti\Desktop\ramtin legion pc\article_project\data\raw\pdraw_wave\test\parkinson\V04PO01.png,1,0.491816,1
pdraw_wave,vgg16,perspective,4,C:\Users\ramti\Desktop\ramtin legion pc\article_project\data\raw\pdraw_wave\test\parkinson\V05PO01.png,1,0.508783,1
pdraw_wave,vgg16,perspective,4,C:\Users\ramti\Desktop\ramtin legion pc\article_project\data\raw\pdraw_wave\test\parkinson\V06PO01.png,1,0.466166,1
pdraw_wave,vgg16,perspective,4,C:\Users\ramti\Desktop\ramtin legion pc\article_project\data\raw\pdraw_wave\test\parkinson\V07PO01.png,1,0.522552,1
pdraw_wave,vgg16,perspective,4,C:\Users\ramti\Desktop\ramtin legion pc\article_project\data\raw\pdraw_wave\test\parkinson\V08PO01.png,1,0.371225,0
pdraw_wave,vgg16,perspective,4,C:\Users\ramti\Desktop\ramtin legion pc\article_project\data\raw\pdraw_wave\test\parkinson\V09PO01.png,1,0.505159,1
pdraw_wave,vgg16,perspective,4,C:\Users\ramti\Desktop\ramtin legion pc\article_project\data\raw\pdraw_wave\test\parkinson\V10PO01.png,1,0.446010,0
pdraw_wave,vgg16,perspective,4,C:\Users\ramti\Desktop\ramtin legion pc\article_project\data\raw\pdraw_wave\test\parkinson\V11PO01.png,1,0.420823,0
pdraw_wave,vgg16,perspective,4,C:\Users\ramti\Desktop\ramtin legion pc\article_project\data\raw\pdraw_wave\test\parkinson\V14PO01.png,1,0.501234,1
pdraw_wave,vgg16,perspective,4,C:\Users\ramti\Desktop\ramtin legion pc\article_project\data\raw\pdraw_wave\test\parkinson\V14PO03.png,1,0.489702,1
pdraw_wave,vgg16,perspective,5,C:\Users\ramti\Desktop\ramtin legion pc\article_project\data\raw\pdraw_wave\test\healthy\V01HO01.png,0,0.440972,0
pdraw_wave,vgg16,perspective,5,C:\Users\ramti\Desktop\ramtin legion pc\article_project\data\raw\pdraw_wave\test\healthy\V02HO01.png,0,0.402723,0
pdraw_wave,vgg16,perspective,5,C:\Users\ramti\Desktop\ramtin legion pc\article_project\data\raw\pdraw_wave\test\healthy\V03HO01.png,0,0.417345,0
pdraw_wave,vgg16,perspective,5,C:\Users\ramti\Desktop\ramtin legion pc\article_project\data\raw\pdraw_wave\test\healthy\V04HO01.png,0,0.409060,0
pdraw_wave,vgg16,perspective,5,C:\Users\ramti\Desktop\ramtin legion pc\article_project\data\raw\pdraw_wave\test\healthy\V05HO01.png,0,0.470810,1
pdraw_wave,vgg16,perspective,5,C:\Users\ramti\Desktop\ramtin legion pc\article_project\data\raw\pdraw_wave\test\healthy\V06HO01.png,0,0.410471,0
pdraw_wave,vgg16,perspective,5,C:\Users\ramti\Desktop\ramtin legion pc\article_project\data\raw\pdraw_wave\test\healthy\V07HO01.png,0,0.394554,0
pdraw_wave,vgg16,perspective,5,C:\Users\ramti\Desktop\ramtin legion pc\article_project\data\raw\pdraw_wave\test\healthy\V08HO01.png,0,0.395990,0
pdraw_wave,vgg16,perspective,5,C:\Users\ramti\Desktop\ramtin legion pc\article_project\data\raw\pdraw_wave\test\healthy\V09HO01.png,0,0.392280,0
pdraw_wave,vgg16,perspective,5,C:\Users\ramti\Desktop\ramtin legion pc\article_project\data\raw\pdraw_wave\test\healthy\V10HO01.png,0,0.410529,0
pdraw_wave,vgg16,perspective,5,C:\Users\ramti\Desktop\ramtin legion pc\article_project\data\raw\pdraw_wave\test\healthy\V11HO01.png,0,0.424763,0
pdraw_wave,vgg16,perspective,5,C:\Users\ramti\Desktop\ramtin legion pc\article_project\data\raw\pdraw_wave\test\healthy\V55HO08.png,0,0.397616,0
pdraw_wave,vgg16,perspective,5,C:\Users\ramti\Desktop\ramtin legion pc\article_project\data\raw\pdraw_wave\test\healthy\V55HO09.png,0,0.440737,0
pdraw_wave,vgg16,perspective,5,C:\Users\ramti\Desktop\ramtin legion pc\article_project\data\raw\pdraw_wave\test\healthy\V55HO10.png,0,0.408042,0
pdraw_wave,vgg16,perspective,5,C:\Users\ramti\Desktop\ramtin legion pc\article_project\data\raw\pdraw_wave\test\healthy\V55HO11.png,0,0.423953,0
pdraw_wave,vgg16,perspective,5,C:\Users\ramti\Desktop\ramtin legion pc\article_project\data\raw\pdraw_wave\test\parkinson\V01PO01.png,1,0.425144,0
pdraw_wave,vgg16,perspective,5,C:\Users\ramti\Desktop\ramtin legion pc\article_project\data\raw\pdraw_wave\test\parkinson\V02PO01.png,1,0.509207,1
pdraw_wave,vgg16,perspective,5,C:\Users\ramti\Desktop\ramtin legion pc\article_project\data\raw\pdraw_wave\test\parkinson\V03PO01.png,1,0.470610,1
pdraw_wave,vgg16,perspective,5,C:\Users\ramti\Desktop\ramtin legion pc\article_project\data\raw\pdraw_wave\test\parkinson\V03PO04.png,1,0.498280,1
pdraw_wave,vgg16,perspective,5,C:\Users\ramti\Desktop\ramtin legion pc\article_project\data\raw\pdraw_wave\test\parkinson\V03PO07.png,1,0.480115,1
pdraw_wave,vgg16,perspective,5,C:\Users\ramti\Desktop\ramtin legion pc\article_project\data\raw\pdraw_wave\test\parkinson\V04PO01.png,1,0.486220,1
pdraw_wave,vgg16,perspective,5,C:\Users\ramti\Desktop\ramtin legion pc\article_project\data\raw\pdraw_wave\test\parkinson\V05PO01.png,1,0.504152,1
pdraw_wave,vgg16,perspective,5,C:\Users\ramti\Desktop\ramtin legion pc\article_project\data\raw\pdraw_wave\test\parkinson\V06PO01.png,1,0.469118,1
pdraw_wave,vgg16,perspective,5,C:\Users\ramti\Desktop\ramtin legion pc\article_project\data\raw\pdraw_wave\test\parkinson\V07PO01.png,1,0.514395,1
pdraw_wave,vgg16,perspective,5,C:\Users\ramti\Desktop\ramtin legion pc\article_project\data\raw\pdraw_wave\test\parkinson\V08PO01.png,1,0.366323,0
pdraw_wave,vgg16,perspective,5,C:\Users\ramti\Desktop\ramtin legion pc\article_project\data\raw\pdraw_wave\test\parkinson\V09PO01.png,1,0.504965,1
pdraw_wave,vgg16,perspective,5,C:\Users\ramti\Desktop\ramtin legion pc\article_project\data\raw\pdraw_wave\test\parkinson\V10PO01.png,1,0.444684,0
pdraw_wave,vgg16,perspective,5,C:\Users\ramti\Desktop\ramtin legion pc\article_project\data\raw\pdraw_wave\test\parkinson\V11PO01.png,1,0.418798,0
pdraw_wave,vgg16,perspective,5,C:\Users\ramti\Desktop\ramtin legion pc\article_project\data\raw\pdraw_wave\test\parkinson\V14PO01.png,1,0.494864,1
pdraw_wave,vgg16,perspective,5,C:\Users\ramti\Desktop\ramtin legion pc\article_project\data\raw\pdraw_wave\test\parkinson\V14PO03.png,1,0.491878,1
pdraw_wave,vgg16,rotation,1,C:\Users\ramti\Desktop\ramtin legion pc\article_project\data\raw\pdraw_wave\test\healthy\V01HO01.png,0,0.430221,0
pdraw_wave,vgg16,rotation,1,C:\Users\ramti\Desktop\ramtin legion pc\article_project\data\raw\pdraw_wave\test\healthy\V02HO01.png,0,0.389098,0
pdraw_wave,vgg16,rotation,1,C:\Users\ramti\Desktop\ramtin legion pc\article_project\data\raw\pdraw_wave\test\healthy\V03HO01.png,0,0.392778,0
pdraw_wave,vgg16,rotation,1,C:\Users\ramti\Desktop\ramtin legion pc\article_project\data\raw\pdraw_wave\test\healthy\V04HO01.png,0,0.403257,0
pdraw_wave,vgg16,rotation,1,C:\Users\ramti\Desktop\ramtin legion pc\article_project\data\raw\pdraw_wave\test\healthy\V05HO01.png,0,0.459267,1
pdraw_wave,vgg16,rotation,1,C:\Users\ramti\Desktop\ramtin legion pc\article_project\data\raw\pdraw_wave\test\healthy\V06HO01.png,0,0.392784,0
pdraw_wave,vgg16,rotation,1,C:\Users\ramti\Desktop\ramtin legion pc\article_project\data\raw\pdraw_wave\test\healthy\V07HO01.png,0,0.385437,0
pdraw_wave,vgg16,rotation,1,C:\Users\ramti\Desktop\ramtin legion pc\article_project\data\raw\pdraw_wave\test\healthy\V08HO01.png,0,0.379734,0
pdraw_wave,vgg16,rotation,1,C:\Users\ramti\Desktop\ramtin legion pc\article_project\data\raw\pdraw_wave\test\healthy\V09HO01.png,0,0.383044,0
pdraw_wave,vgg16,rotation,1,C:\Users\ramti\Desktop\ramtin legion pc\article_project\data\raw\pdraw_wave\test\healthy\V10HO01.png,0,0.389368,0
pdraw_wave,vgg16,rotation,1,C:\Users\ramti\Desktop\ramtin legion pc\article_project\data\raw\pdraw_wave\test\healthy\V11HO01.png,0,0.410754,0
pdraw_wave,vgg16,rotation,1,C:\Users\ramti\Desktop\ramtin legion pc\article_project\data\raw\pdraw_wave\test\healthy\V55HO08.png,0,0.373870,0
pdraw_wave,vgg16,rotation,1,C:\Users\ramti\Desktop\ramtin legion pc\article_project\data\raw\pdraw_wave\test\healthy\V55HO09.png,0,0.429915,0
pdraw_wave,vgg16,rotation,1,C:\Users\ramti\Desktop\ramtin legion pc\article_project\data\raw\pdraw_wave\test\healthy\V55HO10.png,0,0.415221,0
pdraw_wave,vgg16,rotation,1,C:\Users\ramti\Desktop\ramtin legion pc\article_project\data\raw\pdraw_wave\test\healthy\V55HO11.png,0,0.428892,0
pdraw_wave,vgg16,rotation,1,C:\Users\ramti\Desktop\ramtin legion pc\article_project\data\raw\pdraw_wave\test\parkinson\V01PO01.png,1,0.442620,0
pdraw_wave,vgg16,rotation,1,C:\Users\ramti\Desktop\ramtin legion pc\article_project\data\raw\pdraw_wave\test\parkinson\V02PO01.png,1,0.498923,1
pdraw_wave,vgg16,rotation,1,C:\Users\ramti\Desktop\ramtin legion pc\article_project\data\raw\pdraw_wave\test\parkinson\V03PO01.png,1,0.478907,1
pdraw_wave,vgg16,rotation,1,C:\Users\ramti\Desktop\ramtin legion pc\article_project\data\raw\pdraw_wave\test\parkinson\V03PO04.png,1,0.499924,1
pdraw_wave,vgg16,rotation,1,C:\Users\ramti\Desktop\ramtin legion pc\article_project\data\raw\pdraw_wave\test\parkinson\V03PO07.png,1,0.483220,1
pdraw_wave,vgg16,rotation,1,C:\Users\ramti\Desktop\ramtin legion pc\article_project\data\raw\pdraw_wave\test\parkinson\V04PO01.png,1,0.494156,1
pdraw_wave,vgg16,rotation,1,C:\Users\ramti\Desktop\ramtin legion pc\article_project\data\raw\pdraw_wave\test\parkinson\V05PO01.png,1,0.510328,1
pdraw_wave,vgg16,rotation,1,C:\Users\ramti\Desktop\ramtin legion pc\article_project\data\raw\pdraw_wave\test\parkinson\V06PO01.png,1,0.474482,1
pdraw_wave,vgg16,rotation,1,C:\Users\ramti\Desktop\ramtin legion pc\article_project\data\raw\pdraw_wave\test\parkinson\V07PO01.png,1,0.525676,1
pdraw_wave,vgg16,rotation,1,C:\Users\ramti\Desktop\ramtin legion pc\article_project\data\raw\pdraw_wave\test\parkinson\V08PO01.png,1,0.352546,0
pdraw_wave,vgg16,rotation,1,C:\Users\ramti\Desktop\ramtin legion pc\article_project\data\raw\pdraw_wave\test\parkinson\V09PO01.png,1,0.507311,1
pdraw_wave,vgg16,rotation,1,C:\Users\ramti\Desktop\ramtin legion pc\article_project\data\raw\pdraw_wave\test\parkinson\V10PO01.png,1,0.446602,0
pdraw_wave,vgg16,rotation,1,C:\Users\ramti\Desktop\ramtin legion pc\article_project\data\raw\pdraw_wave\test\parkinson\V11PO01.png,1,0.403095,0
pdraw_wave,vgg16,rotation,1,C:\Users\ramti\Desktop\ramtin legion pc\article_project\data\raw\pdraw_wave\test\parkinson\V14PO01.png,1,0.503698,1
pdraw_wave,vgg16,rotation,1,C:\Users\ramti\Desktop\ramtin legion pc\article_project\data\raw\pdraw_wave\test\parkinson\V14PO03.png,1,0.490390,1
pdraw_wave,vgg16,rotation,2,C:\Users\ramti\Desktop\ramtin legion pc\article_project\data\raw\pdraw_wave\test\healthy\V01HO01.png,0,0.430048,0
pdraw_wave,vgg16,rotation,2,C:\Users\ramti\Desktop\ramtin legion pc\article_project\data\raw\pdraw_wave\test\healthy\V02HO01.png,0,0.385643,0
pdraw_wave,vgg16,rotation,2,C:\Users\ramti\Desktop\ramtin legion pc\article_project\data\raw\pdraw_wave\test\healthy\V03HO01.png,0,0.388941,0
pdraw_wave,vgg16,rotation,2,C:\Users\ramti\Desktop\ramtin legion pc\article_project\data\raw\pdraw_wave\test\healthy\V04HO01.png,0,0.395275,0
pdraw_wave,vgg16,rotation,2,C:\Users\ramti\Desktop\ramtin legion pc\article_project\data\raw\pdraw_wave\test\healthy\V05HO01.png,0,0.456645,1
pdraw_wave,vgg16,rotation,2,C:\Users\ramti\Desktop\ramtin legion pc\article_project\data\raw\pdraw_wave\test\healthy\V06HO01.png,0,0.378864,0
pdraw_wave,vgg16,rotation,2,C:\Users\ramti\Desktop\ramtin legion pc\article_project\data\raw\pdraw_wave\test\healthy\V07HO01.png,0,0.392272,0
pdraw_wave,vgg16,rotation,2,C:\Users\ramti\Desktop\ramtin legion pc\article_project\data\raw\pdraw_wave\test\healthy\V08HO01.png,0,0.380405,0
pdraw_wave,vgg16,rotation,2,C:\Users\ramti\Desktop\ramtin legion pc\article_project\data\raw\pdraw_wave\test\healthy\V09HO01.png,0,0.379239,0
pdraw_wave,vgg16,rotation,2,C:\Users\ramti\Desktop\ramtin legion pc\article_project\data\raw\pdraw_wave\test\healthy\V10HO01.png,0,0.395458,0
pdraw_wave,vgg16,rotation,2,C:\Users\ramti\Desktop\ramtin legion pc\article_project\data\raw\pdraw_wave\test\healthy\V11HO01.png,0,0.416971,0
pdraw_wave,vgg16,rotation,2,C:\Users\ramti\Desktop\ramtin legion pc\article_project\data\raw\pdraw_wave\test\healthy\V55HO08.png,0,0.377686,0
pdraw_wave,vgg16,rotation,2,C:\Users\ramti\Desktop\ramtin legion pc\article_project\data\raw\pdraw_wave\test\healthy\V55HO09.png,0,0.439745,0
pdraw_wave,vgg16,rotation,2,C:\Users\ramti\Desktop\ramtin legion pc\article_project\data\raw\pdraw_wave\test\healthy\V55HO10.png,0,0.378541,0
pdraw_wave,vgg16,rotation,2,C:\Users\ramti\Desktop\ramtin legion pc\article_project\data\raw\pdraw_wave\test\healthy\V55HO11.png,0,0.429009,0
pdraw_wave,vgg16,rotation,2,C:\Users\ramti\Desktop\ramtin legion pc\article_project\data\raw\pdraw_wave\test\parkinson\V01PO01.png,1,0.404647,0
pdraw_wave,vgg16,rotation,2,C:\Users\ramti\Desktop\ramtin legion pc\article_project\data\raw\pdraw_wave\test\parkinson\V02PO01.png,1,0.490959,1
pdraw_wave,vgg16,rotation,2,C:\Users\ramti\Desktop\ramtin legion pc\article_project\data\raw\pdraw_wave\test\parkinson\V03PO01.png,1,0.458769,1
pdraw_wave,vgg16,rotation,2,C:\Users\ramti\Desktop\ramtin legion pc\article_project\data\raw\pdraw_wave\test\parkinson\V03PO04.png,1,0.494932,1
pdraw_wave,vgg16,rotation,2,C:\Users\ramti\Desktop\ramtin legion pc\article_project\data\raw\pdraw_wave\test\parkinson\V03PO07.png,1,0.475091,1
pdraw_wave,vgg16,rotation,2,C:\Users\ramti\Desktop\ramtin legion pc\article_project\data\raw\pdraw_wave\test\parkinson\V04PO01.png,1,0.476255,1
pdraw_wave,vgg16,rotation,2,C:\Users\ramti\Desktop\ramtin legion pc\article_project\data\raw\pdraw_wave\test\parkinson\V05PO01.png,1,0.512169,1
pdraw_wave,vgg16,rotation,2,C:\Users\ramti\Desktop\ramtin legion pc\article_project\data\raw\pdraw_wave\test\parkinson\V06PO01.png,1,0.449906,0
pdraw_wave,vgg16,rotation,2,C:\Users\ramti\Desktop\ramtin legion pc\article_project\data\raw\pdraw_wave\test\parkinson\V07PO01.png,1,0.524112,1
pdraw_wave,vgg16,rotation,2,C:\Users\ramti\Desktop\ramtin legion pc\article_project\data\raw\pdraw_wave\test\parkinson\V08PO01.png,1,0.355869,0
pdraw_wave,vgg16,rotation,2,C:\Users\ramti\Desktop\ramtin legion pc\article_project\data\raw\pdraw_wave\test\parkinson\V09PO01.png,1,0.503579,1
pdraw_wave,vgg16,rotation,2,C:\Users\ramti\Desktop\ramtin legion pc\article_project\data\raw\pdraw_wave\test\parkinson\V10PO01.png,1,0.426348,0
pdraw_wave,vgg16,rotation,2,C:\Users\ramti\Desktop\ramtin legion pc\article_project\data\raw\pdraw_wave\test\parkinson\V11PO01.png,1,0.384186,0
pdraw_wave,vgg16,rotation,2,C:\Users\ramti\Desktop\ramtin legion pc\article_project\data\raw\pdraw_wave\test\parkinson\V14PO01.png,1,0.482173,1
pdraw_wave,vgg16,rotation,2,C:\Users\ramti\Desktop\ramtin legion pc\article_project\data\raw\pdraw_wave\test\parkinson\V14PO03.png,1,0.476879,1
pdraw_wave,vgg16,rotation,3,C:\Users\ramti\Desktop\ramtin legion pc\article_project\data\raw\pdraw_wave\test\healthy\V01HO01.png,0,0.405619,0
pdraw_wave,vgg16,rotation,3,C:\Users\ramti\Desktop\ramtin legion pc\article_project\data\raw\pdraw_wave\test\healthy\V02HO01.png,0,0.380811,0
pdraw_wave,vgg16,rotation,3,C:\Users\ramti\Desktop\ramtin legion pc\article_project\data\raw\pdraw_wave\test\healthy\V03HO01.png,0,0.399472,0
pdraw_wave,vgg16,rotation,3,C:\Users\ramti\Desktop\ramtin legion pc\article_project\data\raw\pdraw_wave\test\healthy\V04HO01.png,0,0.391146,0
pdraw_wave,vgg16,rotation,3,C:\Users\ramti\Desktop\ramtin legion pc\article_project\data\raw\pdraw_wave\test\healthy\V05HO01.png,0,0.445538,0
pdraw_wave,vgg16,rotation,3,C:\Users\ramti\Desktop\ramtin legion pc\article_project\data\raw\pdraw_wave\test\healthy\V06HO01.png,0,0.406708,0
pdraw_wave,vgg16,rotation,3,C:\Users\ramti\Desktop\ramtin legion pc\article_project\data\raw\pdraw_wave\test\healthy\V07HO01.png,0,0.388172,0
pdraw_wave,vgg16,rotation,3,C:\Users\ramti\Desktop\ramtin legion pc\article_project\data\raw\pdraw_wave\test\healthy\V08HO01.png,0,0.382073,0
pdraw_wave,vgg16,rotation,3,C:\Users\ramti\Desktop\ramtin legion pc\article_project\data\raw\pdraw_wave\test\healthy\V09HO01.png,0,0.386962,0
pdraw_wave,vgg16,rotation,3,C:\Users\ramti\Desktop\ramtin legion pc\article_project\data\raw\pdraw_wave\test\healthy\V10HO01.png,0,0.372456,0
pdraw_wave,vgg16,rotation,3,C:\Users\ramti\Desktop\ramtin legion pc\article_project\data\raw\pdraw_wave\test\healthy\V11HO01.png,0,0.405077,0
pdraw_wave,vgg16,rotation,3,C:\Users\ramti\Desktop\ramtin legion pc\article_project\data\raw\pdraw_wave\test\healthy\V55HO08.png,0,0.370620,0
pdraw_wave,vgg16,rotation,3,C:\Users\ramti\Desktop\ramtin legion pc\article_project\data\raw\pdraw_wave\test\healthy\V55HO09.png,0,0.411105,0
pdraw_wave,vgg16,rotation,3,C:\Users\ramti\Desktop\ramtin legion pc\article_project\data\raw\pdraw_wave\test\healthy\V55HO10.png,0,0.425906,0
pdraw_wave,vgg16,rotation,3,C:\Users\ramti\Desktop\ramtin legion pc\article_project\data\raw\pdraw_wave\test\healthy\V55HO11.png,0,0.413883,0
pdraw_wave,vgg16,rotation,3,C:\Users\ramti\Desktop\ramtin legion pc\article_project\data\raw\pdraw_wave\test\parkinson\V01PO01.png,1,0.427849,0
pdraw_wave,vgg16,rotation,3,C:\Users\ramti\Desktop\ramtin legion pc\article_project\data\raw\pdraw_wave\test\parkinson\V02PO01.png,1,0.490958,1
pdraw_wave,vgg16,rotation,3,C:\Users\ramti\Desktop\ramtin legion pc\article_project\data\raw\pdraw_wave\test\parkinson\V03PO01.png,1,0.464915,1
pdraw_wave,vgg16,rotation,3,C:\Users\ramti\Desktop\ramtin legion pc\article_project\data\raw\pdraw_wave\test\parkinson\V03PO04.png,1,0.504086,1
pdraw_wave,vgg16,rotation,3,C:\Users\ramti\Desktop\ramtin legion pc\article_project\data\raw\pdraw_wave\test\parkinson\V03PO07.png,1,0.479661,1
pdraw_wave,vgg16,rotation,3,C:\Users\ramti\Desktop\ramtin legion pc\article_project\data\raw\pdraw_wave\test\parkinson\V04PO01.png,1,0.485071,1
pdraw_wave,vgg16,rotation,3,C:\Users\ramti\Desktop\ramtin legion pc\article_project\data\raw\pdraw_wave\test\parkinson\V05PO01.png,1,0.500452,1
pdraw_wave,vgg16,rotation,3,C:\Users\ramti\Desktop\ramtin legion pc\article_project\data\raw\pdraw_wave\test\parkinson\V06PO01.png,1,0.451683,1
pdraw_wave,vgg16,rotation,3,C:\Users\ramti\Desktop\ramtin legion pc\article_project\data\raw\pdraw_wave\test\parkinson\V07PO01.png,1,0.502550,1
pdraw_wave,vgg16,rotation,3,C:\Users\ramti\Desktop\ramtin legion pc\article_project\data\raw\pdraw_wave\test\parkinson\V08PO01.png,1,0.353092,0
pdraw_wave,vgg16,rotation,3,C:\Users\ramti\Desktop\ramtin legion pc\article_project\data\raw\pdraw_wave\test\parkinson\V09PO01.png,1,0.485172,1
pdraw_wave,vgg16,rotation,3,C:\Users\ramti\Desktop\ramtin legion pc\article_project\data\raw\pdraw_wave\test\parkinson\V10PO01.png,1,0.418327,0
pdraw_wave,vgg16,rotation,3,C:\Users\ramti\Desktop\ramtin legion pc\article_project\data\raw\pdraw_wave\test\parkinson\V11PO01.png,1,0.406636,0
pdraw_wave,vgg16,rotation,3,C:\Users\ramti\Desktop\ramtin legion pc\article_project\data\raw\pdraw_wave\test\parkinson\V14PO01.png,1,0.481453,1
pdraw_wave,vgg16,rotation,3,C:\Users\ramti\Desktop\ramtin legion pc\article_project\data\raw\pdraw_wave\test\parkinson\V14PO03.png,1,0.466775,1
pdraw_wave,vgg16,rotation,4,C:\Users\ramti\Desktop\ramtin legion pc\article_project\data\raw\pdraw_wave\test\healthy\V01HO01.png,0,0.429151,0
pdraw_wave,vgg16,rotation,4,C:\Users\ramti\Desktop\ramtin legion pc\article_project\data\raw\pdraw_wave\test\healthy\V02HO01.png,0,0.390474,0
pdraw_wave,vgg16,rotation,4,C:\Users\ramti\Desktop\ramtin legion pc\article_project\data\raw\pdraw_wave\test\healthy\V03HO01.png,0,0.404116,0
pdraw_wave,vgg16,rotation,4,C:\Users\ramti\Desktop\ramtin legion pc\article_project\data\raw\pdraw_wave\test\healthy\V04HO01.png,0,0.400668,0
pdraw_wave,vgg16,rotation,4,C:\Users\ramti\Desktop\ramtin legion pc\article_project\data\raw\pdraw_wave\test\healthy\V05HO01.png,0,0.460469,1
pdraw_wave,vgg16,rotation,4,C:\Users\ramti\Desktop\ramtin legion pc\article_project\data\raw\pdraw_wave\test\healthy\V06HO01.png,0,0.363188,0
pdraw_wave,vgg16,rotation,4,C:\Users\ramti\Desktop\ramtin legion pc\article_project\data\raw\pdraw_wave\test\healthy\V07HO01.png,0,0.393862,0
pdraw_wave,vgg16,rotation,4,C:\Users\ramti\Desktop\ramtin legion pc\article_project\data\raw\pdraw_wave\test\healthy\V08HO01.png,0,0.364216,0
pdraw_wave,vgg16,rotation,4,C:\Users\ramti\Desktop\ramtin legion pc\article_project\data\raw\pdraw_wave\test\healthy\V09HO01.png,0,0.370621,0
pdraw_wave,vgg16,rotation,4,C:\Users\ramti\Desktop\ramtin legion pc\article_project\data\raw\pdraw_wave\test\healthy\V10HO01.png,0,0.375136,0
pdraw_wave,vgg16,rotation,4,C:\Users\ramti\Desktop\ramtin legion pc\article_project\data\raw\pdraw_wave\test\healthy\V11HO01.png,0,0.424339,0
pdraw_wave,vgg16,rotation,4,C:\Users\ramti\Desktop\ramtin legion pc\article_project\data\raw\pdraw_wave\test\healthy\V55HO08.png,0,0.383034,0
pdraw_wave,vgg16,rotation,4,C:\Users\ramti\Desktop\ramtin legion pc\article_project\data\raw\pdraw_wave\test\healthy\V55HO09.png,0,0.442113,0
pdraw_wave,vgg16,rotation,4,C:\Users\ramti\Desktop\ramtin legion pc\article_project\data\raw\pdraw_wave\test\healthy\V55HO10.png,0,0.378709,0
pdraw_wave,vgg16,rotation,4,C:\Users\ramti\Desktop\ramtin legion pc\article_project\data\raw\pdraw_wave\test\healthy\V55HO11.png,0,0.405338,0
pdraw_wave,vgg16,rotation,4,C:\Users\ramti\Desktop\ramtin legion pc\article_project\data\raw\pdraw_wave\test\parkinson\V01PO01.png,1,0.392725,0
pdraw_wave,vgg16,rotation,4,C:\Users\ramti\Desktop\ramtin legion pc\article_project\data\raw\pdraw_wave\test\parkinson\V02PO01.png,1,0.484106,1
pdraw_wave,vgg16,rotation,4,C:\Users\ramti\Desktop\ramtin legion pc\article_project\data\raw\pdraw_wave\test\parkinson\V03PO01.png,1,0.444188,0
pdraw_wave,vgg16,rotation,4,C:\Users\ramti\Desktop\ramtin legion pc\article_project\data\raw\pdraw_wave\test\parkinson\V03PO04.png,1,0.474444,1
pdraw_wave,vgg16,rotation,4,C:\Users\ramti\Desktop\ramtin legion pc\article_project\data\raw\pdraw_wave\test\parkinson\V03PO07.png,1,0.460177,1
pdraw_wave,vgg16,rotation,4,C:\Users\ramti\Desktop\ramtin legion pc\article_project\data\raw\pdraw_wave\test\parkinson\V04PO01.png,1,0.460846,1
pdraw_wave,vgg16,rotation,4,C:\Users\ramti\Desktop\ramtin legion pc\article_project\data\raw\pdraw_wave\test\parkinson\V05PO01.png,1,0.511806,1
pdraw_wave,vgg16,rotation,4,C:\Users\ramti\Desktop\ramtin legion pc\article_project\data\raw\pdraw_wave\test\parkinson\V06PO01.png,1,0.440870,0
pdraw_wave,vgg16,rotation,4,C:\Users\ramti\Desktop\ramtin legion pc\article_project\data\raw\pdraw_wave\test\parkinson\V07PO01.png,1,0.512190,1
pdraw_wave,vgg16,rotation,4,C:\Users\ramti\Desktop\ramtin legion pc\article_project\data\raw\pdraw_wave\test\parkinson\V08PO01.png,1,0.358857,0
pdraw_wave,vgg16,rotation,4,C:\Users\ramti\Desktop\ramtin legion pc\article_project\data\raw\pdraw_wave\test\parkinson\V09PO01.png,1,0.495306,1
pdraw_wave,vgg16,rotation,4,C:\Users\ramti\Desktop\ramtin legion pc\article_project\data\raw\pdraw_wave\test\parkinson\V10PO01.png,1,0.434468,0
pdraw_wave,vgg16,rotation,4,C:\Users\ramti\Desktop\ramtin legion pc\article_project\data\raw\pdraw_wave\test\parkinson\V11PO01.png,1,0.397473,0
pdraw_wave,vgg16,rotation,4,C:\Users\ramti\Desktop\ramtin legion pc\article_project\data\raw\pdraw_wave\test\parkinson\V14PO01.png,1,0.475317,1
pdraw_wave,vgg16,rotation,4,C:\Users\ramti\Desktop\ramtin legion pc\article_project\data\raw\pdraw_wave\test\parkinson\V14PO03.png,1,0.452007,1
pdraw_wave,vgg16,rotation,5,C:\Users\ramti\Desktop\ramtin legion pc\article_project\data\raw\pdraw_wave\test\healthy\V01HO01.png,0,0.393882,0
pdraw_wave,vgg16,rotation,5,C:\Users\ramti\Desktop\ramtin legion pc\article_project\data\raw\pdraw_wave\test\healthy\V02HO01.png,0,0.364319,0
pdraw_wave,vgg16,rotation,5,C:\Users\ramti\Desktop\ramtin legion pc\article_project\data\raw\pdraw_wave\test\healthy\V03HO01.png,0,0.403682,0
pdraw_wave,vgg16,rotation,5,C:\Users\ramti\Desktop\ramtin legion pc\article_project\data\raw\pdraw_wave\test\healthy\V04HO01.png,0,0.416451,0
pdraw_wave,vgg16,rotation,5,C:\Users\ramti\Desktop\ramtin legion pc\article_project\data\raw\pdraw_wave\test\healthy\V05HO01.png,0,0.430597,0
pdraw_wave,vgg16,rotation,5,C:\Users\ramti\Desktop\ramtin legion pc\article_project\data\raw\pdraw_wave\test\healthy\V06HO01.png,0,0.397752,0
pdraw_wave,vgg16,rotation,5,C:\Users\ramti\Desktop\ramtin legion pc\article_project\data\raw\pdraw_wave\test\healthy\V07HO01.png,0,0.407604,0
pdraw_wave,vgg16,rotation,5,C:\Users\ramti\Desktop\ramtin legion pc\article_project\data\raw\pdraw_wave\test\healthy\V08HO01.png,0,0.373401,0
pdraw_wave,vgg16,rotation,5,C:\Users\ramti\Desktop\ramtin legion pc\article_project\data\raw\pdraw_wave\test\healthy\V09HO01.png,0,0.409153,0
pdraw_wave,vgg16,rotation,5,C:\Users\ramti\Desktop\ramtin legion pc\article_project\data\raw\pdraw_wave\test\healthy\V10HO01.png,0,0.379662,0
pdraw_wave,vgg16,rotation,5,C:\Users\ramti\Desktop\ramtin legion pc\article_project\data\raw\pdraw_wave\test\healthy\V11HO01.png,0,0.405382,0
pdraw_wave,vgg16,rotation,5,C:\Users\ramti\Desktop\ramtin legion pc\article_project\data\raw\pdraw_wave\test\healthy\V55HO08.png,0,0.369256,0
pdraw_wave,vgg16,rotation,5,C:\Users\ramti\Desktop\ramtin legion pc\article_project\data\raw\pdraw_wave\test\healthy\V55HO09.png,0,0.400436,0
pdraw_wave,vgg16,rotation,5,C:\Users\ramti\Desktop\ramtin legion pc\article_project\data\raw\pdraw_wave\test\healthy\V55HO10.png,0,0.419218,0
pdraw_wave,vgg16,rotation,5,C:\Users\ramti\Desktop\ramtin legion pc\article_project\data\raw\pdraw_wave\test\healthy\V55HO11.png,0,0.414661,0
pdraw_wave,vgg16,rotation,5,C:\Users\ramti\Desktop\ramtin legion pc\article_project\data\raw\pdraw_wave\test\parkinson\V01PO01.png,1,0.439499,0
pdraw_wave,vgg16,rotation,5,C:\Users\ramti\Desktop\ramtin legion pc\article_project\data\raw\pdraw_wave\test\parkinson\V02PO01.png,1,0.482794,1
pdraw_wave,vgg16,rotation,5,C:\Users\ramti\Desktop\ramtin legion pc\article_project\data\raw\pdraw_wave\test\parkinson\V03PO01.png,1,0.464082,1
pdraw_wave,vgg16,rotation,5,C:\Users\ramti\Desktop\ramtin legion pc\article_project\data\raw\pdraw_wave\test\parkinson\V03PO04.png,1,0.508430,1
pdraw_wave,vgg16,rotation,5,C:\Users\ramti\Desktop\ramtin legion pc\article_project\data\raw\pdraw_wave\test\parkinson\V03PO07.png,1,0.472004,1
pdraw_wave,vgg16,rotation,5,C:\Users\ramti\Desktop\ramtin legion pc\article_project\data\raw\pdraw_wave\test\parkinson\V04PO01.png,1,0.486605,1
pdraw_wave,vgg16,rotation,5,C:\Users\ramti\Desktop\ramtin legion pc\article_project\data\raw\pdraw_wave\test\parkinson\V05PO01.png,1,0.501854,1
pdraw_wave,vgg16,rotation,5,C:\Users\ramti\Desktop\ramtin legion pc\article_project\data\raw\pdraw_wave\test\parkinson\V06PO01.png,1,0.456014,1
pdraw_wave,vgg16,rotation,5,C:\Users\ramti\Desktop\ramtin legion pc\article_project\data\raw\pdraw_wave\test\parkinson\V07PO01.png,1,0.498243,1
pdraw_wave,vgg16,rotation,5,C:\Users\ramti\Desktop\ramtin legion pc\article_project\data\raw\pdraw_wave\test\parkinson\V08PO01.png,1,0.383907,0
pdraw_wave,vgg16,rotation,5,C:\Users\ramti\Desktop\ramtin legion pc\article_project\data\raw\pdraw_wave\test\parkinson\V09PO01.png,1,0.476705,1
pdraw_wave,vgg16,rotation,5,C:\Users\ramti\Desktop\ramtin legion pc\article_project\data\raw\pdraw_wave\test\parkinson\V10PO01.png,1,0.417935,0
pdraw_wave,vgg16,rotation,5,C:\Users\ramti\Desktop\ramtin legion pc\article_project\data\raw\pdraw_wave\test\parkinson\V11PO01.png,1,0.435537,0
pdraw_wave,vgg16,rotation,5,C:\Users\ramti\Desktop\ramtin legion pc\article_project\data\raw\pdraw_wave\test\parkinson\V14PO01.png,1,0.468098,1
pdraw_wave,vgg16,rotation,5,C:\Users\ramti\Desktop\ramtin legion pc\article_project\data\raw\pdraw_wave\test\parkinson\V14PO03.png,1,0.469686,1
pdraw_wave,efficientnet_b0,clean,0,C:\Users\ramti\Desktop\ramtin legion pc\article_project\data\raw\pdraw_wave\test\healthy\V01HO01.png,0,0.398104,1
pdraw_wave,efficientnet_b0,clean,0,C:\Users\ramti\Desktop\ramtin legion pc\article_project\data\raw\pdraw_wave\test\healthy\V02HO01.png,0,0.170004,0
pdraw_wave,efficientnet_b0,clean,0,C:\Users\ramti\Desktop\ramtin legion pc\article_project\data\raw\pdraw_wave\test\healthy\V03HO01.png,0,0.257897,0
pdraw_wave,efficientnet_b0,clean,0,C:\Users\ramti\Desktop\ramtin legion pc\article_project\data\raw\pdraw_wave\test\healthy\V04HO01.png,0,0.232427,0
pdraw_wave,efficientnet_b0,clean,0,C:\Users\ramti\Desktop\ramtin legion pc\article_project\data\raw\pdraw_wave\test\healthy\V05HO01.png,0,0.598002,1
pdraw_wave,efficientnet_b0,clean,0,C:\Users\ramti\Desktop\ramtin legion pc\article_project\data\raw\pdraw_wave\test\healthy\V06HO01.png,0,0.390900,1
pdraw_wave,efficientnet_b0,clean,0,C:\Users\ramti\Desktop\ramtin legion pc\article_project\data\raw\pdraw_wave\test\healthy\V07HO01.png,0,0.156688,0
pdraw_wave,efficientnet_b0,clean,0,C:\Users\ramti\Desktop\ramtin legion pc\article_project\data\raw\pdraw_wave\test\healthy\V08HO01.png,0,0.250735,0
pdraw_wave,efficientnet_b0,clean,0,C:\Users\ramti\Desktop\ramtin legion pc\article_project\data\raw\pdraw_wave\test\healthy\V09HO01.png,0,0.294463,0
pdraw_wave,efficientnet_b0,clean,0,C:\Users\ramti\Desktop\ramtin legion pc\article_project\data\raw\pdraw_wave\test\healthy\V10HO01.png,0,0.384353,1
pdraw_wave,efficientnet_b0,clean,0,C:\Users\ramti\Desktop\ramtin legion pc\article_project\data\raw\pdraw_wave\test\healthy\V11HO01.png,0,0.245384,0
pdraw_wave,efficientnet_b0,clean,0,C:\Users\ramti\Desktop\ramtin legion pc\article_project\data\raw\pdraw_wave\test\healthy\V55HO08.png,0,0.219382,0
pdraw_wave,efficientnet_b0,clean,0,C:\Users\ramti\Desktop\ramtin legion pc\article_project\data\raw\pdraw_wave\test\healthy\V55HO09.png,0,0.396143,1
pdraw_wave,efficientnet_b0,clean,0,C:\Users\ramti\Desktop\ramtin legion pc\article_project\data\raw\pdraw_wave\test\healthy\V55HO10.png,0,0.256414,0
pdraw_wave,efficientnet_b0,clean,0,C:\Users\ramti\Desktop\ramtin legion pc\article_project\data\raw\pdraw_wave\test\healthy\V55HO11.png,0,0.354781,1
pdraw_wave,efficientnet_b0,clean,0,C:\Users\ramti\Desktop\ramtin legion pc\article_project\data\raw\pdraw_wave\test\parkinson\V01PO01.png,1,0.523191,1
pdraw_wave,efficientnet_b0,clean,0,C:\Users\ramti\Desktop\ramtin legion pc\article_project\data\raw\pdraw_wave\test\parkinson\V02PO01.png,1,0.884757,1
pdraw_wave,efficientnet_b0,clean,0,C:\Users\ramti\Desktop\ramtin legion pc\article_project\data\raw\pdraw_wave\test\parkinson\V03PO01.png,1,0.738960,1
pdraw_wave,efficientnet_b0,clean,0,C:\Users\ramti\Desktop\ramtin legion pc\article_project\data\raw\pdraw_wave\test\parkinson\V03PO04.png,1,0.901250,1
pdraw_wave,efficientnet_b0,clean,0,C:\Users\ramti\Desktop\ramtin legion pc\article_project\data\raw\pdraw_wave\test\parkinson\V03PO07.png,1,0.915719,1
pdraw_wave,efficientnet_b0,clean,0,C:\Users\ramti\Desktop\ramtin legion pc\article_project\data\raw\pdraw_wave\test\parkinson\V04PO01.png,1,0.886642,1
pdraw_wave,efficientnet_b0,clean,0,C:\Users\ramti\Desktop\ramtin legion pc\article_project\data\raw\pdraw_wave\test\parkinson\V05PO01.png,1,0.867369,1
pdraw_wave,efficientnet_b0,clean,0,C:\Users\ramti\Desktop\ramtin legion pc\article_project\data\raw\pdraw_wave\test\parkinson\V06PO01.png,1,0.838259,1
pdraw_wave,efficientnet_b0,clean,0,C:\Users\ramti\Desktop\ramtin legion pc\article_project\data\raw\pdraw_wave\test\parkinson\V07PO01.png,1,0.902395,1
pdraw_wave,efficientnet_b0,clean,0,C:\Users\ramti\Desktop\ramtin legion pc\article_project\data\raw\pdraw_wave\test\parkinson\V08PO01.png,1,0.271764,0
pdraw_wave,efficientnet_b0,clean,0,C:\Users\ramti\Desktop\ramtin legion pc\article_project\data\raw\pdraw_wave\test\parkinson\V09PO01.png,1,0.907979,1
pdraw_wave,efficientnet_b0,clean,0,C:\Users\ramti\Desktop\ramtin legion pc\article_project\data\raw\pdraw_wave\test\parkinson\V10PO01.png,1,0.642862,1
pdraw_wave,efficientnet_b0,clean,0,C:\Users\ramti\Desktop\ramtin legion pc\article_project\data\raw\pdraw_wave\test\parkinson\V11PO01.png,1,0.313094,0
pdraw_wave,efficientnet_b0,clean,0,C:\Users\ramti\Desktop\ramtin legion pc\article_project\data\raw\pdraw_wave\test\parkinson\V14PO01.png,1,0.881716,1
pdraw_wave,efficientnet_b0,clean,0,C:\Users\ramti\Desktop\ramtin legion pc\article_project\data\raw\pdraw_wave\test\parkinson\V14PO03.png,1,0.893115,1
pdraw_wave,efficientnet_b0,jpeg_compression,1,C:\Users\ramti\Desktop\ramtin legion pc\article_project\data\raw\pdraw_wave\test\healthy\V01HO01.png,0,0.380645,1
pdraw_wave,efficientnet_b0,jpeg_compression,1,C:\Users\ramti\Desktop\ramtin legion pc\article_project\data\raw\pdraw_wave\test\healthy\V02HO01.png,0,0.160439,0
pdraw_wave,efficientnet_b0,jpeg_compression,1,C:\Users\ramti\Desktop\ramtin legion pc\article_project\data\raw\pdraw_wave\test\healthy\V03HO01.png,0,0.251352,0
pdraw_wave,efficientnet_b0,jpeg_compression,1,C:\Users\ramti\Desktop\ramtin legion pc\article_project\data\raw\pdraw_wave\test\healthy\V04HO01.png,0,0.231552,0
pdraw_wave,efficientnet_b0,jpeg_compression,1,C:\Users\ramti\Desktop\ramtin legion pc\article_project\data\raw\pdraw_wave\test\healthy\V05HO01.png,0,0.585554,1
pdraw_wave,efficientnet_b0,jpeg_compression,1,C:\Users\ramti\Desktop\ramtin legion pc\article_project\data\raw\pdraw_wave\test\healthy\V06HO01.png,0,0.387940,1
pdraw_wave,efficientnet_b0,jpeg_compression,1,C:\Users\ramti\Desktop\ramtin legion pc\article_project\data\raw\pdraw_wave\test\healthy\V07HO01.png,0,0.155777,0
pdraw_wave,efficientnet_b0,jpeg_compression,1,C:\Users\ramti\Desktop\ramtin legion pc\article_project\data\raw\pdraw_wave\test\healthy\V08HO01.png,0,0.245913,0
pdraw_wave,efficientnet_b0,jpeg_compression,1,C:\Users\ramti\Desktop\ramtin legion pc\article_project\data\raw\pdraw_wave\test\healthy\V09HO01.png,0,0.297362,0
pdraw_wave,efficientnet_b0,jpeg_compression,1,C:\Users\ramti\Desktop\ramtin legion pc\article_project\data\raw\pdraw_wave\test\healthy\V10HO01.png,0,0.392289,1
pdraw_wave,efficientnet_b0,jpeg_compression,1,C:\Users\ramti\Desktop\ramtin legion pc\article_project\data\raw\pdraw_wave\test\healthy\V11HO01.png,0,0.225565,0
pdraw_wave,efficientnet_b0,jpeg_compression,1,C:\Users\ramti\Desktop\ramtin legion pc\article_project\data\raw\pdraw_wave\test\healthy\V55HO08.png,0,0.210283,0
pdraw_wave,efficientnet_b0,jpeg_compression,1,C:\Users\ramti\Desktop\ramtin legion pc\article_project\data\raw\pdraw_wave\test\healthy\V55HO09.png,0,0.386922,1
pdraw_wave,efficientnet_b0,jpeg_compression,1,C:\Users\ramti\Desktop\ramtin legion pc\article_project\data\raw\pdraw_wave\test\healthy\V55HO10.png,0,0.249341,0
pdraw_wave,efficientnet_b0,jpeg_compression,1,C:\Users\ramti\Desktop\ramtin legion pc\article_project\data\raw\pdraw_wave\test\healthy\V55HO11.png,0,0.348093,0
pdraw_wave,efficientnet_b0,jpeg_compression,1,C:\Users\ramti\Desktop\ramtin legion pc\article_project\data\raw\pdraw_wave\test\parkinson\V01PO01.png,1,0.525330,1
pdraw_wave,efficientnet_b0,jpeg_compression,1,C:\Users\ramti\Desktop\ramtin legion pc\article_project\data\raw\pdraw_wave\test\parkinson\V02PO01.png,1,0.879703,1
pdraw_wave,efficientnet_b0,jpeg_compression,1,C:\Users\ramti\Desktop\ramtin legion pc\article_project\data\raw\pdraw_wave\test\parkinson\V03PO01.png,1,0.735892,1
pdraw_wave,efficientnet_b0,jpeg_compression,1,C:\Users\ramti\Desktop\ramtin legion pc\article_project\data\raw\pdraw_wave\test\parkinson\V03PO04.png,1,0.900143,1
pdraw_wave,efficientnet_b0,jpeg_compression,1,C:\Users\ramti\Desktop\ramtin legion pc\article_project\data\raw\pdraw_wave\test\parkinson\V03PO07.png,1,0.915135,1
pdraw_wave,efficientnet_b0,jpeg_compression,1,C:\Users\ramti\Desktop\ramtin legion pc\article_project\data\raw\pdraw_wave\test\parkinson\V04PO01.png,1,0.884534,1
pdraw_wave,efficientnet_b0,jpeg_compression,1,C:\Users\ramti\Desktop\ramtin legion pc\article_project\data\raw\pdraw_wave\test\parkinson\V05PO01.png,1,0.867150,1
pdraw_wave,efficientnet_b0,jpeg_compression,1,C:\Users\ramti\Desktop\ramtin legion pc\article_project\data\raw\pdraw_wave\test\parkinson\V06PO01.png,1,0.832565,1
pdraw_wave,efficientnet_b0,jpeg_compression,1,C:\Users\ramti\Desktop\ramtin legion pc\article_project\data\raw\pdraw_wave\test\parkinson\V07PO01.png,1,0.902253,1
pdraw_wave,efficientnet_b0,jpeg_compression,1,C:\Users\ramti\Desktop\ramtin legion pc\article_project\data\raw\pdraw_wave\test\parkinson\V08PO01.png,1,0.264526,0
pdraw_wave,efficientnet_b0,jpeg_compression,1,C:\Users\ramti\Desktop\ramtin legion pc\article_project\data\raw\pdraw_wave\test\parkinson\V09PO01.png,1,0.910472,1
pdraw_wave,efficientnet_b0,jpeg_compression,1,C:\Users\ramti\Desktop\ramtin legion pc\article_project\data\raw\pdraw_wave\test\parkinson\V10PO01.png,1,0.624262,1
pdraw_wave,efficientnet_b0,jpeg_compression,1,C:\Users\ramti\Desktop\ramtin legion pc\article_project\data\raw\pdraw_wave\test\parkinson\V11PO01.png,1,0.300779,0
pdraw_wave,efficientnet_b0,jpeg_compression,1,C:\Users\ramti\Desktop\ramtin legion pc\article_project\data\raw\pdraw_wave\test\parkinson\V14PO01.png,1,0.884211,1
pdraw_wave,efficientnet_b0,jpeg_compression,1,C:\Users\ramti\Desktop\ramtin legion pc\article_project\data\raw\pdraw_wave\test\parkinson\V14PO03.png,1,0.890877,1
pdraw_wave,efficientnet_b0,jpeg_compression,2,C:\Users\ramti\Desktop\ramtin legion pc\article_project\data\raw\pdraw_wave\test\healthy\V01HO01.png,0,0.384549,1
pdraw_wave,efficientnet_b0,jpeg_compression,2,C:\Users\ramti\Desktop\ramtin legion pc\article_project\data\raw\pdraw_wave\test\healthy\V02HO01.png,0,0.166431,0
pdraw_wave,efficientnet_b0,jpeg_compression,2,C:\Users\ramti\Desktop\ramtin legion pc\article_project\data\raw\pdraw_wave\test\healthy\V03HO01.png,0,0.275356,0
pdraw_wave,efficientnet_b0,jpeg_compression,2,C:\Users\ramti\Desktop\ramtin legion pc\article_project\data\raw\pdraw_wave\test\healthy\V04HO01.png,0,0.230290,0
pdraw_wave,efficientnet_b0,jpeg_compression,2,C:\Users\ramti\Desktop\ramtin legion pc\article_project\data\raw\pdraw_wave\test\healthy\V05HO01.png,0,0.626667,1
pdraw_wave,efficientnet_b0,jpeg_compression,2,C:\Users\ramti\Desktop\ramtin legion pc\article_project\data\raw\pdraw_wave\test\healthy\V06HO01.png,0,0.412230,1
pdraw_wave,efficientnet_b0,jpeg_compression,2,C:\Users\ramti\Desktop\ramtin legion pc\article_project\data\raw\pdraw_wave\test\healthy\V07HO01.png,0,0.146322,0
pdraw_wave,efficientnet_b0,jpeg_compression,2,C:\Users\ramti\Desktop\ramtin legion pc\article_project\data\raw\pdraw_wave\test\healthy\V08HO01.png,0,0.255234,0
pdraw_wave,efficientnet_b0,jpeg_compression,2,C:\Users\ramti\Desktop\ramtin legion pc\article_project\data\raw\pdraw_wave\test\healthy\V09HO01.png,0,0.295223,0
pdraw_wave,efficientnet_b0,jpeg_compression,2,C:\Users\ramti\Desktop\ramtin legion pc\article_project\data\raw\pdraw_wave\test\healthy\V10HO01.png,0,0.440584,1
pdraw_wave,efficientnet_b0,jpeg_compression,2,C:\Users\ramti\Desktop\ramtin legion pc\article_project\data\raw\pdraw_wave\test\healthy\V11HO01.png,0,0.227804,0
pdraw_wave,efficientnet_b0,jpeg_compression,2,C:\Users\ramti\Desktop\ramtin legion pc\article_project\data\raw\pdraw_wave\test\healthy\V55HO08.png,0,0.226079,0
pdraw_wave,efficientnet_b0,jpeg_compression,2,C:\Users\ramti\Desktop\ramtin legion pc\article_project\data\raw\pdraw_wave\test\healthy\V55HO09.png,0,0.401224,1
pdraw_wave,efficientnet_b0,jpeg_compression,2,C:\Users\ramti\Desktop\ramtin legion pc\article_project\data\raw\pdraw_wave\test\healthy\V55HO10.png,0,0.262977,0
pdraw_wave,efficientnet_b0,jpeg_compression,2,C:\Users\ramti\Desktop\ramtin legion pc\article_project\data\raw\pdraw_wave\test\healthy\V55HO11.png,0,0.374927,1
pdraw_wave,efficientnet_b0,jpeg_compression,2,C:\Users\ramti\Desktop\ramtin legion pc\article_project\data\raw\pdraw_wave\test\parkinson\V01PO01.png,1,0.514811,1
pdraw_wave,efficientnet_b0,jpeg_compression,2,C:\Users\ramti\Desktop\ramtin legion pc\article_project\data\raw\pdraw_wave\test\parkinson\V02PO01.png,1,0.882049,1
pdraw_wave,efficientnet_b0,jpeg_compression,2,C:\Users\ramti\Desktop\ramtin legion pc\article_project\data\raw\pdraw_wave\test\parkinson\V03PO01.png,1,0.751188,1
pdraw_wave,efficientnet_b0,jpeg_compression,2,C:\Users\ramti\Desktop\ramtin legion pc\article_project\data\raw\pdraw_wave\test\parkinson\V03PO04.png,1,0.893021,1
pdraw_wave,efficientnet_b0,jpeg_compression,2,C:\Users\ramti\Desktop\ramtin legion pc\article_project\data\raw\pdraw_wave\test\parkinson\V03PO07.png,1,0.914550,1
pdraw_wave,efficientnet_b0,jpeg_compression,2,C:\Users\ramti\Desktop\ramtin legion pc\article_project\data\raw\pdraw_wave\test\parkinson\V04PO01.png,1,0.882487,1
pdraw_wave,efficientnet_b0,jpeg_compression,2,C:\Users\ramti\Desktop\ramtin legion pc\article_project\data\raw\pdraw_wave\test\parkinson\V05PO01.png,1,0.864668,1
pdraw_wave,efficientnet_b0,jpeg_compression,2,C:\Users\ramti\Desktop\ramtin legion pc\article_project\data\raw\pdraw_wave\test\parkinson\V06PO01.png,1,0.824477,1
pdraw_wave,efficientnet_b0,jpeg_compression,2,C:\Users\ramti\Desktop\ramtin legion pc\article_project\data\raw\pdraw_wave\test\parkinson\V07PO01.png,1,0.905327,1
pdraw_wave,efficientnet_b0,jpeg_compression,2,C:\Users\ramti\Desktop\ramtin legion pc\article_project\data\raw\pdraw_wave\test\parkinson\V08PO01.png,1,0.294333,0
pdraw_wave,efficientnet_b0,jpeg_compression,2,C:\Users\ramti\Desktop\ramtin legion pc\article_project\data\raw\pdraw_wave\test\parkinson\V09PO01.png,1,0.903403,1
pdraw_wave,efficientnet_b0,jpeg_compression,2,C:\Users\ramti\Desktop\ramtin legion pc\article_project\data\raw\pdraw_wave\test\parkinson\V10PO01.png,1,0.625760,1
pdraw_wave,efficientnet_b0,jpeg_compression,2,C:\Users\ramti\Desktop\ramtin legion pc\article_project\data\raw\pdraw_wave\test\parkinson\V11PO01.png,1,0.305166,0
pdraw_wave,efficientnet_b0,jpeg_compression,2,C:\Users\ramti\Desktop\ramtin legion pc\article_project\data\raw\pdraw_wave\test\parkinson\V14PO01.png,1,0.878941,1
pdraw_wave,efficientnet_b0,jpeg_compression,2,C:\Users\ramti\Desktop\ramtin legion pc\article_project\data\raw\pdraw_wave\test\parkinson\V14PO03.png,1,0.888599,1
pdraw_wave,efficientnet_b0,jpeg_compression,3,C:\Users\ramti\Desktop\ramtin legion pc\article_project\data\raw\pdraw_wave\test\healthy\V01HO01.png,0,0.419407,1
pdraw_wave,efficientnet_b0,jpeg_compression,3,C:\Users\ramti\Desktop\ramtin legion pc\article_project\data\raw\pdraw_wave\test\healthy\V02HO01.png,0,0.207688,0
pdraw_wave,efficientnet_b0,jpeg_compression,3,C:\Users\ramti\Desktop\ramtin legion pc\article_project\data\raw\pdraw_wave\test\healthy\V03HO01.png,0,0.279020,0
pdraw_wave,efficientnet_b0,jpeg_compression,3,C:\Users\ramti\Desktop\ramtin legion pc\article_project\data\raw\pdraw_wave\test\healthy\V04HO01.png,0,0.272380,0
pdraw_wave,efficientnet_b0,jpeg_compression,3,C:\Users\ramti\Desktop\ramtin legion pc\article_project\data\raw\pdraw_wave\test\healthy\V05HO01.png,0,0.656424,1
pdraw_wave,efficientnet_b0,jpeg_compression,3,C:\Users\ramti\Desktop\ramtin legion pc\article_project\data\raw\pdraw_wave\test\healthy\V06HO01.png,0,0.473916,1
pdraw_wave,efficientnet_b0,jpeg_compression,3,C:\Users\ramti\Desktop\ramtin legion pc\article_project\data\raw\pdraw_wave\test\healthy\V07HO01.png,0,0.178512,0
pdraw_wave,efficientnet_b0,jpeg_compression,3,C:\Users\ramti\Desktop\ramtin legion pc\article_project\data\raw\pdraw_wave\test\healthy\V08HO01.png,0,0.263932,0
pdraw_wave,efficientnet_b0,jpeg_compression,3,C:\Users\ramti\Desktop\ramtin legion pc\article_project\data\raw\pdraw_wave\test\healthy\V09HO01.png,0,0.296721,0
pdraw_wave,efficientnet_b0,jpeg_compression,3,C:\Users\ramti\Desktop\ramtin legion pc\article_project\data\raw\pdraw_wave\test\healthy\V10HO01.png,0,0.508411,1
pdraw_wave,efficientnet_b0,jpeg_compression,3,C:\Users\ramti\Desktop\ramtin legion pc\article_project\data\raw\pdraw_wave\test\healthy\V11HO01.png,0,0.302594,0
pdraw_wave,efficientnet_b0,jpeg_compression,3,C:\Users\ramti\Desktop\ramtin legion pc\article_project\data\raw\pdraw_wave\test\healthy\V55HO08.png,0,0.274656,0
pdraw_wave,efficientnet_b0,jpeg_compression,3,C:\Users\ramti\Desktop\ramtin legion pc\article_project\data\raw\pdraw_wave\test\healthy\V55HO09.png,0,0.420709,1
pdraw_wave,efficientnet_b0,jpeg_compression,3,C:\Users\ramti\Desktop\ramtin legion pc\article_project\data\raw\pdraw_wave\test\healthy\V55HO10.png,0,0.329091,0
pdraw_wave,efficientnet_b0,jpeg_compression,3,C:\Users\ramti\Desktop\ramtin legion pc\article_project\data\raw\pdraw_wave\test\healthy\V55HO11.png,0,0.420498,1
pdraw_wave,efficientnet_b0,jpeg_compression,3,C:\Users\ramti\Desktop\ramtin legion pc\article_project\data\raw\pdraw_wave\test\parkinson\V01PO01.png,1,0.549314,1
pdraw_wave,efficientnet_b0,jpeg_compression,3,C:\Users\ramti\Desktop\ramtin legion pc\article_project\data\raw\pdraw_wave\test\parkinson\V02PO01.png,1,0.874456,1
pdraw_wave,efficientnet_b0,jpeg_compression,3,C:\Users\ramti\Desktop\ramtin legion pc\article_project\data\raw\pdraw_wave\test\parkinson\V03PO01.png,1,0.740697,1
pdraw_wave,efficientnet_b0,jpeg_compression,3,C:\Users\ramti\Desktop\ramtin legion pc\article_project\data\raw\pdraw_wave\test\parkinson\V03PO04.png,1,0.879231,1
pdraw_wave,efficientnet_b0,jpeg_compression,3,C:\Users\ramti\Desktop\ramtin legion pc\article_project\data\raw\pdraw_wave\test\parkinson\V03PO07.png,1,0.909651,1
pdraw_wave,efficientnet_b0,jpeg_compression,3,C:\Users\ramti\Desktop\ramtin legion pc\article_project\data\raw\pdraw_wave\test\parkinson\V04PO01.png,1,0.867481,1
pdraw_wave,efficientnet_b0,jpeg_compression,3,C:\Users\ramti\Desktop\ramtin legion pc\article_project\data\raw\pdraw_wave\test\parkinson\V05PO01.png,1,0.867214,1
pdraw_wave,efficientnet_b0,jpeg_compression,3,C:\Users\ramti\Desktop\ramtin legion pc\article_project\data\raw\pdraw_wave\test\parkinson\V06PO01.png,1,0.818220,1
pdraw_wave,efficientnet_b0,jpeg_compression,3,C:\Users\ramti\Desktop\ramtin legion pc\article_project\data\raw\pdraw_wave\test\parkinson\V07PO01.png,1,0.902478,1
pdraw_wave,efficientnet_b0,jpeg_compression,3,C:\Users\ramti\Desktop\ramtin legion pc\article_project\data\raw\pdraw_wave\test\parkinson\V08PO01.png,1,0.343686,0
pdraw_wave,efficientnet_b0,jpeg_compression,3,C:\Users\ramti\Desktop\ramtin legion pc\article_project\data\raw\pdraw_wave\test\parkinson\V09PO01.png,1,0.910003,1
pdraw_wave,efficientnet_b0,jpeg_compression,3,C:\Users\ramti\Desktop\ramtin legion pc\article_project\data\raw\pdraw_wave\test\parkinson\V10PO01.png,1,0.689663,1
pdraw_wave,efficientnet_b0,jpeg_compression,3,C:\Users\ramti\Desktop\ramtin legion pc\article_project\data\raw\pdraw_wave\test\parkinson\V11PO01.png,1,0.360168,1
pdraw_wave,efficientnet_b0,jpeg_compression,3,C:\Users\ramti\Desktop\ramtin legion pc\article_project\data\raw\pdraw_wave\test\parkinson\V14PO01.png,1,0.869491,1
pdraw_wave,efficientnet_b0,jpeg_compression,3,C:\Users\ramti\Desktop\ramtin legion pc\article_project\data\raw\pdraw_wave\test\parkinson\V14PO03.png,1,0.885831,1
pdraw_wave,efficientnet_b0,jpeg_compression,4,C:\Users\ramti\Desktop\ramtin legion pc\article_project\data\raw\pdraw_wave\test\healthy\V01HO01.png,0,0.445228,1
pdraw_wave,efficientnet_b0,jpeg_compression,4,C:\Users\ramti\Desktop\ramtin legion pc\article_project\data\raw\pdraw_wave\test\healthy\V02HO01.png,0,0.265586,0
pdraw_wave,efficientnet_b0,jpeg_compression,4,C:\Users\ramti\Desktop\ramtin legion pc\article_project\data\raw\pdraw_wave\test\healthy\V03HO01.png,0,0.321581,0
pdraw_wave,efficientnet_b0,jpeg_compression,4,C:\Users\ramti\Desktop\ramtin legion pc\article_project\data\raw\pdraw_wave\test\healthy\V04HO01.png,0,0.310123,0
pdraw_wave,efficientnet_b0,jpeg_compression,4,C:\Users\ramti\Desktop\ramtin legion pc\article_project\data\raw\pdraw_wave\test\healthy\V05HO01.png,0,0.716768,1
pdraw_wave,efficientnet_b0,jpeg_compression,4,C:\Users\ramti\Desktop\ramtin legion pc\article_project\data\raw\pdraw_wave\test\healthy\V06HO01.png,0,0.536472,1
pdraw_wave,efficientnet_b0,jpeg_compression,4,C:\Users\ramti\Desktop\ramtin legion pc\article_project\data\raw\pdraw_wave\test\healthy\V07HO01.png,0,0.274263,0
pdraw_wave,efficientnet_b0,jpeg_compression,4,C:\Users\ramti\Desktop\ramtin legion pc\article_project\data\raw\pdraw_wave\test\healthy\V08HO01.png,0,0.316092,0
pdraw_wave,efficientnet_b0,jpeg_compression,4,C:\Users\ramti\Desktop\ramtin legion pc\article_project\data\raw\pdraw_wave\test\healthy\V09HO01.png,0,0.350847,1
pdraw_wave,efficientnet_b0,jpeg_compression,4,C:\Users\ramti\Desktop\ramtin legion pc\article_project\data\raw\pdraw_wave\test\healthy\V10HO01.png,0,0.586630,1
pdraw_wave,efficientnet_b0,jpeg_compression,4,C:\Users\ramti\Desktop\ramtin legion pc\article_project\data\raw\pdraw_wave\test\healthy\V11HO01.png,0,0.325821,0
pdraw_wave,efficientnet_b0,jpeg_compression,4,C:\Users\ramti\Desktop\ramtin legion pc\article_project\data\raw\pdraw_wave\test\healthy\V55HO08.png,0,0.364906,1
pdraw_wave,efficientnet_b0,jpeg_compression,4,C:\Users\ramti\Desktop\ramtin legion pc\article_project\data\raw\pdraw_wave\test\healthy\V55HO09.png,0,0.437499,1
pdraw_wave,efficientnet_b0,jpeg_compression,4,C:\Users\ramti\Desktop\ramtin legion pc\article_project\data\raw\pdraw_wave\test\healthy\V55HO10.png,0,0.394126,1
pdraw_wave,efficientnet_b0,jpeg_compression,4,C:\Users\ramti\Desktop\ramtin legion pc\article_project\data\raw\pdraw_wave\test\healthy\V55HO11.png,0,0.453129,1
pdraw_wave,efficientnet_b0,jpeg_compression,4,C:\Users\ramti\Desktop\ramtin legion pc\article_project\data\raw\pdraw_wave\test\parkinson\V01PO01.png,1,0.548341,1
pdraw_wave,efficientnet_b0,jpeg_compression,4,C:\Users\ramti\Desktop\ramtin legion pc\article_project\data\raw\pdraw_wave\test\parkinson\V02PO01.png,1,0.846090,1
pdraw_wave,efficientnet_b0,jpeg_compression,4,C:\Users\ramti\Desktop\ramtin legion pc\article_project\data\raw\pdraw_wave\test\parkinson\V03PO01.png,1,0.782463,1
pdraw_wave,efficientnet_b0,jpeg_compression,4,C:\Users\ramti\Desktop\ramtin legion pc\article_project\data\raw\pdraw_wave\test\parkinson\V03PO04.png,1,0.868683,1
pdraw_wave,efficientnet_b0,jpeg_compression,4,C:\Users\ramti\Desktop\ramtin legion pc\article_project\data\raw\pdraw_wave\test\parkinson\V03PO07.png,1,0.897454,1
pdraw_wave,efficientnet_b0,jpeg_compression,4,C:\Users\ramti\Desktop\ramtin legion pc\article_project\data\raw\pdraw_wave\test\parkinson\V04PO01.png,1,0.866189,1
pdraw_wave,efficientnet_b0,jpeg_compression,4,C:\Users\ramti\Desktop\ramtin legion pc\article_project\data\raw\pdraw_wave\test\parkinson\V05PO01.png,1,0.868301,1
pdraw_wave,efficientnet_b0,jpeg_compression,4,C:\Users\ramti\Desktop\ramtin legion pc\article_project\data\raw\pdraw_wave\test\parkinson\V06PO01.png,1,0.799052,1
pdraw_wave,efficientnet_b0,jpeg_compression,4,C:\Users\ramti\Desktop\ramtin legion pc\article_project\data\raw\pdraw_wave\test\parkinson\V07PO01.png,1,0.886144,1
pdraw_wave,efficientnet_b0,jpeg_compression,4,C:\Users\ramti\Desktop\ramtin legion pc\article_project\data\raw\pdraw_wave\test\parkinson\V08PO01.png,1,0.423732,1
pdraw_wave,efficientnet_b0,jpeg_compression,4,C:\Users\ramti\Desktop\ramtin legion pc\article_project\data\raw\pdraw_wave\test\parkinson\V09PO01.png,1,0.893786,1
pdraw_wave,efficientnet_b0,jpeg_compression,4,C:\Users\ramti\Desktop\ramtin legion pc\article_project\data\raw\pdraw_wave\test\parkinson\V10PO01.png,1,0.677279,1
pdraw_wave,efficientnet_b0,jpeg_compression,4,C:\Users\ramti\Desktop\ramtin legion pc\article_project\data\raw\pdraw_wave\test\parkinson\V11PO01.png,1,0.407960,1
pdraw_wave,efficientnet_b0,jpeg_compression,4,C:\Users\ramti\Desktop\ramtin legion pc\article_project\data\raw\pdraw_wave\test\parkinson\V14PO01.png,1,0.873086,1
pdraw_wave,efficientnet_b0,jpeg_compression,4,C:\Users\ramti\Desktop\ramtin legion pc\article_project\data\raw\pdraw_wave\test\parkinson\V14PO03.png,1,0.898766,1
pdraw_wave,efficientnet_b0,jpeg_compression,5,C:\Users\ramti\Desktop\ramtin legion pc\article_project\data\raw\pdraw_wave\test\healthy\V01HO01.png,0,0.404620,1
pdraw_wave,efficientnet_b0,jpeg_compression,5,C:\Users\ramti\Desktop\ramtin legion pc\article_project\data\raw\pdraw_wave\test\healthy\V02HO01.png,0,0.312773,0
pdraw_wave,efficientnet_b0,jpeg_compression,5,C:\Users\ramti\Desktop\ramtin legion pc\article_project\data\raw\pdraw_wave\test\healthy\V03HO01.png,0,0.382377,1
pdraw_wave,efficientnet_b0,jpeg_compression,5,C:\Users\ramti\Desktop\ramtin legion pc\article_project\data\raw\pdraw_wave\test\healthy\V04HO01.png,0,0.363407,1
pdraw_wave,efficientnet_b0,jpeg_compression,5,C:\Users\ramti\Desktop\ramtin legion pc\article_project\data\raw\pdraw_wave\test\healthy\V05HO01.png,0,0.520213,1
pdraw_wave,efficientnet_b0,jpeg_compression,5,C:\Users\ramti\Desktop\ramtin legion pc\article_project\data\raw\pdraw_wave\test\healthy\V06HO01.png,0,0.527627,1
pdraw_wave,efficientnet_b0,jpeg_compression,5,C:\Users\ramti\Desktop\ramtin legion pc\article_project\data\raw\pdraw_wave\test\healthy\V07HO01.png,0,0.402108,1
pdraw_wave,efficientnet_b0,jpeg_compression,5,C:\Users\ramti\Desktop\ramtin legion pc\article_project\data\raw\pdraw_wave\test\healthy\V08HO01.png,0,0.328020,0
pdraw_wave,efficientnet_b0,jpeg_compression,5,C:\Users\ramti\Desktop\ramtin legion pc\article_project\data\raw\pdraw_wave\test\healthy\V09HO01.png,0,0.419241,1
pdraw_wave,efficientnet_b0,jpeg_compression,5,C:\Users\ramti\Desktop\ramtin legion pc\article_project\data\raw\pdraw_wave\test\healthy\V10HO01.png,0,0.416054,1
pdraw_wave,efficientnet_b0,jpeg_compression,5,C:\Users\ramti\Desktop\ramtin legion pc\article_project\data\raw\pdraw_wave\test\healthy\V11HO01.png,0,0.357991,1
pdraw_wave,efficientnet_b0,jpeg_compression,5,C:\Users\ramti\Desktop\ramtin legion pc\article_project\data\raw\pdraw_wave\test\healthy\V55HO08.png,0,0.394916,1
pdraw_wave,efficientnet_b0,jpeg_compression,5,C:\Users\ramti\Desktop\ramtin legion pc\article_project\data\raw\pdraw_wave\test\healthy\V55HO09.png,0,0.406722,1
pdraw_wave,efficientnet_b0,jpeg_compression,5,C:\Users\ramti\Desktop\ramtin legion pc\article_project\data\raw\pdraw_wave\test\healthy\V55HO10.png,0,0.451669,1
pdraw_wave,efficientnet_b0,jpeg_compression,5,C:\Users\ramti\Desktop\ramtin legion pc\article_project\data\raw\pdraw_wave\test\healthy\V55HO11.png,0,0.426671,1
pdraw_wave,efficientnet_b0,jpeg_compression,5,C:\Users\ramti\Desktop\ramtin legion pc\article_project\data\raw\pdraw_wave\test\parkinson\V01PO01.png,1,0.501714,1
pdraw_wave,efficientnet_b0,jpeg_compression,5,C:\Users\ramti\Desktop\ramtin legion pc\article_project\data\raw\pdraw_wave\test\parkinson\V02PO01.png,1,0.709582,1
pdraw_wave,efficientnet_b0,jpeg_compression,5,C:\Users\ramti\Desktop\ramtin legion pc\article_project\data\raw\pdraw_wave\test\parkinson\V03PO01.png,1,0.745378,1
pdraw_wave,efficientnet_b0,jpeg_compression,5,C:\Users\ramti\Desktop\ramtin legion pc\article_project\data\raw\pdraw_wave\test\parkinson\V03PO04.png,1,0.826163,1
pdraw_wave,efficientnet_b0,jpeg_compression,5,C:\Users\ramti\Desktop\ramtin legion pc\article_project\data\raw\pdraw_wave\test\parkinson\V03PO07.png,1,0.856318,1
pdraw_wave,efficientnet_b0,jpeg_compression,5,C:\Users\ramti\Desktop\ramtin legion pc\article_project\data\raw\pdraw_wave\test\parkinson\V04PO01.png,1,0.825190,1
pdraw_wave,efficientnet_b0,jpeg_compression,5,C:\Users\ramti\Desktop\ramtin legion pc\article_project\data\raw\pdraw_wave\test\parkinson\V05PO01.png,1,0.807743,1
pdraw_wave,efficientnet_b0,jpeg_compression,5,C:\Users\ramti\Desktop\ramtin legion pc\article_project\data\raw\pdraw_wave\test\parkinson\V06PO01.png,1,0.767731,1
pdraw_wave,efficientnet_b0,jpeg_compression,5,C:\Users\ramti\Desktop\ramtin legion pc\article_project\data\raw\pdraw_wave\test\parkinson\V07PO01.png,1,0.829609,1
pdraw_wave,efficientnet_b0,jpeg_compression,5,C:\Users\ramti\Desktop\ramtin legion pc\article_project\data\raw\pdraw_wave\test\parkinson\V08PO01.png,1,0.375325,1
pdraw_wave,efficientnet_b0,jpeg_compression,5,C:\Users\ramti\Desktop\ramtin legion pc\article_project\data\raw\pdraw_wave\test\parkinson\V09PO01.png,1,0.845051,1
pdraw_wave,efficientnet_b0,jpeg_compression,5,C:\Users\ramti\Desktop\ramtin legion pc\article_project\data\raw\pdraw_wave\test\parkinson\V10PO01.png,1,0.572524,1
pdraw_wave,efficientnet_b0,jpeg_compression,5,C:\Users\ramti\Desktop\ramtin legion pc\article_project\data\raw\pdraw_wave\test\parkinson\V11PO01.png,1,0.513117,1
pdraw_wave,efficientnet_b0,jpeg_compression,5,C:\Users\ramti\Desktop\ramtin legion pc\article_project\data\raw\pdraw_wave\test\parkinson\V14PO01.png,1,0.802132,1
pdraw_wave,efficientnet_b0,jpeg_compression,5,C:\Users\ramti\Desktop\ramtin legion pc\article_project\data\raw\pdraw_wave\test\parkinson\V14PO03.png,1,0.822849,1
pdraw_wave,efficientnet_b0,gaussian_blur,1,C:\Users\ramti\Desktop\ramtin legion pc\article_project\data\raw\pdraw_wave\test\healthy\V01HO01.png,0,0.471761,1
pdraw_wave,efficientnet_b0,gaussian_blur,1,C:\Users\ramti\Desktop\ramtin legion pc\article_project\data\raw\pdraw_wave\test\healthy\V02HO01.png,0,0.165025,0
pdraw_wave,efficientnet_b0,gaussian_blur,1,C:\Users\ramti\Desktop\ramtin legion pc\article_project\data\raw\pdraw_wave\test\healthy\V03HO01.png,0,0.299459,0
pdraw_wave,efficientnet_b0,gaussian_blur,1,C:\Users\ramti\Desktop\ramtin legion pc\article_project\data\raw\pdraw_wave\test\healthy\V04HO01.png,0,0.295933,0
pdraw_wave,efficientnet_b0,gaussian_blur,1,C:\Users\ramti\Desktop\ramtin legion pc\article_project\data\raw\pdraw_wave\test\healthy\V05HO01.png,0,0.691387,1
pdraw_wave,efficientnet_b0,gaussian_blur,1,C:\Users\ramti\Desktop\ramtin legion pc\article_project\data\raw\pdraw_wave\test\healthy\V06HO01.png,0,0.498773,1
pdraw_wave,efficientnet_b0,gaussian_blur,1,C:\Users\ramti\Desktop\ramtin legion pc\article_project\data\raw\pdraw_wave\test\healthy\V07HO01.png,0,0.222847,0
pdraw_wave,efficientnet_b0,gaussian_blur,1,C:\Users\ramti\Desktop\ramtin legion pc\article_project\data\raw\pdraw_wave\test\healthy\V08HO01.png,0,0.301787,0
pdraw_wave,efficientnet_b0,gaussian_blur,1,C:\Users\ramti\Desktop\ramtin legion pc\article_project\data\raw\pdraw_wave\test\healthy\V09HO01.png,0,0.365261,1
pdraw_wave,efficientnet_b0,gaussian_blur,1,C:\Users\ramti\Desktop\ramtin legion pc\article_project\data\raw\pdraw_wave\test\healthy\V10HO01.png,0,0.482383,1
pdraw_wave,efficientnet_b0,gaussian_blur,1,C:\Users\ramti\Desktop\ramtin legion pc\article_project\data\raw\pdraw_wave\test\healthy\V11HO01.png,0,0.377268,1
pdraw_wave,efficientnet_b0,gaussian_blur,1,C:\Users\ramti\Desktop\ramtin legion pc\article_project\data\raw\pdraw_wave\test\healthy\V55HO08.png,0,0.302807,0
pdraw_wave,efficientnet_b0,gaussian_blur,1,C:\Users\ramti\Desktop\ramtin legion pc\article_project\data\raw\pdraw_wave\test\healthy\V55HO09.png,0,0.456283,1
pdraw_wave,efficientnet_b0,gaussian_blur,1,C:\Users\ramti\Desktop\ramtin legion pc\article_project\data\raw\pdraw_wave\test\healthy\V55HO10.png,0,0.334310,0
pdraw_wave,efficientnet_b0,gaussian_blur,1,C:\Users\ramti\Desktop\ramtin legion pc\article_project\data\raw\pdraw_wave\test\healthy\V55HO11.png,0,0.461692,1
pdraw_wave,efficientnet_b0,gaussian_blur,1,C:\Users\ramti\Desktop\ramtin legion pc\article_project\data\raw\pdraw_wave\test\parkinson\V01PO01.png,1,0.575301,1
pdraw_wave,efficientnet_b0,gaussian_blur,1,C:\Users\ramti\Desktop\ramtin legion pc\article_project\data\raw\pdraw_wave\test\parkinson\V02PO01.png,1,0.892687,1
pdraw_wave,efficientnet_b0,gaussian_blur,1,C:\Users\ramti\Desktop\ramtin legion pc\article_project\data\raw\pdraw_wave\test\parkinson\V03PO01.png,1,0.793960,1
pdraw_wave,efficientnet_b0,gaussian_blur,1,C:\Users\ramti\Desktop\ramtin legion pc\article_project\data\raw\pdraw_wave\test\parkinson\V03PO04.png,1,0.889133,1
pdraw_wave,efficientnet_b0,gaussian_blur,1,C:\Users\ramti\Desktop\ramtin legion pc\article_project\data\raw\pdraw_wave\test\parkinson\V03PO07.png,1,0.906240,1
pdraw_wave,efficientnet_b0,gaussian_blur,1,C:\Users\ramti\Desktop\ramtin legion pc\article_project\data\raw\pdraw_wave\test\parkinson\V04PO01.png,1,0.890552,1
pdraw_wave,efficientnet_b0,gaussian_blur,1,C:\Users\ramti\Desktop\ramtin legion pc\article_project\data\raw\pdraw_wave\test\parkinson\V05PO01.png,1,0.860693,1
pdraw_wave,efficientnet_b0,gaussian_blur,1,C:\Users\ramti\Desktop\ramtin legion pc\article_project\data\raw\pdraw_wave\test\parkinson\V06PO01.png,1,0.847769,1
pdraw_wave,efficientnet_b0,gaussian_blur,1,C:\Users\ramti\Desktop\ramtin legion pc\article_project\data\raw\pdraw_wave\test\parkinson\V07PO01.png,1,0.902261,1
pdraw_wave,efficientnet_b0,gaussian_blur,1,C:\Users\ramti\Desktop\ramtin legion pc\article_project\data\raw\pdraw_wave\test\parkinson\V08PO01.png,1,0.403389,1
pdraw_wave,efficientnet_b0,gaussian_blur,1,C:\Users\ramti\Desktop\ramtin legion pc\article_project\data\raw\pdraw_wave\test\parkinson\V09PO01.png,1,0.914586,1
pdraw_wave,efficientnet_b0,gaussian_blur,1,C:\Users\ramti\Desktop\ramtin legion pc\article_project\data\raw\pdraw_wave\test\parkinson\V10PO01.png,1,0.683885,1
pdraw_wave,efficientnet_b0,gaussian_blur,1,C:\Users\ramti\Desktop\ramtin legion pc\article_project\data\raw\pdraw_wave\test\parkinson\V11PO01.png,1,0.434550,1
pdraw_wave,efficientnet_b0,gaussian_blur,1,C:\Users\ramti\Desktop\ramtin legion pc\article_project\data\raw\pdraw_wave\test\parkinson\V14PO01.png,1,0.875805,1
pdraw_wave,efficientnet_b0,gaussian_blur,1,C:\Users\ramti\Desktop\ramtin legion pc\article_project\data\raw\pdraw_wave\test\parkinson\V14PO03.png,1,0.895321,1
pdraw_wave,efficientnet_b0,gaussian_blur,2,C:\Users\ramti\Desktop\ramtin legion pc\article_project\data\raw\pdraw_wave\test\healthy\V01HO01.png,0,0.461887,1
pdraw_wave,efficientnet_b0,gaussian_blur,2,C:\Users\ramti\Desktop\ramtin legion pc\article_project\data\raw\pdraw_wave\test\healthy\V02HO01.png,0,0.154162,0
pdraw_wave,efficientnet_b0,gaussian_blur,2,C:\Users\ramti\Desktop\ramtin legion pc\article_project\data\raw\pdraw_wave\test\healthy\V03HO01.png,0,0.299434,0
pdraw_wave,efficientnet_b0,gaussian_blur,2,C:\Users\ramti\Desktop\ramtin legion pc\article_project\data\raw\pdraw_wave\test\healthy\V04HO01.png,0,0.324118,0
pdraw_wave,efficientnet_b0,gaussian_blur,2,C:\Users\ramti\Desktop\ramtin legion pc\article_project\data\raw\pdraw_wave\test\healthy\V05HO01.png,0,0.701692,1
pdraw_wave,efficientnet_b0,gaussian_blur,2,C:\Users\ramti\Desktop\ramtin legion pc\article_project\data\raw\pdraw_wave\test\healthy\V06HO01.png,0,0.558175,1
pdraw_wave,efficientnet_b0,gaussian_blur,2,C:\Users\ramti\Desktop\ramtin legion pc\article_project\data\raw\pdraw_wave\test\healthy\V07HO01.png,0,0.257838,0
pdraw_wave,efficientnet_b0,gaussian_blur,2,C:\Users\ramti\Desktop\ramtin legion pc\article_project\data\raw\pdraw_wave\test\healthy\V08HO01.png,0,0.363355,1
pdraw_wave,efficientnet_b0,gaussian_blur,2,C:\Users\ramti\Desktop\ramtin legion pc\article_project\data\raw\pdraw_wave\test\healthy\V09HO01.png,0,0.399529,1
pdraw_wave,efficientnet_b0,gaussian_blur,2,C:\Users\ramti\Desktop\ramtin legion pc\article_project\data\raw\pdraw_wave\test\healthy\V10HO01.png,0,0.484374,1
pdraw_wave,efficientnet_b0,gaussian_blur,2,C:\Users\ramti\Desktop\ramtin legion pc\article_project\data\raw\pdraw_wave\test\healthy\V11HO01.png,0,0.472564,1
pdraw_wave,efficientnet_b0,gaussian_blur,2,C:\Users\ramti\Desktop\ramtin legion pc\article_project\data\raw\pdraw_wave\test\healthy\V55HO08.png,0,0.305515,0
pdraw_wave,efficientnet_b0,gaussian_blur,2,C:\Users\ramti\Desktop\ramtin legion pc\article_project\data\raw\pdraw_wave\test\healthy\V55HO09.png,0,0.439213,1
pdraw_wave,efficientnet_b0,gaussian_blur,2,C:\Users\ramti\Desktop\ramtin legion pc\article_project\data\raw\pdraw_wave\test\healthy\V55HO10.png,0,0.314474,0
pdraw_wave,efficientnet_b0,gaussian_blur,2,C:\Users\ramti\Desktop\ramtin legion pc\article_project\data\raw\pdraw_wave\test\healthy\V55HO11.png,0,0.458693,1
pdraw_wave,efficientnet_b0,gaussian_blur,2,C:\Users\ramti\Desktop\ramtin legion pc\article_project\data\raw\pdraw_wave\test\parkinson\V01PO01.png,1,0.568547,1
pdraw_wave,efficientnet_b0,gaussian_blur,2,C:\Users\ramti\Desktop\ramtin legion pc\article_project\data\raw\pdraw_wave\test\parkinson\V02PO01.png,1,0.877096,1
pdraw_wave,efficientnet_b0,gaussian_blur,2,C:\Users\ramti\Desktop\ramtin legion pc\article_project\data\raw\pdraw_wave\test\parkinson\V03PO01.png,1,0.817041,1
pdraw_wave,efficientnet_b0,gaussian_blur,2,C:\Users\ramti\Desktop\ramtin legion pc\article_project\data\raw\pdraw_wave\test\parkinson\V03PO04.png,1,0.866545,1
pdraw_wave,efficientnet_b0,gaussian_blur,2,C:\Users\ramti\Desktop\ramtin legion pc\article_project\data\raw\pdraw_wave\test\parkinson\V03PO07.png,1,0.897353,1
pdraw_wave,efficientnet_b0,gaussian_blur,2,C:\Users\ramti\Desktop\ramtin legion pc\article_project\data\raw\pdraw_wave\test\parkinson\V04PO01.png,1,0.883399,1
pdraw_wave,efficientnet_b0,gaussian_blur,2,C:\Users\ramti\Desktop\ramtin legion pc\article_project\data\raw\pdraw_wave\test\parkinson\V05PO01.png,1,0.857845,1
pdraw_wave,efficientnet_b0,gaussian_blur,2,C:\Users\ramti\Desktop\ramtin legion pc\article_project\data\raw\pdraw_wave\test\parkinson\V06PO01.png,1,0.845747,1
pdraw_wave,efficientnet_b0,gaussian_blur,2,C:\Users\ramti\Desktop\ramtin legion pc\article_project\data\raw\pdraw_wave\test\parkinson\V07PO01.png,1,0.894845,1
pdraw_wave,efficientnet_b0,gaussian_blur,2,C:\Users\ramti\Desktop\ramtin legion pc\article_project\data\raw\pdraw_wave\test\parkinson\V08PO01.png,1,0.430503,1
pdraw_wave,efficientnet_b0,gaussian_blur,2,C:\Users\ramti\Desktop\ramtin legion pc\article_project\data\raw\pdraw_wave\test\parkinson\V09PO01.png,1,0.911269,1
pdraw_wave,efficientnet_b0,gaussian_blur,2,C:\Users\ramti\Desktop\ramtin legion pc\article_project\data\raw\pdraw_wave\test\parkinson\V10PO01.png,1,0.679651,1
pdraw_wave,efficientnet_b0,gaussian_blur,2,C:\Users\ramti\Desktop\ramtin legion pc\article_project\data\raw\pdraw_wave\test\parkinson\V11PO01.png,1,0.505245,1
pdraw_wave,efficientnet_b0,gaussian_blur,2,C:\Users\ramti\Desktop\ramtin legion pc\article_project\data\raw\pdraw_wave\test\parkinson\V14PO01.png,1,0.864849,1
pdraw_wave,efficientnet_b0,gaussian_blur,2,C:\Users\ramti\Desktop\ramtin legion pc\article_project\data\raw\pdraw_wave\test\parkinson\V14PO03.png,1,0.879353,1
pdraw_wave,efficientnet_b0,gaussian_blur,3,C:\Users\ramti\Desktop\ramtin legion pc\article_project\data\raw\pdraw_wave\test\healthy\V01HO01.png,0,0.411995,1
pdraw_wave,efficientnet_b0,gaussian_blur,3,C:\Users\ramti\Desktop\ramtin legion pc\article_project\data\raw\pdraw_wave\test\healthy\V02HO01.png,0,0.154778,0
pdraw_wave,efficientnet_b0,gaussian_blur,3,C:\Users\ramti\Desktop\ramtin legion pc\article_project\data\raw\pdraw_wave\test\healthy\V03HO01.png,0,0.269007,0
pdraw_wave,efficientnet_b0,gaussian_blur,3,C:\Users\ramti\Desktop\ramtin legion pc\article_project\data\raw\pdraw_wave\test\healthy\V04HO01.png,0,0.332111,0
pdraw_wave,efficientnet_b0,gaussian_blur,3,C:\Users\ramti\Desktop\ramtin legion pc\article_project\data\raw\pdraw_wave\test\healthy\V05HO01.png,0,0.710017,1
pdraw_wave,efficientnet_b0,gaussian_blur,3,C:\Users\ramti\Desktop\ramtin legion pc\article_project\data\raw\pdraw_wave\test\healthy\V06HO01.png,0,0.597146,1
pdraw_wave,efficientnet_b0,gaussian_blur,3,C:\Users\ramti\Desktop\ramtin legion pc\article_project\data\raw\pdraw_wave\test\healthy\V07HO01.png,0,0.287224,0
pdraw_wave,efficientnet_b0,gaussian_blur,3,C:\Users\ramti\Desktop\ramtin legion pc\article_project\data\raw\pdraw_wave\test\healthy\V08HO01.png,0,0.416035,1
pdraw_wave,efficientnet_b0,gaussian_blur,3,C:\Users\ramti\Desktop\ramtin legion pc\article_project\data\raw\pdraw_wave\test\healthy\V09HO01.png,0,0.436684,1
pdraw_wave,efficientnet_b0,gaussian_blur,3,C:\Users\ramti\Desktop\ramtin legion pc\article_project\data\raw\pdraw_wave\test\healthy\V10HO01.png,0,0.444210,1
pdraw_wave,efficientnet_b0,gaussian_blur,3,C:\Users\ramti\Desktop\ramtin legion pc\article_project\data\raw\pdraw_wave\test\healthy\V11HO01.png,0,0.534893,1
pdraw_wave,efficientnet_b0,gaussian_blur,3,C:\Users\ramti\Desktop\ramtin legion pc\article_project\data\raw\pdraw_wave\test\healthy\V55HO08.png,0,0.286508,0
pdraw_wave,efficientnet_b0,gaussian_blur,3,C:\Users\ramti\Desktop\ramtin legion pc\article_project\data\raw\pdraw_wave\test\healthy\V55HO09.png,0,0.402948,1
pdraw_wave,efficientnet_b0,gaussian_blur,3,C:\Users\ramti\Desktop\ramtin legion pc\article_project\data\raw\pdraw_wave\test\healthy\V55HO10.png,0,0.322288,0
pdraw_wave,efficientnet_b0,gaussian_blur,3,C:\Users\ramti\Desktop\ramtin legion pc\article_project\data\raw\pdraw_wave\test\healthy\V55HO11.png,0,0.424281,1
pdraw_wave,efficientnet_b0,gaussian_blur,3,C:\Users\ramti\Desktop\ramtin legion pc\article_project\data\raw\pdraw_wave\test\parkinson\V01PO01.png,1,0.544662,1
pdraw_wave,efficientnet_b0,gaussian_blur,3,C:\Users\ramti\Desktop\ramtin legion pc\article_project\data\raw\pdraw_wave\test\parkinson\V02PO01.png,1,0.848133,1
pdraw_wave,efficientnet_b0,gaussian_blur,3,C:\Users\ramti\Desktop\ramtin legion pc\article_project\data\raw\pdraw_wave\test\parkinson\V03PO01.png,1,0.828863,1
pdraw_wave,efficientnet_b0,gaussian_blur,3,C:\Users\ramti\Desktop\ramtin legion pc\article_project\data\raw\pdraw_wave\test\parkinson\V03PO04.png,1,0.846639,1
pdraw_wave,efficientnet_b0,gaussian_blur,3,C:\Users\ramti\Desktop\ramtin legion pc\article_project\data\raw\pdraw_wave\test\parkinson\V03PO07.png,1,0.883103,1
pdraw_wave,efficientnet_b0,gaussian_blur,3,C:\Users\ramti\Desktop\ramtin legion pc\article_project\data\raw\pdraw_wave\test\parkinson\V04PO01.png,1,0.864808,1
pdraw_wave,efficientnet_b0,gaussian_blur,3,C:\Users\ramti\Desktop\ramtin legion pc\article_project\data\raw\pdraw_wave\test\parkinson\V05PO01.png,1,0.857698,1
pdraw_wave,efficientnet_b0,gaussian_blur,3,C:\Users\ramti\Desktop\ramtin legion pc\article_project\data\raw\pdraw_wave\test\parkinson\V06PO01.png,1,0.836333,1
pdraw_wave,efficientnet_b0,gaussian_blur,3,C:\Users\ramti\Desktop\ramtin legion pc\article_project\data\raw\pdraw_wave\test\parkinson\V07PO01.png,1,0.877454,1
pdraw_wave,efficientnet_b0,gaussian_blur,3,C:\Users\ramti\Desktop\ramtin legion pc\article_project\data\raw\pdraw_wave\test\parkinson\V08PO01.png,1,0.399779,1
pdraw_wave,efficientnet_b0,gaussian_blur,3,C:\Users\ramti\Desktop\ramtin legion pc\article_project\data\raw\pdraw_wave\test\parkinson\V09PO01.png,1,0.903110,1
pdraw_wave,efficientnet_b0,gaussian_blur,3,C:\Users\ramti\Desktop\ramtin legion pc\article_project\data\raw\pdraw_wave\test\parkinson\V10PO01.png,1,0.693167,1
pdraw_wave,efficientnet_b0,gaussian_blur,3,C:\Users\ramti\Desktop\ramtin legion pc\article_project\data\raw\pdraw_wave\test\parkinson\V11PO01.png,1,0.535091,1
pdraw_wave,efficientnet_b0,gaussian_blur,3,C:\Users\ramti\Desktop\ramtin legion pc\article_project\data\raw\pdraw_wave\test\parkinson\V14PO01.png,1,0.835183,1
pdraw_wave,efficientnet_b0,gaussian_blur,3,C:\Users\ramti\Desktop\ramtin legion pc\article_project\data\raw\pdraw_wave\test\parkinson\V14PO03.png,1,0.850673,1
pdraw_wave,efficientnet_b0,gaussian_blur,4,C:\Users\ramti\Desktop\ramtin legion pc\article_project\data\raw\pdraw_wave\test\healthy\V01HO01.png,0,0.391109,1
pdraw_wave,efficientnet_b0,gaussian_blur,4,C:\Users\ramti\Desktop\ramtin legion pc\article_project\data\raw\pdraw_wave\test\healthy\V02HO01.png,0,0.173339,0
pdraw_wave,efficientnet_b0,gaussian_blur,4,C:\Users\ramti\Desktop\ramtin legion pc\article_project\data\raw\pdraw_wave\test\healthy\V03HO01.png,0,0.257131,0
pdraw_wave,efficientnet_b0,gaussian_blur,4,C:\Users\ramti\Desktop\ramtin legion pc\article_project\data\raw\pdraw_wave\test\healthy\V04HO01.png,0,0.320225,0
pdraw_wave,efficientnet_b0,gaussian_blur,4,C:\Users\ramti\Desktop\ramtin legion pc\article_project\data\raw\pdraw_wave\test\healthy\V05HO01.png,0,0.708266,1
pdraw_wave,efficientnet_b0,gaussian_blur,4,C:\Users\ramti\Desktop\ramtin legion pc\article_project\data\raw\pdraw_wave\test\healthy\V06HO01.png,0,0.611384,1
pdraw_wave,efficientnet_b0,gaussian_blur,4,C:\Users\ramti\Desktop\ramtin legion pc\article_project\data\raw\pdraw_wave\test\healthy\V07HO01.png,0,0.299656,0
pdraw_wave,efficientnet_b0,gaussian_blur,4,C:\Users\ramti\Desktop\ramtin legion pc\article_project\data\raw\pdraw_wave\test\healthy\V08HO01.png,0,0.439915,1
pdraw_wave,efficientnet_b0,gaussian_blur,4,C:\Users\ramti\Desktop\ramtin legion pc\article_project\data\raw\pdraw_wave\test\healthy\V09HO01.png,0,0.437132,1
pdraw_wave,efficientnet_b0,gaussian_blur,4,C:\Users\ramti\Desktop\ramtin legion pc\article_project\data\raw\pdraw_wave\test\healthy\V10HO01.png,0,0.441878,1
pdraw_wave,efficientnet_b0,gaussian_blur,4,C:\Users\ramti\Desktop\ramtin legion pc\article_project\data\raw\pdraw_wave\test\healthy\V11HO01.png,0,0.536458,1
pdraw_wave,efficientnet_b0,gaussian_blur,4,C:\Users\ramti\Desktop\ramtin legion pc\article_project\data\raw\pdraw_wave\test\healthy\V55HO08.png,0,0.273839,0
pdraw_wave,efficientnet_b0,gaussian_blur,4,C:\Users\ramti\Desktop\ramtin legion pc\article_project\data\raw\pdraw_wave\test\healthy\V55HO09.png,0,0.371149,1
pdraw_wave,efficientnet_b0,gaussian_blur,4,C:\Users\ramti\Desktop\ramtin legion pc\article_project\data\raw\pdraw_wave\test\healthy\V55HO10.png,0,0.334994,0
pdraw_wave,efficientnet_b0,gaussian_blur,4,C:\Users\ramti\Desktop\ramtin legion pc\article_project\data\raw\pdraw_wave\test\healthy\V55HO11.png,0,0.403985,1
pdraw_wave,efficientnet_b0,gaussian_blur,4,C:\Users\ramti\Desktop\ramtin legion pc\article_project\data\raw\pdraw_wave\test\parkinson\V01PO01.png,1,0.521037,1
pdraw_wave,efficientnet_b0,gaussian_blur,4,C:\Users\ramti\Desktop\ramtin legion pc\article_project\data\raw\pdraw_wave\test\parkinson\V02PO01.png,1,0.820328,1
pdraw_wave,efficientnet_b0,gaussian_blur,4,C:\Users\ramti\Desktop\ramtin legion pc\article_project\data\raw\pdraw_wave\test\parkinson\V03PO01.png,1,0.834093,1
pdraw_wave,efficientnet_b0,gaussian_blur,4,C:\Users\ramti\Desktop\ramtin legion pc\article_project\data\raw\pdraw_wave\test\parkinson\V03PO04.png,1,0.830910,1
pdraw_wave,efficientnet_b0,gaussian_blur,4,C:\Users\ramti\Desktop\ramtin legion pc\article_project\data\raw\pdraw_wave\test\parkinson\V03PO07.png,1,0.875825,1
pdraw_wave,efficientnet_b0,gaussian_blur,4,C:\Users\ramti\Desktop\ramtin legion pc\article_project\data\raw\pdraw_wave\test\parkinson\V04PO01.png,1,0.851535,1
pdraw_wave,efficientnet_b0,gaussian_blur,4,C:\Users\ramti\Desktop\ramtin legion pc\article_project\data\raw\pdraw_wave\test\parkinson\V05PO01.png,1,0.855755,1
pdraw_wave,efficientnet_b0,gaussian_blur,4,C:\Users\ramti\Desktop\ramtin legion pc\article_project\data\raw\pdraw_wave\test\parkinson\V06PO01.png,1,0.813043,1
pdraw_wave,efficientnet_b0,gaussian_blur,4,C:\Users\ramti\Desktop\ramtin legion pc\article_project\data\raw\pdraw_wave\test\parkinson\V07PO01.png,1,0.866577,1
pdraw_wave,efficientnet_b0,gaussian_blur,4,C:\Users\ramti\Desktop\ramtin legion pc\article_project\data\raw\pdraw_wave\test\parkinson\V08PO01.png,1,0.381686,1
pdraw_wave,efficientnet_b0,gaussian_blur,4,C:\Users\ramti\Desktop\ramtin legion pc\article_project\data\raw\pdraw_wave\test\parkinson\V09PO01.png,1,0.894524,1
pdraw_wave,efficientnet_b0,gaussian_blur,4,C:\Users\ramti\Desktop\ramtin legion pc\article_project\data\raw\pdraw_wave\test\parkinson\V10PO01.png,1,0.692066,1
pdraw_wave,efficientnet_b0,gaussian_blur,4,C:\Users\ramti\Desktop\ramtin legion pc\article_project\data\raw\pdraw_wave\test\parkinson\V11PO01.png,1,0.520231,1
pdraw_wave,efficientnet_b0,gaussian_blur,4,C:\Users\ramti\Desktop\ramtin legion pc\article_project\data\raw\pdraw_wave\test\parkinson\V14PO01.png,1,0.823045,1
pdraw_wave,efficientnet_b0,gaussian_blur,4,C:\Users\ramti\Desktop\ramtin legion pc\article_project\data\raw\pdraw_wave\test\parkinson\V14PO03.png,1,0.830001,1
pdraw_wave,efficientnet_b0,gaussian_blur,5,C:\Users\ramti\Desktop\ramtin legion pc\article_project\data\raw\pdraw_wave\test\healthy\V01HO01.png,0,0.395320,1
pdraw_wave,efficientnet_b0,gaussian_blur,5,C:\Users\ramti\Desktop\ramtin legion pc\article_project\data\raw\pdraw_wave\test\healthy\V02HO01.png,0,0.188563,0
pdraw_wave,efficientnet_b0,gaussian_blur,5,C:\Users\ramti\Desktop\ramtin legion pc\article_project\data\raw\pdraw_wave\test\healthy\V03HO01.png,0,0.256928,0
pdraw_wave,efficientnet_b0,gaussian_blur,5,C:\Users\ramti\Desktop\ramtin legion pc\article_project\data\raw\pdraw_wave\test\healthy\V04HO01.png,0,0.313012,0
pdraw_wave,efficientnet_b0,gaussian_blur,5,C:\Users\ramti\Desktop\ramtin legion pc\article_project\data\raw\pdraw_wave\test\healthy\V05HO01.png,0,0.687970,1
pdraw_wave,efficientnet_b0,gaussian_blur,5,C:\Users\ramti\Desktop\ramtin legion pc\article_project\data\raw\pdraw_wave\test\healthy\V06HO01.png,0,0.617138,1
pdraw_wave,efficientnet_b0,gaussian_blur,5,C:\Users\ramti\Desktop\ramtin legion pc\article_project\data\raw\pdraw_wave\test\healthy\V07HO01.png,0,0.317616,0
pdraw_wave,efficientnet_b0,gaussian_blur,5,C:\Users\ramti\Desktop\ramtin legion pc\article_project\data\raw\pdraw_wave\test\healthy\V08HO01.png,0,0.462563,1
pdraw_wave,efficientnet_b0,gaussian_blur,5,C:\Users\ramti\Desktop\ramtin legion pc\article_project\data\raw\pdraw_wave\test\healthy\V09HO01.png,0,0.436438,1
pdraw_wave,efficientnet_b0,gaussian_blur,5,C:\Users\ramti\Desktop\ramtin legion pc\article_project\data\raw\pdraw_wave\test\healthy\V10HO01.png,0,0.415970,1
pdraw_wave,efficientnet_b0,gaussian_blur,5,C:\Users\ramti\Desktop\ramtin legion pc\article_project\data\raw\pdraw_wave\test\healthy\V11HO01.png,0,0.530976,1
pdraw_wave,efficientnet_b0,gaussian_blur,5,C:\Users\ramti\Desktop\ramtin legion pc\article_project\data\raw\pdraw_wave\test\healthy\V55HO08.png,0,0.274949,0
pdraw_wave,efficientnet_b0,gaussian_blur,5,C:\Users\ramti\Desktop\ramtin legion pc\article_project\data\raw\pdraw_wave\test\healthy\V55HO09.png,0,0.347757,0
pdraw_wave,efficientnet_b0,gaussian_blur,5,C:\Users\ramti\Desktop\ramtin legion pc\article_project\data\raw\pdraw_wave\test\healthy\V55HO10.png,0,0.333452,0
pdraw_wave,efficientnet_b0,gaussian_blur,5,C:\Users\ramti\Desktop\ramtin legion pc\article_project\data\raw\pdraw_wave\test\healthy\V55HO11.png,0,0.401994,1
pdraw_wave,efficientnet_b0,gaussian_blur,5,C:\Users\ramti\Desktop\ramtin legion pc\article_project\data\raw\pdraw_wave\test\parkinson\V01PO01.png,1,0.501170,1
pdraw_wave,efficientnet_b0,gaussian_blur,5,C:\Users\ramti\Desktop\ramtin legion pc\article_project\data\raw\pdraw_wave\test\parkinson\V02PO01.png,1,0.789561,1
pdraw_wave,efficientnet_b0,gaussian_blur,5,C:\Users\ramti\Desktop\ramtin legion pc\article_project\data\raw\pdraw_wave\test\parkinson\V03PO01.png,1,0.825343,1
pdraw_wave,efficientnet_b0,gaussian_blur,5,C:\Users\ramti\Desktop\ramtin legion pc\article_project\data\raw\pdraw_wave\test\parkinson\V03PO04.png,1,0.811096,1
pdraw_wave,efficientnet_b0,gaussian_blur,5,C:\Users\ramti\Desktop\ramtin legion pc\article_project\data\raw\pdraw_wave\test\parkinson\V03PO07.png,1,0.869108,1
pdraw_wave,efficientnet_b0,gaussian_blur,5,C:\Users\ramti\Desktop\ramtin legion pc\article_project\data\raw\pdraw_wave\test\parkinson\V04PO01.png,1,0.840041,1
pdraw_wave,efficientnet_b0,gaussian_blur,5,C:\Users\ramti\Desktop\ramtin legion pc\article_project\data\raw\pdraw_wave\test\parkinson\V05PO01.png,1,0.854425,1
pdraw_wave,efficientnet_b0,gaussian_blur,5,C:\Users\ramti\Desktop\ramtin legion pc\article_project\data\raw\pdraw_wave\test\parkinson\V06PO01.png,1,0.794170,1
pdraw_wave,efficientnet_b0,gaussian_blur,5,C:\Users\ramti\Desktop\ramtin legion pc\article_project\data\raw\pdraw_wave\test\parkinson\V07PO01.png,1,0.854165,1
pdraw_wave,efficientnet_b0,gaussian_blur,5,C:\Users\ramti\Desktop\ramtin legion pc\article_project\data\raw\pdraw_wave\test\parkinson\V08PO01.png,1,0.370255,1
pdraw_wave,efficientnet_b0,gaussian_blur,5,C:\Users\ramti\Desktop\ramtin legion pc\article_project\data\raw\pdraw_wave\test\parkinson\V09PO01.png,1,0.885379,1
pdraw_wave,efficientnet_b0,gaussian_blur,5,C:\Users\ramti\Desktop\ramtin legion pc\article_project\data\raw\pdraw_wave\test\parkinson\V10PO01.png,1,0.674413,1
pdraw_wave,efficientnet_b0,gaussian_blur,5,C:\Users\ramti\Desktop\ramtin legion pc\article_project\data\raw\pdraw_wave\test\parkinson\V11PO01.png,1,0.510540,1
pdraw_wave,efficientnet_b0,gaussian_blur,5,C:\Users\ramti\Desktop\ramtin legion pc\article_project\data\raw\pdraw_wave\test\parkinson\V14PO01.png,1,0.807795,1
pdraw_wave,efficientnet_b0,gaussian_blur,5,C:\Users\ramti\Desktop\ramtin legion pc\article_project\data\raw\pdraw_wave\test\parkinson\V14PO03.png,1,0.797586,1
pdraw_wave,efficientnet_b0,gaussian_noise,1,C:\Users\ramti\Desktop\ramtin legion pc\article_project\data\raw\pdraw_wave\test\healthy\V01HO01.png,0,0.388648,1
pdraw_wave,efficientnet_b0,gaussian_noise,1,C:\Users\ramti\Desktop\ramtin legion pc\article_project\data\raw\pdraw_wave\test\healthy\V02HO01.png,0,0.148349,0
pdraw_wave,efficientnet_b0,gaussian_noise,1,C:\Users\ramti\Desktop\ramtin legion pc\article_project\data\raw\pdraw_wave\test\healthy\V03HO01.png,0,0.236242,0
pdraw_wave,efficientnet_b0,gaussian_noise,1,C:\Users\ramti\Desktop\ramtin legion pc\article_project\data\raw\pdraw_wave\test\healthy\V04HO01.png,0,0.226218,0
pdraw_wave,efficientnet_b0,gaussian_noise,1,C:\Users\ramti\Desktop\ramtin legion pc\article_project\data\raw\pdraw_wave\test\healthy\V05HO01.png,0,0.556086,1
pdraw_wave,efficientnet_b0,gaussian_noise,1,C:\Users\ramti\Desktop\ramtin legion pc\article_project\data\raw\pdraw_wave\test\healthy\V06HO01.png,0,0.373434,1
pdraw_wave,efficientnet_b0,gaussian_noise,1,C:\Users\ramti\Desktop\ramtin legion pc\article_project\data\raw\pdraw_wave\test\healthy\V07HO01.png,0,0.146986,0
pdraw_wave,efficientnet_b0,gaussian_noise,1,C:\Users\ramti\Desktop\ramtin legion pc\article_project\data\raw\pdraw_wave\test\healthy\V08HO01.png,0,0.252703,0
pdraw_wave,efficientnet_b0,gaussian_noise,1,C:\Users\ramti\Desktop\ramtin legion pc\article_project\data\raw\pdraw_wave\test\healthy\V09HO01.png,0,0.287108,0
pdraw_wave,efficientnet_b0,gaussian_noise,1,C:\Users\ramti\Desktop\ramtin legion pc\article_project\data\raw\pdraw_wave\test\healthy\V10HO01.png,0,0.353537,1
pdraw_wave,efficientnet_b0,gaussian_noise,1,C:\Users\ramti\Desktop\ramtin legion pc\article_project\data\raw\pdraw_wave\test\healthy\V11HO01.png,0,0.227384,0
pdraw_wave,efficientnet_b0,gaussian_noise,1,C:\Users\ramti\Desktop\ramtin legion pc\article_project\data\raw\pdraw_wave\test\healthy\V55HO08.png,0,0.197734,0
pdraw_wave,efficientnet_b0,gaussian_noise,1,C:\Users\ramti\Desktop\ramtin legion pc\article_project\data\raw\pdraw_wave\test\healthy\V55HO09.png,0,0.403996,1
pdraw_wave,efficientnet_b0,gaussian_noise,1,C:\Users\ramti\Desktop\ramtin legion pc\article_project\data\raw\pdraw_wave\test\healthy\V55HO10.png,0,0.239107,0
pdraw_wave,efficientnet_b0,gaussian_noise,1,C:\Users\ramti\Desktop\ramtin legion pc\article_project\data\raw\pdraw_wave\test\healthy\V55HO11.png,0,0.327321,0
pdraw_wave,efficientnet_b0,gaussian_noise,1,C:\Users\ramti\Desktop\ramtin legion pc\article_project\data\raw\pdraw_wave\test\parkinson\V01PO01.png,1,0.518180,1
pdraw_wave,efficientnet_b0,gaussian_noise,1,C:\Users\ramti\Desktop\ramtin legion pc\article_project\data\raw\pdraw_wave\test\parkinson\V02PO01.png,1,0.884039,1
pdraw_wave,efficientnet_b0,gaussian_noise,1,C:\Users\ramti\Desktop\ramtin legion pc\article_project\data\raw\pdraw_wave\test\parkinson\V03PO01.png,1,0.727107,1
pdraw_wave,efficientnet_b0,gaussian_noise,1,C:\Users\ramti\Desktop\ramtin legion pc\article_project\data\raw\pdraw_wave\test\parkinson\V03PO04.png,1,0.900634,1
pdraw_wave,efficientnet_b0,gaussian_noise,1,C:\Users\ramti\Desktop\ramtin legion pc\article_project\data\raw\pdraw_wave\test\parkinson\V03PO07.png,1,0.913999,1
pdraw_wave,efficientnet_b0,gaussian_noise,1,C:\Users\ramti\Desktop\ramtin legion pc\article_project\data\raw\pdraw_wave\test\parkinson\V04PO01.png,1,0.880195,1
pdraw_wave,efficientnet_b0,gaussian_noise,1,C:\Users\ramti\Desktop\ramtin legion pc\article_project\data\raw\pdraw_wave\test\parkinson\V05PO01.png,1,0.857675,1
pdraw_wave,efficientnet_b0,gaussian_noise,1,C:\Users\ramti\Desktop\ramtin legion pc\article_project\data\raw\pdraw_wave\test\parkinson\V06PO01.png,1,0.824970,1
pdraw_wave,efficientnet_b0,gaussian_noise,1,C:\Users\ramti\Desktop\ramtin legion pc\article_project\data\raw\pdraw_wave\test\parkinson\V07PO01.png,1,0.900207,1
pdraw_wave,efficientnet_b0,gaussian_noise,1,C:\Users\ramti\Desktop\ramtin legion pc\article_project\data\raw\pdraw_wave\test\parkinson\V08PO01.png,1,0.250020,0
pdraw_wave,efficientnet_b0,gaussian_noise,1,C:\Users\ramti\Desktop\ramtin legion pc\article_project\data\raw\pdraw_wave\test\parkinson\V09PO01.png,1,0.912627,1
pdraw_wave,efficientnet_b0,gaussian_noise,1,C:\Users\ramti\Desktop\ramtin legion pc\article_project\data\raw\pdraw_wave\test\parkinson\V10PO01.png,1,0.662948,1
pdraw_wave,efficientnet_b0,gaussian_noise,1,C:\Users\ramti\Desktop\ramtin legion pc\article_project\data\raw\pdraw_wave\test\parkinson\V11PO01.png,1,0.313181,0
pdraw_wave,efficientnet_b0,gaussian_noise,1,C:\Users\ramti\Desktop\ramtin legion pc\article_project\data\raw\pdraw_wave\test\parkinson\V14PO01.png,1,0.877975,1
pdraw_wave,efficientnet_b0,gaussian_noise,1,C:\Users\ramti\Desktop\ramtin legion pc\article_project\data\raw\pdraw_wave\test\parkinson\V14PO03.png,1,0.887090,1
pdraw_wave,efficientnet_b0,gaussian_noise,2,C:\Users\ramti\Desktop\ramtin legion pc\article_project\data\raw\pdraw_wave\test\healthy\V01HO01.png,0,0.311255,0
pdraw_wave,efficientnet_b0,gaussian_noise,2,C:\Users\ramti\Desktop\ramtin legion pc\article_project\data\raw\pdraw_wave\test\healthy\V02HO01.png,0,0.132527,0
pdraw_wave,efficientnet_b0,gaussian_noise,2,C:\Users\ramti\Desktop\ramtin legion pc\article_project\data\raw\pdraw_wave\test\healthy\V03HO01.png,0,0.207587,0
pdraw_wave,efficientnet_b0,gaussian_noise,2,C:\Users\ramti\Desktop\ramtin legion pc\article_project\data\raw\pdraw_wave\test\healthy\V04HO01.png,0,0.186359,0
pdraw_wave,efficientnet_b0,gaussian_noise,2,C:\Users\ramti\Desktop\ramtin legion pc\article_project\data\raw\pdraw_wave\test\healthy\V05HO01.png,0,0.477470,1
pdraw_wave,efficientnet_b0,gaussian_noise,2,C:\Users\ramti\Desktop\ramtin legion pc\article_project\data\raw\pdraw_wave\test\healthy\V06HO01.png,0,0.350129,1
pdraw_wave,efficientnet_b0,gaussian_noise,2,C:\Users\ramti\Desktop\ramtin legion pc\article_project\data\raw\pdraw_wave\test\healthy\V07HO01.png,0,0.132252,0
pdraw_wave,efficientnet_b0,gaussian_noise,2,C:\Users\ramti\Desktop\ramtin legion pc\article_project\data\raw\pdraw_wave\test\healthy\V08HO01.png,0,0.211921,0
pdraw_wave,efficientnet_b0,gaussian_noise,2,C:\Users\ramti\Desktop\ramtin legion pc\article_project\data\raw\pdraw_wave\test\healthy\V09HO01.png,0,0.268442,0
pdraw_wave,efficientnet_b0,gaussian_noise,2,C:\Users\ramti\Desktop\ramtin legion pc\article_project\data\raw\pdraw_wave\test\healthy\V10HO01.png,0,0.291375,0
pdraw_wave,efficientnet_b0,gaussian_noise,2,C:\Users\ramti\Desktop\ramtin legion pc\article_project\data\raw\pdraw_wave\test\healthy\V11HO01.png,0,0.193100,0
pdraw_wave,efficientnet_b0,gaussian_noise,2,C:\Users\ramti\Desktop\ramtin legion pc\article_project\data\raw\pdraw_wave\test\healthy\V55HO08.png,0,0.155813,0
pdraw_wave,efficientnet_b0,gaussian_noise,2,C:\Users\ramti\Desktop\ramtin legion pc\article_project\data\raw\pdraw_wave\test\healthy\V55HO09.png,0,0.310261,0
pdraw_wave,efficientnet_b0,gaussian_noise,2,C:\Users\ramti\Desktop\ramtin legion pc\article_project\data\raw\pdraw_wave\test\healthy\V55HO10.png,0,0.178731,0
pdraw_wave,efficientnet_b0,gaussian_noise,2,C:\Users\ramti\Desktop\ramtin legion pc\article_project\data\raw\pdraw_wave\test\healthy\V55HO11.png,0,0.264564,0
pdraw_wave,efficientnet_b0,gaussian_noise,2,C:\Users\ramti\Desktop\ramtin legion pc\article_project\data\raw\pdraw_wave\test\parkinson\V01PO01.png,1,0.501696,1
pdraw_wave,efficientnet_b0,gaussian_noise,2,C:\Users\ramti\Desktop\ramtin legion pc\article_project\data\raw\pdraw_wave\test\parkinson\V02PO01.png,1,0.857707,1
pdraw_wave,efficientnet_b0,gaussian_noise,2,C:\Users\ramti\Desktop\ramtin legion pc\article_project\data\raw\pdraw_wave\test\parkinson\V03PO01.png,1,0.677549,1
pdraw_wave,efficientnet_b0,gaussian_noise,2,C:\Users\ramti\Desktop\ramtin legion pc\article_project\data\raw\pdraw_wave\test\parkinson\V03PO04.png,1,0.882957,1
pdraw_wave,efficientnet_b0,gaussian_noise,2,C:\Users\ramti\Desktop\ramtin legion pc\article_project\data\raw\pdraw_wave\test\parkinson\V03PO07.png,1,0.875816,1
pdraw_wave,efficientnet_b0,gaussian_noise,2,C:\Users\ramti\Desktop\ramtin legion pc\article_project\data\raw\pdraw_wave\test\parkinson\V04PO01.png,1,0.835506,1
pdraw_wave,efficientnet_b0,gaussian_noise,2,C:\Users\ramti\Desktop\ramtin legion pc\article_project\data\raw\pdraw_wave\test\parkinson\V05PO01.png,1,0.837736,1
pdraw_wave,efficientnet_b0,gaussian_noise,2,C:\Users\ramti\Desktop\ramtin legion pc\article_project\data\raw\pdraw_wave\test\parkinson\V06PO01.png,1,0.762485,1
pdraw_wave,efficientnet_b0,gaussian_noise,2,C:\Users\ramti\Desktop\ramtin legion pc\article_project\data\raw\pdraw_wave\test\parkinson\V07PO01.png,1,0.883454,1
pdraw_wave,efficientnet_b0,gaussian_noise,2,C:\Users\ramti\Desktop\ramtin legion pc\article_project\data\raw\pdraw_wave\test\parkinson\V08PO01.png,1,0.179899,0
pdraw_wave,efficientnet_b0,gaussian_noise,2,C:\Users\ramti\Desktop\ramtin legion pc\article_project\data\raw\pdraw_wave\test\parkinson\V09PO01.png,1,0.904659,1
pdraw_wave,efficientnet_b0,gaussian_noise,2,C:\Users\ramti\Desktop\ramtin legion pc\article_project\data\raw\pdraw_wave\test\parkinson\V10PO01.png,1,0.597563,1
pdraw_wave,efficientnet_b0,gaussian_noise,2,C:\Users\ramti\Desktop\ramtin legion pc\article_project\data\raw\pdraw_wave\test\parkinson\V11PO01.png,1,0.266726,0
pdraw_wave,efficientnet_b0,gaussian_noise,2,C:\Users\ramti\Desktop\ramtin legion pc\article_project\data\raw\pdraw_wave\test\parkinson\V14PO01.png,1,0.862729,1
pdraw_wave,efficientnet_b0,gaussian_noise,2,C:\Users\ramti\Desktop\ramtin legion pc\article_project\data\raw\pdraw_wave\test\parkinson\V14PO03.png,1,0.858498,1
pdraw_wave,efficientnet_b0,gaussian_noise,3,C:\Users\ramti\Desktop\ramtin legion pc\article_project\data\raw\pdraw_wave\test\healthy\V01HO01.png,0,0.255625,0
pdraw_wave,efficientnet_b0,gaussian_noise,3,C:\Users\ramti\Desktop\ramtin legion pc\article_project\data\raw\pdraw_wave\test\healthy\V02HO01.png,0,0.126308,0
pdraw_wave,efficientnet_b0,gaussian_noise,3,C:\Users\ramti\Desktop\ramtin legion pc\article_project\data\raw\pdraw_wave\test\healthy\V03HO01.png,0,0.234111,0
pdraw_wave,efficientnet_b0,gaussian_noise,3,C:\Users\ramti\Desktop\ramtin legion pc\article_project\data\raw\pdraw_wave\test\healthy\V04HO01.png,0,0.202824,0
pdraw_wave,efficientnet_b0,gaussian_noise,3,C:\Users\ramti\Desktop\ramtin legion pc\article_project\data\raw\pdraw_wave\test\healthy\V05HO01.png,0,0.455560,1
pdraw_wave,efficientnet_b0,gaussian_noise,3,C:\Users\ramti\Desktop\ramtin legion pc\article_project\data\raw\pdraw_wave\test\healthy\V06HO01.png,0,0.276017,0
pdraw_wave,efficientnet_b0,gaussian_noise,3,C:\Users\ramti\Desktop\ramtin legion pc\article_project\data\raw\pdraw_wave\test\healthy\V07HO01.png,0,0.143623,0
pdraw_wave,efficientnet_b0,gaussian_noise,3,C:\Users\ramti\Desktop\ramtin legion pc\article_project\data\raw\pdraw_wave\test\healthy\V08HO01.png,0,0.248044,0
pdraw_wave,efficientnet_b0,gaussian_noise,3,C:\Users\ramti\Desktop\ramtin legion pc\article_project\data\raw\pdraw_wave\test\healthy\V09HO01.png,0,0.270400,0
pdraw_wave,efficientnet_b0,gaussian_noise,3,C:\Users\ramti\Desktop\ramtin legion pc\article_project\data\raw\pdraw_wave\test\healthy\V10HO01.png,0,0.286976,0
pdraw_wave,efficientnet_b0,gaussian_noise,3,C:\Users\ramti\Desktop\ramtin legion pc\article_project\data\raw\pdraw_wave\test\healthy\V11HO01.png,0,0.169374,0
pdraw_wave,efficientnet_b0,gaussian_noise,3,C:\Users\ramti\Desktop\ramtin legion pc\article_project\data\raw\pdraw_wave\test\healthy\V55HO08.png,0,0.151524,0
pdraw_wave,efficientnet_b0,gaussian_noise,3,C:\Users\ramti\Desktop\ramtin legion pc\article_project\data\raw\pdraw_wave\test\healthy\V55HO09.png,0,0.304744,0
pdraw_wave,efficientnet_b0,gaussian_noise,3,C:\Users\ramti\Desktop\ramtin legion pc\article_project\data\raw\pdraw_wave\test\healthy\V55HO10.png,0,0.166794,0
pdraw_wave,efficientnet_b0,gaussian_noise,3,C:\Users\ramti\Desktop\ramtin legion pc\article_project\data\raw\pdraw_wave\test\healthy\V55HO11.png,0,0.211222,0
pdraw_wave,efficientnet_b0,gaussian_noise,3,C:\Users\ramti\Desktop\ramtin legion pc\article_project\data\raw\pdraw_wave\test\parkinson\V01PO01.png,1,0.473396,1
pdraw_wave,efficientnet_b0,gaussian_noise,3,C:\Users\ramti\Desktop\ramtin legion pc\article_project\data\raw\pdraw_wave\test\parkinson\V02PO01.png,1,0.843953,1
pdraw_wave,efficientnet_b0,gaussian_noise,3,C:\Users\ramti\Desktop\ramtin legion pc\article_project\data\raw\pdraw_wave\test\parkinson\V03PO01.png,1,0.718369,1
pdraw_wave,efficientnet_b0,gaussian_noise,3,C:\Users\ramti\Desktop\ramtin legion pc\article_project\data\raw\pdraw_wave\test\parkinson\V03PO04.png,1,0.872563,1
pdraw_wave,efficientnet_b0,gaussian_noise,3,C:\Users\ramti\Desktop\ramtin legion pc\article_project\data\raw\pdraw_wave\test\parkinson\V03PO07.png,1,0.871394,1
pdraw_wave,efficientnet_b0,gaussian_noise,3,C:\Users\ramti\Desktop\ramtin legion pc\article_project\data\raw\pdraw_wave\test\parkinson\V04PO01.png,1,0.830840,1
pdraw_wave,efficientnet_b0,gaussian_noise,3,C:\Users\ramti\Desktop\ramtin legion pc\article_project\data\raw\pdraw_wave\test\parkinson\V05PO01.png,1,0.825006,1
pdraw_wave,efficientnet_b0,gaussian_noise,3,C:\Users\ramti\Desktop\ramtin legion pc\article_project\data\raw\pdraw_wave\test\parkinson\V06PO01.png,1,0.718998,1
pdraw_wave,efficientnet_b0,gaussian_noise,3,C:\Users\ramti\Desktop\ramtin legion pc\article_project\data\raw\pdraw_wave\test\parkinson\V07PO01.png,1,0.873832,1
pdraw_wave,efficientnet_b0,gaussian_noise,3,C:\Users\ramti\Desktop\ramtin legion pc\article_project\data\raw\pdraw_wave\test\parkinson\V08PO01.png,1,0.215245,0
pdraw_wave,efficientnet_b0,gaussian_noise,3,C:\Users\ramti\Desktop\ramtin legion pc\article_project\data\raw\pdraw_wave\test\parkinson\V09PO01.png,1,0.885290,1
pdraw_wave,efficientnet_b0,gaussian_noise,3,C:\Users\ramti\Desktop\ramtin legion pc\article_project\data\raw\pdraw_wave\test\parkinson\V10PO01.png,1,0.600054,1
pdraw_wave,efficientnet_b0,gaussian_noise,3,C:\Users\ramti\Desktop\ramtin legion pc\article_project\data\raw\pdraw_wave\test\parkinson\V11PO01.png,1,0.297347,0
pdraw_wave,efficientnet_b0,gaussian_noise,3,C:\Users\ramti\Desktop\ramtin legion pc\article_project\data\raw\pdraw_wave\test\parkinson\V14PO01.png,1,0.845718,1
pdraw_wave,efficientnet_b0,gaussian_noise,3,C:\Users\ramti\Desktop\ramtin legion pc\article_project\data\raw\pdraw_wave\test\parkinson\V14PO03.png,1,0.840586,1
pdraw_wave,efficientnet_b0,gaussian_noise,4,C:\Users\ramti\Desktop\ramtin legion pc\article_project\data\raw\pdraw_wave\test\healthy\V01HO01.png,0,0.232545,0
pdraw_wave,efficientnet_b0,gaussian_noise,4,C:\Users\ramti\Desktop\ramtin legion pc\article_project\data\raw\pdraw_wave\test\healthy\V02HO01.png,0,0.142413,0
pdraw_wave,efficientnet_b0,gaussian_noise,4,C:\Users\ramti\Desktop\ramtin legion pc\article_project\data\raw\pdraw_wave\test\healthy\V03HO01.png,0,0.186965,0
pdraw_wave,efficientnet_b0,gaussian_noise,4,C:\Users\ramti\Desktop\ramtin legion pc\article_project\data\raw\pdraw_wave\test\healthy\V04HO01.png,0,0.191521,0
pdraw_wave,efficientnet_b0,gaussian_noise,4,C:\Users\ramti\Desktop\ramtin legion pc\article_project\data\raw\pdraw_wave\test\healthy\V05HO01.png,0,0.418105,1
pdraw_wave,efficientnet_b0,gaussian_noise,4,C:\Users\ramti\Desktop\ramtin legion pc\article_project\data\raw\pdraw_wave\test\healthy\V06HO01.png,0,0.316570,0
pdraw_wave,efficientnet_b0,gaussian_noise,4,C:\Users\ramti\Desktop\ramtin legion pc\article_project\data\raw\pdraw_wave\test\healthy\V07HO01.png,0,0.142473,0
pdraw_wave,efficientnet_b0,gaussian_noise,4,C:\Users\ramti\Desktop\ramtin legion pc\article_project\data\raw\pdraw_wave\test\healthy\V08HO01.png,0,0.212296,0
pdraw_wave,efficientnet_b0,gaussian_noise,4,C:\Users\ramti\Desktop\ramtin legion pc\article_project\data\raw\pdraw_wave\test\healthy\V09HO01.png,0,0.244461,0
pdraw_wave,efficientnet_b0,gaussian_noise,4,C:\Users\ramti\Desktop\ramtin legion pc\article_project\data\raw\pdraw_wave\test\healthy\V10HO01.png,0,0.324072,0
pdraw_wave,efficientnet_b0,gaussian_noise,4,C:\Users\ramti\Desktop\ramtin legion pc\article_project\data\raw\pdraw_wave\test\healthy\V11HO01.png,0,0.191704,0
pdraw_wave,efficientnet_b0,gaussian_noise,4,C:\Users\ramti\Desktop\ramtin legion pc\article_project\data\raw\pdraw_wave\test\healthy\V55HO08.png,0,0.170424,0
pdraw_wave,efficientnet_b0,gaussian_noise,4,C:\Users\ramti\Desktop\ramtin legion pc\article_project\data\raw\pdraw_wave\test\healthy\V55HO09.png,0,0.309587,0
pdraw_wave,efficientnet_b0,gaussian_noise,4,C:\Users\ramti\Desktop\ramtin legion pc\article_project\data\raw\pdraw_wave\test\healthy\V55HO10.png,0,0.181129,0
pdraw_wave,efficientnet_b0,gaussian_noise,4,C:\Users\ramti\Desktop\ramtin legion pc\article_project\data\raw\pdraw_wave\test\healthy\V55HO11.png,0,0.231032,0
pdraw_wave,efficientnet_b0,gaussian_noise,4,C:\Users\ramti\Desktop\ramtin legion pc\article_project\data\raw\pdraw_wave\test\parkinson\V01PO01.png,1,0.517807,1
pdraw_wave,efficientnet_b0,gaussian_noise,4,C:\Users\ramti\Desktop\ramtin legion pc\article_project\data\raw\pdraw_wave\test\parkinson\V02PO01.png,1,0.797695,1
pdraw_wave,efficientnet_b0,gaussian_noise,4,C:\Users\ramti\Desktop\ramtin legion pc\article_project\data\raw\pdraw_wave\test\parkinson\V03PO01.png,1,0.677201,1
pdraw_wave,efficientnet_b0,gaussian_noise,4,C:\Users\ramti\Desktop\ramtin legion pc\article_project\data\raw\pdraw_wave\test\parkinson\V03PO04.png,1,0.870259,1
pdraw_wave,efficientnet_b0,gaussian_noise,4,C:\Users\ramti\Desktop\ramtin legion pc\article_project\data\raw\pdraw_wave\test\parkinson\V03PO07.png,1,0.864570,1
pdraw_wave,efficientnet_b0,gaussian_noise,4,C:\Users\ramti\Desktop\ramtin legion pc\article_project\data\raw\pdraw_wave\test\parkinson\V04PO01.png,1,0.797910,1
pdraw_wave,efficientnet_b0,gaussian_noise,4,C:\Users\ramti\Desktop\ramtin legion pc\article_project\data\raw\pdraw_wave\test\parkinson\V05PO01.png,1,0.853336,1
pdraw_wave,efficientnet_b0,gaussian_noise,4,C:\Users\ramti\Desktop\ramtin legion pc\article_project\data\raw\pdraw_wave\test\parkinson\V06PO01.png,1,0.747742,1
pdraw_wave,efficientnet_b0,gaussian_noise,4,C:\Users\ramti\Desktop\ramtin legion pc\article_project\data\raw\pdraw_wave\test\parkinson\V07PO01.png,1,0.856329,1
pdraw_wave,efficientnet_b0,gaussian_noise,4,C:\Users\ramti\Desktop\ramtin legion pc\article_project\data\raw\pdraw_wave\test\parkinson\V08PO01.png,1,0.204071,0
pdraw_wave,efficientnet_b0,gaussian_noise,4,C:\Users\ramti\Desktop\ramtin legion pc\article_project\data\raw\pdraw_wave\test\parkinson\V09PO01.png,1,0.856108,1
pdraw_wave,efficientnet_b0,gaussian_noise,4,C:\Users\ramti\Desktop\ramtin legion pc\article_project\data\raw\pdraw_wave\test\parkinson\V10PO01.png,1,0.583907,1
pdraw_wave,efficientnet_b0,gaussian_noise,4,C:\Users\ramti\Desktop\ramtin legion pc\article_project\data\raw\pdraw_wave\test\parkinson\V11PO01.png,1,0.306341,0
pdraw_wave,efficientnet_b0,gaussian_noise,4,C:\Users\ramti\Desktop\ramtin legion pc\article_project\data\raw\pdraw_wave\test\parkinson\V14PO01.png,1,0.846234,1
pdraw_wave,efficientnet_b0,gaussian_noise,4,C:\Users\ramti\Desktop\ramtin legion pc\article_project\data\raw\pdraw_wave\test\parkinson\V14PO03.png,1,0.842980,1
pdraw_wave,efficientnet_b0,gaussian_noise,5,C:\Users\ramti\Desktop\ramtin legion pc\article_project\data\raw\pdraw_wave\test\healthy\V01HO01.png,0,0.222305,0
pdraw_wave,efficientnet_b0,gaussian_noise,5,C:\Users\ramti\Desktop\ramtin legion pc\article_project\data\raw\pdraw_wave\test\healthy\V02HO01.png,0,0.138722,0
pdraw_wave,efficientnet_b0,gaussian_noise,5,C:\Users\ramti\Desktop\ramtin legion pc\article_project\data\raw\pdraw_wave\test\healthy\V03HO01.png,0,0.181758,0
pdraw_wave,efficientnet_b0,gaussian_noise,5,C:\Users\ramti\Desktop\ramtin legion pc\article_project\data\raw\pdraw_wave\test\healthy\V04HO01.png,0,0.209183,0
pdraw_wave,efficientnet_b0,gaussian_noise,5,C:\Users\ramti\Desktop\ramtin legion pc\article_project\data\raw\pdraw_wave\test\healthy\V05HO01.png,0,0.383689,1
pdraw_wave,efficientnet_b0,gaussian_noise,5,C:\Users\ramti\Desktop\ramtin legion pc\article_project\data\raw\pdraw_wave\test\healthy\V06HO01.png,0,0.275477,0
pdraw_wave,efficientnet_b0,gaussian_noise,5,C:\Users\ramti\Desktop\ramtin legion pc\article_project\data\raw\pdraw_wave\test\healthy\V07HO01.png,0,0.134660,0
pdraw_wave,efficientnet_b0,gaussian_noise,5,C:\Users\ramti\Desktop\ramtin legion pc\article_project\data\raw\pdraw_wave\test\healthy\V08HO01.png,0,0.231485,0
pdraw_wave,efficientnet_b0,gaussian_noise,5,C:\Users\ramti\Desktop\ramtin legion pc\article_project\data\raw\pdraw_wave\test\healthy\V09HO01.png,0,0.227272,0
pdraw_wave,efficientnet_b0,gaussian_noise,5,C:\Users\ramti\Desktop\ramtin legion pc\article_project\data\raw\pdraw_wave\test\healthy\V10HO01.png,0,0.339361,0
pdraw_wave,efficientnet_b0,gaussian_noise,5,C:\Users\ramti\Desktop\ramtin legion pc\article_project\data\raw\pdraw_wave\test\healthy\V11HO01.png,0,0.186782,0
pdraw_wave,efficientnet_b0,gaussian_noise,5,C:\Users\ramti\Desktop\ramtin legion pc\article_project\data\raw\pdraw_wave\test\healthy\V55HO08.png,0,0.178187,0
pdraw_wave,efficientnet_b0,gaussian_noise,5,C:\Users\ramti\Desktop\ramtin legion pc\article_project\data\raw\pdraw_wave\test\healthy\V55HO09.png,0,0.261523,0
pdraw_wave,efficientnet_b0,gaussian_noise,5,C:\Users\ramti\Desktop\ramtin legion pc\article_project\data\raw\pdraw_wave\test\healthy\V55HO10.png,0,0.232128,0
pdraw_wave,efficientnet_b0,gaussian_noise,5,C:\Users\ramti\Desktop\ramtin legion pc\article_project\data\raw\pdraw_wave\test\healthy\V55HO11.png,0,0.209655,0
pdraw_wave,efficientnet_b0,gaussian_noise,5,C:\Users\ramti\Desktop\ramtin legion pc\article_project\data\raw\pdraw_wave\test\parkinson\V01PO01.png,1,0.516381,1
pdraw_wave,efficientnet_b0,gaussian_noise,5,C:\Users\ramti\Desktop\ramtin legion pc\article_project\data\raw\pdraw_wave\test\parkinson\V02PO01.png,1,0.725616,1
pdraw_wave,efficientnet_b0,gaussian_noise,5,C:\Users\ramti\Desktop\ramtin legion pc\article_project\data\raw\pdraw_wave\test\parkinson\V03PO01.png,1,0.623578,1
pdraw_wave,efficientnet_b0,gaussian_noise,5,C:\Users\ramti\Desktop\ramtin legion pc\article_project\data\raw\pdraw_wave\test\parkinson\V03PO04.png,1,0.838634,1
pdraw_wave,efficientnet_b0,gaussian_noise,5,C:\Users\ramti\Desktop\ramtin legion pc\article_project\data\raw\pdraw_wave\test\parkinson\V03PO07.png,1,0.823425,1
pdraw_wave,efficientnet_b0,gaussian_noise,5,C:\Users\ramti\Desktop\ramtin legion pc\article_project\data\raw\pdraw_wave\test\parkinson\V04PO01.png,1,0.766045,1
pdraw_wave,efficientnet_b0,gaussian_noise,5,C:\Users\ramti\Desktop\ramtin legion pc\article_project\data\raw\pdraw_wave\test\parkinson\V05PO01.png,1,0.860446,1
pdraw_wave,efficientnet_b0,gaussian_noise,5,C:\Users\ramti\Desktop\ramtin legion pc\article_project\data\raw\pdraw_wave\test\parkinson\V06PO01.png,1,0.766824,1
pdraw_wave,efficientnet_b0,gaussian_noise,5,C:\Users\ramti\Desktop\ramtin legion pc\article_project\data\raw\pdraw_wave\test\parkinson\V07PO01.png,1,0.829587,1
pdraw_wave,efficientnet_b0,gaussian_noise,5,C:\Users\ramti\Desktop\ramtin legion pc\article_project\data\raw\pdraw_wave\test\parkinson\V08PO01.png,1,0.220847,0
pdraw_wave,efficientnet_b0,gaussian_noise,5,C:\Users\ramti\Desktop\ramtin legion pc\article_project\data\raw\pdraw_wave\test\parkinson\V09PO01.png,1,0.853049,1
pdraw_wave,efficientnet_b0,gaussian_noise,5,C:\Users\ramti\Desktop\ramtin legion pc\article_project\data\raw\pdraw_wave\test\parkinson\V10PO01.png,1,0.517324,1
pdraw_wave,efficientnet_b0,gaussian_noise,5,C:\Users\ramti\Desktop\ramtin legion pc\article_project\data\raw\pdraw_wave\test\parkinson\V11PO01.png,1,0.282563,0
pdraw_wave,efficientnet_b0,gaussian_noise,5,C:\Users\ramti\Desktop\ramtin legion pc\article_project\data\raw\pdraw_wave\test\parkinson\V14PO01.png,1,0.824572,1
pdraw_wave,efficientnet_b0,gaussian_noise,5,C:\Users\ramti\Desktop\ramtin legion pc\article_project\data\raw\pdraw_wave\test\parkinson\V14PO03.png,1,0.833324,1
pdraw_wave,efficientnet_b0,contrast,1,C:\Users\ramti\Desktop\ramtin legion pc\article_project\data\raw\pdraw_wave\test\healthy\V01HO01.png,0,0.373322,1
pdraw_wave,efficientnet_b0,contrast,1,C:\Users\ramti\Desktop\ramtin legion pc\article_project\data\raw\pdraw_wave\test\healthy\V02HO01.png,0,0.143794,0
pdraw_wave,efficientnet_b0,contrast,1,C:\Users\ramti\Desktop\ramtin legion pc\article_project\data\raw\pdraw_wave\test\healthy\V03HO01.png,0,0.203691,0
pdraw_wave,efficientnet_b0,contrast,1,C:\Users\ramti\Desktop\ramtin legion pc\article_project\data\raw\pdraw_wave\test\healthy\V04HO01.png,0,0.178321,0
pdraw_wave,efficientnet_b0,contrast,1,C:\Users\ramti\Desktop\ramtin legion pc\article_project\data\raw\pdraw_wave\test\healthy\V05HO01.png,0,0.468201,1
pdraw_wave,efficientnet_b0,contrast,1,C:\Users\ramti\Desktop\ramtin legion pc\article_project\data\raw\pdraw_wave\test\healthy\V06HO01.png,0,0.262227,0
pdraw_wave,efficientnet_b0,contrast,1,C:\Users\ramti\Desktop\ramtin legion pc\article_project\data\raw\pdraw_wave\test\healthy\V07HO01.png,0,0.138155,0
pdraw_wave,efficientnet_b0,contrast,1,C:\Users\ramti\Desktop\ramtin legion pc\article_project\data\raw\pdraw_wave\test\healthy\V08HO01.png,0,0.159689,0
pdraw_wave,efficientnet_b0,contrast,1,C:\Users\ramti\Desktop\ramtin legion pc\article_project\data\raw\pdraw_wave\test\healthy\V09HO01.png,0,0.212002,0
pdraw_wave,efficientnet_b0,contrast,1,C:\Users\ramti\Desktop\ramtin legion pc\article_project\data\raw\pdraw_wave\test\healthy\V10HO01.png,0,0.324900,0
pdraw_wave,efficientnet_b0,contrast,1,C:\Users\ramti\Desktop\ramtin legion pc\article_project\data\raw\pdraw_wave\test\healthy\V11HO01.png,0,0.149053,0
pdraw_wave,efficientnet_b0,contrast,1,C:\Users\ramti\Desktop\ramtin legion pc\article_project\data\raw\pdraw_wave\test\healthy\V55HO08.png,0,0.175747,0
pdraw_wave,efficientnet_b0,contrast,1,C:\Users\ramti\Desktop\ramtin legion pc\article_project\data\raw\pdraw_wave\test\healthy\V55HO09.png,0,0.332293,0
pdraw_wave,efficientnet_b0,contrast,1,C:\Users\ramti\Desktop\ramtin legion pc\article_project\data\raw\pdraw_wave\test\healthy\V55HO10.png,0,0.245411,0
pdraw_wave,efficientnet_b0,contrast,1,C:\Users\ramti\Desktop\ramtin legion pc\article_project\data\raw\pdraw_wave\test\healthy\V55HO11.png,0,0.278488,0
pdraw_wave,efficientnet_b0,contrast,1,C:\Users\ramti\Desktop\ramtin legion pc\article_project\data\raw\pdraw_wave\test\parkinson\V01PO01.png,1,0.405253,1
pdraw_wave,efficientnet_b0,contrast,1,C:\Users\ramti\Desktop\ramtin legion pc\article_project\data\raw\pdraw_wave\test\parkinson\V02PO01.png,1,0.855374,1
pdraw_wave,efficientnet_b0,contrast,1,C:\Users\ramti\Desktop\ramtin legion pc\article_project\data\raw\pdraw_wave\test\parkinson\V03PO01.png,1,0.683471,1
pdraw_wave,efficientnet_b0,contrast,1,C:\Users\ramti\Desktop\ramtin legion pc\article_project\data\raw\pdraw_wave\test\parkinson\V03PO04.png,1,0.857299,1
pdraw_wave,efficientnet_b0,contrast,1,C:\Users\ramti\Desktop\ramtin legion pc\article_project\data\raw\pdraw_wave\test\parkinson\V03PO07.png,1,0.820288,1
pdraw_wave,efficientnet_b0,contrast,1,C:\Users\ramti\Desktop\ramtin legion pc\article_project\data\raw\pdraw_wave\test\parkinson\V04PO01.png,1,0.849940,1
pdraw_wave,efficientnet_b0,contrast,1,C:\Users\ramti\Desktop\ramtin legion pc\article_project\data\raw\pdraw_wave\test\parkinson\V05PO01.png,1,0.813837,1
pdraw_wave,efficientnet_b0,contrast,1,C:\Users\ramti\Desktop\ramtin legion pc\article_project\data\raw\pdraw_wave\test\parkinson\V06PO01.png,1,0.698711,1
pdraw_wave,efficientnet_b0,contrast,1,C:\Users\ramti\Desktop\ramtin legion pc\article_project\data\raw\pdraw_wave\test\parkinson\V07PO01.png,1,0.878848,1
pdraw_wave,efficientnet_b0,contrast,1,C:\Users\ramti\Desktop\ramtin legion pc\article_project\data\raw\pdraw_wave\test\parkinson\V08PO01.png,1,0.188536,0
pdraw_wave,efficientnet_b0,contrast,1,C:\Users\ramti\Desktop\ramtin legion pc\article_project\data\raw\pdraw_wave\test\parkinson\V09PO01.png,1,0.879132,1
pdraw_wave,efficientnet_b0,contrast,1,C:\Users\ramti\Desktop\ramtin legion pc\article_project\data\raw\pdraw_wave\test\parkinson\V10PO01.png,1,0.608980,1
pdraw_wave,efficientnet_b0,contrast,1,C:\Users\ramti\Desktop\ramtin legion pc\article_project\data\raw\pdraw_wave\test\parkinson\V11PO01.png,1,0.287693,0
pdraw_wave,efficientnet_b0,contrast,1,C:\Users\ramti\Desktop\ramtin legion pc\article_project\data\raw\pdraw_wave\test\parkinson\V14PO01.png,1,0.830553,1
pdraw_wave,efficientnet_b0,contrast,1,C:\Users\ramti\Desktop\ramtin legion pc\article_project\data\raw\pdraw_wave\test\parkinson\V14PO03.png,1,0.850667,1
pdraw_wave,efficientnet_b0,contrast,2,C:\Users\ramti\Desktop\ramtin legion pc\article_project\data\raw\pdraw_wave\test\healthy\V01HO01.png,0,0.390347,1
pdraw_wave,efficientnet_b0,contrast,2,C:\Users\ramti\Desktop\ramtin legion pc\article_project\data\raw\pdraw_wave\test\healthy\V02HO01.png,0,0.155383,0
pdraw_wave,efficientnet_b0,contrast,2,C:\Users\ramti\Desktop\ramtin legion pc\article_project\data\raw\pdraw_wave\test\healthy\V03HO01.png,0,0.227803,0
pdraw_wave,efficientnet_b0,contrast,2,C:\Users\ramti\Desktop\ramtin legion pc\article_project\data\raw\pdraw_wave\test\healthy\V04HO01.png,0,0.201371,0
pdraw_wave,efficientnet_b0,contrast,2,C:\Users\ramti\Desktop\ramtin legion pc\article_project\data\raw\pdraw_wave\test\healthy\V05HO01.png,0,0.533975,1
pdraw_wave,efficientnet_b0,contrast,2,C:\Users\ramti\Desktop\ramtin legion pc\article_project\data\raw\pdraw_wave\test\healthy\V06HO01.png,0,0.323884,0
pdraw_wave,efficientnet_b0,contrast,2,C:\Users\ramti\Desktop\ramtin legion pc\article_project\data\raw\pdraw_wave\test\healthy\V07HO01.png,0,0.138264,0
pdraw_wave,efficientnet_b0,contrast,2,C:\Users\ramti\Desktop\ramtin legion pc\article_project\data\raw\pdraw_wave\test\healthy\V08HO01.png,0,0.206705,0
pdraw_wave,efficientnet_b0,contrast,2,C:\Users\ramti\Desktop\ramtin legion pc\article_project\data\raw\pdraw_wave\test\healthy\V09HO01.png,0,0.248279,0
pdraw_wave,efficientnet_b0,contrast,2,C:\Users\ramti\Desktop\ramtin legion pc\article_project\data\raw\pdraw_wave\test\healthy\V10HO01.png,0,0.339782,0
pdraw_wave,efficientnet_b0,contrast,2,C:\Users\ramti\Desktop\ramtin legion pc\article_project\data\raw\pdraw_wave\test\healthy\V11HO01.png,0,0.192860,0
pdraw_wave,efficientnet_b0,contrast,2,C:\Users\ramti\Desktop\ramtin legion pc\article_project\data\raw\pdraw_wave\test\healthy\V55HO08.png,0,0.189230,0
pdraw_wave,efficientnet_b0,contrast,2,C:\Users\ramti\Desktop\ramtin legion pc\article_project\data\raw\pdraw_wave\test\healthy\V55HO09.png,0,0.350680,1
pdraw_wave,efficientnet_b0,contrast,2,C:\Users\ramti\Desktop\ramtin legion pc\article_project\data\raw\pdraw_wave\test\healthy\V55HO10.png,0,0.239022,0
pdraw_wave,efficientnet_b0,contrast,2,C:\Users\ramti\Desktop\ramtin legion pc\article_project\data\raw\pdraw_wave\test\healthy\V55HO11.png,0,0.312721,0
pdraw_wave,efficientnet_b0,contrast,2,C:\Users\ramti\Desktop\ramtin legion pc\article_project\data\raw\pdraw_wave\test\parkinson\V01PO01.png,1,0.460203,1
pdraw_wave,efficientnet_b0,contrast,2,C:\Users\ramti\Desktop\ramtin legion pc\article_project\data\raw\pdraw_wave\test\parkinson\V02PO01.png,1,0.875800,1
pdraw_wave,efficientnet_b0,contrast,2,C:\Users\ramti\Desktop\ramtin legion pc\article_project\data\raw\pdraw_wave\test\parkinson\V03PO01.png,1,0.711858,1
pdraw_wave,efficientnet_b0,contrast,2,C:\Users\ramti\Desktop\ramtin legion pc\article_project\data\raw\pdraw_wave\test\parkinson\V03PO04.png,1,0.884328,1
pdraw_wave,efficientnet_b0,contrast,2,C:\Users\ramti\Desktop\ramtin legion pc\article_project\data\raw\pdraw_wave\test\parkinson\V03PO07.png,1,0.876750,1
pdraw_wave,efficientnet_b0,contrast,2,C:\Users\ramti\Desktop\ramtin legion pc\article_project\data\raw\pdraw_wave\test\parkinson\V04PO01.png,1,0.874894,1
pdraw_wave,efficientnet_b0,contrast,2,C:\Users\ramti\Desktop\ramtin legion pc\article_project\data\raw\pdraw_wave\test\parkinson\V05PO01.png,1,0.844037,1
pdraw_wave,efficientnet_b0,contrast,2,C:\Users\ramti\Desktop\ramtin legion pc\article_project\data\raw\pdraw_wave\test\parkinson\V06PO01.png,1,0.782266,1
pdraw_wave,efficientnet_b0,contrast,2,C:\Users\ramti\Desktop\ramtin legion pc\article_project\data\raw\pdraw_wave\test\parkinson\V07PO01.png,1,0.892283,1
pdraw_wave,efficientnet_b0,contrast,2,C:\Users\ramti\Desktop\ramtin legion pc\article_project\data\raw\pdraw_wave\test\parkinson\V08PO01.png,1,0.219637,0
pdraw_wave,efficientnet_b0,contrast,2,C:\Users\ramti\Desktop\ramtin legion pc\article_project\data\raw\pdraw_wave\test\parkinson\V09PO01.png,1,0.893669,1
pdraw_wave,efficientnet_b0,contrast,2,C:\Users\ramti\Desktop\ramtin legion pc\article_project\data\raw\pdraw_wave\test\parkinson\V10PO01.png,1,0.616263,1
pdraw_wave,efficientnet_b0,contrast,2,C:\Users\ramti\Desktop\ramtin legion pc\article_project\data\raw\pdraw_wave\test\parkinson\V11PO01.png,1,0.311094,0
pdraw_wave,efficientnet_b0,contrast,2,C:\Users\ramti\Desktop\ramtin legion pc\article_project\data\raw\pdraw_wave\test\parkinson\V14PO01.png,1,0.856620,1
pdraw_wave,efficientnet_b0,contrast,2,C:\Users\ramti\Desktop\ramtin legion pc\article_project\data\raw\pdraw_wave\test\parkinson\V14PO03.png,1,0.873576,1
pdraw_wave,efficientnet_b0,contrast,3,C:\Users\ramti\Desktop\ramtin legion pc\article_project\data\raw\pdraw_wave\test\healthy\V01HO01.png,0,0.393470,1
pdraw_wave,efficientnet_b0,contrast,3,C:\Users\ramti\Desktop\ramtin legion pc\article_project\data\raw\pdraw_wave\test\healthy\V02HO01.png,0,0.159408,0
pdraw_wave,efficientnet_b0,contrast,3,C:\Users\ramti\Desktop\ramtin legion pc\article_project\data\raw\pdraw_wave\test\healthy\V03HO01.png,0,0.236204,0
pdraw_wave,efficientnet_b0,contrast,3,C:\Users\ramti\Desktop\ramtin legion pc\article_project\data\raw\pdraw_wave\test\healthy\V04HO01.png,0,0.217594,0
pdraw_wave,efficientnet_b0,contrast,3,C:\Users\ramti\Desktop\ramtin legion pc\article_project\data\raw\pdraw_wave\test\healthy\V05HO01.png,0,0.570075,1
pdraw_wave,efficientnet_b0,contrast,3,C:\Users\ramti\Desktop\ramtin legion pc\article_project\data\raw\pdraw_wave\test\healthy\V06HO01.png,0,0.368546,1
pdraw_wave,efficientnet_b0,contrast,3,C:\Users\ramti\Desktop\ramtin legion pc\article_project\data\raw\pdraw_wave\test\healthy\V07HO01.png,0,0.147658,0
pdraw_wave,efficientnet_b0,contrast,3,C:\Users\ramti\Desktop\ramtin legion pc\article_project\data\raw\pdraw_wave\test\healthy\V08HO01.png,0,0.225798,0
pdraw_wave,efficientnet_b0,contrast,3,C:\Users\ramti\Desktop\ramtin legion pc\article_project\data\raw\pdraw_wave\test\healthy\V09HO01.png,0,0.268878,0
pdraw_wave,efficientnet_b0,contrast,3,C:\Users\ramti\Desktop\ramtin legion pc\article_project\data\raw\pdraw_wave\test\healthy\V10HO01.png,0,0.361913,1
pdraw_wave,efficientnet_b0,contrast,3,C:\Users\ramti\Desktop\ramtin legion pc\article_project\data\raw\pdraw_wave\test\healthy\V11HO01.png,0,0.228935,0
pdraw_wave,efficientnet_b0,contrast,3,C:\Users\ramti\Desktop\ramtin legion pc\article_project\data\raw\pdraw_wave\test\healthy\V55HO08.png,0,0.200093,0
pdraw_wave,efficientnet_b0,contrast,3,C:\Users\ramti\Desktop\ramtin legion pc\article_project\data\raw\pdraw_wave\test\healthy\V55HO09.png,0,0.377011,1
pdraw_wave,efficientnet_b0,contrast,3,C:\Users\ramti\Desktop\ramtin legion pc\article_project\data\raw\pdraw_wave\test\healthy\V55HO10.png,0,0.251994,0
pdraw_wave,efficientnet_b0,contrast,3,C:\Users\ramti\Desktop\ramtin legion pc\article_project\data\raw\pdraw_wave\test\healthy\V55HO11.png,0,0.332942,0
pdraw_wave,efficientnet_b0,contrast,3,C:\Users\ramti\Desktop\ramtin legion pc\article_project\data\raw\pdraw_wave\test\parkinson\V01PO01.png,1,0.495861,1
pdraw_wave,efficientnet_b0,contrast,3,C:\Users\ramti\Desktop\ramtin legion pc\article_project\data\raw\pdraw_wave\test\parkinson\V02PO01.png,1,0.883812,1
pdraw_wave,efficientnet_b0,contrast,3,C:\Users\ramti\Desktop\ramtin legion pc\article_project\data\raw\pdraw_wave\test\parkinson\V03PO01.png,1,0.721358,1
pdraw_wave,efficientnet_b0,contrast,3,C:\Users\ramti\Desktop\ramtin legion pc\article_project\data\raw\pdraw_wave\test\parkinson\V03PO04.png,1,0.895917,1
pdraw_wave,efficientnet_b0,contrast,3,C:\Users\ramti\Desktop\ramtin legion pc\article_project\data\raw\pdraw_wave\test\parkinson\V03PO07.png,1,0.900744,1
pdraw_wave,efficientnet_b0,contrast,3,C:\Users\ramti\Desktop\ramtin legion pc\article_project\data\raw\pdraw_wave\test\parkinson\V04PO01.png,1,0.882424,1
pdraw_wave,efficientnet_b0,contrast,3,C:\Users\ramti\Desktop\ramtin legion pc\article_project\data\raw\pdraw_wave\test\parkinson\V05PO01.png,1,0.858762,1
pdraw_wave,efficientnet_b0,contrast,3,C:\Users\ramti\Desktop\ramtin legion pc\article_project\data\raw\pdraw_wave\test\parkinson\V06PO01.png,1,0.820205,1
pdraw_wave,efficientnet_b0,contrast,3,C:\Users\ramti\Desktop\ramtin legion pc\article_project\data\raw\pdraw_wave\test\parkinson\V07PO01.png,1,0.898119,1
pdraw_wave,efficientnet_b0,contrast,3,C:\Users\ramti\Desktop\ramtin legion pc\article_project\data\raw\pdraw_wave\test\parkinson\V08PO01.png,1,0.253098,0
pdraw_wave,efficientnet_b0,contrast,3,C:\Users\ramti\Desktop\ramtin legion pc\article_project\data\raw\pdraw_wave\test\parkinson\V09PO01.png,1,0.902585,1
pdraw_wave,efficientnet_b0,contrast,3,C:\Users\ramti\Desktop\ramtin legion pc\article_project\data\raw\pdraw_wave\test\parkinson\V10PO01.png,1,0.632223,1
pdraw_wave,efficientnet_b0,contrast,3,C:\Users\ramti\Desktop\ramtin legion pc\article_project\data\raw\pdraw_wave\test\parkinson\V11PO01.png,1,0.313417,0
pdraw_wave,efficientnet_b0,contrast,3,C:\Users\ramti\Desktop\ramtin legion pc\article_project\data\raw\pdraw_wave\test\parkinson\V14PO01.png,1,0.870737,1
pdraw_wave,efficientnet_b0,contrast,3,C:\Users\ramti\Desktop\ramtin legion pc\article_project\data\raw\pdraw_wave\test\parkinson\V14PO03.png,1,0.884236,1
pdraw_wave,efficientnet_b0,contrast,4,C:\Users\ramti\Desktop\ramtin legion pc\article_project\data\raw\pdraw_wave\test\healthy\V01HO01.png,0,0.412012,1
pdraw_wave,efficientnet_b0,contrast,4,C:\Users\ramti\Desktop\ramtin legion pc\article_project\data\raw\pdraw_wave\test\healthy\V02HO01.png,0,0.188337,0
pdraw_wave,efficientnet_b0,contrast,4,C:\Users\ramti\Desktop\ramtin legion pc\article_project\data\raw\pdraw_wave\test\healthy\V03HO01.png,0,0.296116,0
pdraw_wave,efficientnet_b0,contrast,4,C:\Users\ramti\Desktop\ramtin legion pc\article_project\data\raw\pdraw_wave\test\healthy\V04HO01.png,0,0.267198,0
pdraw_wave,efficientnet_b0,contrast,4,C:\Users\ramti\Desktop\ramtin legion pc\article_project\data\raw\pdraw_wave\test\healthy\V05HO01.png,0,0.616947,1
pdraw_wave,efficientnet_b0,contrast,4,C:\Users\ramti\Desktop\ramtin legion pc\article_project\data\raw\pdraw_wave\test\healthy\V06HO01.png,0,0.404377,1
pdraw_wave,efficientnet_b0,contrast,4,C:\Users\ramti\Desktop\ramtin legion pc\article_project\data\raw\pdraw_wave\test\healthy\V07HO01.png,0,0.173239,0
pdraw_wave,efficientnet_b0,contrast,4,C:\Users\ramti\Desktop\ramtin legion pc\article_project\data\raw\pdraw_wave\test\healthy\V08HO01.png,0,0.284572,0
pdraw_wave,efficientnet_b0,contrast,4,C:\Users\ramti\Desktop\ramtin legion pc\article_project\data\raw\pdraw_wave\test\healthy\V09HO01.png,0,0.341424,0
pdraw_wave,efficientnet_b0,contrast,4,C:\Users\ramti\Desktop\ramtin legion pc\article_project\data\raw\pdraw_wave\test\healthy\V10HO01.png,0,0.442748,1
pdraw_wave,efficientnet_b0,contrast,4,C:\Users\ramti\Desktop\ramtin legion pc\article_project\data\raw\pdraw_wave\test\healthy\V11HO01.png,0,0.273927,0
pdraw_wave,efficientnet_b0,contrast,4,C:\Users\ramti\Desktop\ramtin legion pc\article_project\data\raw\pdraw_wave\test\healthy\V55HO08.png,0,0.256460,0
pdraw_wave,efficientnet_b0,contrast,4,C:\Users\ramti\Desktop\ramtin legion pc\article_project\data\raw\pdraw_wave\test\healthy\V55HO09.png,0,0.440257,1
pdraw_wave,efficientnet_b0,contrast,4,C:\Users\ramti\Desktop\ramtin legion pc\article_project\data\raw\pdraw_wave\test\healthy\V55HO10.png,0,0.282707,0
pdraw_wave,efficientnet_b0,contrast,4,C:\Users\ramti\Desktop\ramtin legion pc\article_project\data\raw\pdraw_wave\test\healthy\V55HO11.png,0,0.397926,1
pdraw_wave,efficientnet_b0,contrast,4,C:\Users\ramti\Desktop\ramtin legion pc\article_project\data\raw\pdraw_wave\test\parkinson\V01PO01.png,1,0.563784,1
pdraw_wave,efficientnet_b0,contrast,4,C:\Users\ramti\Desktop\ramtin legion pc\article_project\data\raw\pdraw_wave\test\parkinson\V02PO01.png,1,0.882565,1
pdraw_wave,efficientnet_b0,contrast,4,C:\Users\ramti\Desktop\ramtin legion pc\article_project\data\raw\pdraw_wave\test\parkinson\V03PO01.png,1,0.750639,1
pdraw_wave,efficientnet_b0,contrast,4,C:\Users\ramti\Desktop\ramtin legion pc\article_project\data\raw\pdraw_wave\test\parkinson\V03PO04.png,1,0.910203,1
pdraw_wave,efficientnet_b0,contrast,4,C:\Users\ramti\Desktop\ramtin legion pc\article_project\data\raw\pdraw_wave\test\parkinson\V03PO07.png,1,0.929678,1
pdraw_wave,efficientnet_b0,contrast,4,C:\Users\ramti\Desktop\ramtin legion pc\article_project\data\raw\pdraw_wave\test\parkinson\V04PO01.png,1,0.890412,1
pdraw_wave,efficientnet_b0,contrast,4,C:\Users\ramti\Desktop\ramtin legion pc\article_project\data\raw\pdraw_wave\test\parkinson\V05PO01.png,1,0.868516,1
pdraw_wave,efficientnet_b0,contrast,4,C:\Users\ramti\Desktop\ramtin legion pc\article_project\data\raw\pdraw_wave\test\parkinson\V06PO01.png,1,0.862250,1
pdraw_wave,efficientnet_b0,contrast,4,C:\Users\ramti\Desktop\ramtin legion pc\article_project\data\raw\pdraw_wave\test\parkinson\V07PO01.png,1,0.907715,1
pdraw_wave,efficientnet_b0,contrast,4,C:\Users\ramti\Desktop\ramtin legion pc\article_project\data\raw\pdraw_wave\test\parkinson\V08PO01.png,1,0.317419,0
pdraw_wave,efficientnet_b0,contrast,4,C:\Users\ramti\Desktop\ramtin legion pc\article_project\data\raw\pdraw_wave\test\parkinson\V09PO01.png,1,0.915314,1
pdraw_wave,efficientnet_b0,contrast,4,C:\Users\ramti\Desktop\ramtin legion pc\article_project\data\raw\pdraw_wave\test\parkinson\V10PO01.png,1,0.650891,1
pdraw_wave,efficientnet_b0,contrast,4,C:\Users\ramti\Desktop\ramtin legion pc\article_project\data\raw\pdraw_wave\test\parkinson\V11PO01.png,1,0.307564,0
pdraw_wave,efficientnet_b0,contrast,4,C:\Users\ramti\Desktop\ramtin legion pc\article_project\data\raw\pdraw_wave\test\parkinson\V14PO01.png,1,0.905118,1
pdraw_wave,efficientnet_b0,contrast,4,C:\Users\ramti\Desktop\ramtin legion pc\article_project\data\raw\pdraw_wave\test\parkinson\V14PO03.png,1,0.904555,1
pdraw_wave,efficientnet_b0,contrast,5,C:\Users\ramti\Desktop\ramtin legion pc\article_project\data\raw\pdraw_wave\test\healthy\V01HO01.png,0,0.411431,1
pdraw_wave,efficientnet_b0,contrast,5,C:\Users\ramti\Desktop\ramtin legion pc\article_project\data\raw\pdraw_wave\test\healthy\V02HO01.png,0,0.199950,0
pdraw_wave,efficientnet_b0,contrast,5,C:\Users\ramti\Desktop\ramtin legion pc\article_project\data\raw\pdraw_wave\test\healthy\V03HO01.png,0,0.318086,0
pdraw_wave,efficientnet_b0,contrast,5,C:\Users\ramti\Desktop\ramtin legion pc\article_project\data\raw\pdraw_wave\test\healthy\V04HO01.png,0,0.281849,0
pdraw_wave,efficientnet_b0,contrast,5,C:\Users\ramti\Desktop\ramtin legion pc\article_project\data\raw\pdraw_wave\test\healthy\V05HO01.png,0,0.625162,1
pdraw_wave,efficientnet_b0,contrast,5,C:\Users\ramti\Desktop\ramtin legion pc\article_project\data\raw\pdraw_wave\test\healthy\V06HO01.png,0,0.422367,1
pdraw_wave,efficientnet_b0,contrast,5,C:\Users\ramti\Desktop\ramtin legion pc\article_project\data\raw\pdraw_wave\test\healthy\V07HO01.png,0,0.180666,0
pdraw_wave,efficientnet_b0,contrast,5,C:\Users\ramti\Desktop\ramtin legion pc\article_project\data\raw\pdraw_wave\test\healthy\V08HO01.png,0,0.298465,0
pdraw_wave,efficientnet_b0,contrast,5,C:\Users\ramti\Desktop\ramtin legion pc\article_project\data\raw\pdraw_wave\test\healthy\V09HO01.png,0,0.363149,1
pdraw_wave,efficientnet_b0,contrast,5,C:\Users\ramti\Desktop\ramtin legion pc\article_project\data\raw\pdraw_wave\test\healthy\V10HO01.png,0,0.482298,1
pdraw_wave,efficientnet_b0,contrast,5,C:\Users\ramti\Desktop\ramtin legion pc\article_project\data\raw\pdraw_wave\test\healthy\V11HO01.png,0,0.293260,0
pdraw_wave,efficientnet_b0,contrast,5,C:\Users\ramti\Desktop\ramtin legion pc\article_project\data\raw\pdraw_wave\test\healthy\V55HO08.png,0,0.289446,0
pdraw_wave,efficientnet_b0,contrast,5,C:\Users\ramti\Desktop\ramtin legion pc\article_project\data\raw\pdraw_wave\test\healthy\V55HO09.png,0,0.447460,1
pdraw_wave,efficientnet_b0,contrast,5,C:\Users\ramti\Desktop\ramtin legion pc\article_project\data\raw\pdraw_wave\test\healthy\V55HO10.png,0,0.305690,0
pdraw_wave,efficientnet_b0,contrast,5,C:\Users\ramti\Desktop\ramtin legion pc\article_project\data\raw\pdraw_wave\test\healthy\V55HO11.png,0,0.413780,1
pdraw_wave,efficientnet_b0,contrast,5,C:\Users\ramti\Desktop\ramtin legion pc\article_project\data\raw\pdraw_wave\test\parkinson\V01PO01.png,1,0.573108,1
pdraw_wave,efficientnet_b0,contrast,5,C:\Users\ramti\Desktop\ramtin legion pc\article_project\data\raw\pdraw_wave\test\parkinson\V02PO01.png,1,0.874772,1
pdraw_wave,efficientnet_b0,contrast,5,C:\Users\ramti\Desktop\ramtin legion pc\article_project\data\raw\pdraw_wave\test\parkinson\V03PO01.png,1,0.758704,1
pdraw_wave,efficientnet_b0,contrast,5,C:\Users\ramti\Desktop\ramtin legion pc\article_project\data\raw\pdraw_wave\test\parkinson\V03PO04.png,1,0.914237,1
pdraw_wave,efficientnet_b0,contrast,5,C:\Users\ramti\Desktop\ramtin legion pc\article_project\data\raw\pdraw_wave\test\parkinson\V03PO07.png,1,0.933067,1
pdraw_wave,efficientnet_b0,contrast,5,C:\Users\ramti\Desktop\ramtin legion pc\article_project\data\raw\pdraw_wave\test\parkinson\V04PO01.png,1,0.890866,1
pdraw_wave,efficientnet_b0,contrast,5,C:\Users\ramti\Desktop\ramtin legion pc\article_project\data\raw\pdraw_wave\test\parkinson\V05PO01.png,1,0.867564,1
pdraw_wave,efficientnet_b0,contrast,5,C:\Users\ramti\Desktop\ramtin legion pc\article_project\data\raw\pdraw_wave\test\parkinson\V06PO01.png,1,0.867436,1
pdraw_wave,efficientnet_b0,contrast,5,C:\Users\ramti\Desktop\ramtin legion pc\article_project\data\raw\pdraw_wave\test\parkinson\V07PO01.png,1,0.907737,1
pdraw_wave,efficientnet_b0,contrast,5,C:\Users\ramti\Desktop\ramtin legion pc\article_project\data\raw\pdraw_wave\test\parkinson\V08PO01.png,1,0.334389,0
pdraw_wave,efficientnet_b0,contrast,5,C:\Users\ramti\Desktop\ramtin legion pc\article_project\data\raw\pdraw_wave\test\parkinson\V09PO01.png,1,0.915879,1
pdraw_wave,efficientnet_b0,contrast,5,C:\Users\ramti\Desktop\ramtin legion pc\article_project\data\raw\pdraw_wave\test\parkinson\V10PO01.png,1,0.649207,1
pdraw_wave,efficientnet_b0,contrast,5,C:\Users\ramti\Desktop\ramtin legion pc\article_project\data\raw\pdraw_wave\test\parkinson\V11PO01.png,1,0.310693,0
pdraw_wave,efficientnet_b0,contrast,5,C:\Users\ramti\Desktop\ramtin legion pc\article_project\data\raw\pdraw_wave\test\parkinson\V14PO01.png,1,0.914288,1
pdraw_wave,efficientnet_b0,contrast,5,C:\Users\ramti\Desktop\ramtin legion pc\article_project\data\raw\pdraw_wave\test\parkinson\V14PO03.png,1,0.911051,1
pdraw_wave,efficientnet_b0,brightness,1,C:\Users\ramti\Desktop\ramtin legion pc\article_project\data\raw\pdraw_wave\test\healthy\V01HO01.png,0,0.444088,1
pdraw_wave,efficientnet_b0,brightness,1,C:\Users\ramti\Desktop\ramtin legion pc\article_project\data\raw\pdraw_wave\test\healthy\V02HO01.png,0,0.169929,0
pdraw_wave,efficientnet_b0,brightness,1,C:\Users\ramti\Desktop\ramtin legion pc\article_project\data\raw\pdraw_wave\test\healthy\V03HO01.png,0,0.318898,0
pdraw_wave,efficientnet_b0,brightness,1,C:\Users\ramti\Desktop\ramtin legion pc\article_project\data\raw\pdraw_wave\test\healthy\V04HO01.png,0,0.264316,0
pdraw_wave,efficientnet_b0,brightness,1,C:\Users\ramti\Desktop\ramtin legion pc\article_project\data\raw\pdraw_wave\test\healthy\V05HO01.png,0,0.675661,1
pdraw_wave,efficientnet_b0,brightness,1,C:\Users\ramti\Desktop\ramtin legion pc\article_project\data\raw\pdraw_wave\test\healthy\V06HO01.png,0,0.517814,1
pdraw_wave,efficientnet_b0,brightness,1,C:\Users\ramti\Desktop\ramtin legion pc\article_project\data\raw\pdraw_wave\test\healthy\V07HO01.png,0,0.185615,0
pdraw_wave,efficientnet_b0,brightness,1,C:\Users\ramti\Desktop\ramtin legion pc\article_project\data\raw\pdraw_wave\test\healthy\V08HO01.png,0,0.381546,1
pdraw_wave,efficientnet_b0,brightness,1,C:\Users\ramti\Desktop\ramtin legion pc\article_project\data\raw\pdraw_wave\test\healthy\V09HO01.png,0,0.313702,0
pdraw_wave,efficientnet_b0,brightness,1,C:\Users\ramti\Desktop\ramtin legion pc\article_project\data\raw\pdraw_wave\test\healthy\V10HO01.png,0,0.432463,1
pdraw_wave,efficientnet_b0,brightness,1,C:\Users\ramti\Desktop\ramtin legion pc\article_project\data\raw\pdraw_wave\test\healthy\V11HO01.png,0,0.358594,1
pdraw_wave,efficientnet_b0,brightness,1,C:\Users\ramti\Desktop\ramtin legion pc\article_project\data\raw\pdraw_wave\test\healthy\V55HO08.png,0,0.253769,0
pdraw_wave,efficientnet_b0,brightness,1,C:\Users\ramti\Desktop\ramtin legion pc\article_project\data\raw\pdraw_wave\test\healthy\V55HO09.png,0,0.452816,1
pdraw_wave,efficientnet_b0,brightness,1,C:\Users\ramti\Desktop\ramtin legion pc\article_project\data\raw\pdraw_wave\test\healthy\V55HO10.png,0,0.268951,0
pdraw_wave,efficientnet_b0,brightness,1,C:\Users\ramti\Desktop\ramtin legion pc\article_project\data\raw\pdraw_wave\test\healthy\V55HO11.png,0,0.331368,0
pdraw_wave,efficientnet_b0,brightness,1,C:\Users\ramti\Desktop\ramtin legion pc\article_project\data\raw\pdraw_wave\test\parkinson\V01PO01.png,1,0.530406,1
pdraw_wave,efficientnet_b0,brightness,1,C:\Users\ramti\Desktop\ramtin legion pc\article_project\data\raw\pdraw_wave\test\parkinson\V02PO01.png,1,0.851505,1
pdraw_wave,efficientnet_b0,brightness,1,C:\Users\ramti\Desktop\ramtin legion pc\article_project\data\raw\pdraw_wave\test\parkinson\V03PO01.png,1,0.816772,1
pdraw_wave,efficientnet_b0,brightness,1,C:\Users\ramti\Desktop\ramtin legion pc\article_project\data\raw\pdraw_wave\test\parkinson\V03PO04.png,1,0.886694,1
pdraw_wave,efficientnet_b0,brightness,1,C:\Users\ramti\Desktop\ramtin legion pc\article_project\data\raw\pdraw_wave\test\parkinson\V03PO07.png,1,0.882775,1
pdraw_wave,efficientnet_b0,brightness,1,C:\Users\ramti\Desktop\ramtin legion pc\article_project\data\raw\pdraw_wave\test\parkinson\V04PO01.png,1,0.867924,1
pdraw_wave,efficientnet_b0,brightness,1,C:\Users\ramti\Desktop\ramtin legion pc\article_project\data\raw\pdraw_wave\test\parkinson\V05PO01.png,1,0.812803,1
pdraw_wave,efficientnet_b0,brightness,1,C:\Users\ramti\Desktop\ramtin legion pc\article_project\data\raw\pdraw_wave\test\parkinson\V06PO01.png,1,0.872539,1
pdraw_wave,efficientnet_b0,brightness,1,C:\Users\ramti\Desktop\ramtin legion pc\article_project\data\raw\pdraw_wave\test\parkinson\V07PO01.png,1,0.876849,1
pdraw_wave,efficientnet_b0,brightness,1,C:\Users\ramti\Desktop\ramtin legion pc\article_project\data\raw\pdraw_wave\test\parkinson\V08PO01.png,1,0.308688,0
pdraw_wave,efficientnet_b0,brightness,1,C:\Users\ramti\Desktop\ramtin legion pc\article_project\data\raw\pdraw_wave\test\parkinson\V09PO01.png,1,0.881606,1
pdraw_wave,efficientnet_b0,brightness,1,C:\Users\ramti\Desktop\ramtin legion pc\article_project\data\raw\pdraw_wave\test\parkinson\V10PO01.png,1,0.702179,1
pdraw_wave,efficientnet_b0,brightness,1,C:\Users\ramti\Desktop\ramtin legion pc\article_project\data\raw\pdraw_wave\test\parkinson\V11PO01.png,1,0.489326,1
pdraw_wave,efficientnet_b0,brightness,1,C:\Users\ramti\Desktop\ramtin legion pc\article_project\data\raw\pdraw_wave\test\parkinson\V14PO01.png,1,0.873722,1
pdraw_wave,efficientnet_b0,brightness,1,C:\Users\ramti\Desktop\ramtin legion pc\article_project\data\raw\pdraw_wave\test\parkinson\V14PO03.png,1,0.881754,1
pdraw_wave,efficientnet_b0,brightness,2,C:\Users\ramti\Desktop\ramtin legion pc\article_project\data\raw\pdraw_wave\test\healthy\V01HO01.png,0,0.405467,1
pdraw_wave,efficientnet_b0,brightness,2,C:\Users\ramti\Desktop\ramtin legion pc\article_project\data\raw\pdraw_wave\test\healthy\V02HO01.png,0,0.178170,0
pdraw_wave,efficientnet_b0,brightness,2,C:\Users\ramti\Desktop\ramtin legion pc\article_project\data\raw\pdraw_wave\test\healthy\V03HO01.png,0,0.280657,0
pdraw_wave,efficientnet_b0,brightness,2,C:\Users\ramti\Desktop\ramtin legion pc\article_project\data\raw\pdraw_wave\test\healthy\V04HO01.png,0,0.273535,0
pdraw_wave,efficientnet_b0,brightness,2,C:\Users\ramti\Desktop\ramtin legion pc\article_project\data\raw\pdraw_wave\test\healthy\V05HO01.png,0,0.617116,1
pdraw_wave,efficientnet_b0,brightness,2,C:\Users\ramti\Desktop\ramtin legion pc\article_project\data\raw\pdraw_wave\test\healthy\V06HO01.png,0,0.500861,1
pdraw_wave,efficientnet_b0,brightness,2,C:\Users\ramti\Desktop\ramtin legion pc\article_project\data\raw\pdraw_wave\test\healthy\V07HO01.png,0,0.207226,0
pdraw_wave,efficientnet_b0,brightness,2,C:\Users\ramti\Desktop\ramtin legion pc\article_project\data\raw\pdraw_wave\test\healthy\V08HO01.png,0,0.383036,1
pdraw_wave,efficientnet_b0,brightness,2,C:\Users\ramti\Desktop\ramtin legion pc\article_project\data\raw\pdraw_wave\test\healthy\V09HO01.png,0,0.337102,0
pdraw_wave,efficientnet_b0,brightness,2,C:\Users\ramti\Desktop\ramtin legion pc\article_project\data\raw\pdraw_wave\test\healthy\V10HO01.png,0,0.421384,1
pdraw_wave,efficientnet_b0,brightness,2,C:\Users\ramti\Desktop\ramtin legion pc\article_project\data\raw\pdraw_wave\test\healthy\V11HO01.png,0,0.316079,0
pdraw_wave,efficientnet_b0,brightness,2,C:\Users\ramti\Desktop\ramtin legion pc\article_project\data\raw\pdraw_wave\test\healthy\V55HO08.png,0,0.248273,0
pdraw_wave,efficientnet_b0,brightness,2,C:\Users\ramti\Desktop\ramtin legion pc\article_project\data\raw\pdraw_wave\test\healthy\V55HO09.png,0,0.411708,1
pdraw_wave,efficientnet_b0,brightness,2,C:\Users\ramti\Desktop\ramtin legion pc\article_project\data\raw\pdraw_wave\test\healthy\V55HO10.png,0,0.244399,0
pdraw_wave,efficientnet_b0,brightness,2,C:\Users\ramti\Desktop\ramtin legion pc\article_project\data\raw\pdraw_wave\test\healthy\V55HO11.png,0,0.309539,0
pdraw_wave,efficientnet_b0,brightness,2,C:\Users\ramti\Desktop\ramtin legion pc\article_project\data\raw\pdraw_wave\test\parkinson\V01PO01.png,1,0.528308,1
pdraw_wave,efficientnet_b0,brightness,2,C:\Users\ramti\Desktop\ramtin legion pc\article_project\data\raw\pdraw_wave\test\parkinson\V02PO01.png,1,0.860365,1
pdraw_wave,efficientnet_b0,brightness,2,C:\Users\ramti\Desktop\ramtin legion pc\article_project\data\raw\pdraw_wave\test\parkinson\V03PO01.png,1,0.807908,1
pdraw_wave,efficientnet_b0,brightness,2,C:\Users\ramti\Desktop\ramtin legion pc\article_project\data\raw\pdraw_wave\test\parkinson\V03PO04.png,1,0.890566,1
pdraw_wave,efficientnet_b0,brightness,2,C:\Users\ramti\Desktop\ramtin legion pc\article_project\data\raw\pdraw_wave\test\parkinson\V03PO07.png,1,0.902519,1
pdraw_wave,efficientnet_b0,brightness,2,C:\Users\ramti\Desktop\ramtin legion pc\article_project\data\raw\pdraw_wave\test\parkinson\V04PO01.png,1,0.870740,1
pdraw_wave,efficientnet_b0,brightness,2,C:\Users\ramti\Desktop\ramtin legion pc\article_project\data\raw\pdraw_wave\test\parkinson\V05PO01.png,1,0.828564,1
pdraw_wave,efficientnet_b0,brightness,2,C:\Users\ramti\Desktop\ramtin legion pc\article_project\data\raw\pdraw_wave\test\parkinson\V06PO01.png,1,0.878855,1
pdraw_wave,efficientnet_b0,brightness,2,C:\Users\ramti\Desktop\ramtin legion pc\article_project\data\raw\pdraw_wave\test\parkinson\V07PO01.png,1,0.882422,1
pdraw_wave,efficientnet_b0,brightness,2,C:\Users\ramti\Desktop\ramtin legion pc\article_project\data\raw\pdraw_wave\test\parkinson\V08PO01.png,1,0.326279,0
pdraw_wave,efficientnet_b0,brightness,2,C:\Users\ramti\Desktop\ramtin legion pc\article_project\data\raw\pdraw_wave\test\parkinson\V09PO01.png,1,0.893976,1
pdraw_wave,efficientnet_b0,brightness,2,C:\Users\ramti\Desktop\ramtin legion pc\article_project\data\raw\pdraw_wave\test\parkinson\V10PO01.png,1,0.634674,1
pdraw_wave,efficientnet_b0,brightness,2,C:\Users\ramti\Desktop\ramtin legion pc\article_project\data\raw\pdraw_wave\test\parkinson\V11PO01.png,1,0.484362,1
pdraw_wave,efficientnet_b0,brightness,2,C:\Users\ramti\Desktop\ramtin legion pc\article_project\data\raw\pdraw_wave\test\parkinson\V14PO01.png,1,0.882601,1
pdraw_wave,efficientnet_b0,brightness,2,C:\Users\ramti\Desktop\ramtin legion pc\article_project\data\raw\pdraw_wave\test\parkinson\V14PO03.png,1,0.882362,1
pdraw_wave,efficientnet_b0,brightness,3,C:\Users\ramti\Desktop\ramtin legion pc\article_project\data\raw\pdraw_wave\test\healthy\V01HO01.png,0,0.414612,1
pdraw_wave,efficientnet_b0,brightness,3,C:\Users\ramti\Desktop\ramtin legion pc\article_project\data\raw\pdraw_wave\test\healthy\V02HO01.png,0,0.173806,0
pdraw_wave,efficientnet_b0,brightness,3,C:\Users\ramti\Desktop\ramtin legion pc\article_project\data\raw\pdraw_wave\test\healthy\V03HO01.png,0,0.265421,0
pdraw_wave,efficientnet_b0,brightness,3,C:\Users\ramti\Desktop\ramtin legion pc\article_project\data\raw\pdraw_wave\test\healthy\V04HO01.png,0,0.269378,0
pdraw_wave,efficientnet_b0,brightness,3,C:\Users\ramti\Desktop\ramtin legion pc\article_project\data\raw\pdraw_wave\test\healthy\V05HO01.png,0,0.639257,1
pdraw_wave,efficientnet_b0,brightness,3,C:\Users\ramti\Desktop\ramtin legion pc\article_project\data\raw\pdraw_wave\test\healthy\V06HO01.png,0,0.473256,1
pdraw_wave,efficientnet_b0,brightness,3,C:\Users\ramti\Desktop\ramtin legion pc\article_project\data\raw\pdraw_wave\test\healthy\V07HO01.png,0,0.185835,0
pdraw_wave,efficientnet_b0,brightness,3,C:\Users\ramti\Desktop\ramtin legion pc\article_project\data\raw\pdraw_wave\test\healthy\V08HO01.png,0,0.344563,0
pdraw_wave,efficientnet_b0,brightness,3,C:\Users\ramti\Desktop\ramtin legion pc\article_project\data\raw\pdraw_wave\test\healthy\V09HO01.png,0,0.333516,0
pdraw_wave,efficientnet_b0,brightness,3,C:\Users\ramti\Desktop\ramtin legion pc\article_project\data\raw\pdraw_wave\test\healthy\V10HO01.png,0,0.419974,1
pdraw_wave,efficientnet_b0,brightness,3,C:\Users\ramti\Desktop\ramtin legion pc\article_project\data\raw\pdraw_wave\test\healthy\V11HO01.png,0,0.308834,0
pdraw_wave,efficientnet_b0,brightness,3,C:\Users\ramti\Desktop\ramtin legion pc\article_project\data\raw\pdraw_wave\test\healthy\V55HO08.png,0,0.242844,0
pdraw_wave,efficientnet_b0,brightness,3,C:\Users\ramti\Desktop\ramtin legion pc\article_project\data\raw\pdraw_wave\test\healthy\V55HO09.png,0,0.414334,1
pdraw_wave,efficientnet_b0,brightness,3,C:\Users\ramti\Desktop\ramtin legion pc\article_project\data\raw\pdraw_wave\test\healthy\V55HO10.png,0,0.239813,0
pdraw_wave,efficientnet_b0,brightness,3,C:\Users\ramti\Desktop\ramtin legion pc\article_project\data\raw\pdraw_wave\test\healthy\V55HO11.png,0,0.317196,0
pdraw_wave,efficientnet_b0,brightness,3,C:\Users\ramti\Desktop\ramtin legion pc\article_project\data\raw\pdraw_wave\test\parkinson\V01PO01.png,1,0.546098,1
pdraw_wave,efficientnet_b0,brightness,3,C:\Users\ramti\Desktop\ramtin legion pc\article_project\data\raw\pdraw_wave\test\parkinson\V02PO01.png,1,0.878864,1
pdraw_wave,efficientnet_b0,brightness,3,C:\Users\ramti\Desktop\ramtin legion pc\article_project\data\raw\pdraw_wave\test\parkinson\V03PO01.png,1,0.796736,1
pdraw_wave,efficientnet_b0,brightness,3,C:\Users\ramti\Desktop\ramtin legion pc\article_project\data\raw\pdraw_wave\test\parkinson\V03PO04.png,1,0.898693,1
pdraw_wave,efficientnet_b0,brightness,3,C:\Users\ramti\Desktop\ramtin legion pc\article_project\data\raw\pdraw_wave\test\parkinson\V03PO07.png,1,0.916688,1
pdraw_wave,efficientnet_b0,brightness,3,C:\Users\ramti\Desktop\ramtin legion pc\article_project\data\raw\pdraw_wave\test\parkinson\V04PO01.png,1,0.876992,1
pdraw_wave,efficientnet_b0,brightness,3,C:\Users\ramti\Desktop\ramtin legion pc\article_project\data\raw\pdraw_wave\test\parkinson\V05PO01.png,1,0.850013,1
pdraw_wave,efficientnet_b0,brightness,3,C:\Users\ramti\Desktop\ramtin legion pc\article_project\data\raw\pdraw_wave\test\parkinson\V06PO01.png,1,0.874008,1
pdraw_wave,efficientnet_b0,brightness,3,C:\Users\ramti\Desktop\ramtin legion pc\article_project\data\raw\pdraw_wave\test\parkinson\V07PO01.png,1,0.890904,1
pdraw_wave,efficientnet_b0,brightness,3,C:\Users\ramti\Desktop\ramtin legion pc\article_project\data\raw\pdraw_wave\test\parkinson\V08PO01.png,1,0.326569,0
pdraw_wave,efficientnet_b0,brightness,3,C:\Users\ramti\Desktop\ramtin legion pc\article_project\data\raw\pdraw_wave\test\parkinson\V09PO01.png,1,0.902104,1
pdraw_wave,efficientnet_b0,brightness,3,C:\Users\ramti\Desktop\ramtin legion pc\article_project\data\raw\pdraw_wave\test\parkinson\V10PO01.png,1,0.646906,1
pdraw_wave,efficientnet_b0,brightness,3,C:\Users\ramti\Desktop\ramtin legion pc\article_project\data\raw\pdraw_wave\test\parkinson\V11PO01.png,1,0.417748,1
pdraw_wave,efficientnet_b0,brightness,3,C:\Users\ramti\Desktop\ramtin legion pc\article_project\data\raw\pdraw_wave\test\parkinson\V14PO01.png,1,0.881791,1
pdraw_wave,efficientnet_b0,brightness,3,C:\Users\ramti\Desktop\ramtin legion pc\article_project\data\raw\pdraw_wave\test\parkinson\V14PO03.png,1,0.885058,1
pdraw_wave,efficientnet_b0,brightness,4,C:\Users\ramti\Desktop\ramtin legion pc\article_project\data\raw\pdraw_wave\test\healthy\V01HO01.png,0,0.285555,0
pdraw_wave,efficientnet_b0,brightness,4,C:\Users\ramti\Desktop\ramtin legion pc\article_project\data\raw\pdraw_wave\test\healthy\V02HO01.png,0,0.231225,0
pdraw_wave,efficientnet_b0,brightness,4,C:\Users\ramti\Desktop\ramtin legion pc\article_project\data\raw\pdraw_wave\test\healthy\V03HO01.png,0,0.443448,1
pdraw_wave,efficientnet_b0,brightness,4,C:\Users\ramti\Desktop\ramtin legion pc\article_project\data\raw\pdraw_wave\test\healthy\V04HO01.png,0,0.265774,0
pdraw_wave,efficientnet_b0,brightness,4,C:\Users\ramti\Desktop\ramtin legion pc\article_project\data\raw\pdraw_wave\test\healthy\V05HO01.png,0,0.417362,1
pdraw_wave,efficientnet_b0,brightness,4,C:\Users\ramti\Desktop\ramtin legion pc\article_project\data\raw\pdraw_wave\test\healthy\V06HO01.png,0,0.251441,0
pdraw_wave,efficientnet_b0,brightness,4,C:\Users\ramti\Desktop\ramtin legion pc\article_project\data\raw\pdraw_wave\test\healthy\V07HO01.png,0,0.217932,0
pdraw_wave,efficientnet_b0,brightness,4,C:\Users\ramti\Desktop\ramtin legion pc\article_project\data\raw\pdraw_wave\test\healthy\V08HO01.png,0,0.178512,0
pdraw_wave,efficientnet_b0,brightness,4,C:\Users\ramti\Desktop\ramtin legion pc\article_project\data\raw\pdraw_wave\test\healthy\V09HO01.png,0,0.317175,0
pdraw_wave,efficientnet_b0,brightness,4,C:\Users\ramti\Desktop\ramtin legion pc\article_project\data\raw\pdraw_wave\test\healthy\V10HO01.png,0,0.294843,0
pdraw_wave,efficientnet_b0,brightness,4,C:\Users\ramti\Desktop\ramtin legion pc\article_project\data\raw\pdraw_wave\test\healthy\V11HO01.png,0,0.166148,0
pdraw_wave,efficientnet_b0,brightness,4,C:\Users\ramti\Desktop\ramtin legion pc\article_project\data\raw\pdraw_wave\test\healthy\V55HO08.png,0,0.209499,0
pdraw_wave,efficientnet_b0,brightness,4,C:\Users\ramti\Desktop\ramtin legion pc\article_project\data\raw\pdraw_wave\test\healthy\V55HO09.png,0,0.434279,1
pdraw_wave,efficientnet_b0,brightness,4,C:\Users\ramti\Desktop\ramtin legion pc\article_project\data\raw\pdraw_wave\test\healthy\V55HO10.png,0,0.386617,1
pdraw_wave,efficientnet_b0,brightness,4,C:\Users\ramti\Desktop\ramtin legion pc\article_project\data\raw\pdraw_wave\test\healthy\V55HO11.png,0,0.277997,0
pdraw_wave,efficientnet_b0,brightness,4,C:\Users\ramti\Desktop\ramtin legion pc\article_project\data\raw\pdraw_wave\test\parkinson\V01PO01.png,1,0.419076,1
pdraw_wave,efficientnet_b0,brightness,4,C:\Users\ramti\Desktop\ramtin legion pc\article_project\data\raw\pdraw_wave\test\parkinson\V02PO01.png,1,0.723991,1
pdraw_wave,efficientnet_b0,brightness,4,C:\Users\ramti\Desktop\ramtin legion pc\article_project\data\raw\pdraw_wave\test\parkinson\V03PO01.png,1,0.538215,1
pdraw_wave,efficientnet_b0,brightness,4,C:\Users\ramti\Desktop\ramtin legion pc\article_project\data\raw\pdraw_wave\test\parkinson\V03PO04.png,1,0.776474,1
pdraw_wave,efficientnet_b0,brightness,4,C:\Users\ramti\Desktop\ramtin legion pc\article_project\data\raw\pdraw_wave\test\parkinson\V03PO07.png,1,0.782302,1
pdraw_wave,efficientnet_b0,brightness,4,C:\Users\ramti\Desktop\ramtin legion pc\article_project\data\raw\pdraw_wave\test\parkinson\V04PO01.png,1,0.776673,1
pdraw_wave,efficientnet_b0,brightness,4,C:\Users\ramti\Desktop\ramtin legion pc\article_project\data\raw\pdraw_wave\test\parkinson\V05PO01.png,1,0.710036,1
pdraw_wave,efficientnet_b0,brightness,4,C:\Users\ramti\Desktop\ramtin legion pc\article_project\data\raw\pdraw_wave\test\parkinson\V06PO01.png,1,0.623289,1
pdraw_wave,efficientnet_b0,brightness,4,C:\Users\ramti\Desktop\ramtin legion pc\article_project\data\raw\pdraw_wave\test\parkinson\V07PO01.png,1,0.747110,1
pdraw_wave,efficientnet_b0,brightness,4,C:\Users\ramti\Desktop\ramtin legion pc\article_project\data\raw\pdraw_wave\test\parkinson\V08PO01.png,1,0.210052,0
pdraw_wave,efficientnet_b0,brightness,4,C:\Users\ramti\Desktop\ramtin legion pc\article_project\data\raw\pdraw_wave\test\parkinson\V09PO01.png,1,0.839071,1
pdraw_wave,efficientnet_b0,brightness,4,C:\Users\ramti\Desktop\ramtin legion pc\article_project\data\raw\pdraw_wave\test\parkinson\V10PO01.png,1,0.604443,1
pdraw_wave,efficientnet_b0,brightness,4,C:\Users\ramti\Desktop\ramtin legion pc\article_project\data\raw\pdraw_wave\test\parkinson\V11PO01.png,1,0.432643,1
pdraw_wave,efficientnet_b0,brightness,4,C:\Users\ramti\Desktop\ramtin legion pc\article_project\data\raw\pdraw_wave\test\parkinson\V14PO01.png,1,0.822052,1
pdraw_wave,efficientnet_b0,brightness,4,C:\Users\ramti\Desktop\ramtin legion pc\article_project\data\raw\pdraw_wave\test\parkinson\V14PO03.png,1,0.834714,1
pdraw_wave,efficientnet_b0,brightness,5,C:\Users\ramti\Desktop\ramtin legion pc\article_project\data\raw\pdraw_wave\test\healthy\V01HO01.png,0,0.274208,0
pdraw_wave,efficientnet_b0,brightness,5,C:\Users\ramti\Desktop\ramtin legion pc\article_project\data\raw\pdraw_wave\test\healthy\V02HO01.png,0,0.221169,0
pdraw_wave,efficientnet_b0,brightness,5,C:\Users\ramti\Desktop\ramtin legion pc\article_project\data\raw\pdraw_wave\test\healthy\V03HO01.png,0,0.541011,1
pdraw_wave,efficientnet_b0,brightness,5,C:\Users\ramti\Desktop\ramtin legion pc\article_project\data\raw\pdraw_wave\test\healthy\V04HO01.png,0,0.299333,0
pdraw_wave,efficientnet_b0,brightness,5,C:\Users\ramti\Desktop\ramtin legion pc\article_project\data\raw\pdraw_wave\test\healthy\V05HO01.png,0,0.337639,0
pdraw_wave,efficientnet_b0,brightness,5,C:\Users\ramti\Desktop\ramtin legion pc\article_project\data\raw\pdraw_wave\test\healthy\V06HO01.png,0,0.246702,0
pdraw_wave,efficientnet_b0,brightness,5,C:\Users\ramti\Desktop\ramtin legion pc\article_project\data\raw\pdraw_wave\test\healthy\V07HO01.png,0,0.324723,0
pdraw_wave,efficientnet_b0,brightness,5,C:\Users\ramti\Desktop\ramtin legion pc\article_project\data\raw\pdraw_wave\test\healthy\V08HO01.png,0,0.158131,0
pdraw_wave,efficientnet_b0,brightness,5,C:\Users\ramti\Desktop\ramtin legion pc\article_project\data\raw\pdraw_wave\test\healthy\V09HO01.png,0,0.321926,0
pdraw_wave,efficientnet_b0,brightness,5,C:\Users\ramti\Desktop\ramtin legion pc\article_project\data\raw\pdraw_wave\test\healthy\V10HO01.png,0,0.278168,0
pdraw_wave,efficientnet_b0,brightness,5,C:\Users\ramti\Desktop\ramtin legion pc\article_project\data\raw\pdraw_wave\test\healthy\V11HO01.png,0,0.168502,0
pdraw_wave,efficientnet_b0,brightness,5,C:\Users\ramti\Desktop\ramtin legion pc\article_project\data\raw\pdraw_wave\test\healthy\V55HO08.png,0,0.221742,0
pdraw_wave,efficientnet_b0,brightness,5,C:\Users\ramti\Desktop\ramtin legion pc\article_project\data\raw\pdraw_wave\test\healthy\V55HO09.png,0,0.444852,1
pdraw_wave,efficientnet_b0,brightness,5,C:\Users\ramti\Desktop\ramtin legion pc\article_project\data\raw\pdraw_wave\test\healthy\V55HO10.png,0,0.442212,1
pdraw_wave,efficientnet_b0,brightness,5,C:\Users\ramti\Desktop\ramtin legion pc\article_project\data\raw\pdraw_wave\test\healthy\V55HO11.png,0,0.266115,0
pdraw_wave,efficientnet_b0,brightness,5,C:\Users\ramti\Desktop\ramtin legion pc\article_project\data\raw\pdraw_wave\test\parkinson\V01PO01.png,1,0.394568,1
pdraw_wave,efficientnet_b0,brightness,5,C:\Users\ramti\Desktop\ramtin legion pc\article_project\data\raw\pdraw_wave\test\parkinson\V02PO01.png,1,0.690476,1
pdraw_wave,efficientnet_b0,brightness,5,C:\Users\ramti\Desktop\ramtin legion pc\article_project\data\raw\pdraw_wave\test\parkinson\V03PO01.png,1,0.414231,1
pdraw_wave,efficientnet_b0,brightness,5,C:\Users\ramti\Desktop\ramtin legion pc\article_project\data\raw\pdraw_wave\test\parkinson\V03PO04.png,1,0.742171,1
pdraw_wave,efficientnet_b0,brightness,5,C:\Users\ramti\Desktop\ramtin legion pc\article_project\data\raw\pdraw_wave\test\parkinson\V03PO07.png,1,0.689609,1
pdraw_wave,efficientnet_b0,brightness,5,C:\Users\ramti\Desktop\ramtin legion pc\article_project\data\raw\pdraw_wave\test\parkinson\V04PO01.png,1,0.724995,1
pdraw_wave,efficientnet_b0,brightness,5,C:\Users\ramti\Desktop\ramtin legion pc\article_project\data\raw\pdraw_wave\test\parkinson\V05PO01.png,1,0.627269,1
pdraw_wave,efficientnet_b0,brightness,5,C:\Users\ramti\Desktop\ramtin legion pc\article_project\data\raw\pdraw_wave\test\parkinson\V06PO01.png,1,0.627883,1
pdraw_wave,efficientnet_b0,brightness,5,C:\Users\ramti\Desktop\ramtin legion pc\article_project\data\raw\pdraw_wave\test\parkinson\V07PO01.png,1,0.704644,1
pdraw_wave,efficientnet_b0,brightness,5,C:\Users\ramti\Desktop\ramtin legion pc\article_project\data\raw\pdraw_wave\test\parkinson\V08PO01.png,1,0.234202,0
pdraw_wave,efficientnet_b0,brightness,5,C:\Users\ramti\Desktop\ramtin legion pc\article_project\data\raw\pdraw_wave\test\parkinson\V09PO01.png,1,0.760378,1
pdraw_wave,efficientnet_b0,brightness,5,C:\Users\ramti\Desktop\ramtin legion pc\article_project\data\raw\pdraw_wave\test\parkinson\V10PO01.png,1,0.564464,1
pdraw_wave,efficientnet_b0,brightness,5,C:\Users\ramti\Desktop\ramtin legion pc\article_project\data\raw\pdraw_wave\test\parkinson\V11PO01.png,1,0.360907,1
pdraw_wave,efficientnet_b0,brightness,5,C:\Users\ramti\Desktop\ramtin legion pc\article_project\data\raw\pdraw_wave\test\parkinson\V14PO01.png,1,0.796516,1
pdraw_wave,efficientnet_b0,brightness,5,C:\Users\ramti\Desktop\ramtin legion pc\article_project\data\raw\pdraw_wave\test\parkinson\V14PO03.png,1,0.815110,1
pdraw_wave,efficientnet_b0,shadow,1,C:\Users\ramti\Desktop\ramtin legion pc\article_project\data\raw\pdraw_wave\test\healthy\V01HO01.png,0,0.440224,1
pdraw_wave,efficientnet_b0,shadow,1,C:\Users\ramti\Desktop\ramtin legion pc\article_project\data\raw\pdraw_wave\test\healthy\V02HO01.png,0,0.198859,0
pdraw_wave,efficientnet_b0,shadow,1,C:\Users\ramti\Desktop\ramtin legion pc\article_project\data\raw\pdraw_wave\test\healthy\V03HO01.png,0,0.285424,0
pdraw_wave,efficientnet_b0,shadow,1,C:\Users\ramti\Desktop\ramtin legion pc\article_project\data\raw\pdraw_wave\test\healthy\V04HO01.png,0,0.277715,0
pdraw_wave,efficientnet_b0,shadow,1,C:\Users\ramti\Desktop\ramtin legion pc\article_project\data\raw\pdraw_wave\test\healthy\V05HO01.png,0,0.652279,1
pdraw_wave,efficientnet_b0,shadow,1,C:\Users\ramti\Desktop\ramtin legion pc\article_project\data\raw\pdraw_wave\test\healthy\V06HO01.png,0,0.469179,1
pdraw_wave,efficientnet_b0,shadow,1,C:\Users\ramti\Desktop\ramtin legion pc\article_project\data\raw\pdraw_wave\test\healthy\V07HO01.png,0,0.183271,0
pdraw_wave,efficientnet_b0,shadow,1,C:\Users\ramti\Desktop\ramtin legion pc\article_project\data\raw\pdraw_wave\test\healthy\V08HO01.png,0,0.331888,0
pdraw_wave,efficientnet_b0,shadow,1,C:\Users\ramti\Desktop\ramtin legion pc\article_project\data\raw\pdraw_wave\test\healthy\V09HO01.png,0,0.320899,0
pdraw_wave,efficientnet_b0,shadow,1,C:\Users\ramti\Desktop\ramtin legion pc\article_project\data\raw\pdraw_wave\test\healthy\V10HO01.png,0,0.433663,1
pdraw_wave,efficientnet_b0,shadow,1,C:\Users\ramti\Desktop\ramtin legion pc\article_project\data\raw\pdraw_wave\test\healthy\V11HO01.png,0,0.307115,0
pdraw_wave,efficientnet_b0,shadow,1,C:\Users\ramti\Desktop\ramtin legion pc\article_project\data\raw\pdraw_wave\test\healthy\V55HO08.png,0,0.247718,0
pdraw_wave,efficientnet_b0,shadow,1,C:\Users\ramti\Desktop\ramtin legion pc\article_project\data\raw\pdraw_wave\test\healthy\V55HO09.png,0,0.428942,1
pdraw_wave,efficientnet_b0,shadow,1,C:\Users\ramti\Desktop\ramtin legion pc\article_project\data\raw\pdraw_wave\test\healthy\V55HO10.png,0,0.274916,0
pdraw_wave,efficientnet_b0,shadow,1,C:\Users\ramti\Desktop\ramtin legion pc\article_project\data\raw\pdraw_wave\test\healthy\V55HO11.png,0,0.363363,1
pdraw_wave,efficientnet_b0,shadow,1,C:\Users\ramti\Desktop\ramtin legion pc\article_project\data\raw\pdraw_wave\test\parkinson\V01PO01.png,1,0.573102,1
pdraw_wave,efficientnet_b0,shadow,1,C:\Users\ramti\Desktop\ramtin legion pc\article_project\data\raw\pdraw_wave\test\parkinson\V02PO01.png,1,0.894299,1
pdraw_wave,efficientnet_b0,shadow,1,C:\Users\ramti\Desktop\ramtin legion pc\article_project\data\raw\pdraw_wave\test\parkinson\V03PO01.png,1,0.787422,1
pdraw_wave,efficientnet_b0,shadow,1,C:\Users\ramti\Desktop\ramtin legion pc\article_project\data\raw\pdraw_wave\test\parkinson\V03PO04.png,1,0.904118,1
pdraw_wave,efficientnet_b0,shadow,1,C:\Users\ramti\Desktop\ramtin legion pc\article_project\data\raw\pdraw_wave\test\parkinson\V03PO07.png,1,0.923737,1
pdraw_wave,efficientnet_b0,shadow,1,C:\Users\ramti\Desktop\ramtin legion pc\article_project\data\raw\pdraw_wave\test\parkinson\V04PO01.png,1,0.884986,1
pdraw_wave,efficientnet_b0,shadow,1,C:\Users\ramti\Desktop\ramtin legion pc\article_project\data\raw\pdraw_wave\test\parkinson\V05PO01.png,1,0.861060,1
pdraw_wave,efficientnet_b0,shadow,1,C:\Users\ramti\Desktop\ramtin legion pc\article_project\data\raw\pdraw_wave\test\parkinson\V06PO01.png,1,0.870860,1
pdraw_wave,efficientnet_b0,shadow,1,C:\Users\ramti\Desktop\ramtin legion pc\article_project\data\raw\pdraw_wave\test\parkinson\V07PO01.png,1,0.893485,1
pdraw_wave,efficientnet_b0,shadow,1,C:\Users\ramti\Desktop\ramtin legion pc\article_project\data\raw\pdraw_wave\test\parkinson\V08PO01.png,1,0.335046,0
pdraw_wave,efficientnet_b0,shadow,1,C:\Users\ramti\Desktop\ramtin legion pc\article_project\data\raw\pdraw_wave\test\parkinson\V09PO01.png,1,0.908904,1
pdraw_wave,efficientnet_b0,shadow,1,C:\Users\ramti\Desktop\ramtin legion pc\article_project\data\raw\pdraw_wave\test\parkinson\V10PO01.png,1,0.683019,1
pdraw_wave,efficientnet_b0,shadow,1,C:\Users\ramti\Desktop\ramtin legion pc\article_project\data\raw\pdraw_wave\test\parkinson\V11PO01.png,1,0.399768,1
pdraw_wave,efficientnet_b0,shadow,1,C:\Users\ramti\Desktop\ramtin legion pc\article_project\data\raw\pdraw_wave\test\parkinson\V14PO01.png,1,0.881076,1
pdraw_wave,efficientnet_b0,shadow,1,C:\Users\ramti\Desktop\ramtin legion pc\article_project\data\raw\pdraw_wave\test\parkinson\V14PO03.png,1,0.889305,1
pdraw_wave,efficientnet_b0,shadow,2,C:\Users\ramti\Desktop\ramtin legion pc\article_project\data\raw\pdraw_wave\test\healthy\V01HO01.png,0,0.529026,1
pdraw_wave,efficientnet_b0,shadow,2,C:\Users\ramti\Desktop\ramtin legion pc\article_project\data\raw\pdraw_wave\test\healthy\V02HO01.png,0,0.245656,0
pdraw_wave,efficientnet_b0,shadow,2,C:\Users\ramti\Desktop\ramtin legion pc\article_project\data\raw\pdraw_wave\test\healthy\V03HO01.png,0,0.347995,0
pdraw_wave,efficientnet_b0,shadow,2,C:\Users\ramti\Desktop\ramtin legion pc\article_project\data\raw\pdraw_wave\test\healthy\V04HO01.png,0,0.319939,0
pdraw_wave,efficientnet_b0,shadow,2,C:\Users\ramti\Desktop\ramtin legion pc\article_project\data\raw\pdraw_wave\test\healthy\V05HO01.png,0,0.707323,1
pdraw_wave,efficientnet_b0,shadow,2,C:\Users\ramti\Desktop\ramtin legion pc\article_project\data\raw\pdraw_wave\test\healthy\V06HO01.png,0,0.557863,1
pdraw_wave,efficientnet_b0,shadow,2,C:\Users\ramti\Desktop\ramtin legion pc\article_project\data\raw\pdraw_wave\test\healthy\V07HO01.png,0,0.240721,0
pdraw_wave,efficientnet_b0,shadow,2,C:\Users\ramti\Desktop\ramtin legion pc\article_project\data\raw\pdraw_wave\test\healthy\V08HO01.png,0,0.379653,1
pdraw_wave,efficientnet_b0,shadow,2,C:\Users\ramti\Desktop\ramtin legion pc\article_project\data\raw\pdraw_wave\test\healthy\V09HO01.png,0,0.367706,1
pdraw_wave,efficientnet_b0,shadow,2,C:\Users\ramti\Desktop\ramtin legion pc\article_project\data\raw\pdraw_wave\test\healthy\V10HO01.png,0,0.486464,1
pdraw_wave,efficientnet_b0,shadow,2,C:\Users\ramti\Desktop\ramtin legion pc\article_project\data\raw\pdraw_wave\test\healthy\V11HO01.png,0,0.361975,1
pdraw_wave,efficientnet_b0,shadow,2,C:\Users\ramti\Desktop\ramtin legion pc\article_project\data\raw\pdraw_wave\test\healthy\V55HO08.png,0,0.286566,0
pdraw_wave,efficientnet_b0,shadow,2,C:\Users\ramti\Desktop\ramtin legion pc\article_project\data\raw\pdraw_wave\test\healthy\V55HO09.png,0,0.477849,1
pdraw_wave,efficientnet_b0,shadow,2,C:\Users\ramti\Desktop\ramtin legion pc\article_project\data\raw\pdraw_wave\test\healthy\V55HO10.png,0,0.325580,0
pdraw_wave,efficientnet_b0,shadow,2,C:\Users\ramti\Desktop\ramtin legion pc\article_project\data\raw\pdraw_wave\test\healthy\V55HO11.png,0,0.409896,1
pdraw_wave,efficientnet_b0,shadow,2,C:\Users\ramti\Desktop\ramtin legion pc\article_project\data\raw\pdraw_wave\test\parkinson\V01PO01.png,1,0.608880,1
pdraw_wave,efficientnet_b0,shadow,2,C:\Users\ramti\Desktop\ramtin legion pc\article_project\data\raw\pdraw_wave\test\parkinson\V02PO01.png,1,0.893772,1
pdraw_wave,efficientnet_b0,shadow,2,C:\Users\ramti\Desktop\ramtin legion pc\article_project\data\raw\pdraw_wave\test\parkinson\V03PO01.png,1,0.793530,1
pdraw_wave,efficientnet_b0,shadow,2,C:\Users\ramti\Desktop\ramtin legion pc\article_project\data\raw\pdraw_wave\test\parkinson\V03PO04.png,1,0.897710,1
pdraw_wave,efficientnet_b0,shadow,2,C:\Users\ramti\Desktop\ramtin legion pc\article_project\data\raw\pdraw_wave\test\parkinson\V03PO07.png,1,0.920443,1
pdraw_wave,efficientnet_b0,shadow,2,C:\Users\ramti\Desktop\ramtin legion pc\article_project\data\raw\pdraw_wave\test\parkinson\V04PO01.png,1,0.882487,1
pdraw_wave,efficientnet_b0,shadow,2,C:\Users\ramti\Desktop\ramtin legion pc\article_project\data\raw\pdraw_wave\test\parkinson\V05PO01.png,1,0.848301,1
pdraw_wave,efficientnet_b0,shadow,2,C:\Users\ramti\Desktop\ramtin legion pc\article_project\data\raw\pdraw_wave\test\parkinson\V06PO01.png,1,0.874687,1
pdraw_wave,efficientnet_b0,shadow,2,C:\Users\ramti\Desktop\ramtin legion pc\article_project\data\raw\pdraw_wave\test\parkinson\V07PO01.png,1,0.874882,1
pdraw_wave,efficientnet_b0,shadow,2,C:\Users\ramti\Desktop\ramtin legion pc\article_project\data\raw\pdraw_wave\test\parkinson\V08PO01.png,1,0.397103,1
pdraw_wave,efficientnet_b0,shadow,2,C:\Users\ramti\Desktop\ramtin legion pc\article_project\data\raw\pdraw_wave\test\parkinson\V09PO01.png,1,0.900516,1
pdraw_wave,efficientnet_b0,shadow,2,C:\Users\ramti\Desktop\ramtin legion pc\article_project\data\raw\pdraw_wave\test\parkinson\V10PO01.png,1,0.710688,1
pdraw_wave,efficientnet_b0,shadow,2,C:\Users\ramti\Desktop\ramtin legion pc\article_project\data\raw\pdraw_wave\test\parkinson\V11PO01.png,1,0.494168,1
pdraw_wave,efficientnet_b0,shadow,2,C:\Users\ramti\Desktop\ramtin legion pc\article_project\data\raw\pdraw_wave\test\parkinson\V14PO01.png,1,0.873040,1
pdraw_wave,efficientnet_b0,shadow,2,C:\Users\ramti\Desktop\ramtin legion pc\article_project\data\raw\pdraw_wave\test\parkinson\V14PO03.png,1,0.884491,1
pdraw_wave,efficientnet_b0,shadow,3,C:\Users\ramti\Desktop\ramtin legion pc\article_project\data\raw\pdraw_wave\test\healthy\V01HO01.png,0,0.602579,1
pdraw_wave,efficientnet_b0,shadow,3,C:\Users\ramti\Desktop\ramtin legion pc\article_project\data\raw\pdraw_wave\test\healthy\V02HO01.png,0,0.293358,0
pdraw_wave,efficientnet_b0,shadow,3,C:\Users\ramti\Desktop\ramtin legion pc\article_project\data\raw\pdraw_wave\test\healthy\V03HO01.png,0,0.407505,1
pdraw_wave,efficientnet_b0,shadow,3,C:\Users\ramti\Desktop\ramtin legion pc\article_project\data\raw\pdraw_wave\test\healthy\V04HO01.png,0,0.349877,0
pdraw_wave,efficientnet_b0,shadow,3,C:\Users\ramti\Desktop\ramtin legion pc\article_project\data\raw\pdraw_wave\test\healthy\V05HO01.png,0,0.737936,1
pdraw_wave,efficientnet_b0,shadow,3,C:\Users\ramti\Desktop\ramtin legion pc\article_project\data\raw\pdraw_wave\test\healthy\V06HO01.png,0,0.593467,1
pdraw_wave,efficientnet_b0,shadow,3,C:\Users\ramti\Desktop\ramtin legion pc\article_project\data\raw\pdraw_wave\test\healthy\V07HO01.png,0,0.307014,0
pdraw_wave,efficientnet_b0,shadow,3,C:\Users\ramti\Desktop\ramtin legion pc\article_project\data\raw\pdraw_wave\test\healthy\V08HO01.png,0,0.411926,1
pdraw_wave,efficientnet_b0,shadow,3,C:\Users\ramti\Desktop\ramtin legion pc\article_project\data\raw\pdraw_wave\test\healthy\V09HO01.png,0,0.401144,1
pdraw_wave,efficientnet_b0,shadow,3,C:\Users\ramti\Desktop\ramtin legion pc\article_project\data\raw\pdraw_wave\test\healthy\V10HO01.png,0,0.535845,1
pdraw_wave,efficientnet_b0,shadow,3,C:\Users\ramti\Desktop\ramtin legion pc\article_project\data\raw\pdraw_wave\test\healthy\V11HO01.png,0,0.407635,1
pdraw_wave,efficientnet_b0,shadow,3,C:\Users\ramti\Desktop\ramtin legion pc\article_project\data\raw\pdraw_wave\test\healthy\V55HO08.png,0,0.311593,0
pdraw_wave,efficientnet_b0,shadow,3,C:\Users\ramti\Desktop\ramtin legion pc\article_project\data\raw\pdraw_wave\test\healthy\V55HO09.png,0,0.508450,1
pdraw_wave,efficientnet_b0,shadow,3,C:\Users\ramti\Desktop\ramtin legion pc\article_project\data\raw\pdraw_wave\test\healthy\V55HO10.png,0,0.376721,1
pdraw_wave,efficientnet_b0,shadow,3,C:\Users\ramti\Desktop\ramtin legion pc\article_project\data\raw\pdraw_wave\test\healthy\V55HO11.png,0,0.490541,1
pdraw_wave,efficientnet_b0,shadow,3,C:\Users\ramti\Desktop\ramtin legion pc\article_project\data\raw\pdraw_wave\test\parkinson\V01PO01.png,1,0.626996,1
pdraw_wave,efficientnet_b0,shadow,3,C:\Users\ramti\Desktop\ramtin legion pc\article_project\data\raw\pdraw_wave\test\parkinson\V02PO01.png,1,0.896810,1
pdraw_wave,efficientnet_b0,shadow,3,C:\Users\ramti\Desktop\ramtin legion pc\article_project\data\raw\pdraw_wave\test\parkinson\V03PO01.png,1,0.784307,1
pdraw_wave,efficientnet_b0,shadow,3,C:\Users\ramti\Desktop\ramtin legion pc\article_project\data\raw\pdraw_wave\test\parkinson\V03PO04.png,1,0.885898,1
pdraw_wave,efficientnet_b0,shadow,3,C:\Users\ramti\Desktop\ramtin legion pc\article_project\data\raw\pdraw_wave\test\parkinson\V03PO07.png,1,0.906680,1
pdraw_wave,efficientnet_b0,shadow,3,C:\Users\ramti\Desktop\ramtin legion pc\article_project\data\raw\pdraw_wave\test\parkinson\V04PO01.png,1,0.876603,1
pdraw_wave,efficientnet_b0,shadow,3,C:\Users\ramti\Desktop\ramtin legion pc\article_project\data\raw\pdraw_wave\test\parkinson\V05PO01.png,1,0.839534,1
pdraw_wave,efficientnet_b0,shadow,3,C:\Users\ramti\Desktop\ramtin legion pc\article_project\data\raw\pdraw_wave\test\parkinson\V06PO01.png,1,0.866837,1
pdraw_wave,efficientnet_b0,shadow,3,C:\Users\ramti\Desktop\ramtin legion pc\article_project\data\raw\pdraw_wave\test\parkinson\V07PO01.png,1,0.861289,1
pdraw_wave,efficientnet_b0,shadow,3,C:\Users\ramti\Desktop\ramtin legion pc\article_project\data\raw\pdraw_wave\test\parkinson\V08PO01.png,1,0.431513,1
pdraw_wave,efficientnet_b0,shadow,3,C:\Users\ramti\Desktop\ramtin legion pc\article_project\data\raw\pdraw_wave\test\parkinson\V09PO01.png,1,0.890007,1
pdraw_wave,efficientnet_b0,shadow,3,C:\Users\ramti\Desktop\ramtin legion pc\article_project\data\raw\pdraw_wave\test\parkinson\V10PO01.png,1,0.723487,1
pdraw_wave,efficientnet_b0,shadow,3,C:\Users\ramti\Desktop\ramtin legion pc\article_project\data\raw\pdraw_wave\test\parkinson\V11PO01.png,1,0.558303,1
pdraw_wave,efficientnet_b0,shadow,3,C:\Users\ramti\Desktop\ramtin legion pc\article_project\data\raw\pdraw_wave\test\parkinson\V14PO01.png,1,0.859570,1
pdraw_wave,efficientnet_b0,shadow,3,C:\Users\ramti\Desktop\ramtin legion pc\article_project\data\raw\pdraw_wave\test\parkinson\V14PO03.png,1,0.877621,1
pdraw_wave,efficientnet_b0,shadow,4,C:\Users\ramti\Desktop\ramtin legion pc\article_project\data\raw\pdraw_wave\test\healthy\V01HO01.png,0,0.637162,1
pdraw_wave,efficientnet_b0,shadow,4,C:\Users\ramti\Desktop\ramtin legion pc\article_project\data\raw\pdraw_wave\test\healthy\V02HO01.png,0,0.326216,0
pdraw_wave,efficientnet_b0,shadow,4,C:\Users\ramti\Desktop\ramtin legion pc\article_project\data\raw\pdraw_wave\test\healthy\V03HO01.png,0,0.453525,1
pdraw_wave,efficientnet_b0,shadow,4,C:\Users\ramti\Desktop\ramtin legion pc\article_project\data\raw\pdraw_wave\test\healthy\V04HO01.png,0,0.366848,1
pdraw_wave,efficientnet_b0,shadow,4,C:\Users\ramti\Desktop\ramtin legion pc\article_project\data\raw\pdraw_wave\test\healthy\V05HO01.png,0,0.753532,1
pdraw_wave,efficientnet_b0,shadow,4,C:\Users\ramti\Desktop\ramtin legion pc\article_project\data\raw\pdraw_wave\test\healthy\V06HO01.png,0,0.603620,1
pdraw_wave,efficientnet_b0,shadow,4,C:\Users\ramti\Desktop\ramtin legion pc\article_project\data\raw\pdraw_wave\test\healthy\V07HO01.png,0,0.335638,0
pdraw_wave,efficientnet_b0,shadow,4,C:\Users\ramti\Desktop\ramtin legion pc\article_project\data\raw\pdraw_wave\test\healthy\V08HO01.png,0,0.437851,1
pdraw_wave,efficientnet_b0,shadow,4,C:\Users\ramti\Desktop\ramtin legion pc\article_project\data\raw\pdraw_wave\test\healthy\V09HO01.png,0,0.422710,1
pdraw_wave,efficientnet_b0,shadow,4,C:\Users\ramti\Desktop\ramtin legion pc\article_project\data\raw\pdraw_wave\test\healthy\V10HO01.png,0,0.541625,1
pdraw_wave,efficientnet_b0,shadow,4,C:\Users\ramti\Desktop\ramtin legion pc\article_project\data\raw\pdraw_wave\test\healthy\V11HO01.png,0,0.431375,1
pdraw_wave,efficientnet_b0,shadow,4,C:\Users\ramti\Desktop\ramtin legion pc\article_project\data\raw\pdraw_wave\test\healthy\V55HO08.png,0,0.331561,0
pdraw_wave,efficientnet_b0,shadow,4,C:\Users\ramti\Desktop\ramtin legion pc\article_project\data\raw\pdraw_wave\test\healthy\V55HO09.png,0,0.542231,1
pdraw_wave,efficientnet_b0,shadow,4,C:\Users\ramti\Desktop\ramtin legion pc\article_project\data\raw\pdraw_wave\test\healthy\V55HO10.png,0,0.410935,1
pdraw_wave,efficientnet_b0,shadow,4,C:\Users\ramti\Desktop\ramtin legion pc\article_project\data\raw\pdraw_wave\test\healthy\V55HO11.png,0,0.557977,1
pdraw_wave,efficientnet_b0,shadow,4,C:\Users\ramti\Desktop\ramtin legion pc\article_project\data\raw\pdraw_wave\test\parkinson\V01PO01.png,1,0.624874,1
pdraw_wave,efficientnet_b0,shadow,4,C:\Users\ramti\Desktop\ramtin legion pc\article_project\data\raw\pdraw_wave\test\parkinson\V02PO01.png,1,0.896447,1
pdraw_wave,efficientnet_b0,shadow,4,C:\Users\ramti\Desktop\ramtin legion pc\article_project\data\raw\pdraw_wave\test\parkinson\V03PO01.png,1,0.777123,1
pdraw_wave,efficientnet_b0,shadow,4,C:\Users\ramti\Desktop\ramtin legion pc\article_project\data\raw\pdraw_wave\test\parkinson\V03PO04.png,1,0.875741,1
pdraw_wave,efficientnet_b0,shadow,4,C:\Users\ramti\Desktop\ramtin legion pc\article_project\data\raw\pdraw_wave\test\parkinson\V03PO07.png,1,0.889672,1
pdraw_wave,efficientnet_b0,shadow,4,C:\Users\ramti\Desktop\ramtin legion pc\article_project\data\raw\pdraw_wave\test\parkinson\V04PO01.png,1,0.870019,1
pdraw_wave,efficientnet_b0,shadow,4,C:\Users\ramti\Desktop\ramtin legion pc\article_project\data\raw\pdraw_wave\test\parkinson\V05PO01.png,1,0.831278,1
pdraw_wave,efficientnet_b0,shadow,4,C:\Users\ramti\Desktop\ramtin legion pc\article_project\data\raw\pdraw_wave\test\parkinson\V06PO01.png,1,0.857904,1
pdraw_wave,efficientnet_b0,shadow,4,C:\Users\ramti\Desktop\ramtin legion pc\article_project\data\raw\pdraw_wave\test\parkinson\V07PO01.png,1,0.854223,1
pdraw_wave,efficientnet_b0,shadow,4,C:\Users\ramti\Desktop\ramtin legion pc\article_project\data\raw\pdraw_wave\test\parkinson\V08PO01.png,1,0.441310,1
pdraw_wave,efficientnet_b0,shadow,4,C:\Users\ramti\Desktop\ramtin legion pc\article_project\data\raw\pdraw_wave\test\parkinson\V09PO01.png,1,0.880215,1
pdraw_wave,efficientnet_b0,shadow,4,C:\Users\ramti\Desktop\ramtin legion pc\article_project\data\raw\pdraw_wave\test\parkinson\V10PO01.png,1,0.728127,1
pdraw_wave,efficientnet_b0,shadow,4,C:\Users\ramti\Desktop\ramtin legion pc\article_project\data\raw\pdraw_wave\test\parkinson\V11PO01.png,1,0.592751,1
pdraw_wave,efficientnet_b0,shadow,4,C:\Users\ramti\Desktop\ramtin legion pc\article_project\data\raw\pdraw_wave\test\parkinson\V14PO01.png,1,0.848395,1
pdraw_wave,efficientnet_b0,shadow,4,C:\Users\ramti\Desktop\ramtin legion pc\article_project\data\raw\pdraw_wave\test\parkinson\V14PO03.png,1,0.869815,1
pdraw_wave,efficientnet_b0,shadow,5,C:\Users\ramti\Desktop\ramtin legion pc\article_project\data\raw\pdraw_wave\test\healthy\V01HO01.png,0,0.656486,1
pdraw_wave,efficientnet_b0,shadow,5,C:\Users\ramti\Desktop\ramtin legion pc\article_project\data\raw\pdraw_wave\test\healthy\V02HO01.png,0,0.333911,0
pdraw_wave,efficientnet_b0,shadow,5,C:\Users\ramti\Desktop\ramtin legion pc\article_project\data\raw\pdraw_wave\test\healthy\V03HO01.png,0,0.466693,1
pdraw_wave,efficientnet_b0,shadow,5,C:\Users\ramti\Desktop\ramtin legion pc\article_project\data\raw\pdraw_wave\test\healthy\V04HO01.png,0,0.371149,1
pdraw_wave,efficientnet_b0,shadow,5,C:\Users\ramti\Desktop\ramtin legion pc\article_project\data\raw\pdraw_wave\test\healthy\V05HO01.png,0,0.754285,1
pdraw_wave,efficientnet_b0,shadow,5,C:\Users\ramti\Desktop\ramtin legion pc\article_project\data\raw\pdraw_wave\test\healthy\V06HO01.png,0,0.598221,1
pdraw_wave,efficientnet_b0,shadow,5,C:\Users\ramti\Desktop\ramtin legion pc\article_project\data\raw\pdraw_wave\test\healthy\V07HO01.png,0,0.350999,1
pdraw_wave,efficientnet_b0,shadow,5,C:\Users\ramti\Desktop\ramtin legion pc\article_project\data\raw\pdraw_wave\test\healthy\V08HO01.png,0,0.460478,1
pdraw_wave,efficientnet_b0,shadow,5,C:\Users\ramti\Desktop\ramtin legion pc\article_project\data\raw\pdraw_wave\test\healthy\V09HO01.png,0,0.424794,1
pdraw_wave,efficientnet_b0,shadow,5,C:\Users\ramti\Desktop\ramtin legion pc\article_project\data\raw\pdraw_wave\test\healthy\V10HO01.png,0,0.542580,1
pdraw_wave,efficientnet_b0,shadow,5,C:\Users\ramti\Desktop\ramtin legion pc\article_project\data\raw\pdraw_wave\test\healthy\V11HO01.png,0,0.434345,1
pdraw_wave,efficientnet_b0,shadow,5,C:\Users\ramti\Desktop\ramtin legion pc\article_project\data\raw\pdraw_wave\test\healthy\V55HO08.png,0,0.338060,0
pdraw_wave,efficientnet_b0,shadow,5,C:\Users\ramti\Desktop\ramtin legion pc\article_project\data\raw\pdraw_wave\test\healthy\V55HO09.png,0,0.549688,1
pdraw_wave,efficientnet_b0,shadow,5,C:\Users\ramti\Desktop\ramtin legion pc\article_project\data\raw\pdraw_wave\test\healthy\V55HO10.png,0,0.424331,1
pdraw_wave,efficientnet_b0,shadow,5,C:\Users\ramti\Desktop\ramtin legion pc\article_project\data\raw\pdraw_wave\test\healthy\V55HO11.png,0,0.589231,1
pdraw_wave,efficientnet_b0,shadow,5,C:\Users\ramti\Desktop\ramtin legion pc\article_project\data\raw\pdraw_wave\test\parkinson\V01PO01.png,1,0.619459,1
pdraw_wave,efficientnet_b0,shadow,5,C:\Users\ramti\Desktop\ramtin legion pc\article_project\data\raw\pdraw_wave\test\parkinson\V02PO01.png,1,0.892713,1
pdraw_wave,efficientnet_b0,shadow,5,C:\Users\ramti\Desktop\ramtin legion pc\article_project\data\raw\pdraw_wave\test\parkinson\V03PO01.png,1,0.771189,1
pdraw_wave,efficientnet_b0,shadow,5,C:\Users\ramti\Desktop\ramtin legion pc\article_project\data\raw\pdraw_wave\test\parkinson\V03PO04.png,1,0.865655,1
pdraw_wave,efficientnet_b0,shadow,5,C:\Users\ramti\Desktop\ramtin legion pc\article_project\data\raw\pdraw_wave\test\parkinson\V03PO07.png,1,0.862249,1
pdraw_wave,efficientnet_b0,shadow,5,C:\Users\ramti\Desktop\ramtin legion pc\article_project\data\raw\pdraw_wave\test\parkinson\V04PO01.png,1,0.863155,1
pdraw_wave,efficientnet_b0,shadow,5,C:\Users\ramti\Desktop\ramtin legion pc\article_project\data\raw\pdraw_wave\test\parkinson\V05PO01.png,1,0.821952,1
pdraw_wave,efficientnet_b0,shadow,5,C:\Users\ramti\Desktop\ramtin legion pc\article_project\data\raw\pdraw_wave\test\parkinson\V06PO01.png,1,0.843064,1
pdraw_wave,efficientnet_b0,shadow,5,C:\Users\ramti\Desktop\ramtin legion pc\article_project\data\raw\pdraw_wave\test\parkinson\V07PO01.png,1,0.841877,1
pdraw_wave,efficientnet_b0,shadow,5,C:\Users\ramti\Desktop\ramtin legion pc\article_project\data\raw\pdraw_wave\test\parkinson\V08PO01.png,1,0.436741,1
pdraw_wave,efficientnet_b0,shadow,5,C:\Users\ramti\Desktop\ramtin legion pc\article_project\data\raw\pdraw_wave\test\parkinson\V09PO01.png,1,0.871049,1
pdraw_wave,efficientnet_b0,shadow,5,C:\Users\ramti\Desktop\ramtin legion pc\article_project\data\raw\pdraw_wave\test\parkinson\V10PO01.png,1,0.730640,1
pdraw_wave,efficientnet_b0,shadow,5,C:\Users\ramti\Desktop\ramtin legion pc\article_project\data\raw\pdraw_wave\test\parkinson\V11PO01.png,1,0.614524,1
pdraw_wave,efficientnet_b0,shadow,5,C:\Users\ramti\Desktop\ramtin legion pc\article_project\data\raw\pdraw_wave\test\parkinson\V14PO01.png,1,0.837617,1
pdraw_wave,efficientnet_b0,shadow,5,C:\Users\ramti\Desktop\ramtin legion pc\article_project\data\raw\pdraw_wave\test\parkinson\V14PO03.png,1,0.857012,1
pdraw_wave,efficientnet_b0,perspective,1,C:\Users\ramti\Desktop\ramtin legion pc\article_project\data\raw\pdraw_wave\test\healthy\V01HO01.png,0,0.393351,1
pdraw_wave,efficientnet_b0,perspective,1,C:\Users\ramti\Desktop\ramtin legion pc\article_project\data\raw\pdraw_wave\test\healthy\V02HO01.png,0,0.175348,0
pdraw_wave,efficientnet_b0,perspective,1,C:\Users\ramti\Desktop\ramtin legion pc\article_project\data\raw\pdraw_wave\test\healthy\V03HO01.png,0,0.279568,0
pdraw_wave,efficientnet_b0,perspective,1,C:\Users\ramti\Desktop\ramtin legion pc\article_project\data\raw\pdraw_wave\test\healthy\V04HO01.png,0,0.250223,0
pdraw_wave,efficientnet_b0,perspective,1,C:\Users\ramti\Desktop\ramtin legion pc\article_project\data\raw\pdraw_wave\test\healthy\V05HO01.png,0,0.458942,1
pdraw_wave,efficientnet_b0,perspective,1,C:\Users\ramti\Desktop\ramtin legion pc\article_project\data\raw\pdraw_wave\test\healthy\V06HO01.png,0,0.186072,0
pdraw_wave,efficientnet_b0,perspective,1,C:\Users\ramti\Desktop\ramtin legion pc\article_project\data\raw\pdraw_wave\test\healthy\V07HO01.png,0,0.206971,0
pdraw_wave,efficientnet_b0,perspective,1,C:\Users\ramti\Desktop\ramtin legion pc\article_project\data\raw\pdraw_wave\test\healthy\V08HO01.png,0,0.179178,0
pdraw_wave,efficientnet_b0,perspective,1,C:\Users\ramti\Desktop\ramtin legion pc\article_project\data\raw\pdraw_wave\test\healthy\V09HO01.png,0,0.254616,0
pdraw_wave,efficientnet_b0,perspective,1,C:\Users\ramti\Desktop\ramtin legion pc\article_project\data\raw\pdraw_wave\test\healthy\V10HO01.png,0,0.280541,0
pdraw_wave,efficientnet_b0,perspective,1,C:\Users\ramti\Desktop\ramtin legion pc\article_project\data\raw\pdraw_wave\test\healthy\V11HO01.png,0,0.141145,0
pdraw_wave,efficientnet_b0,perspective,1,C:\Users\ramti\Desktop\ramtin legion pc\article_project\data\raw\pdraw_wave\test\healthy\V55HO08.png,0,0.199648,0
pdraw_wave,efficientnet_b0,perspective,1,C:\Users\ramti\Desktop\ramtin legion pc\article_project\data\raw\pdraw_wave\test\healthy\V55HO09.png,0,0.418830,1
pdraw_wave,efficientnet_b0,perspective,1,C:\Users\ramti\Desktop\ramtin legion pc\article_project\data\raw\pdraw_wave\test\healthy\V55HO10.png,0,0.223801,0
pdraw_wave,efficientnet_b0,perspective,1,C:\Users\ramti\Desktop\ramtin legion pc\article_project\data\raw\pdraw_wave\test\healthy\V55HO11.png,0,0.396887,1
pdraw_wave,efficientnet_b0,perspective,1,C:\Users\ramti\Desktop\ramtin legion pc\article_project\data\raw\pdraw_wave\test\parkinson\V01PO01.png,1,0.444564,1
pdraw_wave,efficientnet_b0,perspective,1,C:\Users\ramti\Desktop\ramtin legion pc\article_project\data\raw\pdraw_wave\test\parkinson\V02PO01.png,1,0.766685,1
pdraw_wave,efficientnet_b0,perspective,1,C:\Users\ramti\Desktop\ramtin legion pc\article_project\data\raw\pdraw_wave\test\parkinson\V03PO01.png,1,0.644842,1
pdraw_wave,efficientnet_b0,perspective,1,C:\Users\ramti\Desktop\ramtin legion pc\article_project\data\raw\pdraw_wave\test\parkinson\V03PO04.png,1,0.880662,1
pdraw_wave,efficientnet_b0,perspective,1,C:\Users\ramti\Desktop\ramtin legion pc\article_project\data\raw\pdraw_wave\test\parkinson\V03PO07.png,1,0.857220,1
pdraw_wave,efficientnet_b0,perspective,1,C:\Users\ramti\Desktop\ramtin legion pc\article_project\data\raw\pdraw_wave\test\parkinson\V04PO01.png,1,0.803472,1
pdraw_wave,efficientnet_b0,perspective,1,C:\Users\ramti\Desktop\ramtin legion pc\article_project\data\raw\pdraw_wave\test\parkinson\V05PO01.png,1,0.847046,1
pdraw_wave,efficientnet_b0,perspective,1,C:\Users\ramti\Desktop\ramtin legion pc\article_project\data\raw\pdraw_wave\test\parkinson\V06PO01.png,1,0.712206,1
pdraw_wave,efficientnet_b0,perspective,1,C:\Users\ramti\Desktop\ramtin legion pc\article_project\data\raw\pdraw_wave\test\parkinson\V07PO01.png,1,0.863048,1
pdraw_wave,efficientnet_b0,perspective,1,C:\Users\ramti\Desktop\ramtin legion pc\article_project\data\raw\pdraw_wave\test\parkinson\V08PO01.png,1,0.199987,0
pdraw_wave,efficientnet_b0,perspective,1,C:\Users\ramti\Desktop\ramtin legion pc\article_project\data\raw\pdraw_wave\test\parkinson\V09PO01.png,1,0.848943,1
pdraw_wave,efficientnet_b0,perspective,1,C:\Users\ramti\Desktop\ramtin legion pc\article_project\data\raw\pdraw_wave\test\parkinson\V10PO01.png,1,0.516155,1
pdraw_wave,efficientnet_b0,perspective,1,C:\Users\ramti\Desktop\ramtin legion pc\article_project\data\raw\pdraw_wave\test\parkinson\V11PO01.png,1,0.275671,0
pdraw_wave,efficientnet_b0,perspective,1,C:\Users\ramti\Desktop\ramtin legion pc\article_project\data\raw\pdraw_wave\test\parkinson\V14PO01.png,1,0.865961,1
pdraw_wave,efficientnet_b0,perspective,1,C:\Users\ramti\Desktop\ramtin legion pc\article_project\data\raw\pdraw_wave\test\parkinson\V14PO03.png,1,0.885477,1
pdraw_wave,efficientnet_b0,perspective,2,C:\Users\ramti\Desktop\ramtin legion pc\article_project\data\raw\pdraw_wave\test\healthy\V01HO01.png,0,0.410550,1
pdraw_wave,efficientnet_b0,perspective,2,C:\Users\ramti\Desktop\ramtin legion pc\article_project\data\raw\pdraw_wave\test\healthy\V02HO01.png,0,0.194432,0
pdraw_wave,efficientnet_b0,perspective,2,C:\Users\ramti\Desktop\ramtin legion pc\article_project\data\raw\pdraw_wave\test\healthy\V03HO01.png,0,0.273349,0
pdraw_wave,efficientnet_b0,perspective,2,C:\Users\ramti\Desktop\ramtin legion pc\article_project\data\raw\pdraw_wave\test\healthy\V04HO01.png,0,0.290202,0
pdraw_wave,efficientnet_b0,perspective,2,C:\Users\ramti\Desktop\ramtin legion pc\article_project\data\raw\pdraw_wave\test\healthy\V05HO01.png,0,0.436211,1
pdraw_wave,efficientnet_b0,perspective,2,C:\Users\ramti\Desktop\ramtin legion pc\article_project\data\raw\pdraw_wave\test\healthy\V06HO01.png,0,0.224983,0
pdraw_wave,efficientnet_b0,perspective,2,C:\Users\ramti\Desktop\ramtin legion pc\article_project\data\raw\pdraw_wave\test\healthy\V07HO01.png,0,0.240176,0
pdraw_wave,efficientnet_b0,perspective,2,C:\Users\ramti\Desktop\ramtin legion pc\article_project\data\raw\pdraw_wave\test\healthy\V08HO01.png,0,0.209462,0
pdraw_wave,efficientnet_b0,perspective,2,C:\Users\ramti\Desktop\ramtin legion pc\article_project\data\raw\pdraw_wave\test\healthy\V09HO01.png,0,0.256551,0
pdraw_wave,efficientnet_b0,perspective,2,C:\Users\ramti\Desktop\ramtin legion pc\article_project\data\raw\pdraw_wave\test\healthy\V10HO01.png,0,0.309074,0
pdraw_wave,efficientnet_b0,perspective,2,C:\Users\ramti\Desktop\ramtin legion pc\article_project\data\raw\pdraw_wave\test\healthy\V11HO01.png,0,0.155987,0
pdraw_wave,efficientnet_b0,perspective,2,C:\Users\ramti\Desktop\ramtin legion pc\article_project\data\raw\pdraw_wave\test\healthy\V55HO08.png,0,0.210984,0
pdraw_wave,efficientnet_b0,perspective,2,C:\Users\ramti\Desktop\ramtin legion pc\article_project\data\raw\pdraw_wave\test\healthy\V55HO09.png,0,0.421105,1
pdraw_wave,efficientnet_b0,perspective,2,C:\Users\ramti\Desktop\ramtin legion pc\article_project\data\raw\pdraw_wave\test\healthy\V55HO10.png,0,0.228025,0
pdraw_wave,efficientnet_b0,perspective,2,C:\Users\ramti\Desktop\ramtin legion pc\article_project\data\raw\pdraw_wave\test\healthy\V55HO11.png,0,0.432148,1
pdraw_wave,efficientnet_b0,perspective,2,C:\Users\ramti\Desktop\ramtin legion pc\article_project\data\raw\pdraw_wave\test\parkinson\V01PO01.png,1,0.418721,1
pdraw_wave,efficientnet_b0,perspective,2,C:\Users\ramti\Desktop\ramtin legion pc\article_project\data\raw\pdraw_wave\test\parkinson\V02PO01.png,1,0.768045,1
pdraw_wave,efficientnet_b0,perspective,2,C:\Users\ramti\Desktop\ramtin legion pc\article_project\data\raw\pdraw_wave\test\parkinson\V03PO01.png,1,0.634229,1
pdraw_wave,efficientnet_b0,perspective,2,C:\Users\ramti\Desktop\ramtin legion pc\article_project\data\raw\pdraw_wave\test\parkinson\V03PO04.png,1,0.880959,1
pdraw_wave,efficientnet_b0,perspective,2,C:\Users\ramti\Desktop\ramtin legion pc\article_project\data\raw\pdraw_wave\test\parkinson\V03PO07.png,1,0.860662,1
pdraw_wave,efficientnet_b0,perspective,2,C:\Users\ramti\Desktop\ramtin legion pc\article_project\data\raw\pdraw_wave\test\parkinson\V04PO01.png,1,0.772811,1
pdraw_wave,efficientnet_b0,perspective,2,C:\Users\ramti\Desktop\ramtin legion pc\article_project\data\raw\pdraw_wave\test\parkinson\V05PO01.png,1,0.871833,1
pdraw_wave,efficientnet_b0,perspective,2,C:\Users\ramti\Desktop\ramtin legion pc\article_project\data\raw\pdraw_wave\test\parkinson\V06PO01.png,1,0.747750,1
pdraw_wave,efficientnet_b0,perspective,2,C:\Users\ramti\Desktop\ramtin legion pc\article_project\data\raw\pdraw_wave\test\parkinson\V07PO01.png,1,0.863901,1
pdraw_wave,efficientnet_b0,perspective,2,C:\Users\ramti\Desktop\ramtin legion pc\article_project\data\raw\pdraw_wave\test\parkinson\V08PO01.png,1,0.221464,0
pdraw_wave,efficientnet_b0,perspective,2,C:\Users\ramti\Desktop\ramtin legion pc\article_project\data\raw\pdraw_wave\test\parkinson\V09PO01.png,1,0.838777,1
pdraw_wave,efficientnet_b0,perspective,2,C:\Users\ramti\Desktop\ramtin legion pc\article_project\data\raw\pdraw_wave\test\parkinson\V10PO01.png,1,0.555809,1
pdraw_wave,efficientnet_b0,perspective,2,C:\Users\ramti\Desktop\ramtin legion pc\article_project\data\raw\pdraw_wave\test\parkinson\V11PO01.png,1,0.260522,0
pdraw_wave,efficientnet_b0,perspective,2,C:\Users\ramti\Desktop\ramtin legion pc\article_project\data\raw\pdraw_wave\test\parkinson\V14PO01.png,1,0.886040,1
pdraw_wave,efficientnet_b0,perspective,2,C:\Users\ramti\Desktop\ramtin legion pc\article_project\data\raw\pdraw_wave\test\parkinson\V14PO03.png,1,0.880432,1
pdraw_wave,efficientnet_b0,perspective,3,C:\Users\ramti\Desktop\ramtin legion pc\article_project\data\raw\pdraw_wave\test\healthy\V01HO01.png,0,0.400915,1
pdraw_wave,efficientnet_b0,perspective,3,C:\Users\ramti\Desktop\ramtin legion pc\article_project\data\raw\pdraw_wave\test\healthy\V02HO01.png,0,0.216549,0
pdraw_wave,efficientnet_b0,perspective,3,C:\Users\ramti\Desktop\ramtin legion pc\article_project\data\raw\pdraw_wave\test\healthy\V03HO01.png,0,0.319192,0
pdraw_wave,efficientnet_b0,perspective,3,C:\Users\ramti\Desktop\ramtin legion pc\article_project\data\raw\pdraw_wave\test\healthy\V04HO01.png,0,0.306551,0
pdraw_wave,efficientnet_b0,perspective,3,C:\Users\ramti\Desktop\ramtin legion pc\article_project\data\raw\pdraw_wave\test\healthy\V05HO01.png,0,0.444792,1
pdraw_wave,efficientnet_b0,perspective,3,C:\Users\ramti\Desktop\ramtin legion pc\article_project\data\raw\pdraw_wave\test\healthy\V06HO01.png,0,0.200896,0
pdraw_wave,efficientnet_b0,perspective,3,C:\Users\ramti\Desktop\ramtin legion pc\article_project\data\raw\pdraw_wave\test\healthy\V07HO01.png,0,0.246786,0
pdraw_wave,efficientnet_b0,perspective,3,C:\Users\ramti\Desktop\ramtin legion pc\article_project\data\raw\pdraw_wave\test\healthy\V08HO01.png,0,0.255987,0
pdraw_wave,efficientnet_b0,perspective,3,C:\Users\ramti\Desktop\ramtin legion pc\article_project\data\raw\pdraw_wave\test\healthy\V09HO01.png,0,0.248358,0
pdraw_wave,efficientnet_b0,perspective,3,C:\Users\ramti\Desktop\ramtin legion pc\article_project\data\raw\pdraw_wave\test\healthy\V10HO01.png,0,0.320390,0
pdraw_wave,efficientnet_b0,perspective,3,C:\Users\ramti\Desktop\ramtin legion pc\article_project\data\raw\pdraw_wave\test\healthy\V11HO01.png,0,0.165369,0
pdraw_wave,efficientnet_b0,perspective,3,C:\Users\ramti\Desktop\ramtin legion pc\article_project\data\raw\pdraw_wave\test\healthy\V55HO08.png,0,0.215543,0
pdraw_wave,efficientnet_b0,perspective,3,C:\Users\ramti\Desktop\ramtin legion pc\article_project\data\raw\pdraw_wave\test\healthy\V55HO09.png,0,0.415403,1
pdraw_wave,efficientnet_b0,perspective,3,C:\Users\ramti\Desktop\ramtin legion pc\article_project\data\raw\pdraw_wave\test\healthy\V55HO10.png,0,0.199964,0
pdraw_wave,efficientnet_b0,perspective,3,C:\Users\ramti\Desktop\ramtin legion pc\article_project\data\raw\pdraw_wave\test\healthy\V55HO11.png,0,0.436527,1
pdraw_wave,efficientnet_b0,perspective,3,C:\Users\ramti\Desktop\ramtin legion pc\article_project\data\raw\pdraw_wave\test\parkinson\V01PO01.png,1,0.393843,1
pdraw_wave,efficientnet_b0,perspective,3,C:\Users\ramti\Desktop\ramtin legion pc\article_project\data\raw\pdraw_wave\test\parkinson\V02PO01.png,1,0.783980,1
pdraw_wave,efficientnet_b0,perspective,3,C:\Users\ramti\Desktop\ramtin legion pc\article_project\data\raw\pdraw_wave\test\parkinson\V03PO01.png,1,0.709117,1
pdraw_wave,efficientnet_b0,perspective,3,C:\Users\ramti\Desktop\ramtin legion pc\article_project\data\raw\pdraw_wave\test\parkinson\V03PO04.png,1,0.864707,1
pdraw_wave,efficientnet_b0,perspective,3,C:\Users\ramti\Desktop\ramtin legion pc\article_project\data\raw\pdraw_wave\test\parkinson\V03PO07.png,1,0.843287,1
pdraw_wave,efficientnet_b0,perspective,3,C:\Users\ramti\Desktop\ramtin legion pc\article_project\data\raw\pdraw_wave\test\parkinson\V04PO01.png,1,0.760100,1
pdraw_wave,efficientnet_b0,perspective,3,C:\Users\ramti\Desktop\ramtin legion pc\article_project\data\raw\pdraw_wave\test\parkinson\V05PO01.png,1,0.853603,1
pdraw_wave,efficientnet_b0,perspective,3,C:\Users\ramti\Desktop\ramtin legion pc\article_project\data\raw\pdraw_wave\test\parkinson\V06PO01.png,1,0.757052,1
pdraw_wave,efficientnet_b0,perspective,3,C:\Users\ramti\Desktop\ramtin legion pc\article_project\data\raw\pdraw_wave\test\parkinson\V07PO01.png,1,0.842367,1
pdraw_wave,efficientnet_b0,perspective,3,C:\Users\ramti\Desktop\ramtin legion pc\article_project\data\raw\pdraw_wave\test\parkinson\V08PO01.png,1,0.246393,0
pdraw_wave,efficientnet_b0,perspective,3,C:\Users\ramti\Desktop\ramtin legion pc\article_project\data\raw\pdraw_wave\test\parkinson\V09PO01.png,1,0.835332,1
pdraw_wave,efficientnet_b0,perspective,3,C:\Users\ramti\Desktop\ramtin legion pc\article_project\data\raw\pdraw_wave\test\parkinson\V10PO01.png,1,0.536169,1
pdraw_wave,efficientnet_b0,perspective,3,C:\Users\ramti\Desktop\ramtin legion pc\article_project\data\raw\pdraw_wave\test\parkinson\V11PO01.png,1,0.279073,0
pdraw_wave,efficientnet_b0,perspective,3,C:\Users\ramti\Desktop\ramtin legion pc\article_project\data\raw\pdraw_wave\test\parkinson\V14PO01.png,1,0.891951,1
pdraw_wave,efficientnet_b0,perspective,3,C:\Users\ramti\Desktop\ramtin legion pc\article_project\data\raw\pdraw_wave\test\parkinson\V14PO03.png,1,0.856078,1
pdraw_wave,efficientnet_b0,perspective,4,C:\Users\ramti\Desktop\ramtin legion pc\article_project\data\raw\pdraw_wave\test\healthy\V01HO01.png,0,0.391785,1
pdraw_wave,efficientnet_b0,perspective,4,C:\Users\ramti\Desktop\ramtin legion pc\article_project\data\raw\pdraw_wave\test\healthy\V02HO01.png,0,0.225926,0
pdraw_wave,efficientnet_b0,perspective,4,C:\Users\ramti\Desktop\ramtin legion pc\article_project\data\raw\pdraw_wave\test\healthy\V03HO01.png,0,0.299499,0
pdraw_wave,efficientnet_b0,perspective,4,C:\Users\ramti\Desktop\ramtin legion pc\article_project\data\raw\pdraw_wave\test\healthy\V04HO01.png,0,0.305484,0
pdraw_wave,efficientnet_b0,perspective,4,C:\Users\ramti\Desktop\ramtin legion pc\article_project\data\raw\pdraw_wave\test\healthy\V05HO01.png,0,0.461972,1
pdraw_wave,efficientnet_b0,perspective,4,C:\Users\ramti\Desktop\ramtin legion pc\article_project\data\raw\pdraw_wave\test\healthy\V06HO01.png,0,0.185656,0
pdraw_wave,efficientnet_b0,perspective,4,C:\Users\ramti\Desktop\ramtin legion pc\article_project\data\raw\pdraw_wave\test\healthy\V07HO01.png,0,0.267415,0
pdraw_wave,efficientnet_b0,perspective,4,C:\Users\ramti\Desktop\ramtin legion pc\article_project\data\raw\pdraw_wave\test\healthy\V08HO01.png,0,0.248869,0
pdraw_wave,efficientnet_b0,perspective,4,C:\Users\ramti\Desktop\ramtin legion pc\article_project\data\raw\pdraw_wave\test\healthy\V09HO01.png,0,0.269389,0
pdraw_wave,efficientnet_b0,perspective,4,C:\Users\ramti\Desktop\ramtin legion pc\article_project\data\raw\pdraw_wave\test\healthy\V10HO01.png,0,0.328021,0
pdraw_wave,efficientnet_b0,perspective,4,C:\Users\ramti\Desktop\ramtin legion pc\article_project\data\raw\pdraw_wave\test\healthy\V11HO01.png,0,0.176688,0
pdraw_wave,efficientnet_b0,perspective,4,C:\Users\ramti\Desktop\ramtin legion pc\article_project\data\raw\pdraw_wave\test\healthy\V55HO08.png,0,0.220040,0
pdraw_wave,efficientnet_b0,perspective,4,C:\Users\ramti\Desktop\ramtin legion pc\article_project\data\raw\pdraw_wave\test\healthy\V55HO09.png,0,0.409999,1
pdraw_wave,efficientnet_b0,perspective,4,C:\Users\ramti\Desktop\ramtin legion pc\article_project\data\raw\pdraw_wave\test\healthy\V55HO10.png,0,0.229188,0
pdraw_wave,efficientnet_b0,perspective,4,C:\Users\ramti\Desktop\ramtin legion pc\article_project\data\raw\pdraw_wave\test\healthy\V55HO11.png,0,0.418205,1
pdraw_wave,efficientnet_b0,perspective,4,C:\Users\ramti\Desktop\ramtin legion pc\article_project\data\raw\pdraw_wave\test\parkinson\V01PO01.png,1,0.426372,1
pdraw_wave,efficientnet_b0,perspective,4,C:\Users\ramti\Desktop\ramtin legion pc\article_project\data\raw\pdraw_wave\test\parkinson\V02PO01.png,1,0.793806,1
pdraw_wave,efficientnet_b0,perspective,4,C:\Users\ramti\Desktop\ramtin legion pc\article_project\data\raw\pdraw_wave\test\parkinson\V03PO01.png,1,0.687800,1
pdraw_wave,efficientnet_b0,perspective,4,C:\Users\ramti\Desktop\ramtin legion pc\article_project\data\raw\pdraw_wave\test\parkinson\V03PO04.png,1,0.858465,1
pdraw_wave,efficientnet_b0,perspective,4,C:\Users\ramti\Desktop\ramtin legion pc\article_project\data\raw\pdraw_wave\test\parkinson\V03PO07.png,1,0.836287,1
pdraw_wave,efficientnet_b0,perspective,4,C:\Users\ramti\Desktop\ramtin legion pc\article_project\data\raw\pdraw_wave\test\parkinson\V04PO01.png,1,0.756926,1
pdraw_wave,efficientnet_b0,perspective,4,C:\Users\ramti\Desktop\ramtin legion pc\article_project\data\raw\pdraw_wave\test\parkinson\V05PO01.png,1,0.836083,1
pdraw_wave,efficientnet_b0,perspective,4,C:\Users\ramti\Desktop\ramtin legion pc\article_project\data\raw\pdraw_wave\test\parkinson\V06PO01.png,1,0.716935,1
pdraw_wave,efficientnet_b0,perspective,4,C:\Users\ramti\Desktop\ramtin legion pc\article_project\data\raw\pdraw_wave\test\parkinson\V07PO01.png,1,0.825342,1
pdraw_wave,efficientnet_b0,perspective,4,C:\Users\ramti\Desktop\ramtin legion pc\article_project\data\raw\pdraw_wave\test\parkinson\V08PO01.png,1,0.264750,0
pdraw_wave,efficientnet_b0,perspective,4,C:\Users\ramti\Desktop\ramtin legion pc\article_project\data\raw\pdraw_wave\test\parkinson\V09PO01.png,1,0.849721,1
pdraw_wave,efficientnet_b0,perspective,4,C:\Users\ramti\Desktop\ramtin legion pc\article_project\data\raw\pdraw_wave\test\parkinson\V10PO01.png,1,0.545580,1
pdraw_wave,efficientnet_b0,perspective,4,C:\Users\ramti\Desktop\ramtin legion pc\article_project\data\raw\pdraw_wave\test\parkinson\V11PO01.png,1,0.305536,0
pdraw_wave,efficientnet_b0,perspective,4,C:\Users\ramti\Desktop\ramtin legion pc\article_project\data\raw\pdraw_wave\test\parkinson\V14PO01.png,1,0.850827,1
pdraw_wave,efficientnet_b0,perspective,4,C:\Users\ramti\Desktop\ramtin legion pc\article_project\data\raw\pdraw_wave\test\parkinson\V14PO03.png,1,0.865224,1
pdraw_wave,efficientnet_b0,perspective,5,C:\Users\ramti\Desktop\ramtin legion pc\article_project\data\raw\pdraw_wave\test\healthy\V01HO01.png,0,0.448908,1
pdraw_wave,efficientnet_b0,perspective,5,C:\Users\ramti\Desktop\ramtin legion pc\article_project\data\raw\pdraw_wave\test\healthy\V02HO01.png,0,0.247346,0
pdraw_wave,efficientnet_b0,perspective,5,C:\Users\ramti\Desktop\ramtin legion pc\article_project\data\raw\pdraw_wave\test\healthy\V03HO01.png,0,0.331666,0
pdraw_wave,efficientnet_b0,perspective,5,C:\Users\ramti\Desktop\ramtin legion pc\article_project\data\raw\pdraw_wave\test\healthy\V04HO01.png,0,0.343377,0
pdraw_wave,efficientnet_b0,perspective,5,C:\Users\ramti\Desktop\ramtin legion pc\article_project\data\raw\pdraw_wave\test\healthy\V05HO01.png,0,0.519613,1
pdraw_wave,efficientnet_b0,perspective,5,C:\Users\ramti\Desktop\ramtin legion pc\article_project\data\raw\pdraw_wave\test\healthy\V06HO01.png,0,0.216497,0
pdraw_wave,efficientnet_b0,perspective,5,C:\Users\ramti\Desktop\ramtin legion pc\article_project\data\raw\pdraw_wave\test\healthy\V07HO01.png,0,0.316604,0
pdraw_wave,efficientnet_b0,perspective,5,C:\Users\ramti\Desktop\ramtin legion pc\article_project\data\raw\pdraw_wave\test\healthy\V08HO01.png,0,0.271982,0
pdraw_wave,efficientnet_b0,perspective,5,C:\Users\ramti\Desktop\ramtin legion pc\article_project\data\raw\pdraw_wave\test\healthy\V09HO01.png,0,0.264161,0
pdraw_wave,efficientnet_b0,perspective,5,C:\Users\ramti\Desktop\ramtin legion pc\article_project\data\raw\pdraw_wave\test\healthy\V10HO01.png,0,0.348776,0
pdraw_wave,efficientnet_b0,perspective,5,C:\Users\ramti\Desktop\ramtin legion pc\article_project\data\raw\pdraw_wave\test\healthy\V11HO01.png,0,0.234142,0
pdraw_wave,efficientnet_b0,perspective,5,C:\Users\ramti\Desktop\ramtin legion pc\article_project\data\raw\pdraw_wave\test\healthy\V55HO08.png,0,0.249321,0
pdraw_wave,efficientnet_b0,perspective,5,C:\Users\ramti\Desktop\ramtin legion pc\article_project\data\raw\pdraw_wave\test\healthy\V55HO09.png,0,0.390122,1
pdraw_wave,efficientnet_b0,perspective,5,C:\Users\ramti\Desktop\ramtin legion pc\article_project\data\raw\pdraw_wave\test\healthy\V55HO10.png,0,0.229787,0
pdraw_wave,efficientnet_b0,perspective,5,C:\Users\ramti\Desktop\ramtin legion pc\article_project\data\raw\pdraw_wave\test\healthy\V55HO11.png,0,0.418038,1
pdraw_wave,efficientnet_b0,perspective,5,C:\Users\ramti\Desktop\ramtin legion pc\article_project\data\raw\pdraw_wave\test\parkinson\V01PO01.png,1,0.456191,1
pdraw_wave,efficientnet_b0,perspective,5,C:\Users\ramti\Desktop\ramtin legion pc\article_project\data\raw\pdraw_wave\test\parkinson\V02PO01.png,1,0.773367,1
pdraw_wave,efficientnet_b0,perspective,5,C:\Users\ramti\Desktop\ramtin legion pc\article_project\data\raw\pdraw_wave\test\parkinson\V03PO01.png,1,0.683435,1
pdraw_wave,efficientnet_b0,perspective,5,C:\Users\ramti\Desktop\ramtin legion pc\article_project\data\raw\pdraw_wave\test\parkinson\V03PO04.png,1,0.852730,1
pdraw_wave,efficientnet_b0,perspective,5,C:\Users\ramti\Desktop\ramtin legion pc\article_project\data\raw\pdraw_wave\test\parkinson\V03PO07.png,1,0.839322,1
pdraw_wave,efficientnet_b0,perspective,5,C:\Users\ramti\Desktop\ramtin legion pc\article_project\data\raw\pdraw_wave\test\parkinson\V04PO01.png,1,0.740454,1
pdraw_wave,efficientnet_b0,perspective,5,C:\Users\ramti\Desktop\ramtin legion pc\article_project\data\raw\pdraw_wave\test\parkinson\V05PO01.png,1,0.819802,1
pdraw_wave,efficientnet_b0,perspective,5,C:\Users\ramti\Desktop\ramtin legion pc\article_project\data\raw\pdraw_wave\test\parkinson\V06PO01.png,1,0.700083,1
pdraw_wave,efficientnet_b0,perspective,5,C:\Users\ramti\Desktop\ramtin legion pc\article_project\data\raw\pdraw_wave\test\parkinson\V07PO01.png,1,0.788684,1
pdraw_wave,efficientnet_b0,perspective,5,C:\Users\ramti\Desktop\ramtin legion pc\article_project\data\raw\pdraw_wave\test\parkinson\V08PO01.png,1,0.281436,0
pdraw_wave,efficientnet_b0,perspective,5,C:\Users\ramti\Desktop\ramtin legion pc\article_project\data\raw\pdraw_wave\test\parkinson\V09PO01.png,1,0.830961,1
pdraw_wave,efficientnet_b0,perspective,5,C:\Users\ramti\Desktop\ramtin legion pc\article_project\data\raw\pdraw_wave\test\parkinson\V10PO01.png,1,0.531138,1
pdraw_wave,efficientnet_b0,perspective,5,C:\Users\ramti\Desktop\ramtin legion pc\article_project\data\raw\pdraw_wave\test\parkinson\V11PO01.png,1,0.351651,1
pdraw_wave,efficientnet_b0,perspective,5,C:\Users\ramti\Desktop\ramtin legion pc\article_project\data\raw\pdraw_wave\test\parkinson\V14PO01.png,1,0.833673,1
pdraw_wave,efficientnet_b0,perspective,5,C:\Users\ramti\Desktop\ramtin legion pc\article_project\data\raw\pdraw_wave\test\parkinson\V14PO03.png,1,0.874507,1
pdraw_wave,efficientnet_b0,rotation,1,C:\Users\ramti\Desktop\ramtin legion pc\article_project\data\raw\pdraw_wave\test\healthy\V01HO01.png,0,0.432956,1
pdraw_wave,efficientnet_b0,rotation,1,C:\Users\ramti\Desktop\ramtin legion pc\article_project\data\raw\pdraw_wave\test\healthy\V02HO01.png,0,0.307044,0
pdraw_wave,efficientnet_b0,rotation,1,C:\Users\ramti\Desktop\ramtin legion pc\article_project\data\raw\pdraw_wave\test\healthy\V03HO01.png,0,0.506017,1
pdraw_wave,efficientnet_b0,rotation,1,C:\Users\ramti\Desktop\ramtin legion pc\article_project\data\raw\pdraw_wave\test\healthy\V04HO01.png,0,0.425679,1
pdraw_wave,efficientnet_b0,rotation,1,C:\Users\ramti\Desktop\ramtin legion pc\article_project\data\raw\pdraw_wave\test\healthy\V05HO01.png,0,0.706394,1
pdraw_wave,efficientnet_b0,rotation,1,C:\Users\ramti\Desktop\ramtin legion pc\article_project\data\raw\pdraw_wave\test\healthy\V06HO01.png,0,0.378682,1
pdraw_wave,efficientnet_b0,rotation,1,C:\Users\ramti\Desktop\ramtin legion pc\article_project\data\raw\pdraw_wave\test\healthy\V07HO01.png,0,0.372355,1
pdraw_wave,efficientnet_b0,rotation,1,C:\Users\ramti\Desktop\ramtin legion pc\article_project\data\raw\pdraw_wave\test\healthy\V08HO01.png,0,0.384197,1
pdraw_wave,efficientnet_b0,rotation,1,C:\Users\ramti\Desktop\ramtin legion pc\article_project\data\raw\pdraw_wave\test\healthy\V09HO01.png,0,0.385548,1
pdraw_wave,efficientnet_b0,rotation,1,C:\Users\ramti\Desktop\ramtin legion pc\article_project\data\raw\pdraw_wave\test\healthy\V10HO01.png,0,0.462079,1
pdraw_wave,efficientnet_b0,rotation,1,C:\Users\ramti\Desktop\ramtin legion pc\article_project\data\raw\pdraw_wave\test\healthy\V11HO01.png,0,0.351237,1
pdraw_wave,efficientnet_b0,rotation,1,C:\Users\ramti\Desktop\ramtin legion pc\article_project\data\raw\pdraw_wave\test\healthy\V55HO08.png,0,0.418604,1
pdraw_wave,efficientnet_b0,rotation,1,C:\Users\ramti\Desktop\ramtin legion pc\article_project\data\raw\pdraw_wave\test\healthy\V55HO09.png,0,0.542975,1
pdraw_wave,efficientnet_b0,rotation,1,C:\Users\ramti\Desktop\ramtin legion pc\article_project\data\raw\pdraw_wave\test\healthy\V55HO10.png,0,0.441853,1
pdraw_wave,efficientnet_b0,rotation,1,C:\Users\ramti\Desktop\ramtin legion pc\article_project\data\raw\pdraw_wave\test\healthy\V55HO11.png,0,0.527922,1
pdraw_wave,efficientnet_b0,rotation,1,C:\Users\ramti\Desktop\ramtin legion pc\article_project\data\raw\pdraw_wave\test\parkinson\V01PO01.png,1,0.516014,1
pdraw_wave,efficientnet_b0,rotation,1,C:\Users\ramti\Desktop\ramtin legion pc\article_project\data\raw\pdraw_wave\test\parkinson\V02PO01.png,1,0.784364,1
pdraw_wave,efficientnet_b0,rotation,1,C:\Users\ramti\Desktop\ramtin legion pc\article_project\data\raw\pdraw_wave\test\parkinson\V03PO01.png,1,0.765091,1
pdraw_wave,efficientnet_b0,rotation,1,C:\Users\ramti\Desktop\ramtin legion pc\article_project\data\raw\pdraw_wave\test\parkinson\V03PO04.png,1,0.757353,1
pdraw_wave,efficientnet_b0,rotation,1,C:\Users\ramti\Desktop\ramtin legion pc\article_project\data\raw\pdraw_wave\test\parkinson\V03PO07.png,1,0.774324,1
pdraw_wave,efficientnet_b0,rotation,1,C:\Users\ramti\Desktop\ramtin legion pc\article_project\data\raw\pdraw_wave\test\parkinson\V04PO01.png,1,0.753941,1
pdraw_wave,efficientnet_b0,rotation,1,C:\Users\ramti\Desktop\ramtin legion pc\article_project\data\raw\pdraw_wave\test\parkinson\V05PO01.png,1,0.788903,1
pdraw_wave,efficientnet_b0,rotation,1,C:\Users\ramti\Desktop\ramtin legion pc\article_project\data\raw\pdraw_wave\test\parkinson\V06PO01.png,1,0.784960,1
pdraw_wave,efficientnet_b0,rotation,1,C:\Users\ramti\Desktop\ramtin legion pc\article_project\data\raw\pdraw_wave\test\parkinson\V07PO01.png,1,0.757760,1
pdraw_wave,efficientnet_b0,rotation,1,C:\Users\ramti\Desktop\ramtin legion pc\article_project\data\raw\pdraw_wave\test\parkinson\V08PO01.png,1,0.382252,1
pdraw_wave,efficientnet_b0,rotation,1,C:\Users\ramti\Desktop\ramtin legion pc\article_project\data\raw\pdraw_wave\test\parkinson\V09PO01.png,1,0.878061,1
pdraw_wave,efficientnet_b0,rotation,1,C:\Users\ramti\Desktop\ramtin legion pc\article_project\data\raw\pdraw_wave\test\parkinson\V10PO01.png,1,0.693979,1
pdraw_wave,efficientnet_b0,rotation,1,C:\Users\ramti\Desktop\ramtin legion pc\article_project\data\raw\pdraw_wave\test\parkinson\V11PO01.png,1,0.527534,1
pdraw_wave,efficientnet_b0,rotation,1,C:\Users\ramti\Desktop\ramtin legion pc\article_project\data\raw\pdraw_wave\test\parkinson\V14PO01.png,1,0.732504,1
pdraw_wave,efficientnet_b0,rotation,1,C:\Users\ramti\Desktop\ramtin legion pc\article_project\data\raw\pdraw_wave\test\parkinson\V14PO03.png,1,0.793978,1
pdraw_wave,efficientnet_b0,rotation,2,C:\Users\ramti\Desktop\ramtin legion pc\article_project\data\raw\pdraw_wave\test\healthy\V01HO01.png,0,0.609125,1
pdraw_wave,efficientnet_b0,rotation,2,C:\Users\ramti\Desktop\ramtin legion pc\article_project\data\raw\pdraw_wave\test\healthy\V02HO01.png,0,0.422765,1
pdraw_wave,efficientnet_b0,rotation,2,C:\Users\ramti\Desktop\ramtin legion pc\article_project\data\raw\pdraw_wave\test\healthy\V03HO01.png,0,0.551482,1
pdraw_wave,efficientnet_b0,rotation,2,C:\Users\ramti\Desktop\ramtin legion pc\article_project\data\raw\pdraw_wave\test\healthy\V04HO01.png,0,0.476624,1
pdraw_wave,efficientnet_b0,rotation,2,C:\Users\ramti\Desktop\ramtin legion pc\article_project\data\raw\pdraw_wave\test\healthy\V05HO01.png,0,0.624939,1
pdraw_wave,efficientnet_b0,rotation,2,C:\Users\ramti\Desktop\ramtin legion pc\article_project\data\raw\pdraw_wave\test\healthy\V06HO01.png,0,0.468260,1
pdraw_wave,efficientnet_b0,rotation,2,C:\Users\ramti\Desktop\ramtin legion pc\article_project\data\raw\pdraw_wave\test\healthy\V07HO01.png,0,0.459008,1
pdraw_wave,efficientnet_b0,rotation,2,C:\Users\ramti\Desktop\ramtin legion pc\article_project\data\raw\pdraw_wave\test\healthy\V08HO01.png,0,0.370783,1
pdraw_wave,efficientnet_b0,rotation,2,C:\Users\ramti\Desktop\ramtin legion pc\article_project\data\raw\pdraw_wave\test\healthy\V09HO01.png,0,0.457259,1
pdraw_wave,efficientnet_b0,rotation,2,C:\Users\ramti\Desktop\ramtin legion pc\article_project\data\raw\pdraw_wave\test\healthy\V10HO01.png,0,0.559362,1
pdraw_wave,efficientnet_b0,rotation,2,C:\Users\ramti\Desktop\ramtin legion pc\article_project\data\raw\pdraw_wave\test\healthy\V11HO01.png,0,0.414934,1
pdraw_wave,efficientnet_b0,rotation,2,C:\Users\ramti\Desktop\ramtin legion pc\article_project\data\raw\pdraw_wave\test\healthy\V55HO08.png,0,0.416009,1
pdraw_wave,efficientnet_b0,rotation,2,C:\Users\ramti\Desktop\ramtin legion pc\article_project\data\raw\pdraw_wave\test\healthy\V55HO09.png,0,0.547116,1
pdraw_wave,efficientnet_b0,rotation,2,C:\Users\ramti\Desktop\ramtin legion pc\article_project\data\raw\pdraw_wave\test\healthy\V55HO10.png,0,0.481543,1
pdraw_wave,efficientnet_b0,rotation,2,C:\Users\ramti\Desktop\ramtin legion pc\article_project\data\raw\pdraw_wave\test\healthy\V55HO11.png,0,0.604453,1
pdraw_wave,efficientnet_b0,rotation,2,C:\Users\ramti\Desktop\ramtin legion pc\article_project\data\raw\pdraw_wave\test\parkinson\V01PO01.png,1,0.555153,1
pdraw_wave,efficientnet_b0,rotation,2,C:\Users\ramti\Desktop\ramtin legion pc\article_project\data\raw\pdraw_wave\test\parkinson\V02PO01.png,1,0.789871,1
pdraw_wave,efficientnet_b0,rotation,2,C:\Users\ramti\Desktop\ramtin legion pc\article_project\data\raw\pdraw_wave\test\parkinson\V03PO01.png,1,0.637991,1
pdraw_wave,efficientnet_b0,rotation,2,C:\Users\ramti\Desktop\ramtin legion pc\article_project\data\raw\pdraw_wave\test\parkinson\V03PO04.png,1,0.725241,1
pdraw_wave,efficientnet_b0,rotation,2,C:\Users\ramti\Desktop\ramtin legion pc\article_project\data\raw\pdraw_wave\test\parkinson\V03PO07.png,1,0.729381,1
pdraw_wave,efficientnet_b0,rotation,2,C:\Users\ramti\Desktop\ramtin legion pc\article_project\data\raw\pdraw_wave\test\parkinson\V04PO01.png,1,0.806492,1
pdraw_wave,efficientnet_b0,rotation,2,C:\Users\ramti\Desktop\ramtin legion pc\article_project\data\raw\pdraw_wave\test\parkinson\V05PO01.png,1,0.746200,1
pdraw_wave,efficientnet_b0,rotation,2,C:\Users\ramti\Desktop\ramtin legion pc\article_project\data\raw\pdraw_wave\test\parkinson\V06PO01.png,1,0.709027,1
pdraw_wave,efficientnet_b0,rotation,2,C:\Users\ramti\Desktop\ramtin legion pc\article_project\data\raw\pdraw_wave\test\parkinson\V07PO01.png,1,0.728439,1
pdraw_wave,efficientnet_b0,rotation,2,C:\Users\ramti\Desktop\ramtin legion pc\article_project\data\raw\pdraw_wave\test\parkinson\V08PO01.png,1,0.478126,1
pdraw_wave,efficientnet_b0,rotation,2,C:\Users\ramti\Desktop\ramtin legion pc\article_project\data\raw\pdraw_wave\test\parkinson\V09PO01.png,1,0.789977,1
pdraw_wave,efficientnet_b0,rotation,2,C:\Users\ramti\Desktop\ramtin legion pc\article_project\data\raw\pdraw_wave\test\parkinson\V10PO01.png,1,0.749361,1
pdraw_wave,efficientnet_b0,rotation,2,C:\Users\ramti\Desktop\ramtin legion pc\article_project\data\raw\pdraw_wave\test\parkinson\V11PO01.png,1,0.536387,1
pdraw_wave,efficientnet_b0,rotation,2,C:\Users\ramti\Desktop\ramtin legion pc\article_project\data\raw\pdraw_wave\test\parkinson\V14PO01.png,1,0.702363,1
pdraw_wave,efficientnet_b0,rotation,2,C:\Users\ramti\Desktop\ramtin legion pc\article_project\data\raw\pdraw_wave\test\parkinson\V14PO03.png,1,0.722943,1
pdraw_wave,efficientnet_b0,rotation,3,C:\Users\ramti\Desktop\ramtin legion pc\article_project\data\raw\pdraw_wave\test\healthy\V01HO01.png,0,0.600125,1
pdraw_wave,efficientnet_b0,rotation,3,C:\Users\ramti\Desktop\ramtin legion pc\article_project\data\raw\pdraw_wave\test\healthy\V02HO01.png,0,0.444149,1
pdraw_wave,efficientnet_b0,rotation,3,C:\Users\ramti\Desktop\ramtin legion pc\article_project\data\raw\pdraw_wave\test\healthy\V03HO01.png,0,0.595496,1
pdraw_wave,efficientnet_b0,rotation,3,C:\Users\ramti\Desktop\ramtin legion pc\article_project\data\raw\pdraw_wave\test\healthy\V04HO01.png,0,0.498757,1
pdraw_wave,efficientnet_b0,rotation,3,C:\Users\ramti\Desktop\ramtin legion pc\article_project\data\raw\pdraw_wave\test\healthy\V05HO01.png,0,0.650881,1
pdraw_wave,efficientnet_b0,rotation,3,C:\Users\ramti\Desktop\ramtin legion pc\article_project\data\raw\pdraw_wave\test\healthy\V06HO01.png,0,0.530146,1
pdraw_wave,efficientnet_b0,rotation,3,C:\Users\ramti\Desktop\ramtin legion pc\article_project\data\raw\pdraw_wave\test\healthy\V07HO01.png,0,0.462576,1
pdraw_wave,efficientnet_b0,rotation,3,C:\Users\ramti\Desktop\ramtin legion pc\article_project\data\raw\pdraw_wave\test\healthy\V08HO01.png,0,0.538779,1
pdraw_wave,efficientnet_b0,rotation,3,C:\Users\ramti\Desktop\ramtin legion pc\article_project\data\raw\pdraw_wave\test\healthy\V09HO01.png,0,0.473938,1
pdraw_wave,efficientnet_b0,rotation,3,C:\Users\ramti\Desktop\ramtin legion pc\article_project\data\raw\pdraw_wave\test\healthy\V10HO01.png,0,0.552311,1
pdraw_wave,efficientnet_b0,rotation,3,C:\Users\ramti\Desktop\ramtin legion pc\article_project\data\raw\pdraw_wave\test\healthy\V11HO01.png,0,0.517922,1
pdraw_wave,efficientnet_b0,rotation,3,C:\Users\ramti\Desktop\ramtin legion pc\article_project\data\raw\pdraw_wave\test\healthy\V55HO08.png,0,0.514638,1
pdraw_wave,efficientnet_b0,rotation,3,C:\Users\ramti\Desktop\ramtin legion pc\article_project\data\raw\pdraw_wave\test\healthy\V55HO09.png,0,0.630575,1
pdraw_wave,efficientnet_b0,rotation,3,C:\Users\ramti\Desktop\ramtin legion pc\article_project\data\raw\pdraw_wave\test\healthy\V55HO10.png,0,0.564700,1
pdraw_wave,efficientnet_b0,rotation,3,C:\Users\ramti\Desktop\ramtin legion pc\article_project\data\raw\pdraw_wave\test\healthy\V55HO11.png,0,0.602899,1
pdraw_wave,efficientnet_b0,rotation,3,C:\Users\ramti\Desktop\ramtin legion pc\article_project\data\raw\pdraw_wave\test\parkinson\V01PO01.png,1,0.531930,1
pdraw_wave,efficientnet_b0,rotation,3,C:\Users\ramti\Desktop\ramtin legion pc\article_project\data\raw\pdraw_wave\test\parkinson\V02PO01.png,1,0.774047,1
pdraw_wave,efficientnet_b0,rotation,3,C:\Users\ramti\Desktop\ramtin legion pc\article_project\data\raw\pdraw_wave\test\parkinson\V03PO01.png,1,0.682622,1
pdraw_wave,efficientnet_b0,rotation,3,C:\Users\ramti\Desktop\ramtin legion pc\article_project\data\raw\pdraw_wave\test\parkinson\V03PO04.png,1,0.735307,1
pdraw_wave,efficientnet_b0,rotation,3,C:\Users\ramti\Desktop\ramtin legion pc\article_project\data\raw\pdraw_wave\test\parkinson\V03PO07.png,1,0.669740,1
pdraw_wave,efficientnet_b0,rotation,3,C:\Users\ramti\Desktop\ramtin legion pc\article_project\data\raw\pdraw_wave\test\parkinson\V04PO01.png,1,0.708983,1
pdraw_wave,efficientnet_b0,rotation,3,C:\Users\ramti\Desktop\ramtin legion pc\article_project\data\raw\pdraw_wave\test\parkinson\V05PO01.png,1,0.747537,1
pdraw_wave,efficientnet_b0,rotation,3,C:\Users\ramti\Desktop\ramtin legion pc\article_project\data\raw\pdraw_wave\test\parkinson\V06PO01.png,1,0.675159,1
pdraw_wave,efficientnet_b0,rotation,3,C:\Users\ramti\Desktop\ramtin legion pc\article_project\data\raw\pdraw_wave\test\parkinson\V07PO01.png,1,0.731937,1
pdraw_wave,efficientnet_b0,rotation,3,C:\Users\ramti\Desktop\ramtin legion pc\article_project\data\raw\pdraw_wave\test\parkinson\V08PO01.png,1,0.469281,1
pdraw_wave,efficientnet_b0,rotation,3,C:\Users\ramti\Desktop\ramtin legion pc\article_project\data\raw\pdraw_wave\test\parkinson\V09PO01.png,1,0.815882,1
pdraw_wave,efficientnet_b0,rotation,3,C:\Users\ramti\Desktop\ramtin legion pc\article_project\data\raw\pdraw_wave\test\parkinson\V10PO01.png,1,0.722350,1
pdraw_wave,efficientnet_b0,rotation,3,C:\Users\ramti\Desktop\ramtin legion pc\article_project\data\raw\pdraw_wave\test\parkinson\V11PO01.png,1,0.585088,1
pdraw_wave,efficientnet_b0,rotation,3,C:\Users\ramti\Desktop\ramtin legion pc\article_project\data\raw\pdraw_wave\test\parkinson\V14PO01.png,1,0.704409,1
pdraw_wave,efficientnet_b0,rotation,3,C:\Users\ramti\Desktop\ramtin legion pc\article_project\data\raw\pdraw_wave\test\parkinson\V14PO03.png,1,0.739968,1
pdraw_wave,efficientnet_b0,rotation,4,C:\Users\ramti\Desktop\ramtin legion pc\article_project\data\raw\pdraw_wave\test\healthy\V01HO01.png,0,0.592902,1
pdraw_wave,efficientnet_b0,rotation,4,C:\Users\ramti\Desktop\ramtin legion pc\article_project\data\raw\pdraw_wave\test\healthy\V02HO01.png,0,0.484155,1
pdraw_wave,efficientnet_b0,rotation,4,C:\Users\ramti\Desktop\ramtin legion pc\article_project\data\raw\pdraw_wave\test\healthy\V03HO01.png,0,0.573017,1
pdraw_wave,efficientnet_b0,rotation,4,C:\Users\ramti\Desktop\ramtin legion pc\article_project\data\raw\pdraw_wave\test\healthy\V04HO01.png,0,0.530941,1
pdraw_wave,efficientnet_b0,rotation,4,C:\Users\ramti\Desktop\ramtin legion pc\article_project\data\raw\pdraw_wave\test\healthy\V05HO01.png,0,0.615052,1
pdraw_wave,efficientnet_b0,rotation,4,C:\Users\ramti\Desktop\ramtin legion pc\article_project\data\raw\pdraw_wave\test\healthy\V06HO01.png,0,0.551385,1
pdraw_wave,efficientnet_b0,rotation,4,C:\Users\ramti\Desktop\ramtin legion pc\article_project\data\raw\pdraw_wave\test\healthy\V07HO01.png,0,0.478291,1
pdraw_wave,efficientnet_b0,rotation,4,C:\Users\ramti\Desktop\ramtin legion pc\article_project\data\raw\pdraw_wave\test\healthy\V08HO01.png,0,0.424852,1
pdraw_wave,efficientnet_b0,rotation,4,C:\Users\ramti\Desktop\ramtin legion pc\article_project\data\raw\pdraw_wave\test\healthy\V09HO01.png,0,0.498740,1
pdraw_wave,efficientnet_b0,rotation,4,C:\Users\ramti\Desktop\ramtin legion pc\article_project\data\raw\pdraw_wave\test\healthy\V10HO01.png,0,0.591933,1
pdraw_wave,efficientnet_b0,rotation,4,C:\Users\ramti\Desktop\ramtin legion pc\article_project\data\raw\pdraw_wave\test\healthy\V11HO01.png,0,0.505618,1
pdraw_wave,efficientnet_b0,rotation,4,C:\Users\ramti\Desktop\ramtin legion pc\article_project\data\raw\pdraw_wave\test\healthy\V55HO08.png,0,0.481161,1
pdraw_wave,efficientnet_b0,rotation,4,C:\Users\ramti\Desktop\ramtin legion pc\article_project\data\raw\pdraw_wave\test\healthy\V55HO09.png,0,0.564797,1
pdraw_wave,efficientnet_b0,rotation,4,C:\Users\ramti\Desktop\ramtin legion pc\article_project\data\raw\pdraw_wave\test\healthy\V55HO10.png,0,0.530704,1
pdraw_wave,efficientnet_b0,rotation,4,C:\Users\ramti\Desktop\ramtin legion pc\article_project\data\raw\pdraw_wave\test\healthy\V55HO11.png,0,0.592873,1
pdraw_wave,efficientnet_b0,rotation,4,C:\Users\ramti\Desktop\ramtin legion pc\article_project\data\raw\pdraw_wave\test\parkinson\V01PO01.png,1,0.567684,1
pdraw_wave,efficientnet_b0,rotation,4,C:\Users\ramti\Desktop\ramtin legion pc\article_project\data\raw\pdraw_wave\test\parkinson\V02PO01.png,1,0.759391,1
pdraw_wave,efficientnet_b0,rotation,4,C:\Users\ramti\Desktop\ramtin legion pc\article_project\data\raw\pdraw_wave\test\parkinson\V03PO01.png,1,0.582056,1
pdraw_wave,efficientnet_b0,rotation,4,C:\Users\ramti\Desktop\ramtin legion pc\article_project\data\raw\pdraw_wave\test\parkinson\V03PO04.png,1,0.690916,1
pdraw_wave,efficientnet_b0,rotation,4,C:\Users\ramti\Desktop\ramtin legion pc\article_project\data\raw\pdraw_wave\test\parkinson\V03PO07.png,1,0.553495,1
pdraw_wave,efficientnet_b0,rotation,4,C:\Users\ramti\Desktop\ramtin legion pc\article_project\data\raw\pdraw_wave\test\parkinson\V04PO01.png,1,0.760958,1
pdraw_wave,efficientnet_b0,rotation,4,C:\Users\ramti\Desktop\ramtin legion pc\article_project\data\raw\pdraw_wave\test\parkinson\V05PO01.png,1,0.716980,1
pdraw_wave,efficientnet_b0,rotation,4,C:\Users\ramti\Desktop\ramtin legion pc\article_project\data\raw\pdraw_wave\test\parkinson\V06PO01.png,1,0.674789,1
pdraw_wave,efficientnet_b0,rotation,4,C:\Users\ramti\Desktop\ramtin legion pc\article_project\data\raw\pdraw_wave\test\parkinson\V07PO01.png,1,0.743226,1
pdraw_wave,efficientnet_b0,rotation,4,C:\Users\ramti\Desktop\ramtin legion pc\article_project\data\raw\pdraw_wave\test\parkinson\V08PO01.png,1,0.505526,1
pdraw_wave,efficientnet_b0,rotation,4,C:\Users\ramti\Desktop\ramtin legion pc\article_project\data\raw\pdraw_wave\test\parkinson\V09PO01.png,1,0.772912,1
pdraw_wave,efficientnet_b0,rotation,4,C:\Users\ramti\Desktop\ramtin legion pc\article_project\data\raw\pdraw_wave\test\parkinson\V10PO01.png,1,0.681328,1
pdraw_wave,efficientnet_b0,rotation,4,C:\Users\ramti\Desktop\ramtin legion pc\article_project\data\raw\pdraw_wave\test\parkinson\V11PO01.png,1,0.582760,1
pdraw_wave,efficientnet_b0,rotation,4,C:\Users\ramti\Desktop\ramtin legion pc\article_project\data\raw\pdraw_wave\test\parkinson\V14PO01.png,1,0.688085,1
pdraw_wave,efficientnet_b0,rotation,4,C:\Users\ramti\Desktop\ramtin legion pc\article_project\data\raw\pdraw_wave\test\parkinson\V14PO03.png,1,0.689216,1
pdraw_wave,efficientnet_b0,rotation,5,C:\Users\ramti\Desktop\ramtin legion pc\article_project\data\raw\pdraw_wave\test\healthy\V01HO01.png,0,0.555141,1
pdraw_wave,efficientnet_b0,rotation,5,C:\Users\ramti\Desktop\ramtin legion pc\article_project\data\raw\pdraw_wave\test\healthy\V02HO01.png,0,0.475240,1
pdraw_wave,efficientnet_b0,rotation,5,C:\Users\ramti\Desktop\ramtin legion pc\article_project\data\raw\pdraw_wave\test\healthy\V03HO01.png,0,0.566989,1
pdraw_wave,efficientnet_b0,rotation,5,C:\Users\ramti\Desktop\ramtin legion pc\article_project\data\raw\pdraw_wave\test\healthy\V04HO01.png,0,0.504662,1
pdraw_wave,efficientnet_b0,rotation,5,C:\Users\ramti\Desktop\ramtin legion pc\article_project\data\raw\pdraw_wave\test\healthy\V05HO01.png,0,0.617588,1
pdraw_wave,efficientnet_b0,rotation,5,C:\Users\ramti\Desktop\ramtin legion pc\article_project\data\raw\pdraw_wave\test\healthy\V06HO01.png,0,0.505926,1
pdraw_wave,efficientnet_b0,rotation,5,C:\Users\ramti\Desktop\ramtin legion pc\article_project\data\raw\pdraw_wave\test\healthy\V07HO01.png,0,0.481397,1
pdraw_wave,efficientnet_b0,rotation,5,C:\Users\ramti\Desktop\ramtin legion pc\article_project\data\raw\pdraw_wave\test\healthy\V08HO01.png,0,0.510362,1
pdraw_wave,efficientnet_b0,rotation,5,C:\Users\ramti\Desktop\ramtin legion pc\article_project\data\raw\pdraw_wave\test\healthy\V09HO01.png,0,0.477794,1
pdraw_wave,efficientnet_b0,rotation,5,C:\Users\ramti\Desktop\ramtin legion pc\article_project\data\raw\pdraw_wave\test\healthy\V10HO01.png,0,0.557375,1
pdraw_wave,efficientnet_b0,rotation,5,C:\Users\ramti\Desktop\ramtin legion pc\article_project\data\raw\pdraw_wave\test\healthy\V11HO01.png,0,0.529710,1
pdraw_wave,efficientnet_b0,rotation,5,C:\Users\ramti\Desktop\ramtin legion pc\article_project\data\raw\pdraw_wave\test\healthy\V55HO08.png,0,0.522886,1
pdraw_wave,efficientnet_b0,rotation,5,C:\Users\ramti\Desktop\ramtin legion pc\article_project\data\raw\pdraw_wave\test\healthy\V55HO09.png,0,0.652853,1
pdraw_wave,efficientnet_b0,rotation,5,C:\Users\ramti\Desktop\ramtin legion pc\article_project\data\raw\pdraw_wave\test\healthy\V55HO10.png,0,0.518769,1
pdraw_wave,efficientnet_b0,rotation,5,C:\Users\ramti\Desktop\ramtin legion pc\article_project\data\raw\pdraw_wave\test\healthy\V55HO11.png,0,0.551683,1
pdraw_wave,efficientnet_b0,rotation,5,C:\Users\ramti\Desktop\ramtin legion pc\article_project\data\raw\pdraw_wave\test\parkinson\V01PO01.png,1,0.565050,1
pdraw_wave,efficientnet_b0,rotation,5,C:\Users\ramti\Desktop\ramtin legion pc\article_project\data\raw\pdraw_wave\test\parkinson\V02PO01.png,1,0.711848,1
pdraw_wave,efficientnet_b0,rotation,5,C:\Users\ramti\Desktop\ramtin legion pc\article_project\data\raw\pdraw_wave\test\parkinson\V03PO01.png,1,0.609379,1
pdraw_wave,efficientnet_b0,rotation,5,C:\Users\ramti\Desktop\ramtin legion pc\article_project\data\raw\pdraw_wave\test\parkinson\V03PO04.png,1,0.710263,1
pdraw_wave,efficientnet_b0,rotation,5,C:\Users\ramti\Desktop\ramtin legion pc\article_project\data\raw\pdraw_wave\test\parkinson\V03PO07.png,1,0.631140,1
pdraw_wave,efficientnet_b0,rotation,5,C:\Users\ramti\Desktop\ramtin legion pc\article_project\data\raw\pdraw_wave\test\parkinson\V04PO01.png,1,0.634103,1
pdraw_wave,efficientnet_b0,rotation,5,C:\Users\ramti\Desktop\ramtin legion pc\article_project\data\raw\pdraw_wave\test\parkinson\V05PO01.png,1,0.733429,1
pdraw_wave,efficientnet_b0,rotation,5,C:\Users\ramti\Desktop\ramtin legion pc\article_project\data\raw\pdraw_wave\test\parkinson\V06PO01.png,1,0.627937,1
pdraw_wave,efficientnet_b0,rotation,5,C:\Users\ramti\Desktop\ramtin legion pc\article_project\data\raw\pdraw_wave\test\parkinson\V07PO01.png,1,0.716790,1
pdraw_wave,efficientnet_b0,rotation,5,C:\Users\ramti\Desktop\ramtin legion pc\article_project\data\raw\pdraw_wave\test\parkinson\V08PO01.png,1,0.498997,1
pdraw_wave,efficientnet_b0,rotation,5,C:\Users\ramti\Desktop\ramtin legion pc\article_project\data\raw\pdraw_wave\test\parkinson\V09PO01.png,1,0.765155,1
pdraw_wave,efficientnet_b0,rotation,5,C:\Users\ramti\Desktop\ramtin legion pc\article_project\data\raw\pdraw_wave\test\parkinson\V10PO01.png,1,0.750361,1
pdraw_wave,efficientnet_b0,rotation,5,C:\Users\ramti\Desktop\ramtin legion pc\article_project\data\raw\pdraw_wave\test\parkinson\V11PO01.png,1,0.554605,1
pdraw_wave,efficientnet_b0,rotation,5,C:\Users\ramti\Desktop\ramtin legion pc\article_project\data\raw\pdraw_wave\test\parkinson\V14PO01.png,1,0.694583,1
pdraw_wave,efficientnet_b0,rotation,5,C:\Users\ramti\Desktop\ramtin legion pc\article_project\data\raw\pdraw_wave\test\parkinson\V14PO03.png,1,0.714214,1
pdraw_wave,mobilenet_v3_large,clean,0,C:\Users\ramti\Desktop\ramtin legion pc\article_project\data\raw\pdraw_wave\test\healthy\V01HO01.png,0,0.555933,0
pdraw_wave,mobilenet_v3_large,clean,0,C:\Users\ramti\Desktop\ramtin legion pc\article_project\data\raw\pdraw_wave\test\healthy\V02HO01.png,0,0.260927,0
pdraw_wave,mobilenet_v3_large,clean,0,C:\Users\ramti\Desktop\ramtin legion pc\article_project\data\raw\pdraw_wave\test\healthy\V03HO01.png,0,0.339771,0
pdraw_wave,mobilenet_v3_large,clean,0,C:\Users\ramti\Desktop\ramtin legion pc\article_project\data\raw\pdraw_wave\test\healthy\V04HO01.png,0,0.233042,0
pdraw_wave,mobilenet_v3_large,clean,0,C:\Users\ramti\Desktop\ramtin legion pc\article_project\data\raw\pdraw_wave\test\healthy\V05HO01.png,0,0.652961,1
pdraw_wave,mobilenet_v3_large,clean,0,C:\Users\ramti\Desktop\ramtin legion pc\article_project\data\raw\pdraw_wave\test\healthy\V06HO01.png,0,0.585133,0
pdraw_wave,mobilenet_v3_large,clean,0,C:\Users\ramti\Desktop\ramtin legion pc\article_project\data\raw\pdraw_wave\test\healthy\V07HO01.png,0,0.217004,0
pdraw_wave,mobilenet_v3_large,clean,0,C:\Users\ramti\Desktop\ramtin legion pc\article_project\data\raw\pdraw_wave\test\healthy\V08HO01.png,0,0.499570,0
pdraw_wave,mobilenet_v3_large,clean,0,C:\Users\ramti\Desktop\ramtin legion pc\article_project\data\raw\pdraw_wave\test\healthy\V09HO01.png,0,0.373334,0
pdraw_wave,mobilenet_v3_large,clean,0,C:\Users\ramti\Desktop\ramtin legion pc\article_project\data\raw\pdraw_wave\test\healthy\V10HO01.png,0,0.442239,0
pdraw_wave,mobilenet_v3_large,clean,0,C:\Users\ramti\Desktop\ramtin legion pc\article_project\data\raw\pdraw_wave\test\healthy\V11HO01.png,0,0.388774,0
pdraw_wave,mobilenet_v3_large,clean,0,C:\Users\ramti\Desktop\ramtin legion pc\article_project\data\raw\pdraw_wave\test\healthy\V55HO08.png,0,0.286224,0
pdraw_wave,mobilenet_v3_large,clean,0,C:\Users\ramti\Desktop\ramtin legion pc\article_project\data\raw\pdraw_wave\test\healthy\V55HO09.png,0,0.351550,0
pdraw_wave,mobilenet_v3_large,clean,0,C:\Users\ramti\Desktop\ramtin legion pc\article_project\data\raw\pdraw_wave\test\healthy\V55HO10.png,0,0.280087,0
pdraw_wave,mobilenet_v3_large,clean,0,C:\Users\ramti\Desktop\ramtin legion pc\article_project\data\raw\pdraw_wave\test\healthy\V55HO11.png,0,0.572810,0
pdraw_wave,mobilenet_v3_large,clean,0,C:\Users\ramti\Desktop\ramtin legion pc\article_project\data\raw\pdraw_wave\test\parkinson\V01PO01.png,1,0.377429,0
pdraw_wave,mobilenet_v3_large,clean,0,C:\Users\ramti\Desktop\ramtin legion pc\article_project\data\raw\pdraw_wave\test\parkinson\V02PO01.png,1,0.826750,1
pdraw_wave,mobilenet_v3_large,clean,0,C:\Users\ramti\Desktop\ramtin legion pc\article_project\data\raw\pdraw_wave\test\parkinson\V03PO01.png,1,0.868370,1
pdraw_wave,mobilenet_v3_large,clean,0,C:\Users\ramti\Desktop\ramtin legion pc\article_project\data\raw\pdraw_wave\test\parkinson\V03PO04.png,1,0.916880,1
pdraw_wave,mobilenet_v3_large,clean,0,C:\Users\ramti\Desktop\ramtin legion pc\article_project\data\raw\pdraw_wave\test\parkinson\V03PO07.png,1,0.849145,1
pdraw_wave,mobilenet_v3_large,clean,0,C:\Users\ramti\Desktop\ramtin legion pc\article_project\data\raw\pdraw_wave\test\parkinson\V04PO01.png,1,0.882907,1
pdraw_wave,mobilenet_v3_large,clean,0,C:\Users\ramti\Desktop\ramtin legion pc\article_project\data\raw\pdraw_wave\test\parkinson\V05PO01.png,1,0.892601,1
pdraw_wave,mobilenet_v3_large,clean,0,C:\Users\ramti\Desktop\ramtin legion pc\article_project\data\raw\pdraw_wave\test\parkinson\V06PO01.png,1,0.817268,1
pdraw_wave,mobilenet_v3_large,clean,0,C:\Users\ramti\Desktop\ramtin legion pc\article_project\data\raw\pdraw_wave\test\parkinson\V07PO01.png,1,0.885860,1
pdraw_wave,mobilenet_v3_large,clean,0,C:\Users\ramti\Desktop\ramtin legion pc\article_project\data\raw\pdraw_wave\test\parkinson\V08PO01.png,1,0.340636,0
pdraw_wave,mobilenet_v3_large,clean,0,C:\Users\ramti\Desktop\ramtin legion pc\article_project\data\raw\pdraw_wave\test\parkinson\V09PO01.png,1,0.875613,1
pdraw_wave,mobilenet_v3_large,clean,0,C:\Users\ramti\Desktop\ramtin legion pc\article_project\data\raw\pdraw_wave\test\parkinson\V10PO01.png,1,0.730794,1
pdraw_wave,mobilenet_v3_large,clean,0,C:\Users\ramti\Desktop\ramtin legion pc\article_project\data\raw\pdraw_wave\test\parkinson\V11PO01.png,1,0.657638,1
pdraw_wave,mobilenet_v3_large,clean,0,C:\Users\ramti\Desktop\ramtin legion pc\article_project\data\raw\pdraw_wave\test\parkinson\V14PO01.png,1,0.938974,1
pdraw_wave,mobilenet_v3_large,clean,0,C:\Users\ramti\Desktop\ramtin legion pc\article_project\data\raw\pdraw_wave\test\parkinson\V14PO03.png,1,0.916784,1
pdraw_wave,mobilenet_v3_large,jpeg_compression,1,C:\Users\ramti\Desktop\ramtin legion pc\article_project\data\raw\pdraw_wave\test\healthy\V01HO01.png,0,0.559647,0
pdraw_wave,mobilenet_v3_large,jpeg_compression,1,C:\Users\ramti\Desktop\ramtin legion pc\article_project\data\raw\pdraw_wave\test\healthy\V02HO01.png,0,0.251979,0
pdraw_wave,mobilenet_v3_large,jpeg_compression,1,C:\Users\ramti\Desktop\ramtin legion pc\article_project\data\raw\pdraw_wave\test\healthy\V03HO01.png,0,0.357397,0
pdraw_wave,mobilenet_v3_large,jpeg_compression,1,C:\Users\ramti\Desktop\ramtin legion pc\article_project\data\raw\pdraw_wave\test\healthy\V04HO01.png,0,0.261176,0
pdraw_wave,mobilenet_v3_large,jpeg_compression,1,C:\Users\ramti\Desktop\ramtin legion pc\article_project\data\raw\pdraw_wave\test\healthy\V05HO01.png,0,0.630413,0
pdraw_wave,mobilenet_v3_large,jpeg_compression,1,C:\Users\ramti\Desktop\ramtin legion pc\article_project\data\raw\pdraw_wave\test\healthy\V06HO01.png,0,0.577165,0
pdraw_wave,mobilenet_v3_large,jpeg_compression,1,C:\Users\ramti\Desktop\ramtin legion pc\article_project\data\raw\pdraw_wave\test\healthy\V07HO01.png,0,0.207901,0
pdraw_wave,mobilenet_v3_large,jpeg_compression,1,C:\Users\ramti\Desktop\ramtin legion pc\article_project\data\raw\pdraw_wave\test\healthy\V08HO01.png,0,0.498032,0
pdraw_wave,mobilenet_v3_large,jpeg_compression,1,C:\Users\ramti\Desktop\ramtin legion pc\article_project\data\raw\pdraw_wave\test\healthy\V09HO01.png,0,0.369087,0
pdraw_wave,mobilenet_v3_large,jpeg_compression,1,C:\Users\ramti\Desktop\ramtin legion pc\article_project\data\raw\pdraw_wave\test\healthy\V10HO01.png,0,0.460149,0
pdraw_wave,mobilenet_v3_large,jpeg_compression,1,C:\Users\ramti\Desktop\ramtin legion pc\article_project\data\raw\pdraw_wave\test\healthy\V11HO01.png,0,0.402134,0
pdraw_wave,mobilenet_v3_large,jpeg_compression,1,C:\Users\ramti\Desktop\ramtin legion pc\article_project\data\raw\pdraw_wave\test\healthy\V55HO08.png,0,0.296593,0
pdraw_wave,mobilenet_v3_large,jpeg_compression,1,C:\Users\ramti\Desktop\ramtin legion pc\article_project\data\raw\pdraw_wave\test\healthy\V55HO09.png,0,0.380247,0
pdraw_wave,mobilenet_v3_large,jpeg_compression,1,C:\Users\ramti\Desktop\ramtin legion pc\article_project\data\raw\pdraw_wave\test\healthy\V55HO10.png,0,0.259306,0
pdraw_wave,mobilenet_v3_large,jpeg_compression,1,C:\Users\ramti\Desktop\ramtin legion pc\article_project\data\raw\pdraw_wave\test\healthy\V55HO11.png,0,0.554654,0
pdraw_wave,mobilenet_v3_large,jpeg_compression,1,C:\Users\ramti\Desktop\ramtin legion pc\article_project\data\raw\pdraw_wave\test\parkinson\V01PO01.png,1,0.406623,0
pdraw_wave,mobilenet_v3_large,jpeg_compression,1,C:\Users\ramti\Desktop\ramtin legion pc\article_project\data\raw\pdraw_wave\test\parkinson\V02PO01.png,1,0.824632,1
pdraw_wave,mobilenet_v3_large,jpeg_compression,1,C:\Users\ramti\Desktop\ramtin legion pc\article_project\data\raw\pdraw_wave\test\parkinson\V03PO01.png,1,0.868223,1
pdraw_wave,mobilenet_v3_large,jpeg_compression,1,C:\Users\ramti\Desktop\ramtin legion pc\article_project\data\raw\pdraw_wave\test\parkinson\V03PO04.png,1,0.918150,1
pdraw_wave,mobilenet_v3_large,jpeg_compression,1,C:\Users\ramti\Desktop\ramtin legion pc\article_project\data\raw\pdraw_wave\test\parkinson\V03PO07.png,1,0.849523,1
pdraw_wave,mobilenet_v3_large,jpeg_compression,1,C:\Users\ramti\Desktop\ramtin legion pc\article_project\data\raw\pdraw_wave\test\parkinson\V04PO01.png,1,0.886414,1
pdraw_wave,mobilenet_v3_large,jpeg_compression,1,C:\Users\ramti\Desktop\ramtin legion pc\article_project\data\raw\pdraw_wave\test\parkinson\V05PO01.png,1,0.892802,1
pdraw_wave,mobilenet_v3_large,jpeg_compression,1,C:\Users\ramti\Desktop\ramtin legion pc\article_project\data\raw\pdraw_wave\test\parkinson\V06PO01.png,1,0.817998,1
pdraw_wave,mobilenet_v3_large,jpeg_compression,1,C:\Users\ramti\Desktop\ramtin legion pc\article_project\data\raw\pdraw_wave\test\parkinson\V07PO01.png,1,0.885064,1
pdraw_wave,mobilenet_v3_large,jpeg_compression,1,C:\Users\ramti\Desktop\ramtin legion pc\article_project\data\raw\pdraw_wave\test\parkinson\V08PO01.png,1,0.346162,0
pdraw_wave,mobilenet_v3_large,jpeg_compression,1,C:\Users\ramti\Desktop\ramtin legion pc\article_project\data\raw\pdraw_wave\test\parkinson\V09PO01.png,1,0.874026,1
pdraw_wave,mobilenet_v3_large,jpeg_compression,1,C:\Users\ramti\Desktop\ramtin legion pc\article_project\data\raw\pdraw_wave\test\parkinson\V10PO01.png,1,0.707860,1
pdraw_wave,mobilenet_v3_large,jpeg_compression,1,C:\Users\ramti\Desktop\ramtin legion pc\article_project\data\raw\pdraw_wave\test\parkinson\V11PO01.png,1,0.657665,1
pdraw_wave,mobilenet_v3_large,jpeg_compression,1,C:\Users\ramti\Desktop\ramtin legion pc\article_project\data\raw\pdraw_wave\test\parkinson\V14PO01.png,1,0.938338,1
pdraw_wave,mobilenet_v3_large,jpeg_compression,1,C:\Users\ramti\Desktop\ramtin legion pc\article_project\data\raw\pdraw_wave\test\parkinson\V14PO03.png,1,0.923629,1
pdraw_wave,mobilenet_v3_large,jpeg_compression,2,C:\Users\ramti\Desktop\ramtin legion pc\article_project\data\raw\pdraw_wave\test\healthy\V01HO01.png,0,0.559508,0
pdraw_wave,mobilenet_v3_large,jpeg_compression,2,C:\Users\ramti\Desktop\ramtin legion pc\article_project\data\raw\pdraw_wave\test\healthy\V02HO01.png,0,0.218235,0
pdraw_wave,mobilenet_v3_large,jpeg_compression,2,C:\Users\ramti\Desktop\ramtin legion pc\article_project\data\raw\pdraw_wave\test\healthy\V03HO01.png,0,0.381100,0
pdraw_wave,mobilenet_v3_large,jpeg_compression,2,C:\Users\ramti\Desktop\ramtin legion pc\article_project\data\raw\pdraw_wave\test\healthy\V04HO01.png,0,0.272469,0
pdraw_wave,mobilenet_v3_large,jpeg_compression,2,C:\Users\ramti\Desktop\ramtin legion pc\article_project\data\raw\pdraw_wave\test\healthy\V05HO01.png,0,0.673705,1
pdraw_wave,mobilenet_v3_large,jpeg_compression,2,C:\Users\ramti\Desktop\ramtin legion pc\article_project\data\raw\pdraw_wave\test\healthy\V06HO01.png,0,0.621849,0
pdraw_wave,mobilenet_v3_large,jpeg_compression,2,C:\Users\ramti\Desktop\ramtin legion pc\article_project\data\raw\pdraw_wave\test\healthy\V07HO01.png,0,0.215938,0
pdraw_wave,mobilenet_v3_large,jpeg_compression,2,C:\Users\ramti\Desktop\ramtin legion pc\article_project\data\raw\pdraw_wave\test\healthy\V08HO01.png,0,0.515046,0
pdraw_wave,mobilenet_v3_large,jpeg_compression,2,C:\Users\ramti\Desktop\ramtin legion pc\article_project\data\raw\pdraw_wave\test\healthy\V09HO01.png,0,0.355385,0
pdraw_wave,mobilenet_v3_large,jpeg_compression,2,C:\Users\ramti\Desktop\ramtin legion pc\article_project\data\raw\pdraw_wave\test\healthy\V10HO01.png,0,0.440316,0
pdraw_wave,mobilenet_v3_large,jpeg_compression,2,C:\Users\ramti\Desktop\ramtin legion pc\article_project\data\raw\pdraw_wave\test\healthy\V11HO01.png,0,0.430820,0
pdraw_wave,mobilenet_v3_large,jpeg_compression,2,C:\Users\ramti\Desktop\ramtin legion pc\article_project\data\raw\pdraw_wave\test\healthy\V55HO08.png,0,0.326355,0
pdraw_wave,mobilenet_v3_large,jpeg_compression,2,C:\Users\ramti\Desktop\ramtin legion pc\article_project\data\raw\pdraw_wave\test\healthy\V55HO09.png,0,0.446950,0
pdraw_wave,mobilenet_v3_large,jpeg_compression,2,C:\Users\ramti\Desktop\ramtin legion pc\article_project\data\raw\pdraw_wave\test\healthy\V55HO10.png,0,0.269143,0
pdraw_wave,mobilenet_v3_large,jpeg_compression,2,C:\Users\ramti\Desktop\ramtin legion pc\article_project\data\raw\pdraw_wave\test\healthy\V55HO11.png,0,0.583412,0
pdraw_wave,mobilenet_v3_large,jpeg_compression,2,C:\Users\ramti\Desktop\ramtin legion pc\article_project\data\raw\pdraw_wave\test\parkinson\V01PO01.png,1,0.446794,0
pdraw_wave,mobilenet_v3_large,jpeg_compression,2,C:\Users\ramti\Desktop\ramtin legion pc\article_project\data\raw\pdraw_wave\test\parkinson\V02PO01.png,1,0.814699,1
pdraw_wave,mobilenet_v3_large,jpeg_compression,2,C:\Users\ramti\Desktop\ramtin legion pc\article_project\data\raw\pdraw_wave\test\parkinson\V03PO01.png,1,0.870964,1
pdraw_wave,mobilenet_v3_large,jpeg_compression,2,C:\Users\ramti\Desktop\ramtin legion pc\article_project\data\raw\pdraw_wave\test\parkinson\V03PO04.png,1,0.909457,1
pdraw_wave,mobilenet_v3_large,jpeg_compression,2,C:\Users\ramti\Desktop\ramtin legion pc\article_project\data\raw\pdraw_wave\test\parkinson\V03PO07.png,1,0.849098,1
pdraw_wave,mobilenet_v3_large,jpeg_compression,2,C:\Users\ramti\Desktop\ramtin legion pc\article_project\data\raw\pdraw_wave\test\parkinson\V04PO01.png,1,0.899740,1
pdraw_wave,mobilenet_v3_large,jpeg_compression,2,C:\Users\ramti\Desktop\ramtin legion pc\article_project\data\raw\pdraw_wave\test\parkinson\V05PO01.png,1,0.893915,1
pdraw_wave,mobilenet_v3_large,jpeg_compression,2,C:\Users\ramti\Desktop\ramtin legion pc\article_project\data\raw\pdraw_wave\test\parkinson\V06PO01.png,1,0.813500,1
pdraw_wave,mobilenet_v3_large,jpeg_compression,2,C:\Users\ramti\Desktop\ramtin legion pc\article_project\data\raw\pdraw_wave\test\parkinson\V07PO01.png,1,0.895036,1
pdraw_wave,mobilenet_v3_large,jpeg_compression,2,C:\Users\ramti\Desktop\ramtin legion pc\article_project\data\raw\pdraw_wave\test\parkinson\V08PO01.png,1,0.362819,0
pdraw_wave,mobilenet_v3_large,jpeg_compression,2,C:\Users\ramti\Desktop\ramtin legion pc\article_project\data\raw\pdraw_wave\test\parkinson\V09PO01.png,1,0.860261,1
pdraw_wave,mobilenet_v3_large,jpeg_compression,2,C:\Users\ramti\Desktop\ramtin legion pc\article_project\data\raw\pdraw_wave\test\parkinson\V10PO01.png,1,0.749003,1
pdraw_wave,mobilenet_v3_large,jpeg_compression,2,C:\Users\ramti\Desktop\ramtin legion pc\article_project\data\raw\pdraw_wave\test\parkinson\V11PO01.png,1,0.655356,1
pdraw_wave,mobilenet_v3_large,jpeg_compression,2,C:\Users\ramti\Desktop\ramtin legion pc\article_project\data\raw\pdraw_wave\test\parkinson\V14PO01.png,1,0.937511,1
pdraw_wave,mobilenet_v3_large,jpeg_compression,2,C:\Users\ramti\Desktop\ramtin legion pc\article_project\data\raw\pdraw_wave\test\parkinson\V14PO03.png,1,0.918011,1
pdraw_wave,mobilenet_v3_large,jpeg_compression,3,C:\Users\ramti\Desktop\ramtin legion pc\article_project\data\raw\pdraw_wave\test\healthy\V01HO01.png,0,0.542302,0
pdraw_wave,mobilenet_v3_large,jpeg_compression,3,C:\Users\ramti\Desktop\ramtin legion pc\article_project\data\raw\pdraw_wave\test\healthy\V02HO01.png,0,0.234881,0
pdraw_wave,mobilenet_v3_large,jpeg_compression,3,C:\Users\ramti\Desktop\ramtin legion pc\article_project\data\raw\pdraw_wave\test\healthy\V03HO01.png,0,0.398571,0
pdraw_wave,mobilenet_v3_large,jpeg_compression,3,C:\Users\ramti\Desktop\ramtin legion pc\article_project\data\raw\pdraw_wave\test\healthy\V04HO01.png,0,0.298634,0
pdraw_wave,mobilenet_v3_large,jpeg_compression,3,C:\Users\ramti\Desktop\ramtin legion pc\article_project\data\raw\pdraw_wave\test\healthy\V05HO01.png,0,0.598910,0
pdraw_wave,mobilenet_v3_large,jpeg_compression,3,C:\Users\ramti\Desktop\ramtin legion pc\article_project\data\raw\pdraw_wave\test\healthy\V06HO01.png,0,0.579645,0
pdraw_wave,mobilenet_v3_large,jpeg_compression,3,C:\Users\ramti\Desktop\ramtin legion pc\article_project\data\raw\pdraw_wave\test\healthy\V07HO01.png,0,0.226384,0
pdraw_wave,mobilenet_v3_large,jpeg_compression,3,C:\Users\ramti\Desktop\ramtin legion pc\article_project\data\raw\pdraw_wave\test\healthy\V08HO01.png,0,0.549784,0
pdraw_wave,mobilenet_v3_large,jpeg_compression,3,C:\Users\ramti\Desktop\ramtin legion pc\article_project\data\raw\pdraw_wave\test\healthy\V09HO01.png,0,0.361963,0
pdraw_wave,mobilenet_v3_large,jpeg_compression,3,C:\Users\ramti\Desktop\ramtin legion pc\article_project\data\raw\pdraw_wave\test\healthy\V10HO01.png,0,0.465656,0
pdraw_wave,mobilenet_v3_large,jpeg_compression,3,C:\Users\ramti\Desktop\ramtin legion pc\article_project\data\raw\pdraw_wave\test\healthy\V11HO01.png,0,0.424231,0
pdraw_wave,mobilenet_v3_large,jpeg_compression,3,C:\Users\ramti\Desktop\ramtin legion pc\article_project\data\raw\pdraw_wave\test\healthy\V55HO08.png,0,0.339855,0
pdraw_wave,mobilenet_v3_large,jpeg_compression,3,C:\Users\ramti\Desktop\ramtin legion pc\article_project\data\raw\pdraw_wave\test\healthy\V55HO09.png,0,0.483097,0
pdraw_wave,mobilenet_v3_large,jpeg_compression,3,C:\Users\ramti\Desktop\ramtin legion pc\article_project\data\raw\pdraw_wave\test\healthy\V55HO10.png,0,0.279825,0
pdraw_wave,mobilenet_v3_large,jpeg_compression,3,C:\Users\ramti\Desktop\ramtin legion pc\article_project\data\raw\pdraw_wave\test\healthy\V55HO11.png,0,0.569871,0
pdraw_wave,mobilenet_v3_large,jpeg_compression,3,C:\Users\ramti\Desktop\ramtin legion pc\article_project\data\raw\pdraw_wave\test\parkinson\V01PO01.png,1,0.426659,0
pdraw_wave,mobilenet_v3_large,jpeg_compression,3,C:\Users\ramti\Desktop\ramtin legion pc\article_project\data\raw\pdraw_wave\test\parkinson\V02PO01.png,1,0.838983,1
pdraw_wave,mobilenet_v3_large,jpeg_compression,3,C:\Users\ramti\Desktop\ramtin legion pc\article_project\data\raw\pdraw_wave\test\parkinson\V03PO01.png,1,0.857216,1
pdraw_wave,mobilenet_v3_large,jpeg_compression,3,C:\Users\ramti\Desktop\ramtin legion pc\article_project\data\raw\pdraw_wave\test\parkinson\V03PO04.png,1,0.902889,1
pdraw_wave,mobilenet_v3_large,jpeg_compression,3,C:\Users\ramti\Desktop\ramtin legion pc\article_project\data\raw\pdraw_wave\test\parkinson\V03PO07.png,1,0.853298,1
pdraw_wave,mobilenet_v3_large,jpeg_compression,3,C:\Users\ramti\Desktop\ramtin legion pc\article_project\data\raw\pdraw_wave\test\parkinson\V04PO01.png,1,0.892798,1
pdraw_wave,mobilenet_v3_large,jpeg_compression,3,C:\Users\ramti\Desktop\ramtin legion pc\article_project\data\raw\pdraw_wave\test\parkinson\V05PO01.png,1,0.873414,1
pdraw_wave,mobilenet_v3_large,jpeg_compression,3,C:\Users\ramti\Desktop\ramtin legion pc\article_project\data\raw\pdraw_wave\test\parkinson\V06PO01.png,1,0.795372,1
pdraw_wave,mobilenet_v3_large,jpeg_compression,3,C:\Users\ramti\Desktop\ramtin legion pc\article_project\data\raw\pdraw_wave\test\parkinson\V07PO01.png,1,0.907363,1
pdraw_wave,mobilenet_v3_large,jpeg_compression,3,C:\Users\ramti\Desktop\ramtin legion pc\article_project\data\raw\pdraw_wave\test\parkinson\V08PO01.png,1,0.305148,0
pdraw_wave,mobilenet_v3_large,jpeg_compression,3,C:\Users\ramti\Desktop\ramtin legion pc\article_project\data\raw\pdraw_wave\test\parkinson\V09PO01.png,1,0.867989,1
pdraw_wave,mobilenet_v3_large,jpeg_compression,3,C:\Users\ramti\Desktop\ramtin legion pc\article_project\data\raw\pdraw_wave\test\parkinson\V10PO01.png,1,0.776846,1
pdraw_wave,mobilenet_v3_large,jpeg_compression,3,C:\Users\ramti\Desktop\ramtin legion pc\article_project\data\raw\pdraw_wave\test\parkinson\V11PO01.png,1,0.629765,0
pdraw_wave,mobilenet_v3_large,jpeg_compression,3,C:\Users\ramti\Desktop\ramtin legion pc\article_project\data\raw\pdraw_wave\test\parkinson\V14PO01.png,1,0.934147,1
pdraw_wave,mobilenet_v3_large,jpeg_compression,3,C:\Users\ramti\Desktop\ramtin legion pc\article_project\data\raw\pdraw_wave\test\parkinson\V14PO03.png,1,0.916660,1
pdraw_wave,mobilenet_v3_large,jpeg_compression,4,C:\Users\ramti\Desktop\ramtin legion pc\article_project\data\raw\pdraw_wave\test\healthy\V01HO01.png,0,0.644431,0
pdraw_wave,mobilenet_v3_large,jpeg_compression,4,C:\Users\ramti\Desktop\ramtin legion pc\article_project\data\raw\pdraw_wave\test\healthy\V02HO01.png,0,0.257595,0
pdraw_wave,mobilenet_v3_large,jpeg_compression,4,C:\Users\ramti\Desktop\ramtin legion pc\article_project\data\raw\pdraw_wave\test\healthy\V03HO01.png,0,0.511201,0
pdraw_wave,mobilenet_v3_large,jpeg_compression,4,C:\Users\ramti\Desktop\ramtin legion pc\article_project\data\raw\pdraw_wave\test\healthy\V04HO01.png,0,0.356722,0
pdraw_wave,mobilenet_v3_large,jpeg_compression,4,C:\Users\ramti\Desktop\ramtin legion pc\article_project\data\raw\pdraw_wave\test\healthy\V05HO01.png,0,0.658842,1
pdraw_wave,mobilenet_v3_large,jpeg_compression,4,C:\Users\ramti\Desktop\ramtin legion pc\article_project\data\raw\pdraw_wave\test\healthy\V06HO01.png,0,0.539340,0
pdraw_wave,mobilenet_v3_large,jpeg_compression,4,C:\Users\ramti\Desktop\ramtin legion pc\article_project\data\raw\pdraw_wave\test\healthy\V07HO01.png,0,0.251561,0
pdraw_wave,mobilenet_v3_large,jpeg_compression,4,C:\Users\ramti\Desktop\ramtin legion pc\article_project\data\raw\pdraw_wave\test\healthy\V08HO01.png,0,0.533558,0
pdraw_wave,mobilenet_v3_large,jpeg_compression,4,C:\Users\ramti\Desktop\ramtin legion pc\article_project\data\raw\pdraw_wave\test\healthy\V09HO01.png,0,0.315230,0
pdraw_wave,mobilenet_v3_large,jpeg_compression,4,C:\Users\ramti\Desktop\ramtin legion pc\article_project\data\raw\pdraw_wave\test\healthy\V10HO01.png,0,0.497785,0
pdraw_wave,mobilenet_v3_large,jpeg_compression,4,C:\Users\ramti\Desktop\ramtin legion pc\article_project\data\raw\pdraw_wave\test\healthy\V11HO01.png,0,0.460463,0
pdraw_wave,mobilenet_v3_large,jpeg_compression,4,C:\Users\ramti\Desktop\ramtin legion pc\article_project\data\raw\pdraw_wave\test\healthy\V55HO08.png,0,0.292003,0
pdraw_wave,mobilenet_v3_large,jpeg_compression,4,C:\Users\ramti\Desktop\ramtin legion pc\article_project\data\raw\pdraw_wave\test\healthy\V55HO09.png,0,0.504648,0
pdraw_wave,mobilenet_v3_large,jpeg_compression,4,C:\Users\ramti\Desktop\ramtin legion pc\article_project\data\raw\pdraw_wave\test\healthy\V55HO10.png,0,0.388354,0
pdraw_wave,mobilenet_v3_large,jpeg_compression,4,C:\Users\ramti\Desktop\ramtin legion pc\article_project\data\raw\pdraw_wave\test\healthy\V55HO11.png,0,0.651848,1
pdraw_wave,mobilenet_v3_large,jpeg_compression,4,C:\Users\ramti\Desktop\ramtin legion pc\article_project\data\raw\pdraw_wave\test\parkinson\V01PO01.png,1,0.369559,0
pdraw_wave,mobilenet_v3_large,jpeg_compression,4,C:\Users\ramti\Desktop\ramtin legion pc\article_project\data\raw\pdraw_wave\test\parkinson\V02PO01.png,1,0.848047,1
pdraw_wave,mobilenet_v3_large,jpeg_compression,4,C:\Users\ramti\Desktop\ramtin legion pc\article_project\data\raw\pdraw_wave\test\parkinson\V03PO01.png,1,0.836903,1
pdraw_wave,mobilenet_v3_large,jpeg_compression,4,C:\Users\ramti\Desktop\ramtin legion pc\article_project\data\raw\pdraw_wave\test\parkinson\V03PO04.png,1,0.879160,1
pdraw_wave,mobilenet_v3_large,jpeg_compression,4,C:\Users\ramti\Desktop\ramtin legion pc\article_project\data\raw\pdraw_wave\test\parkinson\V03PO07.png,1,0.800533,1
pdraw_wave,mobilenet_v3_large,jpeg_compression,4,C:\Users\ramti\Desktop\ramtin legion pc\article_project\data\raw\pdraw_wave\test\parkinson\V04PO01.png,1,0.883250,1
pdraw_wave,mobilenet_v3_large,jpeg_compression,4,C:\Users\ramti\Desktop\ramtin legion pc\article_project\data\raw\pdraw_wave\test\parkinson\V05PO01.png,1,0.862406,1
pdraw_wave,mobilenet_v3_large,jpeg_compression,4,C:\Users\ramti\Desktop\ramtin legion pc\article_project\data\raw\pdraw_wave\test\parkinson\V06PO01.png,1,0.772988,1
pdraw_wave,mobilenet_v3_large,jpeg_compression,4,C:\Users\ramti\Desktop\ramtin legion pc\article_project\data\raw\pdraw_wave\test\parkinson\V07PO01.png,1,0.902062,1
pdraw_wave,mobilenet_v3_large,jpeg_compression,4,C:\Users\ramti\Desktop\ramtin legion pc\article_project\data\raw\pdraw_wave\test\parkinson\V08PO01.png,1,0.279713,0
pdraw_wave,mobilenet_v3_large,jpeg_compression,4,C:\Users\ramti\Desktop\ramtin legion pc\article_project\data\raw\pdraw_wave\test\parkinson\V09PO01.png,1,0.844334,1
pdraw_wave,mobilenet_v3_large,jpeg_compression,4,C:\Users\ramti\Desktop\ramtin legion pc\article_project\data\raw\pdraw_wave\test\parkinson\V10PO01.png,1,0.746953,1
pdraw_wave,mobilenet_v3_large,jpeg_compression,4,C:\Users\ramti\Desktop\ramtin legion pc\article_project\data\raw\pdraw_wave\test\parkinson\V11PO01.png,1,0.649551,0
pdraw_wave,mobilenet_v3_large,jpeg_compression,4,C:\Users\ramti\Desktop\ramtin legion pc\article_project\data\raw\pdraw_wave\test\parkinson\V14PO01.png,1,0.913535,1
pdraw_wave,mobilenet_v3_large,jpeg_compression,4,C:\Users\ramti\Desktop\ramtin legion pc\article_project\data\raw\pdraw_wave\test\parkinson\V14PO03.png,1,0.905152,1
pdraw_wave,mobilenet_v3_large,jpeg_compression,5,C:\Users\ramti\Desktop\ramtin legion pc\article_project\data\raw\pdraw_wave\test\healthy\V01HO01.png,0,0.746871,1
pdraw_wave,mobilenet_v3_large,jpeg_compression,5,C:\Users\ramti\Desktop\ramtin legion pc\article_project\data\raw\pdraw_wave\test\healthy\V02HO01.png,0,0.425518,0
pdraw_wave,mobilenet_v3_large,jpeg_compression,5,C:\Users\ramti\Desktop\ramtin legion pc\article_project\data\raw\pdraw_wave\test\healthy\V03HO01.png,0,0.650264,1
pdraw_wave,mobilenet_v3_large,jpeg_compression,5,C:\Users\ramti\Desktop\ramtin legion pc\article_project\data\raw\pdraw_wave\test\healthy\V04HO01.png,0,0.553124,0
pdraw_wave,mobilenet_v3_large,jpeg_compression,5,C:\Users\ramti\Desktop\ramtin legion pc\article_project\data\raw\pdraw_wave\test\healthy\V05HO01.png,0,0.847214,1
pdraw_wave,mobilenet_v3_large,jpeg_compression,5,C:\Users\ramti\Desktop\ramtin legion pc\article_project\data\raw\pdraw_wave\test\healthy\V06HO01.png,0,0.610951,0
pdraw_wave,mobilenet_v3_large,jpeg_compression,5,C:\Users\ramti\Desktop\ramtin legion pc\article_project\data\raw\pdraw_wave\test\healthy\V07HO01.png,0,0.470440,0
pdraw_wave,mobilenet_v3_large,jpeg_compression,5,C:\Users\ramti\Desktop\ramtin legion pc\article_project\data\raw\pdraw_wave\test\healthy\V08HO01.png,0,0.567730,0
pdraw_wave,mobilenet_v3_large,jpeg_compression,5,C:\Users\ramti\Desktop\ramtin legion pc\article_project\data\raw\pdraw_wave\test\healthy\V09HO01.png,0,0.485916,0
pdraw_wave,mobilenet_v3_large,jpeg_compression,5,C:\Users\ramti\Desktop\ramtin legion pc\article_project\data\raw\pdraw_wave\test\healthy\V10HO01.png,0,0.680031,1
pdraw_wave,mobilenet_v3_large,jpeg_compression,5,C:\Users\ramti\Desktop\ramtin legion pc\article_project\data\raw\pdraw_wave\test\healthy\V11HO01.png,0,0.622332,0
pdraw_wave,mobilenet_v3_large,jpeg_compression,5,C:\Users\ramti\Desktop\ramtin legion pc\article_project\data\raw\pdraw_wave\test\healthy\V55HO08.png,0,0.510646,0
pdraw_wave,mobilenet_v3_large,jpeg_compression,5,C:\Users\ramti\Desktop\ramtin legion pc\article_project\data\raw\pdraw_wave\test\healthy\V55HO09.png,0,0.694520,1
pdraw_wave,mobilenet_v3_large,jpeg_compression,5,C:\Users\ramti\Desktop\ramtin legion pc\article_project\data\raw\pdraw_wave\test\healthy\V55HO10.png,0,0.639335,0
pdraw_wave,mobilenet_v3_large,jpeg_compression,5,C:\Users\ramti\Desktop\ramtin legion pc\article_project\data\raw\pdraw_wave\test\healthy\V55HO11.png,0,0.736787,1
pdraw_wave,mobilenet_v3_large,jpeg_compression,5,C:\Users\ramti\Desktop\ramtin legion pc\article_project\data\raw\pdraw_wave\test\parkinson\V01PO01.png,1,0.672797,1
pdraw_wave,mobilenet_v3_large,jpeg_compression,5,C:\Users\ramti\Desktop\ramtin legion pc\article_project\data\raw\pdraw_wave\test\parkinson\V02PO01.png,1,0.852630,1
pdraw_wave,mobilenet_v3_large,jpeg_compression,5,C:\Users\ramti\Desktop\ramtin legion pc\article_project\data\raw\pdraw_wave\test\parkinson\V03PO01.png,1,0.801750,1
pdraw_wave,mobilenet_v3_large,jpeg_compression,5,C:\Users\ramti\Desktop\ramtin legion pc\article_project\data\raw\pdraw_wave\test\parkinson\V03PO04.png,1,0.875950,1
pdraw_wave,mobilenet_v3_large,jpeg_compression,5,C:\Users\ramti\Desktop\ramtin legion pc\article_project\data\raw\pdraw_wave\test\parkinson\V03PO07.png,1,0.852440,1
pdraw_wave,mobilenet_v3_large,jpeg_compression,5,C:\Users\ramti\Desktop\ramtin legion pc\article_project\data\raw\pdraw_wave\test\parkinson\V04PO01.png,1,0.874124,1
pdraw_wave,mobilenet_v3_large,jpeg_compression,5,C:\Users\ramti\Desktop\ramtin legion pc\article_project\data\raw\pdraw_wave\test\parkinson\V05PO01.png,1,0.861018,1
pdraw_wave,mobilenet_v3_large,jpeg_compression,5,C:\Users\ramti\Desktop\ramtin legion pc\article_project\data\raw\pdraw_wave\test\parkinson\V06PO01.png,1,0.793775,1
pdraw_wave,mobilenet_v3_large,jpeg_compression,5,C:\Users\ramti\Desktop\ramtin legion pc\article_project\data\raw\pdraw_wave\test\parkinson\V07PO01.png,1,0.788937,1
pdraw_wave,mobilenet_v3_large,jpeg_compression,5,C:\Users\ramti\Desktop\ramtin legion pc\article_project\data\raw\pdraw_wave\test\parkinson\V08PO01.png,1,0.478601,0
pdraw_wave,mobilenet_v3_large,jpeg_compression,5,C:\Users\ramti\Desktop\ramtin legion pc\article_project\data\raw\pdraw_wave\test\parkinson\V09PO01.png,1,0.809916,1
pdraw_wave,mobilenet_v3_large,jpeg_compression,5,C:\Users\ramti\Desktop\ramtin legion pc\article_project\data\raw\pdraw_wave\test\parkinson\V10PO01.png,1,0.680872,1
pdraw_wave,mobilenet_v3_large,jpeg_compression,5,C:\Users\ramti\Desktop\ramtin legion pc\article_project\data\raw\pdraw_wave\test\parkinson\V11PO01.png,1,0.746042,1
pdraw_wave,mobilenet_v3_large,jpeg_compression,5,C:\Users\ramti\Desktop\ramtin legion pc\article_project\data\raw\pdraw_wave\test\parkinson\V14PO01.png,1,0.875454,1
pdraw_wave,mobilenet_v3_large,jpeg_compression,5,C:\Users\ramti\Desktop\ramtin legion pc\article_project\data\raw\pdraw_wave\test\parkinson\V14PO03.png,1,0.902471,1
pdraw_wave,mobilenet_v3_large,gaussian_blur,1,C:\Users\ramti\Desktop\ramtin legion pc\article_project\data\raw\pdraw_wave\test\healthy\V01HO01.png,0,0.478305,0
pdraw_wave,mobilenet_v3_large,gaussian_blur,1,C:\Users\ramti\Desktop\ramtin legion pc\article_project\data\raw\pdraw_wave\test\healthy\V02HO01.png,0,0.208339,0
pdraw_wave,mobilenet_v3_large,gaussian_blur,1,C:\Users\ramti\Desktop\ramtin legion pc\article_project\data\raw\pdraw_wave\test\healthy\V03HO01.png,0,0.342523,0
pdraw_wave,mobilenet_v3_large,gaussian_blur,1,C:\Users\ramti\Desktop\ramtin legion pc\article_project\data\raw\pdraw_wave\test\healthy\V04HO01.png,0,0.197025,0
pdraw_wave,mobilenet_v3_large,gaussian_blur,1,C:\Users\ramti\Desktop\ramtin legion pc\article_project\data\raw\pdraw_wave\test\healthy\V05HO01.png,0,0.683733,1
pdraw_wave,mobilenet_v3_large,gaussian_blur,1,C:\Users\ramti\Desktop\ramtin legion pc\article_project\data\raw\pdraw_wave\test\healthy\V06HO01.png,0,0.606173,0
pdraw_wave,mobilenet_v3_large,gaussian_blur,1,C:\Users\ramti\Desktop\ramtin legion pc\article_project\data\raw\pdraw_wave\test\healthy\V07HO01.png,0,0.222885,0
pdraw_wave,mobilenet_v3_large,gaussian_blur,1,C:\Users\ramti\Desktop\ramtin legion pc\article_project\data\raw\pdraw_wave\test\healthy\V08HO01.png,0,0.523560,0
pdraw_wave,mobilenet_v3_large,gaussian_blur,1,C:\Users\ramti\Desktop\ramtin legion pc\article_project\data\raw\pdraw_wave\test\healthy\V09HO01.png,0,0.326026,0
pdraw_wave,mobilenet_v3_large,gaussian_blur,1,C:\Users\ramti\Desktop\ramtin legion pc\article_project\data\raw\pdraw_wave\test\healthy\V10HO01.png,0,0.380158,0
pdraw_wave,mobilenet_v3_large,gaussian_blur,1,C:\Users\ramti\Desktop\ramtin legion pc\article_project\data\raw\pdraw_wave\test\healthy\V11HO01.png,0,0.508461,0
pdraw_wave,mobilenet_v3_large,gaussian_blur,1,C:\Users\ramti\Desktop\ramtin legion pc\article_project\data\raw\pdraw_wave\test\healthy\V55HO08.png,0,0.254977,0
pdraw_wave,mobilenet_v3_large,gaussian_blur,1,C:\Users\ramti\Desktop\ramtin legion pc\article_project\data\raw\pdraw_wave\test\healthy\V55HO09.png,0,0.322521,0
pdraw_wave,mobilenet_v3_large,gaussian_blur,1,C:\Users\ramti\Desktop\ramtin legion pc\article_project\data\raw\pdraw_wave\test\healthy\V55HO10.png,0,0.351053,0
pdraw_wave,mobilenet_v3_large,gaussian_blur,1,C:\Users\ramti\Desktop\ramtin legion pc\article_project\data\raw\pdraw_wave\test\healthy\V55HO11.png,0,0.539371,0
pdraw_wave,mobilenet_v3_large,gaussian_blur,1,C:\Users\ramti\Desktop\ramtin legion pc\article_project\data\raw\pdraw_wave\test\parkinson\V01PO01.png,1,0.339082,0
pdraw_wave,mobilenet_v3_large,gaussian_blur,1,C:\Users\ramti\Desktop\ramtin legion pc\article_project\data\raw\pdraw_wave\test\parkinson\V02PO01.png,1,0.863332,1
pdraw_wave,mobilenet_v3_large,gaussian_blur,1,C:\Users\ramti\Desktop\ramtin legion pc\article_project\data\raw\pdraw_wave\test\parkinson\V03PO01.png,1,0.857124,1
pdraw_wave,mobilenet_v3_large,gaussian_blur,1,C:\Users\ramti\Desktop\ramtin legion pc\article_project\data\raw\pdraw_wave\test\parkinson\V03PO04.png,1,0.904900,1
pdraw_wave,mobilenet_v3_large,gaussian_blur,1,C:\Users\ramti\Desktop\ramtin legion pc\article_project\data\raw\pdraw_wave\test\parkinson\V03PO07.png,1,0.840869,1
pdraw_wave,mobilenet_v3_large,gaussian_blur,1,C:\Users\ramti\Desktop\ramtin legion pc\article_project\data\raw\pdraw_wave\test\parkinson\V04PO01.png,1,0.865030,1
pdraw_wave,mobilenet_v3_large,gaussian_blur,1,C:\Users\ramti\Desktop\ramtin legion pc\article_project\data\raw\pdraw_wave\test\parkinson\V05PO01.png,1,0.901787,1
pdraw_wave,mobilenet_v3_large,gaussian_blur,1,C:\Users\ramti\Desktop\ramtin legion pc\article_project\data\raw\pdraw_wave\test\parkinson\V06PO01.png,1,0.763270,1
pdraw_wave,mobilenet_v3_large,gaussian_blur,1,C:\Users\ramti\Desktop\ramtin legion pc\article_project\data\raw\pdraw_wave\test\parkinson\V07PO01.png,1,0.888758,1
pdraw_wave,mobilenet_v3_large,gaussian_blur,1,C:\Users\ramti\Desktop\ramtin legion pc\article_project\data\raw\pdraw_wave\test\parkinson\V08PO01.png,1,0.298856,0
pdraw_wave,mobilenet_v3_large,gaussian_blur,1,C:\Users\ramti\Desktop\ramtin legion pc\article_project\data\raw\pdraw_wave\test\parkinson\V09PO01.png,1,0.898845,1
pdraw_wave,mobilenet_v3_large,gaussian_blur,1,C:\Users\ramti\Desktop\ramtin legion pc\article_project\data\raw\pdraw_wave\test\parkinson\V10PO01.png,1,0.692195,1
pdraw_wave,mobilenet_v3_large,gaussian_blur,1,C:\Users\ramti\Desktop\ramtin legion pc\article_project\data\raw\pdraw_wave\test\parkinson\V11PO01.png,1,0.593046,0
pdraw_wave,mobilenet_v3_large,gaussian_blur,1,C:\Users\ramti\Desktop\ramtin legion pc\article_project\data\raw\pdraw_wave\test\parkinson\V14PO01.png,1,0.912134,1
pdraw_wave,mobilenet_v3_large,gaussian_blur,1,C:\Users\ramti\Desktop\ramtin legion pc\article_project\data\raw\pdraw_wave\test\parkinson\V14PO03.png,1,0.878726,1
pdraw_wave,mobilenet_v3_large,gaussian_blur,2,C:\Users\ramti\Desktop\ramtin legion pc\article_project\data\raw\pdraw_wave\test\healthy\V01HO01.png,0,0.430771,0
pdraw_wave,mobilenet_v3_large,gaussian_blur,2,C:\Users\ramti\Desktop\ramtin legion pc\article_project\data\raw\pdraw_wave\test\healthy\V02HO01.png,0,0.194020,0
pdraw_wave,mobilenet_v3_large,gaussian_blur,2,C:\Users\ramti\Desktop\ramtin legion pc\article_project\data\raw\pdraw_wave\test\healthy\V03HO01.png,0,0.317873,0
pdraw_wave,mobilenet_v3_large,gaussian_blur,2,C:\Users\ramti\Desktop\ramtin legion pc\article_project\data\raw\pdraw_wave\test\healthy\V04HO01.png,0,0.203564,0
pdraw_wave,mobilenet_v3_large,gaussian_blur,2,C:\Users\ramti\Desktop\ramtin legion pc\article_project\data\raw\pdraw_wave\test\healthy\V05HO01.png,0,0.678869,1
pdraw_wave,mobilenet_v3_large,gaussian_blur,2,C:\Users\ramti\Desktop\ramtin legion pc\article_project\data\raw\pdraw_wave\test\healthy\V06HO01.png,0,0.585568,0
pdraw_wave,mobilenet_v3_large,gaussian_blur,2,C:\Users\ramti\Desktop\ramtin legion pc\article_project\data\raw\pdraw_wave\test\healthy\V07HO01.png,0,0.221640,0
pdraw_wave,mobilenet_v3_large,gaussian_blur,2,C:\Users\ramti\Desktop\ramtin legion pc\article_project\data\raw\pdraw_wave\test\healthy\V08HO01.png,0,0.524167,0
pdraw_wave,mobilenet_v3_large,gaussian_blur,2,C:\Users\ramti\Desktop\ramtin legion pc\article_project\data\raw\pdraw_wave\test\healthy\V09HO01.png,0,0.302274,0
pdraw_wave,mobilenet_v3_large,gaussian_blur,2,C:\Users\ramti\Desktop\ramtin legion pc\article_project\data\raw\pdraw_wave\test\healthy\V10HO01.png,0,0.358385,0
pdraw_wave,mobilenet_v3_large,gaussian_blur,2,C:\Users\ramti\Desktop\ramtin legion pc\article_project\data\raw\pdraw_wave\test\healthy\V11HO01.png,0,0.537233,0
pdraw_wave,mobilenet_v3_large,gaussian_blur,2,C:\Users\ramti\Desktop\ramtin legion pc\article_project\data\raw\pdraw_wave\test\healthy\V55HO08.png,0,0.227777,0
pdraw_wave,mobilenet_v3_large,gaussian_blur,2,C:\Users\ramti\Desktop\ramtin legion pc\article_project\data\raw\pdraw_wave\test\healthy\V55HO09.png,0,0.306427,0
pdraw_wave,mobilenet_v3_large,gaussian_blur,2,C:\Users\ramti\Desktop\ramtin legion pc\article_project\data\raw\pdraw_wave\test\healthy\V55HO10.png,0,0.353277,0
pdraw_wave,mobilenet_v3_large,gaussian_blur,2,C:\Users\ramti\Desktop\ramtin legion pc\article_project\data\raw\pdraw_wave\test\healthy\V55HO11.png,0,0.509382,0
pdraw_wave,mobilenet_v3_large,gaussian_blur,2,C:\Users\ramti\Desktop\ramtin legion pc\article_project\data\raw\pdraw_wave\test\parkinson\V01PO01.png,1,0.322795,0
pdraw_wave,mobilenet_v3_large,gaussian_blur,2,C:\Users\ramti\Desktop\ramtin legion pc\article_project\data\raw\pdraw_wave\test\parkinson\V02PO01.png,1,0.860301,1
pdraw_wave,mobilenet_v3_large,gaussian_blur,2,C:\Users\ramti\Desktop\ramtin legion pc\article_project\data\raw\pdraw_wave\test\parkinson\V03PO01.png,1,0.857507,1
pdraw_wave,mobilenet_v3_large,gaussian_blur,2,C:\Users\ramti\Desktop\ramtin legion pc\article_project\data\raw\pdraw_wave\test\parkinson\V03PO04.png,1,0.886621,1
pdraw_wave,mobilenet_v3_large,gaussian_blur,2,C:\Users\ramti\Desktop\ramtin legion pc\article_project\data\raw\pdraw_wave\test\parkinson\V03PO07.png,1,0.830426,1
pdraw_wave,mobilenet_v3_large,gaussian_blur,2,C:\Users\ramti\Desktop\ramtin legion pc\article_project\data\raw\pdraw_wave\test\parkinson\V04PO01.png,1,0.844829,1
pdraw_wave,mobilenet_v3_large,gaussian_blur,2,C:\Users\ramti\Desktop\ramtin legion pc\article_project\data\raw\pdraw_wave\test\parkinson\V05PO01.png,1,0.901874,1
pdraw_wave,mobilenet_v3_large,gaussian_blur,2,C:\Users\ramti\Desktop\ramtin legion pc\article_project\data\raw\pdraw_wave\test\parkinson\V06PO01.png,1,0.706730,1
pdraw_wave,mobilenet_v3_large,gaussian_blur,2,C:\Users\ramti\Desktop\ramtin legion pc\article_project\data\raw\pdraw_wave\test\parkinson\V07PO01.png,1,0.883704,1
pdraw_wave,mobilenet_v3_large,gaussian_blur,2,C:\Users\ramti\Desktop\ramtin legion pc\article_project\data\raw\pdraw_wave\test\parkinson\V08PO01.png,1,0.263914,0
pdraw_wave,mobilenet_v3_large,gaussian_blur,2,C:\Users\ramti\Desktop\ramtin legion pc\article_project\data\raw\pdraw_wave\test\parkinson\V09PO01.png,1,0.904426,1
pdraw_wave,mobilenet_v3_large,gaussian_blur,2,C:\Users\ramti\Desktop\ramtin legion pc\article_project\data\raw\pdraw_wave\test\parkinson\V10PO01.png,1,0.631186,0
pdraw_wave,mobilenet_v3_large,gaussian_blur,2,C:\Users\ramti\Desktop\ramtin legion pc\article_project\data\raw\pdraw_wave\test\parkinson\V11PO01.png,1,0.511782,0
pdraw_wave,mobilenet_v3_large,gaussian_blur,2,C:\Users\ramti\Desktop\ramtin legion pc\article_project\data\raw\pdraw_wave\test\parkinson\V14PO01.png,1,0.885078,1
pdraw_wave,mobilenet_v3_large,gaussian_blur,2,C:\Users\ramti\Desktop\ramtin legion pc\article_project\data\raw\pdraw_wave\test\parkinson\V14PO03.png,1,0.833406,1
pdraw_wave,mobilenet_v3_large,gaussian_blur,3,C:\Users\ramti\Desktop\ramtin legion pc\article_project\data\raw\pdraw_wave\test\healthy\V01HO01.png,0,0.404660,0
pdraw_wave,mobilenet_v3_large,gaussian_blur,3,C:\Users\ramti\Desktop\ramtin legion pc\article_project\data\raw\pdraw_wave\test\healthy\V02HO01.png,0,0.221746,0
pdraw_wave,mobilenet_v3_large,gaussian_blur,3,C:\Users\ramti\Desktop\ramtin legion pc\article_project\data\raw\pdraw_wave\test\healthy\V03HO01.png,0,0.298752,0
pdraw_wave,mobilenet_v3_large,gaussian_blur,3,C:\Users\ramti\Desktop\ramtin legion pc\article_project\data\raw\pdraw_wave\test\healthy\V04HO01.png,0,0.213135,0
pdraw_wave,mobilenet_v3_large,gaussian_blur,3,C:\Users\ramti\Desktop\ramtin legion pc\article_project\data\raw\pdraw_wave\test\healthy\V05HO01.png,0,0.655743,1
pdraw_wave,mobilenet_v3_large,gaussian_blur,3,C:\Users\ramti\Desktop\ramtin legion pc\article_project\data\raw\pdraw_wave\test\healthy\V06HO01.png,0,0.531349,0
pdraw_wave,mobilenet_v3_large,gaussian_blur,3,C:\Users\ramti\Desktop\ramtin legion pc\article_project\data\raw\pdraw_wave\test\healthy\V07HO01.png,0,0.221557,0
pdraw_wave,mobilenet_v3_large,gaussian_blur,3,C:\Users\ramti\Desktop\ramtin legion pc\article_project\data\raw\pdraw_wave\test\healthy\V08HO01.png,0,0.517933,0
pdraw_wave,mobilenet_v3_large,gaussian_blur,3,C:\Users\ramti\Desktop\ramtin legion pc\article_project\data\raw\pdraw_wave\test\healthy\V09HO01.png,0,0.279301,0
pdraw_wave,mobilenet_v3_large,gaussian_blur,3,C:\Users\ramti\Desktop\ramtin legion pc\article_project\data\raw\pdraw_wave\test\healthy\V10HO01.png,0,0.396176,0
pdraw_wave,mobilenet_v3_large,gaussian_blur,3,C:\Users\ramti\Desktop\ramtin legion pc\article_project\data\raw\pdraw_wave\test\healthy\V11HO01.png,0,0.489332,0
pdraw_wave,mobilenet_v3_large,gaussian_blur,3,C:\Users\ramti\Desktop\ramtin legion pc\article_project\data\raw\pdraw_wave\test\healthy\V55HO08.png,0,0.232436,0
pdraw_wave,mobilenet_v3_large,gaussian_blur,3,C:\Users\ramti\Desktop\ramtin legion pc\article_project\data\raw\pdraw_wave\test\healthy\V55HO09.png,0,0.306336,0
pdraw_wave,mobilenet_v3_large,gaussian_blur,3,C:\Users\ramti\Desktop\ramtin legion pc\article_project\data\raw\pdraw_wave\test\healthy\V55HO10.png,0,0.371715,0
pdraw_wave,mobilenet_v3_large,gaussian_blur,3,C:\Users\ramti\Desktop\ramtin legion pc\article_project\data\raw\pdraw_wave\test\healthy\V55HO11.png,0,0.456952,0
pdraw_wave,mobilenet_v3_large,gaussian_blur,3,C:\Users\ramti\Desktop\ramtin legion pc\article_project\data\raw\pdraw_wave\test\parkinson\V01PO01.png,1,0.330752,0
pdraw_wave,mobilenet_v3_large,gaussian_blur,3,C:\Users\ramti\Desktop\ramtin legion pc\article_project\data\raw\pdraw_wave\test\parkinson\V02PO01.png,1,0.829082,1
pdraw_wave,mobilenet_v3_large,gaussian_blur,3,C:\Users\ramti\Desktop\ramtin legion pc\article_project\data\raw\pdraw_wave\test\parkinson\V03PO01.png,1,0.855917,1
pdraw_wave,mobilenet_v3_large,gaussian_blur,3,C:\Users\ramti\Desktop\ramtin legion pc\article_project\data\raw\pdraw_wave\test\parkinson\V03PO04.png,1,0.845666,1
pdraw_wave,mobilenet_v3_large,gaussian_blur,3,C:\Users\ramti\Desktop\ramtin legion pc\article_project\data\raw\pdraw_wave\test\parkinson\V03PO07.png,1,0.822502,1
pdraw_wave,mobilenet_v3_large,gaussian_blur,3,C:\Users\ramti\Desktop\ramtin legion pc\article_project\data\raw\pdraw_wave\test\parkinson\V04PO01.png,1,0.837468,1
pdraw_wave,mobilenet_v3_large,gaussian_blur,3,C:\Users\ramti\Desktop\ramtin legion pc\article_project\data\raw\pdraw_wave\test\parkinson\V05PO01.png,1,0.908191,1
pdraw_wave,mobilenet_v3_large,gaussian_blur,3,C:\Users\ramti\Desktop\ramtin legion pc\article_project\data\raw\pdraw_wave\test\parkinson\V06PO01.png,1,0.633387,0
pdraw_wave,mobilenet_v3_large,gaussian_blur,3,C:\Users\ramti\Desktop\ramtin legion pc\article_project\data\raw\pdraw_wave\test\parkinson\V07PO01.png,1,0.867658,1
pdraw_wave,mobilenet_v3_large,gaussian_blur,3,C:\Users\ramti\Desktop\ramtin legion pc\article_project\data\raw\pdraw_wave\test\parkinson\V08PO01.png,1,0.258192,0
pdraw_wave,mobilenet_v3_large,gaussian_blur,3,C:\Users\ramti\Desktop\ramtin legion pc\article_project\data\raw\pdraw_wave\test\parkinson\V09PO01.png,1,0.909156,1
pdraw_wave,mobilenet_v3_large,gaussian_blur,3,C:\Users\ramti\Desktop\ramtin legion pc\article_project\data\raw\pdraw_wave\test\parkinson\V10PO01.png,1,0.593080,0
pdraw_wave,mobilenet_v3_large,gaussian_blur,3,C:\Users\ramti\Desktop\ramtin legion pc\article_project\data\raw\pdraw_wave\test\parkinson\V11PO01.png,1,0.465321,0
pdraw_wave,mobilenet_v3_large,gaussian_blur,3,C:\Users\ramti\Desktop\ramtin legion pc\article_project\data\raw\pdraw_wave\test\parkinson\V14PO01.png,1,0.809102,1
pdraw_wave,mobilenet_v3_large,gaussian_blur,3,C:\Users\ramti\Desktop\ramtin legion pc\article_project\data\raw\pdraw_wave\test\parkinson\V14PO03.png,1,0.798964,1
pdraw_wave,mobilenet_v3_large,gaussian_blur,4,C:\Users\ramti\Desktop\ramtin legion pc\article_project\data\raw\pdraw_wave\test\healthy\V01HO01.png,0,0.393039,0
pdraw_wave,mobilenet_v3_large,gaussian_blur,4,C:\Users\ramti\Desktop\ramtin legion pc\article_project\data\raw\pdraw_wave\test\healthy\V02HO01.png,0,0.249687,0
pdraw_wave,mobilenet_v3_large,gaussian_blur,4,C:\Users\ramti\Desktop\ramtin legion pc\article_project\data\raw\pdraw_wave\test\healthy\V03HO01.png,0,0.306610,0
pdraw_wave,mobilenet_v3_large,gaussian_blur,4,C:\Users\ramti\Desktop\ramtin legion pc\article_project\data\raw\pdraw_wave\test\healthy\V04HO01.png,0,0.226901,0
pdraw_wave,mobilenet_v3_large,gaussian_blur,4,C:\Users\ramti\Desktop\ramtin legion pc\article_project\data\raw\pdraw_wave\test\healthy\V05HO01.png,0,0.661704,1
pdraw_wave,mobilenet_v3_large,gaussian_blur,4,C:\Users\ramti\Desktop\ramtin legion pc\article_project\data\raw\pdraw_wave\test\healthy\V06HO01.png,0,0.491965,0
pdraw_wave,mobilenet_v3_large,gaussian_blur,4,C:\Users\ramti\Desktop\ramtin legion pc\article_project\data\raw\pdraw_wave\test\healthy\V07HO01.png,0,0.235421,0
pdraw_wave,mobilenet_v3_large,gaussian_blur,4,C:\Users\ramti\Desktop\ramtin legion pc\article_project\data\raw\pdraw_wave\test\healthy\V08HO01.png,0,0.453698,0
pdraw_wave,mobilenet_v3_large,gaussian_blur,4,C:\Users\ramti\Desktop\ramtin legion pc\article_project\data\raw\pdraw_wave\test\healthy\V09HO01.png,0,0.283440,0
pdraw_wave,mobilenet_v3_large,gaussian_blur,4,C:\Users\ramti\Desktop\ramtin legion pc\article_project\data\raw\pdraw_wave\test\healthy\V10HO01.png,0,0.447798,0
pdraw_wave,mobilenet_v3_large,gaussian_blur,4,C:\Users\ramti\Desktop\ramtin legion pc\article_project\data\raw\pdraw_wave\test\healthy\V11HO01.png,0,0.434158,0
pdraw_wave,mobilenet_v3_large,gaussian_blur,4,C:\Users\ramti\Desktop\ramtin legion pc\article_project\data\raw\pdraw_wave\test\healthy\V55HO08.png,0,0.250744,0
pdraw_wave,mobilenet_v3_large,gaussian_blur,4,C:\Users\ramti\Desktop\ramtin legion pc\article_project\data\raw\pdraw_wave\test\healthy\V55HO09.png,0,0.330211,0
pdraw_wave,mobilenet_v3_large,gaussian_blur,4,C:\Users\ramti\Desktop\ramtin legion pc\article_project\data\raw\pdraw_wave\test\healthy\V55HO10.png,0,0.380241,0
pdraw_wave,mobilenet_v3_large,gaussian_blur,4,C:\Users\ramti\Desktop\ramtin legion pc\article_project\data\raw\pdraw_wave\test\healthy\V55HO11.png,0,0.428538,0
pdraw_wave,mobilenet_v3_large,gaussian_blur,4,C:\Users\ramti\Desktop\ramtin legion pc\article_project\data\raw\pdraw_wave\test\parkinson\V01PO01.png,1,0.337019,0
pdraw_wave,mobilenet_v3_large,gaussian_blur,4,C:\Users\ramti\Desktop\ramtin legion pc\article_project\data\raw\pdraw_wave\test\parkinson\V02PO01.png,1,0.794287,1
pdraw_wave,mobilenet_v3_large,gaussian_blur,4,C:\Users\ramti\Desktop\ramtin legion pc\article_project\data\raw\pdraw_wave\test\parkinson\V03PO01.png,1,0.864723,1
pdraw_wave,mobilenet_v3_large,gaussian_blur,4,C:\Users\ramti\Desktop\ramtin legion pc\article_project\data\raw\pdraw_wave\test\parkinson\V03PO04.png,1,0.794206,1
pdraw_wave,mobilenet_v3_large,gaussian_blur,4,C:\Users\ramti\Desktop\ramtin legion pc\article_project\data\raw\pdraw_wave\test\parkinson\V03PO07.png,1,0.813699,1
pdraw_wave,mobilenet_v3_large,gaussian_blur,4,C:\Users\ramti\Desktop\ramtin legion pc\article_project\data\raw\pdraw_wave\test\parkinson\V04PO01.png,1,0.833812,1
pdraw_wave,mobilenet_v3_large,gaussian_blur,4,C:\Users\ramti\Desktop\ramtin legion pc\article_project\data\raw\pdraw_wave\test\parkinson\V05PO01.png,1,0.901059,1
pdraw_wave,mobilenet_v3_large,gaussian_blur,4,C:\Users\ramti\Desktop\ramtin legion pc\article_project\data\raw\pdraw_wave\test\parkinson\V06PO01.png,1,0.619013,0
pdraw_wave,mobilenet_v3_large,gaussian_blur,4,C:\Users\ramti\Desktop\ramtin legion pc\article_project\data\raw\pdraw_wave\test\parkinson\V07PO01.png,1,0.837091,1
pdraw_wave,mobilenet_v3_large,gaussian_blur,4,C:\Users\ramti\Desktop\ramtin legion pc\article_project\data\raw\pdraw_wave\test\parkinson\V08PO01.png,1,0.257010,0
pdraw_wave,mobilenet_v3_large,gaussian_blur,4,C:\Users\ramti\Desktop\ramtin legion pc\article_project\data\raw\pdraw_wave\test\parkinson\V09PO01.png,1,0.905696,1
pdraw_wave,mobilenet_v3_large,gaussian_blur,4,C:\Users\ramti\Desktop\ramtin legion pc\article_project\data\raw\pdraw_wave\test\parkinson\V10PO01.png,1,0.583011,0
pdraw_wave,mobilenet_v3_large,gaussian_blur,4,C:\Users\ramti\Desktop\ramtin legion pc\article_project\data\raw\pdraw_wave\test\parkinson\V11PO01.png,1,0.460421,0
pdraw_wave,mobilenet_v3_large,gaussian_blur,4,C:\Users\ramti\Desktop\ramtin legion pc\article_project\data\raw\pdraw_wave\test\parkinson\V14PO01.png,1,0.777030,1
pdraw_wave,mobilenet_v3_large,gaussian_blur,4,C:\Users\ramti\Desktop\ramtin legion pc\article_project\data\raw\pdraw_wave\test\parkinson\V14PO03.png,1,0.777215,1
pdraw_wave,mobilenet_v3_large,gaussian_blur,5,C:\Users\ramti\Desktop\ramtin legion pc\article_project\data\raw\pdraw_wave\test\healthy\V01HO01.png,0,0.383005,0
pdraw_wave,mobilenet_v3_large,gaussian_blur,5,C:\Users\ramti\Desktop\ramtin legion pc\article_project\data\raw\pdraw_wave\test\healthy\V02HO01.png,0,0.273543,0
pdraw_wave,mobilenet_v3_large,gaussian_blur,5,C:\Users\ramti\Desktop\ramtin legion pc\article_project\data\raw\pdraw_wave\test\healthy\V03HO01.png,0,0.322110,0
pdraw_wave,mobilenet_v3_large,gaussian_blur,5,C:\Users\ramti\Desktop\ramtin legion pc\article_project\data\raw\pdraw_wave\test\healthy\V04HO01.png,0,0.249646,0
pdraw_wave,mobilenet_v3_large,gaussian_blur,5,C:\Users\ramti\Desktop\ramtin legion pc\article_project\data\raw\pdraw_wave\test\healthy\V05HO01.png,0,0.654952,1
pdraw_wave,mobilenet_v3_large,gaussian_blur,5,C:\Users\ramti\Desktop\ramtin legion pc\article_project\data\raw\pdraw_wave\test\healthy\V06HO01.png,0,0.515531,0
pdraw_wave,mobilenet_v3_large,gaussian_blur,5,C:\Users\ramti\Desktop\ramtin legion pc\article_project\data\raw\pdraw_wave\test\healthy\V07HO01.png,0,0.268681,0
pdraw_wave,mobilenet_v3_large,gaussian_blur,5,C:\Users\ramti\Desktop\ramtin legion pc\article_project\data\raw\pdraw_wave\test\healthy\V08HO01.png,0,0.413258,0
pdraw_wave,mobilenet_v3_large,gaussian_blur,5,C:\Users\ramti\Desktop\ramtin legion pc\article_project\data\raw\pdraw_wave\test\healthy\V09HO01.png,0,0.309461,0
pdraw_wave,mobilenet_v3_large,gaussian_blur,5,C:\Users\ramti\Desktop\ramtin legion pc\article_project\data\raw\pdraw_wave\test\healthy\V10HO01.png,0,0.490599,0
pdraw_wave,mobilenet_v3_large,gaussian_blur,5,C:\Users\ramti\Desktop\ramtin legion pc\article_project\data\raw\pdraw_wave\test\healthy\V11HO01.png,0,0.410326,0
pdraw_wave,mobilenet_v3_large,gaussian_blur,5,C:\Users\ramti\Desktop\ramtin legion pc\article_project\data\raw\pdraw_wave\test\healthy\V55HO08.png,0,0.283711,0
pdraw_wave,mobilenet_v3_large,gaussian_blur,5,C:\Users\ramti\Desktop\ramtin legion pc\article_project\data\raw\pdraw_wave\test\healthy\V55HO09.png,0,0.357567,0
pdraw_wave,mobilenet_v3_large,gaussian_blur,5,C:\Users\ramti\Desktop\ramtin legion pc\article_project\data\raw\pdraw_wave\test\healthy\V55HO10.png,0,0.387266,0
pdraw_wave,mobilenet_v3_large,gaussian_blur,5,C:\Users\ramti\Desktop\ramtin legion pc\article_project\data\raw\pdraw_wave\test\healthy\V55HO11.png,0,0.410930,0
pdraw_wave,mobilenet_v3_large,gaussian_blur,5,C:\Users\ramti\Desktop\ramtin legion pc\article_project\data\raw\pdraw_wave\test\parkinson\V01PO01.png,1,0.344665,0
pdraw_wave,mobilenet_v3_large,gaussian_blur,5,C:\Users\ramti\Desktop\ramtin legion pc\article_project\data\raw\pdraw_wave\test\parkinson\V02PO01.png,1,0.771030,1
pdraw_wave,mobilenet_v3_large,gaussian_blur,5,C:\Users\ramti\Desktop\ramtin legion pc\article_project\data\raw\pdraw_wave\test\parkinson\V03PO01.png,1,0.873925,1
pdraw_wave,mobilenet_v3_large,gaussian_blur,5,C:\Users\ramti\Desktop\ramtin legion pc\article_project\data\raw\pdraw_wave\test\parkinson\V03PO04.png,1,0.784135,1
pdraw_wave,mobilenet_v3_large,gaussian_blur,5,C:\Users\ramti\Desktop\ramtin legion pc\article_project\data\raw\pdraw_wave\test\parkinson\V03PO07.png,1,0.819044,1
pdraw_wave,mobilenet_v3_large,gaussian_blur,5,C:\Users\ramti\Desktop\ramtin legion pc\article_project\data\raw\pdraw_wave\test\parkinson\V04PO01.png,1,0.842399,1
pdraw_wave,mobilenet_v3_large,gaussian_blur,5,C:\Users\ramti\Desktop\ramtin legion pc\article_project\data\raw\pdraw_wave\test\parkinson\V05PO01.png,1,0.894193,1
pdraw_wave,mobilenet_v3_large,gaussian_blur,5,C:\Users\ramti\Desktop\ramtin legion pc\article_project\data\raw\pdraw_wave\test\parkinson\V06PO01.png,1,0.626573,0
pdraw_wave,mobilenet_v3_large,gaussian_blur,5,C:\Users\ramti\Desktop\ramtin legion pc\article_project\data\raw\pdraw_wave\test\parkinson\V07PO01.png,1,0.820355,1
pdraw_wave,mobilenet_v3_large,gaussian_blur,5,C:\Users\ramti\Desktop\ramtin legion pc\article_project\data\raw\pdraw_wave\test\parkinson\V08PO01.png,1,0.293868,0
pdraw_wave,mobilenet_v3_large,gaussian_blur,5,C:\Users\ramti\Desktop\ramtin legion pc\article_project\data\raw\pdraw_wave\test\parkinson\V09PO01.png,1,0.905485,1
pdraw_wave,mobilenet_v3_large,gaussian_blur,5,C:\Users\ramti\Desktop\ramtin legion pc\article_project\data\raw\pdraw_wave\test\parkinson\V10PO01.png,1,0.612322,0
pdraw_wave,mobilenet_v3_large,gaussian_blur,5,C:\Users\ramti\Desktop\ramtin legion pc\article_project\data\raw\pdraw_wave\test\parkinson\V11PO01.png,1,0.500940,0
pdraw_wave,mobilenet_v3_large,gaussian_blur,5,C:\Users\ramti\Desktop\ramtin legion pc\article_project\data\raw\pdraw_wave\test\parkinson\V14PO01.png,1,0.766577,1
pdraw_wave,mobilenet_v3_large,gaussian_blur,5,C:\Users\ramti\Desktop\ramtin legion pc\article_project\data\raw\pdraw_wave\test\parkinson\V14PO03.png,1,0.774823,1
pdraw_wave,mobilenet_v3_large,gaussian_noise,1,C:\Users\ramti\Desktop\ramtin legion pc\article_project\data\raw\pdraw_wave\test\healthy\V01HO01.png,0,0.510808,0
pdraw_wave,mobilenet_v3_large,gaussian_noise,1,C:\Users\ramti\Desktop\ramtin legion pc\article_project\data\raw\pdraw_wave\test\healthy\V02HO01.png,0,0.246170,0
pdraw_wave,mobilenet_v3_large,gaussian_noise,1,C:\Users\ramti\Desktop\ramtin legion pc\article_project\data\raw\pdraw_wave\test\healthy\V03HO01.png,0,0.314448,0
pdraw_wave,mobilenet_v3_large,gaussian_noise,1,C:\Users\ramti\Desktop\ramtin legion pc\article_project\data\raw\pdraw_wave\test\healthy\V04HO01.png,0,0.240004,0
pdraw_wave,mobilenet_v3_large,gaussian_noise,1,C:\Users\ramti\Desktop\ramtin legion pc\article_project\data\raw\pdraw_wave\test\healthy\V05HO01.png,0,0.706841,1
pdraw_wave,mobilenet_v3_large,gaussian_noise,1,C:\Users\ramti\Desktop\ramtin legion pc\article_project\data\raw\pdraw_wave\test\healthy\V06HO01.png,0,0.610436,0
pdraw_wave,mobilenet_v3_large,gaussian_noise,1,C:\Users\ramti\Desktop\ramtin legion pc\article_project\data\raw\pdraw_wave\test\healthy\V07HO01.png,0,0.210093,0
pdraw_wave,mobilenet_v3_large,gaussian_noise,1,C:\Users\ramti\Desktop\ramtin legion pc\article_project\data\raw\pdraw_wave\test\healthy\V08HO01.png,0,0.509158,0
pdraw_wave,mobilenet_v3_large,gaussian_noise,1,C:\Users\ramti\Desktop\ramtin legion pc\article_project\data\raw\pdraw_wave\test\healthy\V09HO01.png,0,0.361251,0
pdraw_wave,mobilenet_v3_large,gaussian_noise,1,C:\Users\ramti\Desktop\ramtin legion pc\article_project\data\raw\pdraw_wave\test\healthy\V10HO01.png,0,0.429897,0
pdraw_wave,mobilenet_v3_large,gaussian_noise,1,C:\Users\ramti\Desktop\ramtin legion pc\article_project\data\raw\pdraw_wave\test\healthy\V11HO01.png,0,0.423050,0
pdraw_wave,mobilenet_v3_large,gaussian_noise,1,C:\Users\ramti\Desktop\ramtin legion pc\article_project\data\raw\pdraw_wave\test\healthy\V55HO08.png,0,0.284668,0
pdraw_wave,mobilenet_v3_large,gaussian_noise,1,C:\Users\ramti\Desktop\ramtin legion pc\article_project\data\raw\pdraw_wave\test\healthy\V55HO09.png,0,0.347969,0
pdraw_wave,mobilenet_v3_large,gaussian_noise,1,C:\Users\ramti\Desktop\ramtin legion pc\article_project\data\raw\pdraw_wave\test\healthy\V55HO10.png,0,0.264262,0
pdraw_wave,mobilenet_v3_large,gaussian_noise,1,C:\Users\ramti\Desktop\ramtin legion pc\article_project\data\raw\pdraw_wave\test\healthy\V55HO11.png,0,0.546579,0
pdraw_wave,mobilenet_v3_large,gaussian_noise,1,C:\Users\ramti\Desktop\ramtin legion pc\article_project\data\raw\pdraw_wave\test\parkinson\V01PO01.png,1,0.392703,0
pdraw_wave,mobilenet_v3_large,gaussian_noise,1,C:\Users\ramti\Desktop\ramtin legion pc\article_project\data\raw\pdraw_wave\test\parkinson\V02PO01.png,1,0.809075,1
pdraw_wave,mobilenet_v3_large,gaussian_noise,1,C:\Users\ramti\Desktop\ramtin legion pc\article_project\data\raw\pdraw_wave\test\parkinson\V03PO01.png,1,0.865918,1
pdraw_wave,mobilenet_v3_large,gaussian_noise,1,C:\Users\ramti\Desktop\ramtin legion pc\article_project\data\raw\pdraw_wave\test\parkinson\V03PO04.png,1,0.902741,1
pdraw_wave,mobilenet_v3_large,gaussian_noise,1,C:\Users\ramti\Desktop\ramtin legion pc\article_project\data\raw\pdraw_wave\test\parkinson\V03PO07.png,1,0.869925,1
pdraw_wave,mobilenet_v3_large,gaussian_noise,1,C:\Users\ramti\Desktop\ramtin legion pc\article_project\data\raw\pdraw_wave\test\parkinson\V04PO01.png,1,0.873861,1
pdraw_wave,mobilenet_v3_large,gaussian_noise,1,C:\Users\ramti\Desktop\ramtin legion pc\article_project\data\raw\pdraw_wave\test\parkinson\V05PO01.png,1,0.889302,1
pdraw_wave,mobilenet_v3_large,gaussian_noise,1,C:\Users\ramti\Desktop\ramtin legion pc\article_project\data\raw\pdraw_wave\test\parkinson\V06PO01.png,1,0.780441,1
pdraw_wave,mobilenet_v3_large,gaussian_noise,1,C:\Users\ramti\Desktop\ramtin legion pc\article_project\data\raw\pdraw_wave\test\parkinson\V07PO01.png,1,0.865245,1
pdraw_wave,mobilenet_v3_large,gaussian_noise,1,C:\Users\ramti\Desktop\ramtin legion pc\article_project\data\raw\pdraw_wave\test\parkinson\V08PO01.png,1,0.331094,0
pdraw_wave,mobilenet_v3_large,gaussian_noise,1,C:\Users\ramti\Desktop\ramtin legion pc\article_project\data\raw\pdraw_wave\test\parkinson\V09PO01.png,1,0.880621,1
pdraw_wave,mobilenet_v3_large,gaussian_noise,1,C:\Users\ramti\Desktop\ramtin legion pc\article_project\data\raw\pdraw_wave\test\parkinson\V10PO01.png,1,0.747405,1
pdraw_wave,mobilenet_v3_large,gaussian_noise,1,C:\Users\ramti\Desktop\ramtin legion pc\article_project\data\raw\pdraw_wave\test\parkinson\V11PO01.png,1,0.637042,0
pdraw_wave,mobilenet_v3_large,gaussian_noise,1,C:\Users\ramti\Desktop\ramtin legion pc\article_project\data\raw\pdraw_wave\test\parkinson\V14PO01.png,1,0.923486,1
pdraw_wave,mobilenet_v3_large,gaussian_noise,1,C:\Users\ramti\Desktop\ramtin legion pc\article_project\data\raw\pdraw_wave\test\parkinson\V14PO03.png,1,0.902835,1
pdraw_wave,mobilenet_v3_large,gaussian_noise,2,C:\Users\ramti\Desktop\ramtin legion pc\article_project\data\raw\pdraw_wave\test\healthy\V01HO01.png,0,0.510523,0
pdraw_wave,mobilenet_v3_large,gaussian_noise,2,C:\Users\ramti\Desktop\ramtin legion pc\article_project\data\raw\pdraw_wave\test\healthy\V02HO01.png,0,0.219212,0
pdraw_wave,mobilenet_v3_large,gaussian_noise,2,C:\Users\ramti\Desktop\ramtin legion pc\article_project\data\raw\pdraw_wave\test\healthy\V03HO01.png,0,0.362481,0
pdraw_wave,mobilenet_v3_large,gaussian_noise,2,C:\Users\ramti\Desktop\ramtin legion pc\article_project\data\raw\pdraw_wave\test\healthy\V04HO01.png,0,0.244072,0
pdraw_wave,mobilenet_v3_large,gaussian_noise,2,C:\Users\ramti\Desktop\ramtin legion pc\article_project\data\raw\pdraw_wave\test\healthy\V05HO01.png,0,0.734859,1
pdraw_wave,mobilenet_v3_large,gaussian_noise,2,C:\Users\ramti\Desktop\ramtin legion pc\article_project\data\raw\pdraw_wave\test\healthy\V06HO01.png,0,0.662845,1
pdraw_wave,mobilenet_v3_large,gaussian_noise,2,C:\Users\ramti\Desktop\ramtin legion pc\article_project\data\raw\pdraw_wave\test\healthy\V07HO01.png,0,0.214469,0
pdraw_wave,mobilenet_v3_large,gaussian_noise,2,C:\Users\ramti\Desktop\ramtin legion pc\article_project\data\raw\pdraw_wave\test\healthy\V08HO01.png,0,0.531749,0
pdraw_wave,mobilenet_v3_large,gaussian_noise,2,C:\Users\ramti\Desktop\ramtin legion pc\article_project\data\raw\pdraw_wave\test\healthy\V09HO01.png,0,0.298232,0
pdraw_wave,mobilenet_v3_large,gaussian_noise,2,C:\Users\ramti\Desktop\ramtin legion pc\article_project\data\raw\pdraw_wave\test\healthy\V10HO01.png,0,0.505616,0
pdraw_wave,mobilenet_v3_large,gaussian_noise,2,C:\Users\ramti\Desktop\ramtin legion pc\article_project\data\raw\pdraw_wave\test\healthy\V11HO01.png,0,0.467778,0
pdraw_wave,mobilenet_v3_large,gaussian_noise,2,C:\Users\ramti\Desktop\ramtin legion pc\article_project\data\raw\pdraw_wave\test\healthy\V55HO08.png,0,0.300099,0
pdraw_wave,mobilenet_v3_large,gaussian_noise,2,C:\Users\ramti\Desktop\ramtin legion pc\article_project\data\raw\pdraw_wave\test\healthy\V55HO09.png,0,0.403269,0
pdraw_wave,mobilenet_v3_large,gaussian_noise,2,C:\Users\ramti\Desktop\ramtin legion pc\article_project\data\raw\pdraw_wave\test\healthy\V55HO10.png,0,0.275152,0
pdraw_wave,mobilenet_v3_large,gaussian_noise,2,C:\Users\ramti\Desktop\ramtin legion pc\article_project\data\raw\pdraw_wave\test\healthy\V55HO11.png,0,0.629242,0
pdraw_wave,mobilenet_v3_large,gaussian_noise,2,C:\Users\ramti\Desktop\ramtin legion pc\article_project\data\raw\pdraw_wave\test\parkinson\V01PO01.png,1,0.415134,0
pdraw_wave,mobilenet_v3_large,gaussian_noise,2,C:\Users\ramti\Desktop\ramtin legion pc\article_project\data\raw\pdraw_wave\test\parkinson\V02PO01.png,1,0.838495,1
pdraw_wave,mobilenet_v3_large,gaussian_noise,2,C:\Users\ramti\Desktop\ramtin legion pc\article_project\data\raw\pdraw_wave\test\parkinson\V03PO01.png,1,0.835816,1
pdraw_wave,mobilenet_v3_large,gaussian_noise,2,C:\Users\ramti\Desktop\ramtin legion pc\article_project\data\raw\pdraw_wave\test\parkinson\V03PO04.png,1,0.912190,1
pdraw_wave,mobilenet_v3_large,gaussian_noise,2,C:\Users\ramti\Desktop\ramtin legion pc\article_project\data\raw\pdraw_wave\test\parkinson\V03PO07.png,1,0.866877,1
pdraw_wave,mobilenet_v3_large,gaussian_noise,2,C:\Users\ramti\Desktop\ramtin legion pc\article_project\data\raw\pdraw_wave\test\parkinson\V04PO01.png,1,0.868042,1
pdraw_wave,mobilenet_v3_large,gaussian_noise,2,C:\Users\ramti\Desktop\ramtin legion pc\article_project\data\raw\pdraw_wave\test\parkinson\V05PO01.png,1,0.896528,1
pdraw_wave,mobilenet_v3_large,gaussian_noise,2,C:\Users\ramti\Desktop\ramtin legion pc\article_project\data\raw\pdraw_wave\test\parkinson\V06PO01.png,1,0.787956,1
pdraw_wave,mobilenet_v3_large,gaussian_noise,2,C:\Users\ramti\Desktop\ramtin legion pc\article_project\data\raw\pdraw_wave\test\parkinson\V07PO01.png,1,0.862264,1
pdraw_wave,mobilenet_v3_large,gaussian_noise,2,C:\Users\ramti\Desktop\ramtin legion pc\article_project\data\raw\pdraw_wave\test\parkinson\V08PO01.png,1,0.357801,0
pdraw_wave,mobilenet_v3_large,gaussian_noise,2,C:\Users\ramti\Desktop\ramtin legion pc\article_project\data\raw\pdraw_wave\test\parkinson\V09PO01.png,1,0.869065,1
pdraw_wave,mobilenet_v3_large,gaussian_noise,2,C:\Users\ramti\Desktop\ramtin legion pc\article_project\data\raw\pdraw_wave\test\parkinson\V10PO01.png,1,0.767974,1
pdraw_wave,mobilenet_v3_large,gaussian_noise,2,C:\Users\ramti\Desktop\ramtin legion pc\article_project\data\raw\pdraw_wave\test\parkinson\V11PO01.png,1,0.661503,1
pdraw_wave,mobilenet_v3_large,gaussian_noise,2,C:\Users\ramti\Desktop\ramtin legion pc\article_project\data\raw\pdraw_wave\test\parkinson\V14PO01.png,1,0.914625,1
pdraw_wave,mobilenet_v3_large,gaussian_noise,2,C:\Users\ramti\Desktop\ramtin legion pc\article_project\data\raw\pdraw_wave\test\parkinson\V14PO03.png,1,0.911165,1
pdraw_wave,mobilenet_v3_large,gaussian_noise,3,C:\Users\ramti\Desktop\ramtin legion pc\article_project\data\raw\pdraw_wave\test\healthy\V01HO01.png,0,0.559335,0
pdraw_wave,mobilenet_v3_large,gaussian_noise,3,C:\Users\ramti\Desktop\ramtin legion pc\article_project\data\raw\pdraw_wave\test\healthy\V02HO01.png,0,0.228616,0
pdraw_wave,mobilenet_v3_large,gaussian_noise,3,C:\Users\ramti\Desktop\ramtin legion pc\article_project\data\raw\pdraw_wave\test\healthy\V03HO01.png,0,0.361309,0
pdraw_wave,mobilenet_v3_large,gaussian_noise,3,C:\Users\ramti\Desktop\ramtin legion pc\article_project\data\raw\pdraw_wave\test\healthy\V04HO01.png,0,0.305625,0
pdraw_wave,mobilenet_v3_large,gaussian_noise,3,C:\Users\ramti\Desktop\ramtin legion pc\article_project\data\raw\pdraw_wave\test\healthy\V05HO01.png,0,0.743666,1
pdraw_wave,mobilenet_v3_large,gaussian_noise,3,C:\Users\ramti\Desktop\ramtin legion pc\article_project\data\raw\pdraw_wave\test\healthy\V06HO01.png,0,0.684839,1
pdraw_wave,mobilenet_v3_large,gaussian_noise,3,C:\Users\ramti\Desktop\ramtin legion pc\article_project\data\raw\pdraw_wave\test\healthy\V07HO01.png,0,0.270290,0
pdraw_wave,mobilenet_v3_large,gaussian_noise,3,C:\Users\ramti\Desktop\ramtin legion pc\article_project\data\raw\pdraw_wave\test\healthy\V08HO01.png,0,0.557134,0
pdraw_wave,mobilenet_v3_large,gaussian_noise,3,C:\Users\ramti\Desktop\ramtin legion pc\article_project\data\raw\pdraw_wave\test\healthy\V09HO01.png,0,0.360434,0
pdraw_wave,mobilenet_v3_large,gaussian_noise,3,C:\Users\ramti\Desktop\ramtin legion pc\article_project\data\raw\pdraw_wave\test\healthy\V10HO01.png,0,0.572243,0
pdraw_wave,mobilenet_v3_large,gaussian_noise,3,C:\Users\ramti\Desktop\ramtin legion pc\article_project\data\raw\pdraw_wave\test\healthy\V11HO01.png,0,0.528557,0
pdraw_wave,mobilenet_v3_large,gaussian_noise,3,C:\Users\ramti\Desktop\ramtin legion pc\article_project\data\raw\pdraw_wave\test\healthy\V55HO08.png,0,0.381859,0
pdraw_wave,mobilenet_v3_large,gaussian_noise,3,C:\Users\ramti\Desktop\ramtin legion pc\article_project\data\raw\pdraw_wave\test\healthy\V55HO09.png,0,0.452075,0
pdraw_wave,mobilenet_v3_large,gaussian_noise,3,C:\Users\ramti\Desktop\ramtin legion pc\article_project\data\raw\pdraw_wave\test\healthy\V55HO10.png,0,0.274467,0
pdraw_wave,mobilenet_v3_large,gaussian_noise,3,C:\Users\ramti\Desktop\ramtin legion pc\article_project\data\raw\pdraw_wave\test\healthy\V55HO11.png,0,0.600842,0
pdraw_wave,mobilenet_v3_large,gaussian_noise,3,C:\Users\ramti\Desktop\ramtin legion pc\article_project\data\raw\pdraw_wave\test\parkinson\V01PO01.png,1,0.558818,0
pdraw_wave,mobilenet_v3_large,gaussian_noise,3,C:\Users\ramti\Desktop\ramtin legion pc\article_project\data\raw\pdraw_wave\test\parkinson\V02PO01.png,1,0.870436,1
pdraw_wave,mobilenet_v3_large,gaussian_noise,3,C:\Users\ramti\Desktop\ramtin legion pc\article_project\data\raw\pdraw_wave\test\parkinson\V03PO01.png,1,0.845251,1
pdraw_wave,mobilenet_v3_large,gaussian_noise,3,C:\Users\ramti\Desktop\ramtin legion pc\article_project\data\raw\pdraw_wave\test\parkinson\V03PO04.png,1,0.911335,1
pdraw_wave,mobilenet_v3_large,gaussian_noise,3,C:\Users\ramti\Desktop\ramtin legion pc\article_project\data\raw\pdraw_wave\test\parkinson\V03PO07.png,1,0.879507,1
pdraw_wave,mobilenet_v3_large,gaussian_noise,3,C:\Users\ramti\Desktop\ramtin legion pc\article_project\data\raw\pdraw_wave\test\parkinson\V04PO01.png,1,0.884469,1
pdraw_wave,mobilenet_v3_large,gaussian_noise,3,C:\Users\ramti\Desktop\ramtin legion pc\article_project\data\raw\pdraw_wave\test\parkinson\V05PO01.png,1,0.889734,1
pdraw_wave,mobilenet_v3_large,gaussian_noise,3,C:\Users\ramti\Desktop\ramtin legion pc\article_project\data\raw\pdraw_wave\test\parkinson\V06PO01.png,1,0.809513,1
pdraw_wave,mobilenet_v3_large,gaussian_noise,3,C:\Users\ramti\Desktop\ramtin legion pc\article_project\data\raw\pdraw_wave\test\parkinson\V07PO01.png,1,0.884248,1
pdraw_wave,mobilenet_v3_large,gaussian_noise,3,C:\Users\ramti\Desktop\ramtin legion pc\article_project\data\raw\pdraw_wave\test\parkinson\V08PO01.png,1,0.366774,0
pdraw_wave,mobilenet_v3_large,gaussian_noise,3,C:\Users\ramti\Desktop\ramtin legion pc\article_project\data\raw\pdraw_wave\test\parkinson\V09PO01.png,1,0.856547,1
pdraw_wave,mobilenet_v3_large,gaussian_noise,3,C:\Users\ramti\Desktop\ramtin legion pc\article_project\data\raw\pdraw_wave\test\parkinson\V10PO01.png,1,0.753145,1
pdraw_wave,mobilenet_v3_large,gaussian_noise,3,C:\Users\ramti\Desktop\ramtin legion pc\article_project\data\raw\pdraw_wave\test\parkinson\V11PO01.png,1,0.680192,1
pdraw_wave,mobilenet_v3_large,gaussian_noise,3,C:\Users\ramti\Desktop\ramtin legion pc\article_project\data\raw\pdraw_wave\test\parkinson\V14PO01.png,1,0.910676,1
pdraw_wave,mobilenet_v3_large,gaussian_noise,3,C:\Users\ramti\Desktop\ramtin legion pc\article_project\data\raw\pdraw_wave\test\parkinson\V14PO03.png,1,0.914079,1
pdraw_wave,mobilenet_v3_large,gaussian_noise,4,C:\Users\ramti\Desktop\ramtin legion pc\article_project\data\raw\pdraw_wave\test\healthy\V01HO01.png,0,0.613428,0
pdraw_wave,mobilenet_v3_large,gaussian_noise,4,C:\Users\ramti\Desktop\ramtin legion pc\article_project\data\raw\pdraw_wave\test\healthy\V02HO01.png,0,0.356573,0
pdraw_wave,mobilenet_v3_large,gaussian_noise,4,C:\Users\ramti\Desktop\ramtin legion pc\article_project\data\raw\pdraw_wave\test\healthy\V03HO01.png,0,0.329176,0
pdraw_wave,mobilenet_v3_large,gaussian_noise,4,C:\Users\ramti\Desktop\ramtin legion pc\article_project\data\raw\pdraw_wave\test\healthy\V04HO01.png,0,0.323053,0
pdraw_wave,mobilenet_v3_large,gaussian_noise,4,C:\Users\ramti\Desktop\ramtin legion pc\article_project\data\raw\pdraw_wave\test\healthy\V05HO01.png,0,0.733553,1
pdraw_wave,mobilenet_v3_large,gaussian_noise,4,C:\Users\ramti\Desktop\ramtin legion pc\article_project\data\raw\pdraw_wave\test\healthy\V06HO01.png,0,0.703880,1
pdraw_wave,mobilenet_v3_large,gaussian_noise,4,C:\Users\ramti\Desktop\ramtin legion pc\article_project\data\raw\pdraw_wave\test\healthy\V07HO01.png,0,0.270971,0
pdraw_wave,mobilenet_v3_large,gaussian_noise,4,C:\Users\ramti\Desktop\ramtin legion pc\article_project\data\raw\pdraw_wave\test\healthy\V08HO01.png,0,0.546849,0
pdraw_wave,mobilenet_v3_large,gaussian_noise,4,C:\Users\ramti\Desktop\ramtin legion pc\article_project\data\raw\pdraw_wave\test\healthy\V09HO01.png,0,0.375814,0
pdraw_wave,mobilenet_v3_large,gaussian_noise,4,C:\Users\ramti\Desktop\ramtin legion pc\article_project\data\raw\pdraw_wave\test\healthy\V10HO01.png,0,0.655687,1
pdraw_wave,mobilenet_v3_large,gaussian_noise,4,C:\Users\ramti\Desktop\ramtin legion pc\article_project\data\raw\pdraw_wave\test\healthy\V11HO01.png,0,0.506688,0
pdraw_wave,mobilenet_v3_large,gaussian_noise,4,C:\Users\ramti\Desktop\ramtin legion pc\article_project\data\raw\pdraw_wave\test\healthy\V55HO08.png,0,0.369211,0
pdraw_wave,mobilenet_v3_large,gaussian_noise,4,C:\Users\ramti\Desktop\ramtin legion pc\article_project\data\raw\pdraw_wave\test\healthy\V55HO09.png,0,0.446350,0
pdraw_wave,mobilenet_v3_large,gaussian_noise,4,C:\Users\ramti\Desktop\ramtin legion pc\article_project\data\raw\pdraw_wave\test\healthy\V55HO10.png,0,0.328892,0
pdraw_wave,mobilenet_v3_large,gaussian_noise,4,C:\Users\ramti\Desktop\ramtin legion pc\article_project\data\raw\pdraw_wave\test\healthy\V55HO11.png,0,0.679088,1
pdraw_wave,mobilenet_v3_large,gaussian_noise,4,C:\Users\ramti\Desktop\ramtin legion pc\article_project\data\raw\pdraw_wave\test\parkinson\V01PO01.png,1,0.549149,0
pdraw_wave,mobilenet_v3_large,gaussian_noise,4,C:\Users\ramti\Desktop\ramtin legion pc\article_project\data\raw\pdraw_wave\test\parkinson\V02PO01.png,1,0.857622,1
pdraw_wave,mobilenet_v3_large,gaussian_noise,4,C:\Users\ramti\Desktop\ramtin legion pc\article_project\data\raw\pdraw_wave\test\parkinson\V03PO01.png,1,0.840215,1
pdraw_wave,mobilenet_v3_large,gaussian_noise,4,C:\Users\ramti\Desktop\ramtin legion pc\article_project\data\raw\pdraw_wave\test\parkinson\V03PO04.png,1,0.904960,1
pdraw_wave,mobilenet_v3_large,gaussian_noise,4,C:\Users\ramti\Desktop\ramtin legion pc\article_project\data\raw\pdraw_wave\test\parkinson\V03PO07.png,1,0.867858,1
pdraw_wave,mobilenet_v3_large,gaussian_noise,4,C:\Users\ramti\Desktop\ramtin legion pc\article_project\data\raw\pdraw_wave\test\parkinson\V04PO01.png,1,0.871065,1
pdraw_wave,mobilenet_v3_large,gaussian_noise,4,C:\Users\ramti\Desktop\ramtin legion pc\article_project\data\raw\pdraw_wave\test\parkinson\V05PO01.png,1,0.905050,1
pdraw_wave,mobilenet_v3_large,gaussian_noise,4,C:\Users\ramti\Desktop\ramtin legion pc\article_project\data\raw\pdraw_wave\test\parkinson\V06PO01.png,1,0.808637,1
pdraw_wave,mobilenet_v3_large,gaussian_noise,4,C:\Users\ramti\Desktop\ramtin legion pc\article_project\data\raw\pdraw_wave\test\parkinson\V07PO01.png,1,0.858869,1
pdraw_wave,mobilenet_v3_large,gaussian_noise,4,C:\Users\ramti\Desktop\ramtin legion pc\article_project\data\raw\pdraw_wave\test\parkinson\V08PO01.png,1,0.299389,0
pdraw_wave,mobilenet_v3_large,gaussian_noise,4,C:\Users\ramti\Desktop\ramtin legion pc\article_project\data\raw\pdraw_wave\test\parkinson\V09PO01.png,1,0.865432,1
pdraw_wave,mobilenet_v3_large,gaussian_noise,4,C:\Users\ramti\Desktop\ramtin legion pc\article_project\data\raw\pdraw_wave\test\parkinson\V10PO01.png,1,0.690985,1
pdraw_wave,mobilenet_v3_large,gaussian_noise,4,C:\Users\ramti\Desktop\ramtin legion pc\article_project\data\raw\pdraw_wave\test\parkinson\V11PO01.png,1,0.702192,1
pdraw_wave,mobilenet_v3_large,gaussian_noise,4,C:\Users\ramti\Desktop\ramtin legion pc\article_project\data\raw\pdraw_wave\test\parkinson\V14PO01.png,1,0.904706,1
pdraw_wave,mobilenet_v3_large,gaussian_noise,4,C:\Users\ramti\Desktop\ramtin legion pc\article_project\data\raw\pdraw_wave\test\parkinson\V14PO03.png,1,0.909419,1
pdraw_wave,mobilenet_v3_large,gaussian_noise,5,C:\Users\ramti\Desktop\ramtin legion pc\article_project\data\raw\pdraw_wave\test\healthy\V01HO01.png,0,0.647185,0
pdraw_wave,mobilenet_v3_large,gaussian_noise,5,C:\Users\ramti\Desktop\ramtin legion pc\article_project\data\raw\pdraw_wave\test\healthy\V02HO01.png,0,0.283512,0
pdraw_wave,mobilenet_v3_large,gaussian_noise,5,C:\Users\ramti\Desktop\ramtin legion pc\article_project\data\raw\pdraw_wave\test\healthy\V03HO01.png,0,0.351497,0
pdraw_wave,mobilenet_v3_large,gaussian_noise,5,C:\Users\ramti\Desktop\ramtin legion pc\article_project\data\raw\pdraw_wave\test\healthy\V04HO01.png,0,0.319037,0
pdraw_wave,mobilenet_v3_large,gaussian_noise,5,C:\Users\ramti\Desktop\ramtin legion pc\article_project\data\raw\pdraw_wave\test\healthy\V05HO01.png,0,0.625424,0
pdraw_wave,mobilenet_v3_large,gaussian_noise,5,C:\Users\ramti\Desktop\ramtin legion pc\article_project\data\raw\pdraw_wave\test\healthy\V06HO01.png,0,0.711496,1
pdraw_wave,mobilenet_v3_large,gaussian_noise,5,C:\Users\ramti\Desktop\ramtin legion pc\article_project\data\raw\pdraw_wave\test\healthy\V07HO01.png,0,0.292775,0
pdraw_wave,mobilenet_v3_large,gaussian_noise,5,C:\Users\ramti\Desktop\ramtin legion pc\article_project\data\raw\pdraw_wave\test\healthy\V08HO01.png,0,0.539044,0
pdraw_wave,mobilenet_v3_large,gaussian_noise,5,C:\Users\ramti\Desktop\ramtin legion pc\article_project\data\raw\pdraw_wave\test\healthy\V09HO01.png,0,0.372935,0
pdraw_wave,mobilenet_v3_large,gaussian_noise,5,C:\Users\ramti\Desktop\ramtin legion pc\article_project\data\raw\pdraw_wave\test\healthy\V10HO01.png,0,0.615613,0
pdraw_wave,mobilenet_v3_large,gaussian_noise,5,C:\Users\ramti\Desktop\ramtin legion pc\article_project\data\raw\pdraw_wave\test\healthy\V11HO01.png,0,0.457271,0
pdraw_wave,mobilenet_v3_large,gaussian_noise,5,C:\Users\ramti\Desktop\ramtin legion pc\article_project\data\raw\pdraw_wave\test\healthy\V55HO08.png,0,0.431431,0
pdraw_wave,mobilenet_v3_large,gaussian_noise,5,C:\Users\ramti\Desktop\ramtin legion pc\article_project\data\raw\pdraw_wave\test\healthy\V55HO09.png,0,0.429345,0
pdraw_wave,mobilenet_v3_large,gaussian_noise,5,C:\Users\ramti\Desktop\ramtin legion pc\article_project\data\raw\pdraw_wave\test\healthy\V55HO10.png,0,0.304810,0
pdraw_wave,mobilenet_v3_large,gaussian_noise,5,C:\Users\ramti\Desktop\ramtin legion pc\article_project\data\raw\pdraw_wave\test\healthy\V55HO11.png,0,0.660731,1
pdraw_wave,mobilenet_v3_large,gaussian_noise,5,C:\Users\ramti\Desktop\ramtin legion pc\article_project\data\raw\pdraw_wave\test\parkinson\V01PO01.png,1,0.487354,0
pdraw_wave,mobilenet_v3_large,gaussian_noise,5,C:\Users\ramti\Desktop\ramtin legion pc\article_project\data\raw\pdraw_wave\test\parkinson\V02PO01.png,1,0.818537,1
pdraw_wave,mobilenet_v3_large,gaussian_noise,5,C:\Users\ramti\Desktop\ramtin legion pc\article_project\data\raw\pdraw_wave\test\parkinson\V03PO01.png,1,0.828058,1
pdraw_wave,mobilenet_v3_large,gaussian_noise,5,C:\Users\ramti\Desktop\ramtin legion pc\article_project\data\raw\pdraw_wave\test\parkinson\V03PO04.png,1,0.904305,1
pdraw_wave,mobilenet_v3_large,gaussian_noise,5,C:\Users\ramti\Desktop\ramtin legion pc\article_project\data\raw\pdraw_wave\test\parkinson\V03PO07.png,1,0.835774,1
pdraw_wave,mobilenet_v3_large,gaussian_noise,5,C:\Users\ramti\Desktop\ramtin legion pc\article_project\data\raw\pdraw_wave\test\parkinson\V04PO01.png,1,0.882583,1
pdraw_wave,mobilenet_v3_large,gaussian_noise,5,C:\Users\ramti\Desktop\ramtin legion pc\article_project\data\raw\pdraw_wave\test\parkinson\V05PO01.png,1,0.897231,1
pdraw_wave,mobilenet_v3_large,gaussian_noise,5,C:\Users\ramti\Desktop\ramtin legion pc\article_project\data\raw\pdraw_wave\test\parkinson\V06PO01.png,1,0.831628,1
pdraw_wave,mobilenet_v3_large,gaussian_noise,5,C:\Users\ramti\Desktop\ramtin legion pc\article_project\data\raw\pdraw_wave\test\parkinson\V07PO01.png,1,0.897442,1
pdraw_wave,mobilenet_v3_large,gaussian_noise,5,C:\Users\ramti\Desktop\ramtin legion pc\article_project\data\raw\pdraw_wave\test\parkinson\V08PO01.png,1,0.403664,0
pdraw_wave,mobilenet_v3_large,gaussian_noise,5,C:\Users\ramti\Desktop\ramtin legion pc\article_project\data\raw\pdraw_wave\test\parkinson\V09PO01.png,1,0.847481,1
pdraw_wave,mobilenet_v3_large,gaussian_noise,5,C:\Users\ramti\Desktop\ramtin legion pc\article_project\data\raw\pdraw_wave\test\parkinson\V10PO01.png,1,0.682963,1
pdraw_wave,mobilenet_v3_large,gaussian_noise,5,C:\Users\ramti\Desktop\ramtin legion pc\article_project\data\raw\pdraw_wave\test\parkinson\V11PO01.png,1,0.580801,0
pdraw_wave,mobilenet_v3_large,gaussian_noise,5,C:\Users\ramti\Desktop\ramtin legion pc\article_project\data\raw\pdraw_wave\test\parkinson\V14PO01.png,1,0.899862,1
pdraw_wave,mobilenet_v3_large,gaussian_noise,5,C:\Users\ramti\Desktop\ramtin legion pc\article_project\data\raw\pdraw_wave\test\parkinson\V14PO03.png,1,0.893615,1
pdraw_wave,mobilenet_v3_large,contrast,1,C:\Users\ramti\Desktop\ramtin legion pc\article_project\data\raw\pdraw_wave\test\healthy\V01HO01.png,0,0.471421,0
pdraw_wave,mobilenet_v3_large,contrast,1,C:\Users\ramti\Desktop\ramtin legion pc\article_project\data\raw\pdraw_wave\test\healthy\V02HO01.png,0,0.216218,0
pdraw_wave,mobilenet_v3_large,contrast,1,C:\Users\ramti\Desktop\ramtin legion pc\article_project\data\raw\pdraw_wave\test\healthy\V03HO01.png,0,0.275290,0
pdraw_wave,mobilenet_v3_large,contrast,1,C:\Users\ramti\Desktop\ramtin legion pc\article_project\data\raw\pdraw_wave\test\healthy\V04HO01.png,0,0.208210,0
pdraw_wave,mobilenet_v3_large,contrast,1,C:\Users\ramti\Desktop\ramtin legion pc\article_project\data\raw\pdraw_wave\test\healthy\V05HO01.png,0,0.611779,0
pdraw_wave,mobilenet_v3_large,contrast,1,C:\Users\ramti\Desktop\ramtin legion pc\article_project\data\raw\pdraw_wave\test\healthy\V06HO01.png,0,0.625897,0
pdraw_wave,mobilenet_v3_large,contrast,1,C:\Users\ramti\Desktop\ramtin legion pc\article_project\data\raw\pdraw_wave\test\healthy\V07HO01.png,0,0.182916,0
pdraw_wave,mobilenet_v3_large,contrast,1,C:\Users\ramti\Desktop\ramtin legion pc\article_project\data\raw\pdraw_wave\test\healthy\V08HO01.png,0,0.537576,0
pdraw_wave,mobilenet_v3_large,contrast,1,C:\Users\ramti\Desktop\ramtin legion pc\article_project\data\raw\pdraw_wave\test\healthy\V09HO01.png,0,0.366605,0
pdraw_wave,mobilenet_v3_large,contrast,1,C:\Users\ramti\Desktop\ramtin legion pc\article_project\data\raw\pdraw_wave\test\healthy\V10HO01.png,0,0.397754,0
pdraw_wave,mobilenet_v3_large,contrast,1,C:\Users\ramti\Desktop\ramtin legion pc\article_project\data\raw\pdraw_wave\test\healthy\V11HO01.png,0,0.409840,0
pdraw_wave,mobilenet_v3_large,contrast,1,C:\Users\ramti\Desktop\ramtin legion pc\article_project\data\raw\pdraw_wave\test\healthy\V55HO08.png,0,0.287429,0
pdraw_wave,mobilenet_v3_large,contrast,1,C:\Users\ramti\Desktop\ramtin legion pc\article_project\data\raw\pdraw_wave\test\healthy\V55HO09.png,0,0.286157,0
pdraw_wave,mobilenet_v3_large,contrast,1,C:\Users\ramti\Desktop\ramtin legion pc\article_project\data\raw\pdraw_wave\test\healthy\V55HO10.png,0,0.281261,0
pdraw_wave,mobilenet_v3_large,contrast,1,C:\Users\ramti\Desktop\ramtin legion pc\article_project\data\raw\pdraw_wave\test\healthy\V55HO11.png,0,0.524129,0
pdraw_wave,mobilenet_v3_large,contrast,1,C:\Users\ramti\Desktop\ramtin legion pc\article_project\data\raw\pdraw_wave\test\parkinson\V01PO01.png,1,0.314284,0
pdraw_wave,mobilenet_v3_large,contrast,1,C:\Users\ramti\Desktop\ramtin legion pc\article_project\data\raw\pdraw_wave\test\parkinson\V02PO01.png,1,0.735988,1
pdraw_wave,mobilenet_v3_large,contrast,1,C:\Users\ramti\Desktop\ramtin legion pc\article_project\data\raw\pdraw_wave\test\parkinson\V03PO01.png,1,0.836958,1
pdraw_wave,mobilenet_v3_large,contrast,1,C:\Users\ramti\Desktop\ramtin legion pc\article_project\data\raw\pdraw_wave\test\parkinson\V03PO04.png,1,0.903535,1
pdraw_wave,mobilenet_v3_large,contrast,1,C:\Users\ramti\Desktop\ramtin legion pc\article_project\data\raw\pdraw_wave\test\parkinson\V03PO07.png,1,0.856014,1
pdraw_wave,mobilenet_v3_large,contrast,1,C:\Users\ramti\Desktop\ramtin legion pc\article_project\data\raw\pdraw_wave\test\parkinson\V04PO01.png,1,0.853331,1
pdraw_wave,mobilenet_v3_large,contrast,1,C:\Users\ramti\Desktop\ramtin legion pc\article_project\data\raw\pdraw_wave\test\parkinson\V05PO01.png,1,0.855621,1
pdraw_wave,mobilenet_v3_large,contrast,1,C:\Users\ramti\Desktop\ramtin legion pc\article_project\data\raw\pdraw_wave\test\parkinson\V06PO01.png,1,0.740606,1
pdraw_wave,mobilenet_v3_large,contrast,1,C:\Users\ramti\Desktop\ramtin legion pc\article_project\data\raw\pdraw_wave\test\parkinson\V07PO01.png,1,0.884758,1
pdraw_wave,mobilenet_v3_large,contrast,1,C:\Users\ramti\Desktop\ramtin legion pc\article_project\data\raw\pdraw_wave\test\parkinson\V08PO01.png,1,0.333769,0
pdraw_wave,mobilenet_v3_large,contrast,1,C:\Users\ramti\Desktop\ramtin legion pc\article_project\data\raw\pdraw_wave\test\parkinson\V09PO01.png,1,0.879047,1
pdraw_wave,mobilenet_v3_large,contrast,1,C:\Users\ramti\Desktop\ramtin legion pc\article_project\data\raw\pdraw_wave\test\parkinson\V10PO01.png,1,0.667274,1
pdraw_wave,mobilenet_v3_large,contrast,1,C:\Users\ramti\Desktop\ramtin legion pc\article_project\data\raw\pdraw_wave\test\parkinson\V11PO01.png,1,0.589706,0
pdraw_wave,mobilenet_v3_large,contrast,1,C:\Users\ramti\Desktop\ramtin legion pc\article_project\data\raw\pdraw_wave\test\parkinson\V14PO01.png,1,0.912387,1
pdraw_wave,mobilenet_v3_large,contrast,1,C:\Users\ramti\Desktop\ramtin legion pc\article_project\data\raw\pdraw_wave\test\parkinson\V14PO03.png,1,0.908738,1
pdraw_wave,mobilenet_v3_large,contrast,2,C:\Users\ramti\Desktop\ramtin legion pc\article_project\data\raw\pdraw_wave\test\healthy\V01HO01.png,0,0.521510,0
pdraw_wave,mobilenet_v3_large,contrast,2,C:\Users\ramti\Desktop\ramtin legion pc\article_project\data\raw\pdraw_wave\test\healthy\V02HO01.png,0,0.239670,0
pdraw_wave,mobilenet_v3_large,contrast,2,C:\Users\ramti\Desktop\ramtin legion pc\article_project\data\raw\pdraw_wave\test\healthy\V03HO01.png,0,0.313692,0
pdraw_wave,mobilenet_v3_large,contrast,2,C:\Users\ramti\Desktop\ramtin legion pc\article_project\data\raw\pdraw_wave\test\healthy\V04HO01.png,0,0.202973,0
pdraw_wave,mobilenet_v3_large,contrast,2,C:\Users\ramti\Desktop\ramtin legion pc\article_project\data\raw\pdraw_wave\test\healthy\V05HO01.png,0,0.634841,0
pdraw_wave,mobilenet_v3_large,contrast,2,C:\Users\ramti\Desktop\ramtin legion pc\article_project\data\raw\pdraw_wave\test\healthy\V06HO01.png,0,0.622925,0
pdraw_wave,mobilenet_v3_large,contrast,2,C:\Users\ramti\Desktop\ramtin legion pc\article_project\data\raw\pdraw_wave\test\healthy\V07HO01.png,0,0.203581,0
pdraw_wave,mobilenet_v3_large,contrast,2,C:\Users\ramti\Desktop\ramtin legion pc\article_project\data\raw\pdraw_wave\test\healthy\V08HO01.png,0,0.530683,0
pdraw_wave,mobilenet_v3_large,contrast,2,C:\Users\ramti\Desktop\ramtin legion pc\article_project\data\raw\pdraw_wave\test\healthy\V09HO01.png,0,0.381209,0
pdraw_wave,mobilenet_v3_large,contrast,2,C:\Users\ramti\Desktop\ramtin legion pc\article_project\data\raw\pdraw_wave\test\healthy\V10HO01.png,0,0.411040,0
pdraw_wave,mobilenet_v3_large,contrast,2,C:\Users\ramti\Desktop\ramtin legion pc\article_project\data\raw\pdraw_wave\test\healthy\V11HO01.png,0,0.410203,0
pdraw_wave,mobilenet_v3_large,contrast,2,C:\Users\ramti\Desktop\ramtin legion pc\article_project\data\raw\pdraw_wave\test\healthy\V55HO08.png,0,0.280041,0
pdraw_wave,mobilenet_v3_large,contrast,2,C:\Users\ramti\Desktop\ramtin legion pc\article_project\data\raw\pdraw_wave\test\healthy\V55HO09.png,0,0.309493,0
pdraw_wave,mobilenet_v3_large,contrast,2,C:\Users\ramti\Desktop\ramtin legion pc\article_project\data\raw\pdraw_wave\test\healthy\V55HO10.png,0,0.302587,0
pdraw_wave,mobilenet_v3_large,contrast,2,C:\Users\ramti\Desktop\ramtin legion pc\article_project\data\raw\pdraw_wave\test\healthy\V55HO11.png,0,0.571072,0
pdraw_wave,mobilenet_v3_large,contrast,2,C:\Users\ramti\Desktop\ramtin legion pc\article_project\data\raw\pdraw_wave\test\parkinson\V01PO01.png,1,0.334231,0
pdraw_wave,mobilenet_v3_large,contrast,2,C:\Users\ramti\Desktop\ramtin legion pc\article_project\data\raw\pdraw_wave\test\parkinson\V02PO01.png,1,0.791280,1
pdraw_wave,mobilenet_v3_large,contrast,2,C:\Users\ramti\Desktop\ramtin legion pc\article_project\data\raw\pdraw_wave\test\parkinson\V03PO01.png,1,0.856234,1
pdraw_wave,mobilenet_v3_large,contrast,2,C:\Users\ramti\Desktop\ramtin legion pc\article_project\data\raw\pdraw_wave\test\parkinson\V03PO04.png,1,0.910509,1
pdraw_wave,mobilenet_v3_large,contrast,2,C:\Users\ramti\Desktop\ramtin legion pc\article_project\data\raw\pdraw_wave\test\parkinson\V03PO07.png,1,0.857279,1
pdraw_wave,mobilenet_v3_large,contrast,2,C:\Users\ramti\Desktop\ramtin legion pc\article_project\data\raw\pdraw_wave\test\parkinson\V04PO01.png,1,0.871397,1
pdraw_wave,mobilenet_v3_large,contrast,2,C:\Users\ramti\Desktop\ramtin legion pc\article_project\data\raw\pdraw_wave\test\parkinson\V05PO01.png,1,0.881619,1
pdraw_wave,mobilenet_v3_large,contrast,2,C:\Users\ramti\Desktop\ramtin legion pc\article_project\data\raw\pdraw_wave\test\parkinson\V06PO01.png,1,0.773204,1
pdraw_wave,mobilenet_v3_large,contrast,2,C:\Users\ramti\Desktop\ramtin legion pc\article_project\data\raw\pdraw_wave\test\parkinson\V07PO01.png,1,0.887699,1
pdraw_wave,mobilenet_v3_large,contrast,2,C:\Users\ramti\Desktop\ramtin legion pc\article_project\data\raw\pdraw_wave\test\parkinson\V08PO01.png,1,0.350775,0
pdraw_wave,mobilenet_v3_large,contrast,2,C:\Users\ramti\Desktop\ramtin legion pc\article_project\data\raw\pdraw_wave\test\parkinson\V09PO01.png,1,0.873722,1
pdraw_wave,mobilenet_v3_large,contrast,2,C:\Users\ramti\Desktop\ramtin legion pc\article_project\data\raw\pdraw_wave\test\parkinson\V10PO01.png,1,0.720710,1
pdraw_wave,mobilenet_v3_large,contrast,2,C:\Users\ramti\Desktop\ramtin legion pc\article_project\data\raw\pdraw_wave\test\parkinson\V11PO01.png,1,0.613075,0
pdraw_wave,mobilenet_v3_large,contrast,2,C:\Users\ramti\Desktop\ramtin legion pc\article_project\data\raw\pdraw_wave\test\parkinson\V14PO01.png,1,0.928289,1
pdraw_wave,mobilenet_v3_large,contrast,2,C:\Users\ramti\Desktop\ramtin legion pc\article_project\data\raw\pdraw_wave\test\parkinson\V14PO03.png,1,0.916961,1
pdraw_wave,mobilenet_v3_large,contrast,3,C:\Users\ramti\Desktop\ramtin legion pc\article_project\data\raw\pdraw_wave\test\healthy\V01HO01.png,0,0.548485,0
pdraw_wave,mobilenet_v3_large,contrast,3,C:\Users\ramti\Desktop\ramtin legion pc\article_project\data\raw\pdraw_wave\test\healthy\V02HO01.png,0,0.252550,0
pdraw_wave,mobilenet_v3_large,contrast,3,C:\Users\ramti\Desktop\ramtin legion pc\article_project\data\raw\pdraw_wave\test\healthy\V03HO01.png,0,0.325426,0
pdraw_wave,mobilenet_v3_large,contrast,3,C:\Users\ramti\Desktop\ramtin legion pc\article_project\data\raw\pdraw_wave\test\healthy\V04HO01.png,0,0.224658,0
pdraw_wave,mobilenet_v3_large,contrast,3,C:\Users\ramti\Desktop\ramtin legion pc\article_project\data\raw\pdraw_wave\test\healthy\V05HO01.png,0,0.642342,0
pdraw_wave,mobilenet_v3_large,contrast,3,C:\Users\ramti\Desktop\ramtin legion pc\article_project\data\raw\pdraw_wave\test\healthy\V06HO01.png,0,0.603384,0
pdraw_wave,mobilenet_v3_large,contrast,3,C:\Users\ramti\Desktop\ramtin legion pc\article_project\data\raw\pdraw_wave\test\healthy\V07HO01.png,0,0.211551,0
pdraw_wave,mobilenet_v3_large,contrast,3,C:\Users\ramti\Desktop\ramtin legion pc\article_project\data\raw\pdraw_wave\test\healthy\V08HO01.png,0,0.511052,0
pdraw_wave,mobilenet_v3_large,contrast,3,C:\Users\ramti\Desktop\ramtin legion pc\article_project\data\raw\pdraw_wave\test\healthy\V09HO01.png,0,0.375991,0
pdraw_wave,mobilenet_v3_large,contrast,3,C:\Users\ramti\Desktop\ramtin legion pc\article_project\data\raw\pdraw_wave\test\healthy\V10HO01.png,0,0.439391,0
pdraw_wave,mobilenet_v3_large,contrast,3,C:\Users\ramti\Desktop\ramtin legion pc\article_project\data\raw\pdraw_wave\test\healthy\V11HO01.png,0,0.402921,0
pdraw_wave,mobilenet_v3_large,contrast,3,C:\Users\ramti\Desktop\ramtin legion pc\article_project\data\raw\pdraw_wave\test\healthy\V55HO08.png,0,0.291186,0
pdraw_wave,mobilenet_v3_large,contrast,3,C:\Users\ramti\Desktop\ramtin legion pc\article_project\data\raw\pdraw_wave\test\healthy\V55HO09.png,0,0.324847,0
pdraw_wave,mobilenet_v3_large,contrast,3,C:\Users\ramti\Desktop\ramtin legion pc\article_project\data\raw\pdraw_wave\test\healthy\V55HO10.png,0,0.284440,0
pdraw_wave,mobilenet_v3_large,contrast,3,C:\Users\ramti\Desktop\ramtin legion pc\article_project\data\raw\pdraw_wave\test\healthy\V55HO11.png,0,0.578090,0
pdraw_wave,mobilenet_v3_large,contrast,3,C:\Users\ramti\Desktop\ramtin legion pc\article_project\data\raw\pdraw_wave\test\parkinson\V01PO01.png,1,0.363711,0
pdraw_wave,mobilenet_v3_large,contrast,3,C:\Users\ramti\Desktop\ramtin legion pc\article_project\data\raw\pdraw_wave\test\parkinson\V02PO01.png,1,0.809861,1
pdraw_wave,mobilenet_v3_large,contrast,3,C:\Users\ramti\Desktop\ramtin legion pc\article_project\data\raw\pdraw_wave\test\parkinson\V03PO01.png,1,0.864174,1
pdraw_wave,mobilenet_v3_large,contrast,3,C:\Users\ramti\Desktop\ramtin legion pc\article_project\data\raw\pdraw_wave\test\parkinson\V03PO04.png,1,0.912110,1
pdraw_wave,mobilenet_v3_large,contrast,3,C:\Users\ramti\Desktop\ramtin legion pc\article_project\data\raw\pdraw_wave\test\parkinson\V03PO07.png,1,0.858589,1
pdraw_wave,mobilenet_v3_large,contrast,3,C:\Users\ramti\Desktop\ramtin legion pc\article_project\data\raw\pdraw_wave\test\parkinson\V04PO01.png,1,0.879789,1
pdraw_wave,mobilenet_v3_large,contrast,3,C:\Users\ramti\Desktop\ramtin legion pc\article_project\data\raw\pdraw_wave\test\parkinson\V05PO01.png,1,0.896464,1
pdraw_wave,mobilenet_v3_large,contrast,3,C:\Users\ramti\Desktop\ramtin legion pc\article_project\data\raw\pdraw_wave\test\parkinson\V06PO01.png,1,0.808614,1
pdraw_wave,mobilenet_v3_large,contrast,3,C:\Users\ramti\Desktop\ramtin legion pc\article_project\data\raw\pdraw_wave\test\parkinson\V07PO01.png,1,0.889678,1
pdraw_wave,mobilenet_v3_large,contrast,3,C:\Users\ramti\Desktop\ramtin legion pc\article_project\data\raw\pdraw_wave\test\parkinson\V08PO01.png,1,0.357045,0
pdraw_wave,mobilenet_v3_large,contrast,3,C:\Users\ramti\Desktop\ramtin legion pc\article_project\data\raw\pdraw_wave\test\parkinson\V09PO01.png,1,0.873214,1
pdraw_wave,mobilenet_v3_large,contrast,3,C:\Users\ramti\Desktop\ramtin legion pc\article_project\data\raw\pdraw_wave\test\parkinson\V10PO01.png,1,0.734869,1
pdraw_wave,mobilenet_v3_large,contrast,3,C:\Users\ramti\Desktop\ramtin legion pc\article_project\data\raw\pdraw_wave\test\parkinson\V11PO01.png,1,0.639519,0
pdraw_wave,mobilenet_v3_large,contrast,3,C:\Users\ramti\Desktop\ramtin legion pc\article_project\data\raw\pdraw_wave\test\parkinson\V14PO01.png,1,0.934556,1
pdraw_wave,mobilenet_v3_large,contrast,3,C:\Users\ramti\Desktop\ramtin legion pc\article_project\data\raw\pdraw_wave\test\parkinson\V14PO03.png,1,0.915876,1
pdraw_wave,mobilenet_v3_large,contrast,4,C:\Users\ramti\Desktop\ramtin legion pc\article_project\data\raw\pdraw_wave\test\healthy\V01HO01.png,0,0.589512,0
pdraw_wave,mobilenet_v3_large,contrast,4,C:\Users\ramti\Desktop\ramtin legion pc\article_project\data\raw\pdraw_wave\test\healthy\V02HO01.png,0,0.274290,0
pdraw_wave,mobilenet_v3_large,contrast,4,C:\Users\ramti\Desktop\ramtin legion pc\article_project\data\raw\pdraw_wave\test\healthy\V03HO01.png,0,0.337833,0
pdraw_wave,mobilenet_v3_large,contrast,4,C:\Users\ramti\Desktop\ramtin legion pc\article_project\data\raw\pdraw_wave\test\healthy\V04HO01.png,0,0.254728,0
pdraw_wave,mobilenet_v3_large,contrast,4,C:\Users\ramti\Desktop\ramtin legion pc\article_project\data\raw\pdraw_wave\test\healthy\V05HO01.png,0,0.646304,0
pdraw_wave,mobilenet_v3_large,contrast,4,C:\Users\ramti\Desktop\ramtin legion pc\article_project\data\raw\pdraw_wave\test\healthy\V06HO01.png,0,0.584493,0
pdraw_wave,mobilenet_v3_large,contrast,4,C:\Users\ramti\Desktop\ramtin legion pc\article_project\data\raw\pdraw_wave\test\healthy\V07HO01.png,0,0.214640,0
pdraw_wave,mobilenet_v3_large,contrast,4,C:\Users\ramti\Desktop\ramtin legion pc\article_project\data\raw\pdraw_wave\test\healthy\V08HO01.png,0,0.489240,0
pdraw_wave,mobilenet_v3_large,contrast,4,C:\Users\ramti\Desktop\ramtin legion pc\article_project\data\raw\pdraw_wave\test\healthy\V09HO01.png,0,0.358026,0
pdraw_wave,mobilenet_v3_large,contrast,4,C:\Users\ramti\Desktop\ramtin legion pc\article_project\data\raw\pdraw_wave\test\healthy\V10HO01.png,0,0.455006,0
pdraw_wave,mobilenet_v3_large,contrast,4,C:\Users\ramti\Desktop\ramtin legion pc\article_project\data\raw\pdraw_wave\test\healthy\V11HO01.png,0,0.376016,0
pdraw_wave,mobilenet_v3_large,contrast,4,C:\Users\ramti\Desktop\ramtin legion pc\article_project\data\raw\pdraw_wave\test\healthy\V55HO08.png,0,0.293365,0
pdraw_wave,mobilenet_v3_large,contrast,4,C:\Users\ramti\Desktop\ramtin legion pc\article_project\data\raw\pdraw_wave\test\healthy\V55HO09.png,0,0.389140,0
pdraw_wave,mobilenet_v3_large,contrast,4,C:\Users\ramti\Desktop\ramtin legion pc\article_project\data\raw\pdraw_wave\test\healthy\V55HO10.png,0,0.282192,0
pdraw_wave,mobilenet_v3_large,contrast,4,C:\Users\ramti\Desktop\ramtin legion pc\article_project\data\raw\pdraw_wave\test\healthy\V55HO11.png,0,0.593519,0
pdraw_wave,mobilenet_v3_large,contrast,4,C:\Users\ramti\Desktop\ramtin legion pc\article_project\data\raw\pdraw_wave\test\parkinson\V01PO01.png,1,0.413982,0
pdraw_wave,mobilenet_v3_large,contrast,4,C:\Users\ramti\Desktop\ramtin legion pc\article_project\data\raw\pdraw_wave\test\parkinson\V02PO01.png,1,0.837574,1
pdraw_wave,mobilenet_v3_large,contrast,4,C:\Users\ramti\Desktop\ramtin legion pc\article_project\data\raw\pdraw_wave\test\parkinson\V03PO01.png,1,0.873518,1
pdraw_wave,mobilenet_v3_large,contrast,4,C:\Users\ramti\Desktop\ramtin legion pc\article_project\data\raw\pdraw_wave\test\parkinson\V03PO04.png,1,0.914704,1
pdraw_wave,mobilenet_v3_large,contrast,4,C:\Users\ramti\Desktop\ramtin legion pc\article_project\data\raw\pdraw_wave\test\parkinson\V03PO07.png,1,0.841643,1
pdraw_wave,mobilenet_v3_large,contrast,4,C:\Users\ramti\Desktop\ramtin legion pc\article_project\data\raw\pdraw_wave\test\parkinson\V04PO01.png,1,0.889903,1
pdraw_wave,mobilenet_v3_large,contrast,4,C:\Users\ramti\Desktop\ramtin legion pc\article_project\data\raw\pdraw_wave\test\parkinson\V05PO01.png,1,0.891422,1
pdraw_wave,mobilenet_v3_large,contrast,4,C:\Users\ramti\Desktop\ramtin legion pc\article_project\data\raw\pdraw_wave\test\parkinson\V06PO01.png,1,0.826615,1
pdraw_wave,mobilenet_v3_large,contrast,4,C:\Users\ramti\Desktop\ramtin legion pc\article_project\data\raw\pdraw_wave\test\parkinson\V07PO01.png,1,0.886012,1
pdraw_wave,mobilenet_v3_large,contrast,4,C:\Users\ramti\Desktop\ramtin legion pc\article_project\data\raw\pdraw_wave\test\parkinson\V08PO01.png,1,0.348530,0
pdraw_wave,mobilenet_v3_large,contrast,4,C:\Users\ramti\Desktop\ramtin legion pc\article_project\data\raw\pdraw_wave\test\parkinson\V09PO01.png,1,0.863942,1
pdraw_wave,mobilenet_v3_large,contrast,4,C:\Users\ramti\Desktop\ramtin legion pc\article_project\data\raw\pdraw_wave\test\parkinson\V10PO01.png,1,0.736073,1
pdraw_wave,mobilenet_v3_large,contrast,4,C:\Users\ramti\Desktop\ramtin legion pc\article_project\data\raw\pdraw_wave\test\parkinson\V11PO01.png,1,0.656888,1
pdraw_wave,mobilenet_v3_large,contrast,4,C:\Users\ramti\Desktop\ramtin legion pc\article_project\data\raw\pdraw_wave\test\parkinson\V14PO01.png,1,0.942424,1
pdraw_wave,mobilenet_v3_large,contrast,4,C:\Users\ramti\Desktop\ramtin legion pc\article_project\data\raw\pdraw_wave\test\parkinson\V14PO03.png,1,0.916446,1
pdraw_wave,mobilenet_v3_large,contrast,5,C:\Users\ramti\Desktop\ramtin legion pc\article_project\data\raw\pdraw_wave\test\healthy\V01HO01.png,0,0.620323,0
pdraw_wave,mobilenet_v3_large,contrast,5,C:\Users\ramti\Desktop\ramtin legion pc\article_project\data\raw\pdraw_wave\test\healthy\V02HO01.png,0,0.293408,0
pdraw_wave,mobilenet_v3_large,contrast,5,C:\Users\ramti\Desktop\ramtin legion pc\article_project\data\raw\pdraw_wave\test\healthy\V03HO01.png,0,0.340803,0
pdraw_wave,mobilenet_v3_large,contrast,5,C:\Users\ramti\Desktop\ramtin legion pc\article_project\data\raw\pdraw_wave\test\healthy\V04HO01.png,0,0.273077,0
pdraw_wave,mobilenet_v3_large,contrast,5,C:\Users\ramti\Desktop\ramtin legion pc\article_project\data\raw\pdraw_wave\test\healthy\V05HO01.png,0,0.633618,0
pdraw_wave,mobilenet_v3_large,contrast,5,C:\Users\ramti\Desktop\ramtin legion pc\article_project\data\raw\pdraw_wave\test\healthy\V06HO01.png,0,0.584852,0
pdraw_wave,mobilenet_v3_large,contrast,5,C:\Users\ramti\Desktop\ramtin legion pc\article_project\data\raw\pdraw_wave\test\healthy\V07HO01.png,0,0.221846,0
pdraw_wave,mobilenet_v3_large,contrast,5,C:\Users\ramti\Desktop\ramtin legion pc\article_project\data\raw\pdraw_wave\test\healthy\V08HO01.png,0,0.497593,0
pdraw_wave,mobilenet_v3_large,contrast,5,C:\Users\ramti\Desktop\ramtin legion pc\article_project\data\raw\pdraw_wave\test\healthy\V09HO01.png,0,0.371649,0
pdraw_wave,mobilenet_v3_large,contrast,5,C:\Users\ramti\Desktop\ramtin legion pc\article_project\data\raw\pdraw_wave\test\healthy\V10HO01.png,0,0.478248,0
pdraw_wave,mobilenet_v3_large,contrast,5,C:\Users\ramti\Desktop\ramtin legion pc\article_project\data\raw\pdraw_wave\test\healthy\V11HO01.png,0,0.369858,0
pdraw_wave,mobilenet_v3_large,contrast,5,C:\Users\ramti\Desktop\ramtin legion pc\article_project\data\raw\pdraw_wave\test\healthy\V55HO08.png,0,0.312558,0
pdraw_wave,mobilenet_v3_large,contrast,5,C:\Users\ramti\Desktop\ramtin legion pc\article_project\data\raw\pdraw_wave\test\healthy\V55HO09.png,0,0.401777,0
pdraw_wave,mobilenet_v3_large,contrast,5,C:\Users\ramti\Desktop\ramtin legion pc\article_project\data\raw\pdraw_wave\test\healthy\V55HO10.png,0,0.290098,0
pdraw_wave,mobilenet_v3_large,contrast,5,C:\Users\ramti\Desktop\ramtin legion pc\article_project\data\raw\pdraw_wave\test\healthy\V55HO11.png,0,0.595443,0
pdraw_wave,mobilenet_v3_large,contrast,5,C:\Users\ramti\Desktop\ramtin legion pc\article_project\data\raw\pdraw_wave\test\parkinson\V01PO01.png,1,0.440205,0
pdraw_wave,mobilenet_v3_large,contrast,5,C:\Users\ramti\Desktop\ramtin legion pc\article_project\data\raw\pdraw_wave\test\parkinson\V02PO01.png,1,0.848407,1
pdraw_wave,mobilenet_v3_large,contrast,5,C:\Users\ramti\Desktop\ramtin legion pc\article_project\data\raw\pdraw_wave\test\parkinson\V03PO01.png,1,0.875135,1
pdraw_wave,mobilenet_v3_large,contrast,5,C:\Users\ramti\Desktop\ramtin legion pc\article_project\data\raw\pdraw_wave\test\parkinson\V03PO04.png,1,0.910213,1
pdraw_wave,mobilenet_v3_large,contrast,5,C:\Users\ramti\Desktop\ramtin legion pc\article_project\data\raw\pdraw_wave\test\parkinson\V03PO07.png,1,0.814843,1
pdraw_wave,mobilenet_v3_large,contrast,5,C:\Users\ramti\Desktop\ramtin legion pc\article_project\data\raw\pdraw_wave\test\parkinson\V04PO01.png,1,0.892361,1
pdraw_wave,mobilenet_v3_large,contrast,5,C:\Users\ramti\Desktop\ramtin legion pc\article_project\data\raw\pdraw_wave\test\parkinson\V05PO01.png,1,0.889951,1
pdraw_wave,mobilenet_v3_large,contrast,5,C:\Users\ramti\Desktop\ramtin legion pc\article_project\data\raw\pdraw_wave\test\parkinson\V06PO01.png,1,0.820256,1
pdraw_wave,mobilenet_v3_large,contrast,5,C:\Users\ramti\Desktop\ramtin legion pc\article_project\data\raw\pdraw_wave\test\parkinson\V07PO01.png,1,0.885248,1
pdraw_wave,mobilenet_v3_large,contrast,5,C:\Users\ramti\Desktop\ramtin legion pc\article_project\data\raw\pdraw_wave\test\parkinson\V08PO01.png,1,0.354066,0
pdraw_wave,mobilenet_v3_large,contrast,5,C:\Users\ramti\Desktop\ramtin legion pc\article_project\data\raw\pdraw_wave\test\parkinson\V09PO01.png,1,0.859679,1
pdraw_wave,mobilenet_v3_large,contrast,5,C:\Users\ramti\Desktop\ramtin legion pc\article_project\data\raw\pdraw_wave\test\parkinson\V10PO01.png,1,0.734355,1
pdraw_wave,mobilenet_v3_large,contrast,5,C:\Users\ramti\Desktop\ramtin legion pc\article_project\data\raw\pdraw_wave\test\parkinson\V11PO01.png,1,0.646808,0
pdraw_wave,mobilenet_v3_large,contrast,5,C:\Users\ramti\Desktop\ramtin legion pc\article_project\data\raw\pdraw_wave\test\parkinson\V14PO01.png,1,0.943587,1
pdraw_wave,mobilenet_v3_large,contrast,5,C:\Users\ramti\Desktop\ramtin legion pc\article_project\data\raw\pdraw_wave\test\parkinson\V14PO03.png,1,0.912899,1
pdraw_wave,mobilenet_v3_large,brightness,1,C:\Users\ramti\Desktop\ramtin legion pc\article_project\data\raw\pdraw_wave\test\healthy\V01HO01.png,0,0.498311,0
pdraw_wave,mobilenet_v3_large,brightness,1,C:\Users\ramti\Desktop\ramtin legion pc\article_project\data\raw\pdraw_wave\test\healthy\V02HO01.png,0,0.212300,0
pdraw_wave,mobilenet_v3_large,brightness,1,C:\Users\ramti\Desktop\ramtin legion pc\article_project\data\raw\pdraw_wave\test\healthy\V03HO01.png,0,0.253733,0
pdraw_wave,mobilenet_v3_large,brightness,1,C:\Users\ramti\Desktop\ramtin legion pc\article_project\data\raw\pdraw_wave\test\healthy\V04HO01.png,0,0.175310,0
pdraw_wave,mobilenet_v3_large,brightness,1,C:\Users\ramti\Desktop\ramtin legion pc\article_project\data\raw\pdraw_wave\test\healthy\V05HO01.png,0,0.590405,0
pdraw_wave,mobilenet_v3_large,brightness,1,C:\Users\ramti\Desktop\ramtin legion pc\article_project\data\raw\pdraw_wave\test\healthy\V06HO01.png,0,0.643839,0
pdraw_wave,mobilenet_v3_large,brightness,1,C:\Users\ramti\Desktop\ramtin legion pc\article_project\data\raw\pdraw_wave\test\healthy\V07HO01.png,0,0.165681,0
pdraw_wave,mobilenet_v3_large,brightness,1,C:\Users\ramti\Desktop\ramtin legion pc\article_project\data\raw\pdraw_wave\test\healthy\V08HO01.png,0,0.514849,0
pdraw_wave,mobilenet_v3_large,brightness,1,C:\Users\ramti\Desktop\ramtin legion pc\article_project\data\raw\pdraw_wave\test\healthy\V09HO01.png,0,0.298791,0
pdraw_wave,mobilenet_v3_large,brightness,1,C:\Users\ramti\Desktop\ramtin legion pc\article_project\data\raw\pdraw_wave\test\healthy\V10HO01.png,0,0.358062,0
pdraw_wave,mobilenet_v3_large,brightness,1,C:\Users\ramti\Desktop\ramtin legion pc\article_project\data\raw\pdraw_wave\test\healthy\V11HO01.png,0,0.341235,0
pdraw_wave,mobilenet_v3_large,brightness,1,C:\Users\ramti\Desktop\ramtin legion pc\article_project\data\raw\pdraw_wave\test\healthy\V55HO08.png,0,0.226166,0
pdraw_wave,mobilenet_v3_large,brightness,1,C:\Users\ramti\Desktop\ramtin legion pc\article_project\data\raw\pdraw_wave\test\healthy\V55HO09.png,0,0.294652,0
pdraw_wave,mobilenet_v3_large,brightness,1,C:\Users\ramti\Desktop\ramtin legion pc\article_project\data\raw\pdraw_wave\test\healthy\V55HO10.png,0,0.280604,0
pdraw_wave,mobilenet_v3_large,brightness,1,C:\Users\ramti\Desktop\ramtin legion pc\article_project\data\raw\pdraw_wave\test\healthy\V55HO11.png,0,0.567507,0
pdraw_wave,mobilenet_v3_large,brightness,1,C:\Users\ramti\Desktop\ramtin legion pc\article_project\data\raw\pdraw_wave\test\parkinson\V01PO01.png,1,0.307845,0
pdraw_wave,mobilenet_v3_large,brightness,1,C:\Users\ramti\Desktop\ramtin legion pc\article_project\data\raw\pdraw_wave\test\parkinson\V02PO01.png,1,0.772268,1
pdraw_wave,mobilenet_v3_large,brightness,1,C:\Users\ramti\Desktop\ramtin legion pc\article_project\data\raw\pdraw_wave\test\parkinson\V03PO01.png,1,0.853119,1
pdraw_wave,mobilenet_v3_large,brightness,1,C:\Users\ramti\Desktop\ramtin legion pc\article_project\data\raw\pdraw_wave\test\parkinson\V03PO04.png,1,0.880416,1
pdraw_wave,mobilenet_v3_large,brightness,1,C:\Users\ramti\Desktop\ramtin legion pc\article_project\data\raw\pdraw_wave\test\parkinson\V03PO07.png,1,0.816788,1
pdraw_wave,mobilenet_v3_large,brightness,1,C:\Users\ramti\Desktop\ramtin legion pc\article_project\data\raw\pdraw_wave\test\parkinson\V04PO01.png,1,0.862796,1
pdraw_wave,mobilenet_v3_large,brightness,1,C:\Users\ramti\Desktop\ramtin legion pc\article_project\data\raw\pdraw_wave\test\parkinson\V05PO01.png,1,0.768135,1
pdraw_wave,mobilenet_v3_large,brightness,1,C:\Users\ramti\Desktop\ramtin legion pc\article_project\data\raw\pdraw_wave\test\parkinson\V06PO01.png,1,0.754835,1
pdraw_wave,mobilenet_v3_large,brightness,1,C:\Users\ramti\Desktop\ramtin legion pc\article_project\data\raw\pdraw_wave\test\parkinson\V07PO01.png,1,0.842495,1
pdraw_wave,mobilenet_v3_large,brightness,1,C:\Users\ramti\Desktop\ramtin legion pc\article_project\data\raw\pdraw_wave\test\parkinson\V08PO01.png,1,0.304140,0
pdraw_wave,mobilenet_v3_large,brightness,1,C:\Users\ramti\Desktop\ramtin legion pc\article_project\data\raw\pdraw_wave\test\parkinson\V09PO01.png,1,0.844371,1
pdraw_wave,mobilenet_v3_large,brightness,1,C:\Users\ramti\Desktop\ramtin legion pc\article_project\data\raw\pdraw_wave\test\parkinson\V10PO01.png,1,0.707122,1
pdraw_wave,mobilenet_v3_large,brightness,1,C:\Users\ramti\Desktop\ramtin legion pc\article_project\data\raw\pdraw_wave\test\parkinson\V11PO01.png,1,0.570903,0
pdraw_wave,mobilenet_v3_large,brightness,1,C:\Users\ramti\Desktop\ramtin legion pc\article_project\data\raw\pdraw_wave\test\parkinson\V14PO01.png,1,0.911330,1
pdraw_wave,mobilenet_v3_large,brightness,1,C:\Users\ramti\Desktop\ramtin legion pc\article_project\data\raw\pdraw_wave\test\parkinson\V14PO03.png,1,0.880790,1
pdraw_wave,mobilenet_v3_large,brightness,2,C:\Users\ramti\Desktop\ramtin legion pc\article_project\data\raw\pdraw_wave\test\healthy\V01HO01.png,0,0.531210,0
pdraw_wave,mobilenet_v3_large,brightness,2,C:\Users\ramti\Desktop\ramtin legion pc\article_project\data\raw\pdraw_wave\test\healthy\V02HO01.png,0,0.237853,0
pdraw_wave,mobilenet_v3_large,brightness,2,C:\Users\ramti\Desktop\ramtin legion pc\article_project\data\raw\pdraw_wave\test\healthy\V03HO01.png,0,0.258662,0
pdraw_wave,mobilenet_v3_large,brightness,2,C:\Users\ramti\Desktop\ramtin legion pc\article_project\data\raw\pdraw_wave\test\healthy\V04HO01.png,0,0.176844,0
pdraw_wave,mobilenet_v3_large,brightness,2,C:\Users\ramti\Desktop\ramtin legion pc\article_project\data\raw\pdraw_wave\test\healthy\V05HO01.png,0,0.605850,0
pdraw_wave,mobilenet_v3_large,brightness,2,C:\Users\ramti\Desktop\ramtin legion pc\article_project\data\raw\pdraw_wave\test\healthy\V06HO01.png,0,0.658905,1
pdraw_wave,mobilenet_v3_large,brightness,2,C:\Users\ramti\Desktop\ramtin legion pc\article_project\data\raw\pdraw_wave\test\healthy\V07HO01.png,0,0.187632,0
pdraw_wave,mobilenet_v3_large,brightness,2,C:\Users\ramti\Desktop\ramtin legion pc\article_project\data\raw\pdraw_wave\test\healthy\V08HO01.png,0,0.532958,0
pdraw_wave,mobilenet_v3_large,brightness,2,C:\Users\ramti\Desktop\ramtin legion pc\article_project\data\raw\pdraw_wave\test\healthy\V09HO01.png,0,0.331080,0
pdraw_wave,mobilenet_v3_large,brightness,2,C:\Users\ramti\Desktop\ramtin legion pc\article_project\data\raw\pdraw_wave\test\healthy\V10HO01.png,0,0.394237,0
pdraw_wave,mobilenet_v3_large,brightness,2,C:\Users\ramti\Desktop\ramtin legion pc\article_project\data\raw\pdraw_wave\test\healthy\V11HO01.png,0,0.370936,0
pdraw_wave,mobilenet_v3_large,brightness,2,C:\Users\ramti\Desktop\ramtin legion pc\article_project\data\raw\pdraw_wave\test\healthy\V55HO08.png,0,0.285385,0
pdraw_wave,mobilenet_v3_large,brightness,2,C:\Users\ramti\Desktop\ramtin legion pc\article_project\data\raw\pdraw_wave\test\healthy\V55HO09.png,0,0.282507,0
pdraw_wave,mobilenet_v3_large,brightness,2,C:\Users\ramti\Desktop\ramtin legion pc\article_project\data\raw\pdraw_wave\test\healthy\V55HO10.png,0,0.278787,0
pdraw_wave,mobilenet_v3_large,brightness,2,C:\Users\ramti\Desktop\ramtin legion pc\article_project\data\raw\pdraw_wave\test\healthy\V55HO11.png,0,0.583043,0
pdraw_wave,mobilenet_v3_large,brightness,2,C:\Users\ramti\Desktop\ramtin legion pc\article_project\data\raw\pdraw_wave\test\parkinson\V01PO01.png,1,0.303879,0
pdraw_wave,mobilenet_v3_large,brightness,2,C:\Users\ramti\Desktop\ramtin legion pc\article_project\data\raw\pdraw_wave\test\parkinson\V02PO01.png,1,0.758732,1
pdraw_wave,mobilenet_v3_large,brightness,2,C:\Users\ramti\Desktop\ramtin legion pc\article_project\data\raw\pdraw_wave\test\parkinson\V03PO01.png,1,0.863486,1
pdraw_wave,mobilenet_v3_large,brightness,2,C:\Users\ramti\Desktop\ramtin legion pc\article_project\data\raw\pdraw_wave\test\parkinson\V03PO04.png,1,0.883933,1
pdraw_wave,mobilenet_v3_large,brightness,2,C:\Users\ramti\Desktop\ramtin legion pc\article_project\data\raw\pdraw_wave\test\parkinson\V03PO07.png,1,0.826160,1
pdraw_wave,mobilenet_v3_large,brightness,2,C:\Users\ramti\Desktop\ramtin legion pc\article_project\data\raw\pdraw_wave\test\parkinson\V04PO01.png,1,0.853880,1
pdraw_wave,mobilenet_v3_large,brightness,2,C:\Users\ramti\Desktop\ramtin legion pc\article_project\data\raw\pdraw_wave\test\parkinson\V05PO01.png,1,0.806574,1
pdraw_wave,mobilenet_v3_large,brightness,2,C:\Users\ramti\Desktop\ramtin legion pc\article_project\data\raw\pdraw_wave\test\parkinson\V06PO01.png,1,0.756065,1
pdraw_wave,mobilenet_v3_large,brightness,2,C:\Users\ramti\Desktop\ramtin legion pc\article_project\data\raw\pdraw_wave\test\parkinson\V07PO01.png,1,0.850897,1
pdraw_wave,mobilenet_v3_large,brightness,2,C:\Users\ramti\Desktop\ramtin legion pc\article_project\data\raw\pdraw_wave\test\parkinson\V08PO01.png,1,0.336783,0
pdraw_wave,mobilenet_v3_large,brightness,2,C:\Users\ramti\Desktop\ramtin legion pc\article_project\data\raw\pdraw_wave\test\parkinson\V09PO01.png,1,0.862261,1
pdraw_wave,mobilenet_v3_large,brightness,2,C:\Users\ramti\Desktop\ramtin legion pc\article_project\data\raw\pdraw_wave\test\parkinson\V10PO01.png,1,0.693272,1
pdraw_wave,mobilenet_v3_large,brightness,2,C:\Users\ramti\Desktop\ramtin legion pc\article_project\data\raw\pdraw_wave\test\parkinson\V11PO01.png,1,0.576950,0
pdraw_wave,mobilenet_v3_large,brightness,2,C:\Users\ramti\Desktop\ramtin legion pc\article_project\data\raw\pdraw_wave\test\parkinson\V14PO01.png,1,0.924145,1
pdraw_wave,mobilenet_v3_large,brightness,2,C:\Users\ramti\Desktop\ramtin legion pc\article_project\data\raw\pdraw_wave\test\parkinson\V14PO03.png,1,0.899953,1
pdraw_wave,mobilenet_v3_large,brightness,3,C:\Users\ramti\Desktop\ramtin legion pc\article_project\data\raw\pdraw_wave\test\healthy\V01HO01.png,0,0.544051,0
pdraw_wave,mobilenet_v3_large,brightness,3,C:\Users\ramti\Desktop\ramtin legion pc\article_project\data\raw\pdraw_wave\test\healthy\V02HO01.png,0,0.267466,0
pdraw_wave,mobilenet_v3_large,brightness,3,C:\Users\ramti\Desktop\ramtin legion pc\article_project\data\raw\pdraw_wave\test\healthy\V03HO01.png,0,0.266123,0
pdraw_wave,mobilenet_v3_large,brightness,3,C:\Users\ramti\Desktop\ramtin legion pc\article_project\data\raw\pdraw_wave\test\healthy\V04HO01.png,0,0.193473,0
pdraw_wave,mobilenet_v3_large,brightness,3,C:\Users\ramti\Desktop\ramtin legion pc\article_project\data\raw\pdraw_wave\test\healthy\V05HO01.png,0,0.641441,0
pdraw_wave,mobilenet_v3_large,brightness,3,C:\Users\ramti\Desktop\ramtin legion pc\article_project\data\raw\pdraw_wave\test\healthy\V06HO01.png,0,0.658391,1
pdraw_wave,mobilenet_v3_large,brightness,3,C:\Users\ramti\Desktop\ramtin legion pc\article_project\data\raw\pdraw_wave\test\healthy\V07HO01.png,0,0.195279,0
pdraw_wave,mobilenet_v3_large,brightness,3,C:\Users\ramti\Desktop\ramtin legion pc\article_project\data\raw\pdraw_wave\test\healthy\V08HO01.png,0,0.529830,0
pdraw_wave,mobilenet_v3_large,brightness,3,C:\Users\ramti\Desktop\ramtin legion pc\article_project\data\raw\pdraw_wave\test\healthy\V09HO01.png,0,0.371234,0
pdraw_wave,mobilenet_v3_large,brightness,3,C:\Users\ramti\Desktop\ramtin legion pc\article_project\data\raw\pdraw_wave\test\healthy\V10HO01.png,0,0.417982,0
pdraw_wave,mobilenet_v3_large,brightness,3,C:\Users\ramti\Desktop\ramtin legion pc\article_project\data\raw\pdraw_wave\test\healthy\V11HO01.png,0,0.397370,0
pdraw_wave,mobilenet_v3_large,brightness,3,C:\Users\ramti\Desktop\ramtin legion pc\article_project\data\raw\pdraw_wave\test\healthy\V55HO08.png,0,0.297008,0
pdraw_wave,mobilenet_v3_large,brightness,3,C:\Users\ramti\Desktop\ramtin legion pc\article_project\data\raw\pdraw_wave\test\healthy\V55HO09.png,0,0.280686,0
pdraw_wave,mobilenet_v3_large,brightness,3,C:\Users\ramti\Desktop\ramtin legion pc\article_project\data\raw\pdraw_wave\test\healthy\V55HO10.png,0,0.270209,0
pdraw_wave,mobilenet_v3_large,brightness,3,C:\Users\ramti\Desktop\ramtin legion pc\article_project\data\raw\pdraw_wave\test\healthy\V55HO11.png,0,0.599442,0
pdraw_wave,mobilenet_v3_large,brightness,3,C:\Users\ramti\Desktop\ramtin legion pc\article_project\data\raw\pdraw_wave\test\parkinson\V01PO01.png,1,0.328422,0
pdraw_wave,mobilenet_v3_large,brightness,3,C:\Users\ramti\Desktop\ramtin legion pc\article_project\data\raw\pdraw_wave\test\parkinson\V02PO01.png,1,0.784675,1
pdraw_wave,mobilenet_v3_large,brightness,3,C:\Users\ramti\Desktop\ramtin legion pc\article_project\data\raw\pdraw_wave\test\parkinson\V03PO01.png,1,0.867355,1
pdraw_wave,mobilenet_v3_large,brightness,3,C:\Users\ramti\Desktop\ramtin legion pc\article_project\data\raw\pdraw_wave\test\parkinson\V03PO04.png,1,0.896091,1
pdraw_wave,mobilenet_v3_large,brightness,3,C:\Users\ramti\Desktop\ramtin legion pc\article_project\data\raw\pdraw_wave\test\parkinson\V03PO07.png,1,0.842442,1
pdraw_wave,mobilenet_v3_large,brightness,3,C:\Users\ramti\Desktop\ramtin legion pc\article_project\data\raw\pdraw_wave\test\parkinson\V04PO01.png,1,0.869981,1
pdraw_wave,mobilenet_v3_large,brightness,3,C:\Users\ramti\Desktop\ramtin legion pc\article_project\data\raw\pdraw_wave\test\parkinson\V05PO01.png,1,0.858566,1
pdraw_wave,mobilenet_v3_large,brightness,3,C:\Users\ramti\Desktop\ramtin legion pc\article_project\data\raw\pdraw_wave\test\parkinson\V06PO01.png,1,0.796191,1
pdraw_wave,mobilenet_v3_large,brightness,3,C:\Users\ramti\Desktop\ramtin legion pc\article_project\data\raw\pdraw_wave\test\parkinson\V07PO01.png,1,0.871965,1
pdraw_wave,mobilenet_v3_large,brightness,3,C:\Users\ramti\Desktop\ramtin legion pc\article_project\data\raw\pdraw_wave\test\parkinson\V08PO01.png,1,0.359025,0
pdraw_wave,mobilenet_v3_large,brightness,3,C:\Users\ramti\Desktop\ramtin legion pc\article_project\data\raw\pdraw_wave\test\parkinson\V09PO01.png,1,0.875840,1
pdraw_wave,mobilenet_v3_large,brightness,3,C:\Users\ramti\Desktop\ramtin legion pc\article_project\data\raw\pdraw_wave\test\parkinson\V10PO01.png,1,0.701060,1
pdraw_wave,mobilenet_v3_large,brightness,3,C:\Users\ramti\Desktop\ramtin legion pc\article_project\data\raw\pdraw_wave\test\parkinson\V11PO01.png,1,0.610021,0
pdraw_wave,mobilenet_v3_large,brightness,3,C:\Users\ramti\Desktop\ramtin legion pc\article_project\data\raw\pdraw_wave\test\parkinson\V14PO01.png,1,0.931248,1
pdraw_wave,mobilenet_v3_large,brightness,3,C:\Users\ramti\Desktop\ramtin legion pc\article_project\data\raw\pdraw_wave\test\parkinson\V14PO03.png,1,0.911309,1
pdraw_wave,mobilenet_v3_large,brightness,4,C:\Users\ramti\Desktop\ramtin legion pc\article_project\data\raw\pdraw_wave\test\healthy\V01HO01.png,0,0.717023,1
pdraw_wave,mobilenet_v3_large,brightness,4,C:\Users\ramti\Desktop\ramtin legion pc\article_project\data\raw\pdraw_wave\test\healthy\V02HO01.png,0,0.370909,0
pdraw_wave,mobilenet_v3_large,brightness,4,C:\Users\ramti\Desktop\ramtin legion pc\article_project\data\raw\pdraw_wave\test\healthy\V03HO01.png,0,0.529837,0
pdraw_wave,mobilenet_v3_large,brightness,4,C:\Users\ramti\Desktop\ramtin legion pc\article_project\data\raw\pdraw_wave\test\healthy\V04HO01.png,0,0.469078,0
pdraw_wave,mobilenet_v3_large,brightness,4,C:\Users\ramti\Desktop\ramtin legion pc\article_project\data\raw\pdraw_wave\test\healthy\V05HO01.png,0,0.724853,1
pdraw_wave,mobilenet_v3_large,brightness,4,C:\Users\ramti\Desktop\ramtin legion pc\article_project\data\raw\pdraw_wave\test\healthy\V06HO01.png,0,0.571602,0
pdraw_wave,mobilenet_v3_large,brightness,4,C:\Users\ramti\Desktop\ramtin legion pc\article_project\data\raw\pdraw_wave\test\healthy\V07HO01.png,0,0.335670,0
pdraw_wave,mobilenet_v3_large,brightness,4,C:\Users\ramti\Desktop\ramtin legion pc\article_project\data\raw\pdraw_wave\test\healthy\V08HO01.png,0,0.378987,0
pdraw_wave,mobilenet_v3_large,brightness,4,C:\Users\ramti\Desktop\ramtin legion pc\article_project\data\raw\pdraw_wave\test\healthy\V09HO01.png,0,0.409125,0
pdraw_wave,mobilenet_v3_large,brightness,4,C:\Users\ramti\Desktop\ramtin legion pc\article_project\data\raw\pdraw_wave\test\healthy\V10HO01.png,0,0.577773,0
pdraw_wave,mobilenet_v3_large,brightness,4,C:\Users\ramti\Desktop\ramtin legion pc\article_project\data\raw\pdraw_wave\test\healthy\V11HO01.png,0,0.419186,0
pdraw_wave,mobilenet_v3_large,brightness,4,C:\Users\ramti\Desktop\ramtin legion pc\article_project\data\raw\pdraw_wave\test\healthy\V55HO08.png,0,0.473716,0
pdraw_wave,mobilenet_v3_large,brightness,4,C:\Users\ramti\Desktop\ramtin legion pc\article_project\data\raw\pdraw_wave\test\healthy\V55HO09.png,0,0.516083,0
pdraw_wave,mobilenet_v3_large,brightness,4,C:\Users\ramti\Desktop\ramtin legion pc\article_project\data\raw\pdraw_wave\test\healthy\V55HO10.png,0,0.503709,0
pdraw_wave,mobilenet_v3_large,brightness,4,C:\Users\ramti\Desktop\ramtin legion pc\article_project\data\raw\pdraw_wave\test\healthy\V55HO11.png,0,0.705987,1
pdraw_wave,mobilenet_v3_large,brightness,4,C:\Users\ramti\Desktop\ramtin legion pc\article_project\data\raw\pdraw_wave\test\parkinson\V01PO01.png,1,0.504718,0
pdraw_wave,mobilenet_v3_large,brightness,4,C:\Users\ramti\Desktop\ramtin legion pc\article_project\data\raw\pdraw_wave\test\parkinson\V02PO01.png,1,0.789134,1
pdraw_wave,mobilenet_v3_large,brightness,4,C:\Users\ramti\Desktop\ramtin legion pc\article_project\data\raw\pdraw_wave\test\parkinson\V03PO01.png,1,0.722836,1
pdraw_wave,mobilenet_v3_large,brightness,4,C:\Users\ramti\Desktop\ramtin legion pc\article_project\data\raw\pdraw_wave\test\parkinson\V03PO04.png,1,0.809354,1
pdraw_wave,mobilenet_v3_large,brightness,4,C:\Users\ramti\Desktop\ramtin legion pc\article_project\data\raw\pdraw_wave\test\parkinson\V03PO07.png,1,0.759594,1
pdraw_wave,mobilenet_v3_large,brightness,4,C:\Users\ramti\Desktop\ramtin legion pc\article_project\data\raw\pdraw_wave\test\parkinson\V04PO01.png,1,0.886952,1
pdraw_wave,mobilenet_v3_large,brightness,4,C:\Users\ramti\Desktop\ramtin legion pc\article_project\data\raw\pdraw_wave\test\parkinson\V05PO01.png,1,0.819077,1
pdraw_wave,mobilenet_v3_large,brightness,4,C:\Users\ramti\Desktop\ramtin legion pc\article_project\data\raw\pdraw_wave\test\parkinson\V06PO01.png,1,0.651691,1
pdraw_wave,mobilenet_v3_large,brightness,4,C:\Users\ramti\Desktop\ramtin legion pc\article_project\data\raw\pdraw_wave\test\parkinson\V07PO01.png,1,0.652102,1
pdraw_wave,mobilenet_v3_large,brightness,4,C:\Users\ramti\Desktop\ramtin legion pc\article_project\data\raw\pdraw_wave\test\parkinson\V08PO01.png,1,0.443895,0
pdraw_wave,mobilenet_v3_large,brightness,4,C:\Users\ramti\Desktop\ramtin legion pc\article_project\data\raw\pdraw_wave\test\parkinson\V09PO01.png,1,0.820541,1
pdraw_wave,mobilenet_v3_large,brightness,4,C:\Users\ramti\Desktop\ramtin legion pc\article_project\data\raw\pdraw_wave\test\parkinson\V10PO01.png,1,0.732627,1
pdraw_wave,mobilenet_v3_large,brightness,4,C:\Users\ramti\Desktop\ramtin legion pc\article_project\data\raw\pdraw_wave\test\parkinson\V11PO01.png,1,0.496191,0
pdraw_wave,mobilenet_v3_large,brightness,4,C:\Users\ramti\Desktop\ramtin legion pc\article_project\data\raw\pdraw_wave\test\parkinson\V14PO01.png,1,0.906055,1
pdraw_wave,mobilenet_v3_large,brightness,4,C:\Users\ramti\Desktop\ramtin legion pc\article_project\data\raw\pdraw_wave\test\parkinson\V14PO03.png,1,0.910796,1
pdraw_wave,mobilenet_v3_large,brightness,5,C:\Users\ramti\Desktop\ramtin legion pc\article_project\data\raw\pdraw_wave\test\healthy\V01HO01.png,0,0.666632,1
pdraw_wave,mobilenet_v3_large,brightness,5,C:\Users\ramti\Desktop\ramtin legion pc\article_project\data\raw\pdraw_wave\test\healthy\V02HO01.png,0,0.320559,0
pdraw_wave,mobilenet_v3_large,brightness,5,C:\Users\ramti\Desktop\ramtin legion pc\article_project\data\raw\pdraw_wave\test\healthy\V03HO01.png,0,0.483953,0
pdraw_wave,mobilenet_v3_large,brightness,5,C:\Users\ramti\Desktop\ramtin legion pc\article_project\data\raw\pdraw_wave\test\healthy\V04HO01.png,0,0.370370,0
pdraw_wave,mobilenet_v3_large,brightness,5,C:\Users\ramti\Desktop\ramtin legion pc\article_project\data\raw\pdraw_wave\test\healthy\V05HO01.png,0,0.617154,0
pdraw_wave,mobilenet_v3_large,brightness,5,C:\Users\ramti\Desktop\ramtin legion pc\article_project\data\raw\pdraw_wave\test\healthy\V06HO01.png,0,0.497397,0
pdraw_wave,mobilenet_v3_large,brightness,5,C:\Users\ramti\Desktop\ramtin legion pc\article_project\data\raw\pdraw_wave\test\healthy\V07HO01.png,0,0.433601,0
pdraw_wave,mobilenet_v3_large,brightness,5,C:\Users\ramti\Desktop\ramtin legion pc\article_project\data\raw\pdraw_wave\test\healthy\V08HO01.png,0,0.319680,0
pdraw_wave,mobilenet_v3_large,brightness,5,C:\Users\ramti\Desktop\ramtin legion pc\article_project\data\raw\pdraw_wave\test\healthy\V09HO01.png,0,0.322367,0
pdraw_wave,mobilenet_v3_large,brightness,5,C:\Users\ramti\Desktop\ramtin legion pc\article_project\data\raw\pdraw_wave\test\healthy\V10HO01.png,0,0.526068,0
pdraw_wave,mobilenet_v3_large,brightness,5,C:\Users\ramti\Desktop\ramtin legion pc\article_project\data\raw\pdraw_wave\test\healthy\V11HO01.png,0,0.368769,0
pdraw_wave,mobilenet_v3_large,brightness,5,C:\Users\ramti\Desktop\ramtin legion pc\article_project\data\raw\pdraw_wave\test\healthy\V55HO08.png,0,0.382919,0
pdraw_wave,mobilenet_v3_large,brightness,5,C:\Users\ramti\Desktop\ramtin legion pc\article_project\data\raw\pdraw_wave\test\healthy\V55HO09.png,0,0.442907,0
pdraw_wave,mobilenet_v3_large,brightness,5,C:\Users\ramti\Desktop\ramtin legion pc\article_project\data\raw\pdraw_wave\test\healthy\V55HO10.png,0,0.459938,0
pdraw_wave,mobilenet_v3_large,brightness,5,C:\Users\ramti\Desktop\ramtin legion pc\article_project\data\raw\pdraw_wave\test\healthy\V55HO11.png,0,0.669484,1
pdraw_wave,mobilenet_v3_large,brightness,5,C:\Users\ramti\Desktop\ramtin legion pc\article_project\data\raw\pdraw_wave\test\parkinson\V01PO01.png,1,0.447523,0
pdraw_wave,mobilenet_v3_large,brightness,5,C:\Users\ramti\Desktop\ramtin legion pc\article_project\data\raw\pdraw_wave\test\parkinson\V02PO01.png,1,0.785895,1
pdraw_wave,mobilenet_v3_large,brightness,5,C:\Users\ramti\Desktop\ramtin legion pc\article_project\data\raw\pdraw_wave\test\parkinson\V03PO01.png,1,0.652263,1
pdraw_wave,mobilenet_v3_large,brightness,5,C:\Users\ramti\Desktop\ramtin legion pc\article_project\data\raw\pdraw_wave\test\parkinson\V03PO04.png,1,0.776845,1
pdraw_wave,mobilenet_v3_large,brightness,5,C:\Users\ramti\Desktop\ramtin legion pc\article_project\data\raw\pdraw_wave\test\parkinson\V03PO07.png,1,0.743097,1
pdraw_wave,mobilenet_v3_large,brightness,5,C:\Users\ramti\Desktop\ramtin legion pc\article_project\data\raw\pdraw_wave\test\parkinson\V04PO01.png,1,0.862872,1
pdraw_wave,mobilenet_v3_large,brightness,5,C:\Users\ramti\Desktop\ramtin legion pc\article_project\data\raw\pdraw_wave\test\parkinson\V05PO01.png,1,0.799515,1
pdraw_wave,mobilenet_v3_large,brightness,5,C:\Users\ramti\Desktop\ramtin legion pc\article_project\data\raw\pdraw_wave\test\parkinson\V06PO01.png,1,0.602141,0
pdraw_wave,mobilenet_v3_large,brightness,5,C:\Users\ramti\Desktop\ramtin legion pc\article_project\data\raw\pdraw_wave\test\parkinson\V07PO01.png,1,0.616854,0
pdraw_wave,mobilenet_v3_large,brightness,5,C:\Users\ramti\Desktop\ramtin legion pc\article_project\data\raw\pdraw_wave\test\parkinson\V08PO01.png,1,0.404591,0
pdraw_wave,mobilenet_v3_large,brightness,5,C:\Users\ramti\Desktop\ramtin legion pc\article_project\data\raw\pdraw_wave\test\parkinson\V09PO01.png,1,0.794176,1
pdraw_wave,mobilenet_v3_large,brightness,5,C:\Users\ramti\Desktop\ramtin legion pc\article_project\data\raw\pdraw_wave\test\parkinson\V10PO01.png,1,0.677235,1
pdraw_wave,mobilenet_v3_large,brightness,5,C:\Users\ramti\Desktop\ramtin legion pc\article_project\data\raw\pdraw_wave\test\parkinson\V11PO01.png,1,0.386105,0
pdraw_wave,mobilenet_v3_large,brightness,5,C:\Users\ramti\Desktop\ramtin legion pc\article_project\data\raw\pdraw_wave\test\parkinson\V14PO01.png,1,0.884513,1
pdraw_wave,mobilenet_v3_large,brightness,5,C:\Users\ramti\Desktop\ramtin legion pc\article_project\data\raw\pdraw_wave\test\parkinson\V14PO03.png,1,0.897694,1
pdraw_wave,mobilenet_v3_large,shadow,1,C:\Users\ramti\Desktop\ramtin legion pc\article_project\data\raw\pdraw_wave\test\healthy\V01HO01.png,0,0.518684,0
pdraw_wave,mobilenet_v3_large,shadow,1,C:\Users\ramti\Desktop\ramtin legion pc\article_project\data\raw\pdraw_wave\test\healthy\V02HO01.png,0,0.266125,0
pdraw_wave,mobilenet_v3_large,shadow,1,C:\Users\ramti\Desktop\ramtin legion pc\article_project\data\raw\pdraw_wave\test\healthy\V03HO01.png,0,0.255997,0
pdraw_wave,mobilenet_v3_large,shadow,1,C:\Users\ramti\Desktop\ramtin legion pc\article_project\data\raw\pdraw_wave\test\healthy\V04HO01.png,0,0.188309,0
pdraw_wave,mobilenet_v3_large,shadow,1,C:\Users\ramti\Desktop\ramtin legion pc\article_project\data\raw\pdraw_wave\test\healthy\V05HO01.png,0,0.637641,0
pdraw_wave,mobilenet_v3_large,shadow,1,C:\Users\ramti\Desktop\ramtin legion pc\article_project\data\raw\pdraw_wave\test\healthy\V06HO01.png,0,0.641496,0
pdraw_wave,mobilenet_v3_large,shadow,1,C:\Users\ramti\Desktop\ramtin legion pc\article_project\data\raw\pdraw_wave\test\healthy\V07HO01.png,0,0.185598,0
pdraw_wave,mobilenet_v3_large,shadow,1,C:\Users\ramti\Desktop\ramtin legion pc\article_project\data\raw\pdraw_wave\test\healthy\V08HO01.png,0,0.539519,0
pdraw_wave,mobilenet_v3_large,shadow,1,C:\Users\ramti\Desktop\ramtin legion pc\article_project\data\raw\pdraw_wave\test\healthy\V09HO01.png,0,0.361899,0
pdraw_wave,mobilenet_v3_large,shadow,1,C:\Users\ramti\Desktop\ramtin legion pc\article_project\data\raw\pdraw_wave\test\healthy\V10HO01.png,0,0.379222,0
pdraw_wave,mobilenet_v3_large,shadow,1,C:\Users\ramti\Desktop\ramtin legion pc\article_project\data\raw\pdraw_wave\test\healthy\V11HO01.png,0,0.402955,0
pdraw_wave,mobilenet_v3_large,shadow,1,C:\Users\ramti\Desktop\ramtin legion pc\article_project\data\raw\pdraw_wave\test\healthy\V55HO08.png,0,0.298454,0
pdraw_wave,mobilenet_v3_large,shadow,1,C:\Users\ramti\Desktop\ramtin legion pc\article_project\data\raw\pdraw_wave\test\healthy\V55HO09.png,0,0.281048,0
pdraw_wave,mobilenet_v3_large,shadow,1,C:\Users\ramti\Desktop\ramtin legion pc\article_project\data\raw\pdraw_wave\test\healthy\V55HO10.png,0,0.273364,0
pdraw_wave,mobilenet_v3_large,shadow,1,C:\Users\ramti\Desktop\ramtin legion pc\article_project\data\raw\pdraw_wave\test\healthy\V55HO11.png,0,0.568125,0
pdraw_wave,mobilenet_v3_large,shadow,1,C:\Users\ramti\Desktop\ramtin legion pc\article_project\data\raw\pdraw_wave\test\parkinson\V01PO01.png,1,0.317492,0
pdraw_wave,mobilenet_v3_large,shadow,1,C:\Users\ramti\Desktop\ramtin legion pc\article_project\data\raw\pdraw_wave\test\parkinson\V02PO01.png,1,0.802226,1
pdraw_wave,mobilenet_v3_large,shadow,1,C:\Users\ramti\Desktop\ramtin legion pc\article_project\data\raw\pdraw_wave\test\parkinson\V03PO01.png,1,0.872750,1
pdraw_wave,mobilenet_v3_large,shadow,1,C:\Users\ramti\Desktop\ramtin legion pc\article_project\data\raw\pdraw_wave\test\parkinson\V03PO04.png,1,0.905617,1
pdraw_wave,mobilenet_v3_large,shadow,1,C:\Users\ramti\Desktop\ramtin legion pc\article_project\data\raw\pdraw_wave\test\parkinson\V03PO07.png,1,0.854366,1
pdraw_wave,mobilenet_v3_large,shadow,1,C:\Users\ramti\Desktop\ramtin legion pc\article_project\data\raw\pdraw_wave\test\parkinson\V04PO01.png,1,0.872964,1
pdraw_wave,mobilenet_v3_large,shadow,1,C:\Users\ramti\Desktop\ramtin legion pc\article_project\data\raw\pdraw_wave\test\parkinson\V05PO01.png,1,0.877318,1
pdraw_wave,mobilenet_v3_large,shadow,1,C:\Users\ramti\Desktop\ramtin legion pc\article_project\data\raw\pdraw_wave\test\parkinson\V06PO01.png,1,0.791739,1
pdraw_wave,mobilenet_v3_large,shadow,1,C:\Users\ramti\Desktop\ramtin legion pc\article_project\data\raw\pdraw_wave\test\parkinson\V07PO01.png,1,0.880665,1
pdraw_wave,mobilenet_v3_large,shadow,1,C:\Users\ramti\Desktop\ramtin legion pc\article_project\data\raw\pdraw_wave\test\parkinson\V08PO01.png,1,0.330186,0
pdraw_wave,mobilenet_v3_large,shadow,1,C:\Users\ramti\Desktop\ramtin legion pc\article_project\data\raw\pdraw_wave\test\parkinson\V09PO01.png,1,0.874605,1
pdraw_wave,mobilenet_v3_large,shadow,1,C:\Users\ramti\Desktop\ramtin legion pc\article_project\data\raw\pdraw_wave\test\parkinson\V10PO01.png,1,0.713176,1
pdraw_wave,mobilenet_v3_large,shadow,1,C:\Users\ramti\Desktop\ramtin legion pc\article_project\data\raw\pdraw_wave\test\parkinson\V11PO01.png,1,0.615956,0
pdraw_wave,mobilenet_v3_large,shadow,1,C:\Users\ramti\Desktop\ramtin legion pc\article_project\data\raw\pdraw_wave\test\parkinson\V14PO01.png,1,0.936161,1
pdraw_wave,mobilenet_v3_large,shadow,1,C:\Users\ramti\Desktop\ramtin legion pc\article_project\data\raw\pdraw_wave\test\parkinson\V14PO03.png,1,0.913139,1
pdraw_wave,mobilenet_v3_large,shadow,2,C:\Users\ramti\Desktop\ramtin legion pc\article_project\data\raw\pdraw_wave\test\healthy\V01HO01.png,0,0.474879,0
pdraw_wave,mobilenet_v3_large,shadow,2,C:\Users\ramti\Desktop\ramtin legion pc\article_project\data\raw\pdraw_wave\test\healthy\V02HO01.png,0,0.252098,0
pdraw_wave,mobilenet_v3_large,shadow,2,C:\Users\ramti\Desktop\ramtin legion pc\article_project\data\raw\pdraw_wave\test\healthy\V03HO01.png,0,0.236172,0
pdraw_wave,mobilenet_v3_large,shadow,2,C:\Users\ramti\Desktop\ramtin legion pc\article_project\data\raw\pdraw_wave\test\healthy\V04HO01.png,0,0.173571,0
pdraw_wave,mobilenet_v3_large,shadow,2,C:\Users\ramti\Desktop\ramtin legion pc\article_project\data\raw\pdraw_wave\test\healthy\V05HO01.png,0,0.602860,0
pdraw_wave,mobilenet_v3_large,shadow,2,C:\Users\ramti\Desktop\ramtin legion pc\article_project\data\raw\pdraw_wave\test\healthy\V06HO01.png,0,0.625949,0
pdraw_wave,mobilenet_v3_large,shadow,2,C:\Users\ramti\Desktop\ramtin legion pc\article_project\data\raw\pdraw_wave\test\healthy\V07HO01.png,0,0.190350,0
pdraw_wave,mobilenet_v3_large,shadow,2,C:\Users\ramti\Desktop\ramtin legion pc\article_project\data\raw\pdraw_wave\test\healthy\V08HO01.png,0,0.528482,0
pdraw_wave,mobilenet_v3_large,shadow,2,C:\Users\ramti\Desktop\ramtin legion pc\article_project\data\raw\pdraw_wave\test\healthy\V09HO01.png,0,0.332637,0
pdraw_wave,mobilenet_v3_large,shadow,2,C:\Users\ramti\Desktop\ramtin legion pc\article_project\data\raw\pdraw_wave\test\healthy\V10HO01.png,0,0.351560,0
pdraw_wave,mobilenet_v3_large,shadow,2,C:\Users\ramti\Desktop\ramtin legion pc\article_project\data\raw\pdraw_wave\test\healthy\V11HO01.png,0,0.365873,0
pdraw_wave,mobilenet_v3_large,shadow,2,C:\Users\ramti\Desktop\ramtin legion pc\article_project\data\raw\pdraw_wave\test\healthy\V55HO08.png,0,0.298619,0
pdraw_wave,mobilenet_v3_large,shadow,2,C:\Users\ramti\Desktop\ramtin legion pc\article_project\data\raw\pdraw_wave\test\healthy\V55HO09.png,0,0.254452,0
pdraw_wave,mobilenet_v3_large,shadow,2,C:\Users\ramti\Desktop\ramtin legion pc\article_project\data\raw\pdraw_wave\test\healthy\V55HO10.png,0,0.252729,0
pdraw_wave,mobilenet_v3_large,shadow,2,C:\Users\ramti\Desktop\ramtin legion pc\article_project\data\raw\pdraw_wave\test\healthy\V55HO11.png,0,0.538763,0
pdraw_wave,mobilenet_v3_large,shadow,2,C:\Users\ramti\Desktop\ramtin legion pc\article_project\data\raw\pdraw_wave\test\parkinson\V01PO01.png,1,0.294972,0
pdraw_wave,mobilenet_v3_large,shadow,2,C:\Users\ramti\Desktop\ramtin legion pc\article_project\data\raw\pdraw_wave\test\parkinson\V02PO01.png,1,0.764149,1
pdraw_wave,mobilenet_v3_large,shadow,2,C:\Users\ramti\Desktop\ramtin legion pc\article_project\data\raw\pdraw_wave\test\parkinson\V03PO01.png,1,0.866839,1
pdraw_wave,mobilenet_v3_large,shadow,2,C:\Users\ramti\Desktop\ramtin legion pc\article_project\data\raw\pdraw_wave\test\parkinson\V03PO04.png,1,0.890130,1
pdraw_wave,mobilenet_v3_large,shadow,2,C:\Users\ramti\Desktop\ramtin legion pc\article_project\data\raw\pdraw_wave\test\parkinson\V03PO07.png,1,0.840848,1
pdraw_wave,mobilenet_v3_large,shadow,2,C:\Users\ramti\Desktop\ramtin legion pc\article_project\data\raw\pdraw_wave\test\parkinson\V04PO01.png,1,0.853291,1
pdraw_wave,mobilenet_v3_large,shadow,2,C:\Users\ramti\Desktop\ramtin legion pc\article_project\data\raw\pdraw_wave\test\parkinson\V05PO01.png,1,0.834223,1
pdraw_wave,mobilenet_v3_large,shadow,2,C:\Users\ramti\Desktop\ramtin legion pc\article_project\data\raw\pdraw_wave\test\parkinson\V06PO01.png,1,0.749872,1
pdraw_wave,mobilenet_v3_large,shadow,2,C:\Users\ramti\Desktop\ramtin legion pc\article_project\data\raw\pdraw_wave\test\parkinson\V07PO01.png,1,0.864348,1
pdraw_wave,mobilenet_v3_large,shadow,2,C:\Users\ramti\Desktop\ramtin legion pc\article_project\data\raw\pdraw_wave\test\parkinson\V08PO01.png,1,0.310954,0
pdraw_wave,mobilenet_v3_large,shadow,2,C:\Users\ramti\Desktop\ramtin legion pc\article_project\data\raw\pdraw_wave\test\parkinson\V09PO01.png,1,0.867367,1
pdraw_wave,mobilenet_v3_large,shadow,2,C:\Users\ramti\Desktop\ramtin legion pc\article_project\data\raw\pdraw_wave\test\parkinson\V10PO01.png,1,0.679450,1
pdraw_wave,mobilenet_v3_large,shadow,2,C:\Users\ramti\Desktop\ramtin legion pc\article_project\data\raw\pdraw_wave\test\parkinson\V11PO01.png,1,0.576515,0
pdraw_wave,mobilenet_v3_large,shadow,2,C:\Users\ramti\Desktop\ramtin legion pc\article_project\data\raw\pdraw_wave\test\parkinson\V14PO01.png,1,0.922512,1
pdraw_wave,mobilenet_v3_large,shadow,2,C:\Users\ramti\Desktop\ramtin legion pc\article_project\data\raw\pdraw_wave\test\parkinson\V14PO03.png,1,0.894812,1
pdraw_wave,mobilenet_v3_large,shadow,3,C:\Users\ramti\Desktop\ramtin legion pc\article_project\data\raw\pdraw_wave\test\healthy\V01HO01.png,0,0.460244,0
pdraw_wave,mobilenet_v3_large,shadow,3,C:\Users\ramti\Desktop\ramtin legion pc\article_project\data\raw\pdraw_wave\test\healthy\V02HO01.png,0,0.230171,0
pdraw_wave,mobilenet_v3_large,shadow,3,C:\Users\ramti\Desktop\ramtin legion pc\article_project\data\raw\pdraw_wave\test\healthy\V03HO01.png,0,0.238777,0
pdraw_wave,mobilenet_v3_large,shadow,3,C:\Users\ramti\Desktop\ramtin legion pc\article_project\data\raw\pdraw_wave\test\healthy\V04HO01.png,0,0.175681,0
pdraw_wave,mobilenet_v3_large,shadow,3,C:\Users\ramti\Desktop\ramtin legion pc\article_project\data\raw\pdraw_wave\test\healthy\V05HO01.png,0,0.551411,0
pdraw_wave,mobilenet_v3_large,shadow,3,C:\Users\ramti\Desktop\ramtin legion pc\article_project\data\raw\pdraw_wave\test\healthy\V06HO01.png,0,0.584876,0
pdraw_wave,mobilenet_v3_large,shadow,3,C:\Users\ramti\Desktop\ramtin legion pc\article_project\data\raw\pdraw_wave\test\healthy\V07HO01.png,0,0.212603,0
pdraw_wave,mobilenet_v3_large,shadow,3,C:\Users\ramti\Desktop\ramtin legion pc\article_project\data\raw\pdraw_wave\test\healthy\V08HO01.png,0,0.511352,0
pdraw_wave,mobilenet_v3_large,shadow,3,C:\Users\ramti\Desktop\ramtin legion pc\article_project\data\raw\pdraw_wave\test\healthy\V09HO01.png,0,0.321613,0
pdraw_wave,mobilenet_v3_large,shadow,3,C:\Users\ramti\Desktop\ramtin legion pc\article_project\data\raw\pdraw_wave\test\healthy\V10HO01.png,0,0.319754,0
pdraw_wave,mobilenet_v3_large,shadow,3,C:\Users\ramti\Desktop\ramtin legion pc\article_project\data\raw\pdraw_wave\test\healthy\V11HO01.png,0,0.342268,0
pdraw_wave,mobilenet_v3_large,shadow,3,C:\Users\ramti\Desktop\ramtin legion pc\article_project\data\raw\pdraw_wave\test\healthy\V55HO08.png,0,0.286514,0
pdraw_wave,mobilenet_v3_large,shadow,3,C:\Users\ramti\Desktop\ramtin legion pc\article_project\data\raw\pdraw_wave\test\healthy\V55HO09.png,0,0.246302,0
pdraw_wave,mobilenet_v3_large,shadow,3,C:\Users\ramti\Desktop\ramtin legion pc\article_project\data\raw\pdraw_wave\test\healthy\V55HO10.png,0,0.254978,0
pdraw_wave,mobilenet_v3_large,shadow,3,C:\Users\ramti\Desktop\ramtin legion pc\article_project\data\raw\pdraw_wave\test\healthy\V55HO11.png,0,0.523381,0
pdraw_wave,mobilenet_v3_large,shadow,3,C:\Users\ramti\Desktop\ramtin legion pc\article_project\data\raw\pdraw_wave\test\parkinson\V01PO01.png,1,0.282912,0
pdraw_wave,mobilenet_v3_large,shadow,3,C:\Users\ramti\Desktop\ramtin legion pc\article_project\data\raw\pdraw_wave\test\parkinson\V02PO01.png,1,0.729106,1
pdraw_wave,mobilenet_v3_large,shadow,3,C:\Users\ramti\Desktop\ramtin legion pc\article_project\data\raw\pdraw_wave\test\parkinson\V03PO01.png,1,0.845914,1
pdraw_wave,mobilenet_v3_large,shadow,3,C:\Users\ramti\Desktop\ramtin legion pc\article_project\data\raw\pdraw_wave\test\parkinson\V03PO04.png,1,0.870628,1
pdraw_wave,mobilenet_v3_large,shadow,3,C:\Users\ramti\Desktop\ramtin legion pc\article_project\data\raw\pdraw_wave\test\parkinson\V03PO07.png,1,0.815475,1
pdraw_wave,mobilenet_v3_large,shadow,3,C:\Users\ramti\Desktop\ramtin legion pc\article_project\data\raw\pdraw_wave\test\parkinson\V04PO01.png,1,0.816698,1
pdraw_wave,mobilenet_v3_large,shadow,3,C:\Users\ramti\Desktop\ramtin legion pc\article_project\data\raw\pdraw_wave\test\parkinson\V05PO01.png,1,0.780713,1
pdraw_wave,mobilenet_v3_large,shadow,3,C:\Users\ramti\Desktop\ramtin legion pc\article_project\data\raw\pdraw_wave\test\parkinson\V06PO01.png,1,0.661671,1
pdraw_wave,mobilenet_v3_large,shadow,3,C:\Users\ramti\Desktop\ramtin legion pc\article_project\data\raw\pdraw_wave\test\parkinson\V07PO01.png,1,0.845048,1
pdraw_wave,mobilenet_v3_large,shadow,3,C:\Users\ramti\Desktop\ramtin legion pc\article_project\data\raw\pdraw_wave\test\parkinson\V08PO01.png,1,0.283428,0
pdraw_wave,mobilenet_v3_large,shadow,3,C:\Users\ramti\Desktop\ramtin legion pc\article_project\data\raw\pdraw_wave\test\parkinson\V09PO01.png,1,0.846786,1
pdraw_wave,mobilenet_v3_large,shadow,3,C:\Users\ramti\Desktop\ramtin legion pc\article_project\data\raw\pdraw_wave\test\parkinson\V10PO01.png,1,0.673899,1
pdraw_wave,mobilenet_v3_large,shadow,3,C:\Users\ramti\Desktop\ramtin legion pc\article_project\data\raw\pdraw_wave\test\parkinson\V11PO01.png,1,0.538266,0
pdraw_wave,mobilenet_v3_large,shadow,3,C:\Users\ramti\Desktop\ramtin legion pc\article_project\data\raw\pdraw_wave\test\parkinson\V14PO01.png,1,0.897646,1
pdraw_wave,mobilenet_v3_large,shadow,3,C:\Users\ramti\Desktop\ramtin legion pc\article_project\data\raw\pdraw_wave\test\parkinson\V14PO03.png,1,0.870762,1
pdraw_wave,mobilenet_v3_large,shadow,4,C:\Users\ramti\Desktop\ramtin legion pc\article_project\data\raw\pdraw_wave\test\healthy\V01HO01.png,0,0.455408,0
pdraw_wave,mobilenet_v3_large,shadow,4,C:\Users\ramti\Desktop\ramtin legion pc\article_project\data\raw\pdraw_wave\test\healthy\V02HO01.png,0,0.230318,0
pdraw_wave,mobilenet_v3_large,shadow,4,C:\Users\ramti\Desktop\ramtin legion pc\article_project\data\raw\pdraw_wave\test\healthy\V03HO01.png,0,0.250802,0
pdraw_wave,mobilenet_v3_large,shadow,4,C:\Users\ramti\Desktop\ramtin legion pc\article_project\data\raw\pdraw_wave\test\healthy\V04HO01.png,0,0.195464,0
pdraw_wave,mobilenet_v3_large,shadow,4,C:\Users\ramti\Desktop\ramtin legion pc\article_project\data\raw\pdraw_wave\test\healthy\V05HO01.png,0,0.517062,0
pdraw_wave,mobilenet_v3_large,shadow,4,C:\Users\ramti\Desktop\ramtin legion pc\article_project\data\raw\pdraw_wave\test\healthy\V06HO01.png,0,0.554184,0
pdraw_wave,mobilenet_v3_large,shadow,4,C:\Users\ramti\Desktop\ramtin legion pc\article_project\data\raw\pdraw_wave\test\healthy\V07HO01.png,0,0.239643,0
pdraw_wave,mobilenet_v3_large,shadow,4,C:\Users\ramti\Desktop\ramtin legion pc\article_project\data\raw\pdraw_wave\test\healthy\V08HO01.png,0,0.495115,0
pdraw_wave,mobilenet_v3_large,shadow,4,C:\Users\ramti\Desktop\ramtin legion pc\article_project\data\raw\pdraw_wave\test\healthy\V09HO01.png,0,0.317551,0
pdraw_wave,mobilenet_v3_large,shadow,4,C:\Users\ramti\Desktop\ramtin legion pc\article_project\data\raw\pdraw_wave\test\healthy\V10HO01.png,0,0.318631,0
pdraw_wave,mobilenet_v3_large,shadow,4,C:\Users\ramti\Desktop\ramtin legion pc\article_project\data\raw\pdraw_wave\test\healthy\V11HO01.png,0,0.350172,0
pdraw_wave,mobilenet_v3_large,shadow,4,C:\Users\ramti\Desktop\ramtin legion pc\article_project\data\raw\pdraw_wave\test\healthy\V55HO08.png,0,0.270309,0
pdraw_wave,mobilenet_v3_large,shadow,4,C:\Users\ramti\Desktop\ramtin legion pc\article_project\data\raw\pdraw_wave\test\healthy\V55HO09.png,0,0.252109,0
pdraw_wave,mobilenet_v3_large,shadow,4,C:\Users\ramti\Desktop\ramtin legion pc\article_project\data\raw\pdraw_wave\test\healthy\V55HO10.png,0,0.273810,0
pdraw_wave,mobilenet_v3_large,shadow,4,C:\Users\ramti\Desktop\ramtin legion pc\article_project\data\raw\pdraw_wave\test\healthy\V55HO11.png,0,0.503312,0
pdraw_wave,mobilenet_v3_large,shadow,4,C:\Users\ramti\Desktop\ramtin legion pc\article_project\data\raw\pdraw_wave\test\parkinson\V01PO01.png,1,0.282701,0
pdraw_wave,mobilenet_v3_large,shadow,4,C:\Users\ramti\Desktop\ramtin legion pc\article_project\data\raw\pdraw_wave\test\parkinson\V02PO01.png,1,0.693316,1
pdraw_wave,mobilenet_v3_large,shadow,4,C:\Users\ramti\Desktop\ramtin legion pc\article_project\data\raw\pdraw_wave\test\parkinson\V03PO01.png,1,0.832194,1
pdraw_wave,mobilenet_v3_large,shadow,4,C:\Users\ramti\Desktop\ramtin legion pc\article_project\data\raw\pdraw_wave\test\parkinson\V03PO04.png,1,0.851488,1
pdraw_wave,mobilenet_v3_large,shadow,4,C:\Users\ramti\Desktop\ramtin legion pc\article_project\data\raw\pdraw_wave\test\parkinson\V03PO07.png,1,0.777174,1
pdraw_wave,mobilenet_v3_large,shadow,4,C:\Users\ramti\Desktop\ramtin legion pc\article_project\data\raw\pdraw_wave\test\parkinson\V04PO01.png,1,0.786687,1
pdraw_wave,mobilenet_v3_large,shadow,4,C:\Users\ramti\Desktop\ramtin legion pc\article_project\data\raw\pdraw_wave\test\parkinson\V05PO01.png,1,0.736645,1
pdraw_wave,mobilenet_v3_large,shadow,4,C:\Users\ramti\Desktop\ramtin legion pc\article_project\data\raw\pdraw_wave\test\parkinson\V06PO01.png,1,0.610917,0
pdraw_wave,mobilenet_v3_large,shadow,4,C:\Users\ramti\Desktop\ramtin legion pc\article_project\data\raw\pdraw_wave\test\parkinson\V07PO01.png,1,0.834079,1
pdraw_wave,mobilenet_v3_large,shadow,4,C:\Users\ramti\Desktop\ramtin legion pc\article_project\data\raw\pdraw_wave\test\parkinson\V08PO01.png,1,0.305560,0
pdraw_wave,mobilenet_v3_large,shadow,4,C:\Users\ramti\Desktop\ramtin legion pc\article_project\data\raw\pdraw_wave\test\parkinson\V09PO01.png,1,0.830771,1
pdraw_wave,mobilenet_v3_large,shadow,4,C:\Users\ramti\Desktop\ramtin legion pc\article_project\data\raw\pdraw_wave\test\parkinson\V10PO01.png,1,0.660814,1
pdraw_wave,mobilenet_v3_large,shadow,4,C:\Users\ramti\Desktop\ramtin legion pc\article_project\data\raw\pdraw_wave\test\parkinson\V11PO01.png,1,0.500483,0
pdraw_wave,mobilenet_v3_large,shadow,4,C:\Users\ramti\Desktop\ramtin legion pc\article_project\data\raw\pdraw_wave\test\parkinson\V14PO01.png,1,0.875811,1
pdraw_wave,mobilenet_v3_large,shadow,4,C:\Users\ramti\Desktop\ramtin legion pc\article_project\data\raw\pdraw_wave\test\parkinson\V14PO03.png,1,0.854589,1
pdraw_wave,mobilenet_v3_large,shadow,5,C:\Users\ramti\Desktop\ramtin legion pc\article_project\data\raw\pdraw_wave\test\healthy\V01HO01.png,0,0.465282,0
pdraw_wave,mobilenet_v3_large,shadow,5,C:\Users\ramti\Desktop\ramtin legion pc\article_project\data\raw\pdraw_wave\test\healthy\V02HO01.png,0,0.250552,0
pdraw_wave,mobilenet_v3_large,shadow,5,C:\Users\ramti\Desktop\ramtin legion pc\article_project\data\raw\pdraw_wave\test\healthy\V03HO01.png,0,0.278350,0
pdraw_wave,mobilenet_v3_large,shadow,5,C:\Users\ramti\Desktop\ramtin legion pc\article_project\data\raw\pdraw_wave\test\healthy\V04HO01.png,0,0.223813,0
pdraw_wave,mobilenet_v3_large,shadow,5,C:\Users\ramti\Desktop\ramtin legion pc\article_project\data\raw\pdraw_wave\test\healthy\V05HO01.png,0,0.494382,0
pdraw_wave,mobilenet_v3_large,shadow,5,C:\Users\ramti\Desktop\ramtin legion pc\article_project\data\raw\pdraw_wave\test\healthy\V06HO01.png,0,0.546894,0
pdraw_wave,mobilenet_v3_large,shadow,5,C:\Users\ramti\Desktop\ramtin legion pc\article_project\data\raw\pdraw_wave\test\healthy\V07HO01.png,0,0.274261,0
pdraw_wave,mobilenet_v3_large,shadow,5,C:\Users\ramti\Desktop\ramtin legion pc\article_project\data\raw\pdraw_wave\test\healthy\V08HO01.png,0,0.493397,0
pdraw_wave,mobilenet_v3_large,shadow,5,C:\Users\ramti\Desktop\ramtin legion pc\article_project\data\raw\pdraw_wave\test\healthy\V09HO01.png,0,0.320396,0
pdraw_wave,mobilenet_v3_large,shadow,5,C:\Users\ramti\Desktop\ramtin legion pc\article_project\data\raw\pdraw_wave\test\healthy\V10HO01.png,0,0.327088,0
pdraw_wave,mobilenet_v3_large,shadow,5,C:\Users\ramti\Desktop\ramtin legion pc\article_project\data\raw\pdraw_wave\test\healthy\V11HO01.png,0,0.347309,0
pdraw_wave,mobilenet_v3_large,shadow,5,C:\Users\ramti\Desktop\ramtin legion pc\article_project\data\raw\pdraw_wave\test\healthy\V55HO08.png,0,0.281031,0
pdraw_wave,mobilenet_v3_large,shadow,5,C:\Users\ramti\Desktop\ramtin legion pc\article_project\data\raw\pdraw_wave\test\healthy\V55HO09.png,0,0.265308,0
pdraw_wave,mobilenet_v3_large,shadow,5,C:\Users\ramti\Desktop\ramtin legion pc\article_project\data\raw\pdraw_wave\test\healthy\V55HO10.png,0,0.306228,0
pdraw_wave,mobilenet_v3_large,shadow,5,C:\Users\ramti\Desktop\ramtin legion pc\article_project\data\raw\pdraw_wave\test\healthy\V55HO11.png,0,0.494519,0
pdraw_wave,mobilenet_v3_large,shadow,5,C:\Users\ramti\Desktop\ramtin legion pc\article_project\data\raw\pdraw_wave\test\parkinson\V01PO01.png,1,0.293547,0
pdraw_wave,mobilenet_v3_large,shadow,5,C:\Users\ramti\Desktop\ramtin legion pc\article_project\data\raw\pdraw_wave\test\parkinson\V02PO01.png,1,0.668273,1
pdraw_wave,mobilenet_v3_large,shadow,5,C:\Users\ramti\Desktop\ramtin legion pc\article_project\data\raw\pdraw_wave\test\parkinson\V03PO01.png,1,0.819150,1
pdraw_wave,mobilenet_v3_large,shadow,5,C:\Users\ramti\Desktop\ramtin legion pc\article_project\data\raw\pdraw_wave\test\parkinson\V03PO04.png,1,0.835568,1
pdraw_wave,mobilenet_v3_large,shadow,5,C:\Users\ramti\Desktop\ramtin legion pc\article_project\data\raw\pdraw_wave\test\parkinson\V03PO07.png,1,0.727948,1
pdraw_wave,mobilenet_v3_large,shadow,5,C:\Users\ramti\Desktop\ramtin legion pc\article_project\data\raw\pdraw_wave\test\parkinson\V04PO01.png,1,0.771591,1
pdraw_wave,mobilenet_v3_large,shadow,5,C:\Users\ramti\Desktop\ramtin legion pc\article_project\data\raw\pdraw_wave\test\parkinson\V05PO01.png,1,0.703222,1
pdraw_wave,mobilenet_v3_large,shadow,5,C:\Users\ramti\Desktop\ramtin legion pc\article_project\data\raw\pdraw_wave\test\parkinson\V06PO01.png,1,0.578960,0
pdraw_wave,mobilenet_v3_large,shadow,5,C:\Users\ramti\Desktop\ramtin legion pc\article_project\data\raw\pdraw_wave\test\parkinson\V07PO01.png,1,0.828307,1
pdraw_wave,mobilenet_v3_large,shadow,5,C:\Users\ramti\Desktop\ramtin legion pc\article_project\data\raw\pdraw_wave\test\parkinson\V08PO01.png,1,0.332456,0
pdraw_wave,mobilenet_v3_large,shadow,5,C:\Users\ramti\Desktop\ramtin legion pc\article_project\data\raw\pdraw_wave\test\parkinson\V09PO01.png,1,0.814633,1
pdraw_wave,mobilenet_v3_large,shadow,5,C:\Users\ramti\Desktop\ramtin legion pc\article_project\data\raw\pdraw_wave\test\parkinson\V10PO01.png,1,0.642713,0
pdraw_wave,mobilenet_v3_large,shadow,5,C:\Users\ramti\Desktop\ramtin legion pc\article_project\data\raw\pdraw_wave\test\parkinson\V11PO01.png,1,0.501120,0
pdraw_wave,mobilenet_v3_large,shadow,5,C:\Users\ramti\Desktop\ramtin legion pc\article_project\data\raw\pdraw_wave\test\parkinson\V14PO01.png,1,0.865059,1
pdraw_wave,mobilenet_v3_large,shadow,5,C:\Users\ramti\Desktop\ramtin legion pc\article_project\data\raw\pdraw_wave\test\parkinson\V14PO03.png,1,0.829686,1
pdraw_wave,mobilenet_v3_large,perspective,1,C:\Users\ramti\Desktop\ramtin legion pc\article_project\data\raw\pdraw_wave\test\healthy\V01HO01.png,0,0.640680,0
pdraw_wave,mobilenet_v3_large,perspective,1,C:\Users\ramti\Desktop\ramtin legion pc\article_project\data\raw\pdraw_wave\test\healthy\V02HO01.png,0,0.197475,0
pdraw_wave,mobilenet_v3_large,perspective,1,C:\Users\ramti\Desktop\ramtin legion pc\article_project\data\raw\pdraw_wave\test\healthy\V03HO01.png,0,0.518962,0
pdraw_wave,mobilenet_v3_large,perspective,1,C:\Users\ramti\Desktop\ramtin legion pc\article_project\data\raw\pdraw_wave\test\healthy\V04HO01.png,0,0.326929,0
pdraw_wave,mobilenet_v3_large,perspective,1,C:\Users\ramti\Desktop\ramtin legion pc\article_project\data\raw\pdraw_wave\test\healthy\V05HO01.png,0,0.622008,0
pdraw_wave,mobilenet_v3_large,perspective,1,C:\Users\ramti\Desktop\ramtin legion pc\article_project\data\raw\pdraw_wave\test\healthy\V06HO01.png,0,0.548786,0
pdraw_wave,mobilenet_v3_large,perspective,1,C:\Users\ramti\Desktop\ramtin legion pc\article_project\data\raw\pdraw_wave\test\healthy\V07HO01.png,0,0.240349,0
pdraw_wave,mobilenet_v3_large,perspective,1,C:\Users\ramti\Desktop\ramtin legion pc\article_project\data\raw\pdraw_wave\test\healthy\V08HO01.png,0,0.432816,0
pdraw_wave,mobilenet_v3_large,perspective,1,C:\Users\ramti\Desktop\ramtin legion pc\article_project\data\raw\pdraw_wave\test\healthy\V09HO01.png,0,0.304356,0
pdraw_wave,mobilenet_v3_large,perspective,1,C:\Users\ramti\Desktop\ramtin legion pc\article_project\data\raw\pdraw_wave\test\healthy\V10HO01.png,0,0.485157,0
pdraw_wave,mobilenet_v3_large,perspective,1,C:\Users\ramti\Desktop\ramtin legion pc\article_project\data\raw\pdraw_wave\test\healthy\V11HO01.png,0,0.376672,0
pdraw_wave,mobilenet_v3_large,perspective,1,C:\Users\ramti\Desktop\ramtin legion pc\article_project\data\raw\pdraw_wave\test\healthy\V55HO08.png,0,0.286500,0
pdraw_wave,mobilenet_v3_large,perspective,1,C:\Users\ramti\Desktop\ramtin legion pc\article_project\data\raw\pdraw_wave\test\healthy\V55HO09.png,0,0.461768,0
pdraw_wave,mobilenet_v3_large,perspective,1,C:\Users\ramti\Desktop\ramtin legion pc\article_project\data\raw\pdraw_wave\test\healthy\V55HO10.png,0,0.400740,0
pdraw_wave,mobilenet_v3_large,perspective,1,C:\Users\ramti\Desktop\ramtin legion pc\article_project\data\raw\pdraw_wave\test\healthy\V55HO11.png,0,0.547624,0
pdraw_wave,mobilenet_v3_large,perspective,1,C:\Users\ramti\Desktop\ramtin legion pc\article_project\data\raw\pdraw_wave\test\parkinson\V01PO01.png,1,0.518689,0
pdraw_wave,mobilenet_v3_large,perspective,1,C:\Users\ramti\Desktop\ramtin legion pc\article_project\data\raw\pdraw_wave\test\parkinson\V02PO01.png,1,0.839277,1
pdraw_wave,mobilenet_v3_large,perspective,1,C:\Users\ramti\Desktop\ramtin legion pc\article_project\data\raw\pdraw_wave\test\parkinson\V03PO01.png,1,0.874052,1
pdraw_wave,mobilenet_v3_large,perspective,1,C:\Users\ramti\Desktop\ramtin legion pc\article_project\data\raw\pdraw_wave\test\parkinson\V03PO04.png,1,0.894779,1
pdraw_wave,mobilenet_v3_large,perspective,1,C:\Users\ramti\Desktop\ramtin legion pc\article_project\data\raw\pdraw_wave\test\parkinson\V03PO07.png,1,0.838164,1
pdraw_wave,mobilenet_v3_large,perspective,1,C:\Users\ramti\Desktop\ramtin legion pc\article_project\data\raw\pdraw_wave\test\parkinson\V04PO01.png,1,0.855211,1
pdraw_wave,mobilenet_v3_large,perspective,1,C:\Users\ramti\Desktop\ramtin legion pc\article_project\data\raw\pdraw_wave\test\parkinson\V05PO01.png,1,0.856270,1
pdraw_wave,mobilenet_v3_large,perspective,1,C:\Users\ramti\Desktop\ramtin legion pc\article_project\data\raw\pdraw_wave\test\parkinson\V06PO01.png,1,0.760386,1
pdraw_wave,mobilenet_v3_large,perspective,1,C:\Users\ramti\Desktop\ramtin legion pc\article_project\data\raw\pdraw_wave\test\parkinson\V07PO01.png,1,0.857007,1
pdraw_wave,mobilenet_v3_large,perspective,1,C:\Users\ramti\Desktop\ramtin legion pc\article_project\data\raw\pdraw_wave\test\parkinson\V08PO01.png,1,0.340739,0
pdraw_wave,mobilenet_v3_large,perspective,1,C:\Users\ramti\Desktop\ramtin legion pc\article_project\data\raw\pdraw_wave\test\parkinson\V09PO01.png,1,0.828426,1
pdraw_wave,mobilenet_v3_large,perspective,1,C:\Users\ramti\Desktop\ramtin legion pc\article_project\data\raw\pdraw_wave\test\parkinson\V10PO01.png,1,0.690344,1
pdraw_wave,mobilenet_v3_large,perspective,1,C:\Users\ramti\Desktop\ramtin legion pc\article_project\data\raw\pdraw_wave\test\parkinson\V11PO01.png,1,0.611585,0
pdraw_wave,mobilenet_v3_large,perspective,1,C:\Users\ramti\Desktop\ramtin legion pc\article_project\data\raw\pdraw_wave\test\parkinson\V14PO01.png,1,0.920413,1
pdraw_wave,mobilenet_v3_large,perspective,1,C:\Users\ramti\Desktop\ramtin legion pc\article_project\data\raw\pdraw_wave\test\parkinson\V14PO03.png,1,0.896655,1
pdraw_wave,mobilenet_v3_large,perspective,2,C:\Users\ramti\Desktop\ramtin legion pc\article_project\data\raw\pdraw_wave\test\healthy\V01HO01.png,0,0.587777,0
pdraw_wave,mobilenet_v3_large,perspective,2,C:\Users\ramti\Desktop\ramtin legion pc\article_project\data\raw\pdraw_wave\test\healthy\V02HO01.png,0,0.222780,0
pdraw_wave,mobilenet_v3_large,perspective,2,C:\Users\ramti\Desktop\ramtin legion pc\article_project\data\raw\pdraw_wave\test\healthy\V03HO01.png,0,0.502673,0
pdraw_wave,mobilenet_v3_large,perspective,2,C:\Users\ramti\Desktop\ramtin legion pc\article_project\data\raw\pdraw_wave\test\healthy\V04HO01.png,0,0.400831,0
pdraw_wave,mobilenet_v3_large,perspective,2,C:\Users\ramti\Desktop\ramtin legion pc\article_project\data\raw\pdraw_wave\test\healthy\V05HO01.png,0,0.594729,0
pdraw_wave,mobilenet_v3_large,perspective,2,C:\Users\ramti\Desktop\ramtin legion pc\article_project\data\raw\pdraw_wave\test\healthy\V06HO01.png,0,0.510768,0
pdraw_wave,mobilenet_v3_large,perspective,2,C:\Users\ramti\Desktop\ramtin legion pc\article_project\data\raw\pdraw_wave\test\healthy\V07HO01.png,0,0.218477,0
pdraw_wave,mobilenet_v3_large,perspective,2,C:\Users\ramti\Desktop\ramtin legion pc\article_project\data\raw\pdraw_wave\test\healthy\V08HO01.png,0,0.392794,0
pdraw_wave,mobilenet_v3_large,perspective,2,C:\Users\ramti\Desktop\ramtin legion pc\article_project\data\raw\pdraw_wave\test\healthy\V09HO01.png,0,0.358161,0
pdraw_wave,mobilenet_v3_large,perspective,2,C:\Users\ramti\Desktop\ramtin legion pc\article_project\data\raw\pdraw_wave\test\healthy\V10HO01.png,0,0.453432,0
pdraw_wave,mobilenet_v3_large,perspective,2,C:\Users\ramti\Desktop\ramtin legion pc\article_project\data\raw\pdraw_wave\test\healthy\V11HO01.png,0,0.350707,0
pdraw_wave,mobilenet_v3_large,perspective,2,C:\Users\ramti\Desktop\ramtin legion pc\article_project\data\raw\pdraw_wave\test\healthy\V55HO08.png,0,0.306931,0
pdraw_wave,mobilenet_v3_large,perspective,2,C:\Users\ramti\Desktop\ramtin legion pc\article_project\data\raw\pdraw_wave\test\healthy\V55HO09.png,0,0.524131,0
pdraw_wave,mobilenet_v3_large,perspective,2,C:\Users\ramti\Desktop\ramtin legion pc\article_project\data\raw\pdraw_wave\test\healthy\V55HO10.png,0,0.381719,0
pdraw_wave,mobilenet_v3_large,perspective,2,C:\Users\ramti\Desktop\ramtin legion pc\article_project\data\raw\pdraw_wave\test\healthy\V55HO11.png,0,0.611054,0
pdraw_wave,mobilenet_v3_large,perspective,2,C:\Users\ramti\Desktop\ramtin legion pc\article_project\data\raw\pdraw_wave\test\parkinson\V01PO01.png,1,0.515894,0
pdraw_wave,mobilenet_v3_large,perspective,2,C:\Users\ramti\Desktop\ramtin legion pc\article_project\data\raw\pdraw_wave\test\parkinson\V02PO01.png,1,0.818011,1
pdraw_wave,mobilenet_v3_large,perspective,2,C:\Users\ramti\Desktop\ramtin legion pc\article_project\data\raw\pdraw_wave\test\parkinson\V03PO01.png,1,0.864480,1
pdraw_wave,mobilenet_v3_large,perspective,2,C:\Users\ramti\Desktop\ramtin legion pc\article_project\data\raw\pdraw_wave\test\parkinson\V03PO04.png,1,0.883363,1
pdraw_wave,mobilenet_v3_large,perspective,2,C:\Users\ramti\Desktop\ramtin legion pc\article_project\data\raw\pdraw_wave\test\parkinson\V03PO07.png,1,0.838424,1
pdraw_wave,mobilenet_v3_large,perspective,2,C:\Users\ramti\Desktop\ramtin legion pc\article_project\data\raw\pdraw_wave\test\parkinson\V04PO01.png,1,0.809062,1
pdraw_wave,mobilenet_v3_large,perspective,2,C:\Users\ramti\Desktop\ramtin legion pc\article_project\data\raw\pdraw_wave\test\parkinson\V05PO01.png,1,0.876311,1
pdraw_wave,mobilenet_v3_large,perspective,2,C:\Users\ramti\Desktop\ramtin legion pc\article_project\data\raw\pdraw_wave\test\parkinson\V06PO01.png,1,0.812529,1
pdraw_wave,mobilenet_v3_large,perspective,2,C:\Users\ramti\Desktop\ramtin legion pc\article_project\data\raw\pdraw_wave\test\parkinson\V07PO01.png,1,0.841075,1
pdraw_wave,mobilenet_v3_large,perspective,2,C:\Users\ramti\Desktop\ramtin legion pc\article_project\data\raw\pdraw_wave\test\parkinson\V08PO01.png,1,0.343151,0
pdraw_wave,mobilenet_v3_large,perspective,2,C:\Users\ramti\Desktop\ramtin legion pc\article_project\data\raw\pdraw_wave\test\parkinson\V09PO01.png,1,0.875917,1
pdraw_wave,mobilenet_v3_large,perspective,2,C:\Users\ramti\Desktop\ramtin legion pc\article_project\data\raw\pdraw_wave\test\parkinson\V10PO01.png,1,0.689617,1
pdraw_wave,mobilenet_v3_large,perspective,2,C:\Users\ramti\Desktop\ramtin legion pc\article_project\data\raw\pdraw_wave\test\parkinson\V11PO01.png,1,0.590831,0
pdraw_wave,mobilenet_v3_large,perspective,2,C:\Users\ramti\Desktop\ramtin legion pc\article_project\data\raw\pdraw_wave\test\parkinson\V14PO01.png,1,0.886450,1
pdraw_wave,mobilenet_v3_large,perspective,2,C:\Users\ramti\Desktop\ramtin legion pc\article_project\data\raw\pdraw_wave\test\parkinson\V14PO03.png,1,0.881038,1
pdraw_wave,mobilenet_v3_large,perspective,3,C:\Users\ramti\Desktop\ramtin legion pc\article_project\data\raw\pdraw_wave\test\healthy\V01HO01.png,0,0.562221,0
pdraw_wave,mobilenet_v3_large,perspective,3,C:\Users\ramti\Desktop\ramtin legion pc\article_project\data\raw\pdraw_wave\test\healthy\V02HO01.png,0,0.255034,0
pdraw_wave,mobilenet_v3_large,perspective,3,C:\Users\ramti\Desktop\ramtin legion pc\article_project\data\raw\pdraw_wave\test\healthy\V03HO01.png,0,0.488013,0
pdraw_wave,mobilenet_v3_large,perspective,3,C:\Users\ramti\Desktop\ramtin legion pc\article_project\data\raw\pdraw_wave\test\healthy\V04HO01.png,0,0.371687,0
pdraw_wave,mobilenet_v3_large,perspective,3,C:\Users\ramti\Desktop\ramtin legion pc\article_project\data\raw\pdraw_wave\test\healthy\V05HO01.png,0,0.623855,0
pdraw_wave,mobilenet_v3_large,perspective,3,C:\Users\ramti\Desktop\ramtin legion pc\article_project\data\raw\pdraw_wave\test\healthy\V06HO01.png,0,0.416368,0
pdraw_wave,mobilenet_v3_large,perspective,3,C:\Users\ramti\Desktop\ramtin legion pc\article_project\data\raw\pdraw_wave\test\healthy\V07HO01.png,0,0.219979,0
pdraw_wave,mobilenet_v3_large,perspective,3,C:\Users\ramti\Desktop\ramtin legion pc\article_project\data\raw\pdraw_wave\test\healthy\V08HO01.png,0,0.417025,0
pdraw_wave,mobilenet_v3_large,perspective,3,C:\Users\ramti\Desktop\ramtin legion pc\article_project\data\raw\pdraw_wave\test\healthy\V09HO01.png,0,0.353047,0
pdraw_wave,mobilenet_v3_large,perspective,3,C:\Users\ramti\Desktop\ramtin legion pc\article_project\data\raw\pdraw_wave\test\healthy\V10HO01.png,0,0.493049,0
pdraw_wave,mobilenet_v3_large,perspective,3,C:\Users\ramti\Desktop\ramtin legion pc\article_project\data\raw\pdraw_wave\test\healthy\V11HO01.png,0,0.253550,0
pdraw_wave,mobilenet_v3_large,perspective,3,C:\Users\ramti\Desktop\ramtin legion pc\article_project\data\raw\pdraw_wave\test\healthy\V55HO08.png,0,0.313106,0
pdraw_wave,mobilenet_v3_large,perspective,3,C:\Users\ramti\Desktop\ramtin legion pc\article_project\data\raw\pdraw_wave\test\healthy\V55HO09.png,0,0.525488,0
pdraw_wave,mobilenet_v3_large,perspective,3,C:\Users\ramti\Desktop\ramtin legion pc\article_project\data\raw\pdraw_wave\test\healthy\V55HO10.png,0,0.390864,0
pdraw_wave,mobilenet_v3_large,perspective,3,C:\Users\ramti\Desktop\ramtin legion pc\article_project\data\raw\pdraw_wave\test\healthy\V55HO11.png,0,0.600603,0
pdraw_wave,mobilenet_v3_large,perspective,3,C:\Users\ramti\Desktop\ramtin legion pc\article_project\data\raw\pdraw_wave\test\parkinson\V01PO01.png,1,0.456712,0
pdraw_wave,mobilenet_v3_large,perspective,3,C:\Users\ramti\Desktop\ramtin legion pc\article_project\data\raw\pdraw_wave\test\parkinson\V02PO01.png,1,0.817464,1
pdraw_wave,mobilenet_v3_large,perspective,3,C:\Users\ramti\Desktop\ramtin legion pc\article_project\data\raw\pdraw_wave\test\parkinson\V03PO01.png,1,0.873767,1
pdraw_wave,mobilenet_v3_large,perspective,3,C:\Users\ramti\Desktop\ramtin legion pc\article_project\data\raw\pdraw_wave\test\parkinson\V03PO04.png,1,0.828081,1
pdraw_wave,mobilenet_v3_large,perspective,3,C:\Users\ramti\Desktop\ramtin legion pc\article_project\data\raw\pdraw_wave\test\parkinson\V03PO07.png,1,0.835154,1
pdraw_wave,mobilenet_v3_large,perspective,3,C:\Users\ramti\Desktop\ramtin legion pc\article_project\data\raw\pdraw_wave\test\parkinson\V04PO01.png,1,0.809770,1
pdraw_wave,mobilenet_v3_large,perspective,3,C:\Users\ramti\Desktop\ramtin legion pc\article_project\data\raw\pdraw_wave\test\parkinson\V05PO01.png,1,0.827269,1
pdraw_wave,mobilenet_v3_large,perspective,3,C:\Users\ramti\Desktop\ramtin legion pc\article_project\data\raw\pdraw_wave\test\parkinson\V06PO01.png,1,0.760771,1
pdraw_wave,mobilenet_v3_large,perspective,3,C:\Users\ramti\Desktop\ramtin legion pc\article_project\data\raw\pdraw_wave\test\parkinson\V07PO01.png,1,0.821441,1
pdraw_wave,mobilenet_v3_large,perspective,3,C:\Users\ramti\Desktop\ramtin legion pc\article_project\data\raw\pdraw_wave\test\parkinson\V08PO01.png,1,0.302912,0
pdraw_wave,mobilenet_v3_large,perspective,3,C:\Users\ramti\Desktop\ramtin legion pc\article_project\data\raw\pdraw_wave\test\parkinson\V09PO01.png,1,0.860323,1
pdraw_wave,mobilenet_v3_large,perspective,3,C:\Users\ramti\Desktop\ramtin legion pc\article_project\data\raw\pdraw_wave\test\parkinson\V10PO01.png,1,0.685625,1
pdraw_wave,mobilenet_v3_large,perspective,3,C:\Users\ramti\Desktop\ramtin legion pc\article_project\data\raw\pdraw_wave\test\parkinson\V11PO01.png,1,0.522477,0
pdraw_wave,mobilenet_v3_large,perspective,3,C:\Users\ramti\Desktop\ramtin legion pc\article_project\data\raw\pdraw_wave\test\parkinson\V14PO01.png,1,0.859562,1
pdraw_wave,mobilenet_v3_large,perspective,3,C:\Users\ramti\Desktop\ramtin legion pc\article_project\data\raw\pdraw_wave\test\parkinson\V14PO03.png,1,0.866889,1
pdraw_wave,mobilenet_v3_large,perspective,4,C:\Users\ramti\Desktop\ramtin legion pc\article_project\data\raw\pdraw_wave\test\healthy\V01HO01.png,0,0.491719,0
pdraw_wave,mobilenet_v3_large,perspective,4,C:\Users\ramti\Desktop\ramtin legion pc\article_project\data\raw\pdraw_wave\test\healthy\V02HO01.png,0,0.238558,0
pdraw_wave,mobilenet_v3_large,perspective,4,C:\Users\ramti\Desktop\ramtin legion pc\article_project\data\raw\pdraw_wave\test\healthy\V03HO01.png,0,0.424830,0
pdraw_wave,mobilenet_v3_large,perspective,4,C:\Users\ramti\Desktop\ramtin legion pc\article_project\data\raw\pdraw_wave\test\healthy\V04HO01.png,0,0.385097,0
pdraw_wave,mobilenet_v3_large,perspective,4,C:\Users\ramti\Desktop\ramtin legion pc\article_project\data\raw\pdraw_wave\test\healthy\V05HO01.png,0,0.584661,0
pdraw_wave,mobilenet_v3_large,perspective,4,C:\Users\ramti\Desktop\ramtin legion pc\article_project\data\raw\pdraw_wave\test\healthy\V06HO01.png,0,0.388918,0
pdraw_wave,mobilenet_v3_large,perspective,4,C:\Users\ramti\Desktop\ramtin legion pc\article_project\data\raw\pdraw_wave\test\healthy\V07HO01.png,0,0.235302,0
pdraw_wave,mobilenet_v3_large,perspective,4,C:\Users\ramti\Desktop\ramtin legion pc\article_project\data\raw\pdraw_wave\test\healthy\V08HO01.png,0,0.370263,0
pdraw_wave,mobilenet_v3_large,perspective,4,C:\Users\ramti\Desktop\ramtin legion pc\article_project\data\raw\pdraw_wave\test\healthy\V09HO01.png,0,0.332815,0
pdraw_wave,mobilenet_v3_large,perspective,4,C:\Users\ramti\Desktop\ramtin legion pc\article_project\data\raw\pdraw_wave\test\healthy\V10HO01.png,0,0.446966,0
pdraw_wave,mobilenet_v3_large,perspective,4,C:\Users\ramti\Desktop\ramtin legion pc\article_project\data\raw\pdraw_wave\test\healthy\V11HO01.png,0,0.236458,0
pdraw_wave,mobilenet_v3_large,perspective,4,C:\Users\ramti\Desktop\ramtin legion pc\article_project\data\raw\pdraw_wave\test\healthy\V55HO08.png,0,0.299856,0
pdraw_wave,mobilenet_v3_large,perspective,4,C:\Users\ramti\Desktop\ramtin legion pc\article_project\data\raw\pdraw_wave\test\healthy\V55HO09.png,0,0.486860,0
pdraw_wave,mobilenet_v3_large,perspective,4,C:\Users\ramti\Desktop\ramtin legion pc\article_project\data\raw\pdraw_wave\test\healthy\V55HO10.png,0,0.381905,0
pdraw_wave,mobilenet_v3_large,perspective,4,C:\Users\ramti\Desktop\ramtin legion pc\article_project\data\raw\pdraw_wave\test\healthy\V55HO11.png,0,0.630440,0
pdraw_wave,mobilenet_v3_large,perspective,4,C:\Users\ramti\Desktop\ramtin legion pc\article_project\data\raw\pdraw_wave\test\parkinson\V01PO01.png,1,0.438174,0
pdraw_wave,mobilenet_v3_large,perspective,4,C:\Users\ramti\Desktop\ramtin legion pc\article_project\data\raw\pdraw_wave\test\parkinson\V02PO01.png,1,0.805044,1
pdraw_wave,mobilenet_v3_large,perspective,4,C:\Users\ramti\Desktop\ramtin legion pc\article_project\data\raw\pdraw_wave\test\parkinson\V03PO01.png,1,0.840840,1
pdraw_wave,mobilenet_v3_large,perspective,4,C:\Users\ramti\Desktop\ramtin legion pc\article_project\data\raw\pdraw_wave\test\parkinson\V03PO04.png,1,0.839006,1
pdraw_wave,mobilenet_v3_large,perspective,4,C:\Users\ramti\Desktop\ramtin legion pc\article_project\data\raw\pdraw_wave\test\parkinson\V03PO07.png,1,0.797407,1
pdraw_wave,mobilenet_v3_large,perspective,4,C:\Users\ramti\Desktop\ramtin legion pc\article_project\data\raw\pdraw_wave\test\parkinson\V04PO01.png,1,0.786385,1
pdraw_wave,mobilenet_v3_large,perspective,4,C:\Users\ramti\Desktop\ramtin legion pc\article_project\data\raw\pdraw_wave\test\parkinson\V05PO01.png,1,0.793655,1
pdraw_wave,mobilenet_v3_large,perspective,4,C:\Users\ramti\Desktop\ramtin legion pc\article_project\data\raw\pdraw_wave\test\parkinson\V06PO01.png,1,0.745475,1
pdraw_wave,mobilenet_v3_large,perspective,4,C:\Users\ramti\Desktop\ramtin legion pc\article_project\data\raw\pdraw_wave\test\parkinson\V07PO01.png,1,0.769402,1
pdraw_wave,mobilenet_v3_large,perspective,4,C:\Users\ramti\Desktop\ramtin legion pc\article_project\data\raw\pdraw_wave\test\parkinson\V08PO01.png,1,0.301382,0
pdraw_wave,mobilenet_v3_large,perspective,4,C:\Users\ramti\Desktop\ramtin legion pc\article_project\data\raw\pdraw_wave\test\parkinson\V09PO01.png,1,0.838434,1
pdraw_wave,mobilenet_v3_large,perspective,4,C:\Users\ramti\Desktop\ramtin legion pc\article_project\data\raw\pdraw_wave\test\parkinson\V10PO01.png,1,0.680254,1
pdraw_wave,mobilenet_v3_large,perspective,4,C:\Users\ramti\Desktop\ramtin legion pc\article_project\data\raw\pdraw_wave\test\parkinson\V11PO01.png,1,0.534932,0
pdraw_wave,mobilenet_v3_large,perspective,4,C:\Users\ramti\Desktop\ramtin legion pc\article_project\data\raw\pdraw_wave\test\parkinson\V14PO01.png,1,0.866139,1
pdraw_wave,mobilenet_v3_large,perspective,4,C:\Users\ramti\Desktop\ramtin legion pc\article_project\data\raw\pdraw_wave\test\parkinson\V14PO03.png,1,0.842557,1
pdraw_wave,mobilenet_v3_large,perspective,5,C:\Users\ramti\Desktop\ramtin legion pc\article_project\data\raw\pdraw_wave\test\healthy\V01HO01.png,0,0.548338,0
pdraw_wave,mobilenet_v3_large,perspective,5,C:\Users\ramti\Desktop\ramtin legion pc\article_project\data\raw\pdraw_wave\test\healthy\V02HO01.png,0,0.284393,0
pdraw_wave,mobilenet_v3_large,perspective,5,C:\Users\ramti\Desktop\ramtin legion pc\article_project\data\raw\pdraw_wave\test\healthy\V03HO01.png,0,0.413163,0
pdraw_wave,mobilenet_v3_large,perspective,5,C:\Users\ramti\Desktop\ramtin legion pc\article_project\data\raw\pdraw_wave\test\healthy\V04HO01.png,0,0.404363,0
pdraw_wave,mobilenet_v3_large,perspective,5,C:\Users\ramti\Desktop\ramtin legion pc\article_project\data\raw\pdraw_wave\test\healthy\V05HO01.png,0,0.542347,0
pdraw_wave,mobilenet_v3_large,perspective,5,C:\Users\ramti\Desktop\ramtin legion pc\article_project\data\raw\pdraw_wave\test\healthy\V06HO01.png,0,0.375325,0
pdraw_wave,mobilenet_v3_large,perspective,5,C:\Users\ramti\Desktop\ramtin legion pc\article_project\data\raw\pdraw_wave\test\healthy\V07HO01.png,0,0.244397,0
pdraw_wave,mobilenet_v3_large,perspective,5,C:\Users\ramti\Desktop\ramtin legion pc\article_project\data\raw\pdraw_wave\test\healthy\V08HO01.png,0,0.329750,0
pdraw_wave,mobilenet_v3_large,perspective,5,C:\Users\ramti\Desktop\ramtin legion pc\article_project\data\raw\pdraw_wave\test\healthy\V09HO01.png,0,0.376657,0
pdraw_wave,mobilenet_v3_large,perspective,5,C:\Users\ramti\Desktop\ramtin legion pc\article_project\data\raw\pdraw_wave\test\healthy\V10HO01.png,0,0.393940,0
pdraw_wave,mobilenet_v3_large,perspective,5,C:\Users\ramti\Desktop\ramtin legion pc\article_project\data\raw\pdraw_wave\test\healthy\V11HO01.png,0,0.226919,0
pdraw_wave,mobilenet_v3_large,perspective,5,C:\Users\ramti\Desktop\ramtin legion pc\article_project\data\raw\pdraw_wave\test\healthy\V55HO08.png,0,0.306497,0
pdraw_wave,mobilenet_v3_large,perspective,5,C:\Users\ramti\Desktop\ramtin legion pc\article_project\data\raw\pdraw_wave\test\healthy\V55HO09.png,0,0.459141,0
pdraw_wave,mobilenet_v3_large,perspective,5,C:\Users\ramti\Desktop\ramtin legion pc\article_project\data\raw\pdraw_wave\test\healthy\V55HO10.png,0,0.386695,0
pdraw_wave,mobilenet_v3_large,perspective,5,C:\Users\ramti\Desktop\ramtin legion pc\article_project\data\raw\pdraw_wave\test\healthy\V55HO11.png,0,0.603504,0
pdraw_wave,mobilenet_v3_large,perspective,5,C:\Users\ramti\Desktop\ramtin legion pc\article_project\data\raw\pdraw_wave\test\parkinson\V01PO01.png,1,0.406229,0
pdraw_wave,mobilenet_v3_large,perspective,5,C:\Users\ramti\Desktop\ramtin legion pc\article_project\data\raw\pdraw_wave\test\parkinson\V02PO01.png,1,0.839782,1
pdraw_wave,mobilenet_v3_large,perspective,5,C:\Users\ramti\Desktop\ramtin legion pc\article_project\data\raw\pdraw_wave\test\parkinson\V03PO01.png,1,0.848344,1
pdraw_wave,mobilenet_v3_large,perspective,5,C:\Users\ramti\Desktop\ramtin legion pc\article_project\data\raw\pdraw_wave\test\parkinson\V03PO04.png,1,0.850741,1
pdraw_wave,mobilenet_v3_large,perspective,5,C:\Users\ramti\Desktop\ramtin legion pc\article_project\data\raw\pdraw_wave\test\parkinson\V03PO07.png,1,0.782670,1
pdraw_wave,mobilenet_v3_large,perspective,5,C:\Users\ramti\Desktop\ramtin legion pc\article_project\data\raw\pdraw_wave\test\parkinson\V04PO01.png,1,0.760048,1
pdraw_wave,mobilenet_v3_large,perspective,5,C:\Users\ramti\Desktop\ramtin legion pc\article_project\data\raw\pdraw_wave\test\parkinson\V05PO01.png,1,0.781441,1
pdraw_wave,mobilenet_v3_large,perspective,5,C:\Users\ramti\Desktop\ramtin legion pc\article_project\data\raw\pdraw_wave\test\parkinson\V06PO01.png,1,0.754164,1
pdraw_wave,mobilenet_v3_large,perspective,5,C:\Users\ramti\Desktop\ramtin legion pc\article_project\data\raw\pdraw_wave\test\parkinson\V07PO01.png,1,0.737917,1
pdraw_wave,mobilenet_v3_large,perspective,5,C:\Users\ramti\Desktop\ramtin legion pc\article_project\data\raw\pdraw_wave\test\parkinson\V08PO01.png,1,0.294100,0
pdraw_wave,mobilenet_v3_large,perspective,5,C:\Users\ramti\Desktop\ramtin legion pc\article_project\data\raw\pdraw_wave\test\parkinson\V09PO01.png,1,0.826990,1
pdraw_wave,mobilenet_v3_large,perspective,5,C:\Users\ramti\Desktop\ramtin legion pc\article_project\data\raw\pdraw_wave\test\parkinson\V10PO01.png,1,0.719717,1
pdraw_wave,mobilenet_v3_large,perspective,5,C:\Users\ramti\Desktop\ramtin legion pc\article_project\data\raw\pdraw_wave\test\parkinson\V11PO01.png,1,0.539887,0
pdraw_wave,mobilenet_v3_large,perspective,5,C:\Users\ramti\Desktop\ramtin legion pc\article_project\data\raw\pdraw_wave\test\parkinson\V14PO01.png,1,0.849015,1
pdraw_wave,mobilenet_v3_large,perspective,5,C:\Users\ramti\Desktop\ramtin legion pc\article_project\data\raw\pdraw_wave\test\parkinson\V14PO03.png,1,0.805044,1
pdraw_wave,mobilenet_v3_large,rotation,1,C:\Users\ramti\Desktop\ramtin legion pc\article_project\data\raw\pdraw_wave\test\healthy\V01HO01.png,0,0.365334,0
pdraw_wave,mobilenet_v3_large,rotation,1,C:\Users\ramti\Desktop\ramtin legion pc\article_project\data\raw\pdraw_wave\test\healthy\V02HO01.png,0,0.163901,0
pdraw_wave,mobilenet_v3_large,rotation,1,C:\Users\ramti\Desktop\ramtin legion pc\article_project\data\raw\pdraw_wave\test\healthy\V03HO01.png,0,0.272359,0
pdraw_wave,mobilenet_v3_large,rotation,1,C:\Users\ramti\Desktop\ramtin legion pc\article_project\data\raw\pdraw_wave\test\healthy\V04HO01.png,0,0.219301,0
pdraw_wave,mobilenet_v3_large,rotation,1,C:\Users\ramti\Desktop\ramtin legion pc\article_project\data\raw\pdraw_wave\test\healthy\V05HO01.png,0,0.407589,0
pdraw_wave,mobilenet_v3_large,rotation,1,C:\Users\ramti\Desktop\ramtin legion pc\article_project\data\raw\pdraw_wave\test\healthy\V06HO01.png,0,0.368522,0
pdraw_wave,mobilenet_v3_large,rotation,1,C:\Users\ramti\Desktop\ramtin legion pc\article_project\data\raw\pdraw_wave\test\healthy\V07HO01.png,0,0.178477,0
pdraw_wave,mobilenet_v3_large,rotation,1,C:\Users\ramti\Desktop\ramtin legion pc\article_project\data\raw\pdraw_wave\test\healthy\V08HO01.png,0,0.301057,0
pdraw_wave,mobilenet_v3_large,rotation,1,C:\Users\ramti\Desktop\ramtin legion pc\article_project\data\raw\pdraw_wave\test\healthy\V09HO01.png,0,0.188187,0
pdraw_wave,mobilenet_v3_large,rotation,1,C:\Users\ramti\Desktop\ramtin legion pc\article_project\data\raw\pdraw_wave\test\healthy\V10HO01.png,0,0.294706,0
pdraw_wave,mobilenet_v3_large,rotation,1,C:\Users\ramti\Desktop\ramtin legion pc\article_project\data\raw\pdraw_wave\test\healthy\V11HO01.png,0,0.206005,0
pdraw_wave,mobilenet_v3_large,rotation,1,C:\Users\ramti\Desktop\ramtin legion pc\article_project\data\raw\pdraw_wave\test\healthy\V55HO08.png,0,0.181019,0
pdraw_wave,mobilenet_v3_large,rotation,1,C:\Users\ramti\Desktop\ramtin legion pc\article_project\data\raw\pdraw_wave\test\healthy\V55HO09.png,0,0.247188,0
pdraw_wave,mobilenet_v3_large,rotation,1,C:\Users\ramti\Desktop\ramtin legion pc\article_project\data\raw\pdraw_wave\test\healthy\V55HO10.png,0,0.176270,0
pdraw_wave,mobilenet_v3_large,rotation,1,C:\Users\ramti\Desktop\ramtin legion pc\article_project\data\raw\pdraw_wave\test\healthy\V55HO11.png,0,0.329644,0
pdraw_wave,mobilenet_v3_large,rotation,1,C:\Users\ramti\Desktop\ramtin legion pc\article_project\data\raw\pdraw_wave\test\parkinson\V01PO01.png,1,0.273913,0
pdraw_wave,mobilenet_v3_large,rotation,1,C:\Users\ramti\Desktop\ramtin legion pc\article_project\data\raw\pdraw_wave\test\parkinson\V02PO01.png,1,0.615261,0
pdraw_wave,mobilenet_v3_large,rotation,1,C:\Users\ramti\Desktop\ramtin legion pc\article_project\data\raw\pdraw_wave\test\parkinson\V03PO01.png,1,0.762817,1
pdraw_wave,mobilenet_v3_large,rotation,1,C:\Users\ramti\Desktop\ramtin legion pc\article_project\data\raw\pdraw_wave\test\parkinson\V03PO04.png,1,0.824460,1
pdraw_wave,mobilenet_v3_large,rotation,1,C:\Users\ramti\Desktop\ramtin legion pc\article_project\data\raw\pdraw_wave\test\parkinson\V03PO07.png,1,0.585918,0
pdraw_wave,mobilenet_v3_large,rotation,1,C:\Users\ramti\Desktop\ramtin legion pc\article_project\data\raw\pdraw_wave\test\parkinson\V04PO01.png,1,0.800985,1
pdraw_wave,mobilenet_v3_large,rotation,1,C:\Users\ramti\Desktop\ramtin legion pc\article_project\data\raw\pdraw_wave\test\parkinson\V05PO01.png,1,0.691378,1
pdraw_wave,mobilenet_v3_large,rotation,1,C:\Users\ramti\Desktop\ramtin legion pc\article_project\data\raw\pdraw_wave\test\parkinson\V06PO01.png,1,0.595839,0
pdraw_wave,mobilenet_v3_large,rotation,1,C:\Users\ramti\Desktop\ramtin legion pc\article_project\data\raw\pdraw_wave\test\parkinson\V07PO01.png,1,0.789085,1
pdraw_wave,mobilenet_v3_large,rotation,1,C:\Users\ramti\Desktop\ramtin legion pc\article_project\data\raw\pdraw_wave\test\parkinson\V08PO01.png,1,0.150268,0
pdraw_wave,mobilenet_v3_large,rotation,1,C:\Users\ramti\Desktop\ramtin legion pc\article_project\data\raw\pdraw_wave\test\parkinson\V09PO01.png,1,0.872571,1
pdraw_wave,mobilenet_v3_large,rotation,1,C:\Users\ramti\Desktop\ramtin legion pc\article_project\data\raw\pdraw_wave\test\parkinson\V10PO01.png,1,0.502054,0
pdraw_wave,mobilenet_v3_large,rotation,1,C:\Users\ramti\Desktop\ramtin legion pc\article_project\data\raw\pdraw_wave\test\parkinson\V11PO01.png,1,0.384681,0
pdraw_wave,mobilenet_v3_large,rotation,1,C:\Users\ramti\Desktop\ramtin legion pc\article_project\data\raw\pdraw_wave\test\parkinson\V14PO01.png,1,0.622252,0
pdraw_wave,mobilenet_v3_large,rotation,1,C:\Users\ramti\Desktop\ramtin legion pc\article_project\data\raw\pdraw_wave\test\parkinson\V14PO03.png,1,0.630198,0
pdraw_wave,mobilenet_v3_large,rotation,2,C:\Users\ramti\Desktop\ramtin legion pc\article_project\data\raw\pdraw_wave\test\healthy\V01HO01.png,0,0.269152,0
pdraw_wave,mobilenet_v3_large,rotation,2,C:\Users\ramti\Desktop\ramtin legion pc\article_project\data\raw\pdraw_wave\test\healthy\V02HO01.png,0,0.153426,0
pdraw_wave,mobilenet_v3_large,rotation,2,C:\Users\ramti\Desktop\ramtin legion pc\article_project\data\raw\pdraw_wave\test\healthy\V03HO01.png,0,0.218297,0
pdraw_wave,mobilenet_v3_large,rotation,2,C:\Users\ramti\Desktop\ramtin legion pc\article_project\data\raw\pdraw_wave\test\healthy\V04HO01.png,0,0.200926,0
pdraw_wave,mobilenet_v3_large,rotation,2,C:\Users\ramti\Desktop\ramtin legion pc\article_project\data\raw\pdraw_wave\test\healthy\V05HO01.png,0,0.316754,0
pdraw_wave,mobilenet_v3_large,rotation,2,C:\Users\ramti\Desktop\ramtin legion pc\article_project\data\raw\pdraw_wave\test\healthy\V06HO01.png,0,0.218328,0
pdraw_wave,mobilenet_v3_large,rotation,2,C:\Users\ramti\Desktop\ramtin legion pc\article_project\data\raw\pdraw_wave\test\healthy\V07HO01.png,0,0.177609,0
pdraw_wave,mobilenet_v3_large,rotation,2,C:\Users\ramti\Desktop\ramtin legion pc\article_project\data\raw\pdraw_wave\test\healthy\V08HO01.png,0,0.172313,0
pdraw_wave,mobilenet_v3_large,rotation,2,C:\Users\ramti\Desktop\ramtin legion pc\article_project\data\raw\pdraw_wave\test\healthy\V09HO01.png,0,0.192938,0
pdraw_wave,mobilenet_v3_large,rotation,2,C:\Users\ramti\Desktop\ramtin legion pc\article_project\data\raw\pdraw_wave\test\healthy\V10HO01.png,0,0.215230,0
pdraw_wave,mobilenet_v3_large,rotation,2,C:\Users\ramti\Desktop\ramtin legion pc\article_project\data\raw\pdraw_wave\test\healthy\V11HO01.png,0,0.215009,0
pdraw_wave,mobilenet_v3_large,rotation,2,C:\Users\ramti\Desktop\ramtin legion pc\article_project\data\raw\pdraw_wave\test\healthy\V55HO08.png,0,0.183450,0
pdraw_wave,mobilenet_v3_large,rotation,2,C:\Users\ramti\Desktop\ramtin legion pc\article_project\data\raw\pdraw_wave\test\healthy\V55HO09.png,0,0.214825,0
pdraw_wave,mobilenet_v3_large,rotation,2,C:\Users\ramti\Desktop\ramtin legion pc\article_project\data\raw\pdraw_wave\test\healthy\V55HO10.png,0,0.179903,0
pdraw_wave,mobilenet_v3_large,rotation,2,C:\Users\ramti\Desktop\ramtin legion pc\article_project\data\raw\pdraw_wave\test\healthy\V55HO11.png,0,0.284562,0
pdraw_wave,mobilenet_v3_large,rotation,2,C:\Users\ramti\Desktop\ramtin legion pc\article_project\data\raw\pdraw_wave\test\parkinson\V01PO01.png,1,0.224286,0
pdraw_wave,mobilenet_v3_large,rotation,2,C:\Users\ramti\Desktop\ramtin legion pc\article_project\data\raw\pdraw_wave\test\parkinson\V02PO01.png,1,0.348463,0
pdraw_wave,mobilenet_v3_large,rotation,2,C:\Users\ramti\Desktop\ramtin legion pc\article_project\data\raw\pdraw_wave\test\parkinson\V03PO01.png,1,0.361727,0
pdraw_wave,mobilenet_v3_large,rotation,2,C:\Users\ramti\Desktop\ramtin legion pc\article_project\data\raw\pdraw_wave\test\parkinson\V03PO04.png,1,0.425885,0
pdraw_wave,mobilenet_v3_large,rotation,2,C:\Users\ramti\Desktop\ramtin legion pc\article_project\data\raw\pdraw_wave\test\parkinson\V03PO07.png,1,0.336024,0
pdraw_wave,mobilenet_v3_large,rotation,2,C:\Users\ramti\Desktop\ramtin legion pc\article_project\data\raw\pdraw_wave\test\parkinson\V04PO01.png,1,0.426292,0
pdraw_wave,mobilenet_v3_large,rotation,2,C:\Users\ramti\Desktop\ramtin legion pc\article_project\data\raw\pdraw_wave\test\parkinson\V05PO01.png,1,0.550831,0
pdraw_wave,mobilenet_v3_large,rotation,2,C:\Users\ramti\Desktop\ramtin legion pc\article_project\data\raw\pdraw_wave\test\parkinson\V06PO01.png,1,0.307051,0
pdraw_wave,mobilenet_v3_large,rotation,2,C:\Users\ramti\Desktop\ramtin legion pc\article_project\data\raw\pdraw_wave\test\parkinson\V07PO01.png,1,0.460063,0
pdraw_wave,mobilenet_v3_large,rotation,2,C:\Users\ramti\Desktop\ramtin legion pc\article_project\data\raw\pdraw_wave\test\parkinson\V08PO01.png,1,0.169091,0
pdraw_wave,mobilenet_v3_large,rotation,2,C:\Users\ramti\Desktop\ramtin legion pc\article_project\data\raw\pdraw_wave\test\parkinson\V09PO01.png,1,0.507153,0
pdraw_wave,mobilenet_v3_large,rotation,2,C:\Users\ramti\Desktop\ramtin legion pc\article_project\data\raw\pdraw_wave\test\parkinson\V10PO01.png,1,0.338575,0
pdraw_wave,mobilenet_v3_large,rotation,2,C:\Users\ramti\Desktop\ramtin legion pc\article_project\data\raw\pdraw_wave\test\parkinson\V11PO01.png,1,0.250118,0
pdraw_wave,mobilenet_v3_large,rotation,2,C:\Users\ramti\Desktop\ramtin legion pc\article_project\data\raw\pdraw_wave\test\parkinson\V14PO01.png,1,0.473471,0
pdraw_wave,mobilenet_v3_large,rotation,2,C:\Users\ramti\Desktop\ramtin legion pc\article_project\data\raw\pdraw_wave\test\parkinson\V14PO03.png,1,0.399719,0
pdraw_wave,mobilenet_v3_large,rotation,3,C:\Users\ramti\Desktop\ramtin legion pc\article_project\data\raw\pdraw_wave\test\healthy\V01HO01.png,0,0.225702,0
pdraw_wave,mobilenet_v3_large,rotation,3,C:\Users\ramti\Desktop\ramtin legion pc\article_project\data\raw\pdraw_wave\test\healthy\V02HO01.png,0,0.174299,0
pdraw_wave,mobilenet_v3_large,rotation,3,C:\Users\ramti\Desktop\ramtin legion pc\article_project\data\raw\pdraw_wave\test\healthy\V03HO01.png,0,0.225858,0
pdraw_wave,mobilenet_v3_large,rotation,3,C:\Users\ramti\Desktop\ramtin legion pc\article_project\data\raw\pdraw_wave\test\healthy\V04HO01.png,0,0.204558,0
pdraw_wave,mobilenet_v3_large,rotation,3,C:\Users\ramti\Desktop\ramtin legion pc\article_project\data\raw\pdraw_wave\test\healthy\V05HO01.png,0,0.243337,0
pdraw_wave,mobilenet_v3_large,rotation,3,C:\Users\ramti\Desktop\ramtin legion pc\article_project\data\raw\pdraw_wave\test\healthy\V06HO01.png,0,0.247547,0
pdraw_wave,mobilenet_v3_large,rotation,3,C:\Users\ramti\Desktop\ramtin legion pc\article_project\data\raw\pdraw_wave\test\healthy\V07HO01.png,0,0.188698,0
pdraw_wave,mobilenet_v3_large,rotation,3,C:\Users\ramti\Desktop\ramtin legion pc\article_project\data\raw\pdraw_wave\test\healthy\V08HO01.png,0,0.194958,0
pdraw_wave,mobilenet_v3_large,rotation,3,C:\Users\ramti\Desktop\ramtin legion pc\article_project\data\raw\pdraw_wave\test\healthy\V09HO01.png,0,0.160593,0
pdraw_wave,mobilenet_v3_large,rotation,3,C:\Users\ramti\Desktop\ramtin legion pc\article_project\data\raw\pdraw_wave\test\healthy\V10HO01.png,0,0.225167,0
pdraw_wave,mobilenet_v3_large,rotation,3,C:\Users\ramti\Desktop\ramtin legion pc\article_project\data\raw\pdraw_wave\test\healthy\V11HO01.png,0,0.205484,0
pdraw_wave,mobilenet_v3_large,rotation,3,C:\Users\ramti\Desktop\ramtin legion pc\article_project\data\raw\pdraw_wave\test\healthy\V55HO08.png,0,0.196194,0
pdraw_wave,mobilenet_v3_large,rotation,3,C:\Users\ramti\Desktop\ramtin legion pc\article_project\data\raw\pdraw_wave\test\healthy\V55HO09.png,0,0.262258,0
pdraw_wave,mobilenet_v3_large,rotation,3,C:\Users\ramti\Desktop\ramtin legion pc\article_project\data\raw\pdraw_wave\test\healthy\V55HO10.png,0,0.193040,0
pdraw_wave,mobilenet_v3_large,rotation,3,C:\Users\ramti\Desktop\ramtin legion pc\article_project\data\raw\pdraw_wave\test\healthy\V55HO11.png,0,0.193276,0
pdraw_wave,mobilenet_v3_large,rotation,3,C:\Users\ramti\Desktop\ramtin legion pc\article_project\data\raw\pdraw_wave\test\parkinson\V01PO01.png,1,0.222516,0
pdraw_wave,mobilenet_v3_large,rotation,3,C:\Users\ramti\Desktop\ramtin legion pc\article_project\data\raw\pdraw_wave\test\parkinson\V02PO01.png,1,0.586724,0
pdraw_wave,mobilenet_v3_large,rotation,3,C:\Users\ramti\Desktop\ramtin legion pc\article_project\data\raw\pdraw_wave\test\parkinson\V03PO01.png,1,0.413427,0
pdraw_wave,mobilenet_v3_large,rotation,3,C:\Users\ramti\Desktop\ramtin legion pc\article_project\data\raw\pdraw_wave\test\parkinson\V03PO04.png,1,0.407807,0
pdraw_wave,mobilenet_v3_large,rotation,3,C:\Users\ramti\Desktop\ramtin legion pc\article_project\data\raw\pdraw_wave\test\parkinson\V03PO07.png,1,0.324082,0
pdraw_wave,mobilenet_v3_large,rotation,3,C:\Users\ramti\Desktop\ramtin legion pc\article_project\data\raw\pdraw_wave\test\parkinson\V04PO01.png,1,0.492499,0
pdraw_wave,mobilenet_v3_large,rotation,3,C:\Users\ramti\Desktop\ramtin legion pc\article_project\data\raw\pdraw_wave\test\parkinson\V05PO01.png,1,0.506091,0
pdraw_wave,mobilenet_v3_large,rotation,3,C:\Users\ramti\Desktop\ramtin legion pc\article_project\data\raw\pdraw_wave\test\parkinson\V06PO01.png,1,0.313569,0
pdraw_wave,mobilenet_v3_large,rotation,3,C:\Users\ramti\Desktop\ramtin legion pc\article_project\data\raw\pdraw_wave\test\parkinson\V07PO01.png,1,0.442864,0
pdraw_wave,mobilenet_v3_large,rotation,3,C:\Users\ramti\Desktop\ramtin legion pc\article_project\data\raw\pdraw_wave\test\parkinson\V08PO01.png,1,0.165798,0
pdraw_wave,mobilenet_v3_large,rotation,3,C:\Users\ramti\Desktop\ramtin legion pc\article_project\data\raw\pdraw_wave\test\parkinson\V09PO01.png,1,0.747496,1
pdraw_wave,mobilenet_v3_large,rotation,3,C:\Users\ramti\Desktop\ramtin legion pc\article_project\data\raw\pdraw_wave\test\parkinson\V10PO01.png,1,0.320172,0
pdraw_wave,mobilenet_v3_large,rotation,3,C:\Users\ramti\Desktop\ramtin legion pc\article_project\data\raw\pdraw_wave\test\parkinson\V11PO01.png,1,0.285180,0
pdraw_wave,mobilenet_v3_large,rotation,3,C:\Users\ramti\Desktop\ramtin legion pc\article_project\data\raw\pdraw_wave\test\parkinson\V14PO01.png,1,0.415157,0
pdraw_wave,mobilenet_v3_large,rotation,3,C:\Users\ramti\Desktop\ramtin legion pc\article_project\data\raw\pdraw_wave\test\parkinson\V14PO03.png,1,0.463058,0
pdraw_wave,mobilenet_v3_large,rotation,4,C:\Users\ramti\Desktop\ramtin legion pc\article_project\data\raw\pdraw_wave\test\healthy\V01HO01.png,0,0.207331,0
pdraw_wave,mobilenet_v3_large,rotation,4,C:\Users\ramti\Desktop\ramtin legion pc\article_project\data\raw\pdraw_wave\test\healthy\V02HO01.png,0,0.211982,0
pdraw_wave,mobilenet_v3_large,rotation,4,C:\Users\ramti\Desktop\ramtin legion pc\article_project\data\raw\pdraw_wave\test\healthy\V03HO01.png,0,0.227928,0
pdraw_wave,mobilenet_v3_large,rotation,4,C:\Users\ramti\Desktop\ramtin legion pc\article_project\data\raw\pdraw_wave\test\healthy\V04HO01.png,0,0.196708,0
pdraw_wave,mobilenet_v3_large,rotation,4,C:\Users\ramti\Desktop\ramtin legion pc\article_project\data\raw\pdraw_wave\test\healthy\V05HO01.png,0,0.292553,0
pdraw_wave,mobilenet_v3_large,rotation,4,C:\Users\ramti\Desktop\ramtin legion pc\article_project\data\raw\pdraw_wave\test\healthy\V06HO01.png,0,0.194258,0
pdraw_wave,mobilenet_v3_large,rotation,4,C:\Users\ramti\Desktop\ramtin legion pc\article_project\data\raw\pdraw_wave\test\healthy\V07HO01.png,0,0.170902,0
pdraw_wave,mobilenet_v3_large,rotation,4,C:\Users\ramti\Desktop\ramtin legion pc\article_project\data\raw\pdraw_wave\test\healthy\V08HO01.png,0,0.178970,0
pdraw_wave,mobilenet_v3_large,rotation,4,C:\Users\ramti\Desktop\ramtin legion pc\article_project\data\raw\pdraw_wave\test\healthy\V09HO01.png,0,0.191447,0
pdraw_wave,mobilenet_v3_large,rotation,4,C:\Users\ramti\Desktop\ramtin legion pc\article_project\data\raw\pdraw_wave\test\healthy\V10HO01.png,0,0.218865,0
pdraw_wave,mobilenet_v3_large,rotation,4,C:\Users\ramti\Desktop\ramtin legion pc\article_project\data\raw\pdraw_wave\test\healthy\V11HO01.png,0,0.237202,0
pdraw_wave,mobilenet_v3_large,rotation,4,C:\Users\ramti\Desktop\ramtin legion pc\article_project\data\raw\pdraw_wave\test\healthy\V55HO08.png,0,0.225343,0
pdraw_wave,mobilenet_v3_large,rotation,4,C:\Users\ramti\Desktop\ramtin legion pc\article_project\data\raw\pdraw_wave\test\healthy\V55HO09.png,0,0.259277,0
pdraw_wave,mobilenet_v3_large,rotation,4,C:\Users\ramti\Desktop\ramtin legion pc\article_project\data\raw\pdraw_wave\test\healthy\V55HO10.png,0,0.230267,0
pdraw_wave,mobilenet_v3_large,rotation,4,C:\Users\ramti\Desktop\ramtin legion pc\article_project\data\raw\pdraw_wave\test\healthy\V55HO11.png,0,0.236140,0
pdraw_wave,mobilenet_v3_large,rotation,4,C:\Users\ramti\Desktop\ramtin legion pc\article_project\data\raw\pdraw_wave\test\parkinson\V01PO01.png,1,0.238997,0
pdraw_wave,mobilenet_v3_large,rotation,4,C:\Users\ramti\Desktop\ramtin legion pc\article_project\data\raw\pdraw_wave\test\parkinson\V02PO01.png,1,0.317265,0
pdraw_wave,mobilenet_v3_large,rotation,4,C:\Users\ramti\Desktop\ramtin legion pc\article_project\data\raw\pdraw_wave\test\parkinson\V03PO01.png,1,0.282655,0
pdraw_wave,mobilenet_v3_large,rotation,4,C:\Users\ramti\Desktop\ramtin legion pc\article_project\data\raw\pdraw_wave\test\parkinson\V03PO04.png,1,0.363768,0
pdraw_wave,mobilenet_v3_large,rotation,4,C:\Users\ramti\Desktop\ramtin legion pc\article_project\data\raw\pdraw_wave\test\parkinson\V03PO07.png,1,0.274384,0
pdraw_wave,mobilenet_v3_large,rotation,4,C:\Users\ramti\Desktop\ramtin legion pc\article_project\data\raw\pdraw_wave\test\parkinson\V04PO01.png,1,0.399651,0
pdraw_wave,mobilenet_v3_large,rotation,4,C:\Users\ramti\Desktop\ramtin legion pc\article_project\data\raw\pdraw_wave\test\parkinson\V05PO01.png,1,0.476425,0
pdraw_wave,mobilenet_v3_large,rotation,4,C:\Users\ramti\Desktop\ramtin legion pc\article_project\data\raw\pdraw_wave\test\parkinson\V06PO01.png,1,0.246615,0
pdraw_wave,mobilenet_v3_large,rotation,4,C:\Users\ramti\Desktop\ramtin legion pc\article_project\data\raw\pdraw_wave\test\parkinson\V07PO01.png,1,0.459701,0
pdraw_wave,mobilenet_v3_large,rotation,4,C:\Users\ramti\Desktop\ramtin legion pc\article_project\data\raw\pdraw_wave\test\parkinson\V08PO01.png,1,0.168841,0
pdraw_wave,mobilenet_v3_large,rotation,4,C:\Users\ramti\Desktop\ramtin legion pc\article_project\data\raw\pdraw_wave\test\parkinson\V09PO01.png,1,0.425464,0
pdraw_wave,mobilenet_v3_large,rotation,4,C:\Users\ramti\Desktop\ramtin legion pc\article_project\data\raw\pdraw_wave\test\parkinson\V10PO01.png,1,0.356406,0
pdraw_wave,mobilenet_v3_large,rotation,4,C:\Users\ramti\Desktop\ramtin legion pc\article_project\data\raw\pdraw_wave\test\parkinson\V11PO01.png,1,0.222707,0
pdraw_wave,mobilenet_v3_large,rotation,4,C:\Users\ramti\Desktop\ramtin legion pc\article_project\data\raw\pdraw_wave\test\parkinson\V14PO01.png,1,0.396016,0
pdraw_wave,mobilenet_v3_large,rotation,4,C:\Users\ramti\Desktop\ramtin legion pc\article_project\data\raw\pdraw_wave\test\parkinson\V14PO03.png,1,0.450694,0
pdraw_wave,mobilenet_v3_large,rotation,5,C:\Users\ramti\Desktop\ramtin legion pc\article_project\data\raw\pdraw_wave\test\healthy\V01HO01.png,0,0.247050,0
pdraw_wave,mobilenet_v3_large,rotation,5,C:\Users\ramti\Desktop\ramtin legion pc\article_project\data\raw\pdraw_wave\test\healthy\V02HO01.png,0,0.221842,0
pdraw_wave,mobilenet_v3_large,rotation,5,C:\Users\ramti\Desktop\ramtin legion pc\article_project\data\raw\pdraw_wave\test\healthy\V03HO01.png,0,0.258755,0
pdraw_wave,mobilenet_v3_large,rotation,5,C:\Users\ramti\Desktop\ramtin legion pc\article_project\data\raw\pdraw_wave\test\healthy\V04HO01.png,0,0.221419,0
pdraw_wave,mobilenet_v3_large,rotation,5,C:\Users\ramti\Desktop\ramtin legion pc\article_project\data\raw\pdraw_wave\test\healthy\V05HO01.png,0,0.274336,0
pdraw_wave,mobilenet_v3_large,rotation,5,C:\Users\ramti\Desktop\ramtin legion pc\article_project\data\raw\pdraw_wave\test\healthy\V06HO01.png,0,0.270076,0
pdraw_wave,mobilenet_v3_large,rotation,5,C:\Users\ramti\Desktop\ramtin legion pc\article_project\data\raw\pdraw_wave\test\healthy\V07HO01.png,0,0.211944,0
pdraw_wave,mobilenet_v3_large,rotation,5,C:\Users\ramti\Desktop\ramtin legion pc\article_project\data\raw\pdraw_wave\test\healthy\V08HO01.png,0,0.175495,0
pdraw_wave,mobilenet_v3_large,rotation,5,C:\Users\ramti\Desktop\ramtin legion pc\article_project\data\raw\pdraw_wave\test\healthy\V09HO01.png,0,0.167742,0
pdraw_wave,mobilenet_v3_large,rotation,5,C:\Users\ramti\Desktop\ramtin legion pc\article_project\data\raw\pdraw_wave\test\healthy\V10HO01.png,0,0.231822,0
pdraw_wave,mobilenet_v3_large,rotation,5,C:\Users\ramti\Desktop\ramtin legion pc\article_project\data\raw\pdraw_wave\test\healthy\V11HO01.png,0,0.234157,0
pdraw_wave,mobilenet_v3_large,rotation,5,C:\Users\ramti\Desktop\ramtin legion pc\article_project\data\raw\pdraw_wave\test\healthy\V55HO08.png,0,0.222042,0
pdraw_wave,mobilenet_v3_large,rotation,5,C:\Users\ramti\Desktop\ramtin legion pc\article_project\data\raw\pdraw_wave\test\healthy\V55HO09.png,0,0.277223,0
pdraw_wave,mobilenet_v3_large,rotation,5,C:\Users\ramti\Desktop\ramtin legion pc\article_project\data\raw\pdraw_wave\test\healthy\V55HO10.png,0,0.234142,0
pdraw_wave,mobilenet_v3_large,rotation,5,C:\Users\ramti\Desktop\ramtin legion pc\article_project\data\raw\pdraw_wave\test\healthy\V55HO11.png,0,0.249324,0
pdraw_wave,mobilenet_v3_large,rotation,5,C:\Users\ramti\Desktop\ramtin legion pc\article_project\data\raw\pdraw_wave\test\parkinson\V01PO01.png,1,0.257965,0
pdraw_wave,mobilenet_v3_large,rotation,5,C:\Users\ramti\Desktop\ramtin legion pc\article_project\data\raw\pdraw_wave\test\parkinson\V02PO01.png,1,0.422409,0
pdraw_wave,mobilenet_v3_large,rotation,5,C:\Users\ramti\Desktop\ramtin legion pc\article_project\data\raw\pdraw_wave\test\parkinson\V03PO01.png,1,0.356418,0
pdraw_wave,mobilenet_v3_large,rotation,5,C:\Users\ramti\Desktop\ramtin legion pc\article_project\data\raw\pdraw_wave\test\parkinson\V03PO04.png,1,0.380460,0
pdraw_wave,mobilenet_v3_large,rotation,5,C:\Users\ramti\Desktop\ramtin legion pc\article_project\data\raw\pdraw_wave\test\parkinson\V03PO07.png,1,0.342842,0
pdraw_wave,mobilenet_v3_large,rotation,5,C:\Users\ramti\Desktop\ramtin legion pc\article_project\data\raw\pdraw_wave\test\parkinson\V04PO01.png,1,0.333072,0
pdraw_wave,mobilenet_v3_large,rotation,5,C:\Users\ramti\Desktop\ramtin legion pc\article_project\data\raw\pdraw_wave\test\parkinson\V05PO01.png,1,0.422432,0
pdraw_wave,mobilenet_v3_large,rotation,5,C:\Users\ramti\Desktop\ramtin legion pc\article_project\data\raw\pdraw_wave\test\parkinson\V06PO01.png,1,0.309941,0
pdraw_wave,mobilenet_v3_large,rotation,5,C:\Users\ramti\Desktop\ramtin legion pc\article_project\data\raw\pdraw_wave\test\parkinson\V07PO01.png,1,0.339439,0
pdraw_wave,mobilenet_v3_large,rotation,5,C:\Users\ramti\Desktop\ramtin legion pc\article_project\data\raw\pdraw_wave\test\parkinson\V08PO01.png,1,0.196399,0
pdraw_wave,mobilenet_v3_large,rotation,5,C:\Users\ramti\Desktop\ramtin legion pc\article_project\data\raw\pdraw_wave\test\parkinson\V09PO01.png,1,0.579078,0
pdraw_wave,mobilenet_v3_large,rotation,5,C:\Users\ramti\Desktop\ramtin legion pc\article_project\data\raw\pdraw_wave\test\parkinson\V10PO01.png,1,0.299199,0
pdraw_wave,mobilenet_v3_large,rotation,5,C:\Users\ramti\Desktop\ramtin legion pc\article_project\data\raw\pdraw_wave\test\parkinson\V11PO01.png,1,0.276164,0
pdraw_wave,mobilenet_v3_large,rotation,5,C:\Users\ramti\Desktop\ramtin legion pc\article_project\data\raw\pdraw_wave\test\parkinson\V14PO01.png,1,0.370461,0
pdraw_wave,mobilenet_v3_large,rotation,5,C:\Users\ramti\Desktop\ramtin legion pc\article_project\data\raw\pdraw_wave\test\parkinson\V14PO03.png,1,0.351519,0
