dataset,model,image,y_true,corruption,level,pearson_clean,spearman_clean,ssim_clean,iou_top20_clean
handpd_spiral,resnet50,0289-4,0,jpeg_compression,1,0.97,0.9742,0.8827,0.7837
handpd_spiral,resnet50,0289-4,0,jpeg_compression,2,0.8851,0.9454,0.8525,0.658
handpd_spiral,resnet50,0289-4,0,jpeg_compression,3,0.8318,0.8964,0.7556,0.5827
handpd_spiral,resnet50,0289-4,0,jpeg_compression,4,0.9323,0.9439,0.8124,0.8194
handpd_spiral,resnet50,0289-4,0,jpeg_compression,5,0.7962,0.859,0.5907,0.6015
handpd_spiral,resnet50,0289-4,0,gaussian_blur,1,0.9399,0.9628,0.8392,0.7741
handpd_spiral,resnet50,0289-4,0,gaussian_blur,2,0.8276,0.9282,0.6931,0.6625
handpd_spiral,resnet50,0289-4,0,gaussian_blur,3,0.6955,0.7332,0.5841,0.5178
handpd_spiral,resnet50,0289-4,0,gaussian_blur,4,0.6153,0.6876,0.5115,0.5054
handpd_spiral,resnet50,0289-4,0,gaussian_blur,5,0.5434,0.5958,0.4827,0.4724
handpd_spiral,resnet50,0289-4,0,gaussian_noise,1,0.9892,0.9902,0.9612,0.8861
handpd_spiral,resnet50,0289-4,0,gaussian_noise,2,0.9738,0.9562,0.8893,0.845
handpd_spiral,resnet50,0289-4,0,gaussian_noise,3,0.9582,0.9307,0.8502,0.812
handpd_spiral,resnet50,0289-4,0,gaussian_noise,4,0.7924,0.7827,0.6925,0.4631
handpd_spiral,resnet50,0289-4,0,gaussian_noise,5,0.8848,0.8379,0.6809,0.7196
handpd_spiral,resnet50,0289-4,0,contrast,1,0.7773,0.892,0.7304,0.5965
handpd_spiral,resnet50,0289-4,0,contrast,2,0.9347,0.9587,0.84,0.7799
handpd_spiral,resnet50,0289-4,0,contrast,3,0.9821,0.98,0.9233,0.8696
handpd_spiral,resnet50,0289-4,0,contrast,4,0.9033,0.9212,0.8067,0.591
handpd_spiral,resnet50,0289-4,0,contrast,5,0.8677,0.9061,0.7467,0.5492
handpd_spiral,resnet50,0289-4,0,brightness,1,0.8483,0.8878,0.7717,0.5217
handpd_spiral,resnet50,0289-4,0,brightness,2,0.8878,0.9143,0.8158,0.5906
handpd_spiral,resnet50,0289-4,0,brightness,3,0.9396,0.9489,0.8868,0.694
handpd_spiral,resnet50,0289-4,0,brightness,4,0.6118,0.5456,0.4177,0.5072
handpd_spiral,resnet50,0289-4,0,brightness,5,0.5499,0.5541,0.3485,0.361
handpd_spiral,resnet50,0289-4,0,shadow,1,0.9813,0.9822,0.9442,0.8423
handpd_spiral,resnet50,0289-4,0,shadow,2,0.9406,0.9288,0.7533,0.7291
handpd_spiral,resnet50,0289-4,0,shadow,3,0.8856,0.8731,0.6364,0.6308
handpd_spiral,resnet50,0289-4,0,shadow,4,0.8246,0.7968,0.5268,0.5254
handpd_spiral,resnet50,0289-4,0,shadow,5,0.7842,0.7298,0.4957,0.4573
handpd_spiral,resnet50,0289-4,0,perspective,1,0.7358,0.8711,0.6151,0.6024
handpd_spiral,resnet50,0289-4,0,perspective,2,0.7219,0.7869,0.652,0.4853
handpd_spiral,resnet50,0289-4,0,perspective,3,0.7225,0.8053,0.7235,0.4929
handpd_spiral,resnet50,0289-4,0,perspective,4,0.251,0.6044,0.5345,0.2207
handpd_spiral,resnet50,0289-4,0,perspective,5,0.3471,0.6469,0.546,0.338
handpd_spiral,resnet50,0289-4,0,rotation,1,0.6977,0.8129,0.6094,0.4682
handpd_spiral,resnet50,0289-4,0,rotation,2,0.3557,0.6533,0.5215,0.3949
handpd_spiral,resnet50,0289-4,0,rotation,3,0.5764,0.5993,0.4722,0.3674
handpd_spiral,resnet50,0289-4,0,rotation,4,0.0754,0.3133,0.3964,0.0958
handpd_spiral,resnet50,0289-4,0,rotation,5,0.1708,0.4042,0.4178,0.2167
handpd_spiral,resnet50,0104-2,0,jpeg_compression,1,0.9981,0.8829,0.9341,0.7248
handpd_spiral,resnet50,0104-2,0,jpeg_compression,2,0.9873,0.8795,0.9377,0.7885
handpd_spiral,resnet50,0104-2,0,jpeg_compression,3,0.9577,0.8076,0.8888,0.602
handpd_spiral,resnet50,0104-2,0,jpeg_compression,4,0.9116,0.8979,0.8606,0.5345
handpd_spiral,resnet50,0104-2,0,jpeg_compression,5,0.4489,0.3159,0.6143,0.2639
handpd_spiral,resnet50,0104-2,0,gaussian_blur,1,0.9979,0.9983,0.9792,0.8618
handpd_spiral,resnet50,0104-2,0,gaussian_blur,2,0.996,0.963,0.9635,0.8259
handpd_spiral,resnet50,0104-2,0,gaussian_blur,3,0.9342,0.9011,0.8965,0.657
handpd_spiral,resnet50,0104-2,0,gaussian_blur,4,0.8991,0.8496,0.8496,0.5869
handpd_spiral,resnet50,0104-2,0,gaussian_blur,5,0.9314,0.9178,0.8661,0.6202
handpd_spiral,resnet50,0104-2,0,gaussian_noise,1,0.9983,0.9199,0.969,0.9254
handpd_spiral,resnet50,0104-2,0,gaussian_noise,2,0.9633,0.8482,0.831,0.596
handpd_spiral,resnet50,0104-2,0,gaussian_noise,3,0.9651,0.8416,0.8817,0.7466
handpd_spiral,resnet50,0104-2,0,gaussian_noise,4,0.8223,0.6565,0.5734,0.4455
handpd_spiral,resnet50,0104-2,0,gaussian_noise,5,0.8386,0.5366,0.5492,0.4087
handpd_spiral,resnet50,0104-2,0,contrast,1,0.9887,0.8844,0.9349,0.7539
handpd_spiral,resnet50,0104-2,0,contrast,2,0.993,0.9634,0.9672,0.9031
handpd_spiral,resnet50,0104-2,0,contrast,3,0.9974,0.9696,0.9809,0.8775
handpd_spiral,resnet50,0104-2,0,contrast,4,0.9858,0.875,0.8933,0.6685
handpd_spiral,resnet50,0104-2,0,contrast,5,0.9564,0.75,0.8359,0.4855
handpd_spiral,resnet50,0104-2,0,brightness,1,0.5814,0.618,0.5549,0.467
handpd_spiral,resnet50,0104-2,0,brightness,2,0.7512,0.5803,0.6929,0.5607
handpd_spiral,resnet50,0104-2,0,brightness,3,0.9,0.6853,0.7834,0.6801
handpd_spiral,resnet50,0104-2,0,brightness,4,0.7944,0.5885,0.6359,0.4457
handpd_spiral,resnet50,0104-2,0,brightness,5,0.778,0.5329,0.6834,0.4485
handpd_spiral,resnet50,0104-2,0,shadow,1,0.9771,0.8006,0.8345,0.8467
handpd_spiral,resnet50,0104-2,0,shadow,2,0.9532,0.6966,0.6874,0.741
handpd_spiral,resnet50,0104-2,0,shadow,3,0.8568,0.5908,0.5565,0.5752
handpd_spiral,resnet50,0104-2,0,shadow,4,0.7444,0.512,0.5134,0.4475
handpd_spiral,resnet50,0104-2,0,shadow,5,0.6379,0.4584,0.4589,0.3889
handpd_spiral,resnet50,0104-2,0,perspective,1,0.6597,0.7071,0.827,0.5532
handpd_spiral,resnet50,0104-2,0,perspective,2,0.6021,0.5036,0.6773,0.3444
handpd_spiral,resnet50,0104-2,0,perspective,3,0.1898,0.4664,0.5293,0.278
handpd_spiral,resnet50,0104-2,0,perspective,4,0.0238,0.211,0.6432,0.1839
handpd_spiral,resnet50,0104-2,0,perspective,5,0.1448,0.3859,0.691,0.3422
handpd_spiral,resnet50,0104-2,0,rotation,1,-0.009,0.3436,0.5927,0.0665
handpd_spiral,resnet50,0104-2,0,rotation,2,0.0759,0.2608,0.6134,0.1038
handpd_spiral,resnet50,0104-2,0,rotation,3,-0.0468,0.1702,0.5595,0.0565
handpd_spiral,resnet50,0104-2,0,rotation,4,0.3456,0.3049,0.7355,0.231
handpd_spiral,resnet50,0104-2,0,rotation,5,-0.0141,0.1304,0.506,0.0797
handpd_spiral,resnet50,0287-3,0,jpeg_compression,1,0.9826,0.9533,0.9323,0.9208
handpd_spiral,resnet50,0287-3,0,jpeg_compression,2,0.9355,0.9295,0.8426,0.8347
handpd_spiral,resnet50,0287-3,0,jpeg_compression,3,0.9461,0.9209,0.8359,0.8866
handpd_spiral,resnet50,0287-3,0,jpeg_compression,4,0.717,0.5843,0.6229,0.5056
handpd_spiral,resnet50,0287-3,0,jpeg_compression,5,0.1247,0.2329,0.432,0.2348
handpd_spiral,resnet50,0287-3,0,gaussian_blur,1,0.8887,0.8908,0.7689,0.7939
handpd_spiral,resnet50,0287-3,0,gaussian_blur,2,0.7864,0.792,0.6899,0.684
handpd_spiral,resnet50,0287-3,0,gaussian_blur,3,0.7118,0.6182,0.6613,0.4245
handpd_spiral,resnet50,0287-3,0,gaussian_blur,4,0.6902,0.6182,0.6536,0.4305
handpd_spiral,resnet50,0287-3,0,gaussian_blur,5,0.6887,0.6191,0.6632,0.4323
handpd_spiral,resnet50,0287-3,0,gaussian_noise,1,0.9967,0.9899,0.9695,0.9092
handpd_spiral,resnet50,0287-3,0,gaussian_noise,2,0.8964,0.9412,0.8345,0.8542
handpd_spiral,resnet50,0287-3,0,gaussian_noise,3,0.9262,0.755,0.6242,0.7475
handpd_spiral,resnet50,0287-3,0,gaussian_noise,4,0.807,0.7213,0.5467,0.5268
handpd_spiral,resnet50,0287-3,0,gaussian_noise,5,0.3427,0.3747,0.3742,0.2295
handpd_spiral,resnet50,0287-3,0,contrast,1,0.9005,0.8725,0.782,0.7559
handpd_spiral,resnet50,0287-3,0,contrast,2,0.9591,0.9,0.8554,0.815
handpd_spiral,resnet50,0287-3,0,contrast,3,0.9841,0.9382,0.9162,0.8904
handpd_spiral,resnet50,0287-3,0,contrast,4,0.9814,0.9634,0.9353,0.9404
handpd_spiral,resnet50,0287-3,0,contrast,5,0.9834,0.8767,0.8652,0.9131
handpd_spiral,resnet50,0287-3,0,brightness,1,0.4744,0.4629,0.4923,0.3558
handpd_spiral,resnet50,0287-3,0,brightness,2,0.4187,0.4486,0.4941,0.3055
handpd_spiral,resnet50,0287-3,0,brightness,3,0.6976,0.6072,0.5831,0.5103
handpd_spiral,resnet50,0287-3,0,brightness,4,0.4335,0.3469,0.2971,0.2581
handpd_spiral,resnet50,0287-3,0,brightness,5,0.3992,0.3492,0.3106,0.2734
handpd_spiral,resnet50,0287-3,0,shadow,1,0.9536,0.7958,0.6737,0.8856
handpd_spiral,resnet50,0287-3,0,shadow,2,0.9319,0.7306,0.521,0.7932
handpd_spiral,resnet50,0287-3,0,shadow,3,0.8353,0.6276,0.4353,0.6412
handpd_spiral,resnet50,0287-3,0,shadow,4,0.6769,0.4752,0.3253,0.4286
handpd_spiral,resnet50,0287-3,0,shadow,5,0.6173,0.4839,0.2782,0.4167
handpd_spiral,resnet50,0287-3,0,perspective,1,0.1442,0.522,0.5313,0.1952
handpd_spiral,resnet50,0287-3,0,perspective,2,0.0872,0.3802,0.5523,0.1681
handpd_spiral,resnet50,0287-3,0,perspective,3,0.0554,0.2166,0.4478,0.114
handpd_spiral,resnet50,0287-3,0,perspective,4,0.0235,0.1545,0.3701,0.1058
handpd_spiral,resnet50,0287-3,0,perspective,5,0.0633,0.1507,0.4009,0.1146
handpd_spiral,resnet50,0287-3,0,rotation,1,0.4848,0.6095,0.6714,0.3741
handpd_spiral,resnet50,0287-3,0,rotation,2,-0.0983,0.1568,0.3778,0.0624
handpd_spiral,resnet50,0287-3,0,rotation,3,-0.0483,0.128,0.2419,0.117
handpd_spiral,resnet50,0287-3,0,rotation,4,0.2694,0.4195,0.4108,0.1744
handpd_spiral,resnet50,0287-3,0,rotation,5,-0.0208,0.1472,0.2254,0.132
handpd_spiral,resnet50,0104-1,0,jpeg_compression,1,0.994,0.7572,0.9683,0.6598
handpd_spiral,resnet50,0104-1,0,jpeg_compression,2,0.9906,0.7079,0.9517,0.6598
handpd_spiral,resnet50,0104-1,0,jpeg_compression,3,0.9752,0.7384,0.9405,0.6584
handpd_spiral,resnet50,0104-1,0,jpeg_compression,4,0.9702,0.7567,0.9558,0.6592
handpd_spiral,resnet50,0104-1,0,jpeg_compression,5,0.98,0.5472,0.8454,0.4282
handpd_spiral,resnet50,0104-1,0,gaussian_blur,1,0.9652,0.8153,0.9309,0.675
handpd_spiral,resnet50,0104-1,0,gaussian_blur,2,0.9811,0.8175,0.9442,0.7026
handpd_spiral,resnet50,0104-1,0,gaussian_blur,3,0.8567,0.8186,0.9283,0.7182
handpd_spiral,resnet50,0104-1,0,gaussian_blur,4,0.5664,0.8103,0.8867,0.6517
handpd_spiral,resnet50,0104-1,0,gaussian_blur,5,0.3244,0.665,0.8801,0.4418
handpd_spiral,resnet50,0104-1,0,gaussian_noise,1,0.9992,0.7594,0.9696,0.666
handpd_spiral,resnet50,0104-1,0,gaussian_noise,2,0.9639,0.6766,0.8488,0.4509
handpd_spiral,resnet50,0104-1,0,gaussian_noise,3,0.9793,0.605,0.8365,0.4666
handpd_spiral,resnet50,0104-1,0,gaussian_noise,4,0.8937,0.4587,0.7919,0.3427
handpd_spiral,resnet50,0104-1,0,gaussian_noise,5,0.8091,0.3665,0.4558,0.2272
handpd_spiral,resnet50,0104-1,0,contrast,1,0.9715,0.7139,0.9245,0.613
handpd_spiral,resnet50,0104-1,0,contrast,2,0.9882,0.7219,0.9365,0.6243
handpd_spiral,resnet50,0104-1,0,contrast,3,0.9969,0.8729,0.9473,0.7723
handpd_spiral,resnet50,0104-1,0,contrast,4,0.9409,0.848,0.8998,0.6349
handpd_spiral,resnet50,0104-1,0,contrast,5,0.9558,0.8372,0.8887,0.5778
handpd_spiral,resnet50,0104-1,0,brightness,1,0.1945,0.2375,0.4773,0.1679
handpd_spiral,resnet50,0104-1,0,brightness,2,0.4547,0.3708,0.561,0.1996
handpd_spiral,resnet50,0104-1,0,brightness,3,0.8754,0.5572,0.6599,0.3143
handpd_spiral,resnet50,0104-1,0,brightness,4,0.8433,0.6275,0.7343,0.3833
handpd_spiral,resnet50,0104-1,0,brightness,5,0.8185,0.5704,0.6477,0.3566
handpd_spiral,resnet50,0104-1,0,shadow,1,0.9569,0.7534,0.8188,0.5136
handpd_spiral,resnet50,0104-1,0,shadow,2,0.8443,0.5248,0.5887,0.3091
handpd_spiral,resnet50,0104-1,0,shadow,3,0.7459,0.4194,0.4755,0.2594
handpd_spiral,resnet50,0104-1,0,shadow,4,0.626,0.2718,0.3355,0.2376
handpd_spiral,resnet50,0104-1,0,shadow,5,0.5392,0.228,0.2987,0.2308
handpd_spiral,resnet50,0104-1,0,perspective,1,0.9495,0.6316,0.8709,0.521
handpd_spiral,resnet50,0104-1,0,perspective,2,0.2471,0.6565,0.7819,0.4088
handpd_spiral,resnet50,0104-1,0,perspective,3,0.0971,0.4895,0.6476,0.2794
handpd_spiral,resnet50,0104-1,0,perspective,4,0.2928,0.6744,0.6469,0.4848
handpd_spiral,resnet50,0104-1,0,perspective,5,0.2046,0.6478,0.6897,0.4795
handpd_spiral,resnet50,0104-1,0,rotation,1,0.17,0.6627,0.8216,0.4461
handpd_spiral,resnet50,0104-1,0,rotation,2,0.4391,0.5151,0.7872,0.4305
handpd_spiral,resnet50,0104-1,0,rotation,3,0.171,0.6469,0.6933,0.349
handpd_spiral,resnet50,0104-1,0,rotation,4,-0.0907,0.0657,0.4597,0.1163
handpd_spiral,resnet50,0104-1,0,rotation,5,0.2859,0.4415,0.6801,0.3432
handpd_spiral,resnet50,0127-2,0,jpeg_compression,1,0.9989,0.9659,0.9696,0.7539
handpd_spiral,resnet50,0127-2,0,jpeg_compression,2,0.9504,0.837,0.9043,0.5685
handpd_spiral,resnet50,0127-2,0,jpeg_compression,3,0.9871,0.7839,0.9258,0.5678
handpd_spiral,resnet50,0127-2,0,jpeg_compression,4,0.956,0.7813,0.8914,0.5678
handpd_spiral,resnet50,0127-2,0,jpeg_compression,5,0.1025,0.6057,0.6681,0.3951
handpd_spiral,resnet50,0127-2,0,gaussian_blur,1,0.9989,0.9231,0.9564,0.664
handpd_spiral,resnet50,0127-2,0,gaussian_blur,2,0.997,0.8553,0.9402,0.675
handpd_spiral,resnet50,0127-2,0,gaussian_blur,3,0.9972,0.8548,0.9443,0.6538
handpd_spiral,resnet50,0127-2,0,gaussian_blur,4,0.9965,0.8031,0.9316,0.6188
handpd_spiral,resnet50,0127-2,0,gaussian_blur,5,0.9965,0.8032,0.9352,0.6185
handpd_spiral,resnet50,0127-2,0,gaussian_noise,1,0.9972,0.966,0.9651,0.7886
handpd_spiral,resnet50,0127-2,0,gaussian_noise,2,0.9979,0.8435,0.9465,0.6196
handpd_spiral,resnet50,0127-2,0,gaussian_noise,3,0.9537,0.8637,0.8081,0.6052
handpd_spiral,resnet50,0127-2,0,gaussian_noise,4,0.5754,0.6744,0.7684,0.3036
handpd_spiral,resnet50,0127-2,0,gaussian_noise,5,0.7603,0.6348,0.6014,0.3608
handpd_spiral,resnet50,0127-2,0,contrast,1,0.9502,0.9473,0.9023,0.6333
handpd_spiral,resnet50,0127-2,0,contrast,2,0.9195,0.986,0.9358,0.6632
handpd_spiral,resnet50,0127-2,0,contrast,3,0.9895,0.9868,0.9352,0.6479
handpd_spiral,resnet50,0127-2,0,contrast,4,0.9974,0.9003,0.9768,0.8073
handpd_spiral,resnet50,0127-2,0,contrast,5,0.9959,0.7799,0.9377,0.6199
handpd_spiral,resnet50,0127-2,0,brightness,1,0.5784,0.6237,0.7234,0.3833
handpd_spiral,resnet50,0127-2,0,brightness,2,0.9382,0.9305,0.8976,0.7318
handpd_spiral,resnet50,0127-2,0,brightness,3,0.9852,0.9201,0.9244,0.6927
handpd_spiral,resnet50,0127-2,0,brightness,4,0.8762,0.8686,0.8239,0.5254
handpd_spiral,resnet50,0127-2,0,brightness,5,0.8142,0.8619,0.7091,0.613
handpd_spiral,resnet50,0127-2,0,shadow,1,0.9767,0.9619,0.9216,0.7034
handpd_spiral,resnet50,0127-2,0,shadow,2,0.9052,0.7887,0.7648,0.4942
handpd_spiral,resnet50,0127-2,0,shadow,3,0.7169,0.578,0.5772,0.3349
handpd_spiral,resnet50,0127-2,0,shadow,4,0.6111,0.5056,0.5389,0.2589
handpd_spiral,resnet50,0127-2,0,shadow,5,0.4889,0.4287,0.4988,0.2103
handpd_spiral,resnet50,0127-2,0,perspective,1,0.2634,0.6374,0.7429,0.3979
handpd_spiral,resnet50,0127-2,0,perspective,2,0.0152,0.6994,0.6848,0.3939
handpd_spiral,resnet50,0127-2,0,perspective,3,0.4071,0.7379,0.7741,0.4937
handpd_spiral,resnet50,0127-2,0,perspective,4,0.047,0.663,0.7068,0.388
handpd_spiral,resnet50,0127-2,0,perspective,5,-0.017,0.6464,0.6963,0.3296
handpd_spiral,resnet50,0127-2,0,rotation,1,-0.0518,0.537,0.7665,0.3748
handpd_spiral,resnet50,0127-2,0,rotation,2,-0.0195,0.7057,0.7543,0.4097
handpd_spiral,resnet50,0127-2,0,rotation,3,-0.0356,0.2825,0.7662,0.2056
handpd_spiral,resnet50,0127-2,0,rotation,4,0.1841,0.6601,0.7529,0.4485
handpd_spiral,resnet50,0127-2,0,rotation,5,-0.0708,0.3937,0.6086,0.1671
handpd_spiral,resnet50,0054-4,1,jpeg_compression,1,0.997,0.9967,0.9805,0.8797
handpd_spiral,resnet50,0054-4,1,jpeg_compression,2,0.9875,0.9881,0.9428,0.7602
handpd_spiral,resnet50,0054-4,1,jpeg_compression,3,0.9805,0.9831,0.9378,0.7026
handpd_spiral,resnet50,0054-4,1,jpeg_compression,4,0.9751,0.9786,0.9126,0.7016
handpd_spiral,resnet50,0054-4,1,jpeg_compression,5,0.8098,0.8721,0.6388,0.4881
handpd_spiral,resnet50,0054-4,1,gaussian_blur,1,0.9821,0.9813,0.878,0.7071
handpd_spiral,resnet50,0054-4,1,gaussian_blur,2,0.9351,0.94,0.7589,0.5469
handpd_spiral,resnet50,0054-4,1,gaussian_blur,3,0.866,0.906,0.6367,0.4595
handpd_spiral,resnet50,0054-4,1,gaussian_blur,4,0.8032,0.8917,0.5583,0.4293
handpd_spiral,resnet50,0054-4,1,gaussian_blur,5,0.7256,0.856,0.4927,0.3727
handpd_spiral,resnet50,0054-4,1,gaussian_noise,1,0.9978,0.9978,0.9832,0.922
handpd_spiral,resnet50,0054-4,1,gaussian_noise,2,0.9655,0.9689,0.8947,0.6978
handpd_spiral,resnet50,0054-4,1,gaussian_noise,3,0.9595,0.9723,0.8862,0.7516
handpd_spiral,resnet50,0054-4,1,gaussian_noise,4,0.9256,0.9394,0.8335,0.6189
handpd_spiral,resnet50,0054-4,1,gaussian_noise,5,0.9361,0.9514,0.8484,0.6431
handpd_spiral,resnet50,0054-4,1,contrast,1,0.7784,0.8639,0.6637,0.3833
handpd_spiral,resnet50,0054-4,1,contrast,2,0.9348,0.9468,0.8256,0.5548
handpd_spiral,resnet50,0054-4,1,contrast,3,0.9793,0.9802,0.9337,0.6856
handpd_spiral,resnet50,0054-4,1,contrast,4,0.9821,0.9827,0.9134,0.7957
handpd_spiral,resnet50,0054-4,1,contrast,5,0.9478,0.9671,0.8877,0.6287
handpd_spiral,resnet50,0054-4,1,brightness,1,0.9762,0.9781,0.9166,0.7928
handpd_spiral,resnet50,0054-4,1,brightness,2,0.981,0.9862,0.9421,0.7568
handpd_spiral,resnet50,0054-4,1,brightness,3,0.9821,0.9881,0.9578,0.794
handpd_spiral,resnet50,0054-4,1,brightness,4,0.8293,0.8957,0.6665,0.5527
handpd_spiral,resnet50,0054-4,1,brightness,5,0.8626,0.9232,0.6761,0.6373
handpd_spiral,resnet50,0054-4,1,shadow,1,0.9895,0.9928,0.975,0.8506
handpd_spiral,resnet50,0054-4,1,shadow,2,0.9558,0.9715,0.9275,0.6451
handpd_spiral,resnet50,0054-4,1,shadow,3,0.9275,0.9452,0.8919,0.503
handpd_spiral,resnet50,0054-4,1,shadow,4,0.9252,0.9414,0.8787,0.5512
handpd_spiral,resnet50,0054-4,1,shadow,5,0.9275,0.9417,0.8644,0.5898
handpd_spiral,resnet50,0054-4,1,perspective,1,0.9327,0.9368,0.756,0.7351
handpd_spiral,resnet50,0054-4,1,perspective,2,0.7356,0.747,0.5074,0.4073
handpd_spiral,resnet50,0054-4,1,perspective,3,0.7749,0.81,0.5217,0.3785
handpd_spiral,resnet50,0054-4,1,perspective,4,0.613,0.6596,0.4282,0.3198
handpd_spiral,resnet50,0054-4,1,perspective,5,0.7359,0.7574,0.484,0.5402
handpd_spiral,resnet50,0054-4,1,rotation,1,0.7058,0.6512,0.6491,0.5095
handpd_spiral,resnet50,0054-4,1,rotation,2,0.4157,0.6003,0.469,0.3119
handpd_spiral,resnet50,0054-4,1,rotation,3,0.5735,0.5379,0.4406,0.4005
handpd_spiral,resnet50,0054-4,1,rotation,4,0.2838,0.5202,0.2773,0.298
handpd_spiral,resnet50,0054-4,1,rotation,5,0.091,0.2581,0.2959,0.1146
handpd_spiral,resnet50,0218-4,1,jpeg_compression,1,0.9954,0.9796,0.9571,0.8769
handpd_spiral,resnet50,0218-4,1,jpeg_compression,2,0.9858,0.9237,0.8909,0.8156
handpd_spiral,resnet50,0218-4,1,jpeg_compression,3,0.9841,0.9015,0.8484,0.7305
handpd_spiral,resnet50,0218-4,1,jpeg_compression,4,0.9599,0.7388,0.751,0.6223
handpd_spiral,resnet50,0218-4,1,jpeg_compression,5,0.9324,0.7409,0.6879,0.4467
handpd_spiral,resnet50,0218-4,1,gaussian_blur,1,0.9924,0.9582,0.9131,0.8889
handpd_spiral,resnet50,0218-4,1,gaussian_blur,2,0.9698,0.8271,0.7754,0.6437
handpd_spiral,resnet50,0218-4,1,gaussian_blur,3,0.9225,0.685,0.6266,0.5021
handpd_spiral,resnet50,0218-4,1,gaussian_blur,4,0.9063,0.5899,0.5961,0.4273
handpd_spiral,resnet50,0218-4,1,gaussian_blur,5,0.9012,0.5418,0.5832,0.4098
handpd_spiral,resnet50,0218-4,1,gaussian_noise,1,0.9985,0.9889,0.9835,0.9265
handpd_spiral,resnet50,0218-4,1,gaussian_noise,2,0.9939,0.8656,0.87,0.892
handpd_spiral,resnet50,0218-4,1,gaussian_noise,3,0.9684,0.8765,0.8276,0.7669
handpd_spiral,resnet50,0218-4,1,gaussian_noise,4,0.9704,0.9294,0.8442,0.6805
handpd_spiral,resnet50,0218-4,1,gaussian_noise,5,0.9259,0.9286,0.7645,0.63
handpd_spiral,resnet50,0218-4,1,contrast,1,0.9594,0.7732,0.7539,0.6165
handpd_spiral,resnet50,0218-4,1,contrast,2,0.9748,0.8812,0.8127,0.6491
handpd_spiral,resnet50,0218-4,1,contrast,3,0.9927,0.9119,0.89,0.8294
handpd_spiral,resnet50,0218-4,1,contrast,4,0.9743,0.9484,0.8459,0.7554
handpd_spiral,resnet50,0218-4,1,contrast,5,0.9152,0.9034,0.7241,0.6632
handpd_spiral,resnet50,0218-4,1,brightness,1,0.8422,0.8481,0.722,0.5465
handpd_spiral,resnet50,0218-4,1,brightness,2,0.9288,0.8534,0.7437,0.5681
handpd_spiral,resnet50,0218-4,1,brightness,3,0.98,0.9112,0.8493,0.6661
handpd_spiral,resnet50,0218-4,1,brightness,4,0.7738,0.7655,0.6058,0.4081
handpd_spiral,resnet50,0218-4,1,brightness,5,0.5702,0.6928,0.5029,0.3506
handpd_spiral,resnet50,0218-4,1,shadow,1,0.9904,0.953,0.8803,0.8029
handpd_spiral,resnet50,0218-4,1,shadow,2,0.9693,0.9372,0.792,0.8292
handpd_spiral,resnet50,0218-4,1,shadow,3,0.8677,0.8918,0.6485,0.6839
handpd_spiral,resnet50,0218-4,1,shadow,4,0.7293,0.8326,0.5477,0.5714
handpd_spiral,resnet50,0218-4,1,shadow,5,0.6786,0.7986,0.5065,0.5243
handpd_spiral,resnet50,0218-4,1,perspective,1,0.3492,0.7006,0.5988,0.3955
handpd_spiral,resnet50,0218-4,1,perspective,2,0.3175,0.6902,0.5727,0.3685
handpd_spiral,resnet50,0218-4,1,perspective,3,0.3709,0.8,0.6203,0.4043
handpd_spiral,resnet50,0218-4,1,perspective,4,0.1582,0.6238,0.5989,0.2503
handpd_spiral,resnet50,0218-4,1,perspective,5,0.1324,0.5919,0.5816,0.2979
handpd_spiral,resnet50,0218-4,1,rotation,1,0.203,0.5382,0.5754,0.4045
handpd_spiral,resnet50,0218-4,1,rotation,2,0.1756,0.469,0.4983,0.2367
handpd_spiral,resnet50,0218-4,1,rotation,3,-0.1349,0.1243,0.4068,0.0676
handpd_spiral,resnet50,0218-4,1,rotation,4,0.411,0.4531,0.4966,0.3653
handpd_spiral,resnet50,0218-4,1,rotation,5,-0.2066,-0.1516,0.3609,0.0146
handpd_spiral,resnet50,0196-3,1,jpeg_compression,1,0.9913,0.9899,0.9644,0.8169
handpd_spiral,resnet50,0196-3,1,jpeg_compression,2,0.9806,0.9423,0.8798,0.8404
handpd_spiral,resnet50,0196-3,1,jpeg_compression,3,0.7529,0.8517,0.7303,0.7426
handpd_spiral,resnet50,0196-3,1,jpeg_compression,4,0.8506,0.767,0.67,0.6937
handpd_spiral,resnet50,0196-3,1,jpeg_compression,5,0.865,0.7273,0.6611,0.6934
handpd_spiral,resnet50,0196-3,1,gaussian_blur,1,0.9906,0.9505,0.9136,0.8537
handpd_spiral,resnet50,0196-3,1,gaussian_blur,2,0.9704,0.8703,0.8096,0.7848
handpd_spiral,resnet50,0196-3,1,gaussian_blur,3,0.9396,0.7703,0.74,0.7145
handpd_spiral,resnet50,0196-3,1,gaussian_blur,4,0.9079,0.7077,0.6922,0.6731
handpd_spiral,resnet50,0196-3,1,gaussian_blur,5,0.6698,0.6876,0.6645,0.6034
handpd_spiral,resnet50,0196-3,1,gaussian_noise,1,0.9921,0.9773,0.9527,0.8558
handpd_spiral,resnet50,0196-3,1,gaussian_noise,2,0.9743,0.9192,0.8187,0.8592
handpd_spiral,resnet50,0196-3,1,gaussian_noise,3,0.8494,0.8566,0.7031,0.7247
handpd_spiral,resnet50,0196-3,1,gaussian_noise,4,0.6821,0.8067,0.5498,0.5791
handpd_spiral,resnet50,0196-3,1,gaussian_noise,5,0.6203,0.7321,0.5332,0.4249
handpd_spiral,resnet50,0196-3,1,contrast,1,0.9363,0.8454,0.7259,0.6706
handpd_spiral,resnet50,0196-3,1,contrast,2,0.9666,0.912,0.8163,0.7207
handpd_spiral,resnet50,0196-3,1,contrast,3,0.9842,0.9573,0.8711,0.7976
handpd_spiral,resnet50,0196-3,1,contrast,4,0.8853,0.9092,0.7523,0.7155
handpd_spiral,resnet50,0196-3,1,contrast,5,0.5046,0.8145,0.5924,0.3726
handpd_spiral,resnet50,0196-3,1,brightness,1,0.6735,0.8305,0.721,0.383
handpd_spiral,resnet50,0196-3,1,brightness,2,0.7788,0.8843,0.73,0.5083
handpd_spiral,resnet50,0196-3,1,brightness,3,0.8889,0.9181,0.7392,0.6692
handpd_spiral,resnet50,0196-3,1,brightness,4,0.5075,0.5452,0.5354,0.384
handpd_spiral,resnet50,0196-3,1,brightness,5,0.4747,0.498,0.4339,0.378
handpd_spiral,resnet50,0196-3,1,shadow,1,0.9652,0.9531,0.8223,0.8125
handpd_spiral,resnet50,0196-3,1,shadow,2,0.8494,0.8974,0.6708,0.6101
handpd_spiral,resnet50,0196-3,1,shadow,3,0.6956,0.8385,0.5812,0.4548
handpd_spiral,resnet50,0196-3,1,shadow,4,0.6642,0.8105,0.5393,0.3993
handpd_spiral,resnet50,0196-3,1,shadow,5,0.6441,0.7778,0.4161,0.3839
handpd_spiral,resnet50,0196-3,1,perspective,1,0.3996,0.4933,0.5603,0.2299
handpd_spiral,resnet50,0196-3,1,perspective,2,0.5131,0.8128,0.6688,0.287
handpd_spiral,resnet50,0196-3,1,perspective,3,0.5391,0.8115,0.6792,0.291
handpd_spiral,resnet50,0196-3,1,perspective,4,0.4682,0.6693,0.5903,0.3165
handpd_spiral,resnet50,0196-3,1,perspective,5,0.5388,0.7646,0.5798,0.2879
handpd_spiral,resnet50,0196-3,1,rotation,1,0.5977,0.5319,0.5801,0.3952
handpd_spiral,resnet50,0196-3,1,rotation,2,0.2657,0.5768,0.5397,0.2881
handpd_spiral,resnet50,0196-3,1,rotation,3,0.2121,0.2644,0.4093,0.1631
handpd_spiral,resnet50,0196-3,1,rotation,4,0.5525,0.6398,0.6172,0.3873
handpd_spiral,resnet50,0196-3,1,rotation,5,0.0976,0.1573,0.3863,0.071
handpd_spiral,resnet50,0149-1,1,jpeg_compression,1,0.9987,0.9982,0.9949,0.9646
handpd_spiral,resnet50,0149-1,1,jpeg_compression,2,0.9929,0.993,0.9804,0.8865
handpd_spiral,resnet50,0149-1,1,jpeg_compression,3,0.983,0.9836,0.9638,0.8094
handpd_spiral,resnet50,0149-1,1,jpeg_compression,4,0.9804,0.9833,0.9354,0.8148
handpd_spiral,resnet50,0149-1,1,jpeg_compression,5,0.8628,0.8621,0.6455,0.6618
handpd_spiral,resnet50,0149-1,1,gaussian_blur,1,0.9984,0.9978,0.9893,0.9467
handpd_spiral,resnet50,0149-1,1,gaussian_blur,2,0.993,0.9899,0.9669,0.9118
handpd_spiral,resnet50,0149-1,1,gaussian_blur,3,0.9846,0.9768,0.923,0.8766
handpd_spiral,resnet50,0149-1,1,gaussian_blur,4,0.9837,0.9694,0.9014,0.8462
handpd_spiral,resnet50,0149-1,1,gaussian_blur,5,0.9745,0.9586,0.8812,0.8279
handpd_spiral,resnet50,0149-1,1,gaussian_noise,1,0.9968,0.9948,0.9919,0.96
handpd_spiral,resnet50,0149-1,1,gaussian_noise,2,0.9935,0.9943,0.9872,0.8824
handpd_spiral,resnet50,0149-1,1,gaussian_noise,3,0.9898,0.9878,0.9765,0.8943
handpd_spiral,resnet50,0149-1,1,gaussian_noise,4,0.9754,0.9712,0.9245,0.8176
handpd_spiral,resnet50,0149-1,1,gaussian_noise,5,0.9721,0.9641,0.9186,0.8518
handpd_spiral,resnet50,0149-1,1,contrast,1,0.983,0.9835,0.9464,0.8476
handpd_spiral,resnet50,0149-1,1,contrast,2,0.9933,0.9932,0.9793,0.9215
handpd_spiral,resnet50,0149-1,1,contrast,3,0.9982,0.9982,0.9942,0.9539
handpd_spiral,resnet50,0149-1,1,contrast,4,0.9903,0.986,0.9748,0.9018
handpd_spiral,resnet50,0149-1,1,contrast,5,0.987,0.981,0.9616,0.8993
handpd_spiral,resnet50,0149-1,1,brightness,1,0.8986,0.9151,0.8654,0.6145
handpd_spiral,resnet50,0149-1,1,brightness,2,0.9591,0.9617,0.9269,0.7714
handpd_spiral,resnet50,0149-1,1,brightness,3,0.986,0.9833,0.9664,0.8916
handpd_spiral,resnet50,0149-1,1,brightness,4,0.881,0.9363,0.7826,0.6935
handpd_spiral,resnet50,0149-1,1,brightness,5,0.8786,0.9067,0.7603,0.6653
handpd_spiral,resnet50,0149-1,1,shadow,1,0.9931,0.9903,0.9774,0.9285
handpd_spiral,resnet50,0149-1,1,shadow,2,0.9849,0.9786,0.9539,0.8722
handpd_spiral,resnet50,0149-1,1,shadow,3,0.9793,0.9721,0.9325,0.8254
handpd_spiral,resnet50,0149-1,1,shadow,4,0.9718,0.9649,0.9078,0.8016
handpd_spiral,resnet50,0149-1,1,shadow,5,0.9635,0.9566,0.8873,0.7926
handpd_spiral,resnet50,0149-1,1,perspective,1,0.9672,0.9764,0.9225,0.751
handpd_spiral,resnet50,0149-1,1,perspective,2,0.9358,0.8889,0.8838,0.7248
handpd_spiral,resnet50,0149-1,1,perspective,3,0.9238,0.8937,0.8544,0.6731
handpd_spiral,resnet50,0149-1,1,perspective,4,0.8977,0.853,0.8295,0.6476
handpd_spiral,resnet50,0149-1,1,perspective,5,0.8854,0.8788,0.8215,0.623
handpd_spiral,resnet50,0149-1,1,rotation,1,0.928,0.8779,0.8172,0.7653
handpd_spiral,resnet50,0149-1,1,rotation,2,0.9496,0.8857,0.8676,0.816
handpd_spiral,resnet50,0149-1,1,rotation,3,0.7407,0.7383,0.6941,0.4705
handpd_spiral,resnet50,0149-1,1,rotation,4,0.927,0.9088,0.7953,0.681
handpd_spiral,resnet50,0149-1,1,rotation,5,0.7068,0.6066,0.6651,0.5087
handpd_spiral,resnet50,0003-2,1,jpeg_compression,1,0.9955,0.9943,0.9913,0.9283
handpd_spiral,resnet50,0003-2,1,jpeg_compression,2,0.9712,0.9752,0.9373,0.8071
handpd_spiral,resnet50,0003-2,1,jpeg_compression,3,0.96,0.9693,0.9268,0.765
handpd_spiral,resnet50,0003-2,1,jpeg_compression,4,0.9671,0.978,0.9317,0.7449
handpd_spiral,resnet50,0003-2,1,jpeg_compression,5,0.7931,0.7032,0.6615,0.5218
handpd_spiral,resnet50,0003-2,1,gaussian_blur,1,0.9957,0.9961,0.9922,0.9173
handpd_spiral,resnet50,0003-2,1,gaussian_blur,2,0.9915,0.9909,0.9808,0.8975
handpd_spiral,resnet50,0003-2,1,gaussian_blur,3,0.9781,0.9811,0.9602,0.8262
handpd_spiral,resnet50,0003-2,1,gaussian_blur,4,0.9669,0.9728,0.9381,0.7666
handpd_spiral,resnet50,0003-2,1,gaussian_blur,5,0.9492,0.955,0.9164,0.6817
handpd_spiral,resnet50,0003-2,1,gaussian_noise,1,0.9967,0.9975,0.9938,0.9499
handpd_spiral,resnet50,0003-2,1,gaussian_noise,2,0.9837,0.9822,0.9704,0.8262
handpd_spiral,resnet50,0003-2,1,gaussian_noise,3,0.9498,0.959,0.9324,0.6669
handpd_spiral,resnet50,0003-2,1,gaussian_noise,4,0.9423,0.9213,0.8935,0.7142
handpd_spiral,resnet50,0003-2,1,gaussian_noise,5,0.9598,0.9525,0.9062,0.7838
handpd_spiral,resnet50,0003-2,1,contrast,1,0.9727,0.9711,0.941,0.8047
handpd_spiral,resnet50,0003-2,1,contrast,2,0.9886,0.9864,0.9727,0.8934
handpd_spiral,resnet50,0003-2,1,contrast,3,0.9943,0.9929,0.9856,0.9346
handpd_spiral,resnet50,0003-2,1,contrast,4,0.987,0.9876,0.9806,0.8452
handpd_spiral,resnet50,0003-2,1,contrast,5,0.9793,0.9787,0.968,0.8193
handpd_spiral,resnet50,0003-2,1,brightness,1,0.945,0.929,0.876,0.8092
handpd_spiral,resnet50,0003-2,1,brightness,2,0.9703,0.966,0.9288,0.825
handpd_spiral,resnet50,0003-2,1,brightness,3,0.9904,0.9881,0.9649,0.8993
handpd_spiral,resnet50,0003-2,1,brightness,4,0.914,0.9292,0.7795,0.6533
handpd_spiral,resnet50,0003-2,1,brightness,5,0.9048,0.9172,0.7521,0.6082
handpd_spiral,resnet50,0003-2,1,shadow,1,0.9911,0.9904,0.98,0.8881
handpd_spiral,resnet50,0003-2,1,shadow,2,0.986,0.9821,0.9662,0.8866
handpd_spiral,resnet50,0003-2,1,shadow,3,0.9659,0.9607,0.9357,0.7937
handpd_spiral,resnet50,0003-2,1,shadow,4,0.9302,0.9231,0.8916,0.6781
handpd_spiral,resnet50,0003-2,1,shadow,5,0.9,0.9064,0.8508,0.5776
handpd_spiral,resnet50,0003-2,1,perspective,1,0.9214,0.8773,0.8524,0.67
handpd_spiral,resnet50,0003-2,1,perspective,2,0.8934,0.839,0.7944,0.615
handpd_spiral,resnet50,0003-2,1,perspective,3,0.9164,0.9177,0.7572,0.5915
handpd_spiral,resnet50,0003-2,1,perspective,4,0.9232,0.8378,0.7611,0.7398
handpd_spiral,resnet50,0003-2,1,perspective,5,0.9088,0.8264,0.7416,0.7097
handpd_spiral,resnet50,0003-2,1,rotation,1,0.8841,0.845,0.7439,0.6015
handpd_spiral,resnet50,0003-2,1,rotation,2,0.8741,0.7851,0.8026,0.7399
handpd_spiral,resnet50,0003-2,1,rotation,3,0.8277,0.7417,0.7307,0.5356
handpd_spiral,resnet50,0003-2,1,rotation,4,0.8973,0.8456,0.7918,0.6789
handpd_spiral,resnet50,0003-2,1,rotation,5,0.7914,0.7228,0.7251,0.523
handpd_spiral,vgg16,0289-4,0,jpeg_compression,1,0.9985,0.9952,0.9931,0.9311
handpd_spiral,vgg16,0289-4,0,jpeg_compression,2,0.9901,0.9949,0.9829,0.8442
handpd_spiral,vgg16,0289-4,0,jpeg_compression,3,0.9951,0.994,0.9741,0.9206
handpd_spiral,vgg16,0289-4,0,jpeg_compression,4,0.9822,0.9818,0.9422,0.8245
handpd_spiral,vgg16,0289-4,0,jpeg_compression,5,0.848,0.8242,0.5861,0.6197
handpd_spiral,vgg16,0289-4,0,gaussian_blur,1,0.9948,0.998,0.982,0.8957
handpd_spiral,vgg16,0289-4,0,gaussian_blur,2,0.9755,0.9656,0.9104,0.7431
handpd_spiral,vgg16,0289-4,0,gaussian_blur,3,0.9271,0.9374,0.8395,0.5251
handpd_spiral,vgg16,0289-4,0,gaussian_blur,4,0.8642,0.8827,0.7588,0.4279
handpd_spiral,vgg16,0289-4,0,gaussian_blur,5,0.8152,0.8595,0.7116,0.4268
handpd_spiral,vgg16,0289-4,0,gaussian_noise,1,0.9988,0.9995,0.9964,0.9632
handpd_spiral,vgg16,0289-4,0,gaussian_noise,2,0.9858,0.9749,0.9215,0.846
handpd_spiral,vgg16,0289-4,0,gaussian_noise,3,0.9647,0.9707,0.8674,0.8176
handpd_spiral,vgg16,0289-4,0,gaussian_noise,4,0.9243,0.9461,0.8533,0.6735
handpd_spiral,vgg16,0289-4,0,gaussian_noise,5,0.9439,0.9474,0.8667,0.7363
handpd_spiral,vgg16,0289-4,0,contrast,1,0.9443,0.9456,0.8602,0.5997
handpd_spiral,vgg16,0289-4,0,contrast,2,0.9864,0.9806,0.9438,0.8168
handpd_spiral,vgg16,0289-4,0,contrast,3,0.9949,0.9848,0.9699,0.9026
handpd_spiral,vgg16,0289-4,0,contrast,4,0.9711,0.9828,0.909,0.8437
handpd_spiral,vgg16,0289-4,0,contrast,5,0.9272,0.9706,0.8357,0.7469
handpd_spiral,vgg16,0289-4,0,brightness,1,0.8604,0.599,0.5993,0.6843
handpd_spiral,vgg16,0289-4,0,brightness,2,0.9189,0.8535,0.7646,0.7278
handpd_spiral,vgg16,0289-4,0,brightness,3,0.9703,0.9565,0.8581,0.7567
handpd_spiral,vgg16,0289-4,0,brightness,4,0.8564,0.8466,0.7847,0.6271
handpd_spiral,vgg16,0289-4,0,brightness,5,0.8018,0.8005,0.7419,0.5636
handpd_spiral,vgg16,0289-4,0,shadow,1,0.9878,0.9686,0.8795,0.8292
handpd_spiral,vgg16,0289-4,0,shadow,2,0.9641,0.9272,0.7957,0.7419
handpd_spiral,vgg16,0289-4,0,shadow,3,0.9353,0.8859,0.7507,0.702
handpd_spiral,vgg16,0289-4,0,shadow,4,0.9165,0.847,0.7246,0.6994
handpd_spiral,vgg16,0289-4,0,shadow,5,0.8949,0.7731,0.6483,0.6947
handpd_spiral,vgg16,0289-4,0,perspective,1,0.8821,0.9037,0.6753,0.6521
handpd_spiral,vgg16,0289-4,0,perspective,2,0.8128,0.8859,0.5907,0.5118
handpd_spiral,vgg16,0289-4,0,perspective,3,0.8177,0.8652,0.6905,0.527
handpd_spiral,vgg16,0289-4,0,perspective,4,0.7188,0.8068,0.6895,0.4413
handpd_spiral,vgg16,0289-4,0,perspective,5,0.5434,0.7485,0.6288,0.3336
handpd_spiral,vgg16,0289-4,0,rotation,1,0.7933,0.7151,0.7057,0.5619
handpd_spiral,vgg16,0289-4,0,rotation,2,0.3918,0.5735,0.5228,0.2144
handpd_spiral,vgg16,0289-4,0,rotation,3,0.623,0.6067,0.6417,0.4551
handpd_spiral,vgg16,0289-4,0,rotation,4,0.2092,0.3573,0.4767,0.1811
handpd_spiral,vgg16,0289-4,0,rotation,5,0.4925,0.3921,0.467,0.3814
handpd_spiral,vgg16,0104-2,0,jpeg_compression,1,0.9964,0.9997,0.9982,0.9936
handpd_spiral,vgg16,0104-2,0,jpeg_compression,2,0.9926,0.9455,0.9749,0.8986
handpd_spiral,vgg16,0104-2,0,jpeg_compression,3,0.9765,0.9271,0.9773,0.9887
handpd_spiral,vgg16,0104-2,0,jpeg_compression,4,0.9659,0.8,0.8793,0.733
handpd_spiral,vgg16,0104-2,0,jpeg_compression,5,0.869,0.7835,0.845,0.6169
handpd_spiral,vgg16,0104-2,0,gaussian_blur,1,0.9916,0.9993,0.9959,0.9875
handpd_spiral,vgg16,0104-2,0,gaussian_blur,2,0.9855,0.999,0.9918,0.9838
handpd_spiral,vgg16,0104-2,0,gaussian_blur,3,0.9368,0.9973,0.9451,0.9621
handpd_spiral,vgg16,0104-2,0,gaussian_blur,4,0.9072,0.9274,0.9257,0.8127
handpd_spiral,vgg16,0104-2,0,gaussian_blur,5,0.9471,0.9288,0.9487,0.8127
handpd_spiral,vgg16,0104-2,0,gaussian_noise,1,0.9906,0.9991,0.9947,0.9867
handpd_spiral,vgg16,0104-2,0,gaussian_noise,2,0.9289,0.9974,0.9471,0.9686
handpd_spiral,vgg16,0104-2,0,gaussian_noise,3,0.833,0.7215,0.8494,0.5676
handpd_spiral,vgg16,0104-2,0,gaussian_noise,4,0.7601,0.5221,0.8539,0.5064
handpd_spiral,vgg16,0104-2,0,gaussian_noise,5,0.8238,0.7446,0.8664,0.5962
handpd_spiral,vgg16,0104-2,0,contrast,1,0.8413,0.7409,0.894,0.6471
handpd_spiral,vgg16,0104-2,0,contrast,2,0.8855,0.9956,0.9177,0.9584
handpd_spiral,vgg16,0104-2,0,contrast,3,0.9477,0.9982,0.9559,0.9744
handpd_spiral,vgg16,0104-2,0,contrast,4,0.9707,0.9989,0.983,0.9929
handpd_spiral,vgg16,0104-2,0,contrast,5,0.9413,0.9984,0.9676,0.9852
handpd_spiral,vgg16,0104-2,0,brightness,1,0.8434,0.7335,0.8672,0.6163
handpd_spiral,vgg16,0104-2,0,brightness,2,0.8897,0.805,0.866,0.6113
handpd_spiral,vgg16,0104-2,0,brightness,3,0.9439,0.8525,0.8997,0.7788
handpd_spiral,vgg16,0104-2,0,brightness,4,0.7871,0.6609,0.7388,0.4365
handpd_spiral,vgg16,0104-2,0,brightness,5,0.6893,0.6108,0.7226,0.3677
handpd_spiral,vgg16,0104-2,0,shadow,1,0.9725,0.8645,0.9247,0.8457
handpd_spiral,vgg16,0104-2,0,shadow,2,0.9401,0.886,0.9104,0.7531
handpd_spiral,vgg16,0104-2,0,shadow,3,0.8699,0.7967,0.8786,0.6823
handpd_spiral,vgg16,0104-2,0,shadow,4,0.8246,0.5023,0.8386,0.4106
handpd_spiral,vgg16,0104-2,0,shadow,5,0.82,0.4971,0.8116,0.4023
handpd_spiral,vgg16,0104-2,0,perspective,1,0.6992,0.793,0.8763,0.6643
handpd_spiral,vgg16,0104-2,0,perspective,2,0.9646,0.8641,0.9227,0.727
handpd_spiral,vgg16,0104-2,0,perspective,3,0.9592,0.8553,0.9019,0.6827
handpd_spiral,vgg16,0104-2,0,perspective,4,0.9048,0.8046,0.8474,0.6621
handpd_spiral,vgg16,0104-2,0,perspective,5,0.8645,0.8672,0.8659,0.7431
handpd_spiral,vgg16,0104-2,0,rotation,1,0.5544,0.7704,0.7842,0.506
handpd_spiral,vgg16,0104-2,0,rotation,2,0.6069,0.898,0.8708,0.7524
handpd_spiral,vgg16,0104-2,0,rotation,3,0.3438,0.5971,0.7788,0.4899
handpd_spiral,vgg16,0104-2,0,rotation,4,0.4013,0.6105,0.8437,0.3863
handpd_spiral,vgg16,0104-2,0,rotation,5,0.4746,0.5542,0.7826,0.4247
handpd_spiral,vgg16,0287-3,0,jpeg_compression,1,0.9984,0.9931,0.9835,0.9222
handpd_spiral,vgg16,0287-3,0,jpeg_compression,2,0.9943,0.9897,0.97,0.8796
handpd_spiral,vgg16,0287-3,0,jpeg_compression,3,0.9863,0.9765,0.9328,0.8812
handpd_spiral,vgg16,0287-3,0,jpeg_compression,4,0.9842,0.9794,0.9372,0.824
handpd_spiral,vgg16,0287-3,0,jpeg_compression,5,0.8072,0.8886,0.6979,0.4782
handpd_spiral,vgg16,0287-3,0,gaussian_blur,1,0.9944,0.9879,0.9642,0.8518
handpd_spiral,vgg16,0287-3,0,gaussian_blur,2,0.9814,0.9726,0.9152,0.7226
handpd_spiral,vgg16,0287-3,0,gaussian_blur,3,0.9515,0.9221,0.8509,0.5499
handpd_spiral,vgg16,0287-3,0,gaussian_blur,4,0.9238,0.8912,0.8078,0.4908
handpd_spiral,vgg16,0287-3,0,gaussian_blur,5,0.903,0.8452,0.7554,0.4597
handpd_spiral,vgg16,0287-3,0,gaussian_noise,1,0.9981,0.9959,0.9767,0.9278
handpd_spiral,vgg16,0287-3,0,gaussian_noise,2,0.9866,0.9855,0.9503,0.8388
handpd_spiral,vgg16,0287-3,0,gaussian_noise,3,0.9749,0.9725,0.9347,0.6934
handpd_spiral,vgg16,0287-3,0,gaussian_noise,4,0.9563,0.9257,0.8189,0.7359
handpd_spiral,vgg16,0287-3,0,gaussian_noise,5,0.9389,0.8929,0.8249,0.5841
handpd_spiral,vgg16,0287-3,0,contrast,1,0.903,0.8652,0.7318,0.538
handpd_spiral,vgg16,0287-3,0,contrast,2,0.9645,0.9559,0.8058,0.7125
handpd_spiral,vgg16,0287-3,0,contrast,3,0.9879,0.9833,0.9007,0.8691
handpd_spiral,vgg16,0287-3,0,contrast,4,0.9779,0.9715,0.9213,0.7071
handpd_spiral,vgg16,0287-3,0,contrast,5,0.9608,0.9381,0.8728,0.6467
handpd_spiral,vgg16,0287-3,0,brightness,1,0.5233,0.4942,0.4445,0.1966
handpd_spiral,vgg16,0287-3,0,brightness,2,0.6729,0.6261,0.5185,0.3494
handpd_spiral,vgg16,0287-3,0,brightness,3,0.8346,0.7854,0.6226,0.5022
handpd_spiral,vgg16,0287-3,0,brightness,4,0.7212,0.8611,0.6785,0.3588
handpd_spiral,vgg16,0287-3,0,brightness,5,0.6756,0.8425,0.7034,0.3399
handpd_spiral,vgg16,0287-3,0,shadow,1,0.9115,0.8761,0.7315,0.6668
handpd_spiral,vgg16,0287-3,0,shadow,2,0.8011,0.7359,0.6331,0.4567
handpd_spiral,vgg16,0287-3,0,shadow,3,0.7048,0.6137,0.5846,0.3116
handpd_spiral,vgg16,0287-3,0,shadow,4,0.6046,0.5143,0.561,0.2233
handpd_spiral,vgg16,0287-3,0,shadow,5,0.5621,0.4956,0.5434,0.2192
handpd_spiral,vgg16,0287-3,0,perspective,1,0.8294,0.8465,0.7244,0.5305
handpd_spiral,vgg16,0287-3,0,perspective,2,0.6818,0.8372,0.6751,0.4344
handpd_spiral,vgg16,0287-3,0,perspective,3,0.7791,0.8959,0.7491,0.4998
handpd_spiral,vgg16,0287-3,0,perspective,4,0.6482,0.8395,0.6769,0.3351
handpd_spiral,vgg16,0287-3,0,perspective,5,0.6389,0.8043,0.5535,0.329
handpd_spiral,vgg16,0287-3,0,rotation,1,0.7836,0.5577,0.6558,0.3438
handpd_spiral,vgg16,0287-3,0,rotation,2,0.4479,0.7285,0.5616,0.2996
handpd_spiral,vgg16,0287-3,0,rotation,3,0.5807,0.4334,0.546,0.2693
handpd_spiral,vgg16,0287-3,0,rotation,4,0.2442,0.4709,0.4795,0.2138
handpd_spiral,vgg16,0287-3,0,rotation,5,0.3337,0.2322,0.4001,0.2502
handpd_spiral,vgg16,0104-1,0,jpeg_compression,1,0.9611,0.9995,0.986,0.9038
handpd_spiral,vgg16,0104-1,0,jpeg_compression,2,0.8924,0.8228,0.9206,0.6495
handpd_spiral,vgg16,0104-1,0,jpeg_compression,3,0.864,0.8804,0.9328,0.6924
handpd_spiral,vgg16,0104-1,0,jpeg_compression,4,0.6773,0.7026,0.8603,0.4931
handpd_spiral,vgg16,0104-1,0,jpeg_compression,5,0.5583,0.6654,0.7819,0.4447
handpd_spiral,vgg16,0104-1,0,gaussian_blur,1,0.0643,0.3111,0.7998,0.3706
handpd_spiral,vgg16,0104-1,0,gaussian_blur,2,-0.0529,-0.0928,0.8132,0.1329
handpd_spiral,vgg16,0104-1,0,gaussian_blur,3,nan,nan,0.8569,0.134
handpd_spiral,vgg16,0104-1,0,gaussian_blur,4,nan,nan,0.8569,0.134
handpd_spiral,vgg16,0104-1,0,gaussian_blur,5,nan,nan,0.8569,0.134
handpd_spiral,vgg16,0104-1,0,gaussian_noise,1,0.9546,0.8312,0.9596,0.6265
handpd_spiral,vgg16,0104-1,0,gaussian_noise,2,0.3943,0.3152,0.8458,0.2912
handpd_spiral,vgg16,0104-1,0,gaussian_noise,3,0.9174,0.9984,0.9706,0.9848
handpd_spiral,vgg16,0104-1,0,gaussian_noise,4,0.823,0.6266,0.8756,0.4435
handpd_spiral,vgg16,0104-1,0,gaussian_noise,5,0.8883,0.6078,0.8842,0.484
handpd_spiral,vgg16,0104-1,0,contrast,1,nan,nan,0.8569,0.134
handpd_spiral,vgg16,0104-1,0,contrast,2,0.8161,0.619,0.9188,0.3706
handpd_spiral,vgg16,0104-1,0,contrast,3,0.9633,0.9992,0.9696,0.7826
handpd_spiral,vgg16,0104-1,0,contrast,4,0.4839,0.7441,0.888,0.526
handpd_spiral,vgg16,0104-1,0,contrast,5,0.2722,0.7259,0.8564,0.5066
handpd_spiral,vgg16,0104-1,0,brightness,1,0.7352,0.3459,0.8388,0.3083
handpd_spiral,vgg16,0104-1,0,brightness,2,0.7047,0.343,0.8366,0.3083
handpd_spiral,vgg16,0104-1,0,brightness,3,0.6596,0.2935,0.8019,0.1892
handpd_spiral,vgg16,0104-1,0,brightness,4,0.6179,0.161,0.6971,0.2155
handpd_spiral,vgg16,0104-1,0,brightness,5,0.5764,0.3148,0.7011,0.2071
handpd_spiral,vgg16,0104-1,0,shadow,1,0.9399,0.6985,0.8561,0.4482
handpd_spiral,vgg16,0104-1,0,shadow,2,0.5206,0.3887,0.7487,0.2689
handpd_spiral,vgg16,0104-1,0,shadow,3,0.5686,0.3913,0.7579,0.2676
handpd_spiral,vgg16,0104-1,0,shadow,4,0.5331,0.4171,0.7768,0.2701
handpd_spiral,vgg16,0104-1,0,shadow,5,0.5051,0.4108,0.7697,0.2567
handpd_spiral,vgg16,0104-1,0,perspective,1,0.1543,0.222,0.7993,0.2911
handpd_spiral,vgg16,0104-1,0,perspective,2,0.1087,0.2165,0.7986,0.2911
handpd_spiral,vgg16,0104-1,0,perspective,3,0.054,0.2056,0.8074,0.2911
handpd_spiral,vgg16,0104-1,0,perspective,4,0.0323,0.1373,0.7784,0.2413
handpd_spiral,vgg16,0104-1,0,perspective,5,0.0626,0.4345,0.794,0.3644
handpd_spiral,vgg16,0104-1,0,rotation,1,0.2535,0.1663,0.786,0.242
handpd_spiral,vgg16,0104-1,0,rotation,2,-0.0802,-0.1576,0.7462,0.1329
handpd_spiral,vgg16,0104-1,0,rotation,3,-0.0775,-0.1576,0.7541,0.1329
handpd_spiral,vgg16,0104-1,0,rotation,4,-0.0756,-0.1344,0.77,0.1329
handpd_spiral,vgg16,0104-1,0,rotation,5,-0.0529,-0.0928,0.8132,0.1329
handpd_spiral,vgg16,0127-2,0,jpeg_compression,1,0.9999,0.9457,0.9968,0.9704
handpd_spiral,vgg16,0127-2,0,jpeg_compression,2,0.9973,0.8907,0.9733,0.9009
handpd_spiral,vgg16,0127-2,0,jpeg_compression,3,0.9911,0.8084,0.8981,0.8476
handpd_spiral,vgg16,0127-2,0,jpeg_compression,4,0.9865,0.8551,0.8981,0.7789
handpd_spiral,vgg16,0127-2,0,jpeg_compression,5,0.8201,0.4426,0.616,0.442
handpd_spiral,vgg16,0127-2,0,gaussian_blur,1,0.9989,0.9386,0.9772,0.8472
handpd_spiral,vgg16,0127-2,0,gaussian_blur,2,0.9954,0.9172,0.9231,0.8119
handpd_spiral,vgg16,0127-2,0,gaussian_blur,3,0.9935,0.8307,0.9323,0.8119
handpd_spiral,vgg16,0127-2,0,gaussian_blur,4,0.9841,0.7941,0.8996,0.7774
handpd_spiral,vgg16,0127-2,0,gaussian_blur,5,0.9816,0.7936,0.8936,0.7815
handpd_spiral,vgg16,0127-2,0,gaussian_noise,1,0.9994,0.9995,0.9912,0.9657
handpd_spiral,vgg16,0127-2,0,gaussian_noise,2,0.9982,0.9454,0.9849,0.9482
handpd_spiral,vgg16,0127-2,0,gaussian_noise,3,0.9916,0.9026,0.9518,0.8224
handpd_spiral,vgg16,0127-2,0,gaussian_noise,4,0.9958,0.831,0.9374,0.8119
handpd_spiral,vgg16,0127-2,0,gaussian_noise,5,0.9863,0.8285,0.9185,0.7621
handpd_spiral,vgg16,0127-2,0,contrast,1,0.9875,0.8286,0.9157,0.7736
handpd_spiral,vgg16,0127-2,0,contrast,2,0.9951,0.9421,0.9352,0.8083
handpd_spiral,vgg16,0127-2,0,contrast,3,0.9985,0.9321,0.9515,0.9026
handpd_spiral,vgg16,0127-2,0,contrast,4,0.9889,0.8529,0.889,0.6815
handpd_spiral,vgg16,0127-2,0,contrast,5,0.967,0.8052,0.7928,0.641
handpd_spiral,vgg16,0127-2,0,brightness,1,0.9035,0.6493,0.7351,0.4078
handpd_spiral,vgg16,0127-2,0,brightness,2,0.9329,0.6417,0.7007,0.4173
handpd_spiral,vgg16,0127-2,0,brightness,3,0.9797,0.8048,0.7774,0.6942
handpd_spiral,vgg16,0127-2,0,brightness,4,0.8873,0.491,0.6178,0.48
handpd_spiral,vgg16,0127-2,0,brightness,5,0.8385,0.4979,0.6225,0.4535
handpd_spiral,vgg16,0127-2,0,shadow,1,0.9899,0.8916,0.8742,0.7856
handpd_spiral,vgg16,0127-2,0,shadow,2,0.9726,0.8382,0.7663,0.6812
handpd_spiral,vgg16,0127-2,0,shadow,3,0.9531,0.7384,0.6946,0.6532
handpd_spiral,vgg16,0127-2,0,shadow,4,0.9442,0.7139,0.7209,0.6065
handpd_spiral,vgg16,0127-2,0,shadow,5,0.936,0.6831,0.7474,0.5736
handpd_spiral,vgg16,0127-2,0,perspective,1,0.9144,0.6371,0.8235,0.5359
handpd_spiral,vgg16,0127-2,0,perspective,2,0.7113,0.6332,0.7605,0.5812
handpd_spiral,vgg16,0127-2,0,perspective,3,0.8642,0.4935,0.736,0.5247
handpd_spiral,vgg16,0127-2,0,perspective,4,0.681,0.4595,0.666,0.4883
handpd_spiral,vgg16,0127-2,0,perspective,5,0.7207,0.4596,0.6719,0.4708
handpd_spiral,vgg16,0127-2,0,rotation,1,0.9649,0.7983,0.9074,0.697
handpd_spiral,vgg16,0127-2,0,rotation,2,0.5138,0.4544,0.6769,0.4565
handpd_spiral,vgg16,0127-2,0,rotation,3,0.7467,0.4206,0.7122,0.4087
handpd_spiral,vgg16,0127-2,0,rotation,4,0.0823,0.2969,0.6241,0.2049
handpd_spiral,vgg16,0127-2,0,rotation,5,0.2788,0.3227,0.6775,0.281
handpd_spiral,vgg16,0054-4,1,jpeg_compression,1,0.9989,0.9968,0.9926,0.9523
handpd_spiral,vgg16,0054-4,1,jpeg_compression,2,0.9971,0.9911,0.9635,0.9573
handpd_spiral,vgg16,0054-4,1,jpeg_compression,3,0.9935,0.9827,0.9275,0.9217
handpd_spiral,vgg16,0054-4,1,jpeg_compression,4,0.9899,0.9636,0.922,0.858
handpd_spiral,vgg16,0054-4,1,jpeg_compression,5,0.9274,0.8328,0.7091,0.8083
handpd_spiral,vgg16,0054-4,1,gaussian_blur,1,0.9994,0.9974,0.9968,0.9646
handpd_spiral,vgg16,0054-4,1,gaussian_blur,2,0.9969,0.9924,0.9896,0.9176
handpd_spiral,vgg16,0054-4,1,gaussian_blur,3,0.9918,0.9843,0.9759,0.8594
handpd_spiral,vgg16,0054-4,1,gaussian_blur,4,0.9848,0.9771,0.9637,0.8183
handpd_spiral,vgg16,0054-4,1,gaussian_blur,5,0.9772,0.9661,0.9274,0.8102
handpd_spiral,vgg16,0054-4,1,gaussian_noise,1,0.9989,0.9977,0.9975,0.9531
handpd_spiral,vgg16,0054-4,1,gaussian_noise,2,0.9933,0.9852,0.9508,0.8909
handpd_spiral,vgg16,0054-4,1,gaussian_noise,3,0.981,0.9738,0.948,0.7913
handpd_spiral,vgg16,0054-4,1,gaussian_noise,4,0.9771,0.949,0.8703,0.8637
handpd_spiral,vgg16,0054-4,1,gaussian_noise,5,0.8401,0.936,0.738,0.6595
handpd_spiral,vgg16,0054-4,1,contrast,1,0.9742,0.9337,0.9021,0.7845
handpd_spiral,vgg16,0054-4,1,contrast,2,0.9897,0.9733,0.9549,0.8442
handpd_spiral,vgg16,0054-4,1,contrast,3,0.9966,0.9891,0.9801,0.9289
handpd_spiral,vgg16,0054-4,1,contrast,4,0.9851,0.9799,0.885,0.8127
handpd_spiral,vgg16,0054-4,1,contrast,5,0.9584,0.9568,0.8212,0.7191
handpd_spiral,vgg16,0054-4,1,brightness,1,0.8744,0.7466,0.7075,0.6289
handpd_spiral,vgg16,0054-4,1,brightness,2,0.9061,0.7929,0.6818,0.6768
handpd_spiral,vgg16,0054-4,1,brightness,3,0.963,0.9078,0.7804,0.791
handpd_spiral,vgg16,0054-4,1,brightness,4,0.909,0.7182,0.6423,0.7171
handpd_spiral,vgg16,0054-4,1,brightness,5,0.9033,0.6858,0.6195,0.7016
handpd_spiral,vgg16,0054-4,1,shadow,1,0.9908,0.9763,0.8714,0.8719
handpd_spiral,vgg16,0054-4,1,shadow,2,0.9737,0.936,0.8066,0.8102
handpd_spiral,vgg16,0054-4,1,shadow,3,0.9632,0.9161,0.8003,0.7799
handpd_spiral,vgg16,0054-4,1,shadow,4,0.9494,0.8901,0.8111,0.7393
handpd_spiral,vgg16,0054-4,1,shadow,5,0.9327,0.8535,0.8024,0.7147
handpd_spiral,vgg16,0054-4,1,perspective,1,0.7663,0.8076,0.6637,0.4545
handpd_spiral,vgg16,0054-4,1,perspective,2,0.7664,0.7403,0.6019,0.4031
handpd_spiral,vgg16,0054-4,1,perspective,3,0.8747,0.8081,0.6626,0.5626
handpd_spiral,vgg16,0054-4,1,perspective,4,0.7214,0.7321,0.6021,0.4031
handpd_spiral,vgg16,0054-4,1,perspective,5,0.6033,0.6216,0.5244,0.3009
handpd_spiral,vgg16,0054-4,1,rotation,1,0.7883,0.7994,0.7622,0.4936
handpd_spiral,vgg16,0054-4,1,rotation,2,0.6331,0.537,0.4972,0.4198
handpd_spiral,vgg16,0054-4,1,rotation,3,0.4726,0.4949,0.5724,0.2396
handpd_spiral,vgg16,0054-4,1,rotation,4,0.3372,0.2092,0.3993,0.2282
handpd_spiral,vgg16,0054-4,1,rotation,5,0.3291,0.2825,0.5166,0.3158
handpd_spiral,vgg16,0218-4,1,jpeg_compression,1,0.9994,0.9982,0.9959,0.9657
handpd_spiral,vgg16,0218-4,1,jpeg_compression,2,0.994,0.9887,0.9654,0.8761
handpd_spiral,vgg16,0218-4,1,jpeg_compression,3,0.9925,0.9848,0.9468,0.8863
handpd_spiral,vgg16,0218-4,1,jpeg_compression,4,0.9696,0.9589,0.9142,0.7449
handpd_spiral,vgg16,0218-4,1,jpeg_compression,5,0.8352,0.7364,0.6738,0.451
handpd_spiral,vgg16,0218-4,1,gaussian_blur,1,0.9973,0.9904,0.9731,0.9226
handpd_spiral,vgg16,0218-4,1,gaussian_blur,2,0.9935,0.9762,0.946,0.8635
handpd_spiral,vgg16,0218-4,1,gaussian_blur,3,0.9767,0.9492,0.8715,0.7672
handpd_spiral,vgg16,0218-4,1,gaussian_blur,4,0.9633,0.9164,0.8275,0.7147
handpd_spiral,vgg16,0218-4,1,gaussian_blur,5,0.941,0.8819,0.7635,0.6421
handpd_spiral,vgg16,0218-4,1,gaussian_noise,1,0.9989,0.9982,0.9942,0.9421
handpd_spiral,vgg16,0218-4,1,gaussian_noise,2,0.9901,0.9686,0.94,0.8618
handpd_spiral,vgg16,0218-4,1,gaussian_noise,3,0.967,0.9462,0.8465,0.7327
handpd_spiral,vgg16,0218-4,1,gaussian_noise,4,0.9431,0.827,0.742,0.6229
handpd_spiral,vgg16,0218-4,1,gaussian_noise,5,0.8958,0.6231,0.573,0.5363
handpd_spiral,vgg16,0218-4,1,contrast,1,0.9578,0.8732,0.8373,0.6728
handpd_spiral,vgg16,0218-4,1,contrast,2,0.9738,0.9269,0.8709,0.7565
handpd_spiral,vgg16,0218-4,1,contrast,3,0.99,0.9661,0.9166,0.8494
handpd_spiral,vgg16,0218-4,1,contrast,4,0.9554,0.9605,0.913,0.7033
handpd_spiral,vgg16,0218-4,1,contrast,5,0.9252,0.9364,0.8634,0.6732
handpd_spiral,vgg16,0218-4,1,brightness,1,0.8205,0.5868,0.5772,0.4402
handpd_spiral,vgg16,0218-4,1,brightness,2,0.8629,0.7107,0.7091,0.4714
handpd_spiral,vgg16,0218-4,1,brightness,3,0.9608,0.9326,0.885,0.6621
handpd_spiral,vgg16,0218-4,1,brightness,4,0.7332,0.698,0.6215,0.3111
handpd_spiral,vgg16,0218-4,1,brightness,5,0.6822,0.6566,0.561,0.2963
handpd_spiral,vgg16,0218-4,1,shadow,1,0.9874,0.97,0.9282,0.791
handpd_spiral,vgg16,0218-4,1,shadow,2,0.967,0.9283,0.8677,0.7036
handpd_spiral,vgg16,0218-4,1,shadow,3,0.9423,0.8692,0.7998,0.6373
handpd_spiral,vgg16,0218-4,1,shadow,4,0.9196,0.7718,0.7097,0.5843
handpd_spiral,vgg16,0218-4,1,shadow,5,0.9119,0.7305,0.6803,0.5663
handpd_spiral,vgg16,0218-4,1,perspective,1,0.7524,0.7145,0.6247,0.4911
handpd_spiral,vgg16,0218-4,1,perspective,2,0.8188,0.816,0.689,0.4815
handpd_spiral,vgg16,0218-4,1,perspective,3,0.7773,0.7775,0.6351,0.4343
handpd_spiral,vgg16,0218-4,1,perspective,4,0.5984,0.6422,0.5099,0.3162
handpd_spiral,vgg16,0218-4,1,perspective,5,0.5858,0.7261,0.5294,0.3107
handpd_spiral,vgg16,0218-4,1,rotation,1,0.7748,0.5744,0.6776,0.4322
handpd_spiral,vgg16,0218-4,1,rotation,2,0.3301,0.6008,0.5144,0.3072
handpd_spiral,vgg16,0218-4,1,rotation,3,0.5549,0.395,0.5106,0.3913
handpd_spiral,vgg16,0218-4,1,rotation,4,0.3666,0.4713,0.4154,0.2979
handpd_spiral,vgg16,0218-4,1,rotation,5,0.2879,0.4189,0.4352,0.286
handpd_spiral,vgg16,0196-3,1,jpeg_compression,1,0.9986,0.9818,0.9824,0.9611
handpd_spiral,vgg16,0196-3,1,jpeg_compression,2,0.9965,0.9707,0.9638,0.9169
handpd_spiral,vgg16,0196-3,1,jpeg_compression,3,0.9915,0.9584,0.943,0.8752
handpd_spiral,vgg16,0196-3,1,jpeg_compression,4,0.9896,0.9467,0.9015,0.875
handpd_spiral,vgg16,0196-3,1,jpeg_compression,5,0.6188,0.6687,0.5674,0.3419
handpd_spiral,vgg16,0196-3,1,gaussian_blur,1,0.9966,0.949,0.9557,0.9198
handpd_spiral,vgg16,0196-3,1,gaussian_blur,2,0.9807,0.9573,0.9318,0.777
handpd_spiral,vgg16,0196-3,1,gaussian_blur,3,0.912,0.8702,0.793,0.5255
handpd_spiral,vgg16,0196-3,1,gaussian_blur,4,0.8518,0.696,0.7035,0.4377
handpd_spiral,vgg16,0196-3,1,gaussian_blur,5,0.8242,0.6739,0.6439,0.3796
handpd_spiral,vgg16,0196-3,1,gaussian_noise,1,0.9989,0.9947,0.9753,0.9688
handpd_spiral,vgg16,0196-3,1,gaussian_noise,2,0.9945,0.959,0.9131,0.9109
handpd_spiral,vgg16,0196-3,1,gaussian_noise,3,0.9855,0.9414,0.8836,0.7744
handpd_spiral,vgg16,0196-3,1,gaussian_noise,4,0.9415,0.89,0.771,0.6498
handpd_spiral,vgg16,0196-3,1,gaussian_noise,5,0.9395,0.8804,0.7548,0.6607
handpd_spiral,vgg16,0196-3,1,contrast,1,0.9729,0.9599,0.914,0.6826
handpd_spiral,vgg16,0196-3,1,contrast,2,0.9935,0.9676,0.9506,0.8327
handpd_spiral,vgg16,0196-3,1,contrast,3,0.9982,0.984,0.9858,0.9401
handpd_spiral,vgg16,0196-3,1,contrast,4,0.9865,0.9482,0.8994,0.884
handpd_spiral,vgg16,0196-3,1,contrast,5,0.9584,0.9371,0.8539,0.8201
handpd_spiral,vgg16,0196-3,1,brightness,1,0.9059,0.736,0.7049,0.6048
handpd_spiral,vgg16,0196-3,1,brightness,2,0.9038,0.7055,0.6696,0.6221
handpd_spiral,vgg16,0196-3,1,brightness,3,0.9476,0.8563,0.7225,0.6724
handpd_spiral,vgg16,0196-3,1,brightness,4,0.5013,0.6074,0.4922,0.2519
handpd_spiral,vgg16,0196-3,1,brightness,5,0.4407,0.5802,0.4733,0.2336
handpd_spiral,vgg16,0196-3,1,shadow,1,0.9763,0.9254,0.8101,0.7556
handpd_spiral,vgg16,0196-3,1,shadow,2,0.9488,0.8856,0.7462,0.6803
handpd_spiral,vgg16,0196-3,1,shadow,3,0.9212,0.806,0.707,0.6523
handpd_spiral,vgg16,0196-3,1,shadow,4,0.9052,0.7497,0.6849,0.6336
handpd_spiral,vgg16,0196-3,1,shadow,5,0.9001,0.7773,0.7006,0.6248
handpd_spiral,vgg16,0196-3,1,perspective,1,0.6948,0.8517,0.7639,0.4988
handpd_spiral,vgg16,0196-3,1,perspective,2,0.7094,0.7823,0.6999,0.5253
handpd_spiral,vgg16,0196-3,1,perspective,3,0.7843,0.6637,0.6511,0.4662
handpd_spiral,vgg16,0196-3,1,perspective,4,0.637,0.5713,0.5821,0.307
handpd_spiral,vgg16,0196-3,1,perspective,5,0.6006,0.6309,0.5559,0.2822
handpd_spiral,vgg16,0196-3,1,rotation,1,0.8781,0.6327,0.7283,0.5366
handpd_spiral,vgg16,0196-3,1,rotation,2,0.2003,0.418,0.4871,0.2156
handpd_spiral,vgg16,0196-3,1,rotation,3,0.6566,0.589,0.6652,0.3927
handpd_spiral,vgg16,0196-3,1,rotation,4,0.1417,0.2669,0.407,0.1629
handpd_spiral,vgg16,0196-3,1,rotation,5,0.1336,0.3605,0.4041,0.1168
handpd_spiral,vgg16,0149-1,1,jpeg_compression,1,0.9989,0.9985,0.9985,0.9675
handpd_spiral,vgg16,0149-1,1,jpeg_compression,2,0.9928,0.9882,0.991,0.9302
handpd_spiral,vgg16,0149-1,1,jpeg_compression,3,0.9908,0.99,0.9899,0.9255
handpd_spiral,vgg16,0149-1,1,jpeg_compression,4,0.984,0.9737,0.9799,0.8902
handpd_spiral,vgg16,0149-1,1,jpeg_compression,5,0.8827,0.8452,0.8518,0.7987
handpd_spiral,vgg16,0149-1,1,gaussian_blur,1,0.9969,0.9962,0.9963,0.9563
handpd_spiral,vgg16,0149-1,1,gaussian_blur,2,0.9899,0.9883,0.9869,0.9078
handpd_spiral,vgg16,0149-1,1,gaussian_blur,3,0.9678,0.9614,0.9619,0.834
handpd_spiral,vgg16,0149-1,1,gaussian_blur,4,0.939,0.9226,0.9431,0.7664
handpd_spiral,vgg16,0149-1,1,gaussian_blur,5,0.9126,0.8758,0.9178,0.6927
handpd_spiral,vgg16,0149-1,1,gaussian_noise,1,0.9991,0.9985,0.9947,0.9793
handpd_spiral,vgg16,0149-1,1,gaussian_noise,2,0.9962,0.9956,0.9922,0.9219
handpd_spiral,vgg16,0149-1,1,gaussian_noise,3,0.9863,0.9833,0.9693,0.8457
handpd_spiral,vgg16,0149-1,1,gaussian_noise,4,0.9622,0.9565,0.9544,0.8065
handpd_spiral,vgg16,0149-1,1,gaussian_noise,5,0.9387,0.9019,0.9172,0.7311
handpd_spiral,vgg16,0149-1,1,contrast,1,0.9274,0.8963,0.8894,0.7734
handpd_spiral,vgg16,0149-1,1,contrast,2,0.9825,0.9738,0.9675,0.8787
handpd_spiral,vgg16,0149-1,1,contrast,3,0.9955,0.9942,0.9901,0.9489
handpd_spiral,vgg16,0149-1,1,contrast,4,0.9838,0.9788,0.9488,0.9063
handpd_spiral,vgg16,0149-1,1,contrast,5,0.9613,0.9489,0.9313,0.8425
handpd_spiral,vgg16,0149-1,1,brightness,1,0.9067,0.8821,0.8825,0.7244
handpd_spiral,vgg16,0149-1,1,brightness,2,0.946,0.9265,0.9172,0.824
handpd_spiral,vgg16,0149-1,1,brightness,3,0.9728,0.9643,0.9613,0.8815
handpd_spiral,vgg16,0149-1,1,brightness,4,0.9119,0.8882,0.8825,0.7392
handpd_spiral,vgg16,0149-1,1,brightness,5,0.9001,0.8983,0.8633,0.7013
handpd_spiral,vgg16,0149-1,1,shadow,1,0.9908,0.9862,0.9842,0.9307
handpd_spiral,vgg16,0149-1,1,shadow,2,0.9692,0.9594,0.9401,0.8523
handpd_spiral,vgg16,0149-1,1,shadow,3,0.9454,0.9295,0.9105,0.7918
handpd_spiral,vgg16,0149-1,1,shadow,4,0.9082,0.8861,0.8647,0.7417
handpd_spiral,vgg16,0149-1,1,shadow,5,0.8807,0.8618,0.851,0.7079
handpd_spiral,vgg16,0149-1,1,perspective,1,0.8776,0.9094,0.9032,0.5757
handpd_spiral,vgg16,0149-1,1,perspective,2,0.7523,0.7613,0.8045,0.4747
handpd_spiral,vgg16,0149-1,1,perspective,3,0.8375,0.8472,0.8325,0.5441
handpd_spiral,vgg16,0149-1,1,perspective,4,0.7488,0.7713,0.7844,0.4174
handpd_spiral,vgg16,0149-1,1,perspective,5,0.6993,0.7245,0.7263,0.3587
handpd_spiral,vgg16,0149-1,1,rotation,1,0.909,0.8606,0.9046,0.7958
handpd_spiral,vgg16,0149-1,1,rotation,2,0.7152,0.7405,0.7559,0.5365
handpd_spiral,vgg16,0149-1,1,rotation,3,0.7418,0.7215,0.7739,0.517
handpd_spiral,vgg16,0149-1,1,rotation,4,0.4313,0.4434,0.6161,0.4421
handpd_spiral,vgg16,0149-1,1,rotation,5,0.6044,0.5841,0.7012,0.4569
handpd_spiral,vgg16,0003-2,1,jpeg_compression,1,0.9995,0.9994,0.9992,0.9746
handpd_spiral,vgg16,0003-2,1,jpeg_compression,2,0.9955,0.9952,0.995,0.9208
handpd_spiral,vgg16,0003-2,1,jpeg_compression,3,0.9964,0.9951,0.9941,0.9134
handpd_spiral,vgg16,0003-2,1,jpeg_compression,4,0.9905,0.9919,0.9812,0.8859
handpd_spiral,vgg16,0003-2,1,jpeg_compression,5,0.9133,0.8847,0.9035,0.7709
handpd_spiral,vgg16,0003-2,1,gaussian_blur,1,0.9903,0.9858,0.9873,0.8376
handpd_spiral,vgg16,0003-2,1,gaussian_blur,2,0.9844,0.971,0.9688,0.8332
handpd_spiral,vgg16,0003-2,1,gaussian_blur,3,0.9652,0.9266,0.9102,0.8178
handpd_spiral,vgg16,0003-2,1,gaussian_blur,4,0.9482,0.8955,0.8971,0.73
handpd_spiral,vgg16,0003-2,1,gaussian_blur,5,0.9248,0.8582,0.881,0.6819
handpd_spiral,vgg16,0003-2,1,gaussian_noise,1,0.9993,0.9992,0.999,0.9634
handpd_spiral,vgg16,0003-2,1,gaussian_noise,2,0.9927,0.9873,0.9863,0.8817
handpd_spiral,vgg16,0003-2,1,gaussian_noise,3,0.987,0.9802,0.9754,0.9006
handpd_spiral,vgg16,0003-2,1,gaussian_noise,4,0.9789,0.9781,0.9756,0.7457
handpd_spiral,vgg16,0003-2,1,gaussian_noise,5,0.9739,0.9573,0.9668,0.8191
handpd_spiral,vgg16,0003-2,1,contrast,1,0.9531,0.9616,0.9485,0.8163
handpd_spiral,vgg16,0003-2,1,contrast,2,0.9799,0.9815,0.9806,0.8759
handpd_spiral,vgg16,0003-2,1,contrast,3,0.9943,0.993,0.9934,0.9309
handpd_spiral,vgg16,0003-2,1,contrast,4,0.9856,0.9847,0.9905,0.7405
handpd_spiral,vgg16,0003-2,1,contrast,5,0.9701,0.962,0.9753,0.6472
handpd_spiral,vgg16,0003-2,1,brightness,1,0.8989,0.9387,0.8456,0.6866
handpd_spiral,vgg16,0003-2,1,brightness,2,0.9412,0.9615,0.9253,0.7052
handpd_spiral,vgg16,0003-2,1,brightness,3,0.9753,0.9819,0.9684,0.7838
handpd_spiral,vgg16,0003-2,1,brightness,4,0.8926,0.8705,0.8846,0.7211
handpd_spiral,vgg16,0003-2,1,brightness,5,0.8791,0.8463,0.8563,0.7085
handpd_spiral,vgg16,0003-2,1,shadow,1,0.9878,0.9898,0.9881,0.8224
handpd_spiral,vgg16,0003-2,1,shadow,2,0.9647,0.9721,0.956,0.7763
handpd_spiral,vgg16,0003-2,1,shadow,3,0.93,0.9498,0.9176,0.6925
handpd_spiral,vgg16,0003-2,1,shadow,4,0.9014,0.9284,0.8905,0.6306
handpd_spiral,vgg16,0003-2,1,shadow,5,0.8749,0.9108,0.8662,0.6087
handpd_spiral,vgg16,0003-2,1,perspective,1,0.8941,0.9255,0.9269,0.5847
handpd_spiral,vgg16,0003-2,1,perspective,2,0.8472,0.8863,0.8813,0.4752
handpd_spiral,vgg16,0003-2,1,perspective,3,0.812,0.8648,0.8603,0.4906
handpd_spiral,vgg16,0003-2,1,perspective,4,0.8166,0.8687,0.8371,0.4236
handpd_spiral,vgg16,0003-2,1,perspective,5,0.7901,0.8553,0.8121,0.4361
handpd_spiral,vgg16,0003-2,1,rotation,1,0.9592,0.9559,0.9416,0.6918
handpd_spiral,vgg16,0003-2,1,rotation,2,0.8582,0.8636,0.8608,0.7344
handpd_spiral,vgg16,0003-2,1,rotation,3,0.808,0.818,0.7658,0.6221
handpd_spiral,vgg16,0003-2,1,rotation,4,0.7198,0.777,0.7268,0.463
handpd_spiral,vgg16,0003-2,1,rotation,5,0.6558,0.7201,0.6731,0.4135
handpd_spiral,efficientnet_b0,0289-4,0,jpeg_compression,1,0.9988,0.9998,0.9946,0.9756
handpd_spiral,efficientnet_b0,0289-4,0,jpeg_compression,2,0.9938,0.8605,0.9287,0.9102
handpd_spiral,efficientnet_b0,0289-4,0,jpeg_compression,3,0.9895,0.849,0.9021,0.9091
handpd_spiral,efficientnet_b0,0289-4,0,jpeg_compression,4,0.9962,0.849,0.9245,0.9036
handpd_spiral,efficientnet_b0,0289-4,0,jpeg_compression,5,nan,nan,0.6875,0.0
handpd_spiral,efficientnet_b0,0289-4,0,gaussian_blur,1,0.9799,0.848,0.8716,0.8125
handpd_spiral,efficientnet_b0,0289-4,0,gaussian_blur,2,0.9464,0.8126,0.8184,0.7859
handpd_spiral,efficientnet_b0,0289-4,0,gaussian_blur,3,0.814,0.6956,0.7456,0.5436
handpd_spiral,efficientnet_b0,0289-4,0,gaussian_blur,4,0.8073,0.5553,0.7431,0.2964
handpd_spiral,efficientnet_b0,0289-4,0,gaussian_blur,5,0.7979,0.5554,0.7357,0.2964
handpd_spiral,efficientnet_b0,0289-4,0,gaussian_noise,1,0.998,0.9856,0.9533,0.9742
handpd_spiral,efficientnet_b0,0289-4,0,gaussian_noise,2,0.9867,0.9816,0.928,0.8464
handpd_spiral,efficientnet_b0,0289-4,0,gaussian_noise,3,0.9344,0.8997,0.7907,0.6209
handpd_spiral,efficientnet_b0,0289-4,0,gaussian_noise,4,0.9547,0.8734,0.7852,0.7425
handpd_spiral,efficientnet_b0,0289-4,0,gaussian_noise,5,0.843,0.8004,0.728,0.5139
handpd_spiral,efficientnet_b0,0289-4,0,contrast,1,0.7578,0.4695,0.72,0.1807
handpd_spiral,efficientnet_b0,0289-4,0,contrast,2,0.9293,0.7212,0.7915,0.5987
handpd_spiral,efficientnet_b0,0289-4,0,contrast,3,0.9744,0.7552,0.8348,0.6873
handpd_spiral,efficientnet_b0,0289-4,0,contrast,4,0.9773,0.9979,0.9274,0.9031
handpd_spiral,efficientnet_b0,0289-4,0,contrast,5,0.9604,0.9849,0.9066,0.8109
handpd_spiral,efficientnet_b0,0289-4,0,brightness,1,0.8825,0.7623,0.684,0.5532
handpd_spiral,efficientnet_b0,0289-4,0,brightness,2,0.7969,0.7451,0.6114,0.4184
handpd_spiral,efficientnet_b0,0289-4,0,brightness,3,0.8357,0.7952,0.6476,0.4989
handpd_spiral,efficientnet_b0,0289-4,0,brightness,4,0.8101,0.5552,0.7503,0.2964
handpd_spiral,efficientnet_b0,0289-4,0,brightness,5,0.7691,0.5556,0.723,0.2964
handpd_spiral,efficientnet_b0,0289-4,0,shadow,1,0.9139,0.8678,0.7608,0.5812
handpd_spiral,efficientnet_b0,0289-4,0,shadow,2,0.8304,0.8248,0.6742,0.4883
handpd_spiral,efficientnet_b0,0289-4,0,shadow,3,0.8418,0.8172,0.648,0.512
handpd_spiral,efficientnet_b0,0289-4,0,shadow,4,0.9003,0.8309,0.6536,0.6029
handpd_spiral,efficientnet_b0,0289-4,0,shadow,5,0.9352,0.8296,0.6727,0.7166
handpd_spiral,efficientnet_b0,0289-4,0,perspective,1,0.7001,0.8209,0.7801,0.555
handpd_spiral,efficientnet_b0,0289-4,0,perspective,2,0.718,0.8524,0.8163,0.6915
handpd_spiral,efficientnet_b0,0289-4,0,perspective,3,0.5673,0.8119,0.7768,0.7515
handpd_spiral,efficientnet_b0,0289-4,0,perspective,4,0.5673,0.7729,0.7124,0.6665
handpd_spiral,efficientnet_b0,0289-4,0,perspective,5,0.4566,0.6429,0.6133,0.4393
handpd_spiral,efficientnet_b0,0289-4,0,rotation,1,0.4493,0.6865,0.5796,0.3156
handpd_spiral,efficientnet_b0,0289-4,0,rotation,2,-0.099,0.0143,0.431,0.0875
handpd_spiral,efficientnet_b0,0289-4,0,rotation,3,-0.0481,0.1656,0.4365,0.0915
handpd_spiral,efficientnet_b0,0289-4,0,rotation,4,-0.1205,-0.0557,0.4235,0.0967
handpd_spiral,efficientnet_b0,0289-4,0,rotation,5,0.1937,0.4087,0.4154,0.157
handpd_spiral,efficientnet_b0,0104-2,0,jpeg_compression,1,0.9875,0.9999,0.9897,1.0
handpd_spiral,efficientnet_b0,0104-2,0,jpeg_compression,2,0.9209,0.6551,0.9425,0.5312
handpd_spiral,efficientnet_b0,0104-2,0,jpeg_compression,3,0.9209,0.6551,0.9425,0.5312
handpd_spiral,efficientnet_b0,0104-2,0,jpeg_compression,4,nan,nan,0.8988,0.5128
handpd_spiral,efficientnet_b0,0104-2,0,jpeg_compression,5,nan,nan,0.8988,0.5128
handpd_spiral,efficientnet_b0,0104-2,0,gaussian_blur,1,0.9209,0.6551,0.9425,0.5312
handpd_spiral,efficientnet_b0,0104-2,0,gaussian_blur,2,0.9209,0.6551,0.9425,0.5312
handpd_spiral,efficientnet_b0,0104-2,0,gaussian_blur,3,0.9209,0.6551,0.9425,0.5312
handpd_spiral,efficientnet_b0,0104-2,0,gaussian_blur,4,0.9209,0.6551,0.9425,0.5312
handpd_spiral,efficientnet_b0,0104-2,0,gaussian_blur,5,0.9209,0.6551,0.9425,0.5312
handpd_spiral,efficientnet_b0,0104-2,0,gaussian_noise,1,0.9991,0.8951,0.9956,0.7345
handpd_spiral,efficientnet_b0,0104-2,0,gaussian_noise,2,0.9798,0.8922,0.9703,0.7345
handpd_spiral,efficientnet_b0,0104-2,0,gaussian_noise,3,0.9875,0.9999,0.9897,1.0
handpd_spiral,efficientnet_b0,0104-2,0,gaussian_noise,4,0.3584,0.7172,0.9333,0.7314
handpd_spiral,efficientnet_b0,0104-2,0,gaussian_noise,5,0.9209,0.6551,0.9425,0.5312
handpd_spiral,efficientnet_b0,0104-2,0,contrast,1,nan,nan,0.8988,0.5128
handpd_spiral,efficientnet_b0,0104-2,0,contrast,2,nan,nan,0.8988,0.5128
handpd_spiral,efficientnet_b0,0104-2,0,contrast,3,0.9209,0.6551,0.9425,0.5312
handpd_spiral,efficientnet_b0,0104-2,0,contrast,4,0.9903,0.8866,0.9699,0.7345
handpd_spiral,efficientnet_b0,0104-2,0,contrast,5,0.9749,0.8823,0.9634,0.7345
handpd_spiral,efficientnet_b0,0104-2,0,brightness,1,0.3471,0.5736,0.9044,0.6854
handpd_spiral,efficientnet_b0,0104-2,0,brightness,2,0.326,0.332,0.856,0.1802
handpd_spiral,efficientnet_b0,0104-2,0,brightness,3,0.4865,0.8694,0.9082,0.7281
handpd_spiral,efficientnet_b0,0104-2,0,brightness,4,nan,nan,0.8988,0.5128
handpd_spiral,efficientnet_b0,0104-2,0,brightness,5,nan,nan,0.8988,0.5128
handpd_spiral,efficientnet_b0,0104-2,0,shadow,1,0.3169,0.5691,0.8978,0.6854
handpd_spiral,efficientnet_b0,0104-2,0,shadow,2,0.3079,0.5681,0.8965,0.6854
handpd_spiral,efficientnet_b0,0104-2,0,shadow,3,0.3,0.3691,0.8438,0.2024
handpd_spiral,efficientnet_b0,0104-2,0,shadow,4,0.2963,0.2922,0.8084,0.1799
handpd_spiral,efficientnet_b0,0104-2,0,shadow,5,0.2884,0.274,0.7606,0.1709
handpd_spiral,efficientnet_b0,0104-2,0,perspective,1,nan,nan,0.8988,0.5128
handpd_spiral,efficientnet_b0,0104-2,0,perspective,2,nan,nan,0.8988,0.5128
handpd_spiral,efficientnet_b0,0104-2,0,perspective,3,nan,nan,0.8988,0.5128
handpd_spiral,efficientnet_b0,0104-2,0,perspective,4,nan,nan,0.8988,0.5128
handpd_spiral,efficientnet_b0,0104-2,0,perspective,5,-0.032,0.0791,0.755,0.1779
handpd_spiral,efficientnet_b0,0104-2,0,rotation,1,0.091,0.2793,0.8228,0.5037
handpd_spiral,efficientnet_b0,0104-2,0,rotation,2,0.0277,0.3469,0.6477,0.2394
handpd_spiral,efficientnet_b0,0104-2,0,rotation,3,0.0518,0.2944,0.5205,0.1876
handpd_spiral,efficientnet_b0,0104-2,0,rotation,4,0.0282,0.1903,0.7513,0.3209
handpd_spiral,efficientnet_b0,0104-2,0,rotation,5,0.0612,0.2029,0.3556,0.1558
handpd_spiral,efficientnet_b0,0287-3,0,jpeg_compression,1,0.9952,0.9947,0.9838,0.976
handpd_spiral,efficientnet_b0,0287-3,0,jpeg_compression,2,0.9895,0.9901,0.9369,0.9563
handpd_spiral,efficientnet_b0,0287-3,0,jpeg_compression,3,0.9884,0.9205,0.8728,0.8829
handpd_spiral,efficientnet_b0,0287-3,0,jpeg_compression,4,0.9361,0.7681,0.6961,0.8369
handpd_spiral,efficientnet_b0,0287-3,0,jpeg_compression,5,nan,nan,0.5175,0.2333
handpd_spiral,efficientnet_b0,0287-3,0,gaussian_blur,1,0.927,0.6936,0.6773,0.8196
handpd_spiral,efficientnet_b0,0287-3,0,gaussian_blur,2,0.6226,0.531,0.5714,0.5762
handpd_spiral,efficientnet_b0,0287-3,0,gaussian_blur,3,0.1183,0.1542,0.4948,0.3258
handpd_spiral,efficientnet_b0,0287-3,0,gaussian_blur,4,-0.0247,0.1475,0.48,0.3258
handpd_spiral,efficientnet_b0,0287-3,0,gaussian_blur,5,-0.1013,-0.2096,0.4746,0.2253
handpd_spiral,efficientnet_b0,0287-3,0,gaussian_noise,1,0.994,0.9733,0.9416,0.9322
handpd_spiral,efficientnet_b0,0287-3,0,gaussian_noise,2,0.9843,0.9234,0.9003,0.9501
handpd_spiral,efficientnet_b0,0287-3,0,gaussian_noise,3,0.9748,0.9552,0.9074,0.8879
handpd_spiral,efficientnet_b0,0287-3,0,gaussian_noise,4,0.9559,0.8148,0.7988,0.8036
handpd_spiral,efficientnet_b0,0287-3,0,gaussian_noise,5,0.8999,0.7932,0.7247,0.6392
handpd_spiral,efficientnet_b0,0287-3,0,contrast,1,0.4935,0.4406,0.5699,0.2525
handpd_spiral,efficientnet_b0,0287-3,0,contrast,2,0.9081,0.8311,0.7098,0.8481
handpd_spiral,efficientnet_b0,0287-3,0,contrast,3,0.9886,0.9708,0.9145,0.9501
handpd_spiral,efficientnet_b0,0287-3,0,contrast,4,0.9781,0.8496,0.8215,0.8382
handpd_spiral,efficientnet_b0,0287-3,0,contrast,5,0.9818,0.8839,0.8615,0.8651
handpd_spiral,efficientnet_b0,0287-3,0,brightness,1,0.909,0.8603,0.6565,0.8091
handpd_spiral,efficientnet_b0,0287-3,0,brightness,2,0.8951,0.8766,0.5534,0.8448
handpd_spiral,efficientnet_b0,0287-3,0,brightness,3,0.9043,0.8889,0.5634,0.8206
handpd_spiral,efficientnet_b0,0287-3,0,brightness,4,-0.0108,0.2107,0.548,0.0798
handpd_spiral,efficientnet_b0,0287-3,0,brightness,5,-0.0083,0.1507,0.5277,0.1454
handpd_spiral,efficientnet_b0,0287-3,0,shadow,1,0.9371,0.9011,0.653,0.8305
handpd_spiral,efficientnet_b0,0287-3,0,shadow,2,0.8506,0.8615,0.5188,0.7091
handpd_spiral,efficientnet_b0,0287-3,0,shadow,3,0.7558,0.8297,0.438,0.5734
handpd_spiral,efficientnet_b0,0287-3,0,shadow,4,0.6545,0.7923,0.3897,0.4098
handpd_spiral,efficientnet_b0,0287-3,0,shadow,5,0.5631,0.7473,0.3105,0.3426
handpd_spiral,efficientnet_b0,0287-3,0,perspective,1,0.6969,0.6436,0.5923,0.6
handpd_spiral,efficientnet_b0,0287-3,0,perspective,2,0.7183,0.7617,0.6533,0.6014
handpd_spiral,efficientnet_b0,0287-3,0,perspective,3,0.6116,0.5664,0.5657,0.4849
handpd_spiral,efficientnet_b0,0287-3,0,perspective,4,0.5823,0.5213,0.5145,0.3927
handpd_spiral,efficientnet_b0,0287-3,0,perspective,5,0.4645,0.4169,0.433,0.3288
handpd_spiral,efficientnet_b0,0287-3,0,rotation,1,0.4649,0.3746,0.4956,0.3702
handpd_spiral,efficientnet_b0,0287-3,0,rotation,2,-0.2201,0.022,0.3372,0.0
handpd_spiral,efficientnet_b0,0287-3,0,rotation,3,0.1624,0.319,0.4582,0.1677
handpd_spiral,efficientnet_b0,0287-3,0,rotation,4,-0.2479,-0.0834,0.281,0.0
handpd_spiral,efficientnet_b0,0287-3,0,rotation,5,0.3188,0.3929,0.4652,0.1436
handpd_spiral,efficientnet_b0,0104-1,0,jpeg_compression,1,1.0,1.0,1.0,1.0
handpd_spiral,efficientnet_b0,0104-1,0,jpeg_compression,2,1.0,1.0,1.0,1.0
handpd_spiral,efficientnet_b0,0104-1,0,jpeg_compression,3,nan,nan,0.9126,0.4187
handpd_spiral,efficientnet_b0,0104-1,0,jpeg_compression,4,nan,nan,0.9126,0.4187
handpd_spiral,efficientnet_b0,0104-1,0,jpeg_compression,5,nan,nan,0.9126,0.4187
handpd_spiral,efficientnet_b0,0104-1,0,gaussian_blur,1,nan,nan,0.9126,0.4187
handpd_spiral,efficientnet_b0,0104-1,0,gaussian_blur,2,nan,nan,0.9126,0.4187
handpd_spiral,efficientnet_b0,0104-1,0,gaussian_blur,3,nan,nan,0.9126,0.4187
handpd_spiral,efficientnet_b0,0104-1,0,gaussian_blur,4,nan,nan,0.9126,0.4187
handpd_spiral,efficientnet_b0,0104-1,0,gaussian_blur,5,nan,nan,0.9126,0.4187
handpd_spiral,efficientnet_b0,0104-1,0,gaussian_noise,1,1.0,1.0,1.0,1.0
handpd_spiral,efficientnet_b0,0104-1,0,gaussian_noise,2,0.9655,0.6547,0.9103,0.4365
handpd_spiral,efficientnet_b0,0104-1,0,gaussian_noise,3,0.9995,0.6911,0.978,0.4171
handpd_spiral,efficientnet_b0,0104-1,0,gaussian_noise,4,0.9488,0.819,0.9525,0.7638
handpd_spiral,efficientnet_b0,0104-1,0,gaussian_noise,5,0.8031,0.7079,0.9023,0.535
handpd_spiral,efficientnet_b0,0104-1,0,contrast,1,nan,nan,0.9126,0.4187
handpd_spiral,efficientnet_b0,0104-1,0,contrast,2,nan,nan,0.9126,0.4187
handpd_spiral,efficientnet_b0,0104-1,0,contrast,3,1.0,1.0,1.0,1.0
handpd_spiral,efficientnet_b0,0104-1,0,contrast,4,0.985,0.8246,0.9622,0.661
handpd_spiral,efficientnet_b0,0104-1,0,contrast,5,0.8226,0.5588,0.8276,0.2311
handpd_spiral,efficientnet_b0,0104-1,0,brightness,1,0.5973,0.4209,0.482,0.1969
handpd_spiral,efficientnet_b0,0104-1,0,brightness,2,0.6,0.4365,0.4628,0.2154
handpd_spiral,efficientnet_b0,0104-1,0,brightness,3,0.6713,0.4355,0.4453,0.2139
handpd_spiral,efficientnet_b0,0104-1,0,brightness,4,nan,nan,0.9126,0.4187
handpd_spiral,efficientnet_b0,0104-1,0,brightness,5,nan,nan,0.9126,0.4187
handpd_spiral,efficientnet_b0,0104-1,0,shadow,1,0.7539,0.4404,0.4946,0.2727
handpd_spiral,efficientnet_b0,0104-1,0,shadow,2,0.575,0.4099,0.4209,0.2281
handpd_spiral,efficientnet_b0,0104-1,0,shadow,3,0.4431,0.3623,0.4164,0.1662
handpd_spiral,efficientnet_b0,0104-1,0,shadow,4,0.3327,0.3234,0.4386,0.1402
handpd_spiral,efficientnet_b0,0104-1,0,shadow,5,0.2345,0.2909,0.4651,0.1177
handpd_spiral,efficientnet_b0,0104-1,0,perspective,1,nan,nan,0.9126,0.4187
handpd_spiral,efficientnet_b0,0104-1,0,perspective,2,nan,nan,0.9126,0.4187
handpd_spiral,efficientnet_b0,0104-1,0,perspective,3,0.8188,0.5911,0.8691,0.2798
handpd_spiral,efficientnet_b0,0104-1,0,perspective,4,0.3519,0.3572,0.6077,0.149
handpd_spiral,efficientnet_b0,0104-1,0,perspective,5,0.3169,0.349,0.6439,0.1197
handpd_spiral,efficientnet_b0,0104-1,0,rotation,1,0.0562,0.3944,0.7472,0.217
handpd_spiral,efficientnet_b0,0104-1,0,rotation,2,-0.0503,0.0953,0.4981,0.0937
handpd_spiral,efficientnet_b0,0104-1,0,rotation,3,0.0916,0.1949,0.4804,0.0678
handpd_spiral,efficientnet_b0,0104-1,0,rotation,4,-0.0975,-0.0105,0.4041,0.1105
handpd_spiral,efficientnet_b0,0104-1,0,rotation,5,0.2339,0.2667,0.4893,0.0987
handpd_spiral,efficientnet_b0,0127-2,0,jpeg_compression,1,0.9965,0.9997,0.9959,0.9499
handpd_spiral,efficientnet_b0,0127-2,0,jpeg_compression,2,0.993,0.9991,0.9768,0.9319
handpd_spiral,efficientnet_b0,0127-2,0,jpeg_compression,3,0.9818,0.9474,0.9443,0.8939
handpd_spiral,efficientnet_b0,0127-2,0,jpeg_compression,4,0.6888,0.5252,0.7156,0.3536
handpd_spiral,efficientnet_b0,0127-2,0,jpeg_compression,5,nan,nan,0.6685,0.2604
handpd_spiral,efficientnet_b0,0127-2,0,gaussian_blur,1,0.9674,0.9215,0.9002,0.8736
handpd_spiral,efficientnet_b0,0127-2,0,gaussian_blur,2,0.7414,0.5802,0.7365,0.3536
handpd_spiral,efficientnet_b0,0127-2,0,gaussian_blur,3,nan,nan,0.6685,0.2604
handpd_spiral,efficientnet_b0,0127-2,0,gaussian_blur,4,nan,nan,0.6685,0.2604
handpd_spiral,efficientnet_b0,0127-2,0,gaussian_blur,5,nan,nan,0.6685,0.2604
handpd_spiral,efficientnet_b0,0127-2,0,gaussian_noise,1,0.9938,0.9996,0.9879,0.952
handpd_spiral,efficientnet_b0,0127-2,0,gaussian_noise,2,0.9836,0.9989,0.9676,0.9206
handpd_spiral,efficientnet_b0,0127-2,0,gaussian_noise,3,0.9871,0.9495,0.9753,0.8752
handpd_spiral,efficientnet_b0,0127-2,0,gaussian_noise,4,0.9421,0.9957,0.9242,0.8712
handpd_spiral,efficientnet_b0,0127-2,0,gaussian_noise,5,0.9482,0.9962,0.907,0.8561
handpd_spiral,efficientnet_b0,0127-2,0,contrast,1,nan,nan,0.6685,0.2604
handpd_spiral,efficientnet_b0,0127-2,0,contrast,2,0.8968,0.9189,0.8584,0.8207
handpd_spiral,efficientnet_b0,0127-2,0,contrast,3,0.9894,0.9481,0.9566,0.9291
handpd_spiral,efficientnet_b0,0127-2,0,contrast,4,0.9852,0.9985,0.9818,0.9158
handpd_spiral,efficientnet_b0,0127-2,0,contrast,5,0.9602,0.9958,0.9526,0.8428
handpd_spiral,efficientnet_b0,0127-2,0,brightness,1,0.9332,0.8473,0.7654,0.8539
handpd_spiral,efficientnet_b0,0127-2,0,brightness,2,0.9476,0.862,0.7598,0.8909
handpd_spiral,efficientnet_b0,0127-2,0,brightness,3,0.9577,0.879,0.7949,0.8921
handpd_spiral,efficientnet_b0,0127-2,0,brightness,4,nan,nan,0.6685,0.2604
handpd_spiral,efficientnet_b0,0127-2,0,brightness,5,nan,nan,0.6685,0.2604
handpd_spiral,efficientnet_b0,0127-2,0,shadow,1,0.9562,0.8683,0.8216,0.8785
handpd_spiral,efficientnet_b0,0127-2,0,shadow,2,0.9234,0.8199,0.6586,0.8537
handpd_spiral,efficientnet_b0,0127-2,0,shadow,3,0.8753,0.7762,0.5986,0.7618
handpd_spiral,efficientnet_b0,0127-2,0,shadow,4,0.8174,0.7484,0.6038,0.6866
handpd_spiral,efficientnet_b0,0127-2,0,shadow,5,0.7036,0.6724,0.5781,0.5321
handpd_spiral,efficientnet_b0,0127-2,0,perspective,1,0.8271,0.7371,0.7915,0.5837
handpd_spiral,efficientnet_b0,0127-2,0,perspective,2,0.7844,0.8748,0.8353,0.6021
handpd_spiral,efficientnet_b0,0127-2,0,perspective,3,0.7834,0.6876,0.748,0.5936
handpd_spiral,efficientnet_b0,0127-2,0,perspective,4,0.6799,0.5292,0.5475,0.4714
handpd_spiral,efficientnet_b0,0127-2,0,perspective,5,0.5974,0.5139,0.3887,0.4224
handpd_spiral,efficientnet_b0,0127-2,0,rotation,1,0.1234,0.3182,0.5706,0.1917
handpd_spiral,efficientnet_b0,0127-2,0,rotation,2,-0.2513,-0.1162,0.3142,0.0046
handpd_spiral,efficientnet_b0,0127-2,0,rotation,3,-0.1693,-0.1214,0.3029,0.0126
handpd_spiral,efficientnet_b0,0127-2,0,rotation,4,-0.2429,-0.149,0.2605,0.0153
handpd_spiral,efficientnet_b0,0127-2,0,rotation,5,0.2358,0.272,0.3688,0.1996
handpd_spiral,efficientnet_b0,0054-4,1,jpeg_compression,1,0.9994,0.9956,0.998,0.9688
handpd_spiral,efficientnet_b0,0054-4,1,jpeg_compression,2,0.9692,0.9858,0.924,0.8487
handpd_spiral,efficientnet_b0,0054-4,1,jpeg_compression,3,0.9212,0.9717,0.8346,0.7544
handpd_spiral,efficientnet_b0,0054-4,1,jpeg_compression,4,0.8171,0.8551,0.6314,0.6144
handpd_spiral,efficientnet_b0,0054-4,1,jpeg_compression,5,0.3433,0.3342,0.4055,0.2147
handpd_spiral,efficientnet_b0,0054-4,1,gaussian_blur,1,0.9711,0.9367,0.8212,0.8738
handpd_spiral,efficientnet_b0,0054-4,1,gaussian_blur,2,0.9219,0.8252,0.6778,0.8016
handpd_spiral,efficientnet_b0,0054-4,1,gaussian_blur,3,0.7815,0.7204,0.5379,0.6064
handpd_spiral,efficientnet_b0,0054-4,1,gaussian_blur,4,0.6427,0.6001,0.4893,0.4613
handpd_spiral,efficientnet_b0,0054-4,1,gaussian_blur,5,0.422,0.4698,0.4601,0.4546
handpd_spiral,efficientnet_b0,0054-4,1,gaussian_noise,1,0.9991,0.9995,0.9939,0.9642
handpd_spiral,efficientnet_b0,0054-4,1,gaussian_noise,2,0.9726,0.9589,0.8921,0.7807
handpd_spiral,efficientnet_b0,0054-4,1,gaussian_noise,3,0.9916,0.9944,0.9799,0.9011
handpd_spiral,efficientnet_b0,0054-4,1,gaussian_noise,4,0.9791,0.9861,0.959,0.8437
handpd_spiral,efficientnet_b0,0054-4,1,gaussian_noise,5,0.6103,0.6398,0.5409,0.4695
handpd_spiral,efficientnet_b0,0054-4,1,contrast,1,0.5925,0.57,0.5008,0.4089
handpd_spiral,efficientnet_b0,0054-4,1,contrast,2,0.7517,0.8468,0.5833,0.5568
handpd_spiral,efficientnet_b0,0054-4,1,contrast,3,0.9529,0.9818,0.8071,0.8406
handpd_spiral,efficientnet_b0,0054-4,1,contrast,4,0.9407,0.9222,0.7743,0.7326
handpd_spiral,efficientnet_b0,0054-4,1,contrast,5,0.8854,0.8848,0.6816,0.5671
handpd_spiral,efficientnet_b0,0054-4,1,brightness,1,0.9636,0.9588,0.8832,0.738
handpd_spiral,efficientnet_b0,0054-4,1,brightness,2,0.9567,0.9406,0.7051,0.7797
handpd_spiral,efficientnet_b0,0054-4,1,brightness,3,0.9525,0.9275,0.6522,0.7857
handpd_spiral,efficientnet_b0,0054-4,1,brightness,4,nan,nan,0.379,0.092
handpd_spiral,efficientnet_b0,0054-4,1,brightness,5,nan,nan,0.379,0.092
handpd_spiral,efficientnet_b0,0054-4,1,shadow,1,0.9645,0.9331,0.7011,0.8133
handpd_spiral,efficientnet_b0,0054-4,1,shadow,2,0.9495,0.9075,0.6122,0.8112
handpd_spiral,efficientnet_b0,0054-4,1,shadow,3,0.9344,0.8841,0.6007,0.7107
handpd_spiral,efficientnet_b0,0054-4,1,shadow,4,0.8968,0.8508,0.6319,0.5857
handpd_spiral,efficientnet_b0,0054-4,1,shadow,5,0.8355,0.7929,0.6352,0.538
handpd_spiral,efficientnet_b0,0054-4,1,perspective,1,0.7223,0.8217,0.6746,0.4482
handpd_spiral,efficientnet_b0,0054-4,1,perspective,2,0.6639,0.6772,0.6567,0.4018
handpd_spiral,efficientnet_b0,0054-4,1,perspective,3,0.6607,0.7396,0.6434,0.3765
handpd_spiral,efficientnet_b0,0054-4,1,perspective,4,0.4292,0.5161,0.504,0.2529
handpd_spiral,efficientnet_b0,0054-4,1,perspective,5,0.4374,0.491,0.4111,0.2314
handpd_spiral,efficientnet_b0,0054-4,1,rotation,1,0.323,0.4069,0.5265,0.2703
handpd_spiral,efficientnet_b0,0054-4,1,rotation,2,-0.0022,0.0057,0.2862,0.068
handpd_spiral,efficientnet_b0,0054-4,1,rotation,3,0.2159,0.2765,0.2874,0.1222
handpd_spiral,efficientnet_b0,0054-4,1,rotation,4,0.1182,0.0079,0.2426,0.2147
handpd_spiral,efficientnet_b0,0054-4,1,rotation,5,0.4603,0.4653,0.387,0.2342
handpd_spiral,efficientnet_b0,0218-4,1,jpeg_compression,1,0.9981,0.9986,0.989,0.944
handpd_spiral,efficientnet_b0,0218-4,1,jpeg_compression,2,0.9583,0.97,0.894,0.7378
handpd_spiral,efficientnet_b0,0218-4,1,jpeg_compression,3,0.9169,0.9608,0.7289,0.742
handpd_spiral,efficientnet_b0,0218-4,1,jpeg_compression,4,0.8265,0.7408,0.5432,0.6305
handpd_spiral,efficientnet_b0,0218-4,1,jpeg_compression,5,nan,nan,0.2923,0.009
handpd_spiral,efficientnet_b0,0218-4,1,gaussian_blur,1,0.9672,0.9183,0.8092,0.8472
handpd_spiral,efficientnet_b0,0218-4,1,gaussian_blur,2,0.8505,0.6617,0.6043,0.7393
handpd_spiral,efficientnet_b0,0218-4,1,gaussian_blur,3,0.3621,0.2965,0.4023,0.4128
handpd_spiral,efficientnet_b0,0218-4,1,gaussian_blur,4,-0.013,0.088,0.2608,0.1881
handpd_spiral,efficientnet_b0,0218-4,1,gaussian_blur,5,-0.2364,-0.1154,0.178,0.0317
handpd_spiral,efficientnet_b0,0218-4,1,gaussian_noise,1,0.9891,0.9871,0.9532,0.8564
handpd_spiral,efficientnet_b0,0218-4,1,gaussian_noise,2,0.9618,0.9679,0.8566,0.7344
handpd_spiral,efficientnet_b0,0218-4,1,gaussian_noise,3,0.8152,0.8403,0.6866,0.5127
handpd_spiral,efficientnet_b0,0218-4,1,gaussian_noise,4,0.7774,0.6653,0.6253,0.6073
handpd_spiral,efficientnet_b0,0218-4,1,gaussian_noise,5,0.5135,0.426,0.4544,0.3333
handpd_spiral,efficientnet_b0,0218-4,1,contrast,1,nan,nan,0.2923,0.009
handpd_spiral,efficientnet_b0,0218-4,1,contrast,2,0.6863,0.5829,0.4501,0.4284
handpd_spiral,efficientnet_b0,0218-4,1,contrast,3,0.9018,0.9067,0.6782,0.6566
handpd_spiral,efficientnet_b0,0218-4,1,contrast,4,0.9137,0.9413,0.7784,0.6533
handpd_spiral,efficientnet_b0,0218-4,1,contrast,5,0.8288,0.8888,0.6522,0.491
handpd_spiral,efficientnet_b0,0218-4,1,brightness,1,0.8286,0.8932,0.7876,0.5105
handpd_spiral,efficientnet_b0,0218-4,1,brightness,2,0.8546,0.8928,0.8095,0.5188
handpd_spiral,efficientnet_b0,0218-4,1,brightness,3,0.8982,0.9315,0.8225,0.5783
handpd_spiral,efficientnet_b0,0218-4,1,brightness,4,0.5327,0.3698,0.3485,0.1825
handpd_spiral,efficientnet_b0,0218-4,1,brightness,5,nan,nan,0.2923,0.009
handpd_spiral,efficientnet_b0,0218-4,1,shadow,1,0.9776,0.9813,0.9092,0.7929
handpd_spiral,efficientnet_b0,0218-4,1,shadow,2,0.9553,0.9618,0.7832,0.7296
handpd_spiral,efficientnet_b0,0218-4,1,shadow,3,0.9382,0.9404,0.7677,0.6954
handpd_spiral,efficientnet_b0,0218-4,1,shadow,4,0.8915,0.8958,0.7453,0.6229
handpd_spiral,efficientnet_b0,0218-4,1,shadow,5,0.8578,0.8448,0.7317,0.5989
handpd_spiral,efficientnet_b0,0218-4,1,perspective,1,0.7114,0.689,0.6199,0.4416
handpd_spiral,efficientnet_b0,0218-4,1,perspective,2,0.6841,0.7124,0.6079,0.3859
handpd_spiral,efficientnet_b0,0218-4,1,perspective,3,0.6712,0.6775,0.6329,0.3795
handpd_spiral,efficientnet_b0,0218-4,1,perspective,4,0.5475,0.5928,0.5306,0.2985
handpd_spiral,efficientnet_b0,0218-4,1,perspective,5,0.4289,0.4915,0.4804,0.2611
handpd_spiral,efficientnet_b0,0218-4,1,rotation,1,0.1217,0.1516,0.4261,0.2175
handpd_spiral,efficientnet_b0,0218-4,1,rotation,2,-0.061,0.1539,0.3304,0.0682
handpd_spiral,efficientnet_b0,0218-4,1,rotation,3,-0.1856,-0.1903,0.2623,0.0615
handpd_spiral,efficientnet_b0,0218-4,1,rotation,4,-0.0533,0.0614,0.2909,0.0887
handpd_spiral,efficientnet_b0,0218-4,1,rotation,5,0.2072,0.215,0.3021,0.227
handpd_spiral,efficientnet_b0,0196-3,1,jpeg_compression,1,0.9941,0.9909,0.9845,0.8426
handpd_spiral,efficientnet_b0,0196-3,1,jpeg_compression,2,0.9565,0.9646,0.9017,0.7225
handpd_spiral,efficientnet_b0,0196-3,1,jpeg_compression,3,0.9617,0.9931,0.9098,0.7299
handpd_spiral,efficientnet_b0,0196-3,1,jpeg_compression,4,0.8843,0.7206,0.7349,0.5974
handpd_spiral,efficientnet_b0,0196-3,1,jpeg_compression,5,nan,nan,0.5145,0.1144
handpd_spiral,efficientnet_b0,0196-3,1,gaussian_blur,1,0.9606,0.9525,0.9063,0.6958
handpd_spiral,efficientnet_b0,0196-3,1,gaussian_blur,2,0.8454,0.8661,0.7925,0.5261
handpd_spiral,efficientnet_b0,0196-3,1,gaussian_blur,3,0.765,0.7375,0.7418,0.474
handpd_spiral,efficientnet_b0,0196-3,1,gaussian_blur,4,0.6478,0.7057,0.6772,0.3952
handpd_spiral,efficientnet_b0,0196-3,1,gaussian_blur,5,0.629,0.6843,0.6365,0.3448
handpd_spiral,efficientnet_b0,0196-3,1,gaussian_noise,1,0.9865,0.9807,0.9652,0.8801
handpd_spiral,efficientnet_b0,0196-3,1,gaussian_noise,2,0.943,0.925,0.8212,0.7232
handpd_spiral,efficientnet_b0,0196-3,1,gaussian_noise,3,0.928,0.8623,0.7579,0.7354
handpd_spiral,efficientnet_b0,0196-3,1,gaussian_noise,4,0.9713,0.8551,0.8647,0.8384
handpd_spiral,efficientnet_b0,0196-3,1,gaussian_noise,5,0.8949,0.7414,0.7487,0.642
handpd_spiral,efficientnet_b0,0196-3,1,contrast,1,0.8861,0.6941,0.7166,0.6358
handpd_spiral,efficientnet_b0,0196-3,1,contrast,2,0.9615,0.847,0.8396,0.853
handpd_spiral,efficientnet_b0,0196-3,1,contrast,3,0.9893,0.9974,0.9877,0.8925
handpd_spiral,efficientnet_b0,0196-3,1,contrast,4,0.9581,0.9589,0.9145,0.6213
handpd_spiral,efficientnet_b0,0196-3,1,contrast,5,0.917,0.8917,0.7879,0.5245
handpd_spiral,efficientnet_b0,0196-3,1,brightness,1,0.8252,0.736,0.5829,0.625
handpd_spiral,efficientnet_b0,0196-3,1,brightness,2,0.7531,0.7456,0.5162,0.5409
handpd_spiral,efficientnet_b0,0196-3,1,brightness,3,0.8183,0.8438,0.5978,0.6068
handpd_spiral,efficientnet_b0,0196-3,1,brightness,4,nan,nan,0.5145,0.1144
handpd_spiral,efficientnet_b0,0196-3,1,brightness,5,nan,nan,0.5145,0.1144
handpd_spiral,efficientnet_b0,0196-3,1,shadow,1,0.9069,0.8975,0.6428,0.7432
handpd_spiral,efficientnet_b0,0196-3,1,shadow,2,0.8552,0.8624,0.5382,0.6524
handpd_spiral,efficientnet_b0,0196-3,1,shadow,3,0.8025,0.783,0.4977,0.5468
handpd_spiral,efficientnet_b0,0196-3,1,shadow,4,0.7799,0.6962,0.5021,0.5728
handpd_spiral,efficientnet_b0,0196-3,1,shadow,5,0.776,0.6579,0.5083,0.5817
handpd_spiral,efficientnet_b0,0196-3,1,perspective,1,0.8375,0.5612,0.6826,0.4311
handpd_spiral,efficientnet_b0,0196-3,1,perspective,2,0.8399,0.6494,0.6983,0.5113
handpd_spiral,efficientnet_b0,0196-3,1,perspective,3,0.8005,0.6221,0.6697,0.4376
handpd_spiral,efficientnet_b0,0196-3,1,perspective,4,0.8142,0.7405,0.7344,0.4202
handpd_spiral,efficientnet_b0,0196-3,1,perspective,5,0.7859,0.6624,0.6566,0.401
handpd_spiral,efficientnet_b0,0196-3,1,rotation,1,0.6132,0.7129,0.5672,0.288
handpd_spiral,efficientnet_b0,0196-3,1,rotation,2,0.3781,0.4142,0.4833,0.1636
handpd_spiral,efficientnet_b0,0196-3,1,rotation,3,0.2601,0.4127,0.3043,0.2063
handpd_spiral,efficientnet_b0,0196-3,1,rotation,4,0.343,0.3443,0.3442,0.2106
handpd_spiral,efficientnet_b0,0196-3,1,rotation,5,0.0331,0.1218,0.2647,0.1432
handpd_spiral,efficientnet_b0,0149-1,1,jpeg_compression,1,0.9978,0.9978,0.9926,0.9623
handpd_spiral,efficientnet_b0,0149-1,1,jpeg_compression,2,0.9965,0.9969,0.9738,0.944
handpd_spiral,efficientnet_b0,0149-1,1,jpeg_compression,3,0.9932,0.9947,0.9597,0.964
handpd_spiral,efficientnet_b0,0149-1,1,jpeg_compression,4,0.9681,0.9746,0.8768,0.8652
handpd_spiral,efficientnet_b0,0149-1,1,jpeg_compression,5,0.6715,0.72,0.2607,0.5563
handpd_spiral,efficientnet_b0,0149-1,1,gaussian_blur,1,0.9844,0.9885,0.9523,0.9018
handpd_spiral,efficientnet_b0,0149-1,1,gaussian_blur,2,0.9546,0.9669,0.8619,0.8602
handpd_spiral,efficientnet_b0,0149-1,1,gaussian_blur,3,0.9091,0.933,0.7528,0.8161
handpd_spiral,efficientnet_b0,0149-1,1,gaussian_blur,4,0.8706,0.9009,0.6699,0.7907
handpd_spiral,efficientnet_b0,0149-1,1,gaussian_blur,5,0.8576,0.891,0.6191,0.7957
handpd_spiral,efficientnet_b0,0149-1,1,gaussian_noise,1,0.9982,0.9984,0.9908,0.9661
handpd_spiral,efficientnet_b0,0149-1,1,gaussian_noise,2,0.9791,0.9789,0.979,0.8285
handpd_spiral,efficientnet_b0,0149-1,1,gaussian_noise,3,0.9488,0.945,0.9605,0.6787
handpd_spiral,efficientnet_b0,0149-1,1,gaussian_noise,4,0.9563,0.9571,0.9462,0.744
handpd_spiral,efficientnet_b0,0149-1,1,gaussian_noise,5,0.9529,0.9492,0.9257,0.7024
handpd_spiral,efficientnet_b0,0149-1,1,contrast,1,0.8839,0.9289,0.5919,0.7499
handpd_spiral,efficientnet_b0,0149-1,1,contrast,2,0.9715,0.978,0.8704,0.8254
handpd_spiral,efficientnet_b0,0149-1,1,contrast,3,0.9945,0.994,0.9704,0.9082
handpd_spiral,efficientnet_b0,0149-1,1,contrast,4,0.9859,0.9844,0.9731,0.8594
handpd_spiral,efficientnet_b0,0149-1,1,contrast,5,0.974,0.9723,0.9501,0.7862
handpd_spiral,efficientnet_b0,0149-1,1,brightness,1,0.9192,0.9164,0.8867,0.7155
handpd_spiral,efficientnet_b0,0149-1,1,brightness,2,0.9474,0.953,0.9262,0.7859
handpd_spiral,efficientnet_b0,0149-1,1,brightness,3,0.9791,0.983,0.9646,0.8559
handpd_spiral,efficientnet_b0,0149-1,1,brightness,4,0.6104,0.5947,0.2113,0.527
handpd_spiral,efficientnet_b0,0149-1,1,brightness,5,0.5923,0.6178,0.1855,0.5353
handpd_spiral,efficientnet_b0,0149-1,1,shadow,1,0.99,0.9919,0.9633,0.8929
handpd_spiral,efficientnet_b0,0149-1,1,shadow,2,0.9668,0.9705,0.9263,0.7856
handpd_spiral,efficientnet_b0,0149-1,1,shadow,3,0.9043,0.9016,0.8571,0.6043
handpd_spiral,efficientnet_b0,0149-1,1,shadow,4,0.84,0.8256,0.7878,0.4934
handpd_spiral,efficientnet_b0,0149-1,1,shadow,5,0.794,0.7796,0.7394,0.4377
handpd_spiral,efficientnet_b0,0149-1,1,perspective,1,0.7665,0.7696,0.6522,0.5113
handpd_spiral,efficientnet_b0,0149-1,1,perspective,2,0.702,0.6941,0.62,0.4538
handpd_spiral,efficientnet_b0,0149-1,1,perspective,3,0.6398,0.6447,0.6144,0.3551
handpd_spiral,efficientnet_b0,0149-1,1,perspective,4,0.6525,0.6517,0.6452,0.3576
handpd_spiral,efficientnet_b0,0149-1,1,perspective,5,0.5353,0.5312,0.6099,0.3025
handpd_spiral,efficientnet_b0,0149-1,1,rotation,1,0.4188,0.3958,0.676,0.4527
handpd_spiral,efficientnet_b0,0149-1,1,rotation,2,0.5369,0.4756,0.6346,0.3647
handpd_spiral,efficientnet_b0,0149-1,1,rotation,3,0.5363,0.5081,0.6908,0.4217
handpd_spiral,efficientnet_b0,0149-1,1,rotation,4,0.5074,0.4231,0.5695,0.2363
handpd_spiral,efficientnet_b0,0149-1,1,rotation,5,0.435,0.3679,0.5485,0.1254
handpd_spiral,efficientnet_b0,0003-2,1,jpeg_compression,1,0.9988,0.9986,0.999,0.9127
handpd_spiral,efficientnet_b0,0003-2,1,jpeg_compression,2,0.9948,0.996,0.9934,0.882
handpd_spiral,efficientnet_b0,0003-2,1,jpeg_compression,3,0.9968,0.996,0.9965,0.8459
handpd_spiral,efficientnet_b0,0003-2,1,jpeg_compression,4,0.9452,0.9527,0.9392,0.6602
handpd_spiral,efficientnet_b0,0003-2,1,jpeg_compression,5,0.8418,0.8713,0.6431,0.481
handpd_spiral,efficientnet_b0,0003-2,1,gaussian_blur,1,0.9849,0.9878,0.9839,0.8366
handpd_spiral,efficientnet_b0,0003-2,1,gaussian_blur,2,0.9463,0.9583,0.9463,0.7306
handpd_spiral,efficientnet_b0,0003-2,1,gaussian_blur,3,0.8878,0.9125,0.8979,0.6594
handpd_spiral,efficientnet_b0,0003-2,1,gaussian_blur,4,0.8578,0.8868,0.8751,0.6259
handpd_spiral,efficientnet_b0,0003-2,1,gaussian_blur,5,0.8089,0.8428,0.8411,0.574
handpd_spiral,efficientnet_b0,0003-2,1,gaussian_noise,1,0.9988,0.9989,0.9972,0.9274
handpd_spiral,efficientnet_b0,0003-2,1,gaussian_noise,2,0.9913,0.9897,0.9916,0.8029
handpd_spiral,efficientnet_b0,0003-2,1,gaussian_noise,3,0.9882,0.9882,0.9857,0.8285
handpd_spiral,efficientnet_b0,0003-2,1,gaussian_noise,4,0.9589,0.9425,0.9724,0.5277
handpd_spiral,efficientnet_b0,0003-2,1,gaussian_noise,5,0.9637,0.9548,0.9632,0.608
handpd_spiral,efficientnet_b0,0003-2,1,contrast,1,0.9488,0.9475,0.8625,0.5497
handpd_spiral,efficientnet_b0,0003-2,1,contrast,2,0.9878,0.988,0.979,0.7649
handpd_spiral,efficientnet_b0,0003-2,1,contrast,3,0.9965,0.9962,0.9941,0.8647
handpd_spiral,efficientnet_b0,0003-2,1,contrast,4,0.9893,0.9901,0.9876,0.811
handpd_spiral,efficientnet_b0,0003-2,1,contrast,5,0.9834,0.9825,0.9784,0.7596
handpd_spiral,efficientnet_b0,0003-2,1,brightness,1,0.9148,0.9079,0.9187,0.4903
handpd_spiral,efficientnet_b0,0003-2,1,brightness,2,0.9411,0.9314,0.95,0.5532
handpd_spiral,efficientnet_b0,0003-2,1,brightness,3,0.9706,0.9658,0.978,0.6622
handpd_spiral,efficientnet_b0,0003-2,1,brightness,4,0.7999,0.7952,0.6697,0.229
handpd_spiral,efficientnet_b0,0003-2,1,brightness,5,0.7746,0.763,0.6551,0.1813
handpd_spiral,efficientnet_b0,0003-2,1,shadow,1,0.9791,0.9789,0.9828,0.7819
handpd_spiral,efficientnet_b0,0003-2,1,shadow,2,0.9409,0.9415,0.9558,0.6208
handpd_spiral,efficientnet_b0,0003-2,1,shadow,3,0.8856,0.8723,0.9112,0.4116
handpd_spiral,efficientnet_b0,0003-2,1,shadow,4,0.8267,0.7922,0.8778,0.2616
handpd_spiral,efficientnet_b0,0003-2,1,shadow,5,0.7709,0.7212,0.853,0.2037
handpd_spiral,efficientnet_b0,0003-2,1,perspective,1,0.8393,0.8317,0.7608,0.4312
handpd_spiral,efficientnet_b0,0003-2,1,perspective,2,0.7718,0.7453,0.6986,0.2475
handpd_spiral,efficientnet_b0,0003-2,1,perspective,3,0.7851,0.7566,0.7775,0.2694
handpd_spiral,efficientnet_b0,0003-2,1,perspective,4,0.688,0.6504,0.7517,0.1919
handpd_spiral,efficientnet_b0,0003-2,1,perspective,5,0.6574,0.6278,0.7416,0.1719
handpd_spiral,efficientnet_b0,0003-2,1,rotation,1,0.8022,0.8055,0.8134,0.4405
handpd_spiral,efficientnet_b0,0003-2,1,rotation,2,0.6708,0.6296,0.7667,0.3108
handpd_spiral,efficientnet_b0,0003-2,1,rotation,3,0.7118,0.7033,0.7833,0.4041
handpd_spiral,efficientnet_b0,0003-2,1,rotation,4,0.6972,0.6487,0.7609,0.2516
handpd_spiral,efficientnet_b0,0003-2,1,rotation,5,0.8163,0.8162,0.8124,0.4603
handpd_spiral,mobilenet_v3_large,0289-4,0,jpeg_compression,1,0.9952,0.9875,0.9765,0.8746
handpd_spiral,mobilenet_v3_large,0289-4,0,jpeg_compression,2,0.9864,0.995,0.9689,0.7881
handpd_spiral,mobilenet_v3_large,0289-4,0,jpeg_compression,3,0.9879,0.9947,0.9591,0.7928
handpd_spiral,mobilenet_v3_large,0289-4,0,jpeg_compression,4,0.9173,0.9744,0.863,0.5826
handpd_spiral,mobilenet_v3_large,0289-4,0,jpeg_compression,5,0.3706,0.6975,0.5837,0.2689
handpd_spiral,mobilenet_v3_large,0289-4,0,gaussian_blur,1,0.9862,0.9867,0.9722,0.831
handpd_spiral,mobilenet_v3_large,0289-4,0,gaussian_blur,2,0.9409,0.9757,0.9058,0.7127
handpd_spiral,mobilenet_v3_large,0289-4,0,gaussian_blur,3,0.8519,0.949,0.8302,0.5603
handpd_spiral,mobilenet_v3_large,0289-4,0,gaussian_blur,4,0.7438,0.923,0.7798,0.4626
handpd_spiral,mobilenet_v3_large,0289-4,0,gaussian_blur,5,0.6286,0.8512,0.7462,0.3909
handpd_spiral,mobilenet_v3_large,0289-4,0,gaussian_noise,1,0.9972,0.9981,0.9912,0.9073
handpd_spiral,mobilenet_v3_large,0289-4,0,gaussian_noise,2,0.9743,0.9414,0.8995,0.7416
handpd_spiral,mobilenet_v3_large,0289-4,0,gaussian_noise,3,0.939,0.9598,0.8749,0.6692
handpd_spiral,mobilenet_v3_large,0289-4,0,gaussian_noise,4,0.9263,0.953,0.8553,0.6277
handpd_spiral,mobilenet_v3_large,0289-4,0,gaussian_noise,5,0.9332,0.9115,0.8165,0.698
handpd_spiral,mobilenet_v3_large,0289-4,0,contrast,1,0.8777,0.9545,0.81,0.678
handpd_spiral,mobilenet_v3_large,0289-4,0,contrast,2,0.9654,0.9819,0.9292,0.7867
handpd_spiral,mobilenet_v3_large,0289-4,0,contrast,3,0.9878,0.9883,0.9712,0.8462
handpd_spiral,mobilenet_v3_large,0289-4,0,contrast,4,0.9645,0.9451,0.8728,0.6961
handpd_spiral,mobilenet_v3_large,0289-4,0,contrast,5,0.9424,0.816,0.7798,0.6816
handpd_spiral,mobilenet_v3_large,0289-4,0,brightness,1,0.8934,0.7307,0.6901,0.6638
handpd_spiral,mobilenet_v3_large,0289-4,0,brightness,2,0.9339,0.8655,0.8016,0.6686
handpd_spiral,mobilenet_v3_large,0289-4,0,brightness,3,0.9605,0.9312,0.88,0.6602
handpd_spiral,mobilenet_v3_large,0289-4,0,brightness,4,0.1317,0.5414,0.5443,0.2566
handpd_spiral,mobilenet_v3_large,0289-4,0,brightness,5,0.077,0.3591,0.5509,0.1335
handpd_spiral,mobilenet_v3_large,0289-4,0,shadow,1,0.9757,0.9617,0.9364,0.6454
handpd_spiral,mobilenet_v3_large,0289-4,0,shadow,2,0.9453,0.9014,0.8261,0.6312
handpd_spiral,mobilenet_v3_large,0289-4,0,shadow,3,0.9063,0.8052,0.6862,0.6348
handpd_spiral,mobilenet_v3_large,0289-4,0,shadow,4,0.8811,0.7961,0.6291,0.5854
handpd_spiral,mobilenet_v3_large,0289-4,0,shadow,5,0.8717,0.7818,0.591,0.575
handpd_spiral,mobilenet_v3_large,0289-4,0,perspective,1,0.7107,0.8169,0.726,0.5428
handpd_spiral,mobilenet_v3_large,0289-4,0,perspective,2,0.8897,0.9253,0.7819,0.5183
handpd_spiral,mobilenet_v3_large,0289-4,0,perspective,3,0.7518,0.8316,0.7717,0.4271
handpd_spiral,mobilenet_v3_large,0289-4,0,perspective,4,0.7352,0.8463,0.7253,0.4625
handpd_spiral,mobilenet_v3_large,0289-4,0,perspective,5,0.6339,0.7175,0.6012,0.3522
handpd_spiral,mobilenet_v3_large,0289-4,0,rotation,1,0.8196,0.7345,0.692,0.4822
handpd_spiral,mobilenet_v3_large,0289-4,0,rotation,2,0.45,0.6851,0.6666,0.3893
handpd_spiral,mobilenet_v3_large,0289-4,0,rotation,3,0.5765,0.705,0.6554,0.3366
handpd_spiral,mobilenet_v3_large,0289-4,0,rotation,4,0.1653,0.5595,0.5478,0.1505
handpd_spiral,mobilenet_v3_large,0289-4,0,rotation,5,0.4691,0.5681,0.5609,0.2137
handpd_spiral,mobilenet_v3_large,0104-2,0,jpeg_compression,1,0.9974,0.9774,0.9672,0.9756
handpd_spiral,mobilenet_v3_large,0104-2,0,jpeg_compression,2,0.9858,0.9498,0.9282,0.9186
handpd_spiral,mobilenet_v3_large,0104-2,0,jpeg_compression,3,0.9885,0.9759,0.9438,0.9416
handpd_spiral,mobilenet_v3_large,0104-2,0,jpeg_compression,4,0.9172,0.9475,0.8992,0.8465
handpd_spiral,mobilenet_v3_large,0104-2,0,jpeg_compression,5,0.8943,0.867,0.8353,0.6881
handpd_spiral,mobilenet_v3_large,0104-2,0,gaussian_blur,1,0.9899,0.9167,0.9327,0.9268
handpd_spiral,mobilenet_v3_large,0104-2,0,gaussian_blur,2,0.9794,0.9157,0.9205,0.8902
handpd_spiral,mobilenet_v3_large,0104-2,0,gaussian_blur,3,0.9575,0.9146,0.9015,0.8717
handpd_spiral,mobilenet_v3_large,0104-2,0,gaussian_blur,4,0.9509,0.9145,0.8906,0.8745
handpd_spiral,mobilenet_v3_large,0104-2,0,gaussian_blur,5,0.9357,0.9139,0.8764,0.8666
handpd_spiral,mobilenet_v3_large,0104-2,0,gaussian_noise,1,0.997,0.9775,0.9757,0.9489
handpd_spiral,mobilenet_v3_large,0104-2,0,gaussian_noise,2,0.9385,0.977,0.9331,0.8694
handpd_spiral,mobilenet_v3_large,0104-2,0,gaussian_noise,3,0.8879,0.9278,0.8707,0.7582
handpd_spiral,mobilenet_v3_large,0104-2,0,gaussian_noise,4,0.7911,0.9007,0.8285,0.6143
handpd_spiral,mobilenet_v3_large,0104-2,0,gaussian_noise,5,0.7705,0.9088,0.8119,0.6184
handpd_spiral,mobilenet_v3_large,0104-2,0,contrast,1,0.9766,0.9694,0.9365,0.9164
handpd_spiral,mobilenet_v3_large,0104-2,0,contrast,2,0.99,0.9478,0.9165,0.9425
handpd_spiral,mobilenet_v3_large,0104-2,0,contrast,3,0.9926,0.9562,0.9625,0.9531
handpd_spiral,mobilenet_v3_large,0104-2,0,contrast,4,0.9803,0.9486,0.9389,0.8571
handpd_spiral,mobilenet_v3_large,0104-2,0,contrast,5,0.9717,0.9306,0.9214,0.7961
handpd_spiral,mobilenet_v3_large,0104-2,0,brightness,1,0.869,0.8399,0.6557,0.6178
handpd_spiral,mobilenet_v3_large,0104-2,0,brightness,2,0.8843,0.8779,0.7594,0.635
handpd_spiral,mobilenet_v3_large,0104-2,0,brightness,3,0.9538,0.9196,0.8415,0.7383
handpd_spiral,mobilenet_v3_large,0104-2,0,brightness,4,0.8539,0.7615,0.771,0.5698
handpd_spiral,mobilenet_v3_large,0104-2,0,brightness,5,0.8693,0.7621,0.772,0.5758
handpd_spiral,mobilenet_v3_large,0104-2,0,shadow,1,0.9819,0.9545,0.9123,0.9248
handpd_spiral,mobilenet_v3_large,0104-2,0,shadow,2,0.9545,0.9123,0.8485,0.8086
handpd_spiral,mobilenet_v3_large,0104-2,0,shadow,3,0.8971,0.8457,0.7162,0.6398
handpd_spiral,mobilenet_v3_large,0104-2,0,shadow,4,0.8394,0.7502,0.5151,0.5692
handpd_spiral,mobilenet_v3_large,0104-2,0,shadow,5,0.7687,0.6576,0.396,0.4771
handpd_spiral,mobilenet_v3_large,0104-2,0,perspective,1,0.8525,0.8408,0.7587,0.5703
handpd_spiral,mobilenet_v3_large,0104-2,0,perspective,2,0.9242,0.8468,0.8473,0.7775
handpd_spiral,mobilenet_v3_large,0104-2,0,perspective,3,0.9203,0.8786,0.8482,0.8068
handpd_spiral,mobilenet_v3_large,0104-2,0,perspective,4,0.594,0.6566,0.6354,0.4473
handpd_spiral,mobilenet_v3_large,0104-2,0,perspective,5,0.5008,0.6097,0.6464,0.508
handpd_spiral,mobilenet_v3_large,0104-2,0,rotation,1,0.4841,0.6299,0.6397,0.4469
handpd_spiral,mobilenet_v3_large,0104-2,0,rotation,2,0.8428,0.7231,0.7976,0.4893
handpd_spiral,mobilenet_v3_large,0104-2,0,rotation,3,0.6297,0.7642,0.7315,0.5223
handpd_spiral,mobilenet_v3_large,0104-2,0,rotation,4,0.7188,0.6676,0.7204,0.5281
handpd_spiral,mobilenet_v3_large,0104-2,0,rotation,5,0.4085,0.4772,0.5398,0.3414
handpd_spiral,mobilenet_v3_large,0287-3,0,jpeg_compression,1,0.997,0.9989,0.9852,0.9217
handpd_spiral,mobilenet_v3_large,0287-3,0,jpeg_compression,2,0.9756,0.9403,0.8239,0.8117
handpd_spiral,mobilenet_v3_large,0287-3,0,jpeg_compression,3,0.8957,0.9076,0.7117,0.7088
handpd_spiral,mobilenet_v3_large,0287-3,0,jpeg_compression,4,0.9518,0.923,0.8648,0.7675
handpd_spiral,mobilenet_v3_large,0287-3,0,jpeg_compression,5,0.4188,0.4956,0.516,0.3276
handpd_spiral,mobilenet_v3_large,0287-3,0,gaussian_blur,1,0.9906,0.9676,0.9481,0.8556
handpd_spiral,mobilenet_v3_large,0287-3,0,gaussian_blur,2,0.9813,0.9262,0.9048,0.825
handpd_spiral,mobilenet_v3_large,0287-3,0,gaussian_blur,3,0.9648,0.8255,0.8337,0.7805
handpd_spiral,mobilenet_v3_large,0287-3,0,gaussian_blur,4,0.9506,0.7931,0.8009,0.7519
handpd_spiral,mobilenet_v3_large,0287-3,0,gaussian_blur,5,0.9466,0.7687,0.7624,0.7363
handpd_spiral,mobilenet_v3_large,0287-3,0,gaussian_noise,1,0.9965,0.9981,0.985,0.938
handpd_spiral,mobilenet_v3_large,0287-3,0,gaussian_noise,2,0.9825,0.9607,0.9461,0.8379
handpd_spiral,mobilenet_v3_large,0287-3,0,gaussian_noise,3,0.94,0.9563,0.9092,0.7656
handpd_spiral,mobilenet_v3_large,0287-3,0,gaussian_noise,4,0.5991,0.758,0.6518,0.5151
handpd_spiral,mobilenet_v3_large,0287-3,0,gaussian_noise,5,0.4217,0.6938,0.4738,0.2889
handpd_spiral,mobilenet_v3_large,0287-3,0,contrast,1,0.8355,0.9238,0.8197,0.5622
handpd_spiral,mobilenet_v3_large,0287-3,0,contrast,2,0.9465,0.9686,0.8987,0.7194
handpd_spiral,mobilenet_v3_large,0287-3,0,contrast,3,0.985,0.996,0.9636,0.8516
handpd_spiral,mobilenet_v3_large,0287-3,0,contrast,4,0.9449,0.9058,0.8663,0.7565
handpd_spiral,mobilenet_v3_large,0287-3,0,contrast,5,0.9079,0.9027,0.8647,0.6967
handpd_spiral,mobilenet_v3_large,0287-3,0,brightness,1,0.3894,0.5914,0.4,0.2755
handpd_spiral,mobilenet_v3_large,0287-3,0,brightness,2,0.6085,0.7303,0.5366,0.3954
handpd_spiral,mobilenet_v3_large,0287-3,0,brightness,3,0.8508,0.7887,0.6375,0.6052
handpd_spiral,mobilenet_v3_large,0287-3,0,brightness,4,0.4725,0.5385,0.6149,0.49
handpd_spiral,mobilenet_v3_large,0287-3,0,brightness,5,0.4795,0.536,0.61,0.4817
handpd_spiral,mobilenet_v3_large,0287-3,0,shadow,1,0.8739,0.7758,0.7605,0.6951
handpd_spiral,mobilenet_v3_large,0287-3,0,shadow,2,0.7417,0.7215,0.6379,0.5184
handpd_spiral,mobilenet_v3_large,0287-3,0,shadow,3,0.5941,0.648,0.5036,0.407
handpd_spiral,mobilenet_v3_large,0287-3,0,shadow,4,0.5033,0.5976,0.417,0.3463
handpd_spiral,mobilenet_v3_large,0287-3,0,shadow,5,0.3996,0.5371,0.3154,0.3064
handpd_spiral,mobilenet_v3_large,0287-3,0,perspective,1,0.8832,0.8447,0.7081,0.6971
handpd_spiral,mobilenet_v3_large,0287-3,0,perspective,2,0.5584,0.7371,0.5545,0.3424
handpd_spiral,mobilenet_v3_large,0287-3,0,perspective,3,0.6359,0.6285,0.5694,0.3806
handpd_spiral,mobilenet_v3_large,0287-3,0,perspective,4,0.4819,0.5678,0.5101,0.2808
handpd_spiral,mobilenet_v3_large,0287-3,0,perspective,5,0.1916,0.4033,0.4179,0.1787
handpd_spiral,mobilenet_v3_large,0287-3,0,rotation,1,0.5528,0.7874,0.6491,0.3532
handpd_spiral,mobilenet_v3_large,0287-3,0,rotation,2,0.355,0.4467,0.4479,0.3386
handpd_spiral,mobilenet_v3_large,0287-3,0,rotation,3,0.5382,0.645,0.6023,0.306
handpd_spiral,mobilenet_v3_large,0287-3,0,rotation,4,0.7246,0.5158,0.5285,0.4721
handpd_spiral,mobilenet_v3_large,0287-3,0,rotation,5,0.357,0.5818,0.3852,0.1742
handpd_spiral,mobilenet_v3_large,0104-1,0,jpeg_compression,1,0.9983,0.9998,0.9962,0.9508
handpd_spiral,mobilenet_v3_large,0104-1,0,jpeg_compression,2,0.9952,0.9998,0.9951,0.9611
handpd_spiral,mobilenet_v3_large,0104-1,0,jpeg_compression,3,0.976,0.9982,0.9686,0.867
handpd_spiral,mobilenet_v3_large,0104-1,0,jpeg_compression,4,0.9406,0.9974,0.9651,0.8618
handpd_spiral,mobilenet_v3_large,0104-1,0,jpeg_compression,5,0.9064,0.9949,0.9238,0.8426
handpd_spiral,mobilenet_v3_large,0104-1,0,gaussian_blur,1,0.9979,0.9999,0.9977,0.9721
handpd_spiral,mobilenet_v3_large,0104-1,0,gaussian_blur,2,0.9924,0.9997,0.9952,0.9501
handpd_spiral,mobilenet_v3_large,0104-1,0,gaussian_blur,3,0.9809,0.9994,0.9904,0.9427
handpd_spiral,mobilenet_v3_large,0104-1,0,gaussian_blur,4,0.9828,0.9992,0.9847,0.9326
handpd_spiral,mobilenet_v3_large,0104-1,0,gaussian_blur,5,0.9776,0.999,0.983,0.9319
handpd_spiral,mobilenet_v3_large,0104-1,0,gaussian_noise,1,0.9956,0.9995,0.9888,0.916
handpd_spiral,mobilenet_v3_large,0104-1,0,gaussian_noise,2,0.9933,0.9995,0.9916,0.935
handpd_spiral,mobilenet_v3_large,0104-1,0,gaussian_noise,3,0.9718,0.9469,0.9538,0.854
handpd_spiral,mobilenet_v3_large,0104-1,0,gaussian_noise,4,0.8129,0.9382,0.8882,0.699
handpd_spiral,mobilenet_v3_large,0104-1,0,gaussian_noise,5,0.836,0.9187,0.8379,0.7446
handpd_spiral,mobilenet_v3_large,0104-1,0,contrast,1,0.9683,0.9988,0.9716,0.8762
handpd_spiral,mobilenet_v3_large,0104-1,0,contrast,2,0.9845,0.9987,0.9713,0.8722
handpd_spiral,mobilenet_v3_large,0104-1,0,contrast,3,0.995,0.9998,0.9937,0.9423
handpd_spiral,mobilenet_v3_large,0104-1,0,contrast,4,0.9863,0.9991,0.9855,0.9083
handpd_spiral,mobilenet_v3_large,0104-1,0,contrast,5,0.9828,0.9994,0.9906,0.9346
handpd_spiral,mobilenet_v3_large,0104-1,0,brightness,1,0.72,0.7288,0.6984,0.5397
handpd_spiral,mobilenet_v3_large,0104-1,0,brightness,2,0.7884,0.8489,0.7782,0.7122
handpd_spiral,mobilenet_v3_large,0104-1,0,brightness,3,0.9096,0.9643,0.92,0.7733
handpd_spiral,mobilenet_v3_large,0104-1,0,brightness,4,0.8062,0.7695,0.7914,0.606
handpd_spiral,mobilenet_v3_large,0104-1,0,brightness,5,0.8128,0.7698,0.7945,0.6039
handpd_spiral,mobilenet_v3_large,0104-1,0,shadow,1,0.9723,0.9981,0.9714,0.8582
handpd_spiral,mobilenet_v3_large,0104-1,0,shadow,2,0.8968,0.9015,0.8898,0.7888
handpd_spiral,mobilenet_v3_large,0104-1,0,shadow,3,0.8657,0.8479,0.7907,0.7639
handpd_spiral,mobilenet_v3_large,0104-1,0,shadow,4,0.8207,0.7946,0.711,0.7164
handpd_spiral,mobilenet_v3_large,0104-1,0,shadow,5,0.7184,0.6429,0.479,0.5502
handpd_spiral,mobilenet_v3_large,0104-1,0,perspective,1,0.9608,0.7587,0.8409,0.8327
handpd_spiral,mobilenet_v3_large,0104-1,0,perspective,2,0.9198,0.8347,0.8618,0.6938
handpd_spiral,mobilenet_v3_large,0104-1,0,perspective,3,0.8423,0.8355,0.8269,0.6396
handpd_spiral,mobilenet_v3_large,0104-1,0,perspective,4,0.7899,0.8014,0.7683,0.565
handpd_spiral,mobilenet_v3_large,0104-1,0,perspective,5,0.8352,0.7075,0.7571,0.6032
handpd_spiral,mobilenet_v3_large,0104-1,0,rotation,1,0.7884,0.935,0.8646,0.6517
handpd_spiral,mobilenet_v3_large,0104-1,0,rotation,2,0.8037,0.6531,0.7586,0.5725
handpd_spiral,mobilenet_v3_large,0104-1,0,rotation,3,0.8286,0.8935,0.8461,0.6867
handpd_spiral,mobilenet_v3_large,0104-1,0,rotation,4,0.9118,0.7072,0.8271,0.6823
handpd_spiral,mobilenet_v3_large,0104-1,0,rotation,5,0.2641,0.5146,0.7109,0.3917
handpd_spiral,mobilenet_v3_large,0127-2,0,jpeg_compression,1,0.9974,0.9984,0.9731,0.9461
handpd_spiral,mobilenet_v3_large,0127-2,0,jpeg_compression,2,0.9799,0.9955,0.9366,0.8
handpd_spiral,mobilenet_v3_large,0127-2,0,jpeg_compression,3,0.9458,0.9928,0.8897,0.726
handpd_spiral,mobilenet_v3_large,0127-2,0,jpeg_compression,4,0.9728,0.9323,0.9294,0.8021
handpd_spiral,mobilenet_v3_large,0127-2,0,jpeg_compression,5,0.9161,0.7203,0.8638,0.7659
handpd_spiral,mobilenet_v3_large,0127-2,0,gaussian_blur,1,0.9974,0.9343,0.9661,0.9518
handpd_spiral,mobilenet_v3_large,0127-2,0,gaussian_blur,2,0.9866,0.9338,0.9484,0.9182
handpd_spiral,mobilenet_v3_large,0127-2,0,gaussian_blur,3,0.9666,0.933,0.9188,0.8743
handpd_spiral,mobilenet_v3_large,0127-2,0,gaussian_blur,4,0.9626,0.9638,0.9109,0.8597
handpd_spiral,mobilenet_v3_large,0127-2,0,gaussian_blur,5,0.9715,0.964,0.9152,0.8421
handpd_spiral,mobilenet_v3_large,0127-2,0,gaussian_noise,1,0.9981,0.9994,0.9881,0.9865
handpd_spiral,mobilenet_v3_large,0127-2,0,gaussian_noise,2,0.9922,0.9989,0.9718,0.91
handpd_spiral,mobilenet_v3_large,0127-2,0,gaussian_noise,3,0.9293,0.9326,0.9085,0.8063
handpd_spiral,mobilenet_v3_large,0127-2,0,gaussian_noise,4,0.5943,0.7763,0.7042,0.5184
handpd_spiral,mobilenet_v3_large,0127-2,0,gaussian_noise,5,0.5675,0.916,0.7998,0.5399
handpd_spiral,mobilenet_v3_large,0127-2,0,contrast,1,0.9866,0.9258,0.9215,0.8647
handpd_spiral,mobilenet_v3_large,0127-2,0,contrast,2,0.9901,0.9976,0.9572,0.8889
handpd_spiral,mobilenet_v3_large,0127-2,0,contrast,3,0.9968,0.9341,0.9618,0.9582
handpd_spiral,mobilenet_v3_large,0127-2,0,contrast,4,0.978,0.9148,0.8702,0.829
handpd_spiral,mobilenet_v3_large,0127-2,0,contrast,5,0.9655,0.9114,0.8764,0.8267
handpd_spiral,mobilenet_v3_large,0127-2,0,brightness,1,0.5791,0.6706,0.6918,0.4146
handpd_spiral,mobilenet_v3_large,0127-2,0,brightness,2,0.7043,0.8194,0.7614,0.5605
handpd_spiral,mobilenet_v3_large,0127-2,0,brightness,3,0.906,0.9333,0.8864,0.7023
handpd_spiral,mobilenet_v3_large,0127-2,0,brightness,4,0.7531,0.8523,0.8027,0.8661
handpd_spiral,mobilenet_v3_large,0127-2,0,brightness,5,0.7591,0.853,0.805,0.8782
handpd_spiral,mobilenet_v3_large,0127-2,0,shadow,1,0.9585,0.9964,0.9308,0.8138
handpd_spiral,mobilenet_v3_large,0127-2,0,shadow,2,0.8495,0.8592,0.7686,0.64
handpd_spiral,mobilenet_v3_large,0127-2,0,shadow,3,0.8011,0.8163,0.6918,0.6139
handpd_spiral,mobilenet_v3_large,0127-2,0,shadow,4,0.74,0.7746,0.6133,0.5624
handpd_spiral,mobilenet_v3_large,0127-2,0,shadow,5,0.6671,0.7311,0.5684,0.4339
handpd_spiral,mobilenet_v3_large,0127-2,0,perspective,1,0.9041,0.8925,0.8671,0.6857
handpd_spiral,mobilenet_v3_large,0127-2,0,perspective,2,0.9006,0.7706,0.8009,0.7142
handpd_spiral,mobilenet_v3_large,0127-2,0,perspective,3,0.7237,0.6842,0.7385,0.5202
handpd_spiral,mobilenet_v3_large,0127-2,0,perspective,4,0.6276,0.6701,0.7025,0.4063
handpd_spiral,mobilenet_v3_large,0127-2,0,perspective,5,0.5133,0.6224,0.6593,0.3841
handpd_spiral,mobilenet_v3_large,0127-2,0,rotation,1,0.8696,0.8724,0.8398,0.7442
handpd_spiral,mobilenet_v3_large,0127-2,0,rotation,2,0.9624,0.8876,0.9086,0.8658
handpd_spiral,mobilenet_v3_large,0127-2,0,rotation,3,0.8467,0.8754,0.8669,0.8044
handpd_spiral,mobilenet_v3_large,0127-2,0,rotation,4,0.9228,0.8032,0.8607,0.7923
handpd_spiral,mobilenet_v3_large,0127-2,0,rotation,5,0.6172,0.8387,0.7671,0.5403
handpd_spiral,mobilenet_v3_large,0054-4,1,jpeg_compression,1,0.9982,0.9972,0.9844,0.9274
handpd_spiral,mobilenet_v3_large,0054-4,1,jpeg_compression,2,0.9946,0.9946,0.9812,0.8879
handpd_spiral,mobilenet_v3_large,0054-4,1,jpeg_compression,3,0.9875,0.987,0.949,0.7867
handpd_spiral,mobilenet_v3_large,0054-4,1,jpeg_compression,4,0.9735,0.9856,0.9299,0.7443
handpd_spiral,mobilenet_v3_large,0054-4,1,jpeg_compression,5,0.7831,0.84,0.6501,0.41
handpd_spiral,mobilenet_v3_large,0054-4,1,gaussian_blur,1,0.9958,0.9956,0.9767,0.8366
handpd_spiral,mobilenet_v3_large,0054-4,1,gaussian_blur,2,0.985,0.9856,0.9318,0.7554
handpd_spiral,mobilenet_v3_large,0054-4,1,gaussian_blur,3,0.9628,0.9635,0.8623,0.678
handpd_spiral,mobilenet_v3_large,0054-4,1,gaussian_blur,4,0.9447,0.9381,0.8011,0.6239
handpd_spiral,mobilenet_v3_large,0054-4,1,gaussian_blur,5,0.9307,0.9255,0.7707,0.5916
handpd_spiral,mobilenet_v3_large,0054-4,1,gaussian_noise,1,0.9962,0.9966,0.9772,0.9082
handpd_spiral,mobilenet_v3_large,0054-4,1,gaussian_noise,2,0.9709,0.9738,0.8773,0.6954
handpd_spiral,mobilenet_v3_large,0054-4,1,gaussian_noise,3,0.9118,0.9308,0.7749,0.6369
handpd_spiral,mobilenet_v3_large,0054-4,1,gaussian_noise,4,0.8586,0.9048,0.8102,0.4971
handpd_spiral,mobilenet_v3_large,0054-4,1,gaussian_noise,5,0.7665,0.8558,0.7212,0.4024
handpd_spiral,mobilenet_v3_large,0054-4,1,contrast,1,0.9712,0.9503,0.8505,0.8163
handpd_spiral,mobilenet_v3_large,0054-4,1,contrast,2,0.9824,0.9663,0.8923,0.9047
handpd_spiral,mobilenet_v3_large,0054-4,1,contrast,3,0.9945,0.9889,0.9537,0.9294
handpd_spiral,mobilenet_v3_large,0054-4,1,contrast,4,0.9713,0.9508,0.8566,0.6938
handpd_spiral,mobilenet_v3_large,0054-4,1,contrast,5,0.954,0.9344,0.7944,0.6314
handpd_spiral,mobilenet_v3_large,0054-4,1,brightness,1,0.8845,0.9127,0.7741,0.506
handpd_spiral,mobilenet_v3_large,0054-4,1,brightness,2,0.9691,0.9553,0.87,0.7598
handpd_spiral,mobilenet_v3_large,0054-4,1,brightness,3,0.9888,0.977,0.9217,0.8062
handpd_spiral,mobilenet_v3_large,0054-4,1,brightness,4,0.7745,0.7689,0.4791,0.5274
handpd_spiral,mobilenet_v3_large,0054-4,1,brightness,5,0.7626,0.8065,0.5161,0.4776
handpd_spiral,mobilenet_v3_large,0054-4,1,shadow,1,0.9922,0.989,0.9482,0.8289
handpd_spiral,mobilenet_v3_large,0054-4,1,shadow,2,0.9708,0.9655,0.8429,0.7259
handpd_spiral,mobilenet_v3_large,0054-4,1,shadow,3,0.925,0.916,0.736,0.6144
handpd_spiral,mobilenet_v3_large,0054-4,1,shadow,4,0.8408,0.8665,0.6314,0.4607
handpd_spiral,mobilenet_v3_large,0054-4,1,shadow,5,0.7733,0.8046,0.5593,0.4173
handpd_spiral,mobilenet_v3_large,0054-4,1,perspective,1,0.8835,0.8506,0.7285,0.51
handpd_spiral,mobilenet_v3_large,0054-4,1,perspective,2,0.8294,0.8433,0.6709,0.4449
handpd_spiral,mobilenet_v3_large,0054-4,1,perspective,3,0.6867,0.7586,0.5687,0.3397
handpd_spiral,mobilenet_v3_large,0054-4,1,perspective,4,0.6431,0.716,0.5856,0.3692
handpd_spiral,mobilenet_v3_large,0054-4,1,perspective,5,0.505,0.666,0.5566,0.2462
handpd_spiral,mobilenet_v3_large,0054-4,1,rotation,1,0.6692,0.8132,0.6167,0.3188
handpd_spiral,mobilenet_v3_large,0054-4,1,rotation,2,0.4894,0.6397,0.4943,0.248
handpd_spiral,mobilenet_v3_large,0054-4,1,rotation,3,0.61,0.7949,0.5547,0.3386
handpd_spiral,mobilenet_v3_large,0054-4,1,rotation,4,0.4386,0.6356,0.4548,0.3262
handpd_spiral,mobilenet_v3_large,0054-4,1,rotation,5,0.5267,0.7544,0.532,0.239
handpd_spiral,mobilenet_v3_large,0218-4,1,jpeg_compression,1,0.9988,0.989,0.9948,0.964
handpd_spiral,mobilenet_v3_large,0218-4,1,jpeg_compression,2,0.9897,0.9697,0.9494,0.9423
handpd_spiral,mobilenet_v3_large,0218-4,1,jpeg_compression,3,0.9913,0.9863,0.9682,0.8945
handpd_spiral,mobilenet_v3_large,0218-4,1,jpeg_compression,4,0.9776,0.9645,0.9278,0.8106
handpd_spiral,mobilenet_v3_large,0218-4,1,jpeg_compression,5,0.579,0.745,0.6829,0.4536
handpd_spiral,mobilenet_v3_large,0218-4,1,gaussian_blur,1,0.9986,0.9987,0.9776,0.9596
handpd_spiral,mobilenet_v3_large,0218-4,1,gaussian_blur,2,0.9926,0.9842,0.938,0.9107
handpd_spiral,mobilenet_v3_large,0218-4,1,gaussian_blur,3,0.981,0.974,0.8922,0.8327
handpd_spiral,mobilenet_v3_large,0218-4,1,gaussian_blur,4,0.9624,0.9599,0.8544,0.777
handpd_spiral,mobilenet_v3_large,0218-4,1,gaussian_blur,5,0.9491,0.9365,0.8281,0.7638
handpd_spiral,mobilenet_v3_large,0218-4,1,gaussian_noise,1,0.9983,0.9995,0.993,0.9544
handpd_spiral,mobilenet_v3_large,0218-4,1,gaussian_noise,2,0.9829,0.9965,0.9484,0.9092
handpd_spiral,mobilenet_v3_large,0218-4,1,gaussian_noise,3,0.9695,0.9851,0.8991,0.8964
handpd_spiral,mobilenet_v3_large,0218-4,1,gaussian_noise,4,0.9015,0.8699,0.7831,0.6293
handpd_spiral,mobilenet_v3_large,0218-4,1,gaussian_noise,5,0.9154,0.8919,0.8181,0.6328
handpd_spiral,mobilenet_v3_large,0218-4,1,contrast,1,0.982,0.8981,0.8279,0.8748
handpd_spiral,mobilenet_v3_large,0218-4,1,contrast,2,0.9848,0.9264,0.8522,0.8877
handpd_spiral,mobilenet_v3_large,0218-4,1,contrast,3,0.9942,0.9701,0.9537,0.9278
handpd_spiral,mobilenet_v3_large,0218-4,1,contrast,4,0.9782,0.9476,0.8627,0.8515
handpd_spiral,mobilenet_v3_large,0218-4,1,contrast,5,0.9667,0.9425,0.8634,0.8335
handpd_spiral,mobilenet_v3_large,0218-4,1,brightness,1,0.8814,0.8575,0.6513,0.626
handpd_spiral,mobilenet_v3_large,0218-4,1,brightness,2,0.9363,0.9293,0.7994,0.688
handpd_spiral,mobilenet_v3_large,0218-4,1,brightness,3,0.9786,0.9662,0.9245,0.871
handpd_spiral,mobilenet_v3_large,0218-4,1,brightness,4,0.4772,0.7733,0.692,0.3773
handpd_spiral,mobilenet_v3_large,0218-4,1,brightness,5,0.4814,0.7862,0.7092,0.3564
handpd_spiral,mobilenet_v3_large,0218-4,1,shadow,1,0.99,0.9667,0.9255,0.8717
handpd_spiral,mobilenet_v3_large,0218-4,1,shadow,2,0.9807,0.9197,0.7662,0.8465
handpd_spiral,mobilenet_v3_large,0218-4,1,shadow,3,0.9481,0.8614,0.5965,0.7677
handpd_spiral,mobilenet_v3_large,0218-4,1,shadow,4,0.8688,0.7158,0.5118,0.636
handpd_spiral,mobilenet_v3_large,0218-4,1,shadow,5,0.7361,0.5462,0.4329,0.5131
handpd_spiral,mobilenet_v3_large,0218-4,1,perspective,1,0.9284,0.8616,0.7686,0.7024
handpd_spiral,mobilenet_v3_large,0218-4,1,perspective,2,0.8573,0.8705,0.7424,0.5833
handpd_spiral,mobilenet_v3_large,0218-4,1,perspective,3,0.7177,0.8569,0.71,0.4545
handpd_spiral,mobilenet_v3_large,0218-4,1,perspective,4,0.4496,0.7526,0.6647,0.2949
handpd_spiral,mobilenet_v3_large,0218-4,1,perspective,5,0.5459,0.7253,0.653,0.3542
handpd_spiral,mobilenet_v3_large,0218-4,1,rotation,1,0.8018,0.8887,0.7428,0.5288
handpd_spiral,mobilenet_v3_large,0218-4,1,rotation,2,0.4124,0.5834,0.6307,0.3471
handpd_spiral,mobilenet_v3_large,0218-4,1,rotation,3,0.5687,0.7885,0.6834,0.4625
handpd_spiral,mobilenet_v3_large,0218-4,1,rotation,4,0.3431,0.5109,0.5721,0.3005
handpd_spiral,mobilenet_v3_large,0218-4,1,rotation,5,0.3144,0.6536,0.5646,0.3429
handpd_spiral,mobilenet_v3_large,0196-3,1,jpeg_compression,1,0.9945,0.9947,0.9877,0.9255
handpd_spiral,mobilenet_v3_large,0196-3,1,jpeg_compression,2,0.9875,0.9902,0.9591,0.8932
handpd_spiral,mobilenet_v3_large,0196-3,1,jpeg_compression,3,0.9788,0.965,0.9118,0.8269
handpd_spiral,mobilenet_v3_large,0196-3,1,jpeg_compression,4,0.9891,0.9789,0.9401,0.8964
handpd_spiral,mobilenet_v3_large,0196-3,1,jpeg_compression,5,0.6376,0.7156,0.598,0.4376
handpd_spiral,mobilenet_v3_large,0196-3,1,gaussian_blur,1,0.9943,0.9915,0.9683,0.9114
handpd_spiral,mobilenet_v3_large,0196-3,1,gaussian_blur,2,0.9722,0.9801,0.924,0.7955
handpd_spiral,mobilenet_v3_large,0196-3,1,gaussian_blur,3,0.9131,0.9567,0.8472,0.639
handpd_spiral,mobilenet_v3_large,0196-3,1,gaussian_blur,4,0.8535,0.9309,0.7965,0.5086
handpd_spiral,mobilenet_v3_large,0196-3,1,gaussian_blur,5,0.7929,0.904,0.7555,0.4442
handpd_spiral,mobilenet_v3_large,0196-3,1,gaussian_noise,1,0.9968,0.9936,0.9789,0.9406
handpd_spiral,mobilenet_v3_large,0196-3,1,gaussian_noise,2,0.9777,0.9864,0.9429,0.8457
handpd_spiral,mobilenet_v3_large,0196-3,1,gaussian_noise,3,0.9608,0.9712,0.8827,0.8351
handpd_spiral,mobilenet_v3_large,0196-3,1,gaussian_noise,4,0.7767,0.8847,0.7278,0.4966
handpd_spiral,mobilenet_v3_large,0196-3,1,gaussian_noise,5,0.8013,0.9292,0.7663,0.5602
handpd_spiral,mobilenet_v3_large,0196-3,1,contrast,1,0.972,0.9525,0.8642,0.8027
handpd_spiral,mobilenet_v3_large,0196-3,1,contrast,2,0.9781,0.9855,0.9297,0.8196
handpd_spiral,mobilenet_v3_large,0196-3,1,contrast,3,0.9872,0.9944,0.9558,0.8578
handpd_spiral,mobilenet_v3_large,0196-3,1,contrast,4,0.9731,0.9816,0.9205,0.8236
handpd_spiral,mobilenet_v3_large,0196-3,1,contrast,5,0.9491,0.9884,0.9338,0.7786
handpd_spiral,mobilenet_v3_large,0196-3,1,brightness,1,0.8656,0.8893,0.6396,0.5916
handpd_spiral,mobilenet_v3_large,0196-3,1,brightness,2,0.8965,0.9239,0.7274,0.7088
handpd_spiral,mobilenet_v3_large,0196-3,1,brightness,3,0.9604,0.9629,0.8847,0.8269
handpd_spiral,mobilenet_v3_large,0196-3,1,brightness,4,0.5967,0.7384,0.53,0.4883
handpd_spiral,mobilenet_v3_large,0196-3,1,brightness,5,0.6195,0.7417,0.5414,0.5022
handpd_spiral,mobilenet_v3_large,0196-3,1,shadow,1,0.975,0.9577,0.8427,0.8503
handpd_spiral,mobilenet_v3_large,0196-3,1,shadow,2,0.932,0.9138,0.6995,0.7667
handpd_spiral,mobilenet_v3_large,0196-3,1,shadow,3,0.8563,0.8526,0.5887,0.6494
handpd_spiral,mobilenet_v3_large,0196-3,1,shadow,4,0.7644,0.7551,0.4945,0.5107
handpd_spiral,mobilenet_v3_large,0196-3,1,shadow,5,0.6766,0.6145,0.4574,0.4183
handpd_spiral,mobilenet_v3_large,0196-3,1,perspective,1,0.9507,0.9707,0.8702,0.7429
handpd_spiral,mobilenet_v3_large,0196-3,1,perspective,2,0.8686,0.8834,0.714,0.6509
handpd_spiral,mobilenet_v3_large,0196-3,1,perspective,3,0.8923,0.8839,0.7539,0.6799
handpd_spiral,mobilenet_v3_large,0196-3,1,perspective,4,0.7655,0.8561,0.6571,0.4881
handpd_spiral,mobilenet_v3_large,0196-3,1,perspective,5,0.632,0.684,0.5947,0.3839
handpd_spiral,mobilenet_v3_large,0196-3,1,rotation,1,0.8363,0.7616,0.6728,0.6329
handpd_spiral,mobilenet_v3_large,0196-3,1,rotation,2,0.7216,0.7468,0.6388,0.4729
handpd_spiral,mobilenet_v3_large,0196-3,1,rotation,3,0.5402,0.8035,0.6033,0.426
handpd_spiral,mobilenet_v3_large,0196-3,1,rotation,4,0.6695,0.7508,0.59,0.4941
handpd_spiral,mobilenet_v3_large,0196-3,1,rotation,5,0.2376,0.5592,0.4265,0.191
handpd_spiral,mobilenet_v3_large,0149-1,1,jpeg_compression,1,0.9976,0.9975,0.9982,0.9278
handpd_spiral,mobilenet_v3_large,0149-1,1,jpeg_compression,2,0.9956,0.9944,0.9905,0.895
handpd_spiral,mobilenet_v3_large,0149-1,1,jpeg_compression,3,0.9892,0.987,0.9842,0.878
handpd_spiral,mobilenet_v3_large,0149-1,1,jpeg_compression,4,0.9728,0.965,0.9726,0.7527
handpd_spiral,mobilenet_v3_large,0149-1,1,jpeg_compression,5,0.866,0.829,0.8373,0.596
handpd_spiral,mobilenet_v3_large,0149-1,1,gaussian_blur,1,0.9955,0.9943,0.9937,0.8736
handpd_spiral,mobilenet_v3_large,0149-1,1,gaussian_blur,2,0.9863,0.9824,0.9848,0.8209
handpd_spiral,mobilenet_v3_large,0149-1,1,gaussian_blur,3,0.9518,0.9416,0.9571,0.6785
handpd_spiral,mobilenet_v3_large,0149-1,1,gaussian_blur,4,0.93,0.9079,0.9334,0.6433
handpd_spiral,mobilenet_v3_large,0149-1,1,gaussian_blur,5,0.903,0.8712,0.9074,0.5834
handpd_spiral,mobilenet_v3_large,0149-1,1,gaussian_noise,1,0.9981,0.9974,0.9968,0.9365
handpd_spiral,mobilenet_v3_large,0149-1,1,gaussian_noise,2,0.9889,0.9818,0.9699,0.8635
handpd_spiral,mobilenet_v3_large,0149-1,1,gaussian_noise,3,0.9674,0.9586,0.9065,0.8005
handpd_spiral,mobilenet_v3_large,0149-1,1,gaussian_noise,4,0.9248,0.9085,0.9308,0.6689
handpd_spiral,mobilenet_v3_large,0149-1,1,gaussian_noise,5,0.9056,0.8659,0.8565,0.7805
handpd_spiral,mobilenet_v3_large,0149-1,1,contrast,1,0.9656,0.9565,0.9632,0.7652
handpd_spiral,mobilenet_v3_large,0149-1,1,contrast,2,0.9847,0.9772,0.9831,0.8143
handpd_spiral,mobilenet_v3_large,0149-1,1,contrast,3,0.9937,0.9895,0.9919,0.9062
handpd_spiral,mobilenet_v3_large,0149-1,1,contrast,4,0.9792,0.9761,0.9776,0.7753
handpd_spiral,mobilenet_v3_large,0149-1,1,contrast,5,0.9523,0.9522,0.9548,0.6596
handpd_spiral,mobilenet_v3_large,0149-1,1,brightness,1,0.9395,0.913,0.9496,0.7758
handpd_spiral,mobilenet_v3_large,0149-1,1,brightness,2,0.9692,0.9586,0.9717,0.7694
handpd_spiral,mobilenet_v3_large,0149-1,1,brightness,3,0.9834,0.9773,0.9856,0.8042
handpd_spiral,mobilenet_v3_large,0149-1,1,brightness,4,0.84,0.7592,0.8174,0.657
handpd_spiral,mobilenet_v3_large,0149-1,1,brightness,5,0.8202,0.7178,0.7934,0.5926
handpd_spiral,mobilenet_v3_large,0149-1,1,shadow,1,0.9912,0.9822,0.9892,0.8893
handpd_spiral,mobilenet_v3_large,0149-1,1,shadow,2,0.9717,0.9482,0.9692,0.7766
handpd_spiral,mobilenet_v3_large,0149-1,1,shadow,3,0.9555,0.9229,0.9532,0.7176
handpd_spiral,mobilenet_v3_large,0149-1,1,shadow,4,0.9048,0.8608,0.9096,0.6672
handpd_spiral,mobilenet_v3_large,0149-1,1,shadow,5,0.834,0.7884,0.8517,0.6243
handpd_spiral,mobilenet_v3_large,0149-1,1,perspective,1,0.8886,0.8796,0.9083,0.6043
handpd_spiral,mobilenet_v3_large,0149-1,1,perspective,2,0.8382,0.8359,0.8462,0.5056
handpd_spiral,mobilenet_v3_large,0149-1,1,perspective,3,0.7742,0.7972,0.8174,0.5094
handpd_spiral,mobilenet_v3_large,0149-1,1,perspective,4,0.719,0.6988,0.7492,0.5282
handpd_spiral,mobilenet_v3_large,0149-1,1,perspective,5,0.6641,0.6806,0.7569,0.4778
handpd_spiral,mobilenet_v3_large,0149-1,1,rotation,1,0.8231,0.8389,0.8564,0.5371
handpd_spiral,mobilenet_v3_large,0149-1,1,rotation,2,0.8346,0.7968,0.7972,0.5712
handpd_spiral,mobilenet_v3_large,0149-1,1,rotation,3,0.7035,0.6203,0.7031,0.4587
handpd_spiral,mobilenet_v3_large,0149-1,1,rotation,4,0.6479,0.6959,0.6676,0.4203
handpd_spiral,mobilenet_v3_large,0149-1,1,rotation,5,0.5421,0.5507,0.6529,0.346
handpd_spiral,mobilenet_v3_large,0003-2,1,jpeg_compression,1,0.9975,0.9975,0.9981,0.9345
handpd_spiral,mobilenet_v3_large,0003-2,1,jpeg_compression,2,0.9747,0.9768,0.9783,0.7875
handpd_spiral,mobilenet_v3_large,0003-2,1,jpeg_compression,3,0.9677,0.9701,0.9601,0.8151
handpd_spiral,mobilenet_v3_large,0003-2,1,jpeg_compression,4,0.9678,0.9714,0.968,0.8165
handpd_spiral,mobilenet_v3_large,0003-2,1,jpeg_compression,5,0.7624,0.7576,0.7562,0.5362
handpd_spiral,mobilenet_v3_large,0003-2,1,gaussian_blur,1,0.9895,0.9909,0.9926,0.8209
handpd_spiral,mobilenet_v3_large,0003-2,1,gaussian_blur,2,0.9574,0.9605,0.9688,0.7182
handpd_spiral,mobilenet_v3_large,0003-2,1,gaussian_blur,3,0.8946,0.8967,0.9237,0.6621
handpd_spiral,mobilenet_v3_large,0003-2,1,gaussian_blur,4,0.8598,0.8586,0.8976,0.6285
handpd_spiral,mobilenet_v3_large,0003-2,1,gaussian_blur,5,0.7966,0.7843,0.8687,0.5315
handpd_spiral,mobilenet_v3_large,0003-2,1,gaussian_noise,1,0.9975,0.9976,0.997,0.9182
handpd_spiral,mobilenet_v3_large,0003-2,1,gaussian_noise,2,0.9838,0.9839,0.9838,0.8715
handpd_spiral,mobilenet_v3_large,0003-2,1,gaussian_noise,3,0.9799,0.9833,0.9757,0.8379
handpd_spiral,mobilenet_v3_large,0003-2,1,gaussian_noise,4,0.9199,0.9419,0.8899,0.6998
handpd_spiral,mobilenet_v3_large,0003-2,1,gaussian_noise,5,0.8501,0.8571,0.8767,0.5622
handpd_spiral,mobilenet_v3_large,0003-2,1,contrast,1,0.8925,0.8899,0.921,0.6146
handpd_spiral,mobilenet_v3_large,0003-2,1,contrast,2,0.946,0.9413,0.9616,0.6467
handpd_spiral,mobilenet_v3_large,0003-2,1,contrast,3,0.9824,0.9833,0.9829,0.7848
handpd_spiral,mobilenet_v3_large,0003-2,1,contrast,4,0.9738,0.9735,0.9745,0.781
handpd_spiral,mobilenet_v3_large,0003-2,1,contrast,5,0.9492,0.9483,0.9536,0.7345
handpd_spiral,mobilenet_v3_large,0003-2,1,brightness,1,0.8738,0.8924,0.8781,0.5179
handpd_spiral,mobilenet_v3_large,0003-2,1,brightness,2,0.9434,0.9563,0.9396,0.6393
handpd_spiral,mobilenet_v3_large,0003-2,1,brightness,3,0.9776,0.9811,0.9645,0.7763
handpd_spiral,mobilenet_v3_large,0003-2,1,brightness,4,0.834,0.8521,0.8243,0.4814
handpd_spiral,mobilenet_v3_large,0003-2,1,brightness,5,0.8568,0.869,0.8113,0.5351
handpd_spiral,mobilenet_v3_large,0003-2,1,shadow,1,0.9815,0.9821,0.9806,0.8236
handpd_spiral,mobilenet_v3_large,0003-2,1,shadow,2,0.9274,0.9392,0.9293,0.7008
handpd_spiral,mobilenet_v3_large,0003-2,1,shadow,3,0.8284,0.8626,0.8725,0.5846
handpd_spiral,mobilenet_v3_large,0003-2,1,shadow,4,0.7144,0.7767,0.8322,0.5073
handpd_spiral,mobilenet_v3_large,0003-2,1,shadow,5,0.6355,0.7074,0.7981,0.3927
handpd_spiral,mobilenet_v3_large,0003-2,1,perspective,1,0.8837,0.884,0.8474,0.5521
handpd_spiral,mobilenet_v3_large,0003-2,1,perspective,2,0.8005,0.8192,0.7009,0.4498
handpd_spiral,mobilenet_v3_large,0003-2,1,perspective,3,0.7858,0.7863,0.7692,0.4542
handpd_spiral,mobilenet_v3_large,0003-2,1,perspective,4,0.7104,0.7177,0.7195,0.4983
handpd_spiral,mobilenet_v3_large,0003-2,1,perspective,5,0.7086,0.7182,0.7051,0.5123
handpd_spiral,mobilenet_v3_large,0003-2,1,rotation,1,0.8064,0.8208,0.8101,0.6491
handpd_spiral,mobilenet_v3_large,0003-2,1,rotation,2,0.7789,0.7976,0.7812,0.4629
handpd_spiral,mobilenet_v3_large,0003-2,1,rotation,3,0.6465,0.6365,0.6775,0.4627
handpd_spiral,mobilenet_v3_large,0003-2,1,rotation,4,0.6677,0.6822,0.7128,0.2975
handpd_spiral,mobilenet_v3_large,0003-2,1,rotation,5,0.469,0.4884,0.6093,0.2296
