dataset,model,image,y_true,corruption,level,pearson_clean,spearman_clean,ssim_clean,iou_top20_clean
handpd_meander,resnet50,0305-8,0,jpeg_compression,1,0.9915,0.9812,0.9584,0.8997
handpd_meander,resnet50,0305-8,0,jpeg_compression,2,0.9156,0.9188,0.7746,0.7744
handpd_meander,resnet50,0305-8,0,jpeg_compression,3,0.9644,0.9146,0.8562,0.7913
handpd_meander,resnet50,0305-8,0,jpeg_compression,4,0.8243,0.8271,0.6526,0.6951
handpd_meander,resnet50,0305-8,0,jpeg_compression,5,0.7766,0.7031,0.4756,0.5414
handpd_meander,resnet50,0305-8,0,gaussian_blur,1,0.9922,0.9683,0.9483,0.8905
handpd_meander,resnet50,0305-8,0,gaussian_blur,2,0.9801,0.9404,0.9107,0.8929
handpd_meander,resnet50,0305-8,0,gaussian_blur,3,0.9408,0.8824,0.8538,0.8242
handpd_meander,resnet50,0305-8,0,gaussian_blur,4,0.888,0.812,0.7939,0.7661
handpd_meander,resnet50,0305-8,0,gaussian_blur,5,0.8178,0.7643,0.748,0.662
handpd_meander,resnet50,0305-8,0,gaussian_noise,1,0.9911,0.9864,0.9783,0.8875
handpd_meander,resnet50,0305-8,0,gaussian_noise,2,0.9684,0.9486,0.8917,0.8856
handpd_meander,resnet50,0305-8,0,gaussian_noise,3,0.9493,0.888,0.7735,0.7122
handpd_meander,resnet50,0305-8,0,gaussian_noise,4,0.9139,0.7385,0.7404,0.6448
handpd_meander,resnet50,0305-8,0,gaussian_noise,5,0.9124,0.7787,0.7657,0.6697
handpd_meander,resnet50,0305-8,0,contrast,1,0.856,0.8349,0.7397,0.6574
handpd_meander,resnet50,0305-8,0,contrast,2,0.9602,0.9141,0.8337,0.7973
handpd_meander,resnet50,0305-8,0,contrast,3,0.9887,0.963,0.9315,0.875
handpd_meander,resnet50,0305-8,0,contrast,4,0.9406,0.8171,0.8359,0.7861
handpd_meander,resnet50,0305-8,0,contrast,5,0.9313,0.804,0.8358,0.7574
handpd_meander,resnet50,0305-8,0,brightness,1,0.9319,0.7562,0.7211,0.7068
handpd_meander,resnet50,0305-8,0,brightness,2,0.9489,0.8726,0.8266,0.7886
handpd_meander,resnet50,0305-8,0,brightness,3,0.9518,0.9014,0.8783,0.7997
handpd_meander,resnet50,0305-8,0,brightness,4,0.4517,0.6128,0.5404,0.342
handpd_meander,resnet50,0305-8,0,brightness,5,0.5257,0.6138,0.578,0.4369
handpd_meander,resnet50,0305-8,0,shadow,1,0.9693,0.9426,0.9117,0.8221
handpd_meander,resnet50,0305-8,0,shadow,2,0.9403,0.9227,0.8597,0.7745
handpd_meander,resnet50,0305-8,0,shadow,3,0.921,0.8779,0.8141,0.6436
handpd_meander,resnet50,0305-8,0,shadow,4,0.9071,0.8337,0.7602,0.5782
handpd_meander,resnet50,0305-8,0,shadow,5,0.8814,0.7985,0.7049,0.5479
handpd_meander,resnet50,0305-8,0,perspective,1,0.7916,0.6701,0.667,0.5045
handpd_meander,resnet50,0305-8,0,perspective,2,0.7949,0.7759,0.7116,0.4495
handpd_meander,resnet50,0305-8,0,perspective,3,0.8491,0.7376,0.7036,0.6421
handpd_meander,resnet50,0305-8,0,perspective,4,0.4735,0.5586,0.6034,0.3142
handpd_meander,resnet50,0305-8,0,perspective,5,0.3487,0.39,0.444,0.2323
handpd_meander,resnet50,0305-8,0,rotation,1,0.8121,0.6805,0.6279,0.5797
handpd_meander,resnet50,0305-8,0,rotation,2,0.1877,0.1224,0.4092,0.164
handpd_meander,resnet50,0305-8,0,rotation,3,0.5512,0.4996,0.4482,0.4169
handpd_meander,resnet50,0305-8,0,rotation,4,-0.0178,0.1553,0.381,0.0908
handpd_meander,resnet50,0305-8,0,rotation,5,0.3537,0.5641,0.476,0.2725
handpd_meander,resnet50,0102-6,0,jpeg_compression,1,0.6093,0.7915,0.7316,0.5557
handpd_meander,resnet50,0102-6,0,jpeg_compression,2,0.658,0.7462,0.7358,0.6083
handpd_meander,resnet50,0102-6,0,jpeg_compression,3,0.5934,0.8522,0.8047,0.7017
handpd_meander,resnet50,0102-6,0,jpeg_compression,4,0.6081,0.626,0.6991,0.4976
handpd_meander,resnet50,0102-6,0,jpeg_compression,5,0.6305,0.8294,0.768,0.6521
handpd_meander,resnet50,0102-6,0,gaussian_blur,1,0.9734,0.9298,0.9128,0.8481
handpd_meander,resnet50,0102-6,0,gaussian_blur,2,0.9253,0.8521,0.8089,0.7069
handpd_meander,resnet50,0102-6,0,gaussian_blur,3,0.7586,0.7819,0.7826,0.4783
handpd_meander,resnet50,0102-6,0,gaussian_blur,4,0.71,0.6345,0.7036,0.4999
handpd_meander,resnet50,0102-6,0,gaussian_blur,5,0.7708,0.6191,0.6893,0.5152
handpd_meander,resnet50,0102-6,0,gaussian_noise,1,0.9794,0.9981,0.9555,0.906
handpd_meander,resnet50,0102-6,0,gaussian_noise,2,0.4289,0.619,0.6922,0.3198
handpd_meander,resnet50,0102-6,0,gaussian_noise,3,0.503,0.6982,0.7392,0.4937
handpd_meander,resnet50,0102-6,0,gaussian_noise,4,0.7467,0.8341,0.7404,0.6073
handpd_meander,resnet50,0102-6,0,gaussian_noise,5,0.8354,0.9193,0.839,0.6977
handpd_meander,resnet50,0102-6,0,contrast,1,0.8484,0.8005,0.7781,0.6364
handpd_meander,resnet50,0102-6,0,contrast,2,0.8868,0.9606,0.8702,0.7072
handpd_meander,resnet50,0102-6,0,contrast,3,0.9109,0.9663,0.9257,0.845
handpd_meander,resnet50,0102-6,0,contrast,4,0.8015,0.7158,0.7117,0.6726
handpd_meander,resnet50,0102-6,0,contrast,5,0.8584,0.7793,0.8223,0.7483
handpd_meander,resnet50,0102-6,0,brightness,1,0.7919,0.8294,0.7175,0.6326
handpd_meander,resnet50,0102-6,0,brightness,2,0.711,0.8065,0.7579,0.6082
handpd_meander,resnet50,0102-6,0,brightness,3,0.6985,0.7579,0.7183,0.6784
handpd_meander,resnet50,0102-6,0,brightness,4,0.2676,0.4742,0.641,0.5573
handpd_meander,resnet50,0102-6,0,brightness,5,0.4433,0.6686,0.6747,0.551
handpd_meander,resnet50,0102-6,0,shadow,1,0.7371,0.9216,0.7992,0.6981
handpd_meander,resnet50,0102-6,0,shadow,2,0.6251,0.8684,0.7617,0.5677
handpd_meander,resnet50,0102-6,0,shadow,3,0.5911,0.5857,0.6315,0.3909
handpd_meander,resnet50,0102-6,0,shadow,4,0.5922,0.6606,0.6301,0.425
handpd_meander,resnet50,0102-6,0,shadow,5,0.5294,0.6852,0.6461,0.4274
handpd_meander,resnet50,0102-6,0,perspective,1,0.3787,0.6574,0.6734,0.3052
handpd_meander,resnet50,0102-6,0,perspective,2,0.7134,0.8705,0.7038,0.6548
handpd_meander,resnet50,0102-6,0,perspective,3,0.3034,0.6428,0.6329,0.4222
handpd_meander,resnet50,0102-6,0,perspective,4,0.2933,0.607,0.6133,0.374
handpd_meander,resnet50,0102-6,0,perspective,5,0.2882,0.538,0.5836,0.351
handpd_meander,resnet50,0102-6,0,rotation,1,0.1632,0.4824,0.6209,0.2238
handpd_meander,resnet50,0102-6,0,rotation,2,0.1898,0.1257,0.479,0.2684
handpd_meander,resnet50,0102-6,0,rotation,3,0.4936,0.5109,0.5644,0.3751
handpd_meander,resnet50,0102-6,0,rotation,4,0.0,0.0659,0.4509,0.1372
handpd_meander,resnet50,0102-6,0,rotation,5,0.0596,0.1899,0.5145,0.177
handpd_meander,resnet50,0297-7,0,jpeg_compression,1,0.9861,0.9638,0.8847,0.9136
handpd_meander,resnet50,0297-7,0,jpeg_compression,2,0.9782,0.8993,0.8136,0.8645
handpd_meander,resnet50,0297-7,0,jpeg_compression,3,0.9751,0.8923,0.8173,0.7627
handpd_meander,resnet50,0297-7,0,jpeg_compression,4,0.9538,0.8719,0.7451,0.7777
handpd_meander,resnet50,0297-7,0,jpeg_compression,5,0.9464,0.7759,0.7436,0.7232
handpd_meander,resnet50,0297-7,0,gaussian_blur,1,0.9938,0.9847,0.955,0.9232
handpd_meander,resnet50,0297-7,0,gaussian_blur,2,0.9723,0.8992,0.8139,0.7948
handpd_meander,resnet50,0297-7,0,gaussian_blur,3,0.9057,0.8092,0.6785,0.649
handpd_meander,resnet50,0297-7,0,gaussian_blur,4,0.8657,0.7207,0.5998,0.5867
handpd_meander,resnet50,0297-7,0,gaussian_blur,5,0.8341,0.671,0.5176,0.4858
handpd_meander,resnet50,0297-7,0,gaussian_noise,1,0.9957,0.9942,0.9807,0.9156
handpd_meander,resnet50,0297-7,0,gaussian_noise,2,0.9838,0.8885,0.8716,0.8852
handpd_meander,resnet50,0297-7,0,gaussian_noise,3,0.9488,0.9363,0.8392,0.8551
handpd_meander,resnet50,0297-7,0,gaussian_noise,4,0.8452,0.9062,0.7004,0.5455
handpd_meander,resnet50,0297-7,0,gaussian_noise,5,0.9296,0.8951,0.7839,0.7216
handpd_meander,resnet50,0297-7,0,contrast,1,0.9643,0.902,0.8163,0.7656
handpd_meander,resnet50,0297-7,0,contrast,2,0.974,0.9144,0.8476,0.7998
handpd_meander,resnet50,0297-7,0,contrast,3,0.9856,0.9633,0.9147,0.8426
handpd_meander,resnet50,0297-7,0,contrast,4,0.9696,0.9858,0.8841,0.875
handpd_meander,resnet50,0297-7,0,contrast,5,0.9222,0.9505,0.8007,0.765
handpd_meander,resnet50,0297-7,0,brightness,1,0.8722,0.8979,0.7596,0.6885
handpd_meander,resnet50,0297-7,0,brightness,2,0.9584,0.8945,0.8247,0.7904
handpd_meander,resnet50,0297-7,0,brightness,3,0.9761,0.957,0.8995,0.8189
handpd_meander,resnet50,0297-7,0,brightness,4,0.6966,0.5732,0.5312,0.3534
handpd_meander,resnet50,0297-7,0,brightness,5,0.6741,0.5778,0.5391,0.3568
handpd_meander,resnet50,0297-7,0,shadow,1,0.9853,0.9649,0.9299,0.8782
handpd_meander,resnet50,0297-7,0,shadow,2,0.9824,0.9665,0.9106,0.8773
handpd_meander,resnet50,0297-7,0,shadow,3,0.9757,0.9287,0.88,0.8539
handpd_meander,resnet50,0297-7,0,shadow,4,0.9504,0.9206,0.8368,0.7733
handpd_meander,resnet50,0297-7,0,shadow,5,0.9291,0.9013,0.7936,0.7202
handpd_meander,resnet50,0297-7,0,perspective,1,0.9395,0.7861,0.7337,0.7934
handpd_meander,resnet50,0297-7,0,perspective,2,0.7101,0.5703,0.5755,0.3604
handpd_meander,resnet50,0297-7,0,perspective,3,0.8168,0.4796,0.5414,0.3477
handpd_meander,resnet50,0297-7,0,perspective,4,0.8282,0.6421,0.5827,0.494
handpd_meander,resnet50,0297-7,0,perspective,5,0.4712,0.6288,0.5396,0.3358
handpd_meander,resnet50,0297-7,0,rotation,1,0.4281,0.6838,0.5498,0.3779
handpd_meander,resnet50,0297-7,0,rotation,2,0.6313,0.1675,0.4227,0.2984
handpd_meander,resnet50,0297-7,0,rotation,3,0.0691,0.2064,0.4145,0.2111
handpd_meander,resnet50,0297-7,0,rotation,4,0.4142,0.3142,0.4628,0.2714
handpd_meander,resnet50,0297-7,0,rotation,5,0.6018,0.5331,0.5223,0.3603
handpd_meander,resnet50,0102-5,0,jpeg_compression,1,0.9838,0.8988,0.9182,0.8462
handpd_meander,resnet50,0102-5,0,jpeg_compression,2,0.935,0.8851,0.8756,0.7167
handpd_meander,resnet50,0102-5,0,jpeg_compression,3,0.8724,0.7573,0.8323,0.5321
handpd_meander,resnet50,0102-5,0,jpeg_compression,4,0.922,0.9024,0.8991,0.8115
handpd_meander,resnet50,0102-5,0,jpeg_compression,5,0.5146,0.6449,0.7612,0.3925
handpd_meander,resnet50,0102-5,0,gaussian_blur,1,0.9901,0.9334,0.9438,0.8388
handpd_meander,resnet50,0102-5,0,gaussian_blur,2,0.9717,0.9233,0.9105,0.8047
handpd_meander,resnet50,0102-5,0,gaussian_blur,3,0.9201,0.9594,0.909,0.7929
handpd_meander,resnet50,0102-5,0,gaussian_blur,4,0.8815,0.9564,0.9038,0.8011
handpd_meander,resnet50,0102-5,0,gaussian_blur,5,0.8528,0.9573,0.8798,0.8068
handpd_meander,resnet50,0102-5,0,gaussian_noise,1,0.9977,0.9682,0.9806,0.9322
handpd_meander,resnet50,0102-5,0,gaussian_noise,2,0.9781,0.9047,0.9347,0.8812
handpd_meander,resnet50,0102-5,0,gaussian_noise,3,0.973,0.9561,0.9208,0.8601
handpd_meander,resnet50,0102-5,0,gaussian_noise,4,0.9234,0.9674,0.9131,0.834
handpd_meander,resnet50,0102-5,0,gaussian_noise,5,0.887,0.7405,0.7649,0.6377
handpd_meander,resnet50,0102-5,0,contrast,1,0.8878,0.7727,0.8185,0.7395
handpd_meander,resnet50,0102-5,0,contrast,2,0.9518,0.9377,0.9065,0.8037
handpd_meander,resnet50,0102-5,0,contrast,3,0.9895,0.9733,0.9732,0.8601
handpd_meander,resnet50,0102-5,0,contrast,4,0.951,0.9146,0.8752,0.781
handpd_meander,resnet50,0102-5,0,contrast,5,0.7708,0.8969,0.8027,0.6408
handpd_meander,resnet50,0102-5,0,brightness,1,0.6464,0.8717,0.8157,0.5473
handpd_meander,resnet50,0102-5,0,brightness,2,0.9196,0.9217,0.8354,0.8158
handpd_meander,resnet50,0102-5,0,brightness,3,0.9869,0.969,0.9408,0.875
handpd_meander,resnet50,0102-5,0,brightness,4,0.6814,0.6269,0.7575,0.4186
handpd_meander,resnet50,0102-5,0,brightness,5,0.7301,0.6301,0.7909,0.4186
handpd_meander,resnet50,0102-5,0,shadow,1,0.9892,0.9664,0.9604,0.9208
handpd_meander,resnet50,0102-5,0,shadow,2,0.9174,0.9607,0.884,0.8409
handpd_meander,resnet50,0102-5,0,shadow,3,0.8816,0.9239,0.8728,0.8219
handpd_meander,resnet50,0102-5,0,shadow,4,0.8178,0.8544,0.8493,0.7733
handpd_meander,resnet50,0102-5,0,shadow,5,0.8105,0.8489,0.8345,0.7576
handpd_meander,resnet50,0102-5,0,perspective,1,0.6523,0.7948,0.807,0.4654
handpd_meander,resnet50,0102-5,0,perspective,2,0.8094,0.8908,0.8291,0.5148
handpd_meander,resnet50,0102-5,0,perspective,3,0.7069,0.5171,0.7747,0.4314
handpd_meander,resnet50,0102-5,0,perspective,4,0.6502,0.5937,0.763,0.4314
handpd_meander,resnet50,0102-5,0,perspective,5,0.7932,0.6485,0.7321,0.4314
handpd_meander,resnet50,0102-5,0,rotation,1,0.9251,0.6806,0.8417,0.5889
handpd_meander,resnet50,0102-5,0,rotation,2,0.6678,0.4919,0.7271,0.4233
handpd_meander,resnet50,0102-5,0,rotation,3,0.6872,0.7372,0.7414,0.5465
handpd_meander,resnet50,0102-5,0,rotation,4,0.8464,0.5622,0.7255,0.4314
handpd_meander,resnet50,0102-5,0,rotation,5,0.1434,0.3812,0.6384,0.2654
handpd_meander,resnet50,0129-6,0,jpeg_compression,1,0.6199,0.8178,0.686,0.5544
handpd_meander,resnet50,0129-6,0,jpeg_compression,2,0.3887,0.3215,0.5831,0.3638
handpd_meander,resnet50,0129-6,0,jpeg_compression,3,nan,nan,0.5578,0.3562
handpd_meander,resnet50,0129-6,0,jpeg_compression,4,0.3887,0.3215,0.5831,0.3638
handpd_meander,resnet50,0129-6,0,jpeg_compression,5,0.5333,0.7093,0.6855,0.4035
handpd_meander,resnet50,0129-6,0,gaussian_blur,1,0.8886,0.8839,0.8292,0.8055
handpd_meander,resnet50,0129-6,0,gaussian_blur,2,0.7546,0.8082,0.763,0.6171
handpd_meander,resnet50,0129-6,0,gaussian_blur,3,0.6623,0.7692,0.7237,0.525
handpd_meander,resnet50,0129-6,0,gaussian_blur,4,0.6093,0.7201,0.6776,0.4617
handpd_meander,resnet50,0129-6,0,gaussian_blur,5,0.5718,0.6636,0.6554,0.4315
handpd_meander,resnet50,0129-6,0,gaussian_noise,1,0.9558,0.9413,0.8965,0.7955
handpd_meander,resnet50,0129-6,0,gaussian_noise,2,0.7912,0.8436,0.7156,0.5357
handpd_meander,resnet50,0129-6,0,gaussian_noise,3,0.4888,0.725,0.6517,0.3757
handpd_meander,resnet50,0129-6,0,gaussian_noise,4,0.7898,0.8431,0.7664,0.6374
handpd_meander,resnet50,0129-6,0,gaussian_noise,5,0.3269,0.6255,0.6334,0.3358
handpd_meander,resnet50,0129-6,0,contrast,1,0.7959,0.7238,0.7372,0.5787
handpd_meander,resnet50,0129-6,0,contrast,2,0.9303,0.9351,0.85,0.7037
handpd_meander,resnet50,0129-6,0,contrast,3,0.9847,0.9429,0.9282,0.8893
handpd_meander,resnet50,0129-6,0,contrast,4,0.7468,0.7806,0.6701,0.5045
handpd_meander,resnet50,0129-6,0,contrast,5,0.7324,0.7421,0.6885,0.498
handpd_meander,resnet50,0129-6,0,brightness,1,0.7681,0.867,0.7109,0.539
handpd_meander,resnet50,0129-6,0,brightness,2,0.8078,0.8372,0.7538,0.577
handpd_meander,resnet50,0129-6,0,brightness,3,0.8235,0.8625,0.8136,0.623
handpd_meander,resnet50,0129-6,0,brightness,4,0.3369,0.1931,0.5619,0.3483
handpd_meander,resnet50,0129-6,0,brightness,5,0.3565,0.1943,0.5679,0.3483
handpd_meander,resnet50,0129-6,0,shadow,1,0.9446,0.9186,0.8598,0.785
handpd_meander,resnet50,0129-6,0,shadow,2,0.8714,0.8877,0.8262,0.7375
handpd_meander,resnet50,0129-6,0,shadow,3,0.743,0.8699,0.7504,0.5906
handpd_meander,resnet50,0129-6,0,shadow,4,0.682,0.7808,0.7032,0.4676
handpd_meander,resnet50,0129-6,0,shadow,5,0.658,0.7816,0.6986,0.4868
handpd_meander,resnet50,0129-6,0,perspective,1,0.0827,0.2482,0.5344,0.2158
handpd_meander,resnet50,0129-6,0,perspective,2,0.2646,0.4791,0.5467,0.3032
handpd_meander,resnet50,0129-6,0,perspective,3,0.2961,0.3477,0.5328,0.2746
handpd_meander,resnet50,0129-6,0,perspective,4,0.0213,0.26,0.5196,0.1597
handpd_meander,resnet50,0129-6,0,perspective,5,0.0257,0.1757,0.5053,0.16
handpd_meander,resnet50,0129-6,0,rotation,1,0.4166,0.4266,0.5758,0.3262
handpd_meander,resnet50,0129-6,0,rotation,2,0.0093,0.1203,0.5169,0.1579
handpd_meander,resnet50,0129-6,0,rotation,3,0.2097,0.4274,0.5459,0.2843
handpd_meander,resnet50,0129-6,0,rotation,4,0.1612,0.1325,0.5507,0.2224
handpd_meander,resnet50,0129-6,0,rotation,5,-0.0044,0.0302,0.4817,0.2125
handpd_meander,resnet50,0024-8,1,jpeg_compression,1,0.9633,0.9531,0.8897,0.747
handpd_meander,resnet50,0024-8,1,jpeg_compression,2,0.9405,0.9121,0.8275,0.6846
handpd_meander,resnet50,0024-8,1,jpeg_compression,3,0.9359,0.9239,0.7863,0.6491
handpd_meander,resnet50,0024-8,1,jpeg_compression,4,0.9079,0.9069,0.6973,0.5581
handpd_meander,resnet50,0024-8,1,jpeg_compression,5,0.7663,0.7934,0.5041,0.4106
handpd_meander,resnet50,0024-8,1,gaussian_blur,1,0.9841,0.9859,0.9647,0.8649
handpd_meander,resnet50,0024-8,1,gaussian_blur,2,0.9352,0.9438,0.8992,0.674
handpd_meander,resnet50,0024-8,1,gaussian_blur,3,0.8396,0.8612,0.7809,0.4738
handpd_meander,resnet50,0024-8,1,gaussian_blur,4,0.8299,0.8577,0.7541,0.4702
handpd_meander,resnet50,0024-8,1,gaussian_blur,5,0.821,0.8493,0.7493,0.4553
handpd_meander,resnet50,0024-8,1,gaussian_noise,1,0.9884,0.9834,0.9662,0.8364
handpd_meander,resnet50,0024-8,1,gaussian_noise,2,0.9631,0.9505,0.8572,0.7672
handpd_meander,resnet50,0024-8,1,gaussian_noise,3,0.8993,0.9094,0.823,0.6096
handpd_meander,resnet50,0024-8,1,gaussian_noise,4,0.9045,0.9053,0.7429,0.6771
handpd_meander,resnet50,0024-8,1,gaussian_noise,5,0.9049,0.8734,0.7972,0.5879
handpd_meander,resnet50,0024-8,1,contrast,1,0.7542,0.8067,0.7462,0.3815
handpd_meander,resnet50,0024-8,1,contrast,2,0.8774,0.9111,0.8313,0.5366
handpd_meander,resnet50,0024-8,1,contrast,3,0.9675,0.9754,0.9466,0.7607
handpd_meander,resnet50,0024-8,1,contrast,4,0.9874,0.983,0.9529,0.8408
handpd_meander,resnet50,0024-8,1,contrast,5,0.969,0.9728,0.9444,0.7571
handpd_meander,resnet50,0024-8,1,brightness,1,0.8786,0.9339,0.7574,0.5378
handpd_meander,resnet50,0024-8,1,brightness,2,0.949,0.9447,0.8296,0.7238
handpd_meander,resnet50,0024-8,1,brightness,3,0.9794,0.9755,0.9087,0.8284
handpd_meander,resnet50,0024-8,1,brightness,4,0.7439,0.7835,0.3937,0.5149
handpd_meander,resnet50,0024-8,1,brightness,5,0.7516,0.7784,0.3598,0.5383
handpd_meander,resnet50,0024-8,1,shadow,1,0.9903,0.9891,0.9699,0.9073
handpd_meander,resnet50,0024-8,1,shadow,2,0.9345,0.9633,0.8598,0.7635
handpd_meander,resnet50,0024-8,1,shadow,3,0.912,0.9235,0.7533,0.6753
handpd_meander,resnet50,0024-8,1,shadow,4,0.932,0.9236,0.7739,0.7074
handpd_meander,resnet50,0024-8,1,shadow,5,0.914,0.9008,0.7529,0.681
handpd_meander,resnet50,0024-8,1,perspective,1,0.9635,0.9327,0.8715,0.8021
handpd_meander,resnet50,0024-8,1,perspective,2,0.8729,0.7793,0.7359,0.7214
handpd_meander,resnet50,0024-8,1,perspective,3,0.8542,0.784,0.6665,0.674
handpd_meander,resnet50,0024-8,1,perspective,4,0.6638,0.6415,0.5259,0.5091
handpd_meander,resnet50,0024-8,1,perspective,5,0.1621,0.3852,0.4657,0.2949
handpd_meander,resnet50,0024-8,1,rotation,1,0.7758,0.7566,0.599,0.4633
handpd_meander,resnet50,0024-8,1,rotation,2,0.6582,0.5785,0.5456,0.4545
handpd_meander,resnet50,0024-8,1,rotation,3,0.5757,0.6731,0.4553,0.3072
handpd_meander,resnet50,0024-8,1,rotation,4,0.4097,0.4102,0.3971,0.3361
handpd_meander,resnet50,0024-8,1,rotation,5,0.1267,0.3197,0.3113,0.1466
handpd_meander,resnet50,0181-8,1,jpeg_compression,1,0.989,0.981,0.9227,0.8792
handpd_meander,resnet50,0181-8,1,jpeg_compression,2,0.9621,0.941,0.8269,0.7502
handpd_meander,resnet50,0181-8,1,jpeg_compression,3,0.9234,0.929,0.7878,0.5844
handpd_meander,resnet50,0181-8,1,jpeg_compression,4,0.8923,0.8975,0.7339,0.5883
handpd_meander,resnet50,0181-8,1,jpeg_compression,5,0.7491,0.7874,0.5825,0.4285
handpd_meander,resnet50,0181-8,1,gaussian_blur,1,0.9776,0.9728,0.9354,0.7777
handpd_meander,resnet50,0181-8,1,gaussian_blur,2,0.9369,0.9376,0.895,0.6376
handpd_meander,resnet50,0181-8,1,gaussian_blur,3,0.9227,0.9303,0.9001,0.6381
handpd_meander,resnet50,0181-8,1,gaussian_blur,4,0.8943,0.9134,0.8499,0.5703
handpd_meander,resnet50,0181-8,1,gaussian_blur,5,0.8484,0.8821,0.803,0.5079
handpd_meander,resnet50,0181-8,1,gaussian_noise,1,0.9909,0.9878,0.9667,0.8739
handpd_meander,resnet50,0181-8,1,gaussian_noise,2,0.929,0.942,0.8377,0.6732
handpd_meander,resnet50,0181-8,1,gaussian_noise,3,0.9554,0.9573,0.8655,0.6938
handpd_meander,resnet50,0181-8,1,gaussian_noise,4,0.8704,0.8942,0.8026,0.5194
handpd_meander,resnet50,0181-8,1,gaussian_noise,5,0.8183,0.8842,0.7746,0.4888
handpd_meander,resnet50,0181-8,1,contrast,1,0.8327,0.9016,0.6732,0.546
handpd_meander,resnet50,0181-8,1,contrast,2,0.9396,0.9604,0.8147,0.7229
handpd_meander,resnet50,0181-8,1,contrast,3,0.9691,0.9779,0.9137,0.8031
handpd_meander,resnet50,0181-8,1,contrast,4,0.8738,0.9205,0.8456,0.6015
handpd_meander,resnet50,0181-8,1,contrast,5,0.7991,0.8837,0.7882,0.5366
handpd_meander,resnet50,0181-8,1,brightness,1,0.7613,0.8575,0.6623,0.3438
handpd_meander,resnet50,0181-8,1,brightness,2,0.8625,0.9205,0.7188,0.5284
handpd_meander,resnet50,0181-8,1,brightness,3,0.9358,0.9534,0.8278,0.689
handpd_meander,resnet50,0181-8,1,brightness,4,0.6928,0.5819,0.4207,0.5365
handpd_meander,resnet50,0181-8,1,brightness,5,0.7595,0.7111,0.5513,0.5744
handpd_meander,resnet50,0181-8,1,shadow,1,0.9649,0.9647,0.8844,0.7835
handpd_meander,resnet50,0181-8,1,shadow,2,0.9176,0.9274,0.7958,0.7011
handpd_meander,resnet50,0181-8,1,shadow,3,0.9118,0.9091,0.7618,0.6731
handpd_meander,resnet50,0181-8,1,shadow,4,0.9145,0.8682,0.737,0.6942
handpd_meander,resnet50,0181-8,1,shadow,5,0.8937,0.8364,0.7265,0.649
handpd_meander,resnet50,0181-8,1,perspective,1,0.8603,0.8527,0.7374,0.5634
handpd_meander,resnet50,0181-8,1,perspective,2,0.8326,0.7679,0.6593,0.6014
handpd_meander,resnet50,0181-8,1,perspective,3,0.5858,0.5736,0.5447,0.4327
handpd_meander,resnet50,0181-8,1,perspective,4,0.4933,0.585,0.4516,0.4081
handpd_meander,resnet50,0181-8,1,perspective,5,0.3413,0.406,0.3861,0.3109
handpd_meander,resnet50,0181-8,1,rotation,1,0.7702,0.7748,0.6008,0.4904
handpd_meander,resnet50,0181-8,1,rotation,2,0.3779,0.4191,0.3669,0.3043
handpd_meander,resnet50,0181-8,1,rotation,3,0.4049,0.4717,0.4459,0.1961
handpd_meander,resnet50,0181-8,1,rotation,4,0.1334,0.0257,0.1797,0.2272
handpd_meander,resnet50,0181-8,1,rotation,5,0.4524,0.4104,0.3021,0.3121
handpd_meander,resnet50,0138-7,1,jpeg_compression,1,0.9791,0.9389,0.9001,0.8431
handpd_meander,resnet50,0138-7,1,jpeg_compression,2,0.9397,0.8343,0.81,0.7013
handpd_meander,resnet50,0138-7,1,jpeg_compression,3,0.9389,0.8319,0.7814,0.6813
handpd_meander,resnet50,0138-7,1,jpeg_compression,4,0.9095,0.8326,0.8008,0.7501
handpd_meander,resnet50,0138-7,1,jpeg_compression,5,0.6479,0.7029,0.6444,0.4352
handpd_meander,resnet50,0138-7,1,gaussian_blur,1,0.988,0.9579,0.932,0.8865
handpd_meander,resnet50,0138-7,1,gaussian_blur,2,0.9776,0.9466,0.8965,0.8178
handpd_meander,resnet50,0138-7,1,gaussian_blur,3,0.9406,0.9501,0.8657,0.7851
handpd_meander,resnet50,0138-7,1,gaussian_blur,4,0.9094,0.955,0.8251,0.7139
handpd_meander,resnet50,0138-7,1,gaussian_blur,5,0.8482,0.9319,0.7689,0.618
handpd_meander,resnet50,0138-7,1,gaussian_noise,1,0.9932,0.9961,0.9771,0.8773
handpd_meander,resnet50,0138-7,1,gaussian_noise,2,0.8979,0.9227,0.8601,0.6795
handpd_meander,resnet50,0138-7,1,gaussian_noise,3,0.9458,0.9275,0.8535,0.6763
handpd_meander,resnet50,0138-7,1,gaussian_noise,4,0.8093,0.7953,0.7391,0.5125
handpd_meander,resnet50,0138-7,1,gaussian_noise,5,0.8487,0.8251,0.7091,0.5813
handpd_meander,resnet50,0138-7,1,contrast,1,0.8752,0.8091,0.7465,0.6436
handpd_meander,resnet50,0138-7,1,contrast,2,0.9567,0.8946,0.8373,0.7354
handpd_meander,resnet50,0138-7,1,contrast,3,0.9769,0.9013,0.8816,0.8216
handpd_meander,resnet50,0138-7,1,contrast,4,0.8943,0.9484,0.8411,0.6169
handpd_meander,resnet50,0138-7,1,contrast,5,0.8796,0.9374,0.8329,0.6256
handpd_meander,resnet50,0138-7,1,brightness,1,0.7249,0.8142,0.7638,0.5115
handpd_meander,resnet50,0138-7,1,brightness,2,0.9569,0.8985,0.8657,0.7216
handpd_meander,resnet50,0138-7,1,brightness,3,0.965,0.934,0.9002,0.7775
handpd_meander,resnet50,0138-7,1,brightness,4,0.6539,0.7376,0.6869,0.3644
handpd_meander,resnet50,0138-7,1,brightness,5,0.6495,0.6313,0.6791,0.3734
handpd_meander,resnet50,0138-7,1,shadow,1,0.989,0.9329,0.9066,0.8829
handpd_meander,resnet50,0138-7,1,shadow,2,0.9693,0.929,0.8784,0.7944
handpd_meander,resnet50,0138-7,1,shadow,3,0.95,0.9226,0.8575,0.6037
handpd_meander,resnet50,0138-7,1,shadow,4,0.9392,0.8731,0.8174,0.5823
handpd_meander,resnet50,0138-7,1,shadow,5,0.8408,0.7617,0.7092,0.4585
handpd_meander,resnet50,0138-7,1,perspective,1,0.8162,0.9178,0.8021,0.4913
handpd_meander,resnet50,0138-7,1,perspective,2,0.8121,0.9095,0.7714,0.4941
handpd_meander,resnet50,0138-7,1,perspective,3,0.7275,0.837,0.664,0.3793
handpd_meander,resnet50,0138-7,1,perspective,4,0.3079,0.703,0.6566,0.3292
handpd_meander,resnet50,0138-7,1,perspective,5,0.3297,0.5088,0.6234,0.3128
handpd_meander,resnet50,0138-7,1,rotation,1,0.8958,0.7994,0.8018,0.6372
handpd_meander,resnet50,0138-7,1,rotation,2,0.14,0.6212,0.5673,0.2002
handpd_meander,resnet50,0138-7,1,rotation,3,0.7245,0.6141,0.6664,0.5024
handpd_meander,resnet50,0138-7,1,rotation,4,0.1967,0.657,0.6058,0.2448
handpd_meander,resnet50,0138-7,1,rotation,5,0.0387,0.3056,0.4956,0.2087
handpd_meander,resnet50,0038-5,1,jpeg_compression,1,0.9915,0.977,0.93,0.9131
handpd_meander,resnet50,0038-5,1,jpeg_compression,2,0.9563,0.9067,0.8776,0.7805
handpd_meander,resnet50,0038-5,1,jpeg_compression,3,0.935,0.8574,0.7782,0.7366
handpd_meander,resnet50,0038-5,1,jpeg_compression,4,0.9272,0.864,0.8092,0.7544
handpd_meander,resnet50,0038-5,1,jpeg_compression,5,0.7212,0.7367,0.6431,0.422
handpd_meander,resnet50,0038-5,1,gaussian_blur,1,0.9706,0.9727,0.9308,0.7802
handpd_meander,resnet50,0038-5,1,gaussian_blur,2,0.9314,0.9319,0.8619,0.7043
handpd_meander,resnet50,0038-5,1,gaussian_blur,3,0.8125,0.8248,0.6894,0.5671
handpd_meander,resnet50,0038-5,1,gaussian_blur,4,0.7005,0.716,0.6619,0.4816
handpd_meander,resnet50,0038-5,1,gaussian_blur,5,0.5813,0.5849,0.6253,0.3867
handpd_meander,resnet50,0038-5,1,gaussian_noise,1,0.9965,0.9927,0.9697,0.9544
handpd_meander,resnet50,0038-5,1,gaussian_noise,2,0.9609,0.9388,0.8811,0.8019
handpd_meander,resnet50,0038-5,1,gaussian_noise,3,0.9749,0.9436,0.8557,0.8036
handpd_meander,resnet50,0038-5,1,gaussian_noise,4,0.8877,0.8096,0.7214,0.7074
handpd_meander,resnet50,0038-5,1,gaussian_noise,5,0.93,0.8374,0.7441,0.7661
handpd_meander,resnet50,0038-5,1,contrast,1,0.9125,0.8407,0.7655,0.6398
handpd_meander,resnet50,0038-5,1,contrast,2,0.9457,0.9019,0.8275,0.7554
handpd_meander,resnet50,0038-5,1,contrast,3,0.9772,0.9669,0.9147,0.8503
handpd_meander,resnet50,0038-5,1,contrast,4,0.9544,0.9255,0.8523,0.7303
handpd_meander,resnet50,0038-5,1,contrast,5,0.9353,0.8719,0.7723,0.7076
handpd_meander,resnet50,0038-5,1,brightness,1,0.8903,0.7883,0.6934,0.6844
handpd_meander,resnet50,0038-5,1,brightness,2,0.9539,0.898,0.8093,0.791
handpd_meander,resnet50,0038-5,1,brightness,3,0.9747,0.948,0.8883,0.8481
handpd_meander,resnet50,0038-5,1,brightness,4,0.7038,0.5033,0.5073,0.5002
handpd_meander,resnet50,0038-5,1,brightness,5,0.5796,0.4856,0.4319,0.3271
handpd_meander,resnet50,0038-5,1,shadow,1,0.9786,0.9644,0.926,0.8518
handpd_meander,resnet50,0038-5,1,shadow,2,0.9493,0.8978,0.8594,0.7681
handpd_meander,resnet50,0038-5,1,shadow,3,0.9089,0.8495,0.7893,0.6491
handpd_meander,resnet50,0038-5,1,shadow,4,0.8699,0.7878,0.7308,0.6119
handpd_meander,resnet50,0038-5,1,shadow,5,0.8424,0.746,0.6873,0.6043
handpd_meander,resnet50,0038-5,1,perspective,1,0.8943,0.7964,0.7369,0.6454
handpd_meander,resnet50,0038-5,1,perspective,2,0.7437,0.6136,0.6347,0.4378
handpd_meander,resnet50,0038-5,1,perspective,3,0.639,0.6106,0.6145,0.3492
handpd_meander,resnet50,0038-5,1,perspective,4,0.6858,0.5189,0.4835,0.3777
handpd_meander,resnet50,0038-5,1,perspective,5,0.633,0.568,0.5383,0.4404
handpd_meander,resnet50,0038-5,1,rotation,1,0.7078,0.6999,0.5736,0.4541
handpd_meander,resnet50,0038-5,1,rotation,2,0.8213,0.6099,0.5196,0.5883
handpd_meander,resnet50,0038-5,1,rotation,3,0.5997,0.3503,0.441,0.3372
handpd_meander,resnet50,0038-5,1,rotation,4,0.4541,0.3249,0.4115,0.2168
handpd_meander,resnet50,0038-5,1,rotation,5,0.5975,0.2483,0.4161,0.366
handpd_meander,resnet50,0003-6,1,jpeg_compression,1,0.993,0.9914,0.9895,0.8645
handpd_meander,resnet50,0003-6,1,jpeg_compression,2,0.9417,0.9311,0.9257,0.6594
handpd_meander,resnet50,0003-6,1,jpeg_compression,3,0.9285,0.8972,0.8981,0.644
handpd_meander,resnet50,0003-6,1,jpeg_compression,4,0.9244,0.9213,0.913,0.6706
handpd_meander,resnet50,0003-6,1,jpeg_compression,5,0.8569,0.8992,0.8093,0.4802
handpd_meander,resnet50,0003-6,1,gaussian_blur,1,0.9672,0.9827,0.9365,0.7677
handpd_meander,resnet50,0003-6,1,gaussian_blur,2,0.8832,0.9484,0.9059,0.6462
handpd_meander,resnet50,0003-6,1,gaussian_blur,3,0.7341,0.8491,0.8432,0.43
handpd_meander,resnet50,0003-6,1,gaussian_blur,4,0.5999,0.7488,0.7373,0.2223
handpd_meander,resnet50,0003-6,1,gaussian_blur,5,0.542,0.7062,0.7311,0.2111
handpd_meander,resnet50,0003-6,1,gaussian_noise,1,0.9976,0.9972,0.9959,0.8672
handpd_meander,resnet50,0003-6,1,gaussian_noise,2,0.9878,0.9855,0.9811,0.778
handpd_meander,resnet50,0003-6,1,gaussian_noise,3,0.9491,0.9512,0.8947,0.6754
handpd_meander,resnet50,0003-6,1,gaussian_noise,4,0.9468,0.9328,0.9222,0.5524
handpd_meander,resnet50,0003-6,1,gaussian_noise,5,0.9206,0.9087,0.9102,0.554
handpd_meander,resnet50,0003-6,1,contrast,1,0.9686,0.9663,0.9573,0.6369
handpd_meander,resnet50,0003-6,1,contrast,2,0.9837,0.9807,0.9805,0.7341
handpd_meander,resnet50,0003-6,1,contrast,3,0.9944,0.9935,0.9923,0.8699
handpd_meander,resnet50,0003-6,1,contrast,4,0.9772,0.9808,0.9418,0.8052
handpd_meander,resnet50,0003-6,1,contrast,5,0.9734,0.9758,0.9479,0.7916
handpd_meander,resnet50,0003-6,1,brightness,1,0.9533,0.9508,0.9118,0.662
handpd_meander,resnet50,0003-6,1,brightness,2,0.9778,0.9721,0.9658,0.7921
handpd_meander,resnet50,0003-6,1,brightness,3,0.9854,0.9793,0.9745,0.8366
handpd_meander,resnet50,0003-6,1,brightness,4,0.9355,0.9317,0.7965,0.6394
handpd_meander,resnet50,0003-6,1,brightness,5,0.8371,0.8416,0.8349,0.468
handpd_meander,resnet50,0003-6,1,shadow,1,0.9902,0.9894,0.9878,0.8549
handpd_meander,resnet50,0003-6,1,shadow,2,0.9785,0.9775,0.9676,0.8016
handpd_meander,resnet50,0003-6,1,shadow,3,0.9619,0.9563,0.942,0.7522
handpd_meander,resnet50,0003-6,1,shadow,4,0.9205,0.9239,0.8929,0.6154
handpd_meander,resnet50,0003-6,1,shadow,5,0.8839,0.9061,0.8735,0.5297
handpd_meander,resnet50,0003-6,1,perspective,1,0.9102,0.9137,0.9274,0.5265
handpd_meander,resnet50,0003-6,1,perspective,2,0.7461,0.7282,0.7902,0.3457
handpd_meander,resnet50,0003-6,1,perspective,3,0.8788,0.7931,0.8409,0.5848
handpd_meander,resnet50,0003-6,1,perspective,4,0.8079,0.7727,0.7938,0.7072
handpd_meander,resnet50,0003-6,1,perspective,5,0.7834,0.693,0.7328,0.5979
handpd_meander,resnet50,0003-6,1,rotation,1,0.5665,0.5591,0.7509,0.2616
handpd_meander,resnet50,0003-6,1,rotation,2,0.4999,0.4549,0.4976,0.2727
handpd_meander,resnet50,0003-6,1,rotation,3,0.6967,0.5858,0.7465,0.408
handpd_meander,resnet50,0003-6,1,rotation,4,0.5039,0.4446,0.5564,0.3149
handpd_meander,resnet50,0003-6,1,rotation,5,0.575,0.5204,0.6567,0.2359
handpd_meander,vgg16,0305-8,0,jpeg_compression,1,0.9963,0.998,0.9868,0.8866
handpd_meander,vgg16,0305-8,0,jpeg_compression,2,0.9908,0.9897,0.9758,0.8462
handpd_meander,vgg16,0305-8,0,jpeg_compression,3,0.9645,0.9648,0.9185,0.7432
handpd_meander,vgg16,0305-8,0,jpeg_compression,4,0.9764,0.9771,0.9102,0.7416
handpd_meander,vgg16,0305-8,0,jpeg_compression,5,0.5101,0.4073,0.5052,0.3157
handpd_meander,vgg16,0305-8,0,gaussian_blur,1,0.9915,0.9918,0.9708,0.8645
handpd_meander,vgg16,0305-8,0,gaussian_blur,2,0.9759,0.9751,0.9384,0.7862
handpd_meander,vgg16,0305-8,0,gaussian_blur,3,0.9441,0.942,0.8932,0.6927
handpd_meander,vgg16,0305-8,0,gaussian_blur,4,0.9178,0.9151,0.8746,0.6214
handpd_meander,vgg16,0305-8,0,gaussian_blur,5,0.9065,0.9049,0.875,0.5987
handpd_meander,vgg16,0305-8,0,gaussian_noise,1,0.9975,0.9972,0.988,0.9026
handpd_meander,vgg16,0305-8,0,gaussian_noise,2,0.9935,0.9919,0.9725,0.8694
handpd_meander,vgg16,0305-8,0,gaussian_noise,3,0.9844,0.9809,0.9436,0.813
handpd_meander,vgg16,0305-8,0,gaussian_noise,4,0.9477,0.9469,0.8495,0.6686
handpd_meander,vgg16,0305-8,0,gaussian_noise,5,0.8807,0.8656,0.7748,0.5666
handpd_meander,vgg16,0305-8,0,contrast,1,0.8872,0.8808,0.82,0.649
handpd_meander,vgg16,0305-8,0,contrast,2,0.96,0.9568,0.9008,0.7886
handpd_meander,vgg16,0305-8,0,contrast,3,0.9874,0.9869,0.9741,0.8571
handpd_meander,vgg16,0305-8,0,contrast,4,0.9876,0.9896,0.977,0.8124
handpd_meander,vgg16,0305-8,0,contrast,5,0.9674,0.9718,0.9559,0.7378
handpd_meander,vgg16,0305-8,0,brightness,1,0.8693,0.8567,0.8097,0.5907
handpd_meander,vgg16,0305-8,0,brightness,2,0.9433,0.9481,0.8724,0.7257
handpd_meander,vgg16,0305-8,0,brightness,3,0.9685,0.9706,0.9179,0.7965
handpd_meander,vgg16,0305-8,0,brightness,4,0.3182,0.3517,0.2659,0.2412
handpd_meander,vgg16,0305-8,0,brightness,5,0.3639,0.3585,0.2844,0.2563
handpd_meander,vgg16,0305-8,0,shadow,1,0.9887,0.9871,0.9698,0.8663
handpd_meander,vgg16,0305-8,0,shadow,2,0.9645,0.9585,0.9253,0.8044
handpd_meander,vgg16,0305-8,0,shadow,3,0.937,0.9151,0.8903,0.7756
handpd_meander,vgg16,0305-8,0,shadow,4,0.8892,0.8629,0.8648,0.7161
handpd_meander,vgg16,0305-8,0,shadow,5,0.8765,0.8498,0.8578,0.7016
handpd_meander,vgg16,0305-8,0,perspective,1,0.9259,0.9266,0.8632,0.7393
handpd_meander,vgg16,0305-8,0,perspective,2,0.8315,0.8197,0.8222,0.5562
handpd_meander,vgg16,0305-8,0,perspective,3,0.8223,0.795,0.7686,0.595
handpd_meander,vgg16,0305-8,0,perspective,4,0.7663,0.7473,0.7156,0.4801
handpd_meander,vgg16,0305-8,0,perspective,5,0.718,0.7169,0.7023,0.4136
handpd_meander,vgg16,0305-8,0,rotation,1,0.7933,0.7736,0.6953,0.4362
handpd_meander,vgg16,0305-8,0,rotation,2,0.7379,0.7838,0.5249,0.3792
handpd_meander,vgg16,0305-8,0,rotation,3,0.4785,0.5083,0.3876,0.2139
handpd_meander,vgg16,0305-8,0,rotation,4,0.5527,0.6044,0.4318,0.2632
handpd_meander,vgg16,0305-8,0,rotation,5,0.4126,0.404,0.4176,0.2588
handpd_meander,vgg16,0102-6,0,jpeg_compression,1,0.9942,0.9766,0.9533,0.8957
handpd_meander,vgg16,0102-6,0,jpeg_compression,2,0.961,0.9109,0.8531,0.7579
handpd_meander,vgg16,0102-6,0,jpeg_compression,3,0.9855,0.9258,0.8714,0.8694
handpd_meander,vgg16,0102-6,0,jpeg_compression,4,0.9558,0.9828,0.9081,0.7123
handpd_meander,vgg16,0102-6,0,jpeg_compression,5,0.8549,0.8238,0.6815,0.647
handpd_meander,vgg16,0102-6,0,gaussian_blur,1,0.9874,0.973,0.9006,0.9217
handpd_meander,vgg16,0102-6,0,gaussian_blur,2,0.9703,0.9591,0.8608,0.8556
handpd_meander,vgg16,0102-6,0,gaussian_blur,3,0.9172,0.9274,0.8092,0.7019
handpd_meander,vgg16,0102-6,0,gaussian_blur,4,0.8767,0.9098,0.7772,0.6305
handpd_meander,vgg16,0102-6,0,gaussian_blur,5,0.8405,0.8752,0.7191,0.5896
handpd_meander,vgg16,0102-6,0,gaussian_noise,1,0.9858,0.9935,0.957,0.8045
handpd_meander,vgg16,0102-6,0,gaussian_noise,2,0.9859,0.9662,0.9361,0.7594
handpd_meander,vgg16,0102-6,0,gaussian_noise,3,0.962,0.9765,0.9015,0.7078
handpd_meander,vgg16,0102-6,0,gaussian_noise,4,0.9243,0.9533,0.8589,0.6568
handpd_meander,vgg16,0102-6,0,gaussian_noise,5,0.8553,0.8614,0.7415,0.5326
handpd_meander,vgg16,0102-6,0,contrast,1,0.8319,0.7482,0.6564,0.5851
handpd_meander,vgg16,0102-6,0,contrast,2,0.9268,0.8288,0.6969,0.7366
handpd_meander,vgg16,0102-6,0,contrast,3,0.9831,0.9581,0.8802,0.8785
handpd_meander,vgg16,0102-6,0,contrast,4,0.975,0.9813,0.926,0.7531
handpd_meander,vgg16,0102-6,0,contrast,5,0.9215,0.9645,0.8567,0.6621
handpd_meander,vgg16,0102-6,0,brightness,1,0.8597,0.8651,0.6904,0.5729
handpd_meander,vgg16,0102-6,0,brightness,2,0.8835,0.8872,0.7733,0.6372
handpd_meander,vgg16,0102-6,0,brightness,3,0.9397,0.9251,0.8338,0.7393
handpd_meander,vgg16,0102-6,0,brightness,4,nan,nan,0.3614,0.1249
handpd_meander,vgg16,0102-6,0,brightness,5,nan,nan,0.3614,0.1249
handpd_meander,vgg16,0102-6,0,shadow,1,0.9754,0.9596,0.8832,0.7872
handpd_meander,vgg16,0102-6,0,shadow,2,0.9459,0.9356,0.8298,0.7515
handpd_meander,vgg16,0102-6,0,shadow,3,0.9281,0.904,0.7495,0.7326
handpd_meander,vgg16,0102-6,0,shadow,4,0.8959,0.8579,0.6867,0.686
handpd_meander,vgg16,0102-6,0,shadow,5,0.8974,0.8694,0.6678,0.6316
handpd_meander,vgg16,0102-6,0,perspective,1,0.7471,0.6465,0.7159,0.511
handpd_meander,vgg16,0102-6,0,perspective,2,0.834,0.7791,0.6687,0.5508
handpd_meander,vgg16,0102-6,0,perspective,3,0.7339,0.7395,0.6162,0.5251
handpd_meander,vgg16,0102-6,0,perspective,4,0.6523,0.6577,0.5626,0.431
handpd_meander,vgg16,0102-6,0,perspective,5,0.6256,0.7057,0.5707,0.4005
handpd_meander,vgg16,0102-6,0,rotation,1,0.8678,0.7881,0.7696,0.6202
handpd_meander,vgg16,0102-6,0,rotation,2,0.237,0.4784,0.5072,0.2856
handpd_meander,vgg16,0102-6,0,rotation,3,0.5611,0.3836,0.5024,0.357
handpd_meander,vgg16,0102-6,0,rotation,4,0.3955,0.4155,0.4961,0.2922
handpd_meander,vgg16,0102-6,0,rotation,5,0.5601,0.5468,0.5088,0.3826
handpd_meander,vgg16,0297-7,0,jpeg_compression,1,0.9957,0.9792,0.9687,0.9164
handpd_meander,vgg16,0297-7,0,jpeg_compression,2,0.9832,0.9796,0.9509,0.8194
handpd_meander,vgg16,0297-7,0,jpeg_compression,3,0.9265,0.9075,0.8731,0.7113
handpd_meander,vgg16,0297-7,0,jpeg_compression,4,0.9287,0.8488,0.7763,0.664
handpd_meander,vgg16,0297-7,0,jpeg_compression,5,0.7933,0.7282,0.6949,0.5503
handpd_meander,vgg16,0297-7,0,gaussian_blur,1,0.9678,0.9173,0.8776,0.7944
handpd_meander,vgg16,0297-7,0,gaussian_blur,2,0.9328,0.8278,0.7774,0.7493
handpd_meander,vgg16,0297-7,0,gaussian_blur,3,0.9179,0.7402,0.7197,0.7208
handpd_meander,vgg16,0297-7,0,gaussian_blur,4,0.9124,0.7019,0.7034,0.6917
handpd_meander,vgg16,0297-7,0,gaussian_blur,5,0.8937,0.6614,0.6976,0.6255
handpd_meander,vgg16,0297-7,0,gaussian_noise,1,0.9955,0.9462,0.949,0.9045
handpd_meander,vgg16,0297-7,0,gaussian_noise,2,0.9832,0.9228,0.913,0.8482
handpd_meander,vgg16,0297-7,0,gaussian_noise,3,0.9759,0.9099,0.8966,0.8334
handpd_meander,vgg16,0297-7,0,gaussian_noise,4,0.9258,0.8021,0.7874,0.6524
handpd_meander,vgg16,0297-7,0,gaussian_noise,5,0.8358,0.7152,0.6893,0.523
handpd_meander,vgg16,0297-7,0,contrast,1,0.8549,0.567,0.6297,0.6205
handpd_meander,vgg16,0297-7,0,contrast,2,0.9278,0.7329,0.7578,0.7314
handpd_meander,vgg16,0297-7,0,contrast,3,0.9659,0.9367,0.8954,0.8066
handpd_meander,vgg16,0297-7,0,contrast,4,0.9782,0.9221,0.9364,0.7997
handpd_meander,vgg16,0297-7,0,contrast,5,0.9254,0.7232,0.7723,0.6528
handpd_meander,vgg16,0297-7,0,brightness,1,0.8966,0.6701,0.6731,0.6833
handpd_meander,vgg16,0297-7,0,brightness,2,0.9213,0.7908,0.796,0.7182
handpd_meander,vgg16,0297-7,0,brightness,3,0.9406,0.9216,0.8534,0.738
handpd_meander,vgg16,0297-7,0,brightness,4,nan,nan,0.5483,0.039
handpd_meander,vgg16,0297-7,0,brightness,5,nan,nan,0.5483,0.039
handpd_meander,vgg16,0297-7,0,shadow,1,0.9741,0.9514,0.9201,0.801
handpd_meander,vgg16,0297-7,0,shadow,2,0.9469,0.7361,0.8065,0.7578
handpd_meander,vgg16,0297-7,0,shadow,3,0.9362,0.7363,0.7219,0.7399
handpd_meander,vgg16,0297-7,0,shadow,4,0.9121,0.6659,0.6247,0.7348
handpd_meander,vgg16,0297-7,0,shadow,5,0.8883,0.634,0.5753,0.7273
handpd_meander,vgg16,0297-7,0,perspective,1,0.8499,0.7135,0.6576,0.5863
handpd_meander,vgg16,0297-7,0,perspective,2,0.8983,0.7554,0.7423,0.6594
handpd_meander,vgg16,0297-7,0,perspective,3,0.8332,0.608,0.5802,0.5659
handpd_meander,vgg16,0297-7,0,perspective,4,0.5732,0.4508,0.5705,0.3269
handpd_meander,vgg16,0297-7,0,perspective,5,0.4177,0.3712,0.5451,0.2645
handpd_meander,vgg16,0297-7,0,rotation,1,0.8671,0.7817,0.7541,0.6227
handpd_meander,vgg16,0297-7,0,rotation,2,0.2881,0.3509,0.5418,0.2627
handpd_meander,vgg16,0297-7,0,rotation,3,0.393,0.5991,0.5177,0.2466
handpd_meander,vgg16,0297-7,0,rotation,4,-0.1034,0.1941,0.3841,0.0308
handpd_meander,vgg16,0297-7,0,rotation,5,-0.0881,0.1522,0.3504,0.0533
handpd_meander,vgg16,0102-5,0,jpeg_compression,1,0.9993,0.9999,0.9988,0.9206
handpd_meander,vgg16,0102-5,0,jpeg_compression,2,0.9861,0.9054,0.9335,0.8314
handpd_meander,vgg16,0102-5,0,jpeg_compression,3,0.9442,0.8498,0.8881,0.7571
handpd_meander,vgg16,0102-5,0,jpeg_compression,4,0.9633,0.9199,0.9324,0.7973
handpd_meander,vgg16,0102-5,0,jpeg_compression,5,0.9216,0.8967,0.8973,0.7345
handpd_meander,vgg16,0102-5,0,gaussian_blur,1,0.9883,0.9166,0.9183,0.8647
handpd_meander,vgg16,0102-5,0,gaussian_blur,2,0.9719,0.8922,0.8943,0.8084
handpd_meander,vgg16,0102-5,0,gaussian_blur,3,0.9492,0.8206,0.8058,0.7402
handpd_meander,vgg16,0102-5,0,gaussian_blur,4,0.9115,0.7503,0.7366,0.6474
handpd_meander,vgg16,0102-5,0,gaussian_blur,5,0.8521,0.7031,0.6807,0.5916
handpd_meander,vgg16,0102-5,0,gaussian_noise,1,0.9993,0.9999,0.9989,0.9838
handpd_meander,vgg16,0102-5,0,gaussian_noise,2,0.9859,0.9064,0.9384,0.8435
handpd_meander,vgg16,0102-5,0,gaussian_noise,3,0.9244,0.8854,0.9033,0.6621
handpd_meander,vgg16,0102-5,0,gaussian_noise,4,nan,nan,0.6784,0.1941
handpd_meander,vgg16,0102-5,0,gaussian_noise,5,nan,nan,0.6784,0.1941
handpd_meander,vgg16,0102-5,0,contrast,1,0.9739,0.7689,0.8262,0.7862
handpd_meander,vgg16,0102-5,0,contrast,2,0.9789,0.8602,0.9015,0.8289
handpd_meander,vgg16,0102-5,0,contrast,3,0.9898,0.9589,0.9637,0.8741
handpd_meander,vgg16,0102-5,0,contrast,4,0.9912,0.97,0.977,0.9062
handpd_meander,vgg16,0102-5,0,contrast,5,0.9301,0.8846,0.845,0.7604
handpd_meander,vgg16,0102-5,0,brightness,1,0.9349,0.8076,0.7265,0.7069
handpd_meander,vgg16,0102-5,0,brightness,2,0.9468,0.804,0.793,0.6267
handpd_meander,vgg16,0102-5,0,brightness,3,0.965,0.8462,0.847,0.7148
handpd_meander,vgg16,0102-5,0,brightness,4,nan,nan,0.6784,0.1941
handpd_meander,vgg16,0102-5,0,brightness,5,nan,nan,0.6784,0.1941
handpd_meander,vgg16,0102-5,0,shadow,1,0.9789,0.861,0.8544,0.8084
handpd_meander,vgg16,0102-5,0,shadow,2,0.9442,0.8486,0.8256,0.6888
handpd_meander,vgg16,0102-5,0,shadow,3,0.9248,0.8328,0.7802,0.6938
handpd_meander,vgg16,0102-5,0,shadow,4,0.8876,0.8173,0.7286,0.6611
handpd_meander,vgg16,0102-5,0,shadow,5,0.8454,0.799,0.686,0.6231
handpd_meander,vgg16,0102-5,0,perspective,1,0.9057,0.7708,0.7975,0.6717
handpd_meander,vgg16,0102-5,0,perspective,2,0.9398,0.7854,0.8289,0.6954
handpd_meander,vgg16,0102-5,0,perspective,3,0.9556,0.8014,0.8379,0.7357
handpd_meander,vgg16,0102-5,0,perspective,4,0.9415,0.7965,0.82,0.7132
handpd_meander,vgg16,0102-5,0,perspective,5,0.9221,0.8528,0.8479,0.6451
handpd_meander,vgg16,0102-5,0,rotation,1,0.9232,0.7399,0.7586,0.5989
handpd_meander,vgg16,0102-5,0,rotation,2,0.5801,0.5086,0.5691,0.3314
handpd_meander,vgg16,0102-5,0,rotation,3,0.7626,0.6586,0.7485,0.4388
handpd_meander,vgg16,0102-5,0,rotation,4,0.4642,0.4394,0.4822,0.3126
handpd_meander,vgg16,0102-5,0,rotation,5,0.4865,0.545,0.5711,0.3324
handpd_meander,vgg16,0129-6,0,jpeg_compression,1,0.9952,0.9718,0.9668,0.9278
handpd_meander,vgg16,0129-6,0,jpeg_compression,2,0.967,0.9456,0.9276,0.8008
handpd_meander,vgg16,0129-6,0,jpeg_compression,3,0.9449,0.9193,0.8932,0.7632
handpd_meander,vgg16,0129-6,0,jpeg_compression,4,0.8952,0.8437,0.7701,0.6454
handpd_meander,vgg16,0129-6,0,jpeg_compression,5,0.5899,0.4455,0.6537,0.2677
handpd_meander,vgg16,0129-6,0,gaussian_blur,1,0.9902,0.9539,0.9311,0.9085
handpd_meander,vgg16,0129-6,0,gaussian_blur,2,0.9724,0.9239,0.8906,0.8635
handpd_meander,vgg16,0129-6,0,gaussian_blur,3,0.9367,0.8803,0.806,0.7675
handpd_meander,vgg16,0129-6,0,gaussian_blur,4,0.9176,0.8774,0.7951,0.7248
handpd_meander,vgg16,0129-6,0,gaussian_blur,5,0.8957,0.8549,0.7779,0.6474
handpd_meander,vgg16,0129-6,0,gaussian_noise,1,0.9954,0.9931,0.9778,0.8929
handpd_meander,vgg16,0129-6,0,gaussian_noise,2,0.9585,0.9767,0.9529,0.7744
handpd_meander,vgg16,0129-6,0,gaussian_noise,3,0.9324,0.964,0.8826,0.7366
handpd_meander,vgg16,0129-6,0,gaussian_noise,4,0.5997,0.4881,0.5929,0.2992
handpd_meander,vgg16,0129-6,0,gaussian_noise,5,0.8606,0.6396,0.6944,0.6087
handpd_meander,vgg16,0129-6,0,contrast,1,0.8748,0.7344,0.7446,0.5858
handpd_meander,vgg16,0129-6,0,contrast,2,0.9307,0.7985,0.7996,0.6668
handpd_meander,vgg16,0129-6,0,contrast,3,0.9775,0.9704,0.9421,0.7957
handpd_meander,vgg16,0129-6,0,contrast,4,0.9347,0.8944,0.8426,0.7957
handpd_meander,vgg16,0129-6,0,contrast,5,0.9148,0.8973,0.8095,0.6694
handpd_meander,vgg16,0129-6,0,brightness,1,0.8307,0.7804,0.671,0.5321
handpd_meander,vgg16,0129-6,0,brightness,2,0.9175,0.8724,0.7391,0.6803
handpd_meander,vgg16,0129-6,0,brightness,3,0.9536,0.9528,0.8836,0.6965
handpd_meander,vgg16,0129-6,0,brightness,4,nan,nan,0.517,0.0855
handpd_meander,vgg16,0129-6,0,brightness,5,nan,nan,0.517,0.0855
handpd_meander,vgg16,0129-6,0,shadow,1,0.9793,0.9598,0.9243,0.7655
handpd_meander,vgg16,0129-6,0,shadow,2,0.9598,0.9302,0.8608,0.7398
handpd_meander,vgg16,0129-6,0,shadow,3,0.8947,0.8886,0.8048,0.6157
handpd_meander,vgg16,0129-6,0,shadow,4,0.872,0.8434,0.6565,0.6353
handpd_meander,vgg16,0129-6,0,shadow,5,0.868,0.8208,0.6044,0.6263
handpd_meander,vgg16,0129-6,0,perspective,1,0.9604,0.9595,0.9116,0.7069
handpd_meander,vgg16,0129-6,0,perspective,2,0.8989,0.907,0.829,0.6427
handpd_meander,vgg16,0129-6,0,perspective,3,0.9192,0.8712,0.7781,0.7008
handpd_meander,vgg16,0129-6,0,perspective,4,0.8997,0.9181,0.8159,0.6551
handpd_meander,vgg16,0129-6,0,perspective,5,0.937,0.9028,0.7749,0.7886
handpd_meander,vgg16,0129-6,0,rotation,1,nan,nan,0.517,0.0855
handpd_meander,vgg16,0129-6,0,rotation,2,0.6553,0.7357,0.6128,0.4264
handpd_meander,vgg16,0129-6,0,rotation,3,0.5966,0.4881,0.6349,0.2881
handpd_meander,vgg16,0129-6,0,rotation,4,0.0951,0.1497,0.433,0.2074
handpd_meander,vgg16,0129-6,0,rotation,5,0.3618,0.4032,0.4848,0.2142
handpd_meander,vgg16,0024-8,1,jpeg_compression,1,0.9986,0.9964,0.9822,0.97
handpd_meander,vgg16,0024-8,1,jpeg_compression,2,0.9944,0.9863,0.9547,0.9369
handpd_meander,vgg16,0024-8,1,jpeg_compression,3,0.9884,0.9765,0.9365,0.9153
handpd_meander,vgg16,0024-8,1,jpeg_compression,4,0.9791,0.9626,0.9285,0.8872
handpd_meander,vgg16,0024-8,1,jpeg_compression,5,0.3217,0.3797,0.4217,0.22
handpd_meander,vgg16,0024-8,1,gaussian_blur,1,0.9936,0.9893,0.9749,0.9215
handpd_meander,vgg16,0024-8,1,gaussian_blur,2,0.9783,0.9663,0.9349,0.8515
handpd_meander,vgg16,0024-8,1,gaussian_blur,3,0.9563,0.9338,0.8694,0.8011
handpd_meander,vgg16,0024-8,1,gaussian_blur,4,0.9292,0.9042,0.8281,0.7518
handpd_meander,vgg16,0024-8,1,gaussian_blur,5,0.9164,0.8918,0.8077,0.7256
handpd_meander,vgg16,0024-8,1,gaussian_noise,1,0.9986,0.9975,0.9923,0.9638
handpd_meander,vgg16,0024-8,1,gaussian_noise,2,0.9781,0.9718,0.9452,0.8359
handpd_meander,vgg16,0024-8,1,gaussian_noise,3,0.9746,0.9745,0.8936,0.8388
handpd_meander,vgg16,0024-8,1,gaussian_noise,4,0.9483,0.9303,0.8766,0.7594
handpd_meander,vgg16,0024-8,1,gaussian_noise,5,0.8787,0.8589,0.7679,0.6354
handpd_meander,vgg16,0024-8,1,contrast,1,0.9617,0.9205,0.8031,0.8354
handpd_meander,vgg16,0024-8,1,contrast,2,0.9812,0.9593,0.9084,0.8732
handpd_meander,vgg16,0024-8,1,contrast,3,0.9926,0.9808,0.9611,0.9254
handpd_meander,vgg16,0024-8,1,contrast,4,0.9853,0.9757,0.9501,0.893
handpd_meander,vgg16,0024-8,1,contrast,5,0.9734,0.9466,0.9176,0.8913
handpd_meander,vgg16,0024-8,1,brightness,1,0.9566,0.9552,0.8991,0.816
handpd_meander,vgg16,0024-8,1,brightness,2,0.9725,0.9698,0.9408,0.8678
handpd_meander,vgg16,0024-8,1,brightness,3,0.9895,0.9819,0.9591,0.9311
handpd_meander,vgg16,0024-8,1,brightness,4,0.0572,0.3004,0.2117,0.1407
handpd_meander,vgg16,0024-8,1,brightness,5,0.0128,0.1682,0.1713,0.0883
handpd_meander,vgg16,0024-8,1,shadow,1,0.9956,0.99,0.9696,0.9491
handpd_meander,vgg16,0024-8,1,shadow,2,0.9896,0.9831,0.9572,0.9335
handpd_meander,vgg16,0024-8,1,shadow,3,0.9789,0.9705,0.9125,0.9002
handpd_meander,vgg16,0024-8,1,shadow,4,0.9661,0.9542,0.8689,0.8315
handpd_meander,vgg16,0024-8,1,shadow,5,0.9501,0.9367,0.8035,0.7827
handpd_meander,vgg16,0024-8,1,perspective,1,0.9551,0.9347,0.8585,0.8354
handpd_meander,vgg16,0024-8,1,perspective,2,0.9443,0.922,0.8305,0.8122
handpd_meander,vgg16,0024-8,1,perspective,3,0.9515,0.9258,0.7975,0.7816
handpd_meander,vgg16,0024-8,1,perspective,4,0.9347,0.883,0.7723,0.7923
handpd_meander,vgg16,0024-8,1,perspective,5,0.8163,0.7781,0.6521,0.5613
handpd_meander,vgg16,0024-8,1,rotation,1,0.8342,0.8012,0.6741,0.6133
handpd_meander,vgg16,0024-8,1,rotation,2,0.5525,0.6001,0.4878,0.3005
handpd_meander,vgg16,0024-8,1,rotation,3,0.4961,0.5197,0.4726,0.3502
handpd_meander,vgg16,0024-8,1,rotation,4,0.24,0.3529,0.4,0.1365
handpd_meander,vgg16,0024-8,1,rotation,5,0.2643,0.3391,0.3337,0.1779
handpd_meander,vgg16,0181-8,1,jpeg_compression,1,0.9986,0.9978,0.9894,0.96
handpd_meander,vgg16,0181-8,1,jpeg_compression,2,0.9788,0.9757,0.9584,0.7937
handpd_meander,vgg16,0181-8,1,jpeg_compression,3,0.9909,0.9898,0.9753,0.8055
handpd_meander,vgg16,0181-8,1,jpeg_compression,4,0.9767,0.9717,0.9409,0.7816
handpd_meander,vgg16,0181-8,1,jpeg_compression,5,0.4233,0.5499,0.3492,0.2725
handpd_meander,vgg16,0181-8,1,gaussian_blur,1,0.9886,0.9888,0.9648,0.7687
handpd_meander,vgg16,0181-8,1,gaussian_blur,2,0.9757,0.972,0.9216,0.7186
handpd_meander,vgg16,0181-8,1,gaussian_blur,3,0.9456,0.9351,0.861,0.6409
handpd_meander,vgg16,0181-8,1,gaussian_blur,4,0.916,0.9081,0.8164,0.5645
handpd_meander,vgg16,0181-8,1,gaussian_blur,5,0.8824,0.8837,0.7634,0.4837
handpd_meander,vgg16,0181-8,1,gaussian_noise,1,0.9972,0.9969,0.9879,0.9129
handpd_meander,vgg16,0181-8,1,gaussian_noise,2,0.9824,0.9807,0.9483,0.7867
handpd_meander,vgg16,0181-8,1,gaussian_noise,3,0.9297,0.8941,0.8809,0.649
handpd_meander,vgg16,0181-8,1,gaussian_noise,4,0.901,0.8815,0.8546,0.6091
handpd_meander,vgg16,0181-8,1,gaussian_noise,5,0.7418,0.6447,0.6654,0.4502
handpd_meander,vgg16,0181-8,1,contrast,1,0.904,0.8983,0.7961,0.5991
handpd_meander,vgg16,0181-8,1,contrast,2,0.9517,0.9516,0.8864,0.701
handpd_meander,vgg16,0181-8,1,contrast,3,0.9808,0.9802,0.9547,0.7981
handpd_meander,vgg16,0181-8,1,contrast,4,0.9865,0.9795,0.9362,0.8534
handpd_meander,vgg16,0181-8,1,contrast,5,0.9743,0.967,0.9345,0.7944
handpd_meander,vgg16,0181-8,1,brightness,1,0.9274,0.9397,0.8645,0.6834
handpd_meander,vgg16,0181-8,1,brightness,2,0.9538,0.9626,0.9151,0.7106
handpd_meander,vgg16,0181-8,1,brightness,3,0.9783,0.9803,0.9494,0.7763
handpd_meander,vgg16,0181-8,1,brightness,4,0.3027,0.3236,0.1625,0.1424
handpd_meander,vgg16,0181-8,1,brightness,5,nan,nan,0.1312,0.0
handpd_meander,vgg16,0181-8,1,shadow,1,0.9898,0.9893,0.9663,0.8534
handpd_meander,vgg16,0181-8,1,shadow,2,0.9756,0.9778,0.9364,0.7973
handpd_meander,vgg16,0181-8,1,shadow,3,0.9526,0.961,0.9093,0.6914
handpd_meander,vgg16,0181-8,1,shadow,4,0.939,0.9508,0.8816,0.6819
handpd_meander,vgg16,0181-8,1,shadow,5,0.9308,0.9488,0.8529,0.6638
handpd_meander,vgg16,0181-8,1,perspective,1,0.8501,0.8691,0.776,0.5693
handpd_meander,vgg16,0181-8,1,perspective,2,0.8643,0.8833,0.8072,0.5122
handpd_meander,vgg16,0181-8,1,perspective,3,0.8652,0.8732,0.7831,0.5505
handpd_meander,vgg16,0181-8,1,perspective,4,0.849,0.89,0.8097,0.5245
handpd_meander,vgg16,0181-8,1,perspective,5,0.8172,0.8554,0.7843,0.4885
handpd_meander,vgg16,0181-8,1,rotation,1,0.8762,0.852,0.7366,0.6152
handpd_meander,vgg16,0181-8,1,rotation,2,0.5999,0.56,0.5651,0.2923
handpd_meander,vgg16,0181-8,1,rotation,3,0.5336,0.5681,0.492,0.2771
handpd_meander,vgg16,0181-8,1,rotation,4,0.2866,0.3433,0.3988,0.1664
handpd_meander,vgg16,0181-8,1,rotation,5,0.4639,0.5417,0.4505,0.2192
handpd_meander,vgg16,0138-7,1,jpeg_compression,1,0.9872,0.9945,0.9529,0.8532
handpd_meander,vgg16,0138-7,1,jpeg_compression,2,0.9475,0.9489,0.8261,0.6476
handpd_meander,vgg16,0138-7,1,jpeg_compression,3,0.9701,0.9676,0.9042,0.7072
handpd_meander,vgg16,0138-7,1,jpeg_compression,4,0.941,0.9678,0.8989,0.6628
handpd_meander,vgg16,0138-7,1,jpeg_compression,5,nan,nan,0.4068,0.1683
handpd_meander,vgg16,0138-7,1,gaussian_blur,1,0.9621,0.9444,0.8978,0.744
handpd_meander,vgg16,0138-7,1,gaussian_blur,2,0.8754,0.8504,0.7638,0.5866
handpd_meander,vgg16,0138-7,1,gaussian_blur,3,0.8284,0.6795,0.6706,0.5333
handpd_meander,vgg16,0138-7,1,gaussian_blur,4,0.8019,0.7273,0.6525,0.5154
handpd_meander,vgg16,0138-7,1,gaussian_blur,5,0.7722,0.7304,0.6576,0.4233
handpd_meander,vgg16,0138-7,1,gaussian_noise,1,0.9815,0.9775,0.9286,0.7936
handpd_meander,vgg16,0138-7,1,gaussian_noise,2,0.9365,0.8865,0.806,0.6527
handpd_meander,vgg16,0138-7,1,gaussian_noise,3,0.9027,0.8417,0.764,0.6437
handpd_meander,vgg16,0138-7,1,gaussian_noise,4,nan,nan,0.4068,0.1683
handpd_meander,vgg16,0138-7,1,gaussian_noise,5,nan,nan,0.4068,0.1683
handpd_meander,vgg16,0138-7,1,contrast,1,0.6742,0.6473,0.5969,0.4311
handpd_meander,vgg16,0138-7,1,contrast,2,0.8049,0.8624,0.7579,0.4598
handpd_meander,vgg16,0138-7,1,contrast,3,0.9676,0.9582,0.9059,0.6801
handpd_meander,vgg16,0138-7,1,contrast,4,0.956,0.9509,0.8736,0.6803
handpd_meander,vgg16,0138-7,1,contrast,5,0.8886,0.7397,0.712,0.5724
handpd_meander,vgg16,0138-7,1,brightness,1,0.7783,0.7869,0.7369,0.4547
handpd_meander,vgg16,0138-7,1,brightness,2,0.8349,0.7251,0.724,0.5561
handpd_meander,vgg16,0138-7,1,brightness,3,0.8743,0.8214,0.8081,0.5967
handpd_meander,vgg16,0138-7,1,brightness,4,nan,nan,0.4068,0.1683
handpd_meander,vgg16,0138-7,1,brightness,5,nan,nan,0.4068,0.1683
handpd_meander,vgg16,0138-7,1,shadow,1,0.961,0.9394,0.8767,0.725
handpd_meander,vgg16,0138-7,1,shadow,2,0.8677,0.7819,0.7477,0.5986
handpd_meander,vgg16,0138-7,1,shadow,3,0.8531,0.8004,0.7687,0.5905
handpd_meander,vgg16,0138-7,1,shadow,4,0.7821,0.8187,0.7543,0.5045
handpd_meander,vgg16,0138-7,1,shadow,5,0.7552,0.8052,0.7382,0.434
handpd_meander,vgg16,0138-7,1,perspective,1,0.6576,0.6342,0.6624,0.4199
handpd_meander,vgg16,0138-7,1,perspective,2,0.6629,0.7237,0.726,0.3958
handpd_meander,vgg16,0138-7,1,perspective,3,0.64,0.6536,0.5882,0.4115
handpd_meander,vgg16,0138-7,1,perspective,4,0.4087,0.62,0.6045,0.2469
handpd_meander,vgg16,0138-7,1,perspective,5,0.5381,0.6845,0.6279,0.2711
handpd_meander,vgg16,0138-7,1,rotation,1,0.6839,0.6372,0.6624,0.3571
handpd_meander,vgg16,0138-7,1,rotation,2,nan,nan,0.4068,0.1683
handpd_meander,vgg16,0138-7,1,rotation,3,0.5912,0.5437,0.494,0.3808
handpd_meander,vgg16,0138-7,1,rotation,4,0.1616,0.2524,0.4524,0.2328
handpd_meander,vgg16,0138-7,1,rotation,5,0.5094,0.538,0.5376,0.3113
handpd_meander,vgg16,0038-5,1,jpeg_compression,1,0.9984,0.9979,0.9916,0.9499
handpd_meander,vgg16,0038-5,1,jpeg_compression,2,0.9944,0.992,0.9817,0.8934
handpd_meander,vgg16,0038-5,1,jpeg_compression,3,0.9939,0.9931,0.9758,0.8642
handpd_meander,vgg16,0038-5,1,jpeg_compression,4,0.9866,0.9858,0.9702,0.8346
handpd_meander,vgg16,0038-5,1,jpeg_compression,5,0.858,0.758,0.6344,0.6421
handpd_meander,vgg16,0038-5,1,gaussian_blur,1,0.9972,0.9963,0.9893,0.9382
handpd_meander,vgg16,0038-5,1,gaussian_blur,2,0.993,0.989,0.9652,0.9085
handpd_meander,vgg16,0038-5,1,gaussian_blur,3,0.9846,0.975,0.9295,0.8866
handpd_meander,vgg16,0038-5,1,gaussian_blur,4,0.9765,0.9627,0.8993,0.8552
handpd_meander,vgg16,0038-5,1,gaussian_blur,5,0.9666,0.951,0.8717,0.7966
handpd_meander,vgg16,0038-5,1,gaussian_noise,1,0.9992,0.999,0.9956,0.9609
handpd_meander,vgg16,0038-5,1,gaussian_noise,2,0.9903,0.9911,0.9783,0.8792
handpd_meander,vgg16,0038-5,1,gaussian_noise,3,0.9943,0.9951,0.9734,0.8535
handpd_meander,vgg16,0038-5,1,gaussian_noise,4,0.9708,0.968,0.9243,0.7639
handpd_meander,vgg16,0038-5,1,gaussian_noise,5,0.9382,0.9158,0.8617,0.7211
handpd_meander,vgg16,0038-5,1,contrast,1,0.9535,0.9325,0.8386,0.7673
handpd_meander,vgg16,0038-5,1,contrast,2,0.9772,0.9652,0.9126,0.8357
handpd_meander,vgg16,0038-5,1,contrast,3,0.9919,0.9892,0.9707,0.8921
handpd_meander,vgg16,0038-5,1,contrast,4,0.9791,0.9711,0.9339,0.8242
handpd_meander,vgg16,0038-5,1,contrast,5,0.9606,0.9496,0.8758,0.7797
handpd_meander,vgg16,0038-5,1,brightness,1,0.9131,0.8927,0.7881,0.66
handpd_meander,vgg16,0038-5,1,brightness,2,0.9409,0.9199,0.8137,0.7235
handpd_meander,vgg16,0038-5,1,brightness,3,0.9689,0.9565,0.8774,0.8073
handpd_meander,vgg16,0038-5,1,brightness,4,0.849,0.8392,0.5143,0.7119
handpd_meander,vgg16,0038-5,1,brightness,5,0.8178,0.8162,0.5016,0.6749
handpd_meander,vgg16,0038-5,1,shadow,1,0.989,0.9876,0.9572,0.8715
handpd_meander,vgg16,0038-5,1,shadow,2,0.9749,0.9665,0.8934,0.8153
handpd_meander,vgg16,0038-5,1,shadow,3,0.9617,0.9506,0.864,0.7327
handpd_meander,vgg16,0038-5,1,shadow,4,0.9471,0.9309,0.8472,0.6795
handpd_meander,vgg16,0038-5,1,shadow,5,0.9349,0.9126,0.8342,0.676
handpd_meander,vgg16,0038-5,1,perspective,1,0.8955,0.8756,0.8012,0.6137
handpd_meander,vgg16,0038-5,1,perspective,2,0.9072,0.8568,0.7877,0.6816
handpd_meander,vgg16,0038-5,1,perspective,3,0.8756,0.7949,0.7377,0.6318
handpd_meander,vgg16,0038-5,1,perspective,4,0.8349,0.7291,0.6725,0.636
handpd_meander,vgg16,0038-5,1,perspective,5,0.7995,0.6683,0.6429,0.6016
handpd_meander,vgg16,0038-5,1,rotation,1,0.843,0.7671,0.6717,0.524
handpd_meander,vgg16,0038-5,1,rotation,2,0.634,0.64,0.5508,0.3585
handpd_meander,vgg16,0038-5,1,rotation,3,0.7494,0.6508,0.4843,0.4587
handpd_meander,vgg16,0038-5,1,rotation,4,0.4881,0.4916,0.363,0.3118
handpd_meander,vgg16,0038-5,1,rotation,5,0.5728,0.5462,0.4573,0.3022
handpd_meander,vgg16,0003-6,1,jpeg_compression,1,0.9974,0.9971,0.9893,0.9322
handpd_meander,vgg16,0003-6,1,jpeg_compression,2,0.9941,0.9867,0.9702,0.9382
handpd_meander,vgg16,0003-6,1,jpeg_compression,3,0.984,0.9813,0.9663,0.8173
handpd_meander,vgg16,0003-6,1,jpeg_compression,4,0.9639,0.9561,0.8955,0.8217
handpd_meander,vgg16,0003-6,1,jpeg_compression,5,0.845,0.8337,0.7198,0.4954
handpd_meander,vgg16,0003-6,1,gaussian_blur,1,0.9879,0.9874,0.965,0.8459
handpd_meander,vgg16,0003-6,1,gaussian_blur,2,0.9671,0.9653,0.9052,0.7725
handpd_meander,vgg16,0003-6,1,gaussian_blur,3,0.941,0.9395,0.8514,0.697
handpd_meander,vgg16,0003-6,1,gaussian_blur,4,0.9268,0.9205,0.8253,0.691
handpd_meander,vgg16,0003-6,1,gaussian_blur,5,0.9026,0.8937,0.7828,0.6193
handpd_meander,vgg16,0003-6,1,gaussian_noise,1,0.999,0.9984,0.9944,0.9619
handpd_meander,vgg16,0003-6,1,gaussian_noise,2,0.9945,0.9941,0.9763,0.8936
handpd_meander,vgg16,0003-6,1,gaussian_noise,3,0.9643,0.9547,0.9051,0.8224
handpd_meander,vgg16,0003-6,1,gaussian_noise,4,0.9553,0.941,0.8656,0.7414
handpd_meander,vgg16,0003-6,1,gaussian_noise,5,0.9166,0.882,0.8025,0.7088
handpd_meander,vgg16,0003-6,1,contrast,1,0.9192,0.896,0.8256,0.6996
handpd_meander,vgg16,0003-6,1,contrast,2,0.963,0.956,0.9084,0.7728
handpd_meander,vgg16,0003-6,1,contrast,3,0.9824,0.9757,0.9473,0.833
handpd_meander,vgg16,0003-6,1,contrast,4,0.9777,0.9671,0.9209,0.8491
handpd_meander,vgg16,0003-6,1,contrast,5,0.9419,0.9152,0.875,0.8071
handpd_meander,vgg16,0003-6,1,brightness,1,0.9183,0.8974,0.8248,0.6912
handpd_meander,vgg16,0003-6,1,brightness,2,0.9525,0.9349,0.8759,0.7431
handpd_meander,vgg16,0003-6,1,brightness,3,0.9761,0.9697,0.9426,0.7846
handpd_meander,vgg16,0003-6,1,brightness,4,0.6739,0.6975,0.4121,0.4698
handpd_meander,vgg16,0003-6,1,brightness,5,0.6476,0.6644,0.3985,0.467
handpd_meander,vgg16,0003-6,1,shadow,1,0.9844,0.9779,0.9442,0.8445
handpd_meander,vgg16,0003-6,1,shadow,2,0.9603,0.9394,0.8913,0.7888
handpd_meander,vgg16,0003-6,1,shadow,3,0.9396,0.9116,0.8644,0.753
handpd_meander,vgg16,0003-6,1,shadow,4,0.9008,0.8553,0.825,0.7082
handpd_meander,vgg16,0003-6,1,shadow,5,0.8587,0.8168,0.7727,0.6749
handpd_meander,vgg16,0003-6,1,perspective,1,0.9402,0.9401,0.8586,0.7119
handpd_meander,vgg16,0003-6,1,perspective,2,0.9015,0.8958,0.7953,0.6428
handpd_meander,vgg16,0003-6,1,perspective,3,0.7826,0.7653,0.6763,0.5146
handpd_meander,vgg16,0003-6,1,perspective,4,0.798,0.7933,0.7234,0.531
handpd_meander,vgg16,0003-6,1,perspective,5,0.7339,0.6937,0.6375,0.4787
handpd_meander,vgg16,0003-6,1,rotation,1,0.8769,0.8694,0.7326,0.5937
handpd_meander,vgg16,0003-6,1,rotation,2,0.6108,0.6163,0.4185,0.4295
handpd_meander,vgg16,0003-6,1,rotation,3,0.7489,0.7322,0.4798,0.5091
handpd_meander,vgg16,0003-6,1,rotation,4,0.4713,0.5139,0.3218,0.276
handpd_meander,vgg16,0003-6,1,rotation,5,0.6317,0.6227,0.4562,0.4352
handpd_meander,efficientnet_b0,0305-8,0,jpeg_compression,1,0.9995,0.9993,0.9986,0.965
handpd_meander,efficientnet_b0,0305-8,0,jpeg_compression,2,0.9969,0.9963,0.9948,0.9259
handpd_meander,efficientnet_b0,0305-8,0,jpeg_compression,3,0.988,0.9892,0.9757,0.863
handpd_meander,efficientnet_b0,0305-8,0,jpeg_compression,4,0.972,0.9665,0.9202,0.8216
handpd_meander,efficientnet_b0,0305-8,0,jpeg_compression,5,0.7689,0.7429,0.3872,0.6421
handpd_meander,efficientnet_b0,0305-8,0,gaussian_blur,1,0.9948,0.9948,0.9934,0.9129
handpd_meander,efficientnet_b0,0305-8,0,gaussian_blur,2,0.9878,0.9867,0.9859,0.8703
handpd_meander,efficientnet_b0,0305-8,0,gaussian_blur,3,0.9803,0.9795,0.9776,0.851
handpd_meander,efficientnet_b0,0305-8,0,gaussian_blur,4,0.978,0.9774,0.9703,0.8295
handpd_meander,efficientnet_b0,0305-8,0,gaussian_blur,5,0.9729,0.9723,0.9615,0.8267
handpd_meander,efficientnet_b0,0305-8,0,gaussian_noise,1,0.9989,0.9987,0.9976,0.959
handpd_meander,efficientnet_b0,0305-8,0,gaussian_noise,2,0.9871,0.985,0.9718,0.787
handpd_meander,efficientnet_b0,0305-8,0,gaussian_noise,3,0.9931,0.9925,0.9807,0.7937
handpd_meander,efficientnet_b0,0305-8,0,gaussian_noise,4,0.9645,0.9649,0.9459,0.7527
handpd_meander,efficientnet_b0,0305-8,0,gaussian_noise,5,0.9256,0.9349,0.9231,0.5149
handpd_meander,efficientnet_b0,0305-8,0,contrast,1,0.9407,0.9426,0.8584,0.7561
handpd_meander,efficientnet_b0,0305-8,0,contrast,2,0.9733,0.9717,0.9324,0.8076
handpd_meander,efficientnet_b0,0305-8,0,contrast,3,0.9888,0.9851,0.9668,0.8729
handpd_meander,efficientnet_b0,0305-8,0,contrast,4,0.9788,0.9763,0.9593,0.7398
handpd_meander,efficientnet_b0,0305-8,0,contrast,5,0.9628,0.9552,0.9338,0.6657
handpd_meander,efficientnet_b0,0305-8,0,brightness,1,0.9285,0.9043,0.9374,0.7601
handpd_meander,efficientnet_b0,0305-8,0,brightness,2,0.9446,0.9254,0.9074,0.7189
handpd_meander,efficientnet_b0,0305-8,0,brightness,3,0.968,0.9606,0.9322,0.7861
handpd_meander,efficientnet_b0,0305-8,0,brightness,4,0.721,0.711,0.4162,0.5311
handpd_meander,efficientnet_b0,0305-8,0,brightness,5,0.7261,0.7345,0.4033,0.5297
handpd_meander,efficientnet_b0,0305-8,0,shadow,1,0.9704,0.9621,0.9627,0.8045
handpd_meander,efficientnet_b0,0305-8,0,shadow,2,0.9531,0.9358,0.9211,0.7727
handpd_meander,efficientnet_b0,0305-8,0,shadow,3,0.9234,0.9158,0.8865,0.7509
handpd_meander,efficientnet_b0,0305-8,0,shadow,4,0.8618,0.8743,0.8332,0.7127
handpd_meander,efficientnet_b0,0305-8,0,shadow,5,0.8011,0.8243,0.7849,0.6161
handpd_meander,efficientnet_b0,0305-8,0,perspective,1,0.7852,0.736,0.6928,0.6562
handpd_meander,efficientnet_b0,0305-8,0,perspective,2,0.757,0.7003,0.7435,0.5154
handpd_meander,efficientnet_b0,0305-8,0,perspective,3,0.6924,0.6092,0.6254,0.4927
handpd_meander,efficientnet_b0,0305-8,0,perspective,4,0.6444,0.5377,0.5856,0.4574
handpd_meander,efficientnet_b0,0305-8,0,perspective,5,0.6304,0.4679,0.5255,0.4626
handpd_meander,efficientnet_b0,0305-8,0,rotation,1,0.6183,0.5498,0.5554,0.5205
handpd_meander,efficientnet_b0,0305-8,0,rotation,2,0.6417,0.5752,0.3275,0.3775
handpd_meander,efficientnet_b0,0305-8,0,rotation,3,0.2868,0.2561,0.3435,0.222
handpd_meander,efficientnet_b0,0305-8,0,rotation,4,0.4157,0.1831,0.2522,0.2357
handpd_meander,efficientnet_b0,0305-8,0,rotation,5,0.3181,0.341,0.3059,0.1711
handpd_meander,efficientnet_b0,0102-6,0,jpeg_compression,1,0.9973,0.9996,0.9934,0.9335
handpd_meander,efficientnet_b0,0102-6,0,jpeg_compression,2,0.9976,0.9997,0.9944,0.9333
handpd_meander,efficientnet_b0,0102-6,0,jpeg_compression,3,0.9893,0.8995,0.9297,0.9293
handpd_meander,efficientnet_b0,0102-6,0,jpeg_compression,4,0.874,0.8244,0.8496,0.6912
handpd_meander,efficientnet_b0,0102-6,0,jpeg_compression,5,nan,nan,0.711,0.049
handpd_meander,efficientnet_b0,0102-6,0,gaussian_blur,1,0.9794,0.8467,0.8933,0.8155
handpd_meander,efficientnet_b0,0102-6,0,gaussian_blur,2,0.9,0.5727,0.7777,0.5636
handpd_meander,efficientnet_b0,0102-6,0,gaussian_blur,3,0.4597,0.311,0.6497,0.2867
handpd_meander,efficientnet_b0,0102-6,0,gaussian_blur,4,0.302,0.215,0.6061,0.1994
handpd_meander,efficientnet_b0,0102-6,0,gaussian_blur,5,0.3368,0.1147,0.6301,0.2071
handpd_meander,efficientnet_b0,0102-6,0,gaussian_noise,1,0.9964,0.938,0.9699,0.9696
handpd_meander,efficientnet_b0,0102-6,0,gaussian_noise,2,0.9862,0.9844,0.9692,0.8803
handpd_meander,efficientnet_b0,0102-6,0,gaussian_noise,3,0.9464,0.9949,0.9304,0.7929
handpd_meander,efficientnet_b0,0102-6,0,gaussian_noise,4,0.9174,0.9787,0.9138,0.7591
handpd_meander,efficientnet_b0,0102-6,0,gaussian_noise,5,0.9359,0.954,0.92,0.8408
handpd_meander,efficientnet_b0,0102-6,0,contrast,1,0.887,0.7265,0.8122,0.6653
handpd_meander,efficientnet_b0,0102-6,0,contrast,2,0.9571,0.9826,0.9516,0.8309
handpd_meander,efficientnet_b0,0102-6,0,contrast,3,0.988,0.985,0.9821,0.93
handpd_meander,efficientnet_b0,0102-6,0,contrast,4,0.944,0.7551,0.7398,0.7625
handpd_meander,efficientnet_b0,0102-6,0,contrast,5,0.8969,0.7449,0.8093,0.7883
handpd_meander,efficientnet_b0,0102-6,0,brightness,1,0.7548,0.5668,0.5771,0.5642
handpd_meander,efficientnet_b0,0102-6,0,brightness,2,0.8922,0.7432,0.6337,0.7505
handpd_meander,efficientnet_b0,0102-6,0,brightness,3,0.9358,0.7596,0.665,0.8249
handpd_meander,efficientnet_b0,0102-6,0,brightness,4,nan,nan,0.711,0.049
handpd_meander,efficientnet_b0,0102-6,0,brightness,5,nan,nan,0.711,0.049
handpd_meander,efficientnet_b0,0102-6,0,shadow,1,0.8448,0.7914,0.7644,0.6921
handpd_meander,efficientnet_b0,0102-6,0,shadow,2,0.7674,0.7025,0.6553,0.6405
handpd_meander,efficientnet_b0,0102-6,0,shadow,3,0.7484,0.6602,0.5659,0.6047
handpd_meander,efficientnet_b0,0102-6,0,shadow,4,0.7343,0.6381,0.5148,0.5127
handpd_meander,efficientnet_b0,0102-6,0,shadow,5,0.6768,0.575,0.4677,0.4569
handpd_meander,efficientnet_b0,0102-6,0,perspective,1,0.5716,0.5565,0.6928,0.4612
handpd_meander,efficientnet_b0,0102-6,0,perspective,2,0.4362,0.4765,0.597,0.359
handpd_meander,efficientnet_b0,0102-6,0,perspective,3,0.3278,0.4179,0.5805,0.2988
handpd_meander,efficientnet_b0,0102-6,0,perspective,4,0.2095,0.3977,0.5356,0.2519
handpd_meander,efficientnet_b0,0102-6,0,perspective,5,0.17,0.2546,0.5541,0.257
handpd_meander,efficientnet_b0,0102-6,0,rotation,1,0.5116,0.5881,0.6028,0.369
handpd_meander,efficientnet_b0,0102-6,0,rotation,2,0.2755,0.1169,0.5622,0.156
handpd_meander,efficientnet_b0,0102-6,0,rotation,3,0.3016,0.2984,0.4824,0.2455
handpd_meander,efficientnet_b0,0102-6,0,rotation,4,0.1032,-0.0839,0.4067,0.1306
handpd_meander,efficientnet_b0,0102-6,0,rotation,5,0.0703,0.1865,0.4967,0.1342
handpd_meander,efficientnet_b0,0297-7,0,jpeg_compression,1,0.9991,0.9995,0.9821,0.9742
handpd_meander,efficientnet_b0,0297-7,0,jpeg_compression,2,0.9963,0.9903,0.9603,0.9416
handpd_meander,efficientnet_b0,0297-7,0,jpeg_compression,3,0.9856,0.9869,0.9114,0.8859
handpd_meander,efficientnet_b0,0297-7,0,jpeg_compression,4,0.9747,0.8863,0.8462,0.8379
handpd_meander,efficientnet_b0,0297-7,0,jpeg_compression,5,nan,nan,0.4168,0.3045
handpd_meander,efficientnet_b0,0297-7,0,gaussian_blur,1,0.9885,0.9812,0.8952,0.92
handpd_meander,efficientnet_b0,0297-7,0,gaussian_blur,2,0.9662,0.9492,0.8271,0.8487
handpd_meander,efficientnet_b0,0297-7,0,gaussian_blur,3,0.9387,0.9114,0.7667,0.7966
handpd_meander,efficientnet_b0,0297-7,0,gaussian_blur,4,0.8952,0.8871,0.7087,0.6754
handpd_meander,efficientnet_b0,0297-7,0,gaussian_blur,5,0.8363,0.7831,0.6504,0.5975
handpd_meander,efficientnet_b0,0297-7,0,gaussian_noise,1,0.9962,0.9984,0.9746,0.9678
handpd_meander,efficientnet_b0,0297-7,0,gaussian_noise,2,0.9869,0.9942,0.9617,0.8995
handpd_meander,efficientnet_b0,0297-7,0,gaussian_noise,3,0.9821,0.9876,0.9559,0.7937
handpd_meander,efficientnet_b0,0297-7,0,gaussian_noise,4,0.9326,0.9508,0.865,0.6839
handpd_meander,efficientnet_b0,0297-7,0,gaussian_noise,5,0.927,0.8562,0.7824,0.6679
handpd_meander,efficientnet_b0,0297-7,0,contrast,1,0.9526,0.9679,0.9088,0.7417
handpd_meander,efficientnet_b0,0297-7,0,contrast,2,0.9753,0.9865,0.9318,0.8197
handpd_meander,efficientnet_b0,0297-7,0,contrast,3,0.9801,0.9897,0.9401,0.9127
handpd_meander,efficientnet_b0,0297-7,0,contrast,4,0.9858,0.9764,0.9514,0.8523
handpd_meander,efficientnet_b0,0297-7,0,contrast,5,0.9669,0.9645,0.9149,0.7667
handpd_meander,efficientnet_b0,0297-7,0,brightness,1,0.8846,0.8892,0.7455,0.5826
handpd_meander,efficientnet_b0,0297-7,0,brightness,2,0.8909,0.9096,0.7512,0.6256
handpd_meander,efficientnet_b0,0297-7,0,brightness,3,0.9303,0.9488,0.7832,0.7886
handpd_meander,efficientnet_b0,0297-7,0,brightness,4,nan,nan,0.4168,0.3045
handpd_meander,efficientnet_b0,0297-7,0,brightness,5,nan,nan,0.4168,0.3045
handpd_meander,efficientnet_b0,0297-7,0,shadow,1,0.9639,0.9724,0.8532,0.8614
handpd_meander,efficientnet_b0,0297-7,0,shadow,2,0.9199,0.9382,0.7744,0.7338
handpd_meander,efficientnet_b0,0297-7,0,shadow,3,0.8112,0.871,0.7277,0.3775
handpd_meander,efficientnet_b0,0297-7,0,shadow,4,0.6497,0.7969,0.6515,0.2932
handpd_meander,efficientnet_b0,0297-7,0,shadow,5,0.4943,0.6802,0.5891,0.2525
handpd_meander,efficientnet_b0,0297-7,0,perspective,1,0.9049,0.9237,0.8481,0.6682
handpd_meander,efficientnet_b0,0297-7,0,perspective,2,0.8291,0.7881,0.6811,0.5765
handpd_meander,efficientnet_b0,0297-7,0,perspective,3,0.8093,0.8249,0.6684,0.5303
handpd_meander,efficientnet_b0,0297-7,0,perspective,4,0.8189,0.8334,0.6738,0.545
handpd_meander,efficientnet_b0,0297-7,0,perspective,5,0.7517,0.7839,0.6203,0.5186
handpd_meander,efficientnet_b0,0297-7,0,rotation,1,0.6343,0.7678,0.6487,0.4314
handpd_meander,efficientnet_b0,0297-7,0,rotation,2,0.6803,0.5224,0.5397,0.3683
handpd_meander,efficientnet_b0,0297-7,0,rotation,3,0.3253,0.5595,0.5482,0.2318
handpd_meander,efficientnet_b0,0297-7,0,rotation,4,0.5869,0.4333,0.4907,0.2973
handpd_meander,efficientnet_b0,0297-7,0,rotation,5,0.1283,0.3167,0.4577,0.1121
handpd_meander,efficientnet_b0,0102-5,0,jpeg_compression,1,0.9998,1.0,0.9983,0.9861
handpd_meander,efficientnet_b0,0102-5,0,jpeg_compression,2,0.9972,0.991,0.9881,0.9605
handpd_meander,efficientnet_b0,0102-5,0,jpeg_compression,3,0.9973,0.9015,0.9864,0.9552
handpd_meander,efficientnet_b0,0102-5,0,jpeg_compression,4,0.9919,0.9516,0.972,0.8696
handpd_meander,efficientnet_b0,0102-5,0,jpeg_compression,5,nan,nan,0.7694,0.1566
handpd_meander,efficientnet_b0,0102-5,0,gaussian_blur,1,0.9995,1.0,0.9963,0.9795
handpd_meander,efficientnet_b0,0102-5,0,gaussian_blur,2,0.9979,0.991,0.9886,0.9611
handpd_meander,efficientnet_b0,0102-5,0,gaussian_blur,3,0.9965,0.9908,0.9764,0.8865
handpd_meander,efficientnet_b0,0102-5,0,gaussian_blur,4,0.9963,0.8754,0.936,0.8672
handpd_meander,efficientnet_b0,0102-5,0,gaussian_blur,5,0.9948,0.825,0.9178,0.8254
handpd_meander,efficientnet_b0,0102-5,0,gaussian_noise,1,0.9991,0.9999,0.9965,0.9285
handpd_meander,efficientnet_b0,0102-5,0,gaussian_noise,2,0.998,0.991,0.9906,0.968
handpd_meander,efficientnet_b0,0102-5,0,gaussian_noise,3,0.9932,0.9908,0.9722,0.945
handpd_meander,efficientnet_b0,0102-5,0,gaussian_noise,4,0.9981,0.991,0.9917,0.9588
handpd_meander,efficientnet_b0,0102-5,0,gaussian_noise,5,0.9837,0.8907,0.9359,0.7357
handpd_meander,efficientnet_b0,0102-5,0,contrast,1,0.9906,0.9992,0.969,0.8936
handpd_meander,efficientnet_b0,0102-5,0,contrast,2,0.9967,0.9997,0.9905,0.9164
handpd_meander,efficientnet_b0,0102-5,0,contrast,3,0.9994,0.9215,0.9926,0.968
handpd_meander,efficientnet_b0,0102-5,0,contrast,4,0.9976,0.9998,0.9948,0.9195
handpd_meander,efficientnet_b0,0102-5,0,contrast,5,0.9964,0.9996,0.9936,0.9195
handpd_meander,efficientnet_b0,0102-5,0,brightness,1,0.9847,0.7395,0.7829,0.7375
handpd_meander,efficientnet_b0,0102-5,0,brightness,2,0.9758,0.726,0.7144,0.7638
handpd_meander,efficientnet_b0,0102-5,0,brightness,3,0.9789,0.7641,0.7948,0.8289
handpd_meander,efficientnet_b0,0102-5,0,brightness,4,nan,nan,0.7694,0.1566
handpd_meander,efficientnet_b0,0102-5,0,brightness,5,nan,nan,0.7694,0.1566
handpd_meander,efficientnet_b0,0102-5,0,shadow,1,0.9879,0.8078,0.8456,0.9024
handpd_meander,efficientnet_b0,0102-5,0,shadow,2,0.9827,0.7318,0.6763,0.8142
handpd_meander,efficientnet_b0,0102-5,0,shadow,3,0.9645,0.6398,0.5723,0.7195
handpd_meander,efficientnet_b0,0102-5,0,shadow,4,0.9315,0.577,0.5324,0.6332
handpd_meander,efficientnet_b0,0102-5,0,shadow,5,0.9008,0.5417,0.4682,0.5686
handpd_meander,efficientnet_b0,0102-5,0,perspective,1,0.9826,0.8904,0.9408,0.7357
handpd_meander,efficientnet_b0,0102-5,0,perspective,2,0.911,0.8882,0.9018,0.7357
handpd_meander,efficientnet_b0,0102-5,0,perspective,3,0.8772,0.7099,0.8217,0.6252
handpd_meander,efficientnet_b0,0102-5,0,perspective,4,0.8223,0.6331,0.8021,0.535
handpd_meander,efficientnet_b0,0102-5,0,perspective,5,0.8799,0.7547,0.8273,0.6524
handpd_meander,efficientnet_b0,0102-5,0,rotation,1,0.8332,0.7423,0.8103,0.7417
handpd_meander,efficientnet_b0,0102-5,0,rotation,2,0.9547,0.8113,0.9151,0.7356
handpd_meander,efficientnet_b0,0102-5,0,rotation,3,-0.0318,0.0511,0.5527,0.131
handpd_meander,efficientnet_b0,0102-5,0,rotation,4,0.9118,0.6306,0.7289,0.5319
handpd_meander,efficientnet_b0,0102-5,0,rotation,5,-0.1433,-0.0815,0.5,0.0448
handpd_meander,efficientnet_b0,0129-6,0,jpeg_compression,1,0.9992,0.9994,0.9779,0.9696
handpd_meander,efficientnet_b0,0129-6,0,jpeg_compression,2,0.9952,0.9982,0.9572,0.9018
handpd_meander,efficientnet_b0,0129-6,0,jpeg_compression,3,0.9893,0.9948,0.9289,0.7837
handpd_meander,efficientnet_b0,0129-6,0,jpeg_compression,4,0.9749,0.7123,0.8038,0.6328
handpd_meander,efficientnet_b0,0129-6,0,jpeg_compression,5,0.7142,0.449,0.6763,0.4088
handpd_meander,efficientnet_b0,0129-6,0,gaussian_blur,1,0.9951,0.8918,0.9025,0.9087
handpd_meander,efficientnet_b0,0129-6,0,gaussian_blur,2,0.9697,0.7384,0.7979,0.6083
handpd_meander,efficientnet_b0,0129-6,0,gaussian_blur,3,0.9242,0.701,0.737,0.519
handpd_meander,efficientnet_b0,0129-6,0,gaussian_blur,4,0.8685,0.6343,0.7169,0.4719
handpd_meander,efficientnet_b0,0129-6,0,gaussian_blur,5,0.8453,0.6466,0.7167,0.4838
handpd_meander,efficientnet_b0,0129-6,0,gaussian_noise,1,0.9928,0.9478,0.9476,0.9254
handpd_meander,efficientnet_b0,0129-6,0,gaussian_noise,2,0.9902,0.9604,0.9377,0.8703
handpd_meander,efficientnet_b0,0129-6,0,gaussian_noise,3,0.9769,0.9123,0.8514,0.6937
handpd_meander,efficientnet_b0,0129-6,0,gaussian_noise,4,0.975,0.7656,0.831,0.726
handpd_meander,efficientnet_b0,0129-6,0,gaussian_noise,5,0.9374,0.7838,0.799,0.6877
handpd_meander,efficientnet_b0,0129-6,0,contrast,1,0.9574,0.8552,0.853,0.7812
handpd_meander,efficientnet_b0,0129-6,0,contrast,2,0.9839,0.7769,0.873,0.8547
handpd_meander,efficientnet_b0,0129-6,0,contrast,3,0.9936,0.82,0.9046,0.8938
handpd_meander,efficientnet_b0,0129-6,0,contrast,4,0.9867,0.877,0.831,0.8932
handpd_meander,efficientnet_b0,0129-6,0,contrast,5,0.9448,0.8017,0.7988,0.7805
handpd_meander,efficientnet_b0,0129-6,0,brightness,1,0.9339,0.669,0.6499,0.7446
handpd_meander,efficientnet_b0,0129-6,0,brightness,2,0.931,0.7563,0.5809,0.7936
handpd_meander,efficientnet_b0,0129-6,0,brightness,3,0.9318,0.7708,0.5616,0.7763
handpd_meander,efficientnet_b0,0129-6,0,brightness,4,nan,nan,0.6495,0.2812
handpd_meander,efficientnet_b0,0129-6,0,brightness,5,nan,nan,0.6495,0.2812
handpd_meander,efficientnet_b0,0129-6,0,shadow,1,0.9672,0.8419,0.7798,0.826
handpd_meander,efficientnet_b0,0129-6,0,shadow,2,0.9113,0.7827,0.5871,0.6731
handpd_meander,efficientnet_b0,0129-6,0,shadow,3,0.8252,0.7041,0.4833,0.5467
handpd_meander,efficientnet_b0,0129-6,0,shadow,4,0.7205,0.5477,0.4648,0.5246
handpd_meander,efficientnet_b0,0129-6,0,shadow,5,0.6182,0.4245,0.4425,0.4797
handpd_meander,efficientnet_b0,0129-6,0,perspective,1,0.8462,0.4913,0.6751,0.3845
handpd_meander,efficientnet_b0,0129-6,0,perspective,2,0.586,0.4796,0.636,0.3266
handpd_meander,efficientnet_b0,0129-6,0,perspective,3,0.8799,0.7165,0.7676,0.5288
handpd_meander,efficientnet_b0,0129-6,0,perspective,4,0.7082,0.5453,0.703,0.5254
handpd_meander,efficientnet_b0,0129-6,0,perspective,5,0.865,0.5431,0.755,0.4762
handpd_meander,efficientnet_b0,0129-6,0,rotation,1,0.6767,0.5502,0.6686,0.525
handpd_meander,efficientnet_b0,0129-6,0,rotation,2,0.5351,0.4098,0.68,0.4496
handpd_meander,efficientnet_b0,0129-6,0,rotation,3,0.0087,0.3481,0.5052,0.1501
handpd_meander,efficientnet_b0,0129-6,0,rotation,4,0.4355,0.4837,0.6615,0.3789
handpd_meander,efficientnet_b0,0129-6,0,rotation,5,-0.0757,0.2424,0.4589,0.0887
handpd_meander,efficientnet_b0,0024-8,1,jpeg_compression,1,0.9974,0.997,0.9811,0.9433
handpd_meander,efficientnet_b0,0024-8,1,jpeg_compression,2,0.9835,0.9802,0.9537,0.8452
handpd_meander,efficientnet_b0,0024-8,1,jpeg_compression,3,0.9843,0.9865,0.9343,0.8893
handpd_meander,efficientnet_b0,0024-8,1,jpeg_compression,4,0.9068,0.9164,0.7654,0.6781
handpd_meander,efficientnet_b0,0024-8,1,jpeg_compression,5,0.6217,0.6434,0.3443,0.4048
handpd_meander,efficientnet_b0,0024-8,1,gaussian_blur,1,0.9741,0.9813,0.914,0.8833
handpd_meander,efficientnet_b0,0024-8,1,gaussian_blur,2,0.9375,0.9537,0.814,0.8021
handpd_meander,efficientnet_b0,0024-8,1,gaussian_blur,3,0.893,0.9167,0.7198,0.7183
handpd_meander,efficientnet_b0,0024-8,1,gaussian_blur,4,0.8656,0.8931,0.6661,0.6826
handpd_meander,efficientnet_b0,0024-8,1,gaussian_blur,5,0.8341,0.8729,0.6024,0.6212
handpd_meander,efficientnet_b0,0024-8,1,gaussian_noise,1,0.9973,0.997,0.9932,0.9438
handpd_meander,efficientnet_b0,0024-8,1,gaussian_noise,2,0.9913,0.9874,0.9867,0.8672
handpd_meander,efficientnet_b0,0024-8,1,gaussian_noise,3,0.9757,0.9771,0.9666,0.7731
handpd_meander,efficientnet_b0,0024-8,1,gaussian_noise,4,0.9459,0.9569,0.8152,0.8551
handpd_meander,efficientnet_b0,0024-8,1,gaussian_noise,5,0.9211,0.9359,0.8295,0.7398
handpd_meander,efficientnet_b0,0024-8,1,contrast,1,0.9367,0.9475,0.8844,0.704
handpd_meander,efficientnet_b0,0024-8,1,contrast,2,0.9708,0.9711,0.9516,0.791
handpd_meander,efficientnet_b0,0024-8,1,contrast,3,0.9903,0.9892,0.9828,0.8602
handpd_meander,efficientnet_b0,0024-8,1,contrast,4,0.9913,0.9882,0.9799,0.8875
handpd_meander,efficientnet_b0,0024-8,1,contrast,5,0.9747,0.9704,0.9599,0.8097
handpd_meander,efficientnet_b0,0024-8,1,brightness,1,0.8958,0.9156,0.8515,0.5704
handpd_meander,efficientnet_b0,0024-8,1,brightness,2,0.9589,0.9696,0.9335,0.6875
handpd_meander,efficientnet_b0,0024-8,1,brightness,3,0.972,0.9814,0.9322,0.799
handpd_meander,efficientnet_b0,0024-8,1,brightness,4,0.4744,0.5084,0.155,0.4303
handpd_meander,efficientnet_b0,0024-8,1,brightness,5,0.4729,0.5078,0.1535,0.4257
handpd_meander,efficientnet_b0,0024-8,1,shadow,1,0.9628,0.9755,0.9546,0.7419
handpd_meander,efficientnet_b0,0024-8,1,shadow,2,0.9279,0.944,0.9188,0.6132
handpd_meander,efficientnet_b0,0024-8,1,shadow,3,0.8975,0.9143,0.8789,0.59
handpd_meander,efficientnet_b0,0024-8,1,shadow,4,0.8603,0.8731,0.8278,0.5984
handpd_meander,efficientnet_b0,0024-8,1,shadow,5,0.812,0.8315,0.7409,0.5168
handpd_meander,efficientnet_b0,0024-8,1,perspective,1,0.8288,0.8428,0.7132,0.5916
handpd_meander,efficientnet_b0,0024-8,1,perspective,2,0.5922,0.5793,0.6222,0.3311
handpd_meander,efficientnet_b0,0024-8,1,perspective,3,0.1443,0.1067,0.4076,0.1142
handpd_meander,efficientnet_b0,0024-8,1,perspective,4,0.0328,-0.1506,0.2981,0.0873
handpd_meander,efficientnet_b0,0024-8,1,perspective,5,0.121,-0.1706,0.3116,0.1104
handpd_meander,efficientnet_b0,0024-8,1,rotation,1,0.2885,0.0897,0.3632,0.1956
handpd_meander,efficientnet_b0,0024-8,1,rotation,2,-0.0193,-0.0787,0.3004,0.0221
handpd_meander,efficientnet_b0,0024-8,1,rotation,3,0.2782,0.1809,0.3439,0.1956
handpd_meander,efficientnet_b0,0024-8,1,rotation,4,-0.0168,-0.1268,0.2635,0.0171
handpd_meander,efficientnet_b0,0024-8,1,rotation,5,0.2293,0.1346,0.2404,0.1959
handpd_meander,efficientnet_b0,0181-8,1,jpeg_compression,1,0.999,0.999,0.9956,0.9546
handpd_meander,efficientnet_b0,0181-8,1,jpeg_compression,2,0.9922,0.9919,0.9858,0.8559
handpd_meander,efficientnet_b0,0181-8,1,jpeg_compression,3,0.9912,0.9927,0.9581,0.8616
handpd_meander,efficientnet_b0,0181-8,1,jpeg_compression,4,0.957,0.9725,0.7256,0.7647
handpd_meander,efficientnet_b0,0181-8,1,jpeg_compression,5,0.6352,0.719,0.3274,0.3214
handpd_meander,efficientnet_b0,0181-8,1,gaussian_blur,1,0.9804,0.9832,0.8822,0.8322
handpd_meander,efficientnet_b0,0181-8,1,gaussian_blur,2,0.9565,0.9672,0.7766,0.7632
handpd_meander,efficientnet_b0,0181-8,1,gaussian_blur,3,0.9215,0.9408,0.6767,0.6694
handpd_meander,efficientnet_b0,0181-8,1,gaussian_blur,4,0.8975,0.9134,0.6067,0.6337
handpd_meander,efficientnet_b0,0181-8,1,gaussian_blur,5,0.8777,0.9005,0.5589,0.6066
handpd_meander,efficientnet_b0,0181-8,1,gaussian_noise,1,0.996,0.997,0.9814,0.8995
handpd_meander,efficientnet_b0,0181-8,1,gaussian_noise,2,0.9845,0.9874,0.9484,0.8379
handpd_meander,efficientnet_b0,0181-8,1,gaussian_noise,3,0.9281,0.9297,0.9195,0.6366
handpd_meander,efficientnet_b0,0181-8,1,gaussian_noise,4,0.9408,0.9417,0.9181,0.6412
handpd_meander,efficientnet_b0,0181-8,1,gaussian_noise,5,0.9397,0.9345,0.8704,0.7312
handpd_meander,efficientnet_b0,0181-8,1,contrast,1,0.9039,0.9194,0.6987,0.5497
handpd_meander,efficientnet_b0,0181-8,1,contrast,2,0.9639,0.9694,0.8833,0.733
handpd_meander,efficientnet_b0,0181-8,1,contrast,3,0.9913,0.9921,0.9822,0.8399
handpd_meander,efficientnet_b0,0181-8,1,contrast,4,0.9725,0.9746,0.8503,0.8315
handpd_meander,efficientnet_b0,0181-8,1,contrast,5,0.9686,0.9734,0.8138,0.8194
handpd_meander,efficientnet_b0,0181-8,1,brightness,1,0.933,0.9471,0.8631,0.5869
handpd_meander,efficientnet_b0,0181-8,1,brightness,2,0.9471,0.953,0.8902,0.6368
handpd_meander,efficientnet_b0,0181-8,1,brightness,3,0.9755,0.9786,0.8823,0.78
handpd_meander,efficientnet_b0,0181-8,1,brightness,4,0.118,0.1673,0.1316,0.0837
handpd_meander,efficientnet_b0,0181-8,1,brightness,5,0.1824,0.1807,0.1277,0.0988
handpd_meander,efficientnet_b0,0181-8,1,shadow,1,0.9817,0.9859,0.9393,0.7931
handpd_meander,efficientnet_b0,0181-8,1,shadow,2,0.9481,0.9512,0.8725,0.7235
handpd_meander,efficientnet_b0,0181-8,1,shadow,3,0.8854,0.8842,0.8432,0.6658
handpd_meander,efficientnet_b0,0181-8,1,shadow,4,0.8085,0.8017,0.8165,0.6491
handpd_meander,efficientnet_b0,0181-8,1,shadow,5,0.7346,0.7205,0.7724,0.5518
handpd_meander,efficientnet_b0,0181-8,1,perspective,1,0.7441,0.7999,0.6718,0.3709
handpd_meander,efficientnet_b0,0181-8,1,perspective,2,0.564,0.575,0.6485,0.2085
handpd_meander,efficientnet_b0,0181-8,1,perspective,3,0.3563,0.3762,0.5187,0.1521
handpd_meander,efficientnet_b0,0181-8,1,perspective,4,0.069,-0.0344,0.3882,0.1193
handpd_meander,efficientnet_b0,0181-8,1,perspective,5,0.2341,0.1031,0.397,0.1287
handpd_meander,efficientnet_b0,0181-8,1,rotation,1,0.414,0.491,0.3946,0.1714
handpd_meander,efficientnet_b0,0181-8,1,rotation,2,0.2423,0.2225,0.2327,0.106
handpd_meander,efficientnet_b0,0181-8,1,rotation,3,0.3629,0.3783,0.2678,0.2074
handpd_meander,efficientnet_b0,0181-8,1,rotation,4,0.153,0.1607,0.2006,0.0768
handpd_meander,efficientnet_b0,0181-8,1,rotation,5,0.295,0.2756,0.2468,0.2218
handpd_meander,efficientnet_b0,0138-7,1,jpeg_compression,1,0.9992,0.9891,0.9832,0.9416
handpd_meander,efficientnet_b0,0138-7,1,jpeg_compression,2,0.9946,0.9759,0.953,0.9255
handpd_meander,efficientnet_b0,0138-7,1,jpeg_compression,3,0.9916,0.9967,0.9795,0.8661
handpd_meander,efficientnet_b0,0138-7,1,jpeg_compression,4,0.9564,0.9381,0.8568,0.7202
handpd_meander,efficientnet_b0,0138-7,1,jpeg_compression,5,nan,nan,0.5355,0.2498
handpd_meander,efficientnet_b0,0138-7,1,gaussian_blur,1,0.9946,0.9821,0.9657,0.8961
handpd_meander,efficientnet_b0,0138-7,1,gaussian_blur,2,0.9796,0.9603,0.9274,0.7877
handpd_meander,efficientnet_b0,0138-7,1,gaussian_blur,3,0.9649,0.8995,0.8657,0.7372
handpd_meander,efficientnet_b0,0138-7,1,gaussian_blur,4,0.9635,0.8808,0.8589,0.7473
handpd_meander,efficientnet_b0,0138-7,1,gaussian_blur,5,0.939,0.8795,0.8214,0.7199
handpd_meander,efficientnet_b0,0138-7,1,gaussian_noise,1,0.9967,0.988,0.9723,0.9173
handpd_meander,efficientnet_b0,0138-7,1,gaussian_noise,2,0.9934,0.9882,0.9564,0.9198
handpd_meander,efficientnet_b0,0138-7,1,gaussian_noise,3,0.9782,0.9744,0.9007,0.8201
handpd_meander,efficientnet_b0,0138-7,1,gaussian_noise,4,0.9194,0.8109,0.721,0.7709
handpd_meander,efficientnet_b0,0138-7,1,gaussian_noise,5,0.9035,0.7843,0.7049,0.657
handpd_meander,efficientnet_b0,0138-7,1,contrast,1,0.9764,0.9622,0.881,0.7747
handpd_meander,efficientnet_b0,0138-7,1,contrast,2,0.9948,0.9859,0.9598,0.9015
handpd_meander,efficientnet_b0,0138-7,1,contrast,3,0.9969,0.9883,0.9727,0.9158
handpd_meander,efficientnet_b0,0138-7,1,contrast,4,0.9878,0.9847,0.9501,0.852
handpd_meander,efficientnet_b0,0138-7,1,contrast,5,0.9824,0.9831,0.9359,0.854
handpd_meander,efficientnet_b0,0138-7,1,brightness,1,0.9528,0.9572,0.8933,0.7339
handpd_meander,efficientnet_b0,0138-7,1,brightness,2,0.9183,0.9384,0.8026,0.6607
handpd_meander,efficientnet_b0,0138-7,1,brightness,3,0.9214,0.9385,0.7956,0.6974
handpd_meander,efficientnet_b0,0138-7,1,brightness,4,nan,nan,0.5355,0.2498
handpd_meander,efficientnet_b0,0138-7,1,brightness,5,nan,nan,0.5355,0.2498
handpd_meander,efficientnet_b0,0138-7,1,shadow,1,0.9586,0.9433,0.8188,0.8289
handpd_meander,efficientnet_b0,0138-7,1,shadow,2,0.8998,0.9057,0.684,0.6958
handpd_meander,efficientnet_b0,0138-7,1,shadow,3,0.8269,0.8466,0.625,0.485
handpd_meander,efficientnet_b0,0138-7,1,shadow,4,0.7355,0.7379,0.5845,0.3756
handpd_meander,efficientnet_b0,0138-7,1,shadow,5,0.6598,0.6737,0.5713,0.3563
handpd_meander,efficientnet_b0,0138-7,1,perspective,1,0.9012,0.867,0.7857,0.6833
handpd_meander,efficientnet_b0,0138-7,1,perspective,2,0.7786,0.8039,0.7008,0.523
handpd_meander,efficientnet_b0,0138-7,1,perspective,3,0.7467,0.7393,0.6916,0.4834
handpd_meander,efficientnet_b0,0138-7,1,perspective,4,0.6842,0.733,0.6633,0.4567
handpd_meander,efficientnet_b0,0138-7,1,perspective,5,0.6531,0.6331,0.6371,0.3948
handpd_meander,efficientnet_b0,0138-7,1,rotation,1,0.3631,0.5567,0.5894,0.3577
handpd_meander,efficientnet_b0,0138-7,1,rotation,2,0.7201,0.5938,0.6109,0.4888
handpd_meander,efficientnet_b0,0138-7,1,rotation,3,0.1072,0.3266,0.4877,0.1785
handpd_meander,efficientnet_b0,0138-7,1,rotation,4,0.8136,0.7808,0.6877,0.436
handpd_meander,efficientnet_b0,0138-7,1,rotation,5,0.0154,0.1965,0.4219,0.1267
handpd_meander,efficientnet_b0,0038-5,1,jpeg_compression,1,0.9985,0.9982,0.9835,0.9571
handpd_meander,efficientnet_b0,0038-5,1,jpeg_compression,2,0.9947,0.992,0.9589,0.8881
handpd_meander,efficientnet_b0,0038-5,1,jpeg_compression,3,0.9943,0.9931,0.9727,0.8649
handpd_meander,efficientnet_b0,0038-5,1,jpeg_compression,4,0.9874,0.9768,0.9149,0.8216
handpd_meander,efficientnet_b0,0038-5,1,jpeg_compression,5,0.6624,0.7131,0.5122,0.3443
handpd_meander,efficientnet_b0,0038-5,1,gaussian_blur,1,0.9888,0.9865,0.8963,0.9058
handpd_meander,efficientnet_b0,0038-5,1,gaussian_blur,2,0.975,0.9753,0.8252,0.7894
handpd_meander,efficientnet_b0,0038-5,1,gaussian_blur,3,0.9633,0.9535,0.7893,0.7519
handpd_meander,efficientnet_b0,0038-5,1,gaussian_blur,4,0.9551,0.9361,0.7698,0.7616
handpd_meander,efficientnet_b0,0038-5,1,gaussian_blur,5,0.9489,0.9352,0.7619,0.7932
handpd_meander,efficientnet_b0,0038-5,1,gaussian_noise,1,0.9991,0.9988,0.9936,0.945
handpd_meander,efficientnet_b0,0038-5,1,gaussian_noise,2,0.9787,0.9734,0.8899,0.7032
handpd_meander,efficientnet_b0,0038-5,1,gaussian_noise,3,0.962,0.9495,0.8412,0.814
handpd_meander,efficientnet_b0,0038-5,1,gaussian_noise,4,0.9593,0.9502,0.8422,0.6398
handpd_meander,efficientnet_b0,0038-5,1,gaussian_noise,5,0.8977,0.877,0.76,0.5907
handpd_meander,efficientnet_b0,0038-5,1,contrast,1,0.9512,0.9523,0.86,0.6428
handpd_meander,efficientnet_b0,0038-5,1,contrast,2,0.9728,0.9677,0.9148,0.8207
handpd_meander,efficientnet_b0,0038-5,1,contrast,3,0.9814,0.9767,0.9256,0.8879
handpd_meander,efficientnet_b0,0038-5,1,contrast,4,0.9928,0.9857,0.9212,0.887
handpd_meander,efficientnet_b0,0038-5,1,contrast,5,0.9788,0.9672,0.86,0.8165
handpd_meander,efficientnet_b0,0038-5,1,brightness,1,0.7532,0.746,0.6067,0.3781
handpd_meander,efficientnet_b0,0038-5,1,brightness,2,0.7799,0.7979,0.5813,0.423
handpd_meander,efficientnet_b0,0038-5,1,brightness,3,0.8599,0.8793,0.6329,0.6844
handpd_meander,efficientnet_b0,0038-5,1,brightness,4,0.5597,0.5639,0.2464,0.4109
handpd_meander,efficientnet_b0,0038-5,1,brightness,5,0.461,0.5577,0.2246,0.4073
handpd_meander,efficientnet_b0,0038-5,1,shadow,1,0.8544,0.8832,0.7064,0.5079
handpd_meander,efficientnet_b0,0038-5,1,shadow,2,0.7051,0.7252,0.663,0.332
handpd_meander,efficientnet_b0,0038-5,1,shadow,3,0.601,0.6406,0.6188,0.3057
handpd_meander,efficientnet_b0,0038-5,1,shadow,4,0.5338,0.5884,0.584,0.2698
handpd_meander,efficientnet_b0,0038-5,1,shadow,5,0.4679,0.5404,0.5574,0.2303
handpd_meander,efficientnet_b0,0038-5,1,perspective,1,0.7284,0.796,0.5595,0.436
handpd_meander,efficientnet_b0,0038-5,1,perspective,2,0.7003,0.729,0.5966,0.3377
handpd_meander,efficientnet_b0,0038-5,1,perspective,3,0.6496,0.7223,0.5638,0.2978
handpd_meander,efficientnet_b0,0038-5,1,perspective,4,0.3039,0.4383,0.4283,0.1112
handpd_meander,efficientnet_b0,0038-5,1,perspective,5,0.3517,0.4609,0.4569,0.142
handpd_meander,efficientnet_b0,0038-5,1,rotation,1,0.4982,0.5782,0.3668,0.3168
handpd_meander,efficientnet_b0,0038-5,1,rotation,2,nan,nan,0.1562,0.0059
handpd_meander,efficientnet_b0,0038-5,1,rotation,3,0.3592,0.4585,0.3331,0.2139
handpd_meander,efficientnet_b0,0038-5,1,rotation,4,0.344,0.3243,0.2715,0.1528
handpd_meander,efficientnet_b0,0038-5,1,rotation,5,0.2631,0.2622,0.208,0.1617
handpd_meander,efficientnet_b0,0003-6,1,jpeg_compression,1,0.9971,0.9969,0.9981,0.9341
handpd_meander,efficientnet_b0,0003-6,1,jpeg_compression,2,0.9874,0.9856,0.9939,0.8868
handpd_meander,efficientnet_b0,0003-6,1,jpeg_compression,3,0.9842,0.9831,0.9836,0.8797
handpd_meander,efficientnet_b0,0003-6,1,jpeg_compression,4,0.9625,0.9626,0.9667,0.8229
handpd_meander,efficientnet_b0,0003-6,1,jpeg_compression,5,0.8319,0.8729,0.6464,0.5078
handpd_meander,efficientnet_b0,0003-6,1,gaussian_blur,1,0.9678,0.9693,0.9579,0.7332
handpd_meander,efficientnet_b0,0003-6,1,gaussian_blur,2,0.8952,0.9054,0.8952,0.5712
handpd_meander,efficientnet_b0,0003-6,1,gaussian_blur,3,0.8256,0.8498,0.8705,0.5072
handpd_meander,efficientnet_b0,0003-6,1,gaussian_blur,4,0.7664,0.7958,0.8101,0.5021
handpd_meander,efficientnet_b0,0003-6,1,gaussian_blur,5,0.7236,0.7618,0.7695,0.4827
handpd_meander,efficientnet_b0,0003-6,1,gaussian_noise,1,0.9935,0.9929,0.9972,0.892
handpd_meander,efficientnet_b0,0003-6,1,gaussian_noise,2,0.9745,0.9737,0.9846,0.7581
handpd_meander,efficientnet_b0,0003-6,1,gaussian_noise,3,0.9801,0.9808,0.9818,0.7601
handpd_meander,efficientnet_b0,0003-6,1,gaussian_noise,4,0.9629,0.9626,0.9675,0.7499
handpd_meander,efficientnet_b0,0003-6,1,gaussian_noise,5,0.9041,0.9266,0.925,0.7451
handpd_meander,efficientnet_b0,0003-6,1,contrast,1,0.9542,0.9629,0.9209,0.7531
handpd_meander,efficientnet_b0,0003-6,1,contrast,2,0.9654,0.9693,0.9718,0.7857
handpd_meander,efficientnet_b0,0003-6,1,contrast,3,0.9827,0.983,0.9909,0.8347
handpd_meander,efficientnet_b0,0003-6,1,contrast,4,0.9638,0.9676,0.9285,0.857
handpd_meander,efficientnet_b0,0003-6,1,contrast,5,0.9526,0.9528,0.9521,0.796
handpd_meander,efficientnet_b0,0003-6,1,brightness,1,0.6984,0.7114,0.8388,0.3977
handpd_meander,efficientnet_b0,0003-6,1,brightness,2,0.696,0.6898,0.84,0.3803
handpd_meander,efficientnet_b0,0003-6,1,brightness,3,0.8078,0.8001,0.9034,0.469
handpd_meander,efficientnet_b0,0003-6,1,brightness,4,0.7266,0.7592,0.5903,0.4475
handpd_meander,efficientnet_b0,0003-6,1,brightness,5,0.7357,0.7641,0.5661,0.4221
handpd_meander,efficientnet_b0,0003-6,1,shadow,1,0.9276,0.9232,0.9702,0.5575
handpd_meander,efficientnet_b0,0003-6,1,shadow,2,0.8859,0.8664,0.9474,0.5074
handpd_meander,efficientnet_b0,0003-6,1,shadow,3,0.8089,0.7855,0.9199,0.4889
handpd_meander,efficientnet_b0,0003-6,1,shadow,4,0.66,0.6589,0.8507,0.4501
handpd_meander,efficientnet_b0,0003-6,1,shadow,5,0.5091,0.5157,0.8073,0.3334
handpd_meander,efficientnet_b0,0003-6,1,perspective,1,0.755,0.7601,0.752,0.4911
handpd_meander,efficientnet_b0,0003-6,1,perspective,2,0.6715,0.656,0.6949,0.4275
handpd_meander,efficientnet_b0,0003-6,1,perspective,3,0.5973,0.5866,0.5661,0.3953
handpd_meander,efficientnet_b0,0003-6,1,perspective,4,0.6227,0.6151,0.5265,0.4049
handpd_meander,efficientnet_b0,0003-6,1,perspective,5,0.6757,0.6753,0.4991,0.4296
handpd_meander,efficientnet_b0,0003-6,1,rotation,1,0.605,0.5972,0.6425,0.3695
handpd_meander,efficientnet_b0,0003-6,1,rotation,2,0.726,0.7609,0.401,0.3886
handpd_meander,efficientnet_b0,0003-6,1,rotation,3,0.2634,0.2434,0.4032,0.1912
handpd_meander,efficientnet_b0,0003-6,1,rotation,4,0.6745,0.7039,0.3151,0.3317
handpd_meander,efficientnet_b0,0003-6,1,rotation,5,0.1542,0.1783,0.3127,0.156
handpd_meander,mobilenet_v3_large,0305-8,0,jpeg_compression,1,0.9957,0.9916,0.9882,0.9408
handpd_meander,mobilenet_v3_large,0305-8,0,jpeg_compression,2,0.9906,0.982,0.9797,0.8332
handpd_meander,mobilenet_v3_large,0305-8,0,jpeg_compression,3,0.9664,0.9676,0.9431,0.7942
handpd_meander,mobilenet_v3_large,0305-8,0,jpeg_compression,4,0.9389,0.9152,0.8883,0.7279
handpd_meander,mobilenet_v3_large,0305-8,0,jpeg_compression,5,0.8433,0.6877,0.6627,0.6153
handpd_meander,mobilenet_v3_large,0305-8,0,gaussian_blur,1,0.9849,0.9797,0.9619,0.8191
handpd_meander,mobilenet_v3_large,0305-8,0,gaussian_blur,2,0.9573,0.9559,0.9355,0.6627
handpd_meander,mobilenet_v3_large,0305-8,0,gaussian_blur,3,0.9061,0.9088,0.9026,0.5229
handpd_meander,mobilenet_v3_large,0305-8,0,gaussian_blur,4,0.8664,0.8709,0.8726,0.4612
handpd_meander,mobilenet_v3_large,0305-8,0,gaussian_blur,5,0.853,0.8427,0.8603,0.4528
handpd_meander,mobilenet_v3_large,0305-8,0,gaussian_noise,1,0.9976,0.9959,0.9955,0.9182
handpd_meander,mobilenet_v3_large,0305-8,0,gaussian_noise,2,0.9829,0.9578,0.9498,0.8783
handpd_meander,mobilenet_v3_large,0305-8,0,gaussian_noise,3,0.955,0.9219,0.9124,0.7641
handpd_meander,mobilenet_v3_large,0305-8,0,gaussian_noise,4,0.9156,0.8682,0.7999,0.6539
handpd_meander,mobilenet_v3_large,0305-8,0,gaussian_noise,5,0.9093,0.7929,0.6821,0.6175
handpd_meander,mobilenet_v3_large,0305-8,0,contrast,1,0.9721,0.9505,0.9241,0.7624
handpd_meander,mobilenet_v3_large,0305-8,0,contrast,2,0.9863,0.9727,0.9635,0.78
handpd_meander,mobilenet_v3_large,0305-8,0,contrast,3,0.9922,0.9844,0.9773,0.8628
handpd_meander,mobilenet_v3_large,0305-8,0,contrast,4,0.9826,0.9646,0.9505,0.8775
handpd_meander,mobilenet_v3_large,0305-8,0,contrast,5,0.9719,0.946,0.938,0.7947
handpd_meander,mobilenet_v3_large,0305-8,0,brightness,1,0.9176,0.9093,0.8666,0.6622
handpd_meander,mobilenet_v3_large,0305-8,0,brightness,2,0.9374,0.9205,0.9076,0.7095
handpd_meander,mobilenet_v3_large,0305-8,0,brightness,3,0.9674,0.9424,0.946,0.7745
handpd_meander,mobilenet_v3_large,0305-8,0,brightness,4,0.8424,0.7087,0.5012,0.5138
handpd_meander,mobilenet_v3_large,0305-8,0,brightness,5,0.849,0.7389,0.4874,0.5418
handpd_meander,mobilenet_v3_large,0305-8,0,shadow,1,0.9813,0.9502,0.9775,0.8406
handpd_meander,mobilenet_v3_large,0305-8,0,shadow,2,0.9686,0.9344,0.956,0.7929
handpd_meander,mobilenet_v3_large,0305-8,0,shadow,3,0.9569,0.9236,0.9356,0.741
handpd_meander,mobilenet_v3_large,0305-8,0,shadow,4,0.944,0.9086,0.9177,0.6448
handpd_meander,mobilenet_v3_large,0305-8,0,shadow,5,0.9219,0.8695,0.8841,0.5817
handpd_meander,mobilenet_v3_large,0305-8,0,perspective,1,0.9263,0.8392,0.8072,0.6277
handpd_meander,mobilenet_v3_large,0305-8,0,perspective,2,0.8957,0.799,0.771,0.513
handpd_meander,mobilenet_v3_large,0305-8,0,perspective,3,0.8434,0.7125,0.7679,0.5335
handpd_meander,mobilenet_v3_large,0305-8,0,perspective,4,0.8312,0.6755,0.6768,0.4645
handpd_meander,mobilenet_v3_large,0305-8,0,perspective,5,0.8439,0.6623,0.6317,0.5052
handpd_meander,mobilenet_v3_large,0305-8,0,rotation,1,0.7935,0.5599,0.5233,0.5479
handpd_meander,mobilenet_v3_large,0305-8,0,rotation,2,0.7883,0.5887,0.4584,0.533
handpd_meander,mobilenet_v3_large,0305-8,0,rotation,3,0.6589,0.4207,0.4934,0.3742
handpd_meander,mobilenet_v3_large,0305-8,0,rotation,4,0.7606,0.4709,0.5351,0.4419
handpd_meander,mobilenet_v3_large,0305-8,0,rotation,5,0.7516,0.4996,0.3887,0.4551
handpd_meander,mobilenet_v3_large,0102-6,0,jpeg_compression,1,0.9946,0.9939,0.9634,0.9186
handpd_meander,mobilenet_v3_large,0102-6,0,jpeg_compression,2,0.9865,0.9791,0.9336,0.9051
handpd_meander,mobilenet_v3_large,0102-6,0,jpeg_compression,3,0.962,0.9368,0.878,0.799
handpd_meander,mobilenet_v3_large,0102-6,0,jpeg_compression,4,0.9301,0.9106,0.7867,0.691
handpd_meander,mobilenet_v3_large,0102-6,0,jpeg_compression,5,0.731,0.595,0.5471,0.483
handpd_meander,mobilenet_v3_large,0102-6,0,gaussian_blur,1,0.9904,0.9851,0.9521,0.8877
handpd_meander,mobilenet_v3_large,0102-6,0,gaussian_blur,2,0.9438,0.9633,0.8823,0.8027
handpd_meander,mobilenet_v3_large,0102-6,0,gaussian_blur,3,0.914,0.9158,0.8524,0.7359
handpd_meander,mobilenet_v3_large,0102-6,0,gaussian_blur,4,0.9101,0.9255,0.8189,0.7079
handpd_meander,mobilenet_v3_large,0102-6,0,gaussian_blur,5,0.9116,0.8878,0.7588,0.718
handpd_meander,mobilenet_v3_large,0102-6,0,gaussian_noise,1,0.9856,0.9805,0.9535,0.9363
handpd_meander,mobilenet_v3_large,0102-6,0,gaussian_noise,2,0.8637,0.7688,0.6536,0.5922
handpd_meander,mobilenet_v3_large,0102-6,0,gaussian_noise,3,0.688,0.6425,0.5618,0.5744
handpd_meander,mobilenet_v3_large,0102-6,0,gaussian_noise,4,0.882,0.6541,0.6264,0.6029
handpd_meander,mobilenet_v3_large,0102-6,0,gaussian_noise,5,0.7246,0.6713,0.6221,0.5921
handpd_meander,mobilenet_v3_large,0102-6,0,contrast,1,0.9037,0.8998,0.8344,0.7457
handpd_meander,mobilenet_v3_large,0102-6,0,contrast,2,0.92,0.9205,0.8601,0.7818
handpd_meander,mobilenet_v3_large,0102-6,0,contrast,3,0.9701,0.9779,0.9192,0.8257
handpd_meander,mobilenet_v3_large,0102-6,0,contrast,4,0.9623,0.9622,0.9185,0.846
handpd_meander,mobilenet_v3_large,0102-6,0,contrast,5,0.9301,0.9423,0.8552,0.7638
handpd_meander,mobilenet_v3_large,0102-6,0,brightness,1,0.8687,0.9325,0.756,0.6462
handpd_meander,mobilenet_v3_large,0102-6,0,brightness,2,0.892,0.9648,0.8632,0.6504
handpd_meander,mobilenet_v3_large,0102-6,0,brightness,3,0.9559,0.959,0.9153,0.7791
handpd_meander,mobilenet_v3_large,0102-6,0,brightness,4,0.4711,0.4673,0.5098,0.3699
handpd_meander,mobilenet_v3_large,0102-6,0,brightness,5,0.4386,0.4287,0.5122,0.3094
handpd_meander,mobilenet_v3_large,0102-6,0,shadow,1,0.9912,0.9771,0.944,0.8639
handpd_meander,mobilenet_v3_large,0102-6,0,shadow,2,0.9676,0.9787,0.9256,0.8812
handpd_meander,mobilenet_v3_large,0102-6,0,shadow,3,0.9417,0.9773,0.8988,0.8487
handpd_meander,mobilenet_v3_large,0102-6,0,shadow,4,0.9173,0.9483,0.8498,0.8267
handpd_meander,mobilenet_v3_large,0102-6,0,shadow,5,0.9076,0.8902,0.753,0.7739
handpd_meander,mobilenet_v3_large,0102-6,0,perspective,1,0.7718,0.8213,0.7127,0.5177
handpd_meander,mobilenet_v3_large,0102-6,0,perspective,2,0.5618,0.5871,0.5984,0.4575
handpd_meander,mobilenet_v3_large,0102-6,0,perspective,3,0.5116,0.6029,0.5659,0.4033
handpd_meander,mobilenet_v3_large,0102-6,0,perspective,4,0.4748,0.5237,0.5245,0.3303
handpd_meander,mobilenet_v3_large,0102-6,0,perspective,5,0.4324,0.5291,0.5076,0.2979
handpd_meander,mobilenet_v3_large,0102-6,0,rotation,1,0.5647,0.5796,0.6052,0.4252
handpd_meander,mobilenet_v3_large,0102-6,0,rotation,2,0.1641,0.237,0.4029,0.1873
handpd_meander,mobilenet_v3_large,0102-6,0,rotation,3,0.4211,0.4602,0.4752,0.3103
handpd_meander,mobilenet_v3_large,0102-6,0,rotation,4,0.1213,0.0991,0.2805,0.1585
handpd_meander,mobilenet_v3_large,0102-6,0,rotation,5,0.3484,0.3198,0.4319,0.2765
handpd_meander,mobilenet_v3_large,0297-7,0,jpeg_compression,1,0.9972,0.9947,0.9848,0.9548
handpd_meander,mobilenet_v3_large,0297-7,0,jpeg_compression,2,0.9846,0.9836,0.9617,0.8467
handpd_meander,mobilenet_v3_large,0297-7,0,jpeg_compression,3,0.9602,0.9538,0.8876,0.7992
handpd_meander,mobilenet_v3_large,0297-7,0,jpeg_compression,4,0.9819,0.9747,0.898,0.892
handpd_meander,mobilenet_v3_large,0297-7,0,jpeg_compression,5,0.7576,0.7311,0.5769,0.5521
handpd_meander,mobilenet_v3_large,0297-7,0,gaussian_blur,1,0.9915,0.9923,0.9822,0.9007
handpd_meander,mobilenet_v3_large,0297-7,0,gaussian_blur,2,0.9784,0.982,0.9521,0.8522
handpd_meander,mobilenet_v3_large,0297-7,0,gaussian_blur,3,0.9506,0.9495,0.8795,0.8071
handpd_meander,mobilenet_v3_large,0297-7,0,gaussian_blur,4,0.9419,0.9359,0.8505,0.7587
handpd_meander,mobilenet_v3_large,0297-7,0,gaussian_blur,5,0.9337,0.9201,0.8205,0.7498
handpd_meander,mobilenet_v3_large,0297-7,0,gaussian_noise,1,0.9972,0.994,0.956,0.9561
handpd_meander,mobilenet_v3_large,0297-7,0,gaussian_noise,2,0.9817,0.9846,0.9184,0.8936
handpd_meander,mobilenet_v3_large,0297-7,0,gaussian_noise,3,0.9012,0.9285,0.7708,0.7226
handpd_meander,mobilenet_v3_large,0297-7,0,gaussian_noise,4,0.7933,0.8661,0.584,0.5956
handpd_meander,mobilenet_v3_large,0297-7,0,gaussian_noise,5,0.7844,0.8183,0.5747,0.5945
handpd_meander,mobilenet_v3_large,0297-7,0,contrast,1,0.9445,0.9077,0.7049,0.7829
handpd_meander,mobilenet_v3_large,0297-7,0,contrast,2,0.981,0.964,0.8776,0.9094
handpd_meander,mobilenet_v3_large,0297-7,0,contrast,3,0.9921,0.9893,0.9605,0.9215
handpd_meander,mobilenet_v3_large,0297-7,0,contrast,4,0.9899,0.9899,0.9673,0.9307
handpd_meander,mobilenet_v3_large,0297-7,0,contrast,5,0.9789,0.9823,0.9264,0.9007
handpd_meander,mobilenet_v3_large,0297-7,0,brightness,1,0.8609,0.7525,0.6344,0.7081
handpd_meander,mobilenet_v3_large,0297-7,0,brightness,2,0.9266,0.8567,0.739,0.7407
handpd_meander,mobilenet_v3_large,0297-7,0,brightness,3,0.9621,0.9637,0.9164,0.8221
handpd_meander,mobilenet_v3_large,0297-7,0,brightness,4,0.8807,0.7683,0.5928,0.681
handpd_meander,mobilenet_v3_large,0297-7,0,brightness,5,0.8488,0.7771,0.5439,0.6233
handpd_meander,mobilenet_v3_large,0297-7,0,shadow,1,0.9848,0.9773,0.9529,0.8986
handpd_meander,mobilenet_v3_large,0297-7,0,shadow,2,0.9693,0.9393,0.8669,0.8469
handpd_meander,mobilenet_v3_large,0297-7,0,shadow,3,0.9632,0.9238,0.8024,0.8155
handpd_meander,mobilenet_v3_large,0297-7,0,shadow,4,0.93,0.8863,0.6918,0.6746
handpd_meander,mobilenet_v3_large,0297-7,0,shadow,5,0.9025,0.8582,0.6174,0.6822
handpd_meander,mobilenet_v3_large,0297-7,0,perspective,1,0.9494,0.9473,0.8643,0.675
handpd_meander,mobilenet_v3_large,0297-7,0,perspective,2,0.8985,0.8567,0.7135,0.6616
handpd_meander,mobilenet_v3_large,0297-7,0,perspective,3,0.9047,0.8841,0.7163,0.6557
handpd_meander,mobilenet_v3_large,0297-7,0,perspective,4,0.8841,0.8917,0.6826,0.6381
handpd_meander,mobilenet_v3_large,0297-7,0,perspective,5,0.8478,0.8214,0.6249,0.5826
handpd_meander,mobilenet_v3_large,0297-7,0,rotation,1,0.7915,0.7701,0.5021,0.5444
handpd_meander,mobilenet_v3_large,0297-7,0,rotation,2,0.6596,0.7128,0.4539,0.4141
handpd_meander,mobilenet_v3_large,0297-7,0,rotation,3,0.7591,0.6771,0.5976,0.5194
handpd_meander,mobilenet_v3_large,0297-7,0,rotation,4,0.7393,0.6995,0.5308,0.509
handpd_meander,mobilenet_v3_large,0297-7,0,rotation,5,0.7963,0.752,0.5223,0.5097
handpd_meander,mobilenet_v3_large,0102-5,0,jpeg_compression,1,0.9914,0.9967,0.965,0.9111
handpd_meander,mobilenet_v3_large,0102-5,0,jpeg_compression,2,0.9576,0.9578,0.9157,0.7656
handpd_meander,mobilenet_v3_large,0102-5,0,jpeg_compression,3,0.9537,0.9784,0.9181,0.7899
handpd_meander,mobilenet_v3_large,0102-5,0,jpeg_compression,4,0.8461,0.8977,0.7859,0.5484
handpd_meander,mobilenet_v3_large,0102-5,0,jpeg_compression,5,0.7868,0.8357,0.7759,0.6377
handpd_meander,mobilenet_v3_large,0102-5,0,gaussian_blur,1,0.9756,0.9704,0.9054,0.8607
handpd_meander,mobilenet_v3_large,0102-5,0,gaussian_blur,2,0.9389,0.8693,0.7848,0.7829
handpd_meander,mobilenet_v3_large,0102-5,0,gaussian_blur,3,0.8595,0.7776,0.6677,0.6717
handpd_meander,mobilenet_v3_large,0102-5,0,gaussian_blur,4,0.8412,0.7938,0.6438,0.6548
handpd_meander,mobilenet_v3_large,0102-5,0,gaussian_blur,5,0.8352,0.8039,0.6054,0.6421
handpd_meander,mobilenet_v3_large,0102-5,0,gaussian_noise,1,0.9946,0.9864,0.9792,0.9429
handpd_meander,mobilenet_v3_large,0102-5,0,gaussian_noise,2,0.7984,0.9132,0.7707,0.5869
handpd_meander,mobilenet_v3_large,0102-5,0,gaussian_noise,3,0.7514,0.8011,0.731,0.459
handpd_meander,mobilenet_v3_large,0102-5,0,gaussian_noise,4,0.8159,0.9165,0.8008,0.5194
handpd_meander,mobilenet_v3_large,0102-5,0,gaussian_noise,5,0.7552,0.894,0.7336,0.5542
handpd_meander,mobilenet_v3_large,0102-5,0,contrast,1,0.9523,0.9079,0.8204,0.8277
handpd_meander,mobilenet_v3_large,0102-5,0,contrast,2,0.9607,0.9101,0.8335,0.8554
handpd_meander,mobilenet_v3_large,0102-5,0,contrast,3,0.9742,0.9292,0.8981,0.8804
handpd_meander,mobilenet_v3_large,0102-5,0,contrast,4,0.9422,0.9585,0.8835,0.7223
handpd_meander,mobilenet_v3_large,0102-5,0,contrast,5,0.9207,0.9264,0.8534,0.6788
handpd_meander,mobilenet_v3_large,0102-5,0,brightness,1,0.7768,0.75,0.6994,0.6254
handpd_meander,mobilenet_v3_large,0102-5,0,brightness,2,0.8708,0.8197,0.7675,0.6871
handpd_meander,mobilenet_v3_large,0102-5,0,brightness,3,0.9397,0.8589,0.779,0.8135
handpd_meander,mobilenet_v3_large,0102-5,0,brightness,4,0.4446,0.7,0.6135,0.3382
handpd_meander,mobilenet_v3_large,0102-5,0,brightness,5,0.3696,0.5639,0.5657,0.2647
handpd_meander,mobilenet_v3_large,0102-5,0,shadow,1,0.954,0.9467,0.8542,0.833
handpd_meander,mobilenet_v3_large,0102-5,0,shadow,2,0.9047,0.8431,0.8089,0.7101
handpd_meander,mobilenet_v3_large,0102-5,0,shadow,3,0.8811,0.8231,0.8,0.6217
handpd_meander,mobilenet_v3_large,0102-5,0,shadow,4,0.8871,0.8155,0.7824,0.6573
handpd_meander,mobilenet_v3_large,0102-5,0,shadow,5,0.829,0.8086,0.7587,0.5296
handpd_meander,mobilenet_v3_large,0102-5,0,perspective,1,0.8639,0.9571,0.8279,0.555
handpd_meander,mobilenet_v3_large,0102-5,0,perspective,2,0.8523,0.9428,0.8189,0.5162
handpd_meander,mobilenet_v3_large,0102-5,0,perspective,3,0.8477,0.8674,0.7628,0.5226
handpd_meander,mobilenet_v3_large,0102-5,0,perspective,4,0.7557,0.8144,0.7226,0.4176
handpd_meander,mobilenet_v3_large,0102-5,0,perspective,5,0.7481,0.8047,0.6865,0.432
handpd_meander,mobilenet_v3_large,0102-5,0,rotation,1,0.7591,0.7415,0.6464,0.4651
handpd_meander,mobilenet_v3_large,0102-5,0,rotation,2,0.5517,0.5694,0.5216,0.2817
handpd_meander,mobilenet_v3_large,0102-5,0,rotation,3,0.2532,0.4503,0.4078,0.1474
handpd_meander,mobilenet_v3_large,0102-5,0,rotation,4,0.2879,0.469,0.4064,0.1548
handpd_meander,mobilenet_v3_large,0102-5,0,rotation,5,0.3967,0.5948,0.5215,0.3313
handpd_meander,mobilenet_v3_large,0129-6,0,jpeg_compression,1,0.9932,0.9903,0.9614,0.8511
handpd_meander,mobilenet_v3_large,0129-6,0,jpeg_compression,2,0.9233,0.9699,0.8656,0.7069
handpd_meander,mobilenet_v3_large,0129-6,0,jpeg_compression,3,0.9368,0.8789,0.8013,0.7551
handpd_meander,mobilenet_v3_large,0129-6,0,jpeg_compression,4,0.8797,0.7777,0.641,0.5941
handpd_meander,mobilenet_v3_large,0129-6,0,jpeg_compression,5,0.874,0.7384,0.6808,0.548
handpd_meander,mobilenet_v3_large,0129-6,0,gaussian_blur,1,0.9753,0.9813,0.9193,0.7793
handpd_meander,mobilenet_v3_large,0129-6,0,gaussian_blur,2,0.9125,0.8839,0.7588,0.6817
handpd_meander,mobilenet_v3_large,0129-6,0,gaussian_blur,3,0.7953,0.8106,0.6613,0.5317
handpd_meander,mobilenet_v3_large,0129-6,0,gaussian_blur,4,0.679,0.7877,0.6299,0.4346
handpd_meander,mobilenet_v3_large,0129-6,0,gaussian_blur,5,0.6482,0.8269,0.6787,0.4225
handpd_meander,mobilenet_v3_large,0129-6,0,gaussian_noise,1,0.9958,0.9949,0.9745,0.8865
handpd_meander,mobilenet_v3_large,0129-6,0,gaussian_noise,2,0.8986,0.805,0.6942,0.613
handpd_meander,mobilenet_v3_large,0129-6,0,gaussian_noise,3,0.789,0.6782,0.6404,0.4362
handpd_meander,mobilenet_v3_large,0129-6,0,gaussian_noise,4,0.8248,0.6027,0.596,0.429
handpd_meander,mobilenet_v3_large,0129-6,0,gaussian_noise,5,0.7924,0.6479,0.557,0.426
handpd_meander,mobilenet_v3_large,0129-6,0,contrast,1,0.9001,0.902,0.7625,0.606
handpd_meander,mobilenet_v3_large,0129-6,0,contrast,2,0.9532,0.952,0.873,0.7608
handpd_meander,mobilenet_v3_large,0129-6,0,contrast,3,0.9711,0.9818,0.9332,0.8063
handpd_meander,mobilenet_v3_large,0129-6,0,contrast,4,0.9589,0.9268,0.8547,0.7163
handpd_meander,mobilenet_v3_large,0129-6,0,contrast,5,0.9311,0.8439,0.7561,0.7229
handpd_meander,mobilenet_v3_large,0129-6,0,brightness,1,0.7559,0.7068,0.6089,0.4898
handpd_meander,mobilenet_v3_large,0129-6,0,brightness,2,0.8497,0.8178,0.7158,0.5454
handpd_meander,mobilenet_v3_large,0129-6,0,brightness,3,0.934,0.8473,0.7715,0.6636
handpd_meander,mobilenet_v3_large,0129-6,0,brightness,4,0.7073,0.5033,0.505,0.4171
handpd_meander,mobilenet_v3_large,0129-6,0,brightness,5,0.7012,0.4434,0.433,0.3913
handpd_meander,mobilenet_v3_large,0129-6,0,shadow,1,0.9482,0.8688,0.7697,0.6324
handpd_meander,mobilenet_v3_large,0129-6,0,shadow,2,0.9329,0.8359,0.7454,0.5783
handpd_meander,mobilenet_v3_large,0129-6,0,shadow,3,0.9082,0.7955,0.7034,0.5483
handpd_meander,mobilenet_v3_large,0129-6,0,shadow,4,0.8907,0.778,0.6854,0.5155
handpd_meander,mobilenet_v3_large,0129-6,0,shadow,5,0.8749,0.767,0.69,0.4844
handpd_meander,mobilenet_v3_large,0129-6,0,perspective,1,0.9188,0.7635,0.7425,0.6234
handpd_meander,mobilenet_v3_large,0129-6,0,perspective,2,0.8429,0.7534,0.6772,0.4707
handpd_meander,mobilenet_v3_large,0129-6,0,perspective,3,0.8505,0.8087,0.7017,0.4725
handpd_meander,mobilenet_v3_large,0129-6,0,perspective,4,0.8404,0.7356,0.659,0.4917
handpd_meander,mobilenet_v3_large,0129-6,0,perspective,5,0.8362,0.7228,0.6708,0.4263
handpd_meander,mobilenet_v3_large,0129-6,0,rotation,1,0.4353,0.5275,0.4418,0.4388
handpd_meander,mobilenet_v3_large,0129-6,0,rotation,2,0.6584,0.5586,0.5717,0.3553
handpd_meander,mobilenet_v3_large,0129-6,0,rotation,3,0.816,0.7001,0.6092,0.5512
handpd_meander,mobilenet_v3_large,0129-6,0,rotation,4,0.5153,0.5855,0.5627,0.268
handpd_meander,mobilenet_v3_large,0129-6,0,rotation,5,0.5737,0.6124,0.5433,0.4119
handpd_meander,mobilenet_v3_large,0024-8,1,jpeg_compression,1,0.9919,0.9914,0.9511,0.902
handpd_meander,mobilenet_v3_large,0024-8,1,jpeg_compression,2,0.9524,0.9366,0.8978,0.7448
handpd_meander,mobilenet_v3_large,0024-8,1,jpeg_compression,3,0.9229,0.9014,0.8292,0.701
handpd_meander,mobilenet_v3_large,0024-8,1,jpeg_compression,4,0.837,0.7485,0.7116,0.5778
handpd_meander,mobilenet_v3_large,0024-8,1,jpeg_compression,5,0.6526,0.5278,0.3491,0.4499
handpd_meander,mobilenet_v3_large,0024-8,1,gaussian_blur,1,0.967,0.9613,0.9059,0.8494
handpd_meander,mobilenet_v3_large,0024-8,1,gaussian_blur,2,0.9058,0.8928,0.8077,0.7174
handpd_meander,mobilenet_v3_large,0024-8,1,gaussian_blur,3,0.8328,0.7904,0.687,0.6559
handpd_meander,mobilenet_v3_large,0024-8,1,gaussian_blur,4,0.7846,0.7522,0.6283,0.5746
handpd_meander,mobilenet_v3_large,0024-8,1,gaussian_blur,5,0.7567,0.7406,0.6136,0.488
handpd_meander,mobilenet_v3_large,0024-8,1,gaussian_noise,1,0.9916,0.9917,0.9806,0.9078
handpd_meander,mobilenet_v3_large,0024-8,1,gaussian_noise,2,0.9311,0.9366,0.9023,0.7722
handpd_meander,mobilenet_v3_large,0024-8,1,gaussian_noise,3,0.8011,0.801,0.6558,0.4631
handpd_meander,mobilenet_v3_large,0024-8,1,gaussian_noise,4,0.8255,0.8254,0.6062,0.5631
handpd_meander,mobilenet_v3_large,0024-8,1,gaussian_noise,5,0.7509,0.619,0.3846,0.5379
handpd_meander,mobilenet_v3_large,0024-8,1,contrast,1,0.9174,0.9116,0.8257,0.677
handpd_meander,mobilenet_v3_large,0024-8,1,contrast,2,0.9502,0.9489,0.8798,0.7628
handpd_meander,mobilenet_v3_large,0024-8,1,contrast,3,0.9654,0.9606,0.9313,0.8112
handpd_meander,mobilenet_v3_large,0024-8,1,contrast,4,0.9595,0.9586,0.9269,0.7712
handpd_meander,mobilenet_v3_large,0024-8,1,contrast,5,0.9055,0.8869,0.8731,0.6333
handpd_meander,mobilenet_v3_large,0024-8,1,brightness,1,0.8705,0.8187,0.7724,0.6433
handpd_meander,mobilenet_v3_large,0024-8,1,brightness,2,0.8606,0.8744,0.8336,0.5399
handpd_meander,mobilenet_v3_large,0024-8,1,brightness,3,0.9333,0.9475,0.9268,0.6175
handpd_meander,mobilenet_v3_large,0024-8,1,brightness,4,0.5278,0.5389,0.316,0.4232
handpd_meander,mobilenet_v3_large,0024-8,1,brightness,5,0.5779,0.5527,0.3415,0.4653
handpd_meander,mobilenet_v3_large,0024-8,1,shadow,1,0.9685,0.9731,0.9493,0.6973
handpd_meander,mobilenet_v3_large,0024-8,1,shadow,2,0.9368,0.9354,0.8754,0.7019
handpd_meander,mobilenet_v3_large,0024-8,1,shadow,3,0.8926,0.8665,0.7999,0.6535
handpd_meander,mobilenet_v3_large,0024-8,1,shadow,4,0.8518,0.7994,0.7396,0.6268
handpd_meander,mobilenet_v3_large,0024-8,1,shadow,5,0.8121,0.7299,0.6928,0.6244
handpd_meander,mobilenet_v3_large,0024-8,1,perspective,1,0.7049,0.6125,0.6536,0.5617
handpd_meander,mobilenet_v3_large,0024-8,1,perspective,2,0.7011,0.5464,0.651,0.6015
handpd_meander,mobilenet_v3_large,0024-8,1,perspective,3,0.7168,0.5774,0.5812,0.5469
handpd_meander,mobilenet_v3_large,0024-8,1,perspective,4,0.6247,0.4686,0.5425,0.4261
handpd_meander,mobilenet_v3_large,0024-8,1,perspective,5,0.4831,0.3522,0.3591,0.3143
handpd_meander,mobilenet_v3_large,0024-8,1,rotation,1,0.4769,0.4551,0.3098,0.3487
handpd_meander,mobilenet_v3_large,0024-8,1,rotation,2,0.4054,0.2984,0.3348,0.2605
handpd_meander,mobilenet_v3_large,0024-8,1,rotation,3,0.6206,0.4738,0.4596,0.4954
handpd_meander,mobilenet_v3_large,0024-8,1,rotation,4,0.3377,0.2657,0.3261,0.173
handpd_meander,mobilenet_v3_large,0024-8,1,rotation,5,0.3287,0.1966,0.3326,0.2977
handpd_meander,mobilenet_v3_large,0181-8,1,jpeg_compression,1,0.9981,0.9945,0.996,0.9276
handpd_meander,mobilenet_v3_large,0181-8,1,jpeg_compression,2,0.994,0.9812,0.9814,0.8609
handpd_meander,mobilenet_v3_large,0181-8,1,jpeg_compression,3,0.985,0.9511,0.9563,0.8224
handpd_meander,mobilenet_v3_large,0181-8,1,jpeg_compression,4,0.9448,0.7985,0.8839,0.6332
handpd_meander,mobilenet_v3_large,0181-8,1,jpeg_compression,5,0.7385,0.4686,0.4967,0.3562
handpd_meander,mobilenet_v3_large,0181-8,1,gaussian_blur,1,0.9885,0.967,0.9748,0.8428
handpd_meander,mobilenet_v3_large,0181-8,1,gaussian_blur,2,0.9573,0.9315,0.9483,0.6884
handpd_meander,mobilenet_v3_large,0181-8,1,gaussian_blur,3,0.8949,0.8581,0.8898,0.4949
handpd_meander,mobilenet_v3_large,0181-8,1,gaussian_blur,4,0.8797,0.8169,0.8762,0.4523
handpd_meander,mobilenet_v3_large,0181-8,1,gaussian_blur,5,0.8426,0.7707,0.8553,0.391
handpd_meander,mobilenet_v3_large,0181-8,1,gaussian_noise,1,0.9971,0.9895,0.9946,0.9235
handpd_meander,mobilenet_v3_large,0181-8,1,gaussian_noise,2,0.9632,0.9303,0.9456,0.694
handpd_meander,mobilenet_v3_large,0181-8,1,gaussian_noise,3,0.933,0.8958,0.9332,0.6127
handpd_meander,mobilenet_v3_large,0181-8,1,gaussian_noise,4,0.8982,0.7211,0.8302,0.4684
handpd_meander,mobilenet_v3_large,0181-8,1,gaussian_noise,5,0.8673,0.6823,0.6691,0.4965
handpd_meander,mobilenet_v3_large,0181-8,1,contrast,1,0.9642,0.8459,0.8795,0.6877
handpd_meander,mobilenet_v3_large,0181-8,1,contrast,2,0.9775,0.9029,0.9325,0.7987
handpd_meander,mobilenet_v3_large,0181-8,1,contrast,3,0.9886,0.9582,0.9687,0.8592
handpd_meander,mobilenet_v3_large,0181-8,1,contrast,4,0.9888,0.9644,0.9795,0.7859
handpd_meander,mobilenet_v3_large,0181-8,1,contrast,5,0.974,0.9163,0.9538,0.6378
handpd_meander,mobilenet_v3_large,0181-8,1,brightness,1,0.9485,0.7979,0.8692,0.7661
handpd_meander,mobilenet_v3_large,0181-8,1,brightness,2,0.9725,0.9021,0.9438,0.7872
handpd_meander,mobilenet_v3_large,0181-8,1,brightness,3,0.987,0.9442,0.9793,0.844
handpd_meander,mobilenet_v3_large,0181-8,1,brightness,4,0.8603,0.4249,0.4325,0.4708
handpd_meander,mobilenet_v3_large,0181-8,1,brightness,5,0.8852,0.4929,0.4247,0.4951
handpd_meander,mobilenet_v3_large,0181-8,1,shadow,1,0.9958,0.9816,0.9862,0.8957
handpd_meander,mobilenet_v3_large,0181-8,1,shadow,2,0.9863,0.9481,0.9312,0.8184
handpd_meander,mobilenet_v3_large,0181-8,1,shadow,3,0.9662,0.8749,0.8467,0.6983
handpd_meander,mobilenet_v3_large,0181-8,1,shadow,4,0.9497,0.8094,0.7754,0.6661
handpd_meander,mobilenet_v3_large,0181-8,1,shadow,5,0.9305,0.7303,0.7163,0.6358
handpd_meander,mobilenet_v3_large,0181-8,1,perspective,1,0.8914,0.7103,0.8411,0.6114
handpd_meander,mobilenet_v3_large,0181-8,1,perspective,2,0.8502,0.6376,0.7731,0.5681
handpd_meander,mobilenet_v3_large,0181-8,1,perspective,3,0.8445,0.5236,0.7591,0.621
handpd_meander,mobilenet_v3_large,0181-8,1,perspective,4,0.8348,0.526,0.7029,0.5934
handpd_meander,mobilenet_v3_large,0181-8,1,perspective,5,0.6997,0.5177,0.5965,0.4961
handpd_meander,mobilenet_v3_large,0181-8,1,rotation,1,0.7319,0.5935,0.5673,0.4115
handpd_meander,mobilenet_v3_large,0181-8,1,rotation,2,0.6658,0.4946,0.5495,0.3268
handpd_meander,mobilenet_v3_large,0181-8,1,rotation,3,0.8139,0.4027,0.6431,0.4439
handpd_meander,mobilenet_v3_large,0181-8,1,rotation,4,0.7866,0.3861,0.5138,0.4167
handpd_meander,mobilenet_v3_large,0181-8,1,rotation,5,0.7857,0.3506,0.5648,0.4944
handpd_meander,mobilenet_v3_large,0138-7,1,jpeg_compression,1,0.9963,0.9917,0.9709,0.923
handpd_meander,mobilenet_v3_large,0138-7,1,jpeg_compression,2,0.9773,0.9772,0.9242,0.7843
handpd_meander,mobilenet_v3_large,0138-7,1,jpeg_compression,3,0.9664,0.9415,0.8789,0.7725
handpd_meander,mobilenet_v3_large,0138-7,1,jpeg_compression,4,0.9683,0.9549,0.8972,0.7564
handpd_meander,mobilenet_v3_large,0138-7,1,jpeg_compression,5,0.7666,0.6504,0.593,0.4029
handpd_meander,mobilenet_v3_large,0138-7,1,gaussian_blur,1,0.9958,0.9937,0.9805,0.9252
handpd_meander,mobilenet_v3_large,0138-7,1,gaussian_blur,2,0.9747,0.9767,0.9353,0.7585
handpd_meander,mobilenet_v3_large,0138-7,1,gaussian_blur,3,0.9031,0.9285,0.8619,0.5584
handpd_meander,mobilenet_v3_large,0138-7,1,gaussian_blur,4,0.8315,0.8772,0.7494,0.4813
handpd_meander,mobilenet_v3_large,0138-7,1,gaussian_blur,5,0.7817,0.8558,0.7062,0.4017
handpd_meander,mobilenet_v3_large,0138-7,1,gaussian_noise,1,0.9986,0.999,0.9925,0.9474
handpd_meander,mobilenet_v3_large,0138-7,1,gaussian_noise,2,0.9788,0.9782,0.9301,0.8237
handpd_meander,mobilenet_v3_large,0138-7,1,gaussian_noise,3,0.9449,0.9368,0.8091,0.7439
handpd_meander,mobilenet_v3_large,0138-7,1,gaussian_noise,4,0.8975,0.9166,0.6616,0.6764
handpd_meander,mobilenet_v3_large,0138-7,1,gaussian_noise,5,0.8848,0.809,0.673,0.669
handpd_meander,mobilenet_v3_large,0138-7,1,contrast,1,0.9084,0.9304,0.846,0.6361
handpd_meander,mobilenet_v3_large,0138-7,1,contrast,2,0.933,0.9645,0.9001,0.6639
handpd_meander,mobilenet_v3_large,0138-7,1,contrast,3,0.9743,0.9871,0.9641,0.7489
handpd_meander,mobilenet_v3_large,0138-7,1,contrast,4,0.9847,0.9725,0.9322,0.7658
handpd_meander,mobilenet_v3_large,0138-7,1,contrast,5,0.9725,0.9549,0.8928,0.7366
handpd_meander,mobilenet_v3_large,0138-7,1,brightness,1,0.895,0.9184,0.8201,0.5897
handpd_meander,mobilenet_v3_large,0138-7,1,brightness,2,0.9527,0.9725,0.9268,0.7581
handpd_meander,mobilenet_v3_large,0138-7,1,brightness,3,0.9752,0.9788,0.9317,0.8595
handpd_meander,mobilenet_v3_large,0138-7,1,brightness,4,0.777,0.5774,0.4063,0.5153
handpd_meander,mobilenet_v3_large,0138-7,1,brightness,5,0.7877,0.5784,0.4445,0.518
handpd_meander,mobilenet_v3_large,0138-7,1,shadow,1,0.9861,0.975,0.9329,0.9193
handpd_meander,mobilenet_v3_large,0138-7,1,shadow,2,0.9699,0.9654,0.9,0.8658
handpd_meander,mobilenet_v3_large,0138-7,1,shadow,3,0.9535,0.9455,0.8572,0.8184
handpd_meander,mobilenet_v3_large,0138-7,1,shadow,4,0.9447,0.924,0.8085,0.7687
handpd_meander,mobilenet_v3_large,0138-7,1,shadow,5,0.9398,0.8503,0.743,0.7381
handpd_meander,mobilenet_v3_large,0138-7,1,perspective,1,0.9701,0.9643,0.8834,0.8146
handpd_meander,mobilenet_v3_large,0138-7,1,perspective,2,0.8134,0.7319,0.6872,0.4987
handpd_meander,mobilenet_v3_large,0138-7,1,perspective,3,0.8742,0.8481,0.6843,0.5621
handpd_meander,mobilenet_v3_large,0138-7,1,perspective,4,0.8839,0.8149,0.6752,0.6178
handpd_meander,mobilenet_v3_large,0138-7,1,perspective,5,0.8642,0.7994,0.6569,0.5754
handpd_meander,mobilenet_v3_large,0138-7,1,rotation,1,0.8268,0.7064,0.6199,0.5304
handpd_meander,mobilenet_v3_large,0138-7,1,rotation,2,0.7962,0.6543,0.6173,0.4734
handpd_meander,mobilenet_v3_large,0138-7,1,rotation,3,0.7923,0.5964,0.5564,0.4716
handpd_meander,mobilenet_v3_large,0138-7,1,rotation,4,0.6304,0.6653,0.5313,0.3531
handpd_meander,mobilenet_v3_large,0138-7,1,rotation,5,0.8094,0.6929,0.583,0.4828
handpd_meander,mobilenet_v3_large,0038-5,1,jpeg_compression,1,0.9902,0.9873,0.9815,0.8755
handpd_meander,mobilenet_v3_large,0038-5,1,jpeg_compression,2,0.9751,0.9744,0.9404,0.7902
handpd_meander,mobilenet_v3_large,0038-5,1,jpeg_compression,3,0.9586,0.9548,0.8916,0.7242
handpd_meander,mobilenet_v3_large,0038-5,1,jpeg_compression,4,0.9531,0.9539,0.9116,0.7374
handpd_meander,mobilenet_v3_large,0038-5,1,jpeg_compression,5,0.7034,0.5591,0.5329,0.4665
handpd_meander,mobilenet_v3_large,0038-5,1,gaussian_blur,1,0.9823,0.9839,0.9702,0.8076
handpd_meander,mobilenet_v3_large,0038-5,1,gaussian_blur,2,0.9196,0.9476,0.8965,0.6318
handpd_meander,mobilenet_v3_large,0038-5,1,gaussian_blur,3,0.8054,0.876,0.7732,0.4698
handpd_meander,mobilenet_v3_large,0038-5,1,gaussian_blur,4,0.7729,0.8659,0.7509,0.4486
handpd_meander,mobilenet_v3_large,0038-5,1,gaussian_blur,5,0.7301,0.8416,0.7217,0.4283
handpd_meander,mobilenet_v3_large,0038-5,1,gaussian_noise,1,0.996,0.9954,0.9913,0.9433
handpd_meander,mobilenet_v3_large,0038-5,1,gaussian_noise,2,0.948,0.9471,0.9074,0.6591
handpd_meander,mobilenet_v3_large,0038-5,1,gaussian_noise,3,0.9239,0.9091,0.8428,0.7043
handpd_meander,mobilenet_v3_large,0038-5,1,gaussian_noise,4,0.9141,0.879,0.8143,0.7136
handpd_meander,mobilenet_v3_large,0038-5,1,gaussian_noise,5,0.8947,0.8438,0.7583,0.6881
handpd_meander,mobilenet_v3_large,0038-5,1,contrast,1,0.8973,0.8716,0.7406,0.7037
handpd_meander,mobilenet_v3_large,0038-5,1,contrast,2,0.9174,0.9232,0.8698,0.6532
handpd_meander,mobilenet_v3_large,0038-5,1,contrast,3,0.9666,0.9656,0.954,0.7348
handpd_meander,mobilenet_v3_large,0038-5,1,contrast,4,0.943,0.9339,0.8858,0.749
handpd_meander,mobilenet_v3_large,0038-5,1,contrast,5,0.9197,0.8957,0.8513,0.7126
handpd_meander,mobilenet_v3_large,0038-5,1,brightness,1,0.9206,0.887,0.8269,0.713
handpd_meander,mobilenet_v3_large,0038-5,1,brightness,2,0.9512,0.9342,0.8804,0.834
handpd_meander,mobilenet_v3_large,0038-5,1,brightness,3,0.9646,0.9556,0.9198,0.8706
handpd_meander,mobilenet_v3_large,0038-5,1,brightness,4,0.7003,0.5103,0.4827,0.4261
handpd_meander,mobilenet_v3_large,0038-5,1,brightness,5,0.6978,0.4956,0.4441,0.4117
handpd_meander,mobilenet_v3_large,0038-5,1,shadow,1,0.9776,0.9753,0.9548,0.8357
handpd_meander,mobilenet_v3_large,0038-5,1,shadow,2,0.9569,0.9358,0.917,0.8016
handpd_meander,mobilenet_v3_large,0038-5,1,shadow,3,0.921,0.8946,0.8787,0.6451
handpd_meander,mobilenet_v3_large,0038-5,1,shadow,4,0.8854,0.8613,0.828,0.5455
handpd_meander,mobilenet_v3_large,0038-5,1,shadow,5,0.8407,0.8145,0.776,0.5021
handpd_meander,mobilenet_v3_large,0038-5,1,perspective,1,0.8504,0.7656,0.726,0.6235
handpd_meander,mobilenet_v3_large,0038-5,1,perspective,2,0.7562,0.6327,0.6036,0.5062
handpd_meander,mobilenet_v3_large,0038-5,1,perspective,3,0.7221,0.6148,0.6115,0.3538
handpd_meander,mobilenet_v3_large,0038-5,1,perspective,4,0.696,0.5889,0.5442,0.3692
handpd_meander,mobilenet_v3_large,0038-5,1,perspective,5,0.6439,0.4933,0.5545,0.3489
handpd_meander,mobilenet_v3_large,0038-5,1,rotation,1,0.6985,0.4967,0.5006,0.5046
handpd_meander,mobilenet_v3_large,0038-5,1,rotation,2,0.5106,0.378,0.3553,0.3087
handpd_meander,mobilenet_v3_large,0038-5,1,rotation,3,0.2611,0.1382,0.3259,0.1894
handpd_meander,mobilenet_v3_large,0038-5,1,rotation,4,0.392,0.1797,0.3039,0.3316
handpd_meander,mobilenet_v3_large,0038-5,1,rotation,5,0.4722,0.1462,0.3851,0.3281
handpd_meander,mobilenet_v3_large,0003-6,1,jpeg_compression,1,0.9986,0.9979,0.9962,0.9453
handpd_meander,mobilenet_v3_large,0003-6,1,jpeg_compression,2,0.9837,0.9828,0.9617,0.8211
handpd_meander,mobilenet_v3_large,0003-6,1,jpeg_compression,3,0.9881,0.9842,0.9383,0.8426
handpd_meander,mobilenet_v3_large,0003-6,1,jpeg_compression,4,0.9742,0.9772,0.9086,0.8071
handpd_meander,mobilenet_v3_large,0003-6,1,jpeg_compression,5,0.8245,0.6932,0.5813,0.5511
handpd_meander,mobilenet_v3_large,0003-6,1,gaussian_blur,1,0.9953,0.9942,0.9853,0.8877
handpd_meander,mobilenet_v3_large,0003-6,1,gaussian_blur,2,0.9843,0.9819,0.9568,0.8211
handpd_meander,mobilenet_v3_large,0003-6,1,gaussian_blur,3,0.9576,0.9538,0.919,0.7608
handpd_meander,mobilenet_v3_large,0003-6,1,gaussian_blur,4,0.9463,0.9471,0.9131,0.7293
handpd_meander,mobilenet_v3_large,0003-6,1,gaussian_blur,5,0.9404,0.938,0.8927,0.7104
handpd_meander,mobilenet_v3_large,0003-6,1,gaussian_noise,1,0.9988,0.9979,0.9901,0.9632
handpd_meander,mobilenet_v3_large,0003-6,1,gaussian_noise,2,0.9885,0.9875,0.9687,0.8453
handpd_meander,mobilenet_v3_large,0003-6,1,gaussian_noise,3,0.9732,0.966,0.939,0.8002
handpd_meander,mobilenet_v3_large,0003-6,1,gaussian_noise,4,0.9438,0.9442,0.8864,0.6991
handpd_meander,mobilenet_v3_large,0003-6,1,gaussian_noise,5,0.9102,0.8921,0.8197,0.683
handpd_meander,mobilenet_v3_large,0003-6,1,contrast,1,0.9769,0.9682,0.9515,0.806
handpd_meander,mobilenet_v3_large,0003-6,1,contrast,2,0.972,0.9697,0.951,0.8079
handpd_meander,mobilenet_v3_large,0003-6,1,contrast,3,0.9827,0.9813,0.9698,0.8349
handpd_meander,mobilenet_v3_large,0003-6,1,contrast,4,0.9757,0.9699,0.9563,0.7703
handpd_meander,mobilenet_v3_large,0003-6,1,contrast,5,0.9631,0.9531,0.929,0.7507
handpd_meander,mobilenet_v3_large,0003-6,1,brightness,1,0.8857,0.8884,0.8187,0.6564
handpd_meander,mobilenet_v3_large,0003-6,1,brightness,2,0.8777,0.8747,0.8585,0.6308
handpd_meander,mobilenet_v3_large,0003-6,1,brightness,3,0.9267,0.9043,0.909,0.7014
handpd_meander,mobilenet_v3_large,0003-6,1,brightness,4,0.8605,0.8231,0.6273,0.5638
handpd_meander,mobilenet_v3_large,0003-6,1,brightness,5,0.8478,0.8261,0.6337,0.5449
handpd_meander,mobilenet_v3_large,0003-6,1,shadow,1,0.9704,0.9558,0.9597,0.8199
handpd_meander,mobilenet_v3_large,0003-6,1,shadow,2,0.9405,0.9197,0.9308,0.7342
handpd_meander,mobilenet_v3_large,0003-6,1,shadow,3,0.9094,0.8871,0.8837,0.6485
handpd_meander,mobilenet_v3_large,0003-6,1,shadow,4,0.8902,0.8588,0.8527,0.6149
handpd_meander,mobilenet_v3_large,0003-6,1,shadow,5,0.8721,0.8324,0.8292,0.6149
handpd_meander,mobilenet_v3_large,0003-6,1,perspective,1,0.8839,0.8485,0.822,0.5483
handpd_meander,mobilenet_v3_large,0003-6,1,perspective,2,0.7985,0.7121,0.739,0.4491
handpd_meander,mobilenet_v3_large,0003-6,1,perspective,3,0.776,0.6485,0.7094,0.4814
handpd_meander,mobilenet_v3_large,0003-6,1,perspective,4,0.7738,0.659,0.7119,0.4747
handpd_meander,mobilenet_v3_large,0003-6,1,perspective,5,0.7384,0.5972,0.6463,0.4639
handpd_meander,mobilenet_v3_large,0003-6,1,rotation,1,0.7691,0.6723,0.7262,0.4717
handpd_meander,mobilenet_v3_large,0003-6,1,rotation,2,0.7874,0.6373,0.5971,0.5168
handpd_meander,mobilenet_v3_large,0003-6,1,rotation,3,0.5799,0.3335,0.541,0.4293
handpd_meander,mobilenet_v3_large,0003-6,1,rotation,4,0.6438,0.4457,0.5181,0.4154
handpd_meander,mobilenet_v3_large,0003-6,1,rotation,5,0.6505,0.4038,0.5312,0.4566
