dataset,model,image,y_true,corruption,level,pearson_clean,spearman_clean,ssim_clean,iou_top20_clean
pdraw_spiral,resnet50,V09HE01,0,jpeg_compression,1,0.9568,0.9471,0.8134,0.8232
pdraw_spiral,resnet50,V09HE01,0,jpeg_compression,2,0.8943,0.8695,0.6899,0.7259
pdraw_spiral,resnet50,V09HE01,0,jpeg_compression,3,0.8,0.7498,0.6138,0.4755
pdraw_spiral,resnet50,V09HE01,0,jpeg_compression,4,0.7937,0.86,0.6256,0.5634
pdraw_spiral,resnet50,V09HE01,0,jpeg_compression,5,0.7286,0.7288,0.4958,0.4716
pdraw_spiral,resnet50,V09HE01,0,gaussian_blur,1,0.8517,0.8532,0.7394,0.5973
pdraw_spiral,resnet50,V09HE01,0,gaussian_blur,2,0.8549,0.8646,0.7716,0.6471
pdraw_spiral,resnet50,V09HE01,0,gaussian_blur,3,0.8272,0.8355,0.7265,0.5636
pdraw_spiral,resnet50,V09HE01,0,gaussian_blur,4,0.8024,0.8183,0.6927,0.5761
pdraw_spiral,resnet50,V09HE01,0,gaussian_blur,5,0.7754,0.7927,0.6595,0.5215
pdraw_spiral,resnet50,V09HE01,0,gaussian_noise,1,0.9553,0.9435,0.8421,0.8026
pdraw_spiral,resnet50,V09HE01,0,gaussian_noise,2,0.8427,0.8727,0.7189,0.6246
pdraw_spiral,resnet50,V09HE01,0,gaussian_noise,3,0.8219,0.8586,0.7303,0.6011
pdraw_spiral,resnet50,V09HE01,0,gaussian_noise,4,0.7217,0.7803,0.6591,0.5205
pdraw_spiral,resnet50,V09HE01,0,gaussian_noise,5,0.6316,0.6983,0.5507,0.3874
pdraw_spiral,resnet50,V09HE01,0,contrast,1,0.819,0.7564,0.6922,0.4971
pdraw_spiral,resnet50,V09HE01,0,contrast,2,0.9535,0.9143,0.8445,0.843
pdraw_spiral,resnet50,V09HE01,0,contrast,3,0.9897,0.9765,0.9295,0.9197
pdraw_spiral,resnet50,V09HE01,0,contrast,4,0.9702,0.9743,0.9,0.7862
pdraw_spiral,resnet50,V09HE01,0,contrast,5,0.9404,0.9657,0.8355,0.7011
pdraw_spiral,resnet50,V09HE01,0,brightness,1,0.7819,0.7652,0.5687,0.5496
pdraw_spiral,resnet50,V09HE01,0,brightness,2,0.8875,0.8512,0.705,0.7202
pdraw_spiral,resnet50,V09HE01,0,brightness,3,0.9228,0.8614,0.7656,0.7756
pdraw_spiral,resnet50,V09HE01,0,brightness,4,0.1724,0.2243,0.4253,0.1898
pdraw_spiral,resnet50,V09HE01,0,brightness,5,0.3008,0.1766,0.3697,0.2177
pdraw_spiral,resnet50,V09HE01,0,shadow,1,0.9113,0.8509,0.7934,0.7407
pdraw_spiral,resnet50,V09HE01,0,shadow,2,0.7928,0.7995,0.6743,0.5502
pdraw_spiral,resnet50,V09HE01,0,shadow,3,0.5343,0.6496,0.579,0.2744
pdraw_spiral,resnet50,V09HE01,0,shadow,4,0.4879,0.5248,0.5077,0.1969
pdraw_spiral,resnet50,V09HE01,0,shadow,5,0.4209,0.4379,0.4677,0.1669
pdraw_spiral,resnet50,V09HE01,0,perspective,1,0.8698,0.8545,0.6667,0.6086
pdraw_spiral,resnet50,V09HE01,0,perspective,2,0.7642,0.8521,0.6938,0.503
pdraw_spiral,resnet50,V09HE01,0,perspective,3,0.5467,0.6492,0.5603,0.3919
pdraw_spiral,resnet50,V09HE01,0,perspective,4,0.3755,0.4806,0.4447,0.2834
pdraw_spiral,resnet50,V09HE01,0,perspective,5,0.595,0.6817,0.5579,0.464
pdraw_spiral,resnet50,V09HE01,0,rotation,1,0.8111,0.8094,0.7049,0.4709
pdraw_spiral,resnet50,V09HE01,0,rotation,2,0.5554,0.4199,0.441,0.3346
pdraw_spiral,resnet50,V09HE01,0,rotation,3,0.1133,0.167,0.3552,0.1417
pdraw_spiral,resnet50,V09HE01,0,rotation,4,-0.1447,-0.0489,0.276,0.0584
pdraw_spiral,resnet50,V09HE01,0,rotation,5,-0.0753,-0.0417,0.3229,0.048
pdraw_spiral,resnet50,V55HE14,0,jpeg_compression,1,0.8787,0.7611,0.8489,0.5059
pdraw_spiral,resnet50,V55HE14,0,jpeg_compression,2,0.7818,0.5881,0.8089,0.5751
pdraw_spiral,resnet50,V55HE14,0,jpeg_compression,3,0.9106,0.871,0.8868,0.6536
pdraw_spiral,resnet50,V55HE14,0,jpeg_compression,4,0.6454,0.6413,0.7444,0.4316
pdraw_spiral,resnet50,V55HE14,0,jpeg_compression,5,0.2962,0.293,0.3968,0.1903
pdraw_spiral,resnet50,V55HE14,0,gaussian_blur,1,0.8186,0.7236,0.8154,0.626
pdraw_spiral,resnet50,V55HE14,0,gaussian_blur,2,0.8966,0.7711,0.8684,0.6907
pdraw_spiral,resnet50,V55HE14,0,gaussian_blur,3,0.4941,0.5579,0.7994,0.4502
pdraw_spiral,resnet50,V55HE14,0,gaussian_blur,4,0.8014,0.5151,0.758,0.3352
pdraw_spiral,resnet50,V55HE14,0,gaussian_blur,5,0.3626,0.1886,0.5821,0.1815
pdraw_spiral,resnet50,V55HE14,0,gaussian_noise,1,0.6538,0.5812,0.8485,0.377
pdraw_spiral,resnet50,V55HE14,0,gaussian_noise,2,0.9114,0.6652,0.8726,0.4412
pdraw_spiral,resnet50,V55HE14,0,gaussian_noise,3,0.225,0.6481,0.8087,0.3408
pdraw_spiral,resnet50,V55HE14,0,gaussian_noise,4,0.2551,0.2445,0.6505,0.3094
pdraw_spiral,resnet50,V55HE14,0,gaussian_noise,5,0.2598,0.214,0.638,0.2862
pdraw_spiral,resnet50,V55HE14,0,contrast,1,-0.0517,-0.0964,0.8044,0.3588
pdraw_spiral,resnet50,V55HE14,0,contrast,2,0.8968,0.6373,0.8904,0.6227
pdraw_spiral,resnet50,V55HE14,0,contrast,3,0.9233,0.5961,0.8848,0.377
pdraw_spiral,resnet50,V55HE14,0,contrast,4,0.974,0.9998,0.9624,1.0
pdraw_spiral,resnet50,V55HE14,0,contrast,5,0.9019,0.7882,0.8544,0.5813
pdraw_spiral,resnet50,V55HE14,0,brightness,1,0.3799,0.4011,0.828,0.368
pdraw_spiral,resnet50,V55HE14,0,brightness,2,0.9164,0.8951,0.9426,0.8694
pdraw_spiral,resnet50,V55HE14,0,brightness,3,0.9571,0.6116,0.9055,0.6227
pdraw_spiral,resnet50,V55HE14,0,brightness,4,0.7007,0.4883,0.5606,0.38
pdraw_spiral,resnet50,V55HE14,0,brightness,5,0.6736,0.4278,0.7221,0.2954
pdraw_spiral,resnet50,V55HE14,0,shadow,1,0.9011,0.8946,0.9249,0.8694
pdraw_spiral,resnet50,V55HE14,0,shadow,2,0.6172,0.6075,0.6705,0.4387
pdraw_spiral,resnet50,V55HE14,0,shadow,3,0.4302,0.4843,0.5385,0.3499
pdraw_spiral,resnet50,V55HE14,0,shadow,4,0.3104,0.4016,0.2812,0.2995
pdraw_spiral,resnet50,V55HE14,0,shadow,5,0.1118,0.2413,0.2233,0.1627
pdraw_spiral,resnet50,V55HE14,0,perspective,1,0.5482,0.7004,0.7951,0.3996
pdraw_spiral,resnet50,V55HE14,0,perspective,2,0.8993,0.8807,0.9261,0.6471
pdraw_spiral,resnet50,V55HE14,0,perspective,3,0.4085,0.7496,0.8188,0.5121
pdraw_spiral,resnet50,V55HE14,0,perspective,4,0.3789,0.5497,0.7096,0.2874
pdraw_spiral,resnet50,V55HE14,0,perspective,5,0.0755,0.4132,0.7284,0.2644
pdraw_spiral,resnet50,V55HE14,0,rotation,1,0.2447,0.5991,0.8008,0.437
pdraw_spiral,resnet50,V55HE14,0,rotation,2,0.0468,0.3127,0.5803,0.1152
pdraw_spiral,resnet50,V55HE14,0,rotation,3,0.0553,0.2664,0.4902,0.2324
pdraw_spiral,resnet50,V55HE14,0,rotation,4,0.1786,0.4515,0.5997,0.2486
pdraw_spiral,resnet50,V55HE14,0,rotation,5,-0.01,0.1637,0.3998,0.117
pdraw_spiral,resnet50,V08HE01,0,jpeg_compression,1,0.9247,0.8768,0.6699,0.8031
pdraw_spiral,resnet50,V08HE01,0,jpeg_compression,2,0.8878,0.8523,0.6453,0.8132
pdraw_spiral,resnet50,V08HE01,0,jpeg_compression,3,0.752,0.7981,0.4922,0.5314
pdraw_spiral,resnet50,V08HE01,0,jpeg_compression,4,0.7456,0.773,0.4972,0.4931
pdraw_spiral,resnet50,V08HE01,0,jpeg_compression,5,0.6154,0.6072,0.3789,0.3879
pdraw_spiral,resnet50,V08HE01,0,gaussian_blur,1,0.8628,0.8077,0.7012,0.6891
pdraw_spiral,resnet50,V08HE01,0,gaussian_blur,2,0.7582,0.8012,0.642,0.504
pdraw_spiral,resnet50,V08HE01,0,gaussian_blur,3,0.7222,0.786,0.6076,0.4108
pdraw_spiral,resnet50,V08HE01,0,gaussian_blur,4,0.6668,0.7334,0.5724,0.4133
pdraw_spiral,resnet50,V08HE01,0,gaussian_blur,5,0.6103,0.7179,0.5411,0.3643
pdraw_spiral,resnet50,V08HE01,0,gaussian_noise,1,0.976,0.9448,0.868,0.8768
pdraw_spiral,resnet50,V08HE01,0,gaussian_noise,2,0.8838,0.9159,0.7819,0.6754
pdraw_spiral,resnet50,V08HE01,0,gaussian_noise,3,0.8674,0.8503,0.6915,0.6647
pdraw_spiral,resnet50,V08HE01,0,gaussian_noise,4,0.7805,0.7392,0.5756,0.5642
pdraw_spiral,resnet50,V08HE01,0,gaussian_noise,5,0.8198,0.8008,0.6473,0.6104
pdraw_spiral,resnet50,V08HE01,0,contrast,1,0.9413,0.8458,0.7606,0.8289
pdraw_spiral,resnet50,V08HE01,0,contrast,2,0.9699,0.8684,0.7958,0.8959
pdraw_spiral,resnet50,V08HE01,0,contrast,3,0.9837,0.9064,0.8059,0.9133
pdraw_spiral,resnet50,V08HE01,0,contrast,4,0.934,0.9412,0.7919,0.7653
pdraw_spiral,resnet50,V08HE01,0,contrast,5,0.899,0.9243,0.6876,0.6314
pdraw_spiral,resnet50,V08HE01,0,brightness,1,0.7428,0.7565,0.6433,0.4787
pdraw_spiral,resnet50,V08HE01,0,brightness,2,0.9187,0.9194,0.8263,0.7302
pdraw_spiral,resnet50,V08HE01,0,brightness,3,0.9699,0.9004,0.8247,0.8184
pdraw_spiral,resnet50,V08HE01,0,brightness,4,0.4426,0.4619,0.4344,0.394
pdraw_spiral,resnet50,V08HE01,0,brightness,5,0.4311,0.4728,0.4329,0.3908
pdraw_spiral,resnet50,V08HE01,0,shadow,1,0.9576,0.8965,0.8086,0.8588
pdraw_spiral,resnet50,V08HE01,0,shadow,2,0.812,0.8275,0.6879,0.5004
pdraw_spiral,resnet50,V08HE01,0,shadow,3,0.5769,0.624,0.5284,0.3764
pdraw_spiral,resnet50,V08HE01,0,shadow,4,0.4811,0.5739,0.5036,0.3001
pdraw_spiral,resnet50,V08HE01,0,shadow,5,0.371,0.4759,0.4061,0.2201
pdraw_spiral,resnet50,V08HE01,0,perspective,1,0.8079,0.8479,0.726,0.553
pdraw_spiral,resnet50,V08HE01,0,perspective,2,0.8092,0.7976,0.6567,0.6038
pdraw_spiral,resnet50,V08HE01,0,perspective,3,0.8234,0.7876,0.6529,0.6414
pdraw_spiral,resnet50,V08HE01,0,perspective,4,0.8035,0.752,0.6178,0.6285
pdraw_spiral,resnet50,V08HE01,0,perspective,5,0.8021,0.785,0.6062,0.6302
pdraw_spiral,resnet50,V08HE01,0,rotation,1,0.853,0.9138,0.7649,0.6206
pdraw_spiral,resnet50,V08HE01,0,rotation,2,0.0699,0.2113,0.3362,0.1403
pdraw_spiral,resnet50,V08HE01,0,rotation,3,0.2402,0.5302,0.4643,0.2643
pdraw_spiral,resnet50,V08HE01,0,rotation,4,-0.0032,0.0019,0.2821,0.0515
pdraw_spiral,resnet50,V08HE01,0,rotation,5,0.2695,0.3079,0.3381,0.2522
pdraw_spiral,resnet50,V07HE01,0,jpeg_compression,1,0.9433,0.9274,0.7721,0.7559
pdraw_spiral,resnet50,V07HE01,0,jpeg_compression,2,0.6644,0.6694,0.5475,0.387
pdraw_spiral,resnet50,V07HE01,0,jpeg_compression,3,0.6549,0.6806,0.5374,0.3904
pdraw_spiral,resnet50,V07HE01,0,jpeg_compression,4,0.5317,0.5269,0.4128,0.3029
pdraw_spiral,resnet50,V07HE01,0,jpeg_compression,5,0.3774,0.4076,0.4468,0.1967
pdraw_spiral,resnet50,V07HE01,0,gaussian_blur,1,0.8407,0.8304,0.6846,0.6427
pdraw_spiral,resnet50,V07HE01,0,gaussian_blur,2,0.6785,0.6709,0.5984,0.4594
pdraw_spiral,resnet50,V07HE01,0,gaussian_blur,3,0.5344,0.5049,0.4637,0.357
pdraw_spiral,resnet50,V07HE01,0,gaussian_blur,4,0.5011,0.4435,0.3583,0.3153
pdraw_spiral,resnet50,V07HE01,0,gaussian_blur,5,0.3853,0.4512,0.3666,0.2559
pdraw_spiral,resnet50,V07HE01,0,gaussian_noise,1,0.8924,0.9422,0.8612,0.7225
pdraw_spiral,resnet50,V07HE01,0,gaussian_noise,2,0.723,0.7306,0.5972,0.4921
pdraw_spiral,resnet50,V07HE01,0,gaussian_noise,3,0.6441,0.6456,0.5551,0.3715
pdraw_spiral,resnet50,V07HE01,0,gaussian_noise,4,0.5354,0.5116,0.4753,0.3557
pdraw_spiral,resnet50,V07HE01,0,gaussian_noise,5,0.3264,0.3232,0.3679,0.2708
pdraw_spiral,resnet50,V07HE01,0,contrast,1,0.9403,0.8449,0.7389,0.7509
pdraw_spiral,resnet50,V07HE01,0,contrast,2,0.9787,0.9791,0.8958,0.8592
pdraw_spiral,resnet50,V07HE01,0,contrast,3,0.9914,0.9849,0.9495,0.9056
pdraw_spiral,resnet50,V07HE01,0,contrast,4,0.9748,0.942,0.8847,0.8977
pdraw_spiral,resnet50,V07HE01,0,contrast,5,0.9402,0.9346,0.8471,0.8826
pdraw_spiral,resnet50,V07HE01,0,brightness,1,0.8408,0.8696,0.752,0.5804
pdraw_spiral,resnet50,V07HE01,0,brightness,2,0.9439,0.8888,0.8455,0.7535
pdraw_spiral,resnet50,V07HE01,0,brightness,3,0.9766,0.9142,0.8793,0.8465
pdraw_spiral,resnet50,V07HE01,0,brightness,4,0.467,0.3551,0.477,0.3903
pdraw_spiral,resnet50,V07HE01,0,brightness,5,0.4677,0.4528,0.509,0.3354
pdraw_spiral,resnet50,V07HE01,0,shadow,1,0.9693,0.9137,0.8784,0.8396
pdraw_spiral,resnet50,V07HE01,0,shadow,2,0.9667,0.9112,0.8416,0.8249
pdraw_spiral,resnet50,V07HE01,0,shadow,3,0.8393,0.8249,0.7161,0.5833
pdraw_spiral,resnet50,V07HE01,0,shadow,4,0.7012,0.7178,0.5606,0.4295
pdraw_spiral,resnet50,V07HE01,0,shadow,5,0.7802,0.7676,0.4952,0.5331
pdraw_spiral,resnet50,V07HE01,0,perspective,1,0.9058,0.8544,0.7722,0.7251
pdraw_spiral,resnet50,V07HE01,0,perspective,2,0.8935,0.8229,0.6641,0.695
pdraw_spiral,resnet50,V07HE01,0,perspective,3,0.8625,0.827,0.7054,0.6299
pdraw_spiral,resnet50,V07HE01,0,perspective,4,0.8167,0.8771,0.6834,0.6025
pdraw_spiral,resnet50,V07HE01,0,perspective,5,0.7396,0.745,0.6382,0.4946
pdraw_spiral,resnet50,V07HE01,0,rotation,1,0.5514,0.5777,0.4299,0.3726
pdraw_spiral,resnet50,V07HE01,0,rotation,2,0.3497,0.5671,0.4668,0.3599
pdraw_spiral,resnet50,V07HE01,0,rotation,3,0.2254,0.252,0.3598,0.1602
pdraw_spiral,resnet50,V07HE01,0,rotation,4,0.2529,0.4088,0.3371,0.1485
pdraw_spiral,resnet50,V07HE01,0,rotation,5,0.2951,0.2507,0.2832,0.1813
pdraw_spiral,resnet50,V55HE15,0,jpeg_compression,1,0.594,0.7255,0.8305,0.5275
pdraw_spiral,resnet50,V55HE15,0,jpeg_compression,2,0.4162,0.5081,0.6328,0.3048
pdraw_spiral,resnet50,V55HE15,0,jpeg_compression,3,0.535,0.451,0.4877,0.2552
pdraw_spiral,resnet50,V55HE15,0,jpeg_compression,4,0.1814,0.2977,0.4114,0.117
pdraw_spiral,resnet50,V55HE15,0,jpeg_compression,5,-0.0456,0.1459,0.4064,0.0322
pdraw_spiral,resnet50,V55HE15,0,gaussian_blur,1,0.9165,0.7269,0.8704,0.4821
pdraw_spiral,resnet50,V55HE15,0,gaussian_blur,2,0.6481,0.4823,0.7158,0.1984
pdraw_spiral,resnet50,V55HE15,0,gaussian_blur,3,0.2472,0.2976,0.5173,0.1284
pdraw_spiral,resnet50,V55HE15,0,gaussian_blur,4,0.169,0.2998,0.5285,0.1198
pdraw_spiral,resnet50,V55HE15,0,gaussian_blur,5,0.1887,0.2561,0.5034,0.1316
pdraw_spiral,resnet50,V55HE15,0,gaussian_noise,1,0.921,0.637,0.8573,0.4119
pdraw_spiral,resnet50,V55HE15,0,gaussian_noise,2,0.7664,0.5737,0.7732,0.3448
pdraw_spiral,resnet50,V55HE15,0,gaussian_noise,3,0.2928,0.318,0.6273,0.1476
pdraw_spiral,resnet50,V55HE15,0,gaussian_noise,4,0.1124,0.1116,0.6092,0.0983
pdraw_spiral,resnet50,V55HE15,0,gaussian_noise,5,0.4972,0.171,0.5627,0.1889
pdraw_spiral,resnet50,V55HE15,0,contrast,1,0.8123,0.559,0.8782,0.395
pdraw_spiral,resnet50,V55HE15,0,contrast,2,0.8652,0.6476,0.9067,0.5617
pdraw_spiral,resnet50,V55HE15,0,contrast,3,0.9735,0.7728,0.9451,0.7062
pdraw_spiral,resnet50,V55HE15,0,contrast,4,0.7628,0.6883,0.804,0.426
pdraw_spiral,resnet50,V55HE15,0,contrast,5,0.4706,0.4439,0.7485,0.2857
pdraw_spiral,resnet50,V55HE15,0,brightness,1,0.1347,0.6158,0.7952,0.5312
pdraw_spiral,resnet50,V55HE15,0,brightness,2,0.9122,0.7712,0.9159,0.4734
pdraw_spiral,resnet50,V55HE15,0,brightness,3,0.99,0.9992,0.9523,1.0
pdraw_spiral,resnet50,V55HE15,0,brightness,4,0.2194,0.5001,0.4317,0.3777
pdraw_spiral,resnet50,V55HE15,0,brightness,5,0.3496,0.4943,0.7568,0.3309
pdraw_spiral,resnet50,V55HE15,0,shadow,1,0.976,0.8155,0.9259,0.5307
pdraw_spiral,resnet50,V55HE15,0,shadow,2,0.2513,0.5262,0.7399,0.2754
pdraw_spiral,resnet50,V55HE15,0,shadow,3,-0.0045,0.1321,0.4897,0.0766
pdraw_spiral,resnet50,V55HE15,0,shadow,4,-0.1147,0.0437,0.4751,0.0399
pdraw_spiral,resnet50,V55HE15,0,shadow,5,-0.1404,-0.0709,0.3783,0.0459
pdraw_spiral,resnet50,V55HE15,0,perspective,1,0.0448,0.2238,0.7441,0.208
pdraw_spiral,resnet50,V55HE15,0,perspective,2,0.0647,0.4699,0.718,0.3133
pdraw_spiral,resnet50,V55HE15,0,perspective,3,0.0634,0.389,0.7627,0.3156
pdraw_spiral,resnet50,V55HE15,0,perspective,4,0.0205,0.5143,0.7439,0.3265
pdraw_spiral,resnet50,V55HE15,0,perspective,5,-0.0085,0.4554,0.6891,0.2115
pdraw_spiral,resnet50,V55HE15,0,rotation,1,0.0924,0.5722,0.8248,0.4855
pdraw_spiral,resnet50,V55HE15,0,rotation,2,0.0894,0.3804,0.537,0.2258
pdraw_spiral,resnet50,V55HE15,0,rotation,3,0.6059,0.4164,0.5681,0.2777
pdraw_spiral,resnet50,V55HE15,0,rotation,4,0.0488,0.2738,0.4332,0.2314
pdraw_spiral,resnet50,V55HE15,0,rotation,5,0.4483,0.2866,0.2993,0.2262
pdraw_spiral,resnet50,V03PE01,1,jpeg_compression,1,0.9744,0.9763,0.9391,0.7582
pdraw_spiral,resnet50,V03PE01,1,jpeg_compression,2,0.9128,0.9173,0.8821,0.5337
pdraw_spiral,resnet50,V03PE01,1,jpeg_compression,3,0.8761,0.8669,0.8375,0.4537
pdraw_spiral,resnet50,V03PE01,1,jpeg_compression,4,0.8152,0.8252,0.7519,0.2527
pdraw_spiral,resnet50,V03PE01,1,jpeg_compression,5,0.6961,0.7049,0.7212,0.2691
pdraw_spiral,resnet50,V03PE01,1,gaussian_blur,1,0.9082,0.9031,0.889,0.5371
pdraw_spiral,resnet50,V03PE01,1,gaussian_blur,2,0.8917,0.879,0.8479,0.5027
pdraw_spiral,resnet50,V03PE01,1,gaussian_blur,3,0.8841,0.8733,0.8084,0.5356
pdraw_spiral,resnet50,V03PE01,1,gaussian_blur,4,0.8662,0.8644,0.7979,0.5258
pdraw_spiral,resnet50,V03PE01,1,gaussian_blur,5,0.823,0.8211,0.7928,0.5121
pdraw_spiral,resnet50,V03PE01,1,gaussian_noise,1,0.955,0.9539,0.9364,0.6317
pdraw_spiral,resnet50,V03PE01,1,gaussian_noise,2,0.9175,0.9152,0.8715,0.5556
pdraw_spiral,resnet50,V03PE01,1,gaussian_noise,3,0.7796,0.7892,0.7934,0.398
pdraw_spiral,resnet50,V03PE01,1,gaussian_noise,4,0.6905,0.7364,0.6888,0.3037
pdraw_spiral,resnet50,V03PE01,1,gaussian_noise,5,0.6197,0.7164,0.6253,0.2653
pdraw_spiral,resnet50,V03PE01,1,contrast,1,0.9344,0.9386,0.8935,0.6735
pdraw_spiral,resnet50,V03PE01,1,contrast,2,0.9707,0.971,0.9605,0.7712
pdraw_spiral,resnet50,V03PE01,1,contrast,3,0.9931,0.9924,0.9926,0.8372
pdraw_spiral,resnet50,V03PE01,1,contrast,4,0.9813,0.9801,0.9634,0.6753
pdraw_spiral,resnet50,V03PE01,1,contrast,5,0.9695,0.9661,0.9472,0.6113
pdraw_spiral,resnet50,V03PE01,1,brightness,1,0.7454,0.7879,0.7936,0.3535
pdraw_spiral,resnet50,V03PE01,1,brightness,2,0.8658,0.8837,0.8854,0.452
pdraw_spiral,resnet50,V03PE01,1,brightness,3,0.9502,0.9584,0.9515,0.6452
pdraw_spiral,resnet50,V03PE01,1,brightness,4,0.5262,0.5675,0.5862,0.2441
pdraw_spiral,resnet50,V03PE01,1,brightness,5,0.2992,0.409,0.4197,0.0929
pdraw_spiral,resnet50,V03PE01,1,shadow,1,0.9813,0.9818,0.9811,0.7381
pdraw_spiral,resnet50,V03PE01,1,shadow,2,0.9278,0.9359,0.9217,0.5621
pdraw_spiral,resnet50,V03PE01,1,shadow,3,0.8786,0.8971,0.8601,0.5266
pdraw_spiral,resnet50,V03PE01,1,shadow,4,0.8983,0.9225,0.8639,0.5671
pdraw_spiral,resnet50,V03PE01,1,shadow,5,0.886,0.9075,0.8396,0.5633
pdraw_spiral,resnet50,V03PE01,1,perspective,1,0.8992,0.9032,0.7941,0.5473
pdraw_spiral,resnet50,V03PE01,1,perspective,2,0.7947,0.8396,0.6692,0.3925
pdraw_spiral,resnet50,V03PE01,1,perspective,3,0.7604,0.8071,0.6543,0.3537
pdraw_spiral,resnet50,V03PE01,1,perspective,4,0.7038,0.7755,0.5749,0.2616
pdraw_spiral,resnet50,V03PE01,1,perspective,5,0.7047,0.7759,0.5705,0.3066
pdraw_spiral,resnet50,V03PE01,1,rotation,1,0.873,0.8608,0.8147,0.4731
pdraw_spiral,resnet50,V03PE01,1,rotation,2,0.5423,0.5754,0.63,0.32
pdraw_spiral,resnet50,V03PE01,1,rotation,3,0.7516,0.7568,0.7207,0.347
pdraw_spiral,resnet50,V03PE01,1,rotation,4,0.5168,0.5186,0.552,0.2073
pdraw_spiral,resnet50,V03PE01,1,rotation,5,0.5572,0.6025,0.618,0.1753
pdraw_spiral,resnet50,V11PE03,1,jpeg_compression,1,0.9774,0.9726,0.8557,0.759
pdraw_spiral,resnet50,V11PE03,1,jpeg_compression,2,0.9643,0.9694,0.778,0.7315
pdraw_spiral,resnet50,V11PE03,1,jpeg_compression,3,0.8964,0.9327,0.7868,0.5053
pdraw_spiral,resnet50,V11PE03,1,jpeg_compression,4,0.8269,0.8848,0.5694,0.3968
pdraw_spiral,resnet50,V11PE03,1,jpeg_compression,5,0.568,0.6903,0.4598,0.2082
pdraw_spiral,resnet50,V11PE03,1,gaussian_blur,1,0.9489,0.9723,0.8538,0.7135
pdraw_spiral,resnet50,V11PE03,1,gaussian_blur,2,0.9116,0.9501,0.8169,0.6463
pdraw_spiral,resnet50,V11PE03,1,gaussian_blur,3,0.8439,0.8829,0.6887,0.5336
pdraw_spiral,resnet50,V11PE03,1,gaussian_blur,4,0.8323,0.8616,0.6654,0.5262
pdraw_spiral,resnet50,V11PE03,1,gaussian_blur,5,0.7616,0.8043,0.6201,0.4591
pdraw_spiral,resnet50,V11PE03,1,gaussian_noise,1,0.9706,0.9637,0.898,0.8096
pdraw_spiral,resnet50,V11PE03,1,gaussian_noise,2,0.9605,0.9798,0.8562,0.7259
pdraw_spiral,resnet50,V11PE03,1,gaussian_noise,3,0.9088,0.928,0.7484,0.6258
pdraw_spiral,resnet50,V11PE03,1,gaussian_noise,4,0.8605,0.9051,0.729,0.5542
pdraw_spiral,resnet50,V11PE03,1,gaussian_noise,5,0.7664,0.8475,0.6551,0.4519
pdraw_spiral,resnet50,V11PE03,1,contrast,1,0.9735,0.98,0.8968,0.8317
pdraw_spiral,resnet50,V11PE03,1,contrast,2,0.9816,0.9828,0.9323,0.8124
pdraw_spiral,resnet50,V11PE03,1,contrast,3,0.9906,0.9933,0.9536,0.8186
pdraw_spiral,resnet50,V11PE03,1,contrast,4,0.9884,0.9875,0.9392,0.8398
pdraw_spiral,resnet50,V11PE03,1,contrast,5,0.972,0.9714,0.8628,0.7486
pdraw_spiral,resnet50,V11PE03,1,brightness,1,0.8614,0.8974,0.7152,0.6065
pdraw_spiral,resnet50,V11PE03,1,brightness,2,0.9336,0.9548,0.7868,0.7338
pdraw_spiral,resnet50,V11PE03,1,brightness,3,0.9715,0.9754,0.9042,0.783
pdraw_spiral,resnet50,V11PE03,1,brightness,4,0.6475,0.8242,0.5657,0.2772
pdraw_spiral,resnet50,V11PE03,1,brightness,5,0.6652,0.8289,0.623,0.3309
pdraw_spiral,resnet50,V11PE03,1,shadow,1,0.9869,0.9913,0.9316,0.8618
pdraw_spiral,resnet50,V11PE03,1,shadow,2,0.9564,0.9556,0.8208,0.7571
pdraw_spiral,resnet50,V11PE03,1,shadow,3,0.8824,0.9021,0.7294,0.6046
pdraw_spiral,resnet50,V11PE03,1,shadow,4,0.821,0.8543,0.6284,0.5077
pdraw_spiral,resnet50,V11PE03,1,shadow,5,0.8066,0.8158,0.5739,0.5066
pdraw_spiral,resnet50,V11PE03,1,perspective,1,0.9322,0.9106,0.7636,0.5917
pdraw_spiral,resnet50,V11PE03,1,perspective,2,0.9725,0.9159,0.8087,0.7677
pdraw_spiral,resnet50,V11PE03,1,perspective,3,0.9491,0.9144,0.7852,0.6663
pdraw_spiral,resnet50,V11PE03,1,perspective,4,0.9345,0.9008,0.7641,0.6334
pdraw_spiral,resnet50,V11PE03,1,perspective,5,0.9387,0.9016,0.7724,0.6291
pdraw_spiral,resnet50,V11PE03,1,rotation,1,0.9394,0.8746,0.7539,0.6602
pdraw_spiral,resnet50,V11PE03,1,rotation,2,0.5713,0.6113,0.488,0.2718
pdraw_spiral,resnet50,V11PE03,1,rotation,3,0.4192,0.6021,0.4681,0.2198
pdraw_spiral,resnet50,V11PE03,1,rotation,4,0.3928,0.3863,0.3196,0.2108
pdraw_spiral,resnet50,V11PE03,1,rotation,5,0.292,0.4593,0.3686,0.0735
pdraw_spiral,resnet50,V08PE01,1,jpeg_compression,1,0.9103,0.9321,0.8438,0.5992
pdraw_spiral,resnet50,V08PE01,1,jpeg_compression,2,0.9411,0.885,0.7855,0.6654
pdraw_spiral,resnet50,V08PE01,1,jpeg_compression,3,0.8454,0.8029,0.6207,0.4641
pdraw_spiral,resnet50,V08PE01,1,jpeg_compression,4,0.7525,0.6978,0.5221,0.3741
pdraw_spiral,resnet50,V08PE01,1,jpeg_compression,5,0.7436,0.5938,0.4402,0.3694
pdraw_spiral,resnet50,V08PE01,1,gaussian_blur,1,0.8507,0.8754,0.7393,0.5433
pdraw_spiral,resnet50,V08PE01,1,gaussian_blur,2,0.8602,0.7963,0.7211,0.6244
pdraw_spiral,resnet50,V08PE01,1,gaussian_blur,3,0.8662,0.7921,0.7089,0.5714
pdraw_spiral,resnet50,V08PE01,1,gaussian_blur,4,0.8555,0.7229,0.6415,0.5438
pdraw_spiral,resnet50,V08PE01,1,gaussian_blur,5,0.8071,0.6614,0.6458,0.4993
pdraw_spiral,resnet50,V08PE01,1,gaussian_noise,1,0.9506,0.9251,0.8615,0.6837
pdraw_spiral,resnet50,V08PE01,1,gaussian_noise,2,0.8462,0.7126,0.6481,0.4963
pdraw_spiral,resnet50,V08PE01,1,gaussian_noise,3,0.8393,0.717,0.7015,0.4622
pdraw_spiral,resnet50,V08PE01,1,gaussian_noise,4,0.787,0.6301,0.5644,0.4133
pdraw_spiral,resnet50,V08PE01,1,gaussian_noise,5,0.8208,0.6561,0.5983,0.409
pdraw_spiral,resnet50,V08PE01,1,contrast,1,0.8899,0.8759,0.778,0.6227
pdraw_spiral,resnet50,V08PE01,1,contrast,2,0.9178,0.8724,0.8014,0.7026
pdraw_spiral,resnet50,V08PE01,1,contrast,3,0.9836,0.9771,0.9116,0.8346
pdraw_spiral,resnet50,V08PE01,1,contrast,4,0.9475,0.9571,0.8934,0.7014
pdraw_spiral,resnet50,V08PE01,1,contrast,5,0.9004,0.9274,0.7999,0.6455
pdraw_spiral,resnet50,V08PE01,1,brightness,1,0.5843,0.6501,0.6237,0.3529
pdraw_spiral,resnet50,V08PE01,1,brightness,2,0.71,0.6567,0.5847,0.4763
pdraw_spiral,resnet50,V08PE01,1,brightness,3,0.8281,0.753,0.6712,0.5721
pdraw_spiral,resnet50,V08PE01,1,brightness,4,0.5487,0.3623,0.4311,0.3262
pdraw_spiral,resnet50,V08PE01,1,brightness,5,0.5479,0.3029,0.4241,0.3062
pdraw_spiral,resnet50,V08PE01,1,shadow,1,0.8631,0.8577,0.7568,0.5908
pdraw_spiral,resnet50,V08PE01,1,shadow,2,0.7584,0.7125,0.6636,0.4591
pdraw_spiral,resnet50,V08PE01,1,shadow,3,0.7051,0.6379,0.5947,0.417
pdraw_spiral,resnet50,V08PE01,1,shadow,4,0.7233,0.6035,0.5913,0.4148
pdraw_spiral,resnet50,V08PE01,1,shadow,5,0.6982,0.5431,0.5762,0.3981
pdraw_spiral,resnet50,V08PE01,1,perspective,1,0.9075,0.8686,0.7826,0.5605
pdraw_spiral,resnet50,V08PE01,1,perspective,2,0.8647,0.7772,0.7206,0.525
pdraw_spiral,resnet50,V08PE01,1,perspective,3,0.8612,0.7577,0.6942,0.5326
pdraw_spiral,resnet50,V08PE01,1,perspective,4,0.823,0.7142,0.6717,0.4741
pdraw_spiral,resnet50,V08PE01,1,perspective,5,0.7483,0.5841,0.641,0.3143
pdraw_spiral,resnet50,V08PE01,1,rotation,1,0.6654,0.6622,0.5388,0.4086
pdraw_spiral,resnet50,V08PE01,1,rotation,2,0.1806,0.3344,0.4091,0.1708
pdraw_spiral,resnet50,V08PE01,1,rotation,3,0.3034,0.392,0.4168,0.281
pdraw_spiral,resnet50,V08PE01,1,rotation,4,0.5104,0.3608,0.4478,0.3276
pdraw_spiral,resnet50,V08PE01,1,rotation,5,0.4183,0.3147,0.372,0.2575
pdraw_spiral,resnet50,V06PE01,1,jpeg_compression,1,0.9215,0.9377,0.8259,0.6321
pdraw_spiral,resnet50,V06PE01,1,jpeg_compression,2,0.8441,0.8659,0.7011,0.5353
pdraw_spiral,resnet50,V06PE01,1,jpeg_compression,3,0.815,0.8366,0.6646,0.4824
pdraw_spiral,resnet50,V06PE01,1,jpeg_compression,4,0.835,0.884,0.583,0.5456
pdraw_spiral,resnet50,V06PE01,1,jpeg_compression,5,0.7669,0.7912,0.5914,0.5997
pdraw_spiral,resnet50,V06PE01,1,gaussian_blur,1,0.9497,0.9436,0.8466,0.7042
pdraw_spiral,resnet50,V06PE01,1,gaussian_blur,2,0.925,0.9286,0.7545,0.6202
pdraw_spiral,resnet50,V06PE01,1,gaussian_blur,3,0.8349,0.8738,0.5665,0.5544
pdraw_spiral,resnet50,V06PE01,1,gaussian_blur,4,0.783,0.8398,0.5402,0.4902
pdraw_spiral,resnet50,V06PE01,1,gaussian_blur,5,0.8132,0.8397,0.5946,0.5291
pdraw_spiral,resnet50,V06PE01,1,gaussian_noise,1,0.954,0.9416,0.8661,0.6358
pdraw_spiral,resnet50,V06PE01,1,gaussian_noise,2,0.8676,0.904,0.7804,0.5341
pdraw_spiral,resnet50,V06PE01,1,gaussian_noise,3,0.7953,0.8847,0.6811,0.4916
pdraw_spiral,resnet50,V06PE01,1,gaussian_noise,4,0.8776,0.8909,0.8043,0.607
pdraw_spiral,resnet50,V06PE01,1,gaussian_noise,5,0.859,0.887,0.7526,0.5937
pdraw_spiral,resnet50,V06PE01,1,contrast,1,0.9189,0.9179,0.8039,0.6237
pdraw_spiral,resnet50,V06PE01,1,contrast,2,0.9787,0.9773,0.9334,0.7826
pdraw_spiral,resnet50,V06PE01,1,contrast,3,0.9938,0.9916,0.9765,0.8792
pdraw_spiral,resnet50,V06PE01,1,contrast,4,0.9878,0.9853,0.9464,0.8785
pdraw_spiral,resnet50,V06PE01,1,contrast,5,0.9784,0.9703,0.9063,0.8984
pdraw_spiral,resnet50,V06PE01,1,brightness,1,0.861,0.8105,0.7542,0.4904
pdraw_spiral,resnet50,V06PE01,1,brightness,2,0.9484,0.9367,0.9074,0.7239
pdraw_spiral,resnet50,V06PE01,1,brightness,3,0.9788,0.9672,0.9532,0.8032
pdraw_spiral,resnet50,V06PE01,1,brightness,4,0.7464,0.8074,0.6973,0.4432
pdraw_spiral,resnet50,V06PE01,1,brightness,5,0.7823,0.8213,0.6885,0.4972
pdraw_spiral,resnet50,V06PE01,1,shadow,1,0.9715,0.9582,0.9395,0.7756
pdraw_spiral,resnet50,V06PE01,1,shadow,2,0.8841,0.9006,0.8708,0.5465
pdraw_spiral,resnet50,V06PE01,1,shadow,3,0.8407,0.8772,0.81,0.5061
pdraw_spiral,resnet50,V06PE01,1,shadow,4,0.81,0.8495,0.7088,0.4704
pdraw_spiral,resnet50,V06PE01,1,shadow,5,0.7847,0.8307,0.6607,0.4691
pdraw_spiral,resnet50,V06PE01,1,perspective,1,0.9557,0.9164,0.8184,0.7451
pdraw_spiral,resnet50,V06PE01,1,perspective,2,0.9117,0.845,0.7077,0.7039
pdraw_spiral,resnet50,V06PE01,1,perspective,3,0.8823,0.8219,0.6883,0.5763
pdraw_spiral,resnet50,V06PE01,1,perspective,4,0.8492,0.8151,0.6364,0.6239
pdraw_spiral,resnet50,V06PE01,1,perspective,5,0.8552,0.8334,0.6259,0.5969
pdraw_spiral,resnet50,V06PE01,1,rotation,1,0.9473,0.8976,0.7784,0.7327
pdraw_spiral,resnet50,V06PE01,1,rotation,2,0.7707,0.7071,0.5334,0.5284
pdraw_spiral,resnet50,V06PE01,1,rotation,3,0.7316,0.6822,0.6363,0.4658
pdraw_spiral,resnet50,V06PE01,1,rotation,4,0.6014,0.6432,0.3995,0.3714
pdraw_spiral,resnet50,V06PE01,1,rotation,5,0.476,0.4111,0.4838,0.3298
pdraw_spiral,resnet50,V03PE07,1,jpeg_compression,1,0.9486,0.9546,0.8807,0.7505
pdraw_spiral,resnet50,V03PE07,1,jpeg_compression,2,0.7377,0.8304,0.6492,0.3066
pdraw_spiral,resnet50,V03PE07,1,jpeg_compression,3,0.7709,0.8296,0.6744,0.3523
pdraw_spiral,resnet50,V03PE07,1,jpeg_compression,4,0.734,0.8222,0.5857,0.3159
pdraw_spiral,resnet50,V03PE07,1,jpeg_compression,5,0.295,0.5282,0.5941,0.045
pdraw_spiral,resnet50,V03PE07,1,gaussian_blur,1,0.8049,0.8721,0.7506,0.3559
pdraw_spiral,resnet50,V03PE07,1,gaussian_blur,2,0.6858,0.7909,0.6556,0.1754
pdraw_spiral,resnet50,V03PE07,1,gaussian_blur,3,0.7124,0.8015,0.6155,0.2646
pdraw_spiral,resnet50,V03PE07,1,gaussian_blur,4,0.7544,0.8375,0.6836,0.4228
pdraw_spiral,resnet50,V03PE07,1,gaussian_blur,5,0.7763,0.8816,0.5771,0.5092
pdraw_spiral,resnet50,V03PE07,1,gaussian_noise,1,0.9821,0.9768,0.8699,0.8713
pdraw_spiral,resnet50,V03PE07,1,gaussian_noise,2,0.8343,0.8941,0.6838,0.559
pdraw_spiral,resnet50,V03PE07,1,gaussian_noise,3,0.6095,0.7233,0.5999,0.2292
pdraw_spiral,resnet50,V03PE07,1,gaussian_noise,4,0.5083,0.6721,0.6311,0.1346
pdraw_spiral,resnet50,V03PE07,1,gaussian_noise,5,0.5168,0.6207,0.6094,0.1728
pdraw_spiral,resnet50,V03PE07,1,contrast,1,0.869,0.9262,0.7849,0.5428
pdraw_spiral,resnet50,V03PE07,1,contrast,2,0.9677,0.9793,0.906,0.768
pdraw_spiral,resnet50,V03PE07,1,contrast,3,0.9953,0.9957,0.9598,0.9213
pdraw_spiral,resnet50,V03PE07,1,contrast,4,0.9897,0.9899,0.9474,0.8902
pdraw_spiral,resnet50,V03PE07,1,contrast,5,0.9721,0.9635,0.8574,0.8366
pdraw_spiral,resnet50,V03PE07,1,brightness,1,0.9658,0.9742,0.9106,0.8109
pdraw_spiral,resnet50,V03PE07,1,brightness,2,0.937,0.9381,0.8742,0.7001
pdraw_spiral,resnet50,V03PE07,1,brightness,3,0.9701,0.9674,0.9143,0.7564
pdraw_spiral,resnet50,V03PE07,1,brightness,4,0.4179,0.6238,0.6033,0.1083
pdraw_spiral,resnet50,V03PE07,1,brightness,5,0.2312,0.5414,0.5512,0.0411
pdraw_spiral,resnet50,V03PE07,1,shadow,1,0.9726,0.9757,0.9025,0.7245
pdraw_spiral,resnet50,V03PE07,1,shadow,2,0.9316,0.9612,0.8197,0.6277
pdraw_spiral,resnet50,V03PE07,1,shadow,3,0.8112,0.9123,0.6461,0.3763
pdraw_spiral,resnet50,V03PE07,1,shadow,4,0.7018,0.832,0.6038,0.2665
pdraw_spiral,resnet50,V03PE07,1,shadow,5,0.6447,0.7806,0.5691,0.207
pdraw_spiral,resnet50,V03PE07,1,perspective,1,0.9262,0.9378,0.788,0.7133
pdraw_spiral,resnet50,V03PE07,1,perspective,2,0.7898,0.8535,0.7303,0.4121
pdraw_spiral,resnet50,V03PE07,1,perspective,3,0.7709,0.8283,0.6966,0.4985
pdraw_spiral,resnet50,V03PE07,1,perspective,4,0.7826,0.8558,0.7287,0.4522
pdraw_spiral,resnet50,V03PE07,1,perspective,5,0.5584,0.707,0.5917,0.2121
pdraw_spiral,resnet50,V03PE07,1,rotation,1,0.7638,0.8262,0.6598,0.2801
pdraw_spiral,resnet50,V03PE07,1,rotation,2,0.6192,0.5829,0.5959,0.3337
pdraw_spiral,resnet50,V03PE07,1,rotation,3,0.2726,0.3271,0.5539,0.1753
pdraw_spiral,resnet50,V03PE07,1,rotation,4,0.3642,0.4186,0.4535,0.2164
pdraw_spiral,resnet50,V03PE07,1,rotation,5,0.1571,0.2653,0.4624,0.069
pdraw_spiral,vgg16,V09HE01,0,jpeg_compression,1,0.9274,0.7319,0.793,0.6682
pdraw_spiral,vgg16,V09HE01,0,jpeg_compression,2,0.8032,0.431,0.6779,0.4378
pdraw_spiral,vgg16,V09HE01,0,jpeg_compression,3,0.68,0.2752,0.5227,0.3504
pdraw_spiral,vgg16,V09HE01,0,jpeg_compression,4,0.4752,0.2127,0.4071,0.3232
pdraw_spiral,vgg16,V09HE01,0,jpeg_compression,5,0.24,0.2578,0.356,0.2475
pdraw_spiral,vgg16,V09HE01,0,gaussian_blur,1,0.8665,0.6632,0.8102,0.519
pdraw_spiral,vgg16,V09HE01,0,gaussian_blur,2,0.786,0.4979,0.719,0.4844
pdraw_spiral,vgg16,V09HE01,0,gaussian_blur,3,0.6888,0.4404,0.6737,0.4498
pdraw_spiral,vgg16,V09HE01,0,gaussian_blur,4,0.4182,0.3478,0.6251,0.2552
pdraw_spiral,vgg16,V09HE01,0,gaussian_blur,5,0.271,0.057,0.5784,0.1951
pdraw_spiral,vgg16,V09HE01,0,gaussian_noise,1,0.9878,0.9061,0.9649,0.9153
pdraw_spiral,vgg16,V09HE01,0,gaussian_noise,2,0.9167,0.9038,0.8679,0.6329
pdraw_spiral,vgg16,V09HE01,0,gaussian_noise,3,0.5624,0.2676,0.6543,0.3343
pdraw_spiral,vgg16,V09HE01,0,gaussian_noise,4,0.6948,0.3732,0.6863,0.3426
pdraw_spiral,vgg16,V09HE01,0,gaussian_noise,5,0.679,0.5927,0.7529,0.4323
pdraw_spiral,vgg16,V09HE01,0,contrast,1,0.4585,0.644,0.7277,0.4936
pdraw_spiral,vgg16,V09HE01,0,contrast,2,0.9871,0.9055,0.9311,0.914
pdraw_spiral,vgg16,V09HE01,0,contrast,3,0.9954,0.9373,0.9706,0.965
pdraw_spiral,vgg16,V09HE01,0,contrast,4,0.9949,0.858,0.9307,0.9582
pdraw_spiral,vgg16,V09HE01,0,contrast,5,0.984,0.7701,0.8372,0.8264
pdraw_spiral,vgg16,V09HE01,0,brightness,1,0.4058,0.4067,0.5485,0.314
pdraw_spiral,vgg16,V09HE01,0,brightness,2,0.5065,0.5807,0.6829,0.4339
pdraw_spiral,vgg16,V09HE01,0,brightness,3,0.8774,0.6838,0.7081,0.5371
pdraw_spiral,vgg16,V09HE01,0,brightness,4,0.3017,0.3169,0.5706,0.2531
pdraw_spiral,vgg16,V09HE01,0,brightness,5,0.1792,0.0977,0.4741,0.1201
pdraw_spiral,vgg16,V09HE01,0,shadow,1,0.8914,0.7773,0.8039,0.5456
pdraw_spiral,vgg16,V09HE01,0,shadow,2,0.838,0.6471,0.6844,0.4269
pdraw_spiral,vgg16,V09HE01,0,shadow,3,0.8696,0.6063,0.7497,0.5905
pdraw_spiral,vgg16,V09HE01,0,shadow,4,0.9677,0.7812,0.8521,0.8423
pdraw_spiral,vgg16,V09HE01,0,shadow,5,0.9615,0.8719,0.8772,0.904
pdraw_spiral,vgg16,V09HE01,0,perspective,1,0.5922,0.6252,0.708,0.3542
pdraw_spiral,vgg16,V09HE01,0,perspective,2,0.6871,0.7689,0.7519,0.4521
pdraw_spiral,vgg16,V09HE01,0,perspective,3,0.5606,0.4655,0.7202,0.3623
pdraw_spiral,vgg16,V09HE01,0,perspective,4,0.6171,0.6241,0.7521,0.4618
pdraw_spiral,vgg16,V09HE01,0,perspective,5,0.5423,0.2833,0.6399,0.3079
pdraw_spiral,vgg16,V09HE01,0,rotation,1,0.5489,0.3348,0.6902,0.3623
pdraw_spiral,vgg16,V09HE01,0,rotation,2,0.4781,0.471,0.5849,0.2934
pdraw_spiral,vgg16,V09HE01,0,rotation,3,0.3599,0.4353,0.5086,0.2773
pdraw_spiral,vgg16,V09HE01,0,rotation,4,0.1735,0.3903,0.6227,0.3211
pdraw_spiral,vgg16,V09HE01,0,rotation,5,0.1582,0.323,0.4351,0.1696
pdraw_spiral,vgg16,V55HE14,0,jpeg_compression,1,0.9822,0.9606,0.9604,0.8948
pdraw_spiral,vgg16,V55HE14,0,jpeg_compression,2,0.9808,0.9652,0.9691,0.9228
pdraw_spiral,vgg16,V55HE14,0,jpeg_compression,3,0.8677,0.8528,0.8421,0.6728
pdraw_spiral,vgg16,V55HE14,0,jpeg_compression,4,0.9544,0.906,0.918,0.912
pdraw_spiral,vgg16,V55HE14,0,jpeg_compression,5,0.6518,0.7594,0.7579,0.5807
pdraw_spiral,vgg16,V55HE14,0,gaussian_blur,1,0.8784,0.9561,0.8963,0.7585
pdraw_spiral,vgg16,V55HE14,0,gaussian_blur,2,0.8558,0.9293,0.908,0.7607
pdraw_spiral,vgg16,V55HE14,0,gaussian_blur,3,0.8053,0.9281,0.8789,0.7363
pdraw_spiral,vgg16,V55HE14,0,gaussian_blur,4,0.7426,0.8717,0.8377,0.6823
pdraw_spiral,vgg16,V55HE14,0,gaussian_blur,5,0.7527,0.6934,0.8114,0.5562
pdraw_spiral,vgg16,V55HE14,0,gaussian_noise,1,0.9853,0.9564,0.9722,0.9395
pdraw_spiral,vgg16,V55HE14,0,gaussian_noise,2,0.9157,0.8029,0.8776,0.7049
pdraw_spiral,vgg16,V55HE14,0,gaussian_noise,3,0.9536,0.9942,0.9591,0.8227
pdraw_spiral,vgg16,V55HE14,0,gaussian_noise,4,0.9069,0.9163,0.8987,0.7705
pdraw_spiral,vgg16,V55HE14,0,gaussian_noise,5,0.8648,0.6425,0.8136,0.5707
pdraw_spiral,vgg16,V55HE14,0,contrast,1,0.9229,0.9138,0.9001,0.7832
pdraw_spiral,vgg16,V55HE14,0,contrast,2,0.9698,0.9616,0.9525,0.8741
pdraw_spiral,vgg16,V55HE14,0,contrast,3,0.9985,0.9998,0.9979,0.9615
pdraw_spiral,vgg16,V55HE14,0,contrast,4,0.9898,0.9996,0.9909,0.9579
pdraw_spiral,vgg16,V55HE14,0,contrast,5,0.9687,0.9971,0.9703,0.8703
pdraw_spiral,vgg16,V55HE14,0,brightness,1,0.6524,0.3155,0.5942,0.3881
pdraw_spiral,vgg16,V55HE14,0,brightness,2,0.8254,0.5864,0.6701,0.4801
pdraw_spiral,vgg16,V55HE14,0,brightness,3,0.9229,0.7732,0.8094,0.6441
pdraw_spiral,vgg16,V55HE14,0,brightness,4,0.4625,0.7455,0.768,0.6514
pdraw_spiral,vgg16,V55HE14,0,brightness,5,0.3476,0.7719,0.8088,0.5455
pdraw_spiral,vgg16,V55HE14,0,shadow,1,0.9732,0.8117,0.8511,0.7788
pdraw_spiral,vgg16,V55HE14,0,shadow,2,0.9614,0.7501,0.8186,0.7254
pdraw_spiral,vgg16,V55HE14,0,shadow,3,0.9542,0.7223,0.7986,0.7026
pdraw_spiral,vgg16,V55HE14,0,shadow,4,0.9478,0.7769,0.7818,0.768
pdraw_spiral,vgg16,V55HE14,0,shadow,5,0.9393,0.76,0.8611,0.8287
pdraw_spiral,vgg16,V55HE14,0,perspective,1,0.8816,0.7025,0.808,0.5484
pdraw_spiral,vgg16,V55HE14,0,perspective,2,0.8084,0.8507,0.8467,0.6334
pdraw_spiral,vgg16,V55HE14,0,perspective,3,0.7631,0.8834,0.8429,0.6931
pdraw_spiral,vgg16,V55HE14,0,perspective,4,0.7736,0.8414,0.8121,0.6002
pdraw_spiral,vgg16,V55HE14,0,perspective,5,0.6667,0.8013,0.7941,0.6082
pdraw_spiral,vgg16,V55HE14,0,rotation,1,0.4648,0.7205,0.7272,0.4535
pdraw_spiral,vgg16,V55HE14,0,rotation,2,0.6891,0.6777,0.6904,0.5681
pdraw_spiral,vgg16,V55HE14,0,rotation,3,0.2304,0.4825,0.661,0.2991
pdraw_spiral,vgg16,V55HE14,0,rotation,4,0.4568,0.5781,0.6822,0.4439
pdraw_spiral,vgg16,V55HE14,0,rotation,5,0.1682,0.5236,0.6449,0.2999
pdraw_spiral,vgg16,V08HE01,0,jpeg_compression,1,0.7642,0.4421,0.8325,0.2227
pdraw_spiral,vgg16,V08HE01,0,jpeg_compression,2,0.7547,0.298,0.8073,0.1992
pdraw_spiral,vgg16,V08HE01,0,jpeg_compression,3,0.7676,0.7272,0.8875,0.4906
pdraw_spiral,vgg16,V08HE01,0,jpeg_compression,4,0.5159,0.5106,0.6422,0.3325
pdraw_spiral,vgg16,V08HE01,0,jpeg_compression,5,0.3525,0.7489,0.8086,0.5143
pdraw_spiral,vgg16,V08HE01,0,gaussian_blur,1,0.8535,0.7677,0.8793,0.5993
pdraw_spiral,vgg16,V08HE01,0,gaussian_blur,2,0.2632,0.4092,0.8265,0.2526
pdraw_spiral,vgg16,V08HE01,0,gaussian_blur,3,-0.0767,-0.0312,0.6985,0.1067
pdraw_spiral,vgg16,V08HE01,0,gaussian_blur,4,-0.0488,0.1294,0.6972,0.2125
pdraw_spiral,vgg16,V08HE01,0,gaussian_blur,5,0.0273,0.1844,0.7363,0.2367
pdraw_spiral,vgg16,V08HE01,0,gaussian_noise,1,0.9357,0.7572,0.8269,0.5452
pdraw_spiral,vgg16,V08HE01,0,gaussian_noise,2,0.7969,0.6441,0.8733,0.3953
pdraw_spiral,vgg16,V08HE01,0,gaussian_noise,3,0.8124,0.659,0.8436,0.5155
pdraw_spiral,vgg16,V08HE01,0,gaussian_noise,4,0.8674,0.7336,0.8702,0.605
pdraw_spiral,vgg16,V08HE01,0,gaussian_noise,5,0.8163,0.7912,0.8844,0.6421
pdraw_spiral,vgg16,V08HE01,0,contrast,1,0.7642,0.4421,0.8325,0.2227
pdraw_spiral,vgg16,V08HE01,0,contrast,2,0.8724,0.7834,0.8967,0.6651
pdraw_spiral,vgg16,V08HE01,0,contrast,3,0.9836,0.9349,0.9627,0.9076
pdraw_spiral,vgg16,V08HE01,0,contrast,4,0.9632,0.9992,0.9867,0.9744
pdraw_spiral,vgg16,V08HE01,0,contrast,5,0.9474,0.999,0.9834,0.9733
pdraw_spiral,vgg16,V08HE01,0,brightness,1,0.8693,0.81,0.8742,0.8002
pdraw_spiral,vgg16,V08HE01,0,brightness,2,0.9765,0.82,0.8808,0.8376
pdraw_spiral,vgg16,V08HE01,0,brightness,3,0.9153,0.7936,0.8705,0.7091
pdraw_spiral,vgg16,V08HE01,0,brightness,4,0.4153,0.5802,0.7548,0.2869
pdraw_spiral,vgg16,V08HE01,0,brightness,5,0.2841,0.6883,0.8268,0.4924
pdraw_spiral,vgg16,V08HE01,0,shadow,1,0.9799,0.9019,0.962,0.9554
pdraw_spiral,vgg16,V08HE01,0,shadow,2,0.9499,0.7879,0.8618,0.7046
pdraw_spiral,vgg16,V08HE01,0,shadow,3,0.9131,0.6845,0.8441,0.613
pdraw_spiral,vgg16,V08HE01,0,shadow,4,0.9171,0.6754,0.8324,0.6011
pdraw_spiral,vgg16,V08HE01,0,shadow,5,0.9442,0.7977,0.9127,0.7467
pdraw_spiral,vgg16,V08HE01,0,perspective,1,0.6265,0.4849,0.7243,0.3918
pdraw_spiral,vgg16,V08HE01,0,perspective,2,0.6401,0.5176,0.7711,0.3688
pdraw_spiral,vgg16,V08HE01,0,perspective,3,0.6009,0.2372,0.7163,0.2619
pdraw_spiral,vgg16,V08HE01,0,perspective,4,0.6498,0.2921,0.7303,0.2619
pdraw_spiral,vgg16,V08HE01,0,perspective,5,0.4674,0.2232,0.6546,0.2591
pdraw_spiral,vgg16,V08HE01,0,rotation,1,0.1621,0.3893,0.7884,0.3155
pdraw_spiral,vgg16,V08HE01,0,rotation,2,0.5252,0.3824,0.6174,0.4009
pdraw_spiral,vgg16,V08HE01,0,rotation,3,0.0977,0.3291,0.6504,0.285
pdraw_spiral,vgg16,V08HE01,0,rotation,4,0.0624,0.2966,0.5783,0.2017
pdraw_spiral,vgg16,V08HE01,0,rotation,5,0.0077,0.3022,0.5397,0.2055
pdraw_spiral,vgg16,V07HE01,0,jpeg_compression,1,0.9759,0.9111,0.9293,0.8404
pdraw_spiral,vgg16,V07HE01,0,jpeg_compression,2,0.9225,0.915,0.8675,0.7507
pdraw_spiral,vgg16,V07HE01,0,jpeg_compression,3,0.9297,0.7661,0.808,0.5471
pdraw_spiral,vgg16,V07HE01,0,jpeg_compression,4,0.8271,0.6492,0.713,0.5515
pdraw_spiral,vgg16,V07HE01,0,jpeg_compression,5,0.4347,0.4281,0.5034,0.3664
pdraw_spiral,vgg16,V07HE01,0,gaussian_blur,1,0.9085,0.8538,0.8555,0.6171
pdraw_spiral,vgg16,V07HE01,0,gaussian_blur,2,0.8422,0.7605,0.7451,0.4844
pdraw_spiral,vgg16,V07HE01,0,gaussian_blur,3,0.6872,0.4674,0.5671,0.3711
pdraw_spiral,vgg16,V07HE01,0,gaussian_blur,4,0.7191,0.3687,0.5345,0.367
pdraw_spiral,vgg16,V07HE01,0,gaussian_blur,5,0.653,0.393,0.6325,0.3787
pdraw_spiral,vgg16,V07HE01,0,gaussian_noise,1,0.9888,0.9512,0.9652,0.9554
pdraw_spiral,vgg16,V07HE01,0,gaussian_noise,2,0.815,0.8992,0.7923,0.5281
pdraw_spiral,vgg16,V07HE01,0,gaussian_noise,3,0.835,0.8293,0.7776,0.5456
pdraw_spiral,vgg16,V07HE01,0,gaussian_noise,4,0.8263,0.6963,0.776,0.5165
pdraw_spiral,vgg16,V07HE01,0,gaussian_noise,5,0.891,0.7721,0.7581,0.4889
pdraw_spiral,vgg16,V07HE01,0,contrast,1,0.8281,0.7339,0.7922,0.6894
pdraw_spiral,vgg16,V07HE01,0,contrast,2,0.98,0.9331,0.9467,0.8552
pdraw_spiral,vgg16,V07HE01,0,contrast,3,0.9925,0.9368,0.9633,0.9029
pdraw_spiral,vgg16,V07HE01,0,contrast,4,0.9932,0.9936,0.9608,0.8418
pdraw_spiral,vgg16,V07HE01,0,contrast,5,0.9838,0.9714,0.9402,0.8052
pdraw_spiral,vgg16,V07HE01,0,brightness,1,0.6198,0.4874,0.5307,0.3814
pdraw_spiral,vgg16,V07HE01,0,brightness,2,0.8821,0.6447,0.6822,0.5384
pdraw_spiral,vgg16,V07HE01,0,brightness,3,0.9383,0.7403,0.8161,0.6416
pdraw_spiral,vgg16,V07HE01,0,brightness,4,0.2694,0.3551,0.6187,0.3429
pdraw_spiral,vgg16,V07HE01,0,brightness,5,0.479,0.3504,0.604,0.3814
pdraw_spiral,vgg16,V07HE01,0,shadow,1,0.9913,0.8892,0.9311,0.9004
pdraw_spiral,vgg16,V07HE01,0,shadow,2,0.9759,0.7932,0.8402,0.7384
pdraw_spiral,vgg16,V07HE01,0,shadow,3,0.9735,0.814,0.8355,0.8207
pdraw_spiral,vgg16,V07HE01,0,shadow,4,0.9456,0.8191,0.8223,0.8015
pdraw_spiral,vgg16,V07HE01,0,shadow,5,0.8517,0.7994,0.7492,0.6945
pdraw_spiral,vgg16,V07HE01,0,perspective,1,0.9175,0.6429,0.8154,0.6596
pdraw_spiral,vgg16,V07HE01,0,perspective,2,0.7508,0.6356,0.7042,0.4649
pdraw_spiral,vgg16,V07HE01,0,perspective,3,0.7671,0.6845,0.7439,0.4473
pdraw_spiral,vgg16,V07HE01,0,perspective,4,0.78,0.6948,0.7257,0.5298
pdraw_spiral,vgg16,V07HE01,0,perspective,5,0.8058,0.6891,0.7142,0.6334
pdraw_spiral,vgg16,V07HE01,0,rotation,1,0.3045,0.7406,0.7204,0.4135
pdraw_spiral,vgg16,V07HE01,0,rotation,2,0.706,0.7824,0.7676,0.5318
pdraw_spiral,vgg16,V07HE01,0,rotation,3,0.2702,0.5936,0.6434,0.2741
pdraw_spiral,vgg16,V07HE01,0,rotation,4,0.4926,0.6677,0.6247,0.3993
pdraw_spiral,vgg16,V07HE01,0,rotation,5,-0.0221,0.2869,0.591,0.237
pdraw_spiral,vgg16,V55HE15,0,jpeg_compression,1,0.9802,0.944,0.874,0.5763
pdraw_spiral,vgg16,V55HE15,0,jpeg_compression,2,0.9583,0.6681,0.7208,0.5288
pdraw_spiral,vgg16,V55HE15,0,jpeg_compression,3,0.8897,0.6352,0.6687,0.3718
pdraw_spiral,vgg16,V55HE15,0,jpeg_compression,4,0.8855,0.4983,0.6352,0.3651
pdraw_spiral,vgg16,V55HE15,0,jpeg_compression,5,0.4079,0.5583,0.4617,0.3294
pdraw_spiral,vgg16,V55HE15,0,gaussian_blur,1,0.9361,0.7755,0.7573,0.5238
pdraw_spiral,vgg16,V55HE15,0,gaussian_blur,2,0.9137,0.4897,0.679,0.3591
pdraw_spiral,vgg16,V55HE15,0,gaussian_blur,3,0.7708,0.4745,0.6099,0.3912
pdraw_spiral,vgg16,V55HE15,0,gaussian_blur,4,0.1475,0.1414,0.4804,0.1544
pdraw_spiral,vgg16,V55HE15,0,gaussian_blur,5,0.1142,0.1616,0.5197,0.1978
pdraw_spiral,vgg16,V55HE15,0,gaussian_noise,1,0.9642,0.8714,0.8515,0.6595
pdraw_spiral,vgg16,V55HE15,0,gaussian_noise,2,0.9519,0.5203,0.6277,0.3481
pdraw_spiral,vgg16,V55HE15,0,gaussian_noise,3,0.9519,0.5275,0.6639,0.3472
pdraw_spiral,vgg16,V55HE15,0,gaussian_noise,4,0.9382,0.5251,0.627,0.3425
pdraw_spiral,vgg16,V55HE15,0,gaussian_noise,5,0.8052,0.5743,0.6477,0.4226
pdraw_spiral,vgg16,V55HE15,0,contrast,1,0.808,0.7007,0.6338,0.3207
pdraw_spiral,vgg16,V55HE15,0,contrast,2,0.9712,0.9024,0.8606,0.6325
pdraw_spiral,vgg16,V55HE15,0,contrast,3,0.9905,0.9149,0.8929,0.768
pdraw_spiral,vgg16,V55HE15,0,contrast,4,0.9883,0.8718,0.8609,0.7192
pdraw_spiral,vgg16,V55HE15,0,contrast,5,0.988,0.8708,0.8473,0.7963
pdraw_spiral,vgg16,V55HE15,0,brightness,1,0.6645,0.6774,0.3863,0.3912
pdraw_spiral,vgg16,V55HE15,0,brightness,2,0.8361,0.5615,0.4148,0.5148
pdraw_spiral,vgg16,V55HE15,0,brightness,3,0.9231,0.6957,0.5743,0.6208
pdraw_spiral,vgg16,V55HE15,0,brightness,4,0.2649,0.519,0.5664,0.34
pdraw_spiral,vgg16,V55HE15,0,brightness,5,0.2523,0.3513,0.5361,0.1625
pdraw_spiral,vgg16,V55HE15,0,shadow,1,0.971,0.7316,0.7212,0.6987
pdraw_spiral,vgg16,V55HE15,0,shadow,2,0.9511,0.6728,0.6523,0.6131
pdraw_spiral,vgg16,V55HE15,0,shadow,3,0.9443,0.7774,0.7166,0.5325
pdraw_spiral,vgg16,V55HE15,0,shadow,4,0.9118,0.8652,0.7911,0.4199
pdraw_spiral,vgg16,V55HE15,0,shadow,5,0.9085,0.8773,0.7929,0.4782
pdraw_spiral,vgg16,V55HE15,0,perspective,1,0.618,0.6993,0.5961,0.4186
pdraw_spiral,vgg16,V55HE15,0,perspective,2,0.6861,0.665,0.6555,0.5341
pdraw_spiral,vgg16,V55HE15,0,perspective,3,0.5533,0.6783,0.5573,0.3839
pdraw_spiral,vgg16,V55HE15,0,perspective,4,0.5373,0.568,0.5702,0.3937
pdraw_spiral,vgg16,V55HE15,0,perspective,5,0.5316,0.6365,0.5772,0.4123
pdraw_spiral,vgg16,V55HE15,0,rotation,1,0.4908,0.7156,0.5603,0.3047
pdraw_spiral,vgg16,V55HE15,0,rotation,2,0.6833,0.7184,0.707,0.5151
pdraw_spiral,vgg16,V55HE15,0,rotation,3,0.268,0.5587,0.5085,0.2865
pdraw_spiral,vgg16,V55HE15,0,rotation,4,0.3934,0.6359,0.5694,0.4005
pdraw_spiral,vgg16,V55HE15,0,rotation,5,0.026,0.3998,0.4402,0.1527
pdraw_spiral,vgg16,V03PE01,1,jpeg_compression,1,0.9618,0.9469,0.9265,0.8356
pdraw_spiral,vgg16,V03PE01,1,jpeg_compression,2,0.9445,0.9385,0.8598,0.749
pdraw_spiral,vgg16,V03PE01,1,jpeg_compression,3,0.904,0.8835,0.8255,0.612
pdraw_spiral,vgg16,V03PE01,1,jpeg_compression,4,0.7444,0.6691,0.6892,0.5075
pdraw_spiral,vgg16,V03PE01,1,jpeg_compression,5,0.6644,0.5092,0.5221,0.4932
pdraw_spiral,vgg16,V03PE01,1,gaussian_blur,1,0.9532,0.9308,0.8995,0.8309
pdraw_spiral,vgg16,V03PE01,1,gaussian_blur,2,0.9385,0.9039,0.8714,0.8239
pdraw_spiral,vgg16,V03PE01,1,gaussian_blur,3,0.8994,0.8647,0.873,0.712
pdraw_spiral,vgg16,V03PE01,1,gaussian_blur,4,0.8824,0.8455,0.8455,0.6643
pdraw_spiral,vgg16,V03PE01,1,gaussian_blur,5,0.8529,0.8266,0.839,0.59
pdraw_spiral,vgg16,V03PE01,1,gaussian_noise,1,0.979,0.9713,0.9639,0.6931
pdraw_spiral,vgg16,V03PE01,1,gaussian_noise,2,0.9031,0.879,0.8951,0.6127
pdraw_spiral,vgg16,V03PE01,1,gaussian_noise,3,0.9157,0.9151,0.7681,0.6265
pdraw_spiral,vgg16,V03PE01,1,gaussian_noise,4,0.8526,0.8615,0.8398,0.4998
pdraw_spiral,vgg16,V03PE01,1,gaussian_noise,5,0.4677,0.4855,0.5924,0.1573
pdraw_spiral,vgg16,V03PE01,1,contrast,1,0.9003,0.8681,0.9052,0.6235
pdraw_spiral,vgg16,V03PE01,1,contrast,2,0.9871,0.9846,0.9708,0.8169
pdraw_spiral,vgg16,V03PE01,1,contrast,3,0.9964,0.9969,0.9735,0.9311
pdraw_spiral,vgg16,V03PE01,1,contrast,4,0.9866,0.9833,0.9687,0.8561
pdraw_spiral,vgg16,V03PE01,1,contrast,5,0.9809,0.9784,0.9633,0.8065
pdraw_spiral,vgg16,V03PE01,1,brightness,1,0.7994,0.7217,0.7936,0.5925
pdraw_spiral,vgg16,V03PE01,1,brightness,2,0.8629,0.819,0.8461,0.6037
pdraw_spiral,vgg16,V03PE01,1,brightness,3,0.9572,0.9478,0.9343,0.6911
pdraw_spiral,vgg16,V03PE01,1,brightness,4,0.6525,0.6233,0.3413,0.4228
pdraw_spiral,vgg16,V03PE01,1,brightness,5,0.1198,0.1745,0.3135,0.0477
pdraw_spiral,vgg16,V03PE01,1,shadow,1,0.9643,0.9537,0.9358,0.701
pdraw_spiral,vgg16,V03PE01,1,shadow,2,0.9138,0.8907,0.8888,0.6452
pdraw_spiral,vgg16,V03PE01,1,shadow,3,0.8795,0.8346,0.8734,0.6466
pdraw_spiral,vgg16,V03PE01,1,shadow,4,0.8328,0.767,0.8365,0.6381
pdraw_spiral,vgg16,V03PE01,1,shadow,5,0.798,0.7244,0.7934,0.591
pdraw_spiral,vgg16,V03PE01,1,perspective,1,0.802,0.7425,0.7793,0.5874
pdraw_spiral,vgg16,V03PE01,1,perspective,2,0.8214,0.7749,0.7222,0.5309
pdraw_spiral,vgg16,V03PE01,1,perspective,3,0.8032,0.7155,0.6173,0.538
pdraw_spiral,vgg16,V03PE01,1,perspective,4,0.7633,0.6353,0.6341,0.5046
pdraw_spiral,vgg16,V03PE01,1,perspective,5,0.7278,0.5864,0.6518,0.4936
pdraw_spiral,vgg16,V03PE01,1,rotation,1,0.7778,0.7385,0.8012,0.5998
pdraw_spiral,vgg16,V03PE01,1,rotation,2,0.7839,0.7254,0.7295,0.5346
pdraw_spiral,vgg16,V03PE01,1,rotation,3,0.644,0.4743,0.6434,0.5414
pdraw_spiral,vgg16,V03PE01,1,rotation,4,0.4951,0.4468,0.5647,0.3689
pdraw_spiral,vgg16,V03PE01,1,rotation,5,0.5642,0.4495,0.5366,0.4669
pdraw_spiral,vgg16,V11PE03,1,jpeg_compression,1,0.9941,0.9926,0.9476,0.9427
pdraw_spiral,vgg16,V11PE03,1,jpeg_compression,2,0.9004,0.797,0.7396,0.5861
pdraw_spiral,vgg16,V11PE03,1,jpeg_compression,3,0.8557,0.7151,0.7047,0.5526
pdraw_spiral,vgg16,V11PE03,1,jpeg_compression,4,0.866,0.7776,0.6903,0.5255
pdraw_spiral,vgg16,V11PE03,1,jpeg_compression,5,0.6512,0.4534,0.3994,0.5286
pdraw_spiral,vgg16,V11PE03,1,gaussian_blur,1,0.9775,0.8638,0.8378,0.8745
pdraw_spiral,vgg16,V11PE03,1,gaussian_blur,2,0.8974,0.8518,0.776,0.7214
pdraw_spiral,vgg16,V11PE03,1,gaussian_blur,3,0.5456,0.7051,0.689,0.4911
pdraw_spiral,vgg16,V11PE03,1,gaussian_blur,4,0.6324,0.7559,0.6696,0.5344
pdraw_spiral,vgg16,V11PE03,1,gaussian_blur,5,0.6768,0.6601,0.6611,0.5409
pdraw_spiral,vgg16,V11PE03,1,gaussian_noise,1,0.9456,0.9588,0.8837,0.8287
pdraw_spiral,vgg16,V11PE03,1,gaussian_noise,2,0.9574,0.7748,0.7649,0.8245
pdraw_spiral,vgg16,V11PE03,1,gaussian_noise,3,0.8947,0.7186,0.6942,0.7628
pdraw_spiral,vgg16,V11PE03,1,gaussian_noise,4,0.8657,0.849,0.7561,0.636
pdraw_spiral,vgg16,V11PE03,1,gaussian_noise,5,0.9424,0.7457,0.7445,0.7611
pdraw_spiral,vgg16,V11PE03,1,contrast,1,0.9614,0.8896,0.8223,0.746
pdraw_spiral,vgg16,V11PE03,1,contrast,2,0.9684,0.8632,0.8464,0.7854
pdraw_spiral,vgg16,V11PE03,1,contrast,3,0.9803,0.8928,0.8505,0.8981
pdraw_spiral,vgg16,V11PE03,1,contrast,4,0.9775,0.898,0.8838,0.9378
pdraw_spiral,vgg16,V11PE03,1,contrast,5,0.9674,0.8697,0.8337,0.9178
pdraw_spiral,vgg16,V11PE03,1,brightness,1,0.4404,0.36,0.5413,0.266
pdraw_spiral,vgg16,V11PE03,1,brightness,2,0.8265,0.6007,0.6398,0.5461
pdraw_spiral,vgg16,V11PE03,1,brightness,3,0.9175,0.6732,0.7009,0.6961
pdraw_spiral,vgg16,V11PE03,1,brightness,4,0.6619,0.6726,0.6445,0.5853
pdraw_spiral,vgg16,V11PE03,1,brightness,5,0.7494,0.5905,0.6347,0.5645
pdraw_spiral,vgg16,V11PE03,1,shadow,1,0.9879,0.9244,0.9085,0.9304
pdraw_spiral,vgg16,V11PE03,1,shadow,2,0.88,0.7408,0.7386,0.6056
pdraw_spiral,vgg16,V11PE03,1,shadow,3,0.8197,0.6839,0.6932,0.4992
pdraw_spiral,vgg16,V11PE03,1,shadow,4,0.8287,0.6496,0.6904,0.5688
pdraw_spiral,vgg16,V11PE03,1,shadow,5,0.7421,0.5406,0.588,0.4517
pdraw_spiral,vgg16,V11PE03,1,perspective,1,0.5736,0.5335,0.5805,0.4008
pdraw_spiral,vgg16,V11PE03,1,perspective,2,0.6108,0.6485,0.7,0.5696
pdraw_spiral,vgg16,V11PE03,1,perspective,3,0.5106,0.4285,0.5534,0.413
pdraw_spiral,vgg16,V11PE03,1,perspective,4,0.5562,0.4639,0.559,0.4392
pdraw_spiral,vgg16,V11PE03,1,perspective,5,0.6001,0.5804,0.5811,0.4115
pdraw_spiral,vgg16,V11PE03,1,rotation,1,0.656,0.8275,0.7435,0.6433
pdraw_spiral,vgg16,V11PE03,1,rotation,2,0.3827,0.4119,0.4744,0.3867
pdraw_spiral,vgg16,V11PE03,1,rotation,3,0.638,0.5556,0.6052,0.426
pdraw_spiral,vgg16,V11PE03,1,rotation,4,0.3362,0.4025,0.4586,0.3567
pdraw_spiral,vgg16,V11PE03,1,rotation,5,0.5124,0.324,0.4773,0.353
pdraw_spiral,vgg16,V08PE01,1,jpeg_compression,1,0.9882,0.8568,0.9248,0.6745
pdraw_spiral,vgg16,V08PE01,1,jpeg_compression,2,0.9601,0.5925,0.8452,0.4773
pdraw_spiral,vgg16,V08PE01,1,jpeg_compression,3,0.9305,0.8582,0.8945,0.6935
pdraw_spiral,vgg16,V08PE01,1,jpeg_compression,4,0.8682,0.7579,0.8471,0.5793
pdraw_spiral,vgg16,V08PE01,1,jpeg_compression,5,0.3406,0.3757,0.5632,0.2455
pdraw_spiral,vgg16,V08PE01,1,gaussian_blur,1,0.8954,0.5449,0.7709,0.5356
pdraw_spiral,vgg16,V08PE01,1,gaussian_blur,2,0.7538,0.4387,0.691,0.3625
pdraw_spiral,vgg16,V08PE01,1,gaussian_blur,3,0.5701,0.5655,0.7205,0.4017
pdraw_spiral,vgg16,V08PE01,1,gaussian_blur,4,0.5022,0.4823,0.7136,0.3848
pdraw_spiral,vgg16,V08PE01,1,gaussian_blur,5,0.3559,0.4034,0.6954,0.3722
pdraw_spiral,vgg16,V08PE01,1,gaussian_noise,1,0.9801,0.9139,0.9319,0.7786
pdraw_spiral,vgg16,V08PE01,1,gaussian_noise,2,0.935,0.5317,0.7883,0.4588
pdraw_spiral,vgg16,V08PE01,1,gaussian_noise,3,0.928,0.6355,0.8165,0.5593
pdraw_spiral,vgg16,V08PE01,1,gaussian_noise,4,0.9265,0.5758,0.8091,0.4773
pdraw_spiral,vgg16,V08PE01,1,gaussian_noise,5,0.8651,0.878,0.8816,0.7081
pdraw_spiral,vgg16,V08PE01,1,contrast,1,0.9731,0.7486,0.8782,0.7135
pdraw_spiral,vgg16,V08PE01,1,contrast,2,0.9945,0.8471,0.9279,0.7944
pdraw_spiral,vgg16,V08PE01,1,contrast,3,0.9934,0.8635,0.9423,0.7944
pdraw_spiral,vgg16,V08PE01,1,contrast,4,0.994,0.9992,0.9469,0.8975
pdraw_spiral,vgg16,V08PE01,1,contrast,5,0.9835,0.6778,0.8897,0.6047
pdraw_spiral,vgg16,V08PE01,1,brightness,1,0.8833,0.4495,0.5408,0.4623
pdraw_spiral,vgg16,V08PE01,1,brightness,2,0.9228,0.636,0.7838,0.5325
pdraw_spiral,vgg16,V08PE01,1,brightness,3,0.9763,0.6449,0.8271,0.6051
pdraw_spiral,vgg16,V08PE01,1,brightness,4,0.5761,0.6148,0.7201,0.5304
pdraw_spiral,vgg16,V08PE01,1,brightness,5,0.4145,0.6172,0.697,0.4669
pdraw_spiral,vgg16,V08PE01,1,shadow,1,0.995,0.999,0.9825,0.8993
pdraw_spiral,vgg16,V08PE01,1,shadow,2,0.9877,0.799,0.9208,0.8975
pdraw_spiral,vgg16,V08PE01,1,shadow,3,0.929,0.7383,0.8208,0.7227
pdraw_spiral,vgg16,V08PE01,1,shadow,4,0.895,0.5487,0.7027,0.4818
pdraw_spiral,vgg16,V08PE01,1,shadow,5,0.8892,0.4527,0.7148,0.5443
pdraw_spiral,vgg16,V08PE01,1,perspective,1,0.7382,0.747,0.7933,0.5905
pdraw_spiral,vgg16,V08PE01,1,perspective,2,0.8353,0.9572,0.859,0.7565
pdraw_spiral,vgg16,V08PE01,1,perspective,3,0.7481,0.8945,0.7848,0.8295
pdraw_spiral,vgg16,V08PE01,1,perspective,4,0.7292,0.8808,0.7581,0.7723
pdraw_spiral,vgg16,V08PE01,1,perspective,5,0.8977,0.903,0.8398,0.8092
pdraw_spiral,vgg16,V08PE01,1,rotation,1,0.522,0.8322,0.8601,0.7309
pdraw_spiral,vgg16,V08PE01,1,rotation,2,0.4381,0.6807,0.6959,0.4664
pdraw_spiral,vgg16,V08PE01,1,rotation,3,0.3187,0.7158,0.741,0.5475
pdraw_spiral,vgg16,V08PE01,1,rotation,4,0.3559,0.5883,0.7054,0.4906
pdraw_spiral,vgg16,V08PE01,1,rotation,5,0.2607,0.5471,0.6931,0.4346
pdraw_spiral,vgg16,V06PE01,1,jpeg_compression,1,0.9435,0.9656,0.8785,0.6796
pdraw_spiral,vgg16,V06PE01,1,jpeg_compression,2,0.9185,0.8882,0.7944,0.6914
pdraw_spiral,vgg16,V06PE01,1,jpeg_compression,3,0.8834,0.861,0.7603,0.661
pdraw_spiral,vgg16,V06PE01,1,jpeg_compression,4,0.5891,0.6283,0.5371,0.3969
pdraw_spiral,vgg16,V06PE01,1,jpeg_compression,5,0.3657,0.5563,0.387,0.3194
pdraw_spiral,vgg16,V06PE01,1,gaussian_blur,1,0.9091,0.8417,0.7956,0.5702
pdraw_spiral,vgg16,V06PE01,1,gaussian_blur,2,0.8455,0.6619,0.6733,0.4879
pdraw_spiral,vgg16,V06PE01,1,gaussian_blur,3,0.8523,0.7108,0.6494,0.4927
pdraw_spiral,vgg16,V06PE01,1,gaussian_blur,4,0.6095,0.5237,0.5555,0.3787
pdraw_spiral,vgg16,V06PE01,1,gaussian_blur,5,0.2943,0.1506,0.3567,0.2031
pdraw_spiral,vgg16,V06PE01,1,gaussian_noise,1,0.8826,0.8306,0.7881,0.6099
pdraw_spiral,vgg16,V06PE01,1,gaussian_noise,2,0.8739,0.8792,0.8048,0.5749
pdraw_spiral,vgg16,V06PE01,1,gaussian_noise,3,0.8141,0.608,0.5922,0.5337
pdraw_spiral,vgg16,V06PE01,1,gaussian_noise,4,0.6836,0.6515,0.596,0.4859
pdraw_spiral,vgg16,V06PE01,1,gaussian_noise,5,0.7697,0.6144,0.6098,0.5119
pdraw_spiral,vgg16,V06PE01,1,contrast,1,0.8933,0.8241,0.7816,0.5508
pdraw_spiral,vgg16,V06PE01,1,contrast,2,0.946,0.9489,0.8906,0.6605
pdraw_spiral,vgg16,V06PE01,1,contrast,3,0.975,0.9832,0.9464,0.7129
pdraw_spiral,vgg16,V06PE01,1,contrast,4,0.9841,0.9833,0.9617,0.8045
pdraw_spiral,vgg16,V06PE01,1,contrast,5,0.9826,0.9788,0.9584,0.8008
pdraw_spiral,vgg16,V06PE01,1,brightness,1,0.4813,0.4345,0.5104,0.2886
pdraw_spiral,vgg16,V06PE01,1,brightness,2,0.6218,0.6803,0.5939,0.3308
pdraw_spiral,vgg16,V06PE01,1,brightness,3,0.8235,0.7505,0.725,0.518
pdraw_spiral,vgg16,V06PE01,1,brightness,4,0.5367,0.7593,0.631,0.3987
pdraw_spiral,vgg16,V06PE01,1,brightness,5,0.2712,0.5131,0.5277,0.3336
pdraw_spiral,vgg16,V06PE01,1,shadow,1,0.9255,0.867,0.8334,0.549
pdraw_spiral,vgg16,V06PE01,1,shadow,2,0.7667,0.698,0.6562,0.3521
pdraw_spiral,vgg16,V06PE01,1,shadow,3,0.8264,0.7733,0.743,0.4419
pdraw_spiral,vgg16,V06PE01,1,shadow,4,0.8102,0.7578,0.7509,0.4439
pdraw_spiral,vgg16,V06PE01,1,shadow,5,0.8267,0.7297,0.7714,0.4819
pdraw_spiral,vgg16,V06PE01,1,perspective,1,0.4121,0.5468,0.5604,0.3361
pdraw_spiral,vgg16,V06PE01,1,perspective,2,0.4115,0.6506,0.5642,0.3914
pdraw_spiral,vgg16,V06PE01,1,perspective,3,0.5362,0.7257,0.6671,0.4686
pdraw_spiral,vgg16,V06PE01,1,perspective,4,0.6703,0.6682,0.5976,0.5462
pdraw_spiral,vgg16,V06PE01,1,perspective,5,0.6546,0.6823,0.6743,0.4566
pdraw_spiral,vgg16,V06PE01,1,rotation,1,0.6353,0.7979,0.7347,0.5924
pdraw_spiral,vgg16,V06PE01,1,rotation,2,0.6842,0.7149,0.7161,0.4842
pdraw_spiral,vgg16,V06PE01,1,rotation,3,0.5897,0.6743,0.6063,0.4489
pdraw_spiral,vgg16,V06PE01,1,rotation,4,0.4797,0.5931,0.5627,0.3707
pdraw_spiral,vgg16,V06PE01,1,rotation,5,0.3691,0.4537,0.4796,0.3192
pdraw_spiral,vgg16,V03PE07,1,jpeg_compression,1,0.9229,0.9228,0.9142,0.6111
pdraw_spiral,vgg16,V03PE07,1,jpeg_compression,2,0.7968,0.7623,0.8145,0.5799
pdraw_spiral,vgg16,V03PE07,1,jpeg_compression,3,0.5908,0.5261,0.7047,0.3995
pdraw_spiral,vgg16,V03PE07,1,jpeg_compression,4,0.3037,0.2727,0.558,0.2633
pdraw_spiral,vgg16,V03PE07,1,jpeg_compression,5,-0.0164,0.0332,0.3226,0.0725
pdraw_spiral,vgg16,V03PE07,1,gaussian_blur,1,0.9138,0.9333,0.8896,0.6092
pdraw_spiral,vgg16,V03PE07,1,gaussian_blur,2,0.8715,0.8713,0.85,0.7095
pdraw_spiral,vgg16,V03PE07,1,gaussian_blur,3,0.7692,0.7549,0.7819,0.5731
pdraw_spiral,vgg16,V03PE07,1,gaussian_blur,4,0.7325,0.7127,0.7141,0.5108
pdraw_spiral,vgg16,V03PE07,1,gaussian_blur,5,0.6344,0.6035,0.6306,0.3926
pdraw_spiral,vgg16,V03PE07,1,gaussian_noise,1,0.9702,0.9764,0.9593,0.7835
pdraw_spiral,vgg16,V03PE07,1,gaussian_noise,2,0.8688,0.8674,0.8626,0.6357
pdraw_spiral,vgg16,V03PE07,1,gaussian_noise,3,0.8018,0.775,0.7269,0.5624
pdraw_spiral,vgg16,V03PE07,1,gaussian_noise,4,0.6359,0.5996,0.6734,0.4614
pdraw_spiral,vgg16,V03PE07,1,gaussian_noise,5,0.6739,0.6539,0.7139,0.4008
pdraw_spiral,vgg16,V03PE07,1,contrast,1,0.8566,0.8866,0.8675,0.4734
pdraw_spiral,vgg16,V03PE07,1,contrast,2,0.9599,0.968,0.963,0.7107
pdraw_spiral,vgg16,V03PE07,1,contrast,3,0.9852,0.9872,0.9829,0.8245
pdraw_spiral,vgg16,V03PE07,1,contrast,4,0.9647,0.962,0.9569,0.8184
pdraw_spiral,vgg16,V03PE07,1,contrast,5,0.9534,0.9431,0.9324,0.8037
pdraw_spiral,vgg16,V03PE07,1,brightness,1,0.813,0.8415,0.8755,0.4749
pdraw_spiral,vgg16,V03PE07,1,brightness,2,0.8935,0.8948,0.9114,0.6354
pdraw_spiral,vgg16,V03PE07,1,brightness,3,0.9388,0.9409,0.9313,0.686
pdraw_spiral,vgg16,V03PE07,1,brightness,4,0.2046,0.145,0.2802,0.2239
pdraw_spiral,vgg16,V03PE07,1,brightness,5,0.0979,-0.0343,0.2516,0.1762
pdraw_spiral,vgg16,V03PE07,1,shadow,1,0.9718,0.9771,0.9692,0.7632
pdraw_spiral,vgg16,V03PE07,1,shadow,2,0.9397,0.9488,0.9412,0.6596
pdraw_spiral,vgg16,V03PE07,1,shadow,3,0.9332,0.9459,0.9436,0.6598
pdraw_spiral,vgg16,V03PE07,1,shadow,4,0.8492,0.8721,0.9109,0.6011
pdraw_spiral,vgg16,V03PE07,1,shadow,5,0.7382,0.7268,0.861,0.5653
pdraw_spiral,vgg16,V03PE07,1,perspective,1,0.6221,0.6176,0.7411,0.3978
pdraw_spiral,vgg16,V03PE07,1,perspective,2,0.5703,0.5403,0.6572,0.4027
pdraw_spiral,vgg16,V03PE07,1,perspective,3,0.5354,0.4946,0.638,0.4071
pdraw_spiral,vgg16,V03PE07,1,perspective,4,0.54,0.4826,0.6497,0.3722
pdraw_spiral,vgg16,V03PE07,1,perspective,5,0.6023,0.5584,0.6804,0.3792
pdraw_spiral,vgg16,V03PE07,1,rotation,1,0.5687,0.532,0.7024,0.4116
pdraw_spiral,vgg16,V03PE07,1,rotation,2,0.3955,0.3668,0.5866,0.2765
pdraw_spiral,vgg16,V03PE07,1,rotation,3,0.4631,0.4449,0.6296,0.3467
pdraw_spiral,vgg16,V03PE07,1,rotation,4,0.1561,0.1294,0.4539,0.1559
pdraw_spiral,vgg16,V03PE07,1,rotation,5,0.4765,0.3969,0.6046,0.4582
pdraw_spiral,efficientnet_b0,V09HE01,0,jpeg_compression,1,0.9899,0.988,0.9682,0.9237
pdraw_spiral,efficientnet_b0,V09HE01,0,jpeg_compression,2,0.9413,0.9786,0.9071,0.7915
pdraw_spiral,efficientnet_b0,V09HE01,0,jpeg_compression,3,0.8463,0.8322,0.7782,0.5939
pdraw_spiral,efficientnet_b0,V09HE01,0,jpeg_compression,4,0.4339,0.5705,0.6487,0.3032
pdraw_spiral,efficientnet_b0,V09HE01,0,jpeg_compression,5,0.3278,0.3382,0.4844,0.2826
pdraw_spiral,efficientnet_b0,V09HE01,0,gaussian_blur,1,0.9433,0.9568,0.8984,0.7692
pdraw_spiral,efficientnet_b0,V09HE01,0,gaussian_blur,2,0.7724,0.8461,0.7404,0.6062
pdraw_spiral,efficientnet_b0,V09HE01,0,gaussian_blur,3,0.6818,0.6501,0.6521,0.5342
pdraw_spiral,efficientnet_b0,V09HE01,0,gaussian_blur,4,0.7807,0.8164,0.723,0.5558
pdraw_spiral,efficientnet_b0,V09HE01,0,gaussian_blur,5,0.7092,0.7158,0.6354,0.4587
pdraw_spiral,efficientnet_b0,V09HE01,0,gaussian_noise,1,0.993,0.9874,0.9797,0.9307
pdraw_spiral,efficientnet_b0,V09HE01,0,gaussian_noise,2,0.8398,0.9646,0.8497,0.6296
pdraw_spiral,efficientnet_b0,V09HE01,0,gaussian_noise,3,0.7677,0.782,0.8127,0.5258
pdraw_spiral,efficientnet_b0,V09HE01,0,gaussian_noise,4,0.6949,0.7112,0.6781,0.5576
pdraw_spiral,efficientnet_b0,V09HE01,0,gaussian_noise,5,0.636,0.6517,0.6903,0.4271
pdraw_spiral,efficientnet_b0,V09HE01,0,contrast,1,0.98,0.9856,0.9515,0.8706
pdraw_spiral,efficientnet_b0,V09HE01,0,contrast,2,0.9959,0.9879,0.9724,0.9421
pdraw_spiral,efficientnet_b0,V09HE01,0,contrast,3,0.9983,0.9896,0.9918,0.9625
pdraw_spiral,efficientnet_b0,V09HE01,0,contrast,4,0.9898,0.9602,0.9359,0.9322
pdraw_spiral,efficientnet_b0,V09HE01,0,contrast,5,0.9846,0.9702,0.9386,0.9138
pdraw_spiral,efficientnet_b0,V09HE01,0,brightness,1,0.8415,0.9397,0.8452,0.5563
pdraw_spiral,efficientnet_b0,V09HE01,0,brightness,2,0.9207,0.9883,0.9088,0.7263
pdraw_spiral,efficientnet_b0,V09HE01,0,brightness,3,0.9776,0.996,0.9635,0.8165
pdraw_spiral,efficientnet_b0,V09HE01,0,brightness,4,0.498,0.5758,0.5408,0.3357
pdraw_spiral,efficientnet_b0,V09HE01,0,brightness,5,0.3194,0.4158,0.4447,0.2181
pdraw_spiral,efficientnet_b0,V09HE01,0,shadow,1,0.9775,0.9686,0.9454,0.8752
pdraw_spiral,efficientnet_b0,V09HE01,0,shadow,2,0.9224,0.9057,0.7747,0.7944
pdraw_spiral,efficientnet_b0,V09HE01,0,shadow,3,0.8783,0.8763,0.609,0.7669
pdraw_spiral,efficientnet_b0,V09HE01,0,shadow,4,0.8077,0.8523,0.4244,0.6983
pdraw_spiral,efficientnet_b0,V09HE01,0,shadow,5,0.7269,0.808,0.3323,0.5665
pdraw_spiral,efficientnet_b0,V09HE01,0,perspective,1,0.3815,0.353,0.5571,0.2826
pdraw_spiral,efficientnet_b0,V09HE01,0,perspective,2,0.2473,0.1651,0.4205,0.2397
pdraw_spiral,efficientnet_b0,V09HE01,0,perspective,3,0.1813,0.2626,0.47,0.2106
pdraw_spiral,efficientnet_b0,V09HE01,0,perspective,4,0.125,0.0295,0.2861,0.1981
pdraw_spiral,efficientnet_b0,V09HE01,0,perspective,5,0.119,0.0594,0.3277,0.2031
pdraw_spiral,efficientnet_b0,V09HE01,0,rotation,1,0.6998,0.8278,0.6755,0.4997
pdraw_spiral,efficientnet_b0,V09HE01,0,rotation,2,0.4617,0.5225,0.2096,0.2552
pdraw_spiral,efficientnet_b0,V09HE01,0,rotation,3,0.4069,0.5039,0.3683,0.2264
pdraw_spiral,efficientnet_b0,V09HE01,0,rotation,4,0.2141,0.3287,0.2305,0.1679
pdraw_spiral,efficientnet_b0,V09HE01,0,rotation,5,0.0499,0.179,0.1775,0.0979
pdraw_spiral,efficientnet_b0,V55HE14,0,jpeg_compression,1,0.9829,0.9985,0.9808,0.9143
pdraw_spiral,efficientnet_b0,V55HE14,0,jpeg_compression,2,0.8432,0.9235,0.8957,0.7194
pdraw_spiral,efficientnet_b0,V55HE14,0,jpeg_compression,3,0.6583,0.8077,0.8797,0.647
pdraw_spiral,efficientnet_b0,V55HE14,0,jpeg_compression,4,0.8306,0.7839,0.8556,0.6029
pdraw_spiral,efficientnet_b0,V55HE14,0,jpeg_compression,5,0.7575,0.8695,0.8992,0.681
pdraw_spiral,efficientnet_b0,V55HE14,0,gaussian_blur,1,0.8647,0.8703,0.8601,0.681
pdraw_spiral,efficientnet_b0,V55HE14,0,gaussian_blur,2,0.6101,0.6096,0.8052,0.6083
pdraw_spiral,efficientnet_b0,V55HE14,0,gaussian_blur,3,0.476,0.2204,0.7677,0.3851
pdraw_spiral,efficientnet_b0,V55HE14,0,gaussian_blur,4,0.6078,0.7193,0.8345,0.6223
pdraw_spiral,efficientnet_b0,V55HE14,0,gaussian_blur,5,0.6031,0.7177,0.8403,0.6223
pdraw_spiral,efficientnet_b0,V55HE14,0,gaussian_noise,1,0.9709,0.9978,0.9631,0.8755
pdraw_spiral,efficientnet_b0,V55HE14,0,gaussian_noise,2,0.8618,0.8775,0.8858,0.7413
pdraw_spiral,efficientnet_b0,V55HE14,0,gaussian_noise,3,0.4787,0.7109,0.8448,0.5991
pdraw_spiral,efficientnet_b0,V55HE14,0,gaussian_noise,4,0.76,0.5604,0.8337,0.5639
pdraw_spiral,efficientnet_b0,V55HE14,0,gaussian_noise,5,0.7315,0.7957,0.8638,0.5641
pdraw_spiral,efficientnet_b0,V55HE14,0,contrast,1,0.9716,0.8698,0.9204,0.7275
pdraw_spiral,efficientnet_b0,V55HE14,0,contrast,2,0.9744,0.9549,0.9588,0.8416
pdraw_spiral,efficientnet_b0,V55HE14,0,contrast,3,0.9759,0.9973,0.9635,0.8618
pdraw_spiral,efficientnet_b0,V55HE14,0,contrast,4,0.9938,0.9995,0.9939,0.9554
pdraw_spiral,efficientnet_b0,V55HE14,0,contrast,5,0.9966,0.9996,0.9945,0.9565
pdraw_spiral,efficientnet_b0,V55HE14,0,brightness,1,0.9203,0.9258,0.9252,0.7443
pdraw_spiral,efficientnet_b0,V55HE14,0,brightness,2,0.8543,0.6108,0.8347,0.6083
pdraw_spiral,efficientnet_b0,V55HE14,0,brightness,3,0.9282,0.8705,0.8669,0.681
pdraw_spiral,efficientnet_b0,V55HE14,0,brightness,4,0.8433,0.7853,0.8725,0.6381
pdraw_spiral,efficientnet_b0,V55HE14,0,brightness,5,0.8331,0.7577,0.8006,0.5522
pdraw_spiral,efficientnet_b0,V55HE14,0,shadow,1,0.9644,0.8367,0.9296,0.7276
pdraw_spiral,efficientnet_b0,V55HE14,0,shadow,2,0.8936,0.7902,0.8493,0.6225
pdraw_spiral,efficientnet_b0,V55HE14,0,shadow,3,0.7492,0.7206,0.6915,0.5631
pdraw_spiral,efficientnet_b0,V55HE14,0,shadow,4,0.669,0.6592,0.6038,0.5079
pdraw_spiral,efficientnet_b0,V55HE14,0,shadow,5,0.6216,0.6265,0.5066,0.5021
pdraw_spiral,efficientnet_b0,V55HE14,0,perspective,1,nan,nan,0.763,0.5551
pdraw_spiral,efficientnet_b0,V55HE14,0,perspective,2,nan,nan,0.763,0.5551
pdraw_spiral,efficientnet_b0,V55HE14,0,perspective,3,-0.0258,0.2734,0.6964,0.3789
pdraw_spiral,efficientnet_b0,V55HE14,0,perspective,4,-0.0312,0.1658,0.7171,0.3469
pdraw_spiral,efficientnet_b0,V55HE14,0,perspective,5,-0.018,0.303,0.6499,0.2374
pdraw_spiral,efficientnet_b0,V55HE14,0,rotation,1,0.2337,0.6582,0.6854,0.3722
pdraw_spiral,efficientnet_b0,V55HE14,0,rotation,2,0.6214,0.6968,0.5968,0.4905
pdraw_spiral,efficientnet_b0,V55HE14,0,rotation,3,0.1811,0.4318,0.5129,0.2961
pdraw_spiral,efficientnet_b0,V55HE14,0,rotation,4,0.1272,0.4538,0.3697,0.2103
pdraw_spiral,efficientnet_b0,V55HE14,0,rotation,5,0.0079,0.1263,0.2153,0.1154
pdraw_spiral,efficientnet_b0,V08HE01,0,jpeg_compression,1,0.9305,0.8728,0.9176,0.6978
pdraw_spiral,efficientnet_b0,V08HE01,0,jpeg_compression,2,0.974,0.9432,0.9488,0.853
pdraw_spiral,efficientnet_b0,V08HE01,0,jpeg_compression,3,0.9368,0.4807,0.8487,0.2651
pdraw_spiral,efficientnet_b0,V08HE01,0,jpeg_compression,4,0.8925,0.7562,0.8832,0.5348
pdraw_spiral,efficientnet_b0,V08HE01,0,jpeg_compression,5,0.0778,0.5486,0.8023,0.4389
pdraw_spiral,efficientnet_b0,V08HE01,0,gaussian_blur,1,0.965,0.9495,0.9295,0.9455
pdraw_spiral,efficientnet_b0,V08HE01,0,gaussian_blur,2,0.9684,0.9497,0.934,0.9363
pdraw_spiral,efficientnet_b0,V08HE01,0,gaussian_blur,3,0.9021,0.9208,0.8819,0.854
pdraw_spiral,efficientnet_b0,V08HE01,0,gaussian_blur,4,0.9637,0.9346,0.9453,0.9579
pdraw_spiral,efficientnet_b0,V08HE01,0,gaussian_blur,5,0.9468,0.7265,0.8902,0.486
pdraw_spiral,efficientnet_b0,V08HE01,0,gaussian_noise,1,0.9926,0.998,0.974,0.9283
pdraw_spiral,efficientnet_b0,V08HE01,0,gaussian_noise,2,0.8879,0.7555,0.8734,0.5316
pdraw_spiral,efficientnet_b0,V08HE01,0,gaussian_noise,3,0.632,0.7517,0.847,0.5311
pdraw_spiral,efficientnet_b0,V08HE01,0,gaussian_noise,4,0.4724,0.7497,0.8314,0.5311
pdraw_spiral,efficientnet_b0,V08HE01,0,gaussian_noise,5,0.7304,0.8831,0.8517,0.6864
pdraw_spiral,efficientnet_b0,V08HE01,0,contrast,1,0.8861,0.8589,0.8417,0.8649
pdraw_spiral,efficientnet_b0,V08HE01,0,contrast,2,0.9288,0.9985,0.9227,0.9742
pdraw_spiral,efficientnet_b0,V08HE01,0,contrast,3,0.9797,0.9993,0.9638,0.9735
pdraw_spiral,efficientnet_b0,V08HE01,0,contrast,4,0.9752,0.6044,0.8761,0.365
pdraw_spiral,efficientnet_b0,V08HE01,0,contrast,5,0.9638,0.6043,0.8661,0.3647
pdraw_spiral,efficientnet_b0,V08HE01,0,brightness,1,0.9465,0.8746,0.9136,0.7021
pdraw_spiral,efficientnet_b0,V08HE01,0,brightness,2,0.9879,0.9947,0.961,0.8242
pdraw_spiral,efficientnet_b0,V08HE01,0,brightness,3,0.9855,0.8083,0.9281,0.6066
pdraw_spiral,efficientnet_b0,V08HE01,0,brightness,4,0.0586,0.5329,0.6732,0.3016
pdraw_spiral,efficientnet_b0,V08HE01,0,brightness,5,0.1042,0.4849,0.5344,0.2656
pdraw_spiral,efficientnet_b0,V08HE01,0,shadow,1,0.7872,0.8712,0.8441,0.7411
pdraw_spiral,efficientnet_b0,V08HE01,0,shadow,2,0.4153,0.6936,0.7072,0.5526
pdraw_spiral,efficientnet_b0,V08HE01,0,shadow,3,0.2894,0.6023,0.4833,0.4545
pdraw_spiral,efficientnet_b0,V08HE01,0,shadow,4,0.1966,0.5397,0.3722,0.3648
pdraw_spiral,efficientnet_b0,V08HE01,0,shadow,5,0.1104,0.4575,0.2527,0.2558
pdraw_spiral,efficientnet_b0,V08HE01,0,perspective,1,nan,nan,0.8115,0.255
pdraw_spiral,efficientnet_b0,V08HE01,0,perspective,2,nan,nan,0.8115,0.255
pdraw_spiral,efficientnet_b0,V08HE01,0,perspective,3,0.0283,0.412,0.8037,0.3603
pdraw_spiral,efficientnet_b0,V08HE01,0,perspective,4,-0.0613,-0.1607,0.7241,0.1658
pdraw_spiral,efficientnet_b0,V08HE01,0,perspective,5,-0.0792,-0.0952,0.6619,0.0788
pdraw_spiral,efficientnet_b0,V08HE01,0,rotation,1,0.731,0.6081,0.7813,0.4509
pdraw_spiral,efficientnet_b0,V08HE01,0,rotation,2,0.1989,0.4703,0.5085,0.2863
pdraw_spiral,efficientnet_b0,V08HE01,0,rotation,3,0.5596,0.5424,0.2937,0.4457
pdraw_spiral,efficientnet_b0,V08HE01,0,rotation,4,0.0844,0.3177,0.2939,0.2104
pdraw_spiral,efficientnet_b0,V08HE01,0,rotation,5,0.4064,0.4629,0.1323,0.3861
pdraw_spiral,efficientnet_b0,V07HE01,0,jpeg_compression,1,0.9862,0.9845,0.9469,0.8647
pdraw_spiral,efficientnet_b0,V07HE01,0,jpeg_compression,2,0.9638,0.9086,0.7655,0.775
pdraw_spiral,efficientnet_b0,V07HE01,0,jpeg_compression,3,0.8926,0.7563,0.7052,0.6525
pdraw_spiral,efficientnet_b0,V07HE01,0,jpeg_compression,4,0.8437,0.7955,0.7061,0.5907
pdraw_spiral,efficientnet_b0,V07HE01,0,jpeg_compression,5,0.2358,0.5116,0.5203,0.2085
pdraw_spiral,efficientnet_b0,V07HE01,0,gaussian_blur,1,0.9666,0.9077,0.8594,0.7106
pdraw_spiral,efficientnet_b0,V07HE01,0,gaussian_blur,2,0.9484,0.9291,0.8285,0.7107
pdraw_spiral,efficientnet_b0,V07HE01,0,gaussian_blur,3,0.9459,0.9008,0.7954,0.6881
pdraw_spiral,efficientnet_b0,V07HE01,0,gaussian_blur,4,0.9372,0.886,0.7679,0.6289
pdraw_spiral,efficientnet_b0,V07HE01,0,gaussian_blur,5,0.8898,0.8806,0.6608,0.623
pdraw_spiral,efficientnet_b0,V07HE01,0,gaussian_noise,1,0.9593,0.9424,0.8431,0.677
pdraw_spiral,efficientnet_b0,V07HE01,0,gaussian_noise,2,0.8088,0.6305,0.6165,0.5017
pdraw_spiral,efficientnet_b0,V07HE01,0,gaussian_noise,3,0.7607,0.6032,0.5913,0.4499
pdraw_spiral,efficientnet_b0,V07HE01,0,gaussian_noise,4,0.3924,0.4368,0.4937,0.2367
pdraw_spiral,efficientnet_b0,V07HE01,0,gaussian_noise,5,0.3701,0.4874,0.5159,0.3093
pdraw_spiral,efficientnet_b0,V07HE01,0,contrast,1,0.9792,0.9358,0.8472,0.8008
pdraw_spiral,efficientnet_b0,V07HE01,0,contrast,2,0.9944,0.9758,0.9545,0.8808
pdraw_spiral,efficientnet_b0,V07HE01,0,contrast,3,0.9983,0.9909,0.9892,0.9416
pdraw_spiral,efficientnet_b0,V07HE01,0,contrast,4,0.9913,0.9529,0.919,0.9049
pdraw_spiral,efficientnet_b0,V07HE01,0,contrast,5,0.9873,0.9567,0.9001,0.868
pdraw_spiral,efficientnet_b0,V07HE01,0,brightness,1,0.8543,0.8473,0.742,0.6148
pdraw_spiral,efficientnet_b0,V07HE01,0,brightness,2,0.8863,0.9003,0.8034,0.6131
pdraw_spiral,efficientnet_b0,V07HE01,0,brightness,3,0.9262,0.9061,0.8276,0.6497
pdraw_spiral,efficientnet_b0,V07HE01,0,brightness,4,0.6136,0.6709,0.434,0.5479
pdraw_spiral,efficientnet_b0,V07HE01,0,brightness,5,0.6852,0.5927,0.5495,0.412
pdraw_spiral,efficientnet_b0,V07HE01,0,shadow,1,0.9692,0.9596,0.8586,0.8089
pdraw_spiral,efficientnet_b0,V07HE01,0,shadow,2,0.9203,0.8996,0.5958,0.7195
pdraw_spiral,efficientnet_b0,V07HE01,0,shadow,3,0.8393,0.7989,0.3302,0.6922
pdraw_spiral,efficientnet_b0,V07HE01,0,shadow,4,0.7545,0.7314,0.3369,0.601
pdraw_spiral,efficientnet_b0,V07HE01,0,shadow,5,0.6299,0.6607,0.3429,0.5104
pdraw_spiral,efficientnet_b0,V07HE01,0,perspective,1,0.1573,0.196,0.4904,0.1361
pdraw_spiral,efficientnet_b0,V07HE01,0,perspective,2,0.1248,0.1905,0.4404,0.1361
pdraw_spiral,efficientnet_b0,V07HE01,0,perspective,3,0.0775,0.1693,0.3902,0.1361
pdraw_spiral,efficientnet_b0,V07HE01,0,perspective,4,0.0738,0.0759,0.3345,0.1361
pdraw_spiral,efficientnet_b0,V07HE01,0,perspective,5,0.1009,0.1396,0.3906,0.1361
pdraw_spiral,efficientnet_b0,V07HE01,0,rotation,1,0.2769,0.4517,0.4299,0.241
pdraw_spiral,efficientnet_b0,V07HE01,0,rotation,2,0.4595,0.6609,0.2809,0.2679
pdraw_spiral,efficientnet_b0,V07HE01,0,rotation,3,-0.0865,0.079,0.1461,0.1361
pdraw_spiral,efficientnet_b0,V07HE01,0,rotation,4,0.3065,0.568,0.3113,0.1933
pdraw_spiral,efficientnet_b0,V07HE01,0,rotation,5,-0.1732,-0.0506,0.1554,0.1361
pdraw_spiral,efficientnet_b0,V55HE15,0,jpeg_compression,1,0.9813,0.9998,0.995,1.0
pdraw_spiral,efficientnet_b0,V55HE15,0,jpeg_compression,2,0.9363,0.9993,0.9829,1.0
pdraw_spiral,efficientnet_b0,V55HE15,0,jpeg_compression,3,0.6179,0.6224,0.907,0.474
pdraw_spiral,efficientnet_b0,V55HE15,0,jpeg_compression,4,0.2032,0.6433,0.8574,0.7084
pdraw_spiral,efficientnet_b0,V55HE15,0,jpeg_compression,5,0.0199,0.0864,0.5855,0.0919
pdraw_spiral,efficientnet_b0,V55HE15,0,gaussian_blur,1,0.964,0.7925,0.9213,0.4794
pdraw_spiral,efficientnet_b0,V55HE15,0,gaussian_blur,2,0.8631,0.999,0.9708,1.0
pdraw_spiral,efficientnet_b0,V55HE15,0,gaussian_blur,3,0.7629,0.845,0.9254,0.6283
pdraw_spiral,efficientnet_b0,V55HE15,0,gaussian_blur,4,0.6337,0.7724,0.8922,0.5777
pdraw_spiral,efficientnet_b0,V55HE15,0,gaussian_blur,5,0.6235,0.7684,0.891,0.5742
pdraw_spiral,efficientnet_b0,V55HE15,0,gaussian_noise,1,0.9239,0.9991,0.9781,1.0
pdraw_spiral,efficientnet_b0,V55HE15,0,gaussian_noise,2,-0.0297,0.2763,0.8105,0.3706
pdraw_spiral,efficientnet_b0,V55HE15,0,gaussian_noise,3,nan,nan,0.8712,0.3546
pdraw_spiral,efficientnet_b0,V55HE15,0,gaussian_noise,4,-0.0529,-0.0873,0.8275,0.3517
pdraw_spiral,efficientnet_b0,V55HE15,0,gaussian_noise,5,0.507,0.3461,0.8717,0.3529
pdraw_spiral,efficientnet_b0,V55HE15,0,contrast,1,0.9602,0.7582,0.9069,0.5147
pdraw_spiral,efficientnet_b0,V55HE15,0,contrast,2,0.9811,0.8541,0.9646,0.5312
pdraw_spiral,efficientnet_b0,V55HE15,0,contrast,3,0.9984,1.0,0.9992,1.0
pdraw_spiral,efficientnet_b0,V55HE15,0,contrast,4,0.9441,0.9994,0.985,1.0
pdraw_spiral,efficientnet_b0,V55HE15,0,contrast,5,0.9309,0.9183,0.9835,0.7345
pdraw_spiral,efficientnet_b0,V55HE15,0,brightness,1,0.2684,0.3351,0.8578,0.3529
pdraw_spiral,efficientnet_b0,V55HE15,0,brightness,2,0.798,0.7939,0.9543,0.6265
pdraw_spiral,efficientnet_b0,V55HE15,0,brightness,3,0.6696,0.997,0.9331,1.0
pdraw_spiral,efficientnet_b0,V55HE15,0,brightness,4,0.0536,0.2787,0.5992,0.0778
pdraw_spiral,efficientnet_b0,V55HE15,0,brightness,5,0.2033,0.3582,0.6103,0.1602
pdraw_spiral,efficientnet_b0,V55HE15,0,shadow,1,0.8399,0.838,0.9117,0.5312
pdraw_spiral,efficientnet_b0,V55HE15,0,shadow,2,0.7379,0.6547,0.7776,0.4147
pdraw_spiral,efficientnet_b0,V55HE15,0,shadow,3,0.6689,0.5761,0.5929,0.4112
pdraw_spiral,efficientnet_b0,V55HE15,0,shadow,4,0.6603,0.5538,0.399,0.4245
pdraw_spiral,efficientnet_b0,V55HE15,0,shadow,5,0.612,0.5462,0.3065,0.41
pdraw_spiral,efficientnet_b0,V55HE15,0,perspective,1,nan,nan,0.8712,0.3546
pdraw_spiral,efficientnet_b0,V55HE15,0,perspective,2,nan,nan,0.8712,0.3546
pdraw_spiral,efficientnet_b0,V55HE15,0,perspective,3,nan,nan,0.8712,0.3546
pdraw_spiral,efficientnet_b0,V55HE15,0,perspective,4,nan,nan,0.8712,0.3546
pdraw_spiral,efficientnet_b0,V55HE15,0,perspective,5,-0.0667,-0.1186,0.7837,0.2787
pdraw_spiral,efficientnet_b0,V55HE15,0,rotation,1,-0.0946,-0.1211,0.6478,0.0622
pdraw_spiral,efficientnet_b0,V55HE15,0,rotation,2,0.3943,0.2421,0.442,0.2855
pdraw_spiral,efficientnet_b0,V55HE15,0,rotation,3,-0.0088,-0.0876,0.2479,0.0919
pdraw_spiral,efficientnet_b0,V55HE15,0,rotation,4,-0.0561,0.0643,0.2356,0.0934
pdraw_spiral,efficientnet_b0,V55HE15,0,rotation,5,0.0948,0.1567,0.1932,0.1654
pdraw_spiral,efficientnet_b0,V03PE01,1,jpeg_compression,1,0.9766,0.9738,0.986,0.7653
pdraw_spiral,efficientnet_b0,V03PE01,1,jpeg_compression,2,0.9349,0.9223,0.9444,0.6519
pdraw_spiral,efficientnet_b0,V03PE01,1,jpeg_compression,3,0.8937,0.8833,0.8651,0.5772
pdraw_spiral,efficientnet_b0,V03PE01,1,jpeg_compression,4,0.8291,0.825,0.8833,0.5001
pdraw_spiral,efficientnet_b0,V03PE01,1,jpeg_compression,5,0.8928,0.8953,0.8269,0.6958
pdraw_spiral,efficientnet_b0,V03PE01,1,gaussian_blur,1,0.8655,0.8073,0.938,0.5489
pdraw_spiral,efficientnet_b0,V03PE01,1,gaussian_blur,2,0.872,0.8756,0.9023,0.6911
pdraw_spiral,efficientnet_b0,V03PE01,1,gaussian_blur,3,0.7784,0.8208,0.8652,0.5893
pdraw_spiral,efficientnet_b0,V03PE01,1,gaussian_blur,4,0.7236,0.7716,0.8322,0.549
pdraw_spiral,efficientnet_b0,V03PE01,1,gaussian_blur,5,0.6721,0.6844,0.8297,0.4121
pdraw_spiral,efficientnet_b0,V03PE01,1,gaussian_noise,1,0.9676,0.9562,0.9817,0.7705
pdraw_spiral,efficientnet_b0,V03PE01,1,gaussian_noise,2,0.9107,0.9029,0.9237,0.5744
pdraw_spiral,efficientnet_b0,V03PE01,1,gaussian_noise,3,0.8145,0.852,0.8443,0.475
pdraw_spiral,efficientnet_b0,V03PE01,1,gaussian_noise,4,0.8078,0.8151,0.8801,0.4124
pdraw_spiral,efficientnet_b0,V03PE01,1,gaussian_noise,5,0.3511,0.3789,0.7071,0.0877
pdraw_spiral,efficientnet_b0,V03PE01,1,contrast,1,0.9239,0.8916,0.9651,0.7196
pdraw_spiral,efficientnet_b0,V03PE01,1,contrast,2,0.983,0.9774,0.992,0.8411
pdraw_spiral,efficientnet_b0,V03PE01,1,contrast,3,0.9933,0.9886,0.9975,0.9045
pdraw_spiral,efficientnet_b0,V03PE01,1,contrast,4,0.9856,0.9831,0.9919,0.8399
pdraw_spiral,efficientnet_b0,V03PE01,1,contrast,5,0.9598,0.9551,0.9613,0.7256
pdraw_spiral,efficientnet_b0,V03PE01,1,brightness,1,0.916,0.8716,0.9058,0.7851
pdraw_spiral,efficientnet_b0,V03PE01,1,brightness,2,0.9258,0.8998,0.9439,0.7527
pdraw_spiral,efficientnet_b0,V03PE01,1,brightness,3,0.9475,0.9459,0.9592,0.741
pdraw_spiral,efficientnet_b0,V03PE01,1,brightness,4,0.83,0.8351,0.7789,0.5365
pdraw_spiral,efficientnet_b0,V03PE01,1,brightness,5,-0.248,-0.2829,0.4804,0.0143
pdraw_spiral,efficientnet_b0,V03PE01,1,shadow,1,0.9663,0.938,0.9818,0.8715
pdraw_spiral,efficientnet_b0,V03PE01,1,shadow,2,0.8743,0.7879,0.9095,0.7065
pdraw_spiral,efficientnet_b0,V03PE01,1,shadow,3,0.8159,0.717,0.8517,0.5628
pdraw_spiral,efficientnet_b0,V03PE01,1,shadow,4,0.7729,0.6792,0.7902,0.5071
pdraw_spiral,efficientnet_b0,V03PE01,1,shadow,5,0.7325,0.6567,0.6925,0.4447
pdraw_spiral,efficientnet_b0,V03PE01,1,perspective,1,0.8553,0.8385,0.7228,0.574
pdraw_spiral,efficientnet_b0,V03PE01,1,perspective,2,0.808,0.7971,0.6199,0.5423
pdraw_spiral,efficientnet_b0,V03PE01,1,perspective,3,0.7913,0.772,0.6014,0.5496
pdraw_spiral,efficientnet_b0,V03PE01,1,perspective,4,0.7726,0.7496,0.6136,0.5272
pdraw_spiral,efficientnet_b0,V03PE01,1,perspective,5,0.7682,0.7497,0.6083,0.5239
pdraw_spiral,efficientnet_b0,V03PE01,1,rotation,1,0.7815,0.7432,0.7354,0.5429
pdraw_spiral,efficientnet_b0,V03PE01,1,rotation,2,0.7011,0.7145,0.7782,0.4211
pdraw_spiral,efficientnet_b0,V03PE01,1,rotation,3,0.7291,0.7061,0.7345,0.5123
pdraw_spiral,efficientnet_b0,V03PE01,1,rotation,4,0.6332,0.6388,0.7266,0.3739
pdraw_spiral,efficientnet_b0,V03PE01,1,rotation,5,0.7398,0.7153,0.6753,0.5254
pdraw_spiral,efficientnet_b0,V11PE03,1,jpeg_compression,1,0.9783,0.9776,0.8763,0.8633
pdraw_spiral,efficientnet_b0,V11PE03,1,jpeg_compression,2,0.941,0.939,0.8335,0.8453
pdraw_spiral,efficientnet_b0,V11PE03,1,jpeg_compression,3,0.7374,0.8086,0.6955,0.5187
pdraw_spiral,efficientnet_b0,V11PE03,1,jpeg_compression,4,0.5369,0.6834,0.5285,0.2889
pdraw_spiral,efficientnet_b0,V11PE03,1,jpeg_compression,5,0.3183,0.5744,0.4611,0.2207
pdraw_spiral,efficientnet_b0,V11PE03,1,gaussian_blur,1,0.959,0.9439,0.8796,0.7558
pdraw_spiral,efficientnet_b0,V11PE03,1,gaussian_blur,2,0.8547,0.925,0.7934,0.5827
pdraw_spiral,efficientnet_b0,V11PE03,1,gaussian_blur,3,0.7145,0.8075,0.6408,0.4179
pdraw_spiral,efficientnet_b0,V11PE03,1,gaussian_blur,4,0.6503,0.7715,0.6372,0.4113
pdraw_spiral,efficientnet_b0,V11PE03,1,gaussian_blur,5,0.6126,0.7414,0.6187,0.4212
pdraw_spiral,efficientnet_b0,V11PE03,1,gaussian_noise,1,0.9756,0.9469,0.8758,0.7821
pdraw_spiral,efficientnet_b0,V11PE03,1,gaussian_noise,2,0.8972,0.8636,0.6902,0.6884
pdraw_spiral,efficientnet_b0,V11PE03,1,gaussian_noise,3,0.8074,0.7241,0.5653,0.6479
pdraw_spiral,efficientnet_b0,V11PE03,1,gaussian_noise,4,0.8486,0.7927,0.6374,0.6871
pdraw_spiral,efficientnet_b0,V11PE03,1,gaussian_noise,5,0.8168,0.8027,0.5677,0.6472
pdraw_spiral,efficientnet_b0,V11PE03,1,contrast,1,0.9524,0.9657,0.8954,0.7263
pdraw_spiral,efficientnet_b0,V11PE03,1,contrast,2,0.9874,0.9906,0.944,0.8423
pdraw_spiral,efficientnet_b0,V11PE03,1,contrast,3,0.9958,0.9981,0.9665,0.9427
pdraw_spiral,efficientnet_b0,V11PE03,1,contrast,4,0.9876,0.9884,0.9632,0.8124
pdraw_spiral,efficientnet_b0,V11PE03,1,contrast,5,0.9858,0.986,0.9471,0.7977
pdraw_spiral,efficientnet_b0,V11PE03,1,brightness,1,0.9516,0.9555,0.8786,0.7469
pdraw_spiral,efficientnet_b0,V11PE03,1,brightness,2,0.9698,0.9707,0.8756,0.8211
pdraw_spiral,efficientnet_b0,V11PE03,1,brightness,3,0.9846,0.9781,0.9368,0.8515
pdraw_spiral,efficientnet_b0,V11PE03,1,brightness,4,0.4784,0.5956,0.4055,0.342
pdraw_spiral,efficientnet_b0,V11PE03,1,brightness,5,0.5945,0.7166,0.5259,0.3849
pdraw_spiral,efficientnet_b0,V11PE03,1,shadow,1,0.9622,0.9805,0.9316,0.8255
pdraw_spiral,efficientnet_b0,V11PE03,1,shadow,2,0.8845,0.9367,0.7742,0.5802
pdraw_spiral,efficientnet_b0,V11PE03,1,shadow,3,0.7697,0.8726,0.5938,0.4739
pdraw_spiral,efficientnet_b0,V11PE03,1,shadow,4,0.6548,0.7902,0.4966,0.3909
pdraw_spiral,efficientnet_b0,V11PE03,1,shadow,5,0.5792,0.7237,0.4053,0.2616
pdraw_spiral,efficientnet_b0,V11PE03,1,perspective,1,-0.1258,0.0414,0.3659,0.0568
pdraw_spiral,efficientnet_b0,V11PE03,1,perspective,2,0.0893,0.074,0.3166,0.1343
pdraw_spiral,efficientnet_b0,V11PE03,1,perspective,3,0.004,-0.0082,0.29,0.1065
pdraw_spiral,efficientnet_b0,V11PE03,1,perspective,4,-0.0587,0.0292,0.2759,0.0986
pdraw_spiral,efficientnet_b0,V11PE03,1,perspective,5,0.0513,0.0982,0.3101,0.1232
pdraw_spiral,efficientnet_b0,V11PE03,1,rotation,1,0.473,0.554,0.3793,0.251
pdraw_spiral,efficientnet_b0,V11PE03,1,rotation,2,0.4346,0.5134,0.4244,0.2423
pdraw_spiral,efficientnet_b0,V11PE03,1,rotation,3,0.3081,0.3132,0.2532,0.1641
pdraw_spiral,efficientnet_b0,V11PE03,1,rotation,4,0.5756,0.5757,0.3654,0.3269
pdraw_spiral,efficientnet_b0,V11PE03,1,rotation,5,0.2141,0.247,0.2034,0.1258
pdraw_spiral,efficientnet_b0,V08PE01,1,jpeg_compression,1,0.9964,0.7846,0.9775,0.7312
pdraw_spiral,efficientnet_b0,V08PE01,1,jpeg_compression,2,1.0,1.0,1.0,1.0
pdraw_spiral,efficientnet_b0,V08PE01,1,jpeg_compression,3,0.9595,0.7095,0.9609,0.6265
pdraw_spiral,efficientnet_b0,V08PE01,1,jpeg_compression,4,nan,nan,0.9563,0.9686
pdraw_spiral,efficientnet_b0,V08PE01,1,jpeg_compression,5,-0.1016,-0.1869,0.5324,0.0
pdraw_spiral,efficientnet_b0,V08PE01,1,gaussian_blur,1,1.0,0.7233,0.9928,0.6265
pdraw_spiral,efficientnet_b0,V08PE01,1,gaussian_blur,2,0.9987,0.7202,0.9736,0.6265
pdraw_spiral,efficientnet_b0,V08PE01,1,gaussian_blur,3,0.9954,0.6188,0.9412,0.4203
pdraw_spiral,efficientnet_b0,V08PE01,1,gaussian_blur,4,0.925,0.5649,0.9101,0.3243
pdraw_spiral,efficientnet_b0,V08PE01,1,gaussian_blur,5,1.0,1.0,1.0,1.0
pdraw_spiral,efficientnet_b0,V08PE01,1,gaussian_noise,1,0.9755,0.7823,0.9687,0.7315
pdraw_spiral,efficientnet_b0,V08PE01,1,gaussian_noise,2,0.9998,0.7222,0.9839,0.6265
pdraw_spiral,efficientnet_b0,V08PE01,1,gaussian_noise,3,0.8037,0.6454,0.9392,0.5312
pdraw_spiral,efficientnet_b0,V08PE01,1,gaussian_noise,4,1.0,1.0,1.0,1.0
pdraw_spiral,efficientnet_b0,V08PE01,1,gaussian_noise,5,1.0,1.0,1.0,1.0
pdraw_spiral,efficientnet_b0,V08PE01,1,contrast,1,0.967,0.673,0.941,0.7126
pdraw_spiral,efficientnet_b0,V08PE01,1,contrast,2,0.9953,0.7844,0.9764,0.7308
pdraw_spiral,efficientnet_b0,V08PE01,1,contrast,3,0.9991,0.7856,0.9842,0.7312
pdraw_spiral,efficientnet_b0,V08PE01,1,contrast,4,0.9972,0.7848,0.9787,0.7315
pdraw_spiral,efficientnet_b0,V08PE01,1,contrast,5,0.9873,0.5647,0.9121,0.2797
pdraw_spiral,efficientnet_b0,V08PE01,1,brightness,1,0.9507,0.5766,0.927,0.6834
pdraw_spiral,efficientnet_b0,V08PE01,1,brightness,2,1.0,1.0,1.0,1.0
pdraw_spiral,efficientnet_b0,V08PE01,1,brightness,3,1.0,1.0,1.0,1.0
pdraw_spiral,efficientnet_b0,V08PE01,1,brightness,4,-0.0133,0.1565,0.5394,0.033
pdraw_spiral,efficientnet_b0,V08PE01,1,brightness,5,-0.0006,0.0651,0.2696,0.0077
pdraw_spiral,efficientnet_b0,V08PE01,1,shadow,1,0.9298,0.5873,0.9328,0.3706
pdraw_spiral,efficientnet_b0,V08PE01,1,shadow,2,0.7363,0.4015,0.7023,0.2397
pdraw_spiral,efficientnet_b0,V08PE01,1,shadow,3,0.5624,0.372,0.5745,0.2537
pdraw_spiral,efficientnet_b0,V08PE01,1,shadow,4,0.4105,0.3382,0.4415,0.2648
pdraw_spiral,efficientnet_b0,V08PE01,1,shadow,5,0.215,0.283,0.2894,0.2604
pdraw_spiral,efficientnet_b0,V08PE01,1,perspective,1,-0.0382,-0.0653,0.8689,0.406
pdraw_spiral,efficientnet_b0,V08PE01,1,perspective,2,nan,nan,0.9563,0.9686
pdraw_spiral,efficientnet_b0,V08PE01,1,perspective,3,-0.0606,-0.1425,0.7174,0.0
pdraw_spiral,efficientnet_b0,V08PE01,1,perspective,4,-0.0573,-0.1101,0.7474,0.0
pdraw_spiral,efficientnet_b0,V08PE01,1,perspective,5,-0.0614,-0.1361,0.6958,0.0
pdraw_spiral,efficientnet_b0,V08PE01,1,rotation,1,0.5138,0.3598,0.5872,0.1774
pdraw_spiral,efficientnet_b0,V08PE01,1,rotation,2,0.1742,0.2575,0.4302,0.246
pdraw_spiral,efficientnet_b0,V08PE01,1,rotation,3,0.4297,0.3508,0.3429,0.2847
pdraw_spiral,efficientnet_b0,V08PE01,1,rotation,4,-0.0119,0.0783,0.2733,0.2109
pdraw_spiral,efficientnet_b0,V08PE01,1,rotation,5,0.1717,0.2885,0.2081,0.3866
pdraw_spiral,efficientnet_b0,V06PE01,1,jpeg_compression,1,0.996,0.9963,0.9883,0.9339
pdraw_spiral,efficientnet_b0,V06PE01,1,jpeg_compression,2,0.9872,0.9851,0.91,0.89
pdraw_spiral,efficientnet_b0,V06PE01,1,jpeg_compression,3,0.8976,0.9127,0.7498,0.5972
pdraw_spiral,efficientnet_b0,V06PE01,1,jpeg_compression,4,0.7466,0.8354,0.6157,0.3359
pdraw_spiral,efficientnet_b0,V06PE01,1,jpeg_compression,5,0.5934,0.6562,0.5572,0.3164
pdraw_spiral,efficientnet_b0,V06PE01,1,gaussian_blur,1,0.9766,0.9788,0.9462,0.7359
pdraw_spiral,efficientnet_b0,V06PE01,1,gaussian_blur,2,0.9423,0.9506,0.8697,0.6006
pdraw_spiral,efficientnet_b0,V06PE01,1,gaussian_blur,3,0.7708,0.8388,0.7001,0.4149
pdraw_spiral,efficientnet_b0,V06PE01,1,gaussian_blur,4,0.6463,0.7258,0.594,0.3589
pdraw_spiral,efficientnet_b0,V06PE01,1,gaussian_blur,5,0.6342,0.7058,0.5921,0.3463
pdraw_spiral,efficientnet_b0,V06PE01,1,gaussian_noise,1,0.9918,0.9928,0.9649,0.9154
pdraw_spiral,efficientnet_b0,V06PE01,1,gaussian_noise,2,0.9594,0.968,0.7568,0.8423
pdraw_spiral,efficientnet_b0,V06PE01,1,gaussian_noise,3,0.8842,0.9005,0.792,0.6079
pdraw_spiral,efficientnet_b0,V06PE01,1,gaussian_noise,4,0.9011,0.9297,0.6288,0.6632
pdraw_spiral,efficientnet_b0,V06PE01,1,gaussian_noise,5,0.7564,0.8146,0.4686,0.5373
pdraw_spiral,efficientnet_b0,V06PE01,1,contrast,1,0.97,0.9726,0.9282,0.7854
pdraw_spiral,efficientnet_b0,V06PE01,1,contrast,2,0.9956,0.9959,0.9874,0.9499
pdraw_spiral,efficientnet_b0,V06PE01,1,contrast,3,0.9981,0.9983,0.9897,0.9472
pdraw_spiral,efficientnet_b0,V06PE01,1,contrast,4,0.9915,0.9891,0.9212,0.9038
pdraw_spiral,efficientnet_b0,V06PE01,1,contrast,5,0.9792,0.98,0.877,0.8516
pdraw_spiral,efficientnet_b0,V06PE01,1,brightness,1,0.9798,0.9793,0.8097,0.89
pdraw_spiral,efficientnet_b0,V06PE01,1,brightness,2,0.978,0.9806,0.8058,0.8873
pdraw_spiral,efficientnet_b0,V06PE01,1,brightness,3,0.9887,0.9863,0.8523,0.9022
pdraw_spiral,efficientnet_b0,V06PE01,1,brightness,4,0.6024,0.589,0.5792,0.3884
pdraw_spiral,efficientnet_b0,V06PE01,1,brightness,5,0.5982,0.6453,0.5883,0.3717
pdraw_spiral,efficientnet_b0,V06PE01,1,shadow,1,0.9861,0.9864,0.9628,0.8112
pdraw_spiral,efficientnet_b0,V06PE01,1,shadow,2,0.9303,0.935,0.8629,0.5887
pdraw_spiral,efficientnet_b0,V06PE01,1,shadow,3,0.8443,0.8623,0.7496,0.3625
pdraw_spiral,efficientnet_b0,V06PE01,1,shadow,4,0.8185,0.86,0.7376,0.4304
pdraw_spiral,efficientnet_b0,V06PE01,1,shadow,5,0.7199,0.784,0.721,0.3801
pdraw_spiral,efficientnet_b0,V06PE01,1,perspective,1,0.5888,0.543,0.5175,0.3904
pdraw_spiral,efficientnet_b0,V06PE01,1,perspective,2,0.509,0.3755,0.49,0.3552
pdraw_spiral,efficientnet_b0,V06PE01,1,perspective,3,0.5043,0.3903,0.4847,0.3426
pdraw_spiral,efficientnet_b0,V06PE01,1,perspective,4,0.5464,0.4517,0.5027,0.3473
pdraw_spiral,efficientnet_b0,V06PE01,1,perspective,5,0.5581,0.4585,0.512,0.3843
pdraw_spiral,efficientnet_b0,V06PE01,1,rotation,1,0.7658,0.7694,0.6656,0.4677
pdraw_spiral,efficientnet_b0,V06PE01,1,rotation,2,0.5018,0.4427,0.5818,0.4305
pdraw_spiral,efficientnet_b0,V06PE01,1,rotation,3,0.1359,0.0477,0.4051,0.1972
pdraw_spiral,efficientnet_b0,V06PE01,1,rotation,4,0.675,0.6411,0.6086,0.5199
pdraw_spiral,efficientnet_b0,V06PE01,1,rotation,5,0.0088,-0.0838,0.3812,0.1938
pdraw_spiral,efficientnet_b0,V03PE07,1,jpeg_compression,1,0.985,0.9846,0.989,0.7823
pdraw_spiral,efficientnet_b0,V03PE07,1,jpeg_compression,2,0.9418,0.94,0.9594,0.6479
pdraw_spiral,efficientnet_b0,V03PE07,1,jpeg_compression,3,0.9133,0.9302,0.9264,0.5692
pdraw_spiral,efficientnet_b0,V03PE07,1,jpeg_compression,4,0.8744,0.8703,0.8927,0.5028
pdraw_spiral,efficientnet_b0,V03PE07,1,jpeg_compression,5,0.5276,0.5934,0.7392,0.2351
pdraw_spiral,efficientnet_b0,V03PE07,1,gaussian_blur,1,0.9289,0.9386,0.9518,0.5981
pdraw_spiral,efficientnet_b0,V03PE07,1,gaussian_blur,2,0.8166,0.8666,0.9033,0.427
pdraw_spiral,efficientnet_b0,V03PE07,1,gaussian_blur,3,0.781,0.8167,0.8813,0.3767
pdraw_spiral,efficientnet_b0,V03PE07,1,gaussian_blur,4,0.7598,0.7726,0.8413,0.3481
pdraw_spiral,efficientnet_b0,V03PE07,1,gaussian_blur,5,0.6992,0.7032,0.8593,0.3329
pdraw_spiral,efficientnet_b0,V03PE07,1,gaussian_noise,1,0.9601,0.9522,0.9772,0.6611
pdraw_spiral,efficientnet_b0,V03PE07,1,gaussian_noise,2,0.8807,0.8863,0.8438,0.461
pdraw_spiral,efficientnet_b0,V03PE07,1,gaussian_noise,3,0.8516,0.8914,0.9035,0.4412
pdraw_spiral,efficientnet_b0,V03PE07,1,gaussian_noise,4,0.8378,0.8329,0.9016,0.3791
pdraw_spiral,efficientnet_b0,V03PE07,1,gaussian_noise,5,0.7283,0.7384,0.8215,0.3139
pdraw_spiral,efficientnet_b0,V03PE07,1,contrast,1,0.9417,0.9485,0.9609,0.6183
pdraw_spiral,efficientnet_b0,V03PE07,1,contrast,2,0.9792,0.9766,0.9895,0.7399
pdraw_spiral,efficientnet_b0,V03PE07,1,contrast,3,0.9908,0.9891,0.9956,0.8381
pdraw_spiral,efficientnet_b0,V03PE07,1,contrast,4,0.9882,0.9872,0.9929,0.8668
pdraw_spiral,efficientnet_b0,V03PE07,1,contrast,5,0.9695,0.9617,0.9835,0.7968
pdraw_spiral,efficientnet_b0,V03PE07,1,brightness,1,0.8786,0.9042,0.9288,0.4716
pdraw_spiral,efficientnet_b0,V03PE07,1,brightness,2,0.9242,0.9386,0.9507,0.6301
pdraw_spiral,efficientnet_b0,V03PE07,1,brightness,3,0.9662,0.9701,0.981,0.7591
pdraw_spiral,efficientnet_b0,V03PE07,1,brightness,4,0.659,0.6198,0.7564,0.249
pdraw_spiral,efficientnet_b0,V03PE07,1,brightness,5,0.6726,0.639,0.7372,0.3027
pdraw_spiral,efficientnet_b0,V03PE07,1,shadow,1,0.8506,0.8685,0.9506,0.4017
pdraw_spiral,efficientnet_b0,V03PE07,1,shadow,2,0.5915,0.5775,0.8763,0.2615
pdraw_spiral,efficientnet_b0,V03PE07,1,shadow,3,0.3357,0.332,0.7658,0.1677
pdraw_spiral,efficientnet_b0,V03PE07,1,shadow,4,0.2484,0.2547,0.7566,0.1677
pdraw_spiral,efficientnet_b0,V03PE07,1,shadow,5,0.172,0.166,0.7468,0.1677
pdraw_spiral,efficientnet_b0,V03PE07,1,perspective,1,0.3261,0.3399,0.6238,0.1757
pdraw_spiral,efficientnet_b0,V03PE07,1,perspective,2,0.1915,0.1611,0.523,0.1673
pdraw_spiral,efficientnet_b0,V03PE07,1,perspective,3,0.1508,0.0968,0.5032,0.1666
pdraw_spiral,efficientnet_b0,V03PE07,1,perspective,4,0.1566,0.123,0.5119,0.1668
pdraw_spiral,efficientnet_b0,V03PE07,1,perspective,5,0.1487,0.1285,0.5053,0.1663
pdraw_spiral,efficientnet_b0,V03PE07,1,rotation,1,0.131,0.1775,0.649,0.1825
pdraw_spiral,efficientnet_b0,V03PE07,1,rotation,2,0.2683,0.2961,0.6299,0.1869
pdraw_spiral,efficientnet_b0,V03PE07,1,rotation,3,0.1813,0.2087,0.6192,0.206
pdraw_spiral,efficientnet_b0,V03PE07,1,rotation,4,0.1705,0.2055,0.6059,0.1666
pdraw_spiral,efficientnet_b0,V03PE07,1,rotation,5,-0.0238,0.0044,0.5141,0.148
pdraw_spiral,mobilenet_v3_large,V09HE01,0,jpeg_compression,1,0.9662,0.8628,0.8554,0.8194
pdraw_spiral,mobilenet_v3_large,V09HE01,0,jpeg_compression,2,0.972,0.8591,0.8989,0.8161
pdraw_spiral,mobilenet_v3_large,V09HE01,0,jpeg_compression,3,0.8894,0.7349,0.7486,0.6614
pdraw_spiral,mobilenet_v3_large,V09HE01,0,jpeg_compression,4,0.6759,0.6342,0.6683,0.4363
pdraw_spiral,mobilenet_v3_large,V09HE01,0,jpeg_compression,5,0.262,0.243,0.3575,0.2146
pdraw_spiral,mobilenet_v3_large,V09HE01,0,gaussian_blur,1,0.8511,0.6556,0.7507,0.4921
pdraw_spiral,mobilenet_v3_large,V09HE01,0,gaussian_blur,2,0.739,0.5274,0.648,0.3346
pdraw_spiral,mobilenet_v3_large,V09HE01,0,gaussian_blur,3,0.6184,0.5196,0.6323,0.3032
pdraw_spiral,mobilenet_v3_large,V09HE01,0,gaussian_blur,4,0.6218,0.5524,0.6049,0.3182
pdraw_spiral,mobilenet_v3_large,V09HE01,0,gaussian_blur,5,0.6932,0.554,0.5729,0.3708
pdraw_spiral,mobilenet_v3_large,V09HE01,0,gaussian_noise,1,0.9874,0.9003,0.8801,0.9089
pdraw_spiral,mobilenet_v3_large,V09HE01,0,gaussian_noise,2,0.9497,0.833,0.7797,0.8226
pdraw_spiral,mobilenet_v3_large,V09HE01,0,gaussian_noise,3,0.9267,0.8164,0.7574,0.7163
pdraw_spiral,mobilenet_v3_large,V09HE01,0,gaussian_noise,4,0.9087,0.8061,0.7593,0.6878
pdraw_spiral,mobilenet_v3_large,V09HE01,0,gaussian_noise,5,0.8884,0.8514,0.7574,0.6991
pdraw_spiral,mobilenet_v3_large,V09HE01,0,contrast,1,0.9455,0.8642,0.8384,0.7311
pdraw_spiral,mobilenet_v3_large,V09HE01,0,contrast,2,0.9669,0.9085,0.8864,0.8279
pdraw_spiral,mobilenet_v3_large,V09HE01,0,contrast,3,0.9771,0.9499,0.948,0.8474
pdraw_spiral,mobilenet_v3_large,V09HE01,0,contrast,4,0.9515,0.864,0.7986,0.8881
pdraw_spiral,mobilenet_v3_large,V09HE01,0,contrast,5,0.8614,0.8035,0.6927,0.7661
pdraw_spiral,mobilenet_v3_large,V09HE01,0,brightness,1,0.9726,0.9205,0.9114,0.843
pdraw_spiral,mobilenet_v3_large,V09HE01,0,brightness,2,0.9442,0.9361,0.9084,0.7326
pdraw_spiral,mobilenet_v3_large,V09HE01,0,brightness,3,0.9684,0.9495,0.8974,0.8467
pdraw_spiral,mobilenet_v3_large,V09HE01,0,brightness,4,0.3569,0.3299,0.1985,0.2664
pdraw_spiral,mobilenet_v3_large,V09HE01,0,brightness,5,0.3009,0.2636,0.1975,0.1865
pdraw_spiral,mobilenet_v3_large,V09HE01,0,shadow,1,0.9462,0.9104,0.8565,0.8645
pdraw_spiral,mobilenet_v3_large,V09HE01,0,shadow,2,0.8705,0.8442,0.7874,0.6968
pdraw_spiral,mobilenet_v3_large,V09HE01,0,shadow,3,0.8348,0.7301,0.7432,0.5729
pdraw_spiral,mobilenet_v3_large,V09HE01,0,shadow,4,0.8118,0.7285,0.718,0.5726
pdraw_spiral,mobilenet_v3_large,V09HE01,0,shadow,5,0.7884,0.5895,0.709,0.3637
pdraw_spiral,mobilenet_v3_large,V09HE01,0,perspective,1,0.9126,0.8696,0.8311,0.7004
pdraw_spiral,mobilenet_v3_large,V09HE01,0,perspective,2,0.5811,0.7935,0.7033,0.4952
pdraw_spiral,mobilenet_v3_large,V09HE01,0,perspective,3,0.4834,0.6472,0.5501,0.4076
pdraw_spiral,mobilenet_v3_large,V09HE01,0,perspective,4,0.1775,0.4855,0.5624,0.2311
pdraw_spiral,mobilenet_v3_large,V09HE01,0,perspective,5,0.2367,0.1998,0.5192,0.1617
pdraw_spiral,mobilenet_v3_large,V09HE01,0,rotation,1,0.6516,0.5466,0.7507,0.3916
pdraw_spiral,mobilenet_v3_large,V09HE01,0,rotation,2,nan,nan,0.6326,0.1213
pdraw_spiral,mobilenet_v3_large,V09HE01,0,rotation,3,0.5688,0.1729,0.6268,0.2414
pdraw_spiral,mobilenet_v3_large,V09HE01,0,rotation,4,nan,nan,0.6326,0.1213
pdraw_spiral,mobilenet_v3_large,V09HE01,0,rotation,5,-0.1015,-0.0768,0.5477,0.0699
pdraw_spiral,mobilenet_v3_large,V55HE14,0,jpeg_compression,1,1.0,1.0,1.0,1.0
pdraw_spiral,mobilenet_v3_large,V55HE14,0,jpeg_compression,2,0.9356,0.5833,0.8909,0.5096
pdraw_spiral,mobilenet_v3_large,V55HE14,0,jpeg_compression,3,-0.0812,-0.175,0.6445,0.1558
pdraw_spiral,mobilenet_v3_large,V55HE14,0,jpeg_compression,4,-0.0996,-0.2119,0.5513,0.139
pdraw_spiral,mobilenet_v3_large,V55HE14,0,jpeg_compression,5,0.044,0.118,0.3659,0.071
pdraw_spiral,mobilenet_v3_large,V55HE14,0,gaussian_blur,1,0.8708,0.8143,0.958,0.7345
pdraw_spiral,mobilenet_v3_large,V55HE14,0,gaussian_blur,2,nan,nan,0.938,0.5312
pdraw_spiral,mobilenet_v3_large,V55HE14,0,gaussian_blur,3,nan,nan,0.938,0.5312
pdraw_spiral,mobilenet_v3_large,V55HE14,0,gaussian_blur,4,-0.0575,-0.1038,0.7923,0.219
pdraw_spiral,mobilenet_v3_large,V55HE14,0,gaussian_blur,5,-0.0682,-0.1262,0.7468,0.1789
pdraw_spiral,mobilenet_v3_large,V55HE14,0,gaussian_noise,1,0.9999,0.7288,0.9915,0.8044
pdraw_spiral,mobilenet_v3_large,V55HE14,0,gaussian_noise,2,0.8985,0.4431,0.7424,0.4379
pdraw_spiral,mobilenet_v3_large,V55HE14,0,gaussian_noise,3,0.9166,0.4378,0.7493,0.4467
pdraw_spiral,mobilenet_v3_large,V55HE14,0,gaussian_noise,4,0.652,0.3934,0.7088,0.4043
pdraw_spiral,mobilenet_v3_large,V55HE14,0,gaussian_noise,5,0.6901,0.3597,0.5867,0.3855
pdraw_spiral,mobilenet_v3_large,V55HE14,0,contrast,1,0.8493,0.6956,0.9407,0.8044
pdraw_spiral,mobilenet_v3_large,V55HE14,0,contrast,2,0.9872,0.6519,0.9308,0.5854
pdraw_spiral,mobilenet_v3_large,V55HE14,0,contrast,3,1.0,0.8293,0.9994,0.7338
pdraw_spiral,mobilenet_v3_large,V55HE14,0,contrast,4,0.9975,0.8263,0.9801,0.7256
pdraw_spiral,mobilenet_v3_large,V55HE14,0,contrast,5,0.9973,0.8262,0.9797,0.7272
pdraw_spiral,mobilenet_v3_large,V55HE14,0,brightness,1,0.7905,0.4809,0.7943,0.3949
pdraw_spiral,mobilenet_v3_large,V55HE14,0,brightness,2,0.9289,0.5348,0.8586,0.3608
pdraw_spiral,mobilenet_v3_large,V55HE14,0,brightness,3,0.9872,0.6566,0.9495,0.5854
pdraw_spiral,mobilenet_v3_large,V55HE14,0,brightness,4,-0.1939,-0.3426,0.1901,0.1021
pdraw_spiral,mobilenet_v3_large,V55HE14,0,brightness,5,-0.1695,-0.2036,0.1314,0.0592
pdraw_spiral,mobilenet_v3_large,V55HE14,0,shadow,1,0.9858,0.8231,0.9723,0.7254
pdraw_spiral,mobilenet_v3_large,V55HE14,0,shadow,2,0.9864,0.8232,0.9725,0.7238
pdraw_spiral,mobilenet_v3_large,V55HE14,0,shadow,3,1.0,1.0,1.0,1.0
pdraw_spiral,mobilenet_v3_large,V55HE14,0,shadow,4,1.0,1.0,1.0,1.0
pdraw_spiral,mobilenet_v3_large,V55HE14,0,shadow,5,1.0,1.0,1.0,0.999
pdraw_spiral,mobilenet_v3_large,V55HE14,0,perspective,1,-0.0381,-0.0651,0.876,0.5131
pdraw_spiral,mobilenet_v3_large,V55HE14,0,perspective,2,-0.0703,-0.1242,0.7466,0.2405
pdraw_spiral,mobilenet_v3_large,V55HE14,0,perspective,3,-0.086,-0.1528,0.6749,0.2168
pdraw_spiral,mobilenet_v3_large,V55HE14,0,perspective,4,-0.0462,0.0402,0.647,0.2168
pdraw_spiral,mobilenet_v3_large,V55HE14,0,perspective,5,-0.0512,-0.0033,0.5454,0.1794
pdraw_spiral,mobilenet_v3_large,V55HE14,0,rotation,1,nan,nan,0.938,0.5312
pdraw_spiral,mobilenet_v3_large,V55HE14,0,rotation,2,nan,nan,0.938,0.5312
pdraw_spiral,mobilenet_v3_large,V55HE14,0,rotation,3,-0.0381,-0.0651,0.876,0.523
pdraw_spiral,mobilenet_v3_large,V55HE14,0,rotation,4,-0.0381,-0.0651,0.876,0.523
pdraw_spiral,mobilenet_v3_large,V55HE14,0,rotation,5,-0.0397,-0.0882,0.8451,0.2963
pdraw_spiral,mobilenet_v3_large,V08HE01,0,jpeg_compression,1,0.998,0.9403,0.9832,0.9125
pdraw_spiral,mobilenet_v3_large,V08HE01,0,jpeg_compression,2,0.9909,0.8371,0.9261,0.7738
pdraw_spiral,mobilenet_v3_large,V08HE01,0,jpeg_compression,3,0.941,0.671,0.7788,0.5277
pdraw_spiral,mobilenet_v3_large,V08HE01,0,jpeg_compression,4,0.8314,0.6647,0.6428,0.485
pdraw_spiral,mobilenet_v3_large,V08HE01,0,jpeg_compression,5,0.8284,0.691,0.1996,0.5681
pdraw_spiral,mobilenet_v3_large,V08HE01,0,gaussian_blur,1,0.9741,0.8108,0.9043,0.6948
pdraw_spiral,mobilenet_v3_large,V08HE01,0,gaussian_blur,2,0.9758,0.7573,0.917,0.6849
pdraw_spiral,mobilenet_v3_large,V08HE01,0,gaussian_blur,3,0.966,0.6553,0.8056,0.6079
pdraw_spiral,mobilenet_v3_large,V08HE01,0,gaussian_blur,4,0.9588,0.7491,0.7498,0.6108
pdraw_spiral,mobilenet_v3_large,V08HE01,0,gaussian_blur,5,0.9362,0.7128,0.6775,0.5754
pdraw_spiral,mobilenet_v3_large,V08HE01,0,gaussian_noise,1,0.9957,0.9076,0.9484,0.8647
pdraw_spiral,mobilenet_v3_large,V08HE01,0,gaussian_noise,2,0.9895,0.8272,0.8645,0.7437
pdraw_spiral,mobilenet_v3_large,V08HE01,0,gaussian_noise,3,0.9761,0.7971,0.7493,0.718
pdraw_spiral,mobilenet_v3_large,V08HE01,0,gaussian_noise,4,0.9076,0.7603,0.5017,0.7395
pdraw_spiral,mobilenet_v3_large,V08HE01,0,gaussian_noise,5,0.9121,0.7433,0.5598,0.6066
pdraw_spiral,mobilenet_v3_large,V08HE01,0,contrast,1,0.9951,0.9987,0.9808,0.8782
pdraw_spiral,mobilenet_v3_large,V08HE01,0,contrast,2,0.9977,0.9992,0.9894,0.9051
pdraw_spiral,mobilenet_v3_large,V08HE01,0,contrast,3,0.9986,0.9993,0.9917,0.9105
pdraw_spiral,mobilenet_v3_large,V08HE01,0,contrast,4,0.9985,0.8864,0.9427,0.8675
pdraw_spiral,mobilenet_v3_large,V08HE01,0,contrast,5,0.9947,0.8764,0.9198,0.788
pdraw_spiral,mobilenet_v3_large,V08HE01,0,brightness,1,0.9941,0.8556,0.8978,0.7834
pdraw_spiral,mobilenet_v3_large,V08HE01,0,brightness,2,0.9962,0.8349,0.904,0.7905
pdraw_spiral,mobilenet_v3_large,V08HE01,0,brightness,3,0.9993,0.9311,0.9806,0.9248
pdraw_spiral,mobilenet_v3_large,V08HE01,0,brightness,4,0.8729,0.7372,0.3719,0.6661
pdraw_spiral,mobilenet_v3_large,V08HE01,0,brightness,5,0.8797,0.6847,0.3645,0.633
pdraw_spiral,mobilenet_v3_large,V08HE01,0,shadow,1,0.9974,0.8674,0.9534,0.8165
pdraw_spiral,mobilenet_v3_large,V08HE01,0,shadow,2,0.9971,0.8672,0.9514,0.8169
pdraw_spiral,mobilenet_v3_large,V08HE01,0,shadow,3,0.992,0.8664,0.9367,0.8073
pdraw_spiral,mobilenet_v3_large,V08HE01,0,shadow,4,0.9812,0.7412,0.8945,0.6685
pdraw_spiral,mobilenet_v3_large,V08HE01,0,shadow,5,0.9838,0.8016,0.9005,0.7238
pdraw_spiral,mobilenet_v3_large,V08HE01,0,perspective,1,0.9748,0.8348,0.9108,0.8416
pdraw_spiral,mobilenet_v3_large,V08HE01,0,perspective,2,0.9367,0.7363,0.8766,0.5107
pdraw_spiral,mobilenet_v3_large,V08HE01,0,perspective,3,0.9409,0.6699,0.8519,0.5624
pdraw_spiral,mobilenet_v3_large,V08HE01,0,perspective,4,0.8054,0.6186,0.8075,0.4966
pdraw_spiral,mobilenet_v3_large,V08HE01,0,perspective,5,0.2877,0.5595,0.7282,0.4498
pdraw_spiral,mobilenet_v3_large,V08HE01,0,rotation,1,0.931,0.7531,0.8603,0.5406
pdraw_spiral,mobilenet_v3_large,V08HE01,0,rotation,2,0.8663,0.4877,0.8098,0.2029
pdraw_spiral,mobilenet_v3_large,V08HE01,0,rotation,3,0.2506,0.4982,0.7769,0.2233
pdraw_spiral,mobilenet_v3_large,V08HE01,0,rotation,4,-0.0418,0.2587,0.7176,0.2407
pdraw_spiral,mobilenet_v3_large,V08HE01,0,rotation,5,-0.0632,-0.1695,0.7009,0.0374
pdraw_spiral,mobilenet_v3_large,V07HE01,0,jpeg_compression,1,0.9909,0.9377,0.8934,0.9204
pdraw_spiral,mobilenet_v3_large,V07HE01,0,jpeg_compression,2,0.977,0.8782,0.8121,0.8481
pdraw_spiral,mobilenet_v3_large,V07HE01,0,jpeg_compression,3,0.8929,0.6222,0.5531,0.6099
pdraw_spiral,mobilenet_v3_large,V07HE01,0,jpeg_compression,4,0.8566,0.7008,0.5974,0.568
pdraw_spiral,mobilenet_v3_large,V07HE01,0,jpeg_compression,5,0.6128,0.6623,0.3554,0.3841
pdraw_spiral,mobilenet_v3_large,V07HE01,0,gaussian_blur,1,0.9623,0.9281,0.7977,0.7877
pdraw_spiral,mobilenet_v3_large,V07HE01,0,gaussian_blur,2,0.9128,0.8881,0.7629,0.6718
pdraw_spiral,mobilenet_v3_large,V07HE01,0,gaussian_blur,3,0.8688,0.8902,0.7649,0.5975
pdraw_spiral,mobilenet_v3_large,V07HE01,0,gaussian_blur,4,0.8345,0.8432,0.6962,0.5291
pdraw_spiral,mobilenet_v3_large,V07HE01,0,gaussian_blur,5,0.7737,0.7804,0.6014,0.462
pdraw_spiral,mobilenet_v3_large,V07HE01,0,gaussian_noise,1,0.9917,0.9805,0.9313,0.8554
pdraw_spiral,mobilenet_v3_large,V07HE01,0,gaussian_noise,2,0.9747,0.9151,0.8632,0.8654
pdraw_spiral,mobilenet_v3_large,V07HE01,0,gaussian_noise,3,0.9485,0.8664,0.5867,0.6878
pdraw_spiral,mobilenet_v3_large,V07HE01,0,gaussian_noise,4,0.8399,0.5652,0.5293,0.6525
pdraw_spiral,mobilenet_v3_large,V07HE01,0,gaussian_noise,5,0.8816,0.5287,0.5535,0.5773
pdraw_spiral,mobilenet_v3_large,V07HE01,0,contrast,1,0.9784,0.9061,0.8287,0.8332
pdraw_spiral,mobilenet_v3_large,V07HE01,0,contrast,2,0.9965,0.956,0.8988,0.9457
pdraw_spiral,mobilenet_v3_large,V07HE01,0,contrast,3,0.9973,0.9841,0.9413,0.9493
pdraw_spiral,mobilenet_v3_large,V07HE01,0,contrast,4,0.9874,0.9657,0.913,0.9107
pdraw_spiral,mobilenet_v3_large,V07HE01,0,contrast,5,0.9713,0.924,0.8359,0.8327
pdraw_spiral,mobilenet_v3_large,V07HE01,0,brightness,1,0.8834,0.9034,0.6872,0.6599
pdraw_spiral,mobilenet_v3_large,V07HE01,0,brightness,2,0.9641,0.9426,0.8497,0.7815
pdraw_spiral,mobilenet_v3_large,V07HE01,0,brightness,3,0.9892,0.9573,0.9201,0.9015
pdraw_spiral,mobilenet_v3_large,V07HE01,0,brightness,4,0.765,0.7982,0.3724,0.4975
pdraw_spiral,mobilenet_v3_large,V07HE01,0,brightness,5,0.5732,0.4064,0.3797,0.3753
pdraw_spiral,mobilenet_v3_large,V07HE01,0,shadow,1,0.9952,0.9887,0.9512,0.9237
pdraw_spiral,mobilenet_v3_large,V07HE01,0,shadow,2,0.9929,0.9571,0.932,0.918
pdraw_spiral,mobilenet_v3_large,V07HE01,0,shadow,3,0.9797,0.9206,0.8611,0.8297
pdraw_spiral,mobilenet_v3_large,V07HE01,0,shadow,4,0.9731,0.9163,0.8302,0.7886
pdraw_spiral,mobilenet_v3_large,V07HE01,0,shadow,5,0.9714,0.936,0.8479,0.7564
pdraw_spiral,mobilenet_v3_large,V07HE01,0,perspective,1,0.8873,0.7628,0.623,0.7296
pdraw_spiral,mobilenet_v3_large,V07HE01,0,perspective,2,0.8848,0.6861,0.6794,0.7619
pdraw_spiral,mobilenet_v3_large,V07HE01,0,perspective,3,0.8018,0.6513,0.6051,0.633
pdraw_spiral,mobilenet_v3_large,V07HE01,0,perspective,4,0.6907,0.5661,0.4865,0.4972
pdraw_spiral,mobilenet_v3_large,V07HE01,0,perspective,5,0.7929,0.4101,0.5312,0.5027
pdraw_spiral,mobilenet_v3_large,V07HE01,0,rotation,1,0.8108,0.7423,0.5971,0.5777
pdraw_spiral,mobilenet_v3_large,V07HE01,0,rotation,2,nan,nan,0.3813,0.0
pdraw_spiral,mobilenet_v3_large,V07HE01,0,rotation,3,0.0457,0.3524,0.3843,0.3169
pdraw_spiral,mobilenet_v3_large,V07HE01,0,rotation,4,-0.0881,-0.0063,0.3532,0.078
pdraw_spiral,mobilenet_v3_large,V07HE01,0,rotation,5,-0.0707,0.1325,0.3819,0.112
pdraw_spiral,mobilenet_v3_large,V55HE15,0,jpeg_compression,1,1.0,1.0,1.0,1.0
pdraw_spiral,mobilenet_v3_large,V55HE15,0,jpeg_compression,2,0.9838,0.5983,0.874,0.3053
pdraw_spiral,mobilenet_v3_large,V55HE15,0,jpeg_compression,3,0.7405,0.5239,0.778,0.2909
pdraw_spiral,mobilenet_v3_large,V55HE15,0,jpeg_compression,4,0.6877,0.3865,0.4789,0.1898
pdraw_spiral,mobilenet_v3_large,V55HE15,0,jpeg_compression,5,0.0645,0.0729,0.1113,0.0312
pdraw_spiral,mobilenet_v3_large,V55HE15,0,gaussian_blur,1,0.9633,0.9998,0.9822,1.0
pdraw_spiral,mobilenet_v3_large,V55HE15,0,gaussian_blur,2,0.8762,0.5746,0.9514,0.3706
pdraw_spiral,mobilenet_v3_large,V55HE15,0,gaussian_blur,3,0.6026,0.4712,0.7503,0.1694
pdraw_spiral,mobilenet_v3_large,V55HE15,0,gaussian_blur,4,0.5404,0.4263,0.6731,0.1861
pdraw_spiral,mobilenet_v3_large,V55HE15,0,gaussian_blur,5,0.4222,0.3803,0.6186,0.1754
pdraw_spiral,mobilenet_v3_large,V55HE15,0,gaussian_noise,1,0.9938,0.731,0.9491,0.3706
pdraw_spiral,mobilenet_v3_large,V55HE15,0,gaussian_noise,2,0.9154,0.5384,0.8137,0.3705
pdraw_spiral,mobilenet_v3_large,V55HE15,0,gaussian_noise,3,0.9658,0.5142,0.7416,0.2607
pdraw_spiral,mobilenet_v3_large,V55HE15,0,gaussian_noise,4,0.8261,0.5328,0.7703,0.3161
pdraw_spiral,mobilenet_v3_large,V55HE15,0,gaussian_noise,5,0.935,0.569,0.8413,0.2729
pdraw_spiral,mobilenet_v3_large,V55HE15,0,contrast,1,0.9849,0.9999,0.992,1.0
pdraw_spiral,mobilenet_v3_large,V55HE15,0,contrast,2,0.998,1.0,0.9989,1.0
pdraw_spiral,mobilenet_v3_large,V55HE15,0,contrast,3,0.9999,1.0,0.9999,1.0
pdraw_spiral,mobilenet_v3_large,V55HE15,0,contrast,4,0.9956,0.6861,0.9264,0.4288
pdraw_spiral,mobilenet_v3_large,V55HE15,0,contrast,5,0.9744,0.543,0.8157,0.3828
pdraw_spiral,mobilenet_v3_large,V55HE15,0,brightness,1,0.715,0.4408,0.6811,0.1872
pdraw_spiral,mobilenet_v3_large,V55HE15,0,brightness,2,0.8073,0.4778,0.7317,0.2242
pdraw_spiral,mobilenet_v3_large,V55HE15,0,brightness,3,0.9599,0.5666,0.8598,0.2774
pdraw_spiral,mobilenet_v3_large,V55HE15,0,brightness,4,0.2997,0.2245,0.371,0.1125
pdraw_spiral,mobilenet_v3_large,V55HE15,0,brightness,5,0.427,0.3435,0.3467,0.1741
pdraw_spiral,mobilenet_v3_large,V55HE15,0,shadow,1,0.9999,0.7982,0.9878,0.298
pdraw_spiral,mobilenet_v3_large,V55HE15,0,shadow,2,0.9283,0.7686,0.9419,0.298
pdraw_spiral,mobilenet_v3_large,V55HE15,0,shadow,3,0.9092,0.7647,0.9382,0.298
pdraw_spiral,mobilenet_v3_large,V55HE15,0,shadow,4,0.7563,0.7468,0.9303,0.298
pdraw_spiral,mobilenet_v3_large,V55HE15,0,shadow,5,0.7749,0.6444,0.8882,0.289
pdraw_spiral,mobilenet_v3_large,V55HE15,0,perspective,1,0.7987,0.6292,0.8621,0.2814
pdraw_spiral,mobilenet_v3_large,V55HE15,0,perspective,2,0.9551,0.6063,0.8439,0.2732
pdraw_spiral,mobilenet_v3_large,V55HE15,0,perspective,3,0.7094,0.5537,0.7682,0.2497
pdraw_spiral,mobilenet_v3_large,V55HE15,0,perspective,4,0.9991,1.0,0.9995,1.0
pdraw_spiral,mobilenet_v3_large,V55HE15,0,perspective,5,0.5138,0.7766,0.9298,0.6265
pdraw_spiral,mobilenet_v3_large,V55HE15,0,rotation,1,nan,nan,0.9081,0.3706
pdraw_spiral,mobilenet_v3_large,V55HE15,0,rotation,2,nan,nan,0.9081,0.3706
pdraw_spiral,mobilenet_v3_large,V55HE15,0,rotation,3,-0.0481,-0.081,0.8481,0.2406
pdraw_spiral,mobilenet_v3_large,V55HE15,0,rotation,4,-0.0606,-0.1344,0.7782,0.0683
pdraw_spiral,mobilenet_v3_large,V55HE15,0,rotation,5,-0.0704,-0.1183,0.7964,0.1635
pdraw_spiral,mobilenet_v3_large,V03PE01,1,jpeg_compression,1,0.9935,0.9941,0.9883,0.9162
pdraw_spiral,mobilenet_v3_large,V03PE01,1,jpeg_compression,2,0.9734,0.9757,0.9487,0.8668
pdraw_spiral,mobilenet_v3_large,V03PE01,1,jpeg_compression,3,0.9461,0.9535,0.9283,0.7383
pdraw_spiral,mobilenet_v3_large,V03PE01,1,jpeg_compression,4,0.9121,0.9224,0.8828,0.6015
pdraw_spiral,mobilenet_v3_large,V03PE01,1,jpeg_compression,5,0.8058,0.8162,0.8362,0.3298
pdraw_spiral,mobilenet_v3_large,V03PE01,1,gaussian_blur,1,0.9745,0.9729,0.9692,0.6513
pdraw_spiral,mobilenet_v3_large,V03PE01,1,gaussian_blur,2,0.9076,0.9022,0.9098,0.4727
pdraw_spiral,mobilenet_v3_large,V03PE01,1,gaussian_blur,3,0.8927,0.8915,0.905,0.4042
pdraw_spiral,mobilenet_v3_large,V03PE01,1,gaussian_blur,4,0.8998,0.9001,0.9052,0.4036
pdraw_spiral,mobilenet_v3_large,V03PE01,1,gaussian_blur,5,0.8881,0.8953,0.8971,0.4106
pdraw_spiral,mobilenet_v3_large,V03PE01,1,gaussian_noise,1,0.9791,0.9858,0.9243,0.862
pdraw_spiral,mobilenet_v3_large,V03PE01,1,gaussian_noise,2,0.9477,0.964,0.9173,0.8364
pdraw_spiral,mobilenet_v3_large,V03PE01,1,gaussian_noise,3,0.9399,0.9499,0.8898,0.6447
pdraw_spiral,mobilenet_v3_large,V03PE01,1,gaussian_noise,4,0.932,0.9463,0.8694,0.7728
pdraw_spiral,mobilenet_v3_large,V03PE01,1,gaussian_noise,5,0.8799,0.8738,0.7974,0.4138
pdraw_spiral,mobilenet_v3_large,V03PE01,1,contrast,1,0.9779,0.9771,0.971,0.7107
pdraw_spiral,mobilenet_v3_large,V03PE01,1,contrast,2,0.9898,0.9912,0.9874,0.8571
pdraw_spiral,mobilenet_v3_large,V03PE01,1,contrast,3,0.997,0.9971,0.9932,0.9302
pdraw_spiral,mobilenet_v3_large,V03PE01,1,contrast,4,0.9974,0.9976,0.9961,0.8882
pdraw_spiral,mobilenet_v3_large,V03PE01,1,contrast,5,0.9928,0.9932,0.9898,0.8279
pdraw_spiral,mobilenet_v3_large,V03PE01,1,brightness,1,0.9295,0.9355,0.9151,0.5728
pdraw_spiral,mobilenet_v3_large,V03PE01,1,brightness,2,0.9608,0.9617,0.9525,0.6844
pdraw_spiral,mobilenet_v3_large,V03PE01,1,brightness,3,0.9837,0.9868,0.9771,0.8511
pdraw_spiral,mobilenet_v3_large,V03PE01,1,brightness,4,0.8829,0.8941,0.8564,0.5544
pdraw_spiral,mobilenet_v3_large,V03PE01,1,brightness,5,0.6809,0.7034,0.6152,0.4931
pdraw_spiral,mobilenet_v3_large,V03PE01,1,shadow,1,0.9869,0.9915,0.9851,0.923
pdraw_spiral,mobilenet_v3_large,V03PE01,1,shadow,2,0.9699,0.971,0.9716,0.7644
pdraw_spiral,mobilenet_v3_large,V03PE01,1,shadow,3,0.8813,0.8897,0.8838,0.4851
pdraw_spiral,mobilenet_v3_large,V03PE01,1,shadow,4,0.7508,0.7626,0.8161,0.2815
pdraw_spiral,mobilenet_v3_large,V03PE01,1,shadow,5,0.4729,0.4622,0.7237,0.0883
pdraw_spiral,mobilenet_v3_large,V03PE01,1,perspective,1,0.8553,0.8665,0.7796,0.6059
pdraw_spiral,mobilenet_v3_large,V03PE01,1,perspective,2,0.7692,0.7766,0.7517,0.5376
pdraw_spiral,mobilenet_v3_large,V03PE01,1,perspective,3,0.7065,0.7178,0.6789,0.4749
pdraw_spiral,mobilenet_v3_large,V03PE01,1,perspective,4,0.7104,0.7454,0.5874,0.4535
pdraw_spiral,mobilenet_v3_large,V03PE01,1,perspective,5,0.6836,0.7111,0.5455,0.4583
pdraw_spiral,mobilenet_v3_large,V03PE01,1,rotation,1,0.7582,0.7701,0.6758,0.5261
pdraw_spiral,mobilenet_v3_large,V03PE01,1,rotation,2,0.7388,0.742,0.5626,0.5868
pdraw_spiral,mobilenet_v3_large,V03PE01,1,rotation,3,0.45,0.4238,0.4832,0.3401
pdraw_spiral,mobilenet_v3_large,V03PE01,1,rotation,4,0.6112,0.616,0.3978,0.5002
pdraw_spiral,mobilenet_v3_large,V03PE01,1,rotation,5,0.3221,0.3171,0.4352,0.1737
pdraw_spiral,mobilenet_v3_large,V11PE03,1,jpeg_compression,1,0.9931,0.9825,0.9466,0.9109
pdraw_spiral,mobilenet_v3_large,V11PE03,1,jpeg_compression,2,0.9883,0.9302,0.8471,0.8923
pdraw_spiral,mobilenet_v3_large,V11PE03,1,jpeg_compression,3,0.9195,0.9143,0.7456,0.7944
pdraw_spiral,mobilenet_v3_large,V11PE03,1,jpeg_compression,4,0.9503,0.9234,0.7918,0.8277
pdraw_spiral,mobilenet_v3_large,V11PE03,1,jpeg_compression,5,0.9032,0.855,0.5546,0.7306
pdraw_spiral,mobilenet_v3_large,V11PE03,1,gaussian_blur,1,0.9713,0.8879,0.7252,0.8859
pdraw_spiral,mobilenet_v3_large,V11PE03,1,gaussian_blur,2,0.9646,0.8992,0.802,0.867
pdraw_spiral,mobilenet_v3_large,V11PE03,1,gaussian_blur,3,0.9557,0.9018,0.8072,0.858
pdraw_spiral,mobilenet_v3_large,V11PE03,1,gaussian_blur,4,0.9535,0.8828,0.7936,0.8324
pdraw_spiral,mobilenet_v3_large,V11PE03,1,gaussian_blur,5,0.9567,0.8293,0.7152,0.8462
pdraw_spiral,mobilenet_v3_large,V11PE03,1,gaussian_noise,1,0.9953,0.9425,0.906,0.9433
pdraw_spiral,mobilenet_v3_large,V11PE03,1,gaussian_noise,2,0.9934,0.9673,0.9176,0.9298
pdraw_spiral,mobilenet_v3_large,V11PE03,1,gaussian_noise,3,0.9708,0.922,0.7265,0.8199
pdraw_spiral,mobilenet_v3_large,V11PE03,1,gaussian_noise,4,0.9725,0.9076,0.8127,0.8066
pdraw_spiral,mobilenet_v3_large,V11PE03,1,gaussian_noise,5,0.9672,0.9261,0.7943,0.7538
pdraw_spiral,mobilenet_v3_large,V11PE03,1,contrast,1,0.9822,0.9522,0.8879,0.8863
pdraw_spiral,mobilenet_v3_large,V11PE03,1,contrast,2,0.991,0.9726,0.9357,0.9191
pdraw_spiral,mobilenet_v3_large,V11PE03,1,contrast,3,0.9964,0.9778,0.9598,0.9468
pdraw_spiral,mobilenet_v3_large,V11PE03,1,contrast,4,0.9938,0.9789,0.9212,0.9389
pdraw_spiral,mobilenet_v3_large,V11PE03,1,contrast,5,0.9831,0.9545,0.856,0.8972
pdraw_spiral,mobilenet_v3_large,V11PE03,1,brightness,1,0.9789,0.9224,0.7693,0.9265
pdraw_spiral,mobilenet_v3_large,V11PE03,1,brightness,2,0.9912,0.9465,0.8681,0.9367
pdraw_spiral,mobilenet_v3_large,V11PE03,1,brightness,3,0.9956,0.9671,0.9259,0.9548
pdraw_spiral,mobilenet_v3_large,V11PE03,1,brightness,4,0.8763,0.8086,0.3832,0.6703
pdraw_spiral,mobilenet_v3_large,V11PE03,1,brightness,5,0.7462,0.6598,0.3458,0.5226
pdraw_spiral,mobilenet_v3_large,V11PE03,1,shadow,1,0.9959,0.9865,0.9448,0.9446
pdraw_spiral,mobilenet_v3_large,V11PE03,1,shadow,2,0.9886,0.9447,0.8517,0.9009
pdraw_spiral,mobilenet_v3_large,V11PE03,1,shadow,3,0.9838,0.9146,0.7861,0.8787
pdraw_spiral,mobilenet_v3_large,V11PE03,1,shadow,4,0.9774,0.8671,0.7772,0.8799
pdraw_spiral,mobilenet_v3_large,V11PE03,1,shadow,5,0.9703,0.8744,0.7746,0.8898
pdraw_spiral,mobilenet_v3_large,V11PE03,1,perspective,1,0.8901,0.8782,0.6211,0.6935
pdraw_spiral,mobilenet_v3_large,V11PE03,1,perspective,2,0.588,0.847,0.6724,0.4704
pdraw_spiral,mobilenet_v3_large,V11PE03,1,perspective,3,0.7238,0.8526,0.6867,0.5696
pdraw_spiral,mobilenet_v3_large,V11PE03,1,perspective,4,0.5938,0.7677,0.6342,0.4206
pdraw_spiral,mobilenet_v3_large,V11PE03,1,perspective,5,0.4206,0.6067,0.526,0.3354
pdraw_spiral,mobilenet_v3_large,V11PE03,1,rotation,1,0.6783,0.8395,0.6759,0.5854
pdraw_spiral,mobilenet_v3_large,V11PE03,1,rotation,2,0.712,0.7884,0.5418,0.6269
pdraw_spiral,mobilenet_v3_large,V11PE03,1,rotation,3,0.3387,0.4885,0.4612,0.3516
pdraw_spiral,mobilenet_v3_large,V11PE03,1,rotation,4,0.3148,0.507,0.4569,0.2924
pdraw_spiral,mobilenet_v3_large,V11PE03,1,rotation,5,0.114,0.3116,0.3881,0.2315
pdraw_spiral,mobilenet_v3_large,V08PE01,1,jpeg_compression,1,0.9441,0.9536,0.7307,0.7804
pdraw_spiral,mobilenet_v3_large,V08PE01,1,jpeg_compression,2,0.8427,0.8952,0.6886,0.6376
pdraw_spiral,mobilenet_v3_large,V08PE01,1,jpeg_compression,3,0.6547,0.7298,0.4876,0.4668
pdraw_spiral,mobilenet_v3_large,V08PE01,1,jpeg_compression,4,0.51,0.5694,0.5118,0.3695
pdraw_spiral,mobilenet_v3_large,V08PE01,1,jpeg_compression,5,0.4813,0.4392,0.3132,0.3443
pdraw_spiral,mobilenet_v3_large,V08PE01,1,gaussian_blur,1,0.8968,0.905,0.7821,0.6169
pdraw_spiral,mobilenet_v3_large,V08PE01,1,gaussian_blur,2,0.8593,0.9087,0.7737,0.573
pdraw_spiral,mobilenet_v3_large,V08PE01,1,gaussian_blur,3,0.8413,0.8571,0.6127,0.6075
pdraw_spiral,mobilenet_v3_large,V08PE01,1,gaussian_blur,4,0.8157,0.8031,0.5616,0.5878
pdraw_spiral,mobilenet_v3_large,V08PE01,1,gaussian_blur,5,0.768,0.7359,0.5123,0.5431
pdraw_spiral,mobilenet_v3_large,V08PE01,1,gaussian_noise,1,0.9394,0.9265,0.8608,0.7158
pdraw_spiral,mobilenet_v3_large,V08PE01,1,gaussian_noise,2,0.8699,0.8619,0.7841,0.5594
pdraw_spiral,mobilenet_v3_large,V08PE01,1,gaussian_noise,3,0.7579,0.7331,0.6778,0.419
pdraw_spiral,mobilenet_v3_large,V08PE01,1,gaussian_noise,4,0.8076,0.7673,0.6939,0.4965
pdraw_spiral,mobilenet_v3_large,V08PE01,1,gaussian_noise,5,0.7683,0.7684,0.6868,0.539
pdraw_spiral,mobilenet_v3_large,V08PE01,1,contrast,1,0.8339,0.8179,0.6523,0.5223
pdraw_spiral,mobilenet_v3_large,V08PE01,1,contrast,2,0.9594,0.9658,0.8728,0.7486
pdraw_spiral,mobilenet_v3_large,V08PE01,1,contrast,3,0.9869,0.9748,0.9401,0.8594
pdraw_spiral,mobilenet_v3_large,V08PE01,1,contrast,4,0.977,0.961,0.8796,0.8539
pdraw_spiral,mobilenet_v3_large,V08PE01,1,contrast,5,0.9535,0.9121,0.7918,0.8158
pdraw_spiral,mobilenet_v3_large,V08PE01,1,brightness,1,0.9181,0.9335,0.8159,0.6273
pdraw_spiral,mobilenet_v3_large,V08PE01,1,brightness,2,0.9412,0.9546,0.8611,0.6445
pdraw_spiral,mobilenet_v3_large,V08PE01,1,brightness,3,0.9549,0.9508,0.891,0.6504
pdraw_spiral,mobilenet_v3_large,V08PE01,1,brightness,4,0.6762,0.7449,0.3626,0.3952
pdraw_spiral,mobilenet_v3_large,V08PE01,1,brightness,5,0.521,0.6065,0.3302,0.2865
pdraw_spiral,mobilenet_v3_large,V08PE01,1,shadow,1,0.9579,0.945,0.8576,0.7323
pdraw_spiral,mobilenet_v3_large,V08PE01,1,shadow,2,0.905,0.9306,0.7928,0.6421
pdraw_spiral,mobilenet_v3_large,V08PE01,1,shadow,3,0.7974,0.8593,0.6609,0.5798
pdraw_spiral,mobilenet_v3_large,V08PE01,1,shadow,4,0.672,0.7577,0.5996,0.4823
pdraw_spiral,mobilenet_v3_large,V08PE01,1,shadow,5,0.5491,0.6657,0.5261,0.4201
pdraw_spiral,mobilenet_v3_large,V08PE01,1,perspective,1,0.8883,0.9174,0.7565,0.623
pdraw_spiral,mobilenet_v3_large,V08PE01,1,perspective,2,0.714,0.8671,0.6974,0.4201
pdraw_spiral,mobilenet_v3_large,V08PE01,1,perspective,3,0.6455,0.7848,0.635,0.4385
pdraw_spiral,mobilenet_v3_large,V08PE01,1,perspective,4,0.5813,0.7459,0.6271,0.4024
pdraw_spiral,mobilenet_v3_large,V08PE01,1,perspective,5,0.6,0.7143,0.5883,0.3982
pdraw_spiral,mobilenet_v3_large,V08PE01,1,rotation,1,0.7101,0.7587,0.6493,0.4552
pdraw_spiral,mobilenet_v3_large,V08PE01,1,rotation,2,0.6939,0.7345,0.6819,0.4318
pdraw_spiral,mobilenet_v3_large,V08PE01,1,rotation,3,-0.038,0.2124,0.3509,0.1723
pdraw_spiral,mobilenet_v3_large,V08PE01,1,rotation,4,0.0891,0.2418,0.3788,0.1701
pdraw_spiral,mobilenet_v3_large,V08PE01,1,rotation,5,-0.11,-0.12,0.2906,0.0656
pdraw_spiral,mobilenet_v3_large,V06PE01,1,jpeg_compression,1,0.9872,0.9612,0.8896,0.8845
pdraw_spiral,mobilenet_v3_large,V06PE01,1,jpeg_compression,2,0.9316,0.8848,0.8029,0.7392
pdraw_spiral,mobilenet_v3_large,V06PE01,1,jpeg_compression,3,0.9475,0.8355,0.7002,0.8057
pdraw_spiral,mobilenet_v3_large,V06PE01,1,jpeg_compression,4,0.7821,0.6674,0.5574,0.5986
pdraw_spiral,mobilenet_v3_large,V06PE01,1,jpeg_compression,5,0.7634,0.7022,0.411,0.5168
pdraw_spiral,mobilenet_v3_large,V06PE01,1,gaussian_blur,1,0.9593,0.904,0.8238,0.8267
pdraw_spiral,mobilenet_v3_large,V06PE01,1,gaussian_blur,2,0.9131,0.858,0.7417,0.6996
pdraw_spiral,mobilenet_v3_large,V06PE01,1,gaussian_blur,3,0.8787,0.8872,0.7904,0.6725
pdraw_spiral,mobilenet_v3_large,V06PE01,1,gaussian_blur,4,0.8667,0.8313,0.6671,0.709
pdraw_spiral,mobilenet_v3_large,V06PE01,1,gaussian_blur,5,0.8522,0.7923,0.5031,0.6729
pdraw_spiral,mobilenet_v3_large,V06PE01,1,gaussian_noise,1,0.9825,0.9878,0.9377,0.8408
pdraw_spiral,mobilenet_v3_large,V06PE01,1,gaussian_noise,2,0.9487,0.9049,0.7382,0.8125
pdraw_spiral,mobilenet_v3_large,V06PE01,1,gaussian_noise,3,0.9553,0.9246,0.8019,0.7815
pdraw_spiral,mobilenet_v3_large,V06PE01,1,gaussian_noise,4,0.916,0.9093,0.6612,0.721
pdraw_spiral,mobilenet_v3_large,V06PE01,1,gaussian_noise,5,0.879,0.8598,0.6073,0.6404
pdraw_spiral,mobilenet_v3_large,V06PE01,1,contrast,1,0.9468,0.9343,0.8251,0.7578
pdraw_spiral,mobilenet_v3_large,V06PE01,1,contrast,2,0.9622,0.9165,0.8383,0.7778
pdraw_spiral,mobilenet_v3_large,V06PE01,1,contrast,3,0.9931,0.9784,0.9441,0.8998
pdraw_spiral,mobilenet_v3_large,V06PE01,1,contrast,4,0.9751,0.9771,0.9279,0.7973
pdraw_spiral,mobilenet_v3_large,V06PE01,1,contrast,5,0.9217,0.9004,0.8296,0.651
pdraw_spiral,mobilenet_v3_large,V06PE01,1,brightness,1,0.975,0.9654,0.8895,0.7985
pdraw_spiral,mobilenet_v3_large,V06PE01,1,brightness,2,0.9892,0.9742,0.9279,0.8775
pdraw_spiral,mobilenet_v3_large,V06PE01,1,brightness,3,0.986,0.9923,0.9741,0.8418
pdraw_spiral,mobilenet_v3_large,V06PE01,1,brightness,4,0.5036,0.6175,0.3101,0.326
pdraw_spiral,mobilenet_v3_large,V06PE01,1,brightness,5,0.4141,0.5285,0.2448,0.358
pdraw_spiral,mobilenet_v3_large,V06PE01,1,shadow,1,0.9878,0.9827,0.9532,0.8701
pdraw_spiral,mobilenet_v3_large,V06PE01,1,shadow,2,0.9832,0.9789,0.9295,0.8563
pdraw_spiral,mobilenet_v3_large,V06PE01,1,shadow,3,0.9682,0.968,0.8807,0.8484
pdraw_spiral,mobilenet_v3_large,V06PE01,1,shadow,4,0.9649,0.9498,0.8413,0.8322
pdraw_spiral,mobilenet_v3_large,V06PE01,1,shadow,5,0.9334,0.9335,0.8106,0.7728
pdraw_spiral,mobilenet_v3_large,V06PE01,1,perspective,1,0.9086,0.9342,0.8062,0.7308
pdraw_spiral,mobilenet_v3_large,V06PE01,1,perspective,2,0.8586,0.8606,0.7004,0.6721
pdraw_spiral,mobilenet_v3_large,V06PE01,1,perspective,3,0.8785,0.7663,0.6296,0.6809
pdraw_spiral,mobilenet_v3_large,V06PE01,1,perspective,4,0.8047,0.724,0.6232,0.5858
pdraw_spiral,mobilenet_v3_large,V06PE01,1,perspective,5,0.6895,0.687,0.5646,0.4387
pdraw_spiral,mobilenet_v3_large,V06PE01,1,rotation,1,0.6453,0.7541,0.6467,0.4285
pdraw_spiral,mobilenet_v3_large,V06PE01,1,rotation,2,0.7393,0.6614,0.5489,0.522
pdraw_spiral,mobilenet_v3_large,V06PE01,1,rotation,3,0.3612,0.1982,0.4133,0.1789
pdraw_spiral,mobilenet_v3_large,V06PE01,1,rotation,4,-0.1956,-0.1212,0.2447,0.1514
pdraw_spiral,mobilenet_v3_large,V06PE01,1,rotation,5,0.2804,0.1379,0.3791,0.1859
pdraw_spiral,mobilenet_v3_large,V03PE07,1,jpeg_compression,1,0.985,0.978,0.9892,0.7244
pdraw_spiral,mobilenet_v3_large,V03PE07,1,jpeg_compression,2,0.9038,0.8816,0.9478,0.6321
pdraw_spiral,mobilenet_v3_large,V03PE07,1,jpeg_compression,3,0.9133,0.924,0.9253,0.6789
pdraw_spiral,mobilenet_v3_large,V03PE07,1,jpeg_compression,4,0.8039,0.8188,0.7518,0.5462
pdraw_spiral,mobilenet_v3_large,V03PE07,1,jpeg_compression,5,0.7893,0.8116,0.858,0.4722
pdraw_spiral,mobilenet_v3_large,V03PE07,1,gaussian_blur,1,0.8823,0.8789,0.9092,0.5416
pdraw_spiral,mobilenet_v3_large,V03PE07,1,gaussian_blur,2,0.8323,0.8352,0.8964,0.4909
pdraw_spiral,mobilenet_v3_large,V03PE07,1,gaussian_blur,3,0.7902,0.7803,0.8867,0.3983
pdraw_spiral,mobilenet_v3_large,V03PE07,1,gaussian_blur,4,0.7955,0.7808,0.8612,0.3746
pdraw_spiral,mobilenet_v3_large,V03PE07,1,gaussian_blur,5,0.7921,0.7803,0.8407,0.3534
pdraw_spiral,mobilenet_v3_large,V03PE07,1,gaussian_noise,1,0.9726,0.9691,0.9663,0.7763
pdraw_spiral,mobilenet_v3_large,V03PE07,1,gaussian_noise,2,0.9235,0.9073,0.9439,0.6599
pdraw_spiral,mobilenet_v3_large,V03PE07,1,gaussian_noise,3,0.87,0.8658,0.8854,0.6222
pdraw_spiral,mobilenet_v3_large,V03PE07,1,gaussian_noise,4,0.821,0.8165,0.8271,0.5982
pdraw_spiral,mobilenet_v3_large,V03PE07,1,gaussian_noise,5,0.8432,0.8364,0.9053,0.4936
pdraw_spiral,mobilenet_v3_large,V03PE07,1,contrast,1,0.9615,0.9601,0.9622,0.7989
pdraw_spiral,mobilenet_v3_large,V03PE07,1,contrast,2,0.9863,0.9855,0.9892,0.8699
pdraw_spiral,mobilenet_v3_large,V03PE07,1,contrast,3,0.9937,0.9945,0.9937,0.8668
pdraw_spiral,mobilenet_v3_large,V03PE07,1,contrast,4,0.9912,0.9886,0.992,0.8559
pdraw_spiral,mobilenet_v3_large,V03PE07,1,contrast,5,0.9827,0.9796,0.9871,0.7647
pdraw_spiral,mobilenet_v3_large,V03PE07,1,brightness,1,0.8945,0.8888,0.9247,0.5882
pdraw_spiral,mobilenet_v3_large,V03PE07,1,brightness,2,0.9423,0.9385,0.9501,0.6523
pdraw_spiral,mobilenet_v3_large,V03PE07,1,brightness,3,0.9782,0.9767,0.9827,0.7767
pdraw_spiral,mobilenet_v3_large,V03PE07,1,brightness,4,0.8575,0.8601,0.9161,0.6243
pdraw_spiral,mobilenet_v3_large,V03PE07,1,brightness,5,0.6761,0.6947,0.8153,0.4305
pdraw_spiral,mobilenet_v3_large,V03PE07,1,shadow,1,0.9803,0.977,0.9844,0.7362
pdraw_spiral,mobilenet_v3_large,V03PE07,1,shadow,2,0.9418,0.9453,0.9626,0.6993
pdraw_spiral,mobilenet_v3_large,V03PE07,1,shadow,3,0.8294,0.8912,0.9331,0.6761
pdraw_spiral,mobilenet_v3_large,V03PE07,1,shadow,4,0.7024,0.7799,0.8853,0.3886
pdraw_spiral,mobilenet_v3_large,V03PE07,1,shadow,5,0.6101,0.6793,0.8333,0.3141
pdraw_spiral,mobilenet_v3_large,V03PE07,1,perspective,1,0.7494,0.7709,0.8305,0.4291
pdraw_spiral,mobilenet_v3_large,V03PE07,1,perspective,2,0.5662,0.547,0.7087,0.3384
pdraw_spiral,mobilenet_v3_large,V03PE07,1,perspective,3,0.5955,0.5844,0.6383,0.3249
pdraw_spiral,mobilenet_v3_large,V03PE07,1,perspective,4,0.4549,0.4255,0.584,0.2596
pdraw_spiral,mobilenet_v3_large,V03PE07,1,perspective,5,0.4499,0.4262,0.5685,0.2533
pdraw_spiral,mobilenet_v3_large,V03PE07,1,rotation,1,0.6296,0.6234,0.6634,0.3344
pdraw_spiral,mobilenet_v3_large,V03PE07,1,rotation,2,0.7309,0.7454,0.5978,0.4564
pdraw_spiral,mobilenet_v3_large,V03PE07,1,rotation,3,0.3543,0.3703,0.5258,0.2483
pdraw_spiral,mobilenet_v3_large,V03PE07,1,rotation,4,0.4211,0.4196,0.414,0.2958
pdraw_spiral,mobilenet_v3_large,V03PE07,1,rotation,5,-0.0721,-0.0021,0.2851,0.0644
