dataset,model,image,y_true,corruption,level,pearson_clean,spearman_clean,ssim_clean,iou_top20_clean
pdraw_spiral,resnet50,V09HE01,0,jpeg_compression,1,0.9346,0.8553,0.7111,0.6834
pdraw_spiral,resnet50,V09HE01,0,jpeg_compression,2,0.8536,0.7263,0.6299,0.6056
pdraw_spiral,resnet50,V09HE01,0,jpeg_compression,3,0.8356,0.6403,0.5347,0.5533
pdraw_spiral,resnet50,V09HE01,0,jpeg_compression,4,0.7028,0.6855,0.5734,0.5223
pdraw_spiral,resnet50,V09HE01,0,jpeg_compression,5,0.617,0.5367,0.3653,0.3645
pdraw_spiral,resnet50,V09HE01,0,gaussian_blur,1,0.8805,0.9328,0.8519,0.5653
pdraw_spiral,resnet50,V09HE01,0,gaussian_blur,2,0.8369,0.8061,0.7541,0.5229
pdraw_spiral,resnet50,V09HE01,0,gaussian_blur,3,0.8076,0.7111,0.6975,0.4956
pdraw_spiral,resnet50,V09HE01,0,gaussian_blur,4,0.7504,0.6524,0.6382,0.4279
pdraw_spiral,resnet50,V09HE01,0,gaussian_blur,5,0.6637,0.5705,0.5161,0.3846
pdraw_spiral,resnet50,V09HE01,0,gaussian_noise,1,0.9524,0.8694,0.8449,0.6588
pdraw_spiral,resnet50,V09HE01,0,gaussian_noise,2,0.8213,0.6513,0.5757,0.5953
pdraw_spiral,resnet50,V09HE01,0,gaussian_noise,3,0.7447,0.5853,0.5726,0.4344
pdraw_spiral,resnet50,V09HE01,0,gaussian_noise,4,0.6227,0.6031,0.5459,0.4033
pdraw_spiral,resnet50,V09HE01,0,gaussian_noise,5,0.5748,0.4324,0.4596,0.3612
pdraw_spiral,resnet50,V09HE01,0,contrast,1,0.8506,0.7246,0.7128,0.4838
pdraw_spiral,resnet50,V09HE01,0,contrast,2,0.9726,0.9008,0.8683,0.7677
pdraw_spiral,resnet50,V09HE01,0,contrast,3,0.9888,0.9721,0.9495,0.8354
pdraw_spiral,resnet50,V09HE01,0,contrast,4,0.974,0.9566,0.8798,0.8055
pdraw_spiral,resnet50,V09HE01,0,contrast,5,0.9625,0.9341,0.828,0.806
pdraw_spiral,resnet50,V09HE01,0,brightness,1,0.8542,0.7156,0.6429,0.5754
pdraw_spiral,resnet50,V09HE01,0,brightness,2,0.9345,0.737,0.7556,0.7191
pdraw_spiral,resnet50,V09HE01,0,brightness,3,0.9494,0.8838,0.8288,0.7375
pdraw_spiral,resnet50,V09HE01,0,brightness,4,0.5704,0.4757,0.4601,0.3513
pdraw_spiral,resnet50,V09HE01,0,brightness,5,0.7832,0.4743,0.5764,0.4587
pdraw_spiral,resnet50,V09HE01,0,shadow,1,0.9553,0.9277,0.8909,0.7428
pdraw_spiral,resnet50,V09HE01,0,shadow,2,0.8861,0.8313,0.7913,0.6595
pdraw_spiral,resnet50,V09HE01,0,shadow,3,0.7088,0.672,0.5991,0.5545
pdraw_spiral,resnet50,V09HE01,0,shadow,4,0.712,0.6483,0.5467,0.4845
pdraw_spiral,resnet50,V09HE01,0,shadow,5,0.7155,0.5828,0.4963,0.4554
pdraw_spiral,resnet50,V09HE01,0,perspective,1,0.7066,0.4463,0.4964,0.451
pdraw_spiral,resnet50,V09HE01,0,perspective,2,0.447,0.7262,0.6247,0.4771
pdraw_spiral,resnet50,V09HE01,0,perspective,3,0.1987,0.3519,0.4244,0.232
pdraw_spiral,resnet50,V09HE01,0,perspective,4,0.2102,0.1502,0.3654,0.2224
pdraw_spiral,resnet50,V09HE01,0,perspective,5,0.6245,0.4794,0.5069,0.4038
pdraw_spiral,resnet50,V09HE01,0,rotation,1,0.6754,0.4157,0.4919,0.3407
pdraw_spiral,resnet50,V09HE01,0,rotation,2,0.6631,0.43,0.4464,0.3935
pdraw_spiral,resnet50,V09HE01,0,rotation,3,0.0319,0.1413,0.3224,0.1268
pdraw_spiral,resnet50,V09HE01,0,rotation,4,-0.0415,0.089,0.3276,0.1203
pdraw_spiral,resnet50,V09HE01,0,rotation,5,-0.0943,0.0153,0.2512,0.0729
pdraw_spiral,resnet50,V55HE14,0,jpeg_compression,1,nan,nan,0.8964,0.9322
pdraw_spiral,resnet50,V55HE14,0,jpeg_compression,2,nan,nan,0.8427,0.875
pdraw_spiral,resnet50,V55HE14,0,jpeg_compression,3,nan,nan,1.0,1.0
pdraw_spiral,resnet50,V55HE14,0,jpeg_compression,4,nan,nan,0.6124,0.2958
pdraw_spiral,resnet50,V55HE14,0,jpeg_compression,5,nan,nan,0.3827,0.182
pdraw_spiral,resnet50,V55HE14,0,gaussian_blur,1,nan,nan,0.8948,0.9322
pdraw_spiral,resnet50,V55HE14,0,gaussian_blur,2,nan,nan,0.8961,0.9322
pdraw_spiral,resnet50,V55HE14,0,gaussian_blur,3,nan,nan,0.826,0.4087
pdraw_spiral,resnet50,V55HE14,0,gaussian_blur,4,nan,nan,0.7519,0.3775
pdraw_spiral,resnet50,V55HE14,0,gaussian_blur,5,nan,nan,0.6623,0.3551
pdraw_spiral,resnet50,V55HE14,0,gaussian_noise,1,nan,nan,0.9563,0.9686
pdraw_spiral,resnet50,V55HE14,0,gaussian_noise,2,nan,nan,0.91,0.9322
pdraw_spiral,resnet50,V55HE14,0,gaussian_noise,3,nan,nan,0.881,0.8977
pdraw_spiral,resnet50,V55HE14,0,gaussian_noise,4,nan,nan,0.857,0.8977
pdraw_spiral,resnet50,V55HE14,0,gaussian_noise,5,nan,nan,0.8024,0.5455
pdraw_spiral,resnet50,V55HE14,0,contrast,1,nan,nan,1.0,1.0
pdraw_spiral,resnet50,V55HE14,0,contrast,2,nan,nan,1.0,1.0
pdraw_spiral,resnet50,V55HE14,0,contrast,3,nan,nan,1.0,1.0
pdraw_spiral,resnet50,V55HE14,0,contrast,4,nan,nan,1.0,1.0
pdraw_spiral,resnet50,V55HE14,0,contrast,5,nan,nan,0.8596,0.3384
pdraw_spiral,resnet50,V55HE14,0,brightness,1,nan,nan,0.9031,0.3529
pdraw_spiral,resnet50,V55HE14,0,brightness,2,nan,nan,0.938,0.9594
pdraw_spiral,resnet50,V55HE14,0,brightness,3,nan,nan,1.0,1.0
pdraw_spiral,resnet50,V55HE14,0,brightness,4,nan,nan,0.6007,0.6664
pdraw_spiral,resnet50,V55HE14,0,brightness,5,nan,nan,0.7059,0.6439
pdraw_spiral,resnet50,V55HE14,0,shadow,1,nan,nan,1.0,1.0
pdraw_spiral,resnet50,V55HE14,0,shadow,2,nan,nan,0.8317,0.3416
pdraw_spiral,resnet50,V55HE14,0,shadow,3,nan,nan,0.6939,0.2589
pdraw_spiral,resnet50,V55HE14,0,shadow,4,nan,nan,0.4755,0.207
pdraw_spiral,resnet50,V55HE14,0,shadow,5,nan,nan,0.4138,0.3041
pdraw_spiral,resnet50,V55HE14,0,perspective,1,nan,nan,0.8818,0.5073
pdraw_spiral,resnet50,V55HE14,0,perspective,2,nan,nan,0.938,0.5309
pdraw_spiral,resnet50,V55HE14,0,perspective,3,nan,nan,0.879,0.5073
pdraw_spiral,resnet50,V55HE14,0,perspective,4,nan,nan,0.8774,0.5073
pdraw_spiral,resnet50,V55HE14,0,perspective,5,nan,nan,0.938,0.5294
pdraw_spiral,resnet50,V55HE14,0,rotation,1,nan,nan,0.9563,0.96
pdraw_spiral,resnet50,V55HE14,0,rotation,2,nan,nan,0.7155,0.0771
pdraw_spiral,resnet50,V55HE14,0,rotation,3,nan,nan,0.7732,0.3069
pdraw_spiral,resnet50,V55HE14,0,rotation,4,nan,nan,0.6866,0.1334
pdraw_spiral,resnet50,V55HE14,0,rotation,5,nan,nan,0.6855,0.3074
pdraw_spiral,resnet50,V08HE01,0,jpeg_compression,1,0.8415,0.8444,0.5801,0.7127
pdraw_spiral,resnet50,V08HE01,0,jpeg_compression,2,0.8542,0.7988,0.5967,0.7088
pdraw_spiral,resnet50,V08HE01,0,jpeg_compression,3,0.7961,0.7354,0.5064,0.6408
pdraw_spiral,resnet50,V08HE01,0,jpeg_compression,4,0.585,0.7241,0.5377,0.5163
pdraw_spiral,resnet50,V08HE01,0,jpeg_compression,5,0.5775,0.702,0.3794,0.5187
pdraw_spiral,resnet50,V08HE01,0,gaussian_blur,1,0.9048,0.7393,0.7322,0.5366
pdraw_spiral,resnet50,V08HE01,0,gaussian_blur,2,0.9177,0.7579,0.7506,0.5862
pdraw_spiral,resnet50,V08HE01,0,gaussian_blur,3,0.865,0.7255,0.6658,0.506
pdraw_spiral,resnet50,V08HE01,0,gaussian_blur,4,0.876,0.7234,0.6734,0.4726
pdraw_spiral,resnet50,V08HE01,0,gaussian_blur,5,0.7637,0.6271,0.5563,0.5045
pdraw_spiral,resnet50,V08HE01,0,gaussian_noise,1,0.9762,0.8626,0.8621,0.8377
pdraw_spiral,resnet50,V08HE01,0,gaussian_noise,2,0.9326,0.915,0.8398,0.7989
pdraw_spiral,resnet50,V08HE01,0,gaussian_noise,3,0.9332,0.9189,0.851,0.8386
pdraw_spiral,resnet50,V08HE01,0,gaussian_noise,4,0.9162,0.8729,0.8301,0.7952
pdraw_spiral,resnet50,V08HE01,0,gaussian_noise,5,0.9677,0.9151,0.8931,0.8264
pdraw_spiral,resnet50,V08HE01,0,contrast,1,0.976,0.8573,0.8552,0.7088
pdraw_spiral,resnet50,V08HE01,0,contrast,2,0.9811,0.9165,0.9113,0.8084
pdraw_spiral,resnet50,V08HE01,0,contrast,3,0.9965,0.9336,0.954,0.9105
pdraw_spiral,resnet50,V08HE01,0,contrast,4,0.9808,0.8693,0.8761,0.805
pdraw_spiral,resnet50,V08HE01,0,contrast,5,0.9619,0.8401,0.7429,0.772
pdraw_spiral,resnet50,V08HE01,0,brightness,1,0.8786,0.474,0.6636,0.4011
pdraw_spiral,resnet50,V08HE01,0,brightness,2,0.9199,0.5823,0.7478,0.4591
pdraw_spiral,resnet50,V08HE01,0,brightness,3,0.9308,0.8154,0.7852,0.603
pdraw_spiral,resnet50,V08HE01,0,brightness,4,0.6866,0.732,0.5722,0.5561
pdraw_spiral,resnet50,V08HE01,0,brightness,5,0.6866,0.7086,0.5702,0.5755
pdraw_spiral,resnet50,V08HE01,0,shadow,1,0.951,0.829,0.8122,0.6871
pdraw_spiral,resnet50,V08HE01,0,shadow,2,0.9253,0.7011,0.7534,0.5429
pdraw_spiral,resnet50,V08HE01,0,shadow,3,0.8623,0.5431,0.6539,0.3712
pdraw_spiral,resnet50,V08HE01,0,shadow,4,0.8944,0.5427,0.6202,0.4685
pdraw_spiral,resnet50,V08HE01,0,shadow,5,0.8742,0.4955,0.5004,0.4631
pdraw_spiral,resnet50,V08HE01,0,perspective,1,0.9188,0.7614,0.7605,0.7
pdraw_spiral,resnet50,V08HE01,0,perspective,2,0.8142,0.6632,0.6746,0.5459
pdraw_spiral,resnet50,V08HE01,0,perspective,3,0.7734,0.6316,0.6433,0.6108
pdraw_spiral,resnet50,V08HE01,0,perspective,4,0.5475,0.446,0.6016,0.468
pdraw_spiral,resnet50,V08HE01,0,perspective,5,0.6631,0.5097,0.5681,0.5577
pdraw_spiral,resnet50,V08HE01,0,rotation,1,0.9709,0.7663,0.7948,0.7321
pdraw_spiral,resnet50,V08HE01,0,rotation,2,-0.0925,0.2352,0.4177,0.0747
pdraw_spiral,resnet50,V08HE01,0,rotation,3,0.5511,0.5832,0.5949,0.4116
pdraw_spiral,resnet50,V08HE01,0,rotation,4,-0.0897,0.0713,0.3004,0.0881
pdraw_spiral,resnet50,V08HE01,0,rotation,5,0.4966,0.3975,0.4809,0.3143
pdraw_spiral,resnet50,V07HE01,0,jpeg_compression,1,0.9555,0.9006,0.7733,0.7446
pdraw_spiral,resnet50,V07HE01,0,jpeg_compression,2,0.6745,0.7397,0.5265,0.4334
pdraw_spiral,resnet50,V07HE01,0,jpeg_compression,3,0.6985,0.8434,0.7036,0.5185
pdraw_spiral,resnet50,V07HE01,0,jpeg_compression,4,0.6384,0.5628,0.4676,0.3955
pdraw_spiral,resnet50,V07HE01,0,jpeg_compression,5,0.3606,0.3004,0.3579,0.1958
pdraw_spiral,resnet50,V07HE01,0,gaussian_blur,1,0.8037,0.8771,0.791,0.6222
pdraw_spiral,resnet50,V07HE01,0,gaussian_blur,2,0.6916,0.7497,0.7145,0.5059
pdraw_spiral,resnet50,V07HE01,0,gaussian_blur,3,0.621,0.5337,0.4906,0.4422
pdraw_spiral,resnet50,V07HE01,0,gaussian_blur,4,0.6039,0.5341,0.3941,0.443
pdraw_spiral,resnet50,V07HE01,0,gaussian_blur,5,0.5409,0.5139,0.3468,0.3321
pdraw_spiral,resnet50,V07HE01,0,gaussian_noise,1,0.8634,0.9007,0.8753,0.6778
pdraw_spiral,resnet50,V07HE01,0,gaussian_noise,2,0.7234,0.8415,0.6977,0.4999
pdraw_spiral,resnet50,V07HE01,0,gaussian_noise,3,0.6371,0.7399,0.52,0.3964
pdraw_spiral,resnet50,V07HE01,0,gaussian_noise,4,0.554,0.6656,0.5208,0.4792
pdraw_spiral,resnet50,V07HE01,0,gaussian_noise,5,0.5529,0.5933,0.534,0.3007
pdraw_spiral,resnet50,V07HE01,0,contrast,1,0.9292,0.9058,0.8811,0.7326
pdraw_spiral,resnet50,V07HE01,0,contrast,2,0.9891,0.9703,0.9732,0.8757
pdraw_spiral,resnet50,V07HE01,0,contrast,3,0.9948,0.9538,0.9783,0.8986
pdraw_spiral,resnet50,V07HE01,0,contrast,4,0.9907,0.9615,0.966,0.8939
pdraw_spiral,resnet50,V07HE01,0,contrast,5,0.9443,0.9294,0.9076,0.7888
pdraw_spiral,resnet50,V07HE01,0,brightness,1,0.7234,0.8707,0.7292,0.4829
pdraw_spiral,resnet50,V07HE01,0,brightness,2,0.8949,0.9405,0.8429,0.6711
pdraw_spiral,resnet50,V07HE01,0,brightness,3,0.9556,0.9732,0.9277,0.7016
pdraw_spiral,resnet50,V07HE01,0,brightness,4,0.8202,0.6959,0.6094,0.6991
pdraw_spiral,resnet50,V07HE01,0,brightness,5,0.8363,0.6524,0.6463,0.623
pdraw_spiral,resnet50,V07HE01,0,shadow,1,0.9822,0.9845,0.9407,0.7669
pdraw_spiral,resnet50,V07HE01,0,shadow,2,0.959,0.9131,0.8296,0.7553
pdraw_spiral,resnet50,V07HE01,0,shadow,3,0.8357,0.8128,0.713,0.5207
pdraw_spiral,resnet50,V07HE01,0,shadow,4,0.7821,0.7823,0.637,0.4819
pdraw_spiral,resnet50,V07HE01,0,shadow,5,0.6989,0.7144,0.5526,0.4135
pdraw_spiral,resnet50,V07HE01,0,perspective,1,0.8899,0.9409,0.8867,0.804
pdraw_spiral,resnet50,V07HE01,0,perspective,2,0.8103,0.8086,0.7453,0.571
pdraw_spiral,resnet50,V07HE01,0,perspective,3,0.9305,0.8757,0.8477,0.742
pdraw_spiral,resnet50,V07HE01,0,perspective,4,0.8461,0.8607,0.7765,0.7445
pdraw_spiral,resnet50,V07HE01,0,perspective,5,0.7814,0.8227,0.7338,0.5879
pdraw_spiral,resnet50,V07HE01,0,rotation,1,0.6007,0.5694,0.57,0.404
pdraw_spiral,resnet50,V07HE01,0,rotation,2,0.4375,0.4902,0.5002,0.32
pdraw_spiral,resnet50,V07HE01,0,rotation,3,0.3569,0.3922,0.4587,0.2437
pdraw_spiral,resnet50,V07HE01,0,rotation,4,0.1866,0.283,0.3958,0.188
pdraw_spiral,resnet50,V07HE01,0,rotation,5,0.4119,0.3102,0.3488,0.2308
pdraw_spiral,resnet50,V55HE15,0,jpeg_compression,1,0.9975,1.0,0.994,0.9962
pdraw_spiral,resnet50,V55HE15,0,jpeg_compression,2,0.364,0.5827,0.7357,0.3697
pdraw_spiral,resnet50,V55HE15,0,jpeg_compression,3,0.4533,0.6156,0.703,0.4383
pdraw_spiral,resnet50,V55HE15,0,jpeg_compression,4,0.4143,0.4459,0.6244,0.2653
pdraw_spiral,resnet50,V55HE15,0,jpeg_compression,5,-0.0517,0.276,0.4587,0.1148
pdraw_spiral,resnet50,V55HE15,0,gaussian_blur,1,0.8417,0.8053,0.9378,0.5579
pdraw_spiral,resnet50,V55HE15,0,gaussian_blur,2,0.7171,0.6367,0.8523,0.3414
pdraw_spiral,resnet50,V55HE15,0,gaussian_blur,3,0.4251,0.5023,0.6831,0.2988
pdraw_spiral,resnet50,V55HE15,0,gaussian_blur,4,0.2967,0.4762,0.6341,0.2641
pdraw_spiral,resnet50,V55HE15,0,gaussian_blur,5,0.1971,0.3679,0.5805,0.1546
pdraw_spiral,resnet50,V55HE15,0,gaussian_noise,1,0.9577,0.9832,0.9591,0.9502
pdraw_spiral,resnet50,V55HE15,0,gaussian_noise,2,0.2042,0.6573,0.799,0.5223
pdraw_spiral,resnet50,V55HE15,0,gaussian_noise,3,0.0045,0.3847,0.7001,0.2449
pdraw_spiral,resnet50,V55HE15,0,gaussian_noise,4,-0.0144,0.3083,0.6528,0.2181
pdraw_spiral,resnet50,V55HE15,0,gaussian_noise,5,-0.0317,0.2933,0.7184,0.2168
pdraw_spiral,resnet50,V55HE15,0,contrast,1,0.9659,0.7372,0.8976,0.5257
pdraw_spiral,resnet50,V55HE15,0,contrast,2,0.9775,0.852,0.9324,0.4412
pdraw_spiral,resnet50,V55HE15,0,contrast,3,0.9997,0.987,0.9994,0.9502
pdraw_spiral,resnet50,V55HE15,0,contrast,4,0.9778,0.9998,0.9854,0.9966
pdraw_spiral,resnet50,V55HE15,0,contrast,5,0.9803,0.8661,0.9605,0.6284
pdraw_spiral,resnet50,V55HE15,0,brightness,1,0.3739,0.8531,0.8181,0.6137
pdraw_spiral,resnet50,V55HE15,0,brightness,2,0.9401,0.7984,0.9192,0.6629
pdraw_spiral,resnet50,V55HE15,0,brightness,3,0.9913,0.9999,0.9887,0.9994
pdraw_spiral,resnet50,V55HE15,0,brightness,4,0.0418,0.2955,0.5235,0.1783
pdraw_spiral,resnet50,V55HE15,0,brightness,5,0.0408,0.5412,0.7905,0.3623
pdraw_spiral,resnet50,V55HE15,0,shadow,1,0.9836,0.9999,0.9793,0.9978
pdraw_spiral,resnet50,V55HE15,0,shadow,2,0.6598,0.7303,0.8332,0.529
pdraw_spiral,resnet50,V55HE15,0,shadow,3,0.2475,0.605,0.7365,0.4065
pdraw_spiral,resnet50,V55HE15,0,shadow,4,0.27,0.496,0.5802,0.3522
pdraw_spiral,resnet50,V55HE15,0,shadow,5,0.1575,0.3858,0.4254,0.2782
pdraw_spiral,resnet50,V55HE15,0,perspective,1,0.1341,0.7096,0.8243,0.4412
pdraw_spiral,resnet50,V55HE15,0,perspective,2,0.0034,0.5162,0.7566,0.298
pdraw_spiral,resnet50,V55HE15,0,perspective,3,0.0585,0.4974,0.8078,0.298
pdraw_spiral,resnet50,V55HE15,0,perspective,4,-0.0677,0.1502,0.673,0.1277
pdraw_spiral,resnet50,V55HE15,0,perspective,5,-0.0229,0.1629,0.6902,0.173
pdraw_spiral,resnet50,V55HE15,0,rotation,1,0.0318,0.3761,0.8438,0.2086
pdraw_spiral,resnet50,V55HE15,0,rotation,2,0.1631,0.5485,0.7574,0.4397
pdraw_spiral,resnet50,V55HE15,0,rotation,3,0.822,0.4791,0.7575,0.3546
pdraw_spiral,resnet50,V55HE15,0,rotation,4,0.1873,0.5007,0.6104,0.3193
pdraw_spiral,resnet50,V55HE15,0,rotation,5,0.3074,0.3242,0.5909,0.2621
pdraw_spiral,resnet50,V03PE01,1,jpeg_compression,1,0.9727,0.9674,0.9728,0.7845
pdraw_spiral,resnet50,V03PE01,1,jpeg_compression,2,0.9114,0.9088,0.9234,0.5724
pdraw_spiral,resnet50,V03PE01,1,jpeg_compression,3,0.8654,0.8553,0.8812,0.4936
pdraw_spiral,resnet50,V03PE01,1,jpeg_compression,4,0.8493,0.8546,0.8365,0.4167
pdraw_spiral,resnet50,V03PE01,1,jpeg_compression,5,0.7139,0.6983,0.7367,0.2704
pdraw_spiral,resnet50,V03PE01,1,gaussian_blur,1,0.938,0.9347,0.9371,0.6836
pdraw_spiral,resnet50,V03PE01,1,gaussian_blur,2,0.906,0.9001,0.891,0.5969
pdraw_spiral,resnet50,V03PE01,1,gaussian_blur,3,0.8914,0.8856,0.8641,0.6425
pdraw_spiral,resnet50,V03PE01,1,gaussian_blur,4,0.8857,0.8871,0.8465,0.6077
pdraw_spiral,resnet50,V03PE01,1,gaussian_blur,5,0.8475,0.8548,0.847,0.5479
pdraw_spiral,resnet50,V03PE01,1,gaussian_noise,1,0.9146,0.9226,0.9276,0.6344
pdraw_spiral,resnet50,V03PE01,1,gaussian_noise,2,0.9179,0.9104,0.8997,0.6038
pdraw_spiral,resnet50,V03PE01,1,gaussian_noise,3,0.8696,0.853,0.8573,0.6041
pdraw_spiral,resnet50,V03PE01,1,gaussian_noise,4,0.858,0.8409,0.8498,0.5097
pdraw_spiral,resnet50,V03PE01,1,gaussian_noise,5,0.6898,0.7291,0.6817,0.2792
pdraw_spiral,resnet50,V03PE01,1,contrast,1,0.9489,0.9366,0.9321,0.6965
pdraw_spiral,resnet50,V03PE01,1,contrast,2,0.9772,0.9686,0.9735,0.8091
pdraw_spiral,resnet50,V03PE01,1,contrast,3,0.9927,0.9908,0.9936,0.8782
pdraw_spiral,resnet50,V03PE01,1,contrast,4,0.9771,0.9729,0.9808,0.8221
pdraw_spiral,resnet50,V03PE01,1,contrast,5,0.9533,0.9481,0.9653,0.644
pdraw_spiral,resnet50,V03PE01,1,brightness,1,0.742,0.7991,0.847,0.4014
pdraw_spiral,resnet50,V03PE01,1,brightness,2,0.8371,0.8759,0.8997,0.4661
pdraw_spiral,resnet50,V03PE01,1,brightness,3,0.931,0.9518,0.9476,0.6468
pdraw_spiral,resnet50,V03PE01,1,brightness,4,0.6406,0.6536,0.6968,0.3412
pdraw_spiral,resnet50,V03PE01,1,brightness,5,0.3299,0.4159,0.4961,0.1064
pdraw_spiral,resnet50,V03PE01,1,shadow,1,0.9886,0.9881,0.9892,0.8066
pdraw_spiral,resnet50,V03PE01,1,shadow,2,0.9423,0.948,0.9519,0.576
pdraw_spiral,resnet50,V03PE01,1,shadow,3,0.8924,0.9116,0.9031,0.5226
pdraw_spiral,resnet50,V03PE01,1,shadow,4,0.8748,0.8979,0.8848,0.5228
pdraw_spiral,resnet50,V03PE01,1,shadow,5,0.8615,0.8853,0.8683,0.5178
pdraw_spiral,resnet50,V03PE01,1,perspective,1,0.8849,0.8972,0.8338,0.6467
pdraw_spiral,resnet50,V03PE01,1,perspective,2,0.7787,0.8256,0.77,0.3963
pdraw_spiral,resnet50,V03PE01,1,perspective,3,0.7399,0.8012,0.7268,0.3673
pdraw_spiral,resnet50,V03PE01,1,perspective,4,0.7015,0.7756,0.6741,0.2856
pdraw_spiral,resnet50,V03PE01,1,perspective,5,0.7096,0.7696,0.6561,0.3278
pdraw_spiral,resnet50,V03PE01,1,rotation,1,0.8294,0.8543,0.7945,0.473
pdraw_spiral,resnet50,V03PE01,1,rotation,2,0.5088,0.595,0.6822,0.3556
pdraw_spiral,resnet50,V03PE01,1,rotation,3,0.7189,0.7381,0.7647,0.3239
pdraw_spiral,resnet50,V03PE01,1,rotation,4,0.5074,0.5255,0.653,0.2452
pdraw_spiral,resnet50,V03PE01,1,rotation,5,0.5556,0.5699,0.6882,0.1732
pdraw_spiral,resnet50,V11PE03,1,jpeg_compression,1,0.9619,0.9567,0.8297,0.8404
pdraw_spiral,resnet50,V11PE03,1,jpeg_compression,2,0.9215,0.9381,0.8,0.7088
pdraw_spiral,resnet50,V11PE03,1,jpeg_compression,3,0.7969,0.8861,0.7399,0.4734
pdraw_spiral,resnet50,V11PE03,1,jpeg_compression,4,0.7835,0.8607,0.5493,0.5013
pdraw_spiral,resnet50,V11PE03,1,jpeg_compression,5,0.3081,0.5325,0.424,0.0932
pdraw_spiral,resnet50,V11PE03,1,gaussian_blur,1,0.9637,0.936,0.8332,0.7621
pdraw_spiral,resnet50,V11PE03,1,gaussian_blur,2,0.9217,0.9086,0.7749,0.6853
pdraw_spiral,resnet50,V11PE03,1,gaussian_blur,3,0.791,0.7914,0.5805,0.5433
pdraw_spiral,resnet50,V11PE03,1,gaussian_blur,4,0.7275,0.7245,0.5707,0.4537
pdraw_spiral,resnet50,V11PE03,1,gaussian_blur,5,0.6107,0.6448,0.4763,0.3361
pdraw_spiral,resnet50,V11PE03,1,gaussian_noise,1,0.9743,0.9337,0.8493,0.7992
pdraw_spiral,resnet50,V11PE03,1,gaussian_noise,2,0.944,0.9388,0.8161,0.7492
pdraw_spiral,resnet50,V11PE03,1,gaussian_noise,3,0.8402,0.8811,0.679,0.5248
pdraw_spiral,resnet50,V11PE03,1,gaussian_noise,4,0.852,0.8706,0.6779,0.5466
pdraw_spiral,resnet50,V11PE03,1,gaussian_noise,5,0.8209,0.8858,0.6475,0.5077
pdraw_spiral,resnet50,V11PE03,1,contrast,1,0.9762,0.9487,0.8688,0.8199
pdraw_spiral,resnet50,V11PE03,1,contrast,2,0.9751,0.9488,0.8491,0.8682
pdraw_spiral,resnet50,V11PE03,1,contrast,3,0.9926,0.9723,0.9173,0.9369
pdraw_spiral,resnet50,V11PE03,1,contrast,4,0.9795,0.9678,0.8645,0.8639
pdraw_spiral,resnet50,V11PE03,1,contrast,5,0.9656,0.9513,0.8071,0.8133
pdraw_spiral,resnet50,V11PE03,1,brightness,1,0.9366,0.944,0.7891,0.7294
pdraw_spiral,resnet50,V11PE03,1,brightness,2,0.9687,0.9643,0.8486,0.7929
pdraw_spiral,resnet50,V11PE03,1,brightness,3,0.9803,0.9763,0.9025,0.8282
pdraw_spiral,resnet50,V11PE03,1,brightness,4,0.5812,0.7332,0.4891,0.268
pdraw_spiral,resnet50,V11PE03,1,brightness,5,0.6282,0.7702,0.5162,0.3174
pdraw_spiral,resnet50,V11PE03,1,shadow,1,0.9902,0.9838,0.9164,0.9004
pdraw_spiral,resnet50,V11PE03,1,shadow,2,0.9697,0.9493,0.8146,0.7934
pdraw_spiral,resnet50,V11PE03,1,shadow,3,0.9495,0.887,0.7289,0.721
pdraw_spiral,resnet50,V11PE03,1,shadow,4,0.9186,0.8479,0.6821,0.6749
pdraw_spiral,resnet50,V11PE03,1,shadow,5,0.9129,0.8169,0.6681,0.7709
pdraw_spiral,resnet50,V11PE03,1,perspective,1,0.9153,0.8749,0.7427,0.746
pdraw_spiral,resnet50,V11PE03,1,perspective,2,0.93,0.9021,0.7816,0.7767
pdraw_spiral,resnet50,V11PE03,1,perspective,3,0.9109,0.881,0.7796,0.687
pdraw_spiral,resnet50,V11PE03,1,perspective,4,0.891,0.859,0.7344,0.634
pdraw_spiral,resnet50,V11PE03,1,perspective,5,0.9003,0.8712,0.7602,0.5864
pdraw_spiral,resnet50,V11PE03,1,rotation,1,0.9234,0.9252,0.8086,0.6944
pdraw_spiral,resnet50,V11PE03,1,rotation,2,0.6475,0.5648,0.4984,0.4118
pdraw_spiral,resnet50,V11PE03,1,rotation,3,0.6464,0.8357,0.6007,0.5906
pdraw_spiral,resnet50,V11PE03,1,rotation,4,0.3505,0.2017,0.2514,0.2256
pdraw_spiral,resnet50,V11PE03,1,rotation,5,0.2459,0.4996,0.3419,0.1807
pdraw_spiral,resnet50,V08PE01,1,jpeg_compression,1,0.9615,0.8834,0.8133,0.7711
pdraw_spiral,resnet50,V08PE01,1,jpeg_compression,2,0.9222,0.7952,0.7215,0.6944
pdraw_spiral,resnet50,V08PE01,1,jpeg_compression,3,0.7458,0.673,0.5473,0.3689
pdraw_spiral,resnet50,V08PE01,1,jpeg_compression,4,0.6972,0.6313,0.4969,0.3688
pdraw_spiral,resnet50,V08PE01,1,jpeg_compression,5,0.6394,0.6104,0.3614,0.3422
pdraw_spiral,resnet50,V08PE01,1,gaussian_blur,1,0.8729,0.8497,0.7121,0.6742
pdraw_spiral,resnet50,V08PE01,1,gaussian_blur,2,0.9269,0.8905,0.7549,0.784
pdraw_spiral,resnet50,V08PE01,1,gaussian_blur,3,0.8769,0.7963,0.5892,0.691
pdraw_spiral,resnet50,V08PE01,1,gaussian_blur,4,0.8338,0.7309,0.5161,0.5813
pdraw_spiral,resnet50,V08PE01,1,gaussian_blur,5,0.7926,0.6886,0.4766,0.5314
pdraw_spiral,resnet50,V08PE01,1,gaussian_noise,1,0.9449,0.878,0.857,0.7666
pdraw_spiral,resnet50,V08PE01,1,gaussian_noise,2,0.9105,0.7975,0.7774,0.6525
pdraw_spiral,resnet50,V08PE01,1,gaussian_noise,3,0.9208,0.8643,0.7324,0.6012
pdraw_spiral,resnet50,V08PE01,1,gaussian_noise,4,0.8973,0.8397,0.677,0.5575
pdraw_spiral,resnet50,V08PE01,1,gaussian_noise,5,0.8834,0.7467,0.7277,0.5829
pdraw_spiral,resnet50,V08PE01,1,contrast,1,0.9587,0.925,0.8824,0.7157
pdraw_spiral,resnet50,V08PE01,1,contrast,2,0.9727,0.9776,0.9258,0.8002
pdraw_spiral,resnet50,V08PE01,1,contrast,3,0.9879,0.9817,0.9697,0.9035
pdraw_spiral,resnet50,V08PE01,1,contrast,4,0.9469,0.8906,0.821,0.8325
pdraw_spiral,resnet50,V08PE01,1,contrast,5,0.752,0.7483,0.6533,0.6376
pdraw_spiral,resnet50,V08PE01,1,brightness,1,0.8987,0.7382,0.7849,0.7084
pdraw_spiral,resnet50,V08PE01,1,brightness,2,0.9553,0.8273,0.808,0.8295
pdraw_spiral,resnet50,V08PE01,1,brightness,3,0.9692,0.866,0.8433,0.8673
pdraw_spiral,resnet50,V08PE01,1,brightness,4,0.6321,0.5874,0.4247,0.3279
pdraw_spiral,resnet50,V08PE01,1,brightness,5,0.6556,0.5906,0.5018,0.3295
pdraw_spiral,resnet50,V08PE01,1,shadow,1,0.9517,0.8749,0.8589,0.879
pdraw_spiral,resnet50,V08PE01,1,shadow,2,0.7605,0.7107,0.7511,0.5419
pdraw_spiral,resnet50,V08PE01,1,shadow,3,0.8116,0.7401,0.7251,0.5385
pdraw_spiral,resnet50,V08PE01,1,shadow,4,0.8766,0.678,0.6539,0.5821
pdraw_spiral,resnet50,V08PE01,1,shadow,5,0.892,0.6426,0.628,0.6437
pdraw_spiral,resnet50,V08PE01,1,perspective,1,0.9086,0.8323,0.8384,0.6686
pdraw_spiral,resnet50,V08PE01,1,perspective,2,0.8877,0.8127,0.7765,0.7553
pdraw_spiral,resnet50,V08PE01,1,perspective,3,0.8624,0.8237,0.7824,0.5402
pdraw_spiral,resnet50,V08PE01,1,perspective,4,0.8653,0.8521,0.8331,0.5022
pdraw_spiral,resnet50,V08PE01,1,perspective,5,0.7905,0.7507,0.7079,0.3481
pdraw_spiral,resnet50,V08PE01,1,rotation,1,0.6111,0.6666,0.6809,0.5264
pdraw_spiral,resnet50,V08PE01,1,rotation,2,0.0629,0.2267,0.4913,0.1628
pdraw_spiral,resnet50,V08PE01,1,rotation,3,0.4256,0.5409,0.4853,0.3243
pdraw_spiral,resnet50,V08PE01,1,rotation,4,0.3305,0.3216,0.4334,0.2396
pdraw_spiral,resnet50,V08PE01,1,rotation,5,0.6227,0.4693,0.4748,0.3608
pdraw_spiral,resnet50,V06PE01,1,jpeg_compression,1,0.9314,0.9577,0.8082,0.7742
pdraw_spiral,resnet50,V06PE01,1,jpeg_compression,2,0.8993,0.9289,0.6935,0.7294
pdraw_spiral,resnet50,V06PE01,1,jpeg_compression,3,0.8975,0.9088,0.6136,0.7066
pdraw_spiral,resnet50,V06PE01,1,jpeg_compression,4,0.8647,0.8994,0.6064,0.6255
pdraw_spiral,resnet50,V06PE01,1,jpeg_compression,5,0.7756,0.8419,0.5545,0.6651
pdraw_spiral,resnet50,V06PE01,1,gaussian_blur,1,0.9568,0.9553,0.8705,0.7192
pdraw_spiral,resnet50,V06PE01,1,gaussian_blur,2,0.9154,0.9115,0.7313,0.6971
pdraw_spiral,resnet50,V06PE01,1,gaussian_blur,3,0.8922,0.9219,0.5924,0.6816
pdraw_spiral,resnet50,V06PE01,1,gaussian_blur,4,0.8675,0.9002,0.5539,0.6362
pdraw_spiral,resnet50,V06PE01,1,gaussian_blur,5,0.8803,0.8787,0.5039,0.6975
pdraw_spiral,resnet50,V06PE01,1,gaussian_noise,1,0.9745,0.9504,0.8562,0.8186
pdraw_spiral,resnet50,V06PE01,1,gaussian_noise,2,0.8594,0.9325,0.7465,0.549
pdraw_spiral,resnet50,V06PE01,1,gaussian_noise,3,0.8363,0.9038,0.6392,0.5819
pdraw_spiral,resnet50,V06PE01,1,gaussian_noise,4,0.7606,0.8589,0.6955,0.4909
pdraw_spiral,resnet50,V06PE01,1,gaussian_noise,5,0.8139,0.8962,0.7051,0.5541
pdraw_spiral,resnet50,V06PE01,1,contrast,1,0.9637,0.9505,0.8418,0.7039
pdraw_spiral,resnet50,V06PE01,1,contrast,2,0.9814,0.9682,0.9023,0.8027
pdraw_spiral,resnet50,V06PE01,1,contrast,3,0.9929,0.9926,0.9752,0.8843
pdraw_spiral,resnet50,V06PE01,1,contrast,4,0.9898,0.991,0.9359,0.9173
pdraw_spiral,resnet50,V06PE01,1,contrast,5,0.9774,0.9822,0.8668,0.8746
pdraw_spiral,resnet50,V06PE01,1,brightness,1,0.8886,0.8819,0.7555,0.5442
pdraw_spiral,resnet50,V06PE01,1,brightness,2,0.9614,0.955,0.8967,0.7524
pdraw_spiral,resnet50,V06PE01,1,brightness,3,0.9889,0.9827,0.9512,0.864
pdraw_spiral,resnet50,V06PE01,1,brightness,4,0.8598,0.8966,0.627,0.701
pdraw_spiral,resnet50,V06PE01,1,brightness,5,0.8424,0.894,0.6859,0.6392
pdraw_spiral,resnet50,V06PE01,1,shadow,1,0.9811,0.9757,0.9285,0.7469
pdraw_spiral,resnet50,V06PE01,1,shadow,2,0.9154,0.9496,0.8805,0.5672
pdraw_spiral,resnet50,V06PE01,1,shadow,3,0.9023,0.9264,0.8203,0.5824
pdraw_spiral,resnet50,V06PE01,1,shadow,4,0.8974,0.9095,0.7505,0.6044
pdraw_spiral,resnet50,V06PE01,1,shadow,5,0.8848,0.8858,0.6773,0.6358
pdraw_spiral,resnet50,V06PE01,1,perspective,1,0.9358,0.8761,0.7608,0.7176
pdraw_spiral,resnet50,V06PE01,1,perspective,2,0.8913,0.8026,0.6802,0.6981
pdraw_spiral,resnet50,V06PE01,1,perspective,3,0.8344,0.7614,0.6673,0.5841
pdraw_spiral,resnet50,V06PE01,1,perspective,4,0.8134,0.7766,0.6401,0.5951
pdraw_spiral,resnet50,V06PE01,1,perspective,5,0.7238,0.7368,0.5707,0.4739
pdraw_spiral,resnet50,V06PE01,1,rotation,1,0.9417,0.8887,0.791,0.7211
pdraw_spiral,resnet50,V06PE01,1,rotation,2,0.7865,0.6246,0.5686,0.6156
pdraw_spiral,resnet50,V06PE01,1,rotation,3,0.7883,0.7632,0.6392,0.5841
pdraw_spiral,resnet50,V06PE01,1,rotation,4,0.5734,0.5001,0.4555,0.4676
pdraw_spiral,resnet50,V06PE01,1,rotation,5,0.5995,0.6028,0.5023,0.4138
pdraw_spiral,resnet50,V03PE07,1,jpeg_compression,1,0.9767,0.9782,0.9222,0.8448
pdraw_spiral,resnet50,V03PE07,1,jpeg_compression,2,0.751,0.8573,0.6885,0.3259
pdraw_spiral,resnet50,V03PE07,1,jpeg_compression,3,0.7396,0.8307,0.6966,0.3195
pdraw_spiral,resnet50,V03PE07,1,jpeg_compression,4,0.7135,0.8313,0.6787,0.381
pdraw_spiral,resnet50,V03PE07,1,jpeg_compression,5,0.3451,0.5891,0.6484,0.0379
pdraw_spiral,resnet50,V03PE07,1,gaussian_blur,1,0.8477,0.925,0.7846,0.5607
pdraw_spiral,resnet50,V03PE07,1,gaussian_blur,2,0.7057,0.8316,0.7757,0.3848
pdraw_spiral,resnet50,V03PE07,1,gaussian_blur,3,0.7192,0.8048,0.6282,0.3903
pdraw_spiral,resnet50,V03PE07,1,gaussian_blur,4,0.7161,0.8014,0.6272,0.4141
pdraw_spiral,resnet50,V03PE07,1,gaussian_blur,5,0.7347,0.8176,0.6305,0.4753
pdraw_spiral,resnet50,V03PE07,1,gaussian_noise,1,0.9806,0.9617,0.9102,0.8635
pdraw_spiral,resnet50,V03PE07,1,gaussian_noise,2,0.8757,0.8873,0.7396,0.6799
pdraw_spiral,resnet50,V03PE07,1,gaussian_noise,3,0.8053,0.8491,0.7113,0.4802
pdraw_spiral,resnet50,V03PE07,1,gaussian_noise,4,0.6814,0.718,0.7068,0.344
pdraw_spiral,resnet50,V03PE07,1,gaussian_noise,5,0.7022,0.7692,0.7155,0.307
pdraw_spiral,resnet50,V03PE07,1,contrast,1,0.91,0.9451,0.8558,0.5887
pdraw_spiral,resnet50,V03PE07,1,contrast,2,0.9836,0.9902,0.9506,0.8005
pdraw_spiral,resnet50,V03PE07,1,contrast,3,0.9971,0.9964,0.977,0.9071
pdraw_spiral,resnet50,V03PE07,1,contrast,4,0.9954,0.9926,0.9767,0.9143
pdraw_spiral,resnet50,V03PE07,1,contrast,5,0.9833,0.9798,0.9457,0.8016
pdraw_spiral,resnet50,V03PE07,1,brightness,1,0.9738,0.9567,0.9196,0.8249
pdraw_spiral,resnet50,V03PE07,1,brightness,2,0.9798,0.9729,0.9482,0.8546
pdraw_spiral,resnet50,V03PE07,1,brightness,3,0.9837,0.9727,0.9445,0.8602
pdraw_spiral,resnet50,V03PE07,1,brightness,4,0.4237,0.5976,0.645,0.0652
pdraw_spiral,resnet50,V03PE07,1,brightness,5,0.3029,0.5618,0.6199,0.0093
pdraw_spiral,resnet50,V03PE07,1,shadow,1,0.9871,0.9755,0.9485,0.8388
pdraw_spiral,resnet50,V03PE07,1,shadow,2,0.9414,0.9672,0.8734,0.701
pdraw_spiral,resnet50,V03PE07,1,shadow,3,0.8027,0.9163,0.6817,0.5035
pdraw_spiral,resnet50,V03PE07,1,shadow,4,0.6704,0.8537,0.6621,0.318
pdraw_spiral,resnet50,V03PE07,1,shadow,5,0.6492,0.8396,0.6503,0.2786
pdraw_spiral,resnet50,V03PE07,1,perspective,1,0.9297,0.9317,0.8256,0.7714
pdraw_spiral,resnet50,V03PE07,1,perspective,2,0.8224,0.8902,0.7607,0.4809
pdraw_spiral,resnet50,V03PE07,1,perspective,3,0.8431,0.8677,0.7797,0.6565
pdraw_spiral,resnet50,V03PE07,1,perspective,4,0.7935,0.8655,0.7295,0.6029
pdraw_spiral,resnet50,V03PE07,1,perspective,5,0.5092,0.6924,0.6084,0.2123
pdraw_spiral,resnet50,V03PE07,1,rotation,1,0.7693,0.8646,0.7622,0.471
pdraw_spiral,resnet50,V03PE07,1,rotation,2,0.6849,0.6201,0.6539,0.5229
pdraw_spiral,resnet50,V03PE07,1,rotation,3,0.3508,0.3175,0.6025,0.1688
pdraw_spiral,resnet50,V03PE07,1,rotation,4,0.3936,0.5002,0.5384,0.3689
pdraw_spiral,resnet50,V03PE07,1,rotation,5,0.0183,0.1513,0.4598,0.0155
pdraw_spiral,vgg16,V09HE01,0,jpeg_compression,1,0.7025,0.6794,0.8033,0.3749
pdraw_spiral,vgg16,V09HE01,0,jpeg_compression,2,0.7592,0.5621,0.8439,0.3509
pdraw_spiral,vgg16,V09HE01,0,jpeg_compression,3,0.7122,0.447,0.7706,0.3357
pdraw_spiral,vgg16,V09HE01,0,jpeg_compression,4,0.1048,0.1484,0.7264,0.1753
pdraw_spiral,vgg16,V09HE01,0,jpeg_compression,5,-0.0082,0.1717,0.5807,0.2184
pdraw_spiral,vgg16,V09HE01,0,gaussian_blur,1,0.9397,0.5798,0.831,0.3934
pdraw_spiral,vgg16,V09HE01,0,gaussian_blur,2,0.789,0.71,0.8342,0.5287
pdraw_spiral,vgg16,V09HE01,0,gaussian_blur,3,0.6243,0.4026,0.7862,0.3249
pdraw_spiral,vgg16,V09HE01,0,gaussian_blur,4,0.383,0.39,0.7834,0.3216
pdraw_spiral,vgg16,V09HE01,0,gaussian_blur,5,0.2313,0.5565,0.7638,0.3509
pdraw_spiral,vgg16,V09HE01,0,gaussian_noise,1,0.845,0.8594,0.8512,0.6405
pdraw_spiral,vgg16,V09HE01,0,gaussian_noise,2,0.7462,0.4051,0.7914,0.2207
pdraw_spiral,vgg16,V09HE01,0,gaussian_noise,3,0.9352,0.5798,0.8295,0.3934
pdraw_spiral,vgg16,V09HE01,0,gaussian_noise,4,0.3261,0.4359,0.7851,0.3311
pdraw_spiral,vgg16,V09HE01,0,gaussian_noise,5,0.0094,0.4897,0.7324,0.42
pdraw_spiral,vgg16,V09HE01,0,contrast,1,0.6847,0.5663,0.7794,0.248
pdraw_spiral,vgg16,V09HE01,0,contrast,2,0.7724,0.5784,0.7939,0.3934
pdraw_spiral,vgg16,V09HE01,0,contrast,3,0.8863,0.8238,0.8441,0.5771
pdraw_spiral,vgg16,V09HE01,0,contrast,4,0.8796,0.8916,0.851,0.5897
pdraw_spiral,vgg16,V09HE01,0,contrast,5,0.879,0.8885,0.8616,0.6302
pdraw_spiral,vgg16,V09HE01,0,brightness,1,0.2109,0.576,0.7202,0.3749
pdraw_spiral,vgg16,V09HE01,0,brightness,2,0.2105,0.7555,0.7239,0.3979
pdraw_spiral,vgg16,V09HE01,0,brightness,3,0.6425,0.787,0.792,0.5156
pdraw_spiral,vgg16,V09HE01,0,brightness,4,0.0572,0.2083,0.7027,0.2073
pdraw_spiral,vgg16,V09HE01,0,brightness,5,-0.0579,0.041,0.6601,0.1387
pdraw_spiral,vgg16,V09HE01,0,shadow,1,0.8442,0.8046,0.8154,0.5934
pdraw_spiral,vgg16,V09HE01,0,shadow,2,0.8004,0.796,0.8103,0.5611
pdraw_spiral,vgg16,V09HE01,0,shadow,3,0.7567,0.7451,0.792,0.5456
pdraw_spiral,vgg16,V09HE01,0,shadow,4,0.6683,0.7446,0.7749,0.5202
pdraw_spiral,vgg16,V09HE01,0,shadow,5,0.6427,0.7441,0.771,0.5156
pdraw_spiral,vgg16,V09HE01,0,perspective,1,0.6785,0.6114,0.8121,0.3488
pdraw_spiral,vgg16,V09HE01,0,perspective,2,0.611,0.735,0.8318,0.6533
pdraw_spiral,vgg16,V09HE01,0,perspective,3,0.8949,0.5924,0.8173,0.3988
pdraw_spiral,vgg16,V09HE01,0,perspective,4,0.7878,0.7196,0.7913,0.5104
pdraw_spiral,vgg16,V09HE01,0,perspective,5,0.7504,0.3777,0.7434,0.3196
pdraw_spiral,vgg16,V09HE01,0,rotation,1,-0.0593,0.0948,0.7233,0.143
pdraw_spiral,vgg16,V09HE01,0,rotation,2,0.1128,0.1439,0.7147,0.1673
pdraw_spiral,vgg16,V09HE01,0,rotation,3,-0.0562,-0.0,0.6294,0.1373
pdraw_spiral,vgg16,V09HE01,0,rotation,4,-0.0361,-0.0175,0.6796,0.1346
pdraw_spiral,vgg16,V09HE01,0,rotation,5,-0.0738,-0.0224,0.6713,0.0923
pdraw_spiral,vgg16,V55HE14,0,jpeg_compression,1,0.9976,0.9999,0.9966,0.9881
pdraw_spiral,vgg16,V55HE14,0,jpeg_compression,2,0.9586,0.9982,0.9627,0.9468
pdraw_spiral,vgg16,V55HE14,0,jpeg_compression,3,0.9134,0.8678,0.9438,0.6401
pdraw_spiral,vgg16,V55HE14,0,jpeg_compression,4,0.8267,0.9343,0.9103,0.8193
pdraw_spiral,vgg16,V55HE14,0,jpeg_compression,5,0.6246,0.4057,0.7964,0.2918
pdraw_spiral,vgg16,V55HE14,0,gaussian_blur,1,0.9825,0.9077,0.9457,0.7359
pdraw_spiral,vgg16,V55HE14,0,gaussian_blur,2,0.9457,0.8355,0.9142,0.7125
pdraw_spiral,vgg16,V55HE14,0,gaussian_blur,3,0.8717,0.6816,0.8761,0.5165
pdraw_spiral,vgg16,V55HE14,0,gaussian_blur,4,0.8511,0.672,0.8678,0.5165
pdraw_spiral,vgg16,V55HE14,0,gaussian_blur,5,0.8747,0.6835,0.8683,0.5165
pdraw_spiral,vgg16,V55HE14,0,gaussian_noise,1,0.9279,0.9979,0.9606,0.9531
pdraw_spiral,vgg16,V55HE14,0,gaussian_noise,2,0.9788,0.9381,0.9667,0.8193
pdraw_spiral,vgg16,V55HE14,0,gaussian_noise,3,0.9442,0.9377,0.9383,0.8193
pdraw_spiral,vgg16,V55HE14,0,gaussian_noise,4,0.8592,0.8675,0.9193,0.6401
pdraw_spiral,vgg16,V55HE14,0,gaussian_noise,5,0.8962,0.9365,0.9208,0.8193
pdraw_spiral,vgg16,V55HE14,0,contrast,1,0.9495,0.9377,0.9407,0.8193
pdraw_spiral,vgg16,V55HE14,0,contrast,2,0.985,0.9997,0.98,0.9803
pdraw_spiral,vgg16,V55HE14,0,contrast,3,0.9975,0.9999,0.9982,0.9948
pdraw_spiral,vgg16,V55HE14,0,contrast,4,0.9827,0.9996,0.9933,0.9932
pdraw_spiral,vgg16,V55HE14,0,contrast,5,0.9535,0.8487,0.9376,0.7794
pdraw_spiral,vgg16,V55HE14,0,brightness,1,0.8802,0.529,0.8117,0.4929
pdraw_spiral,vgg16,V55HE14,0,brightness,2,0.9538,0.8758,0.9249,0.8522
pdraw_spiral,vgg16,V55HE14,0,brightness,3,0.9939,0.9997,0.9847,0.9628
pdraw_spiral,vgg16,V55HE14,0,brightness,4,0.7502,0.7455,0.8845,0.4334
pdraw_spiral,vgg16,V55HE14,0,brightness,5,0.7499,0.7458,0.881,0.4334
pdraw_spiral,vgg16,V55HE14,0,shadow,1,0.9863,0.9996,0.9862,0.9735
pdraw_spiral,vgg16,V55HE14,0,shadow,2,0.9693,0.9989,0.9683,0.9544
pdraw_spiral,vgg16,V55HE14,0,shadow,3,0.9422,0.9981,0.9594,0.9487
pdraw_spiral,vgg16,V55HE14,0,shadow,4,0.9103,0.8838,0.9187,0.941
pdraw_spiral,vgg16,V55HE14,0,shadow,5,0.9239,0.9973,0.951,0.9433
pdraw_spiral,vgg16,V55HE14,0,perspective,1,0.7348,0.8461,0.8801,0.6042
pdraw_spiral,vgg16,V55HE14,0,perspective,2,0.6187,0.846,0.8569,0.6042
pdraw_spiral,vgg16,V55HE14,0,perspective,3,0.5669,0.5654,0.7856,0.4414
pdraw_spiral,vgg16,V55HE14,0,perspective,4,0.4929,0.4842,0.7229,0.3902
pdraw_spiral,vgg16,V55HE14,0,perspective,5,0.4844,0.5023,0.6955,0.4156
pdraw_spiral,vgg16,V55HE14,0,rotation,1,0.3852,0.5578,0.7636,0.4662
pdraw_spiral,vgg16,V55HE14,0,rotation,2,0.2296,0.4984,0.7143,0.3999
pdraw_spiral,vgg16,V55HE14,0,rotation,3,0.1101,0.227,0.7352,0.1795
pdraw_spiral,vgg16,V55HE14,0,rotation,4,0.0699,0.4219,0.6836,0.3639
pdraw_spiral,vgg16,V55HE14,0,rotation,5,0.1035,0.2257,0.7349,0.1794
pdraw_spiral,vgg16,V08HE01,0,jpeg_compression,1,0.754,0.6421,0.9383,0.5311
pdraw_spiral,vgg16,V08HE01,0,jpeg_compression,2,nan,nan,0.8947,0.3037
pdraw_spiral,vgg16,V08HE01,0,jpeg_compression,3,0.1534,0.5585,0.8638,0.6265
pdraw_spiral,vgg16,V08HE01,0,jpeg_compression,4,0.6308,0.7288,0.9561,0.4459
pdraw_spiral,vgg16,V08HE01,0,jpeg_compression,5,0.479,0.387,0.8302,0.3196
pdraw_spiral,vgg16,V08HE01,0,gaussian_blur,1,0.3724,0.5682,0.8933,0.6265
pdraw_spiral,vgg16,V08HE01,0,gaussian_blur,2,-0.0313,0.1842,0.8338,0.4038
pdraw_spiral,vgg16,V08HE01,0,gaussian_blur,3,nan,nan,0.8947,0.3037
pdraw_spiral,vgg16,V08HE01,0,gaussian_blur,4,nan,nan,0.8947,0.3037
pdraw_spiral,vgg16,V08HE01,0,gaussian_blur,5,0.6308,0.7288,0.9561,0.4459
pdraw_spiral,vgg16,V08HE01,0,gaussian_noise,1,0.9098,0.9996,0.9665,0.9998
pdraw_spiral,vgg16,V08HE01,0,gaussian_noise,2,nan,nan,0.8947,0.3037
pdraw_spiral,vgg16,V08HE01,0,gaussian_noise,3,0.754,0.6421,0.9383,0.5311
pdraw_spiral,vgg16,V08HE01,0,gaussian_noise,4,0.7536,0.4332,0.9269,0.4471
pdraw_spiral,vgg16,V08HE01,0,gaussian_noise,5,0.6578,0.5586,0.8667,0.4013
pdraw_spiral,vgg16,V08HE01,0,contrast,1,nan,nan,0.8947,0.3037
pdraw_spiral,vgg16,V08HE01,0,contrast,2,0.9609,0.9998,0.984,0.9992
pdraw_spiral,vgg16,V08HE01,0,contrast,3,0.9826,0.9999,0.9926,0.9998
pdraw_spiral,vgg16,V08HE01,0,contrast,4,0.9626,0.7799,0.9348,0.3659
pdraw_spiral,vgg16,V08HE01,0,contrast,5,0.902,0.7742,0.9297,0.4123
pdraw_spiral,vgg16,V08HE01,0,brightness,1,0.6822,0.6471,0.8133,0.3203
pdraw_spiral,vgg16,V08HE01,0,brightness,2,0.6349,0.7583,0.8741,0.4737
pdraw_spiral,vgg16,V08HE01,0,brightness,3,0.7531,0.7742,0.8921,0.4737
pdraw_spiral,vgg16,V08HE01,0,brightness,4,0.4129,0.3621,0.8097,0.2562
pdraw_spiral,vgg16,V08HE01,0,brightness,5,0.2505,0.563,0.8739,0.6265
pdraw_spiral,vgg16,V08HE01,0,shadow,1,0.9865,0.7965,0.9573,0.4167
pdraw_spiral,vgg16,V08HE01,0,shadow,2,0.9504,0.6429,0.8721,0.3545
pdraw_spiral,vgg16,V08HE01,0,shadow,3,0.9043,0.7049,0.8759,0.3495
pdraw_spiral,vgg16,V08HE01,0,shadow,4,0.9294,0.6396,0.8535,0.4287
pdraw_spiral,vgg16,V08HE01,0,shadow,5,0.9165,0.6865,0.8849,0.4417
pdraw_spiral,vgg16,V08HE01,0,perspective,1,0.5924,0.5269,0.917,0.4459
pdraw_spiral,vgg16,V08HE01,0,perspective,2,0.5333,0.79,0.8963,0.6265
pdraw_spiral,vgg16,V08HE01,0,perspective,3,0.4372,0.2898,0.822,0.1847
pdraw_spiral,vgg16,V08HE01,0,perspective,4,0.3838,0.783,0.8889,0.6235
pdraw_spiral,vgg16,V08HE01,0,perspective,5,0.3958,0.2335,0.7603,0.1297
pdraw_spiral,vgg16,V08HE01,0,rotation,1,0.5934,0.581,0.9216,0.3976
pdraw_spiral,vgg16,V08HE01,0,rotation,2,0.1328,0.3958,0.8508,0.3241
pdraw_spiral,vgg16,V08HE01,0,rotation,3,0.3945,0.5693,0.8969,0.3976
pdraw_spiral,vgg16,V08HE01,0,rotation,4,0.1403,0.2671,0.7332,0.3107
pdraw_spiral,vgg16,V08HE01,0,rotation,5,0.0335,0.3577,0.7964,0.3393
pdraw_spiral,vgg16,V07HE01,0,jpeg_compression,1,0.9813,0.7558,0.8733,0.5329
pdraw_spiral,vgg16,V07HE01,0,jpeg_compression,2,0.9368,0.6501,0.8367,0.3488
pdraw_spiral,vgg16,V07HE01,0,jpeg_compression,3,0.9611,0.7425,0.8678,0.4554
pdraw_spiral,vgg16,V07HE01,0,jpeg_compression,4,0.6641,0.6673,0.7767,0.338
pdraw_spiral,vgg16,V07HE01,0,jpeg_compression,5,0.2907,0.5963,0.8143,0.3688
pdraw_spiral,vgg16,V07HE01,0,gaussian_blur,1,0.9546,0.9001,0.8747,0.6474
pdraw_spiral,vgg16,V07HE01,0,gaussian_blur,2,0.9802,0.8298,0.9035,0.5838
pdraw_spiral,vgg16,V07HE01,0,gaussian_blur,3,0.9683,0.763,0.879,0.4935
pdraw_spiral,vgg16,V07HE01,0,gaussian_blur,4,0.959,0.7632,0.882,0.4935
pdraw_spiral,vgg16,V07HE01,0,gaussian_blur,5,0.9666,0.6502,0.8654,0.3498
pdraw_spiral,vgg16,V07HE01,0,gaussian_noise,1,0.9814,0.6978,0.9069,0.6996
pdraw_spiral,vgg16,V07HE01,0,gaussian_noise,2,0.9166,0.695,0.8451,0.4122
pdraw_spiral,vgg16,V07HE01,0,gaussian_noise,3,0.8763,0.6972,0.8433,0.4122
pdraw_spiral,vgg16,V07HE01,0,gaussian_noise,4,0.963,0.6499,0.8621,0.3488
pdraw_spiral,vgg16,V07HE01,0,gaussian_noise,5,0.6722,0.8668,0.7743,0.5811
pdraw_spiral,vgg16,V07HE01,0,contrast,1,0.9382,0.7005,0.8451,0.5539
pdraw_spiral,vgg16,V07HE01,0,contrast,2,0.979,0.7948,0.8826,0.5789
pdraw_spiral,vgg16,V07HE01,0,contrast,3,0.981,0.6969,0.8523,0.5731
pdraw_spiral,vgg16,V07HE01,0,contrast,4,0.9935,0.9049,0.9466,0.7499
pdraw_spiral,vgg16,V07HE01,0,contrast,5,0.9795,0.8297,0.9014,0.6708
pdraw_spiral,vgg16,V07HE01,0,brightness,1,0.4984,0.4869,0.5458,0.4139
pdraw_spiral,vgg16,V07HE01,0,brightness,2,0.7309,0.5614,0.5785,0.4208
pdraw_spiral,vgg16,V07HE01,0,brightness,3,0.8851,0.7534,0.6622,0.5534
pdraw_spiral,vgg16,V07HE01,0,brightness,4,0.32,0.6321,0.8022,0.3398
pdraw_spiral,vgg16,V07HE01,0,brightness,5,0.0619,0.109,0.656,0.1755
pdraw_spiral,vgg16,V07HE01,0,shadow,1,0.9537,0.8088,0.7476,0.7226
pdraw_spiral,vgg16,V07HE01,0,shadow,2,0.9054,0.7701,0.6968,0.6199
pdraw_spiral,vgg16,V07HE01,0,shadow,3,0.8422,0.7521,0.6408,0.6095
pdraw_spiral,vgg16,V07HE01,0,shadow,4,0.6416,0.6577,0.5861,0.3628
pdraw_spiral,vgg16,V07HE01,0,shadow,5,0.5995,0.6691,0.6158,0.3871
pdraw_spiral,vgg16,V07HE01,0,perspective,1,0.9463,0.6886,0.8494,0.3605
pdraw_spiral,vgg16,V07HE01,0,perspective,2,0.8019,0.8554,0.793,0.63
pdraw_spiral,vgg16,V07HE01,0,perspective,3,0.7876,0.6509,0.7582,0.4335
pdraw_spiral,vgg16,V07HE01,0,perspective,4,0.7475,0.6444,0.7056,0.4257
pdraw_spiral,vgg16,V07HE01,0,perspective,5,0.6371,0.5645,0.7518,0.4672
pdraw_spiral,vgg16,V07HE01,0,rotation,1,0.4926,0.6143,0.7753,0.4817
pdraw_spiral,vgg16,V07HE01,0,rotation,2,0.2996,0.6761,0.8067,0.4041
pdraw_spiral,vgg16,V07HE01,0,rotation,3,0.3292,0.3704,0.7188,0.2755
pdraw_spiral,vgg16,V07HE01,0,rotation,4,0.2671,0.5026,0.7408,0.2772
pdraw_spiral,vgg16,V07HE01,0,rotation,5,0.1238,0.3258,0.6676,0.2464
pdraw_spiral,vgg16,V55HE15,0,jpeg_compression,1,0.9971,0.9712,0.9923,0.9844
pdraw_spiral,vgg16,V55HE15,0,jpeg_compression,2,0.9653,0.7905,0.9042,0.5613
pdraw_spiral,vgg16,V55HE15,0,jpeg_compression,3,0.9027,0.7894,0.8925,0.5613
pdraw_spiral,vgg16,V55HE15,0,jpeg_compression,4,0.3316,0.5224,0.7939,0.3346
pdraw_spiral,vgg16,V55HE15,0,jpeg_compression,5,0.3432,0.5303,0.7765,0.3826
pdraw_spiral,vgg16,V55HE15,0,gaussian_blur,1,0.979,0.9103,0.9458,0.8279
pdraw_spiral,vgg16,V55HE15,0,gaussian_blur,2,0.9431,0.8516,0.872,0.6937
pdraw_spiral,vgg16,V55HE15,0,gaussian_blur,3,0.8681,0.6303,0.8352,0.2963
pdraw_spiral,vgg16,V55HE15,0,gaussian_blur,4,0.649,0.4363,0.8143,0.1291
pdraw_spiral,vgg16,V55HE15,0,gaussian_blur,5,nan,nan,0.7799,0.0008
pdraw_spiral,vgg16,V55HE15,0,gaussian_noise,1,0.9877,0.9707,0.9803,0.9588
pdraw_spiral,vgg16,V55HE15,0,gaussian_noise,2,0.8985,0.7895,0.8791,0.5613
pdraw_spiral,vgg16,V55HE15,0,gaussian_noise,3,0.9009,0.7897,0.885,0.5613
pdraw_spiral,vgg16,V55HE15,0,gaussian_noise,4,0.8815,0.777,0.8725,0.5314
pdraw_spiral,vgg16,V55HE15,0,gaussian_noise,5,0.8958,0.7193,0.8571,0.4291
pdraw_spiral,vgg16,V55HE15,0,contrast,1,0.9642,0.8867,0.9048,0.7705
pdraw_spiral,vgg16,V55HE15,0,contrast,2,0.9905,0.9242,0.9654,0.9487
pdraw_spiral,vgg16,V55HE15,0,contrast,3,0.9988,0.9998,0.9871,0.9582
pdraw_spiral,vgg16,V55HE15,0,contrast,4,0.9965,0.9711,0.9877,0.9613
pdraw_spiral,vgg16,V55HE15,0,contrast,5,0.9852,0.8323,0.939,0.8091
pdraw_spiral,vgg16,V55HE15,0,brightness,1,0.8264,0.6368,0.6572,0.5761
pdraw_spiral,vgg16,V55HE15,0,brightness,2,0.9627,0.7596,0.7693,0.7426
pdraw_spiral,vgg16,V55HE15,0,brightness,3,0.9892,0.9993,0.9688,0.923
pdraw_spiral,vgg16,V55HE15,0,brightness,4,0.3621,0.5577,0.8146,0.2611
pdraw_spiral,vgg16,V55HE15,0,brightness,5,0.3661,0.5579,0.8209,0.2611
pdraw_spiral,vgg16,V55HE15,0,shadow,1,0.9897,0.9134,0.9353,0.8808
pdraw_spiral,vgg16,V55HE15,0,shadow,2,0.9884,0.8278,0.8931,0.8433
pdraw_spiral,vgg16,V55HE15,0,shadow,3,0.9754,0.7879,0.8355,0.7602
pdraw_spiral,vgg16,V55HE15,0,shadow,4,0.9684,0.8343,0.8533,0.7528
pdraw_spiral,vgg16,V55HE15,0,shadow,5,0.9449,0.7576,0.8066,0.657
pdraw_spiral,vgg16,V55HE15,0,perspective,1,0.2652,0.6238,0.7839,0.3164
pdraw_spiral,vgg16,V55HE15,0,perspective,2,0.8053,0.7754,0.8419,0.5314
pdraw_spiral,vgg16,V55HE15,0,perspective,3,0.6013,0.5916,0.712,0.4178
pdraw_spiral,vgg16,V55HE15,0,perspective,4,0.5537,0.3438,0.7098,0.299
pdraw_spiral,vgg16,V55HE15,0,perspective,5,0.547,0.596,0.7325,0.4716
pdraw_spiral,vgg16,V55HE15,0,rotation,1,0.6337,0.7189,0.7639,0.5248
pdraw_spiral,vgg16,V55HE15,0,rotation,2,0.2843,0.6239,0.791,0.3313
pdraw_spiral,vgg16,V55HE15,0,rotation,3,0.1432,0.1922,0.7161,0.1734
pdraw_spiral,vgg16,V55HE15,0,rotation,4,0.1321,0.3565,0.7125,0.1762
pdraw_spiral,vgg16,V55HE15,0,rotation,5,0.1127,0.3775,0.6293,0.2574
pdraw_spiral,vgg16,V03PE01,1,jpeg_compression,1,0.9825,0.9793,0.9589,0.7649
pdraw_spiral,vgg16,V03PE01,1,jpeg_compression,2,0.9691,0.9585,0.934,0.7303
pdraw_spiral,vgg16,V03PE01,1,jpeg_compression,3,0.9318,0.9005,0.8742,0.6449
pdraw_spiral,vgg16,V03PE01,1,jpeg_compression,4,0.838,0.7569,0.7546,0.5506
pdraw_spiral,vgg16,V03PE01,1,jpeg_compression,5,0.7709,0.6194,0.5858,0.5184
pdraw_spiral,vgg16,V03PE01,1,gaussian_blur,1,0.9655,0.9528,0.9094,0.7443
pdraw_spiral,vgg16,V03PE01,1,gaussian_blur,2,0.958,0.9444,0.8795,0.7896
pdraw_spiral,vgg16,V03PE01,1,gaussian_blur,3,0.9467,0.9349,0.8769,0.7576
pdraw_spiral,vgg16,V03PE01,1,gaussian_blur,4,0.9147,0.9094,0.8606,0.6491
pdraw_spiral,vgg16,V03PE01,1,gaussian_blur,5,0.8709,0.8759,0.8374,0.5155
pdraw_spiral,vgg16,V03PE01,1,gaussian_noise,1,0.9901,0.9868,0.9738,0.7782
pdraw_spiral,vgg16,V03PE01,1,gaussian_noise,2,0.9537,0.9353,0.9359,0.726
pdraw_spiral,vgg16,V03PE01,1,gaussian_noise,3,0.9493,0.9364,0.9011,0.6664
pdraw_spiral,vgg16,V03PE01,1,gaussian_noise,4,0.9275,0.9035,0.8348,0.6794
pdraw_spiral,vgg16,V03PE01,1,gaussian_noise,5,0.7654,0.7276,0.7746,0.4442
pdraw_spiral,vgg16,V03PE01,1,contrast,1,0.927,0.8921,0.9079,0.633
pdraw_spiral,vgg16,V03PE01,1,contrast,2,0.989,0.9862,0.9815,0.8036
pdraw_spiral,vgg16,V03PE01,1,contrast,3,0.9971,0.9969,0.9922,0.9173
pdraw_spiral,vgg16,V03PE01,1,contrast,4,0.9918,0.9893,0.9786,0.8309
pdraw_spiral,vgg16,V03PE01,1,contrast,5,0.9818,0.9748,0.9727,0.7924
pdraw_spiral,vgg16,V03PE01,1,brightness,1,0.9268,0.8858,0.878,0.6721
pdraw_spiral,vgg16,V03PE01,1,brightness,2,0.9657,0.9524,0.9242,0.6968
pdraw_spiral,vgg16,V03PE01,1,brightness,3,0.9815,0.9764,0.9551,0.7714
pdraw_spiral,vgg16,V03PE01,1,brightness,4,0.8573,0.7786,0.5472,0.6127
pdraw_spiral,vgg16,V03PE01,1,brightness,5,0.4406,0.595,0.4437,0.1578
pdraw_spiral,vgg16,V03PE01,1,shadow,1,0.9842,0.978,0.9696,0.7407
pdraw_spiral,vgg16,V03PE01,1,shadow,2,0.9665,0.9533,0.9421,0.665
pdraw_spiral,vgg16,V03PE01,1,shadow,3,0.9409,0.911,0.9073,0.6481
pdraw_spiral,vgg16,V03PE01,1,shadow,4,0.9146,0.8618,0.8839,0.6464
pdraw_spiral,vgg16,V03PE01,1,shadow,5,0.8906,0.8208,0.8586,0.6288
pdraw_spiral,vgg16,V03PE01,1,perspective,1,0.8514,0.7794,0.772,0.6373
pdraw_spiral,vgg16,V03PE01,1,perspective,2,0.8914,0.8479,0.8281,0.6333
pdraw_spiral,vgg16,V03PE01,1,perspective,3,0.8658,0.7836,0.7366,0.612
pdraw_spiral,vgg16,V03PE01,1,perspective,4,0.8473,0.7544,0.7569,0.5916
pdraw_spiral,vgg16,V03PE01,1,perspective,5,0.7868,0.6791,0.7226,0.5357
pdraw_spiral,vgg16,V03PE01,1,rotation,1,0.8151,0.7211,0.7703,0.6364
pdraw_spiral,vgg16,V03PE01,1,rotation,2,0.8797,0.8349,0.8253,0.5162
pdraw_spiral,vgg16,V03PE01,1,rotation,3,0.6987,0.5298,0.64,0.5389
pdraw_spiral,vgg16,V03PE01,1,rotation,4,0.7359,0.6957,0.6419,0.4156
pdraw_spiral,vgg16,V03PE01,1,rotation,5,0.6273,0.4405,0.5629,0.4851
pdraw_spiral,vgg16,V11PE03,1,jpeg_compression,1,0.9947,0.8668,0.962,0.8128
pdraw_spiral,vgg16,V11PE03,1,jpeg_compression,2,0.9677,0.9275,0.9342,0.7507
pdraw_spiral,vgg16,V11PE03,1,jpeg_compression,3,0.9031,0.7096,0.8683,0.4473
pdraw_spiral,vgg16,V11PE03,1,jpeg_compression,4,0.911,0.7151,0.8819,0.5314
pdraw_spiral,vgg16,V11PE03,1,jpeg_compression,5,0.2338,0.2211,0.4839,0.1538
pdraw_spiral,vgg16,V11PE03,1,gaussian_blur,1,0.9719,0.7993,0.8795,0.6598
pdraw_spiral,vgg16,V11PE03,1,gaussian_blur,2,0.7734,0.6918,0.7998,0.5056
pdraw_spiral,vgg16,V11PE03,1,gaussian_blur,3,0.1255,0.1694,0.6339,0.213
pdraw_spiral,vgg16,V11PE03,1,gaussian_blur,4,0.0892,0.2364,0.6981,0.2202
pdraw_spiral,vgg16,V11PE03,1,gaussian_blur,5,0.1814,0.3896,0.7251,0.2207
pdraw_spiral,vgg16,V11PE03,1,gaussian_noise,1,0.8886,0.8592,0.9118,0.6991
pdraw_spiral,vgg16,V11PE03,1,gaussian_noise,2,0.9116,0.743,0.8872,0.5229
pdraw_spiral,vgg16,V11PE03,1,gaussian_noise,3,0.8127,0.6294,0.8209,0.3679
pdraw_spiral,vgg16,V11PE03,1,gaussian_noise,4,0.7012,0.8554,0.8891,0.696
pdraw_spiral,vgg16,V11PE03,1,gaussian_noise,5,0.003,0.5573,0.7628,0.2886
pdraw_spiral,vgg16,V11PE03,1,contrast,1,0.8333,0.5572,0.8357,0.3812
pdraw_spiral,vgg16,V11PE03,1,contrast,2,0.9691,0.8652,0.9272,0.7725
pdraw_spiral,vgg16,V11PE03,1,contrast,3,0.9952,0.9306,0.9641,0.8166
pdraw_spiral,vgg16,V11PE03,1,contrast,4,0.9888,0.8985,0.9282,0.7581
pdraw_spiral,vgg16,V11PE03,1,contrast,5,0.9864,0.8985,0.9252,0.757
pdraw_spiral,vgg16,V11PE03,1,brightness,1,0.6684,0.1922,0.4995,0.344
pdraw_spiral,vgg16,V11PE03,1,brightness,2,0.8459,0.4035,0.6023,0.3668
pdraw_spiral,vgg16,V11PE03,1,brightness,3,0.9379,0.8386,0.8237,0.6065
pdraw_spiral,vgg16,V11PE03,1,brightness,4,0.9024,0.6548,0.8801,0.4343
pdraw_spiral,vgg16,V11PE03,1,brightness,5,0.8587,0.4872,0.8231,0.4313
pdraw_spiral,vgg16,V11PE03,1,shadow,1,0.9616,0.93,0.8718,0.6664
pdraw_spiral,vgg16,V11PE03,1,shadow,2,0.9254,0.6432,0.6794,0.5418
pdraw_spiral,vgg16,V11PE03,1,shadow,3,0.8225,0.4692,0.5709,0.4376
pdraw_spiral,vgg16,V11PE03,1,shadow,4,0.7596,0.6137,0.7074,0.4129
pdraw_spiral,vgg16,V11PE03,1,shadow,5,0.7575,0.5959,0.6917,0.4199
pdraw_spiral,vgg16,V11PE03,1,perspective,1,0.6768,0.5267,0.806,0.4852
pdraw_spiral,vgg16,V11PE03,1,perspective,2,0.2071,0.7845,0.7545,0.4936
pdraw_spiral,vgg16,V11PE03,1,perspective,3,0.2195,0.726,0.6559,0.3107
pdraw_spiral,vgg16,V11PE03,1,perspective,4,0.2796,0.7832,0.7517,0.3658
pdraw_spiral,vgg16,V11PE03,1,perspective,5,0.5983,0.6279,0.7718,0.3119
pdraw_spiral,vgg16,V11PE03,1,rotation,1,0.6265,0.5666,0.7799,0.4535
pdraw_spiral,vgg16,V11PE03,1,rotation,2,0.0102,0.4303,0.649,0.2352
pdraw_spiral,vgg16,V11PE03,1,rotation,3,0.5621,0.6138,0.7878,0.3434
pdraw_spiral,vgg16,V11PE03,1,rotation,4,0.0032,0.5647,0.6902,0.3005
pdraw_spiral,vgg16,V11PE03,1,rotation,5,0.2076,0.5405,0.7355,0.3432
pdraw_spiral,vgg16,V08PE01,1,jpeg_compression,1,0.9924,0.8717,0.9598,0.6829
pdraw_spiral,vgg16,V08PE01,1,jpeg_compression,2,0.8901,0.8041,0.9155,0.5575
pdraw_spiral,vgg16,V08PE01,1,jpeg_compression,3,0.7225,0.6479,0.864,0.4196
pdraw_spiral,vgg16,V08PE01,1,jpeg_compression,4,nan,nan,0.8128,0.1659
pdraw_spiral,vgg16,V08PE01,1,jpeg_compression,5,nan,nan,0.8128,0.1659
pdraw_spiral,vgg16,V08PE01,1,gaussian_blur,1,0.9376,0.9412,0.9548,0.8698
pdraw_spiral,vgg16,V08PE01,1,gaussian_blur,2,0.9186,0.9417,0.9605,0.8698
pdraw_spiral,vgg16,V08PE01,1,gaussian_blur,3,0.8125,0.734,0.8821,0.6244
pdraw_spiral,vgg16,V08PE01,1,gaussian_blur,4,0.54,0.4314,0.819,0.3021
pdraw_spiral,vgg16,V08PE01,1,gaussian_blur,5,0.2888,0.4164,0.7989,0.3508
pdraw_spiral,vgg16,V08PE01,1,gaussian_noise,1,0.9919,0.9418,0.9626,0.8705
pdraw_spiral,vgg16,V08PE01,1,gaussian_noise,2,0.9809,0.8049,0.9344,0.5536
pdraw_spiral,vgg16,V08PE01,1,gaussian_noise,3,0.8053,0.6484,0.8749,0.4196
pdraw_spiral,vgg16,V08PE01,1,gaussian_noise,4,0.8996,0.6489,0.8939,0.4196
pdraw_spiral,vgg16,V08PE01,1,gaussian_noise,5,0.924,0.8038,0.9014,0.5637
pdraw_spiral,vgg16,V08PE01,1,contrast,1,0.9929,0.9996,0.9812,0.9391
pdraw_spiral,vgg16,V08PE01,1,contrast,2,0.9988,0.9999,0.9936,0.9717
pdraw_spiral,vgg16,V08PE01,1,contrast,3,0.9973,0.9999,0.9948,0.9713
pdraw_spiral,vgg16,V08PE01,1,contrast,4,0.9984,0.9424,0.9822,0.8698
pdraw_spiral,vgg16,V08PE01,1,contrast,5,0.9917,0.9421,0.9663,0.8698
pdraw_spiral,vgg16,V08PE01,1,brightness,1,0.9095,0.7585,0.878,0.6826
pdraw_spiral,vgg16,V08PE01,1,brightness,2,0.9636,0.8111,0.935,0.8304
pdraw_spiral,vgg16,V08PE01,1,brightness,3,0.9803,0.9421,0.9745,0.8698
pdraw_spiral,vgg16,V08PE01,1,brightness,4,0.0953,0.4417,0.8081,0.264
pdraw_spiral,vgg16,V08PE01,1,brightness,5,0.1017,0.5597,0.8023,0.2647
pdraw_spiral,vgg16,V08PE01,1,shadow,1,0.9942,0.9422,0.9759,0.8717
pdraw_spiral,vgg16,V08PE01,1,shadow,2,0.986,0.8193,0.9664,0.8554
pdraw_spiral,vgg16,V08PE01,1,shadow,3,0.9242,0.7932,0.8891,0.6358
pdraw_spiral,vgg16,V08PE01,1,shadow,4,0.8696,0.7045,0.8704,0.567
pdraw_spiral,vgg16,V08PE01,1,shadow,5,0.8393,0.5322,0.8441,0.4098
pdraw_spiral,vgg16,V08PE01,1,perspective,1,0.7013,0.8458,0.8538,0.7476
pdraw_spiral,vgg16,V08PE01,1,perspective,2,0.8086,0.8751,0.8745,0.8219
pdraw_spiral,vgg16,V08PE01,1,perspective,3,0.7034,0.8081,0.8375,0.7826
pdraw_spiral,vgg16,V08PE01,1,perspective,4,0.743,0.8211,0.7697,0.6813
pdraw_spiral,vgg16,V08PE01,1,perspective,5,0.8269,0.8256,0.7813,0.6977
pdraw_spiral,vgg16,V08PE01,1,rotation,1,0.15,0.5838,0.7844,0.2669
pdraw_spiral,vgg16,V08PE01,1,rotation,2,0.0578,0.1977,0.692,0.2239
pdraw_spiral,vgg16,V08PE01,1,rotation,3,0.2287,0.5858,0.8227,0.2671
pdraw_spiral,vgg16,V08PE01,1,rotation,4,0.1802,0.4715,0.7448,0.4111
pdraw_spiral,vgg16,V08PE01,1,rotation,5,0.2156,0.5167,0.8232,0.26
pdraw_spiral,vgg16,V06PE01,1,jpeg_compression,1,0.9351,0.9179,0.893,0.8499
pdraw_spiral,vgg16,V06PE01,1,jpeg_compression,2,0.8794,0.8224,0.8243,0.7963
pdraw_spiral,vgg16,V06PE01,1,jpeg_compression,3,0.8217,0.7179,0.7632,0.618
pdraw_spiral,vgg16,V06PE01,1,jpeg_compression,4,0.4751,0.5917,0.6409,0.3058
pdraw_spiral,vgg16,V06PE01,1,jpeg_compression,5,0.0512,0.3044,0.5237,0.2055
pdraw_spiral,vgg16,V06PE01,1,gaussian_blur,1,0.8953,0.6772,0.6968,0.6917
pdraw_spiral,vgg16,V06PE01,1,gaussian_blur,2,0.8574,0.636,0.6387,0.6021
pdraw_spiral,vgg16,V06PE01,1,gaussian_blur,3,0.7358,0.6841,0.6108,0.5006
pdraw_spiral,vgg16,V06PE01,1,gaussian_blur,4,0.5851,0.729,0.6072,0.4654
pdraw_spiral,vgg16,V06PE01,1,gaussian_blur,5,0.3866,0.6197,0.561,0.3566
pdraw_spiral,vgg16,V06PE01,1,gaussian_noise,1,0.9645,0.9583,0.9289,0.742
pdraw_spiral,vgg16,V06PE01,1,gaussian_noise,2,0.9065,0.7121,0.7568,0.5026
pdraw_spiral,vgg16,V06PE01,1,gaussian_noise,3,0.8937,0.5959,0.7244,0.4344
pdraw_spiral,vgg16,V06PE01,1,gaussian_noise,4,0.8193,0.6205,0.7382,0.4204
pdraw_spiral,vgg16,V06PE01,1,gaussian_noise,5,0.93,0.7,0.756,0.7408
pdraw_spiral,vgg16,V06PE01,1,contrast,1,0.8955,0.829,0.7704,0.4821
pdraw_spiral,vgg16,V06PE01,1,contrast,2,0.9665,0.9259,0.8375,0.7649
pdraw_spiral,vgg16,V06PE01,1,contrast,3,0.9955,0.9942,0.9551,0.9087
pdraw_spiral,vgg16,V06PE01,1,contrast,4,0.9837,0.9334,0.9406,0.8959
pdraw_spiral,vgg16,V06PE01,1,contrast,5,0.9803,0.8557,0.9079,0.8889
pdraw_spiral,vgg16,V06PE01,1,brightness,1,0.7754,0.8231,0.6611,0.4069
pdraw_spiral,vgg16,V06PE01,1,brightness,2,0.8862,0.9126,0.7706,0.5978
pdraw_spiral,vgg16,V06PE01,1,brightness,3,0.9377,0.9241,0.8084,0.7425
pdraw_spiral,vgg16,V06PE01,1,brightness,4,0.2704,0.3521,0.634,0.2269
pdraw_spiral,vgg16,V06PE01,1,brightness,5,0.2945,0.3431,0.6235,0.2507
pdraw_spiral,vgg16,V06PE01,1,shadow,1,0.9794,0.9524,0.8648,0.8117
pdraw_spiral,vgg16,V06PE01,1,shadow,2,0.9108,0.8717,0.7376,0.541
pdraw_spiral,vgg16,V06PE01,1,shadow,3,0.8622,0.8366,0.7192,0.435
pdraw_spiral,vgg16,V06PE01,1,shadow,4,0.8501,0.7004,0.6767,0.4358
pdraw_spiral,vgg16,V06PE01,1,shadow,5,0.8544,0.6147,0.6705,0.4366
pdraw_spiral,vgg16,V06PE01,1,perspective,1,0.5617,0.5057,0.6631,0.358
pdraw_spiral,vgg16,V06PE01,1,perspective,2,0.6436,0.7183,0.707,0.5397
pdraw_spiral,vgg16,V06PE01,1,perspective,3,0.7462,0.703,0.7378,0.6809
pdraw_spiral,vgg16,V06PE01,1,perspective,4,0.6985,0.5524,0.6494,0.4401
pdraw_spiral,vgg16,V06PE01,1,perspective,5,0.7729,0.6124,0.735,0.5666
pdraw_spiral,vgg16,V06PE01,1,rotation,1,0.5636,0.6173,0.6914,0.4866
pdraw_spiral,vgg16,V06PE01,1,rotation,2,0.5598,0.4054,0.6493,0.366
pdraw_spiral,vgg16,V06PE01,1,rotation,3,0.5613,0.6955,0.6711,0.4777
pdraw_spiral,vgg16,V06PE01,1,rotation,4,0.4822,0.4429,0.6214,0.4132
pdraw_spiral,vgg16,V06PE01,1,rotation,5,0.4836,0.5034,0.6084,0.4449
pdraw_spiral,vgg16,V03PE07,1,jpeg_compression,1,0.9685,0.9697,0.9721,0.6585
pdraw_spiral,vgg16,V03PE07,1,jpeg_compression,2,0.8784,0.8784,0.9008,0.4597
pdraw_spiral,vgg16,V03PE07,1,jpeg_compression,3,0.7191,0.7238,0.7643,0.3374
pdraw_spiral,vgg16,V03PE07,1,jpeg_compression,4,0.5276,0.5051,0.5844,0.1902
pdraw_spiral,vgg16,V03PE07,1,jpeg_compression,5,0.0858,0.2029,0.3155,0.0574
pdraw_spiral,vgg16,V03PE07,1,gaussian_blur,1,0.9476,0.9518,0.9356,0.7455
pdraw_spiral,vgg16,V03PE07,1,gaussian_blur,2,0.898,0.8967,0.9071,0.6732
pdraw_spiral,vgg16,V03PE07,1,gaussian_blur,3,0.8137,0.8079,0.8484,0.7039
pdraw_spiral,vgg16,V03PE07,1,gaussian_blur,4,0.8047,0.8077,0.81,0.6122
pdraw_spiral,vgg16,V03PE07,1,gaussian_blur,5,0.8049,0.827,0.7668,0.5229
pdraw_spiral,vgg16,V03PE07,1,gaussian_noise,1,0.9893,0.9912,0.98,0.8528
pdraw_spiral,vgg16,V03PE07,1,gaussian_noise,2,0.9047,0.9143,0.883,0.5862
pdraw_spiral,vgg16,V03PE07,1,gaussian_noise,3,0.8409,0.8436,0.7941,0.4753
pdraw_spiral,vgg16,V03PE07,1,gaussian_noise,4,0.7554,0.7548,0.7711,0.453
pdraw_spiral,vgg16,V03PE07,1,gaussian_noise,5,0.7253,0.7185,0.7279,0.4417
pdraw_spiral,vgg16,V03PE07,1,contrast,1,0.8814,0.9167,0.8689,0.4723
pdraw_spiral,vgg16,V03PE07,1,contrast,2,0.9641,0.9746,0.9427,0.6844
pdraw_spiral,vgg16,V03PE07,1,contrast,3,0.99,0.9916,0.9874,0.8307
pdraw_spiral,vgg16,V03PE07,1,contrast,4,0.9743,0.9743,0.9703,0.6285
pdraw_spiral,vgg16,V03PE07,1,contrast,5,0.9509,0.9482,0.9508,0.5579
pdraw_spiral,vgg16,V03PE07,1,brightness,1,0.9107,0.9332,0.8895,0.686
pdraw_spiral,vgg16,V03PE07,1,brightness,2,0.9519,0.9568,0.9032,0.7714
pdraw_spiral,vgg16,V03PE07,1,brightness,3,0.9683,0.9686,0.9391,0.8435
pdraw_spiral,vgg16,V03PE07,1,brightness,4,0.3862,0.4564,0.3641,0.2647
pdraw_spiral,vgg16,V03PE07,1,brightness,5,0.2097,0.2721,0.195,0.1207
pdraw_spiral,vgg16,V03PE07,1,shadow,1,0.9819,0.9808,0.9754,0.8621
pdraw_spiral,vgg16,V03PE07,1,shadow,2,0.9557,0.9589,0.9494,0.7568
pdraw_spiral,vgg16,V03PE07,1,shadow,3,0.8869,0.8897,0.9182,0.6314
pdraw_spiral,vgg16,V03PE07,1,shadow,4,0.8034,0.8055,0.8845,0.5433
pdraw_spiral,vgg16,V03PE07,1,shadow,5,0.7073,0.7054,0.8548,0.5353
pdraw_spiral,vgg16,V03PE07,1,perspective,1,0.6916,0.698,0.7754,0.5404
pdraw_spiral,vgg16,V03PE07,1,perspective,2,0.621,0.5977,0.6865,0.5037
pdraw_spiral,vgg16,V03PE07,1,perspective,3,0.5764,0.5506,0.6858,0.4766
pdraw_spiral,vgg16,V03PE07,1,perspective,4,0.5755,0.5504,0.6553,0.4275
pdraw_spiral,vgg16,V03PE07,1,perspective,5,0.6181,0.5962,0.6469,0.421
pdraw_spiral,vgg16,V03PE07,1,rotation,1,0.5571,0.551,0.7053,0.4719
pdraw_spiral,vgg16,V03PE07,1,rotation,2,0.4291,0.4655,0.6123,0.392
pdraw_spiral,vgg16,V03PE07,1,rotation,3,0.5408,0.5049,0.5997,0.4409
pdraw_spiral,vgg16,V03PE07,1,rotation,4,0.1555,0.1891,0.4509,0.344
pdraw_spiral,vgg16,V03PE07,1,rotation,5,0.5286,0.4778,0.5606,0.4358
pdraw_spiral,efficientnet_b0,V09HE01,0,jpeg_compression,1,0.9787,0.9721,0.9097,0.9335
pdraw_spiral,efficientnet_b0,V09HE01,0,jpeg_compression,2,0.8676,0.631,0.797,0.4373
pdraw_spiral,efficientnet_b0,V09HE01,0,jpeg_compression,3,0.7202,0.6127,0.756,0.4304
pdraw_spiral,efficientnet_b0,V09HE01,0,jpeg_compression,4,0.6967,0.6171,0.7427,0.3523
pdraw_spiral,efficientnet_b0,V09HE01,0,jpeg_compression,5,0.1745,0.4563,0.4013,0.1771
pdraw_spiral,efficientnet_b0,V09HE01,0,gaussian_blur,1,0.8568,0.64,0.7774,0.3719
pdraw_spiral,efficientnet_b0,V09HE01,0,gaussian_blur,2,0.4473,0.484,0.6798,0.2909
pdraw_spiral,efficientnet_b0,V09HE01,0,gaussian_blur,3,0.5708,0.4953,0.7191,0.31
pdraw_spiral,efficientnet_b0,V09HE01,0,gaussian_blur,4,0.6727,0.7338,0.7974,0.5965
pdraw_spiral,efficientnet_b0,V09HE01,0,gaussian_blur,5,0.6766,0.7763,0.811,0.6714
pdraw_spiral,efficientnet_b0,V09HE01,0,gaussian_noise,1,0.9596,0.9108,0.8675,0.7276
pdraw_spiral,efficientnet_b0,V09HE01,0,gaussian_noise,2,0.7319,0.8504,0.7914,0.6724
pdraw_spiral,efficientnet_b0,V09HE01,0,gaussian_noise,3,0.6499,0.8311,0.7607,0.5808
pdraw_spiral,efficientnet_b0,V09HE01,0,gaussian_noise,4,-0.0443,0.3278,0.6377,0.2368
pdraw_spiral,efficientnet_b0,V09HE01,0,gaussian_noise,5,0.047,0.4102,0.617,0.2189
pdraw_spiral,efficientnet_b0,V09HE01,0,contrast,1,0.8755,0.7052,0.7803,0.5183
pdraw_spiral,efficientnet_b0,V09HE01,0,contrast,2,0.9391,0.8925,0.8803,0.7323
pdraw_spiral,efficientnet_b0,V09HE01,0,contrast,3,0.9813,0.9814,0.9397,0.8843
pdraw_spiral,efficientnet_b0,V09HE01,0,contrast,4,0.9701,0.9624,0.9159,0.816
pdraw_spiral,efficientnet_b0,V09HE01,0,contrast,5,0.9594,0.9353,0.8831,0.7222
pdraw_spiral,efficientnet_b0,V09HE01,0,brightness,1,0.9067,0.9662,0.8609,0.6184
pdraw_spiral,efficientnet_b0,V09HE01,0,brightness,2,0.953,0.9707,0.8689,0.6643
pdraw_spiral,efficientnet_b0,V09HE01,0,brightness,3,0.9505,0.9689,0.8886,0.6404
pdraw_spiral,efficientnet_b0,V09HE01,0,brightness,4,0.4561,0.5176,0.5139,0.3639
pdraw_spiral,efficientnet_b0,V09HE01,0,brightness,5,0.4347,0.4322,0.4786,0.3147
pdraw_spiral,efficientnet_b0,V09HE01,0,shadow,1,0.8845,0.9466,0.7802,0.694
pdraw_spiral,efficientnet_b0,V09HE01,0,shadow,2,0.7404,0.8135,0.4148,0.5948
pdraw_spiral,efficientnet_b0,V09HE01,0,shadow,3,0.6133,0.6682,0.2117,0.5808
pdraw_spiral,efficientnet_b0,V09HE01,0,shadow,4,0.5726,0.5937,0.1274,0.5681
pdraw_spiral,efficientnet_b0,V09HE01,0,shadow,5,0.5263,0.5137,0.1219,0.5184
pdraw_spiral,efficientnet_b0,V09HE01,0,perspective,1,0.0042,0.1394,0.6243,0.1079
pdraw_spiral,efficientnet_b0,V09HE01,0,perspective,2,-0.0192,0.3113,0.5893,0.1319
pdraw_spiral,efficientnet_b0,V09HE01,0,perspective,3,-0.0735,0.2271,0.5267,0.0808
pdraw_spiral,efficientnet_b0,V09HE01,0,perspective,4,-0.1203,0.0047,0.4031,0.0452
pdraw_spiral,efficientnet_b0,V09HE01,0,perspective,5,-0.137,0.0462,0.3713,0.0476
pdraw_spiral,efficientnet_b0,V09HE01,0,rotation,1,0.4957,0.7043,0.6961,0.5455
pdraw_spiral,efficientnet_b0,V09HE01,0,rotation,2,0.422,0.6919,0.3308,0.3075
pdraw_spiral,efficientnet_b0,V09HE01,0,rotation,3,0.5116,0.5898,0.4942,0.4485
pdraw_spiral,efficientnet_b0,V09HE01,0,rotation,4,0.1743,0.4756,0.2847,0.0971
pdraw_spiral,efficientnet_b0,V09HE01,0,rotation,5,0.246,0.3208,0.3381,0.238
pdraw_spiral,efficientnet_b0,V55HE14,0,jpeg_compression,1,0.9934,0.9686,0.9882,1.0
pdraw_spiral,efficientnet_b0,V55HE14,0,jpeg_compression,2,0.6105,0.631,0.877,0.5131
pdraw_spiral,efficientnet_b0,V55HE14,0,jpeg_compression,3,0.793,0.9973,0.9098,1.0
pdraw_spiral,efficientnet_b0,V55HE14,0,jpeg_compression,4,0.7011,0.7917,0.8508,0.749
pdraw_spiral,efficientnet_b0,V55HE14,0,jpeg_compression,5,0.8733,0.7476,0.8423,0.6788
pdraw_spiral,efficientnet_b0,V55HE14,0,gaussian_blur,1,0.846,0.9289,0.9279,0.8148
pdraw_spiral,efficientnet_b0,V55HE14,0,gaussian_blur,2,0.6334,0.5052,0.8433,0.5312
pdraw_spiral,efficientnet_b0,V55HE14,0,gaussian_blur,3,0.7531,0.8806,0.9185,1.0
pdraw_spiral,efficientnet_b0,V55HE14,0,gaussian_blur,4,nan,nan,0.8437,0.4965
pdraw_spiral,efficientnet_b0,V55HE14,0,gaussian_blur,5,nan,nan,0.8437,0.4965
pdraw_spiral,efficientnet_b0,V55HE14,0,gaussian_noise,1,0.928,0.8977,0.9452,0.8148
pdraw_spiral,efficientnet_b0,V55HE14,0,gaussian_noise,2,0.5219,0.4567,0.8088,0.4267
pdraw_spiral,efficientnet_b0,V55HE14,0,gaussian_noise,3,0.9603,0.8951,0.9408,0.6699
pdraw_spiral,efficientnet_b0,V55HE14,0,gaussian_noise,4,0.8578,0.7996,0.8917,0.5202
pdraw_spiral,efficientnet_b0,V55HE14,0,gaussian_noise,5,0.3696,0.4579,0.7444,0.2652
pdraw_spiral,efficientnet_b0,V55HE14,0,contrast,1,0.6105,0.631,0.877,0.5131
pdraw_spiral,efficientnet_b0,V55HE14,0,contrast,2,0.8464,0.9675,0.9203,1.0
pdraw_spiral,efficientnet_b0,V55HE14,0,contrast,3,0.992,0.9686,0.9875,1.0
pdraw_spiral,efficientnet_b0,V55HE14,0,contrast,4,0.9651,0.8252,0.9141,0.5709
pdraw_spiral,efficientnet_b0,V55HE14,0,contrast,5,0.881,0.8073,0.8976,0.5448
pdraw_spiral,efficientnet_b0,V55HE14,0,brightness,1,0.7096,0.7159,0.9091,0.7297
pdraw_spiral,efficientnet_b0,V55HE14,0,brightness,2,0.7518,0.6978,0.8811,0.5312
pdraw_spiral,efficientnet_b0,V55HE14,0,brightness,3,0.832,0.7967,0.8916,0.5449
pdraw_spiral,efficientnet_b0,V55HE14,0,brightness,4,0.7818,0.634,0.754,0.5228
pdraw_spiral,efficientnet_b0,V55HE14,0,brightness,5,0.7845,0.6752,0.8313,0.5497
pdraw_spiral,efficientnet_b0,V55HE14,0,shadow,1,0.9243,0.8091,0.9148,0.5487
pdraw_spiral,efficientnet_b0,V55HE14,0,shadow,2,0.4119,0.6227,0.7636,0.4089
pdraw_spiral,efficientnet_b0,V55HE14,0,shadow,3,0.0572,0.2018,0.4245,0.1033
pdraw_spiral,efficientnet_b0,V55HE14,0,shadow,4,-0.0952,-0.0227,0.2728,0.0662
pdraw_spiral,efficientnet_b0,V55HE14,0,shadow,5,-0.1347,-0.0926,0.1903,0.0819
pdraw_spiral,efficientnet_b0,V55HE14,0,perspective,1,0.7791,0.7046,0.8753,0.5312
pdraw_spiral,efficientnet_b0,V55HE14,0,perspective,2,0.8194,0.6772,0.8684,0.4377
pdraw_spiral,efficientnet_b0,V55HE14,0,perspective,3,0.6878,0.6234,0.8305,0.3973
pdraw_spiral,efficientnet_b0,V55HE14,0,perspective,4,0.7432,0.747,0.8882,0.661
pdraw_spiral,efficientnet_b0,V55HE14,0,perspective,5,0.6775,0.535,0.7931,0.3527
pdraw_spiral,efficientnet_b0,V55HE14,0,rotation,1,0.5501,0.629,0.7663,0.3695
pdraw_spiral,efficientnet_b0,V55HE14,0,rotation,2,-0.0326,0.1191,0.3968,0.1154
pdraw_spiral,efficientnet_b0,V55HE14,0,rotation,3,-0.0182,0.1433,0.3575,0.0606
pdraw_spiral,efficientnet_b0,V55HE14,0,rotation,4,-0.1076,0.0261,0.3746,0.0817
pdraw_spiral,efficientnet_b0,V55HE14,0,rotation,5,0.0928,0.1363,0.2456,0.0829
pdraw_spiral,efficientnet_b0,V08HE01,0,jpeg_compression,1,0.9868,0.8423,0.9528,0.7236
pdraw_spiral,efficientnet_b0,V08HE01,0,jpeg_compression,2,0.8619,0.5306,0.8214,0.3768
pdraw_spiral,efficientnet_b0,V08HE01,0,jpeg_compression,3,0.9168,0.39,0.8149,0.3152
pdraw_spiral,efficientnet_b0,V08HE01,0,jpeg_compression,4,0.9512,0.5969,0.8823,0.4631
pdraw_spiral,efficientnet_b0,V08HE01,0,jpeg_compression,5,0.8034,0.5162,0.5531,0.4033
pdraw_spiral,efficientnet_b0,V08HE01,0,gaussian_blur,1,0.9393,0.6157,0.8561,0.4936
pdraw_spiral,efficientnet_b0,V08HE01,0,gaussian_blur,2,0.9625,0.6242,0.8757,0.495
pdraw_spiral,efficientnet_b0,V08HE01,0,gaussian_blur,3,0.9655,0.6592,0.8726,0.514
pdraw_spiral,efficientnet_b0,V08HE01,0,gaussian_blur,4,0.954,0.6646,0.867,0.5139
pdraw_spiral,efficientnet_b0,V08HE01,0,gaussian_blur,5,0.9439,0.6425,0.8861,0.3837
pdraw_spiral,efficientnet_b0,V08HE01,0,gaussian_noise,1,0.9963,0.945,0.9886,0.8911
pdraw_spiral,efficientnet_b0,V08HE01,0,gaussian_noise,2,0.9971,0.7651,0.9378,0.5547
pdraw_spiral,efficientnet_b0,V08HE01,0,gaussian_noise,3,0.965,0.6632,0.8359,0.5275
pdraw_spiral,efficientnet_b0,V08HE01,0,gaussian_noise,4,0.9446,0.6489,0.7912,0.4961
pdraw_spiral,efficientnet_b0,V08HE01,0,gaussian_noise,5,0.9547,0.6117,0.8089,0.4781
pdraw_spiral,efficientnet_b0,V08HE01,0,contrast,1,0.7104,0.3546,0.796,0.2888
pdraw_spiral,efficientnet_b0,V08HE01,0,contrast,2,0.9511,0.5354,0.8576,0.45
pdraw_spiral,efficientnet_b0,V08HE01,0,contrast,3,0.9891,0.834,0.935,0.6833
pdraw_spiral,efficientnet_b0,V08HE01,0,contrast,4,0.9747,0.8434,0.8729,0.6822
pdraw_spiral,efficientnet_b0,V08HE01,0,contrast,5,0.9239,0.775,0.7966,0.5493
pdraw_spiral,efficientnet_b0,V08HE01,0,brightness,1,0.9132,0.722,0.8614,0.5122
pdraw_spiral,efficientnet_b0,V08HE01,0,brightness,2,0.9924,0.8023,0.8953,0.6806
pdraw_spiral,efficientnet_b0,V08HE01,0,brightness,3,0.9962,0.8827,0.9509,0.7815
pdraw_spiral,efficientnet_b0,V08HE01,0,brightness,4,0.7731,0.4458,0.5163,0.4007
pdraw_spiral,efficientnet_b0,V08HE01,0,brightness,5,0.5708,0.3767,0.4596,0.3296
pdraw_spiral,efficientnet_b0,V08HE01,0,shadow,1,0.9646,0.7938,0.8142,0.6742
pdraw_spiral,efficientnet_b0,V08HE01,0,shadow,2,0.7847,0.609,0.5061,0.4498
pdraw_spiral,efficientnet_b0,V08HE01,0,shadow,3,0.588,0.5008,0.2843,0.3274
pdraw_spiral,efficientnet_b0,V08HE01,0,shadow,4,0.3913,0.3581,0.1571,0.1834
pdraw_spiral,efficientnet_b0,V08HE01,0,shadow,5,0.2507,0.2417,0.1379,0.1125
pdraw_spiral,efficientnet_b0,V08HE01,0,perspective,1,0.547,0.642,0.8138,0.4779
pdraw_spiral,efficientnet_b0,V08HE01,0,perspective,2,0.4575,0.5569,0.8244,0.3743
pdraw_spiral,efficientnet_b0,V08HE01,0,perspective,3,0.4318,0.6386,0.7554,0.4846
pdraw_spiral,efficientnet_b0,V08HE01,0,perspective,4,0.2615,0.2877,0.6356,0.2441
pdraw_spiral,efficientnet_b0,V08HE01,0,perspective,5,0.1904,0.3809,0.5839,0.2408
pdraw_spiral,efficientnet_b0,V08HE01,0,rotation,1,0.9516,0.6298,0.8008,0.5236
pdraw_spiral,efficientnet_b0,V08HE01,0,rotation,2,0.5419,0.3638,0.4799,0.2892
pdraw_spiral,efficientnet_b0,V08HE01,0,rotation,3,0.7399,0.5085,0.2894,0.4613
pdraw_spiral,efficientnet_b0,V08HE01,0,rotation,4,0.3846,0.3739,0.4301,0.2779
pdraw_spiral,efficientnet_b0,V08HE01,0,rotation,5,0.4117,0.3289,0.1866,0.2846
pdraw_spiral,efficientnet_b0,V07HE01,0,jpeg_compression,1,0.9004,0.9497,0.9042,0.7733
pdraw_spiral,efficientnet_b0,V07HE01,0,jpeg_compression,2,0.7225,0.7356,0.7646,0.6454
pdraw_spiral,efficientnet_b0,V07HE01,0,jpeg_compression,3,0.2547,0.3488,0.5948,0.2147
pdraw_spiral,efficientnet_b0,V07HE01,0,jpeg_compression,4,0.4755,0.4542,0.7439,0.3188
pdraw_spiral,efficientnet_b0,V07HE01,0,jpeg_compression,5,0.0482,0.1379,0.2313,0.1261
pdraw_spiral,efficientnet_b0,V07HE01,0,gaussian_blur,1,nan,nan,0.6289,0.027
pdraw_spiral,efficientnet_b0,V07HE01,0,gaussian_blur,2,nan,nan,0.6289,0.027
pdraw_spiral,efficientnet_b0,V07HE01,0,gaussian_blur,3,nan,nan,0.6289,0.027
pdraw_spiral,efficientnet_b0,V07HE01,0,gaussian_blur,4,nan,nan,0.6289,0.027
pdraw_spiral,efficientnet_b0,V07HE01,0,gaussian_blur,5,nan,nan,0.6289,0.027
pdraw_spiral,efficientnet_b0,V07HE01,0,gaussian_noise,1,0.7645,0.5774,0.7321,0.4613
pdraw_spiral,efficientnet_b0,V07HE01,0,gaussian_noise,2,0.6175,0.4712,0.6932,0.2283
pdraw_spiral,efficientnet_b0,V07HE01,0,gaussian_noise,3,0.4489,0.5351,0.6843,0.3855
pdraw_spiral,efficientnet_b0,V07HE01,0,gaussian_noise,4,0.5234,0.4173,0.659,0.2825
pdraw_spiral,efficientnet_b0,V07HE01,0,gaussian_noise,5,0.2328,0.3526,0.568,0.2855
pdraw_spiral,efficientnet_b0,V07HE01,0,contrast,1,0.5304,0.5408,0.6687,0.4264
pdraw_spiral,efficientnet_b0,V07HE01,0,contrast,2,0.696,0.7873,0.7482,0.6114
pdraw_spiral,efficientnet_b0,V07HE01,0,contrast,3,0.9243,0.9512,0.8975,0.7524
pdraw_spiral,efficientnet_b0,V07HE01,0,contrast,4,0.9253,0.9413,0.8836,0.7386
pdraw_spiral,efficientnet_b0,V07HE01,0,contrast,5,0.869,0.8749,0.8238,0.6742
pdraw_spiral,efficientnet_b0,V07HE01,0,brightness,1,0.5166,0.7393,0.6785,0.4113
pdraw_spiral,efficientnet_b0,V07HE01,0,brightness,2,0.7838,0.8123,0.7199,0.5886
pdraw_spiral,efficientnet_b0,V07HE01,0,brightness,3,0.776,0.8363,0.7769,0.5967
pdraw_spiral,efficientnet_b0,V07HE01,0,brightness,4,-0.0534,0.0713,0.3774,0.0648
pdraw_spiral,efficientnet_b0,V07HE01,0,brightness,5,-0.0861,-0.0178,0.4875,0.0327
pdraw_spiral,efficientnet_b0,V07HE01,0,shadow,1,0.8592,0.8011,0.5916,0.6628
pdraw_spiral,efficientnet_b0,V07HE01,0,shadow,2,0.6627,0.7259,0.3416,0.5286
pdraw_spiral,efficientnet_b0,V07HE01,0,shadow,3,0.5737,0.6882,0.1677,0.4302
pdraw_spiral,efficientnet_b0,V07HE01,0,shadow,4,0.5235,0.6247,0.1513,0.3751
pdraw_spiral,efficientnet_b0,V07HE01,0,shadow,5,0.4076,0.4778,0.1534,0.2035
pdraw_spiral,efficientnet_b0,V07HE01,0,perspective,1,0.0139,0.2054,0.4474,0.1132
pdraw_spiral,efficientnet_b0,V07HE01,0,perspective,2,-0.0655,0.1277,0.432,0.0601
pdraw_spiral,efficientnet_b0,V07HE01,0,perspective,3,-0.0853,0.0705,0.3847,0.0582
pdraw_spiral,efficientnet_b0,V07HE01,0,perspective,4,-0.0944,0.0983,0.3866,0.0513
pdraw_spiral,efficientnet_b0,V07HE01,0,perspective,5,-0.0804,0.123,0.4372,0.0522
pdraw_spiral,efficientnet_b0,V07HE01,0,rotation,1,0.1373,0.4964,0.4746,0.1407
pdraw_spiral,efficientnet_b0,V07HE01,0,rotation,2,0.3179,0.6258,0.3867,0.1593
pdraw_spiral,efficientnet_b0,V07HE01,0,rotation,3,0.025,0.1947,0.2222,0.1263
pdraw_spiral,efficientnet_b0,V07HE01,0,rotation,4,0.1074,0.3821,0.299,0.1359
pdraw_spiral,efficientnet_b0,V07HE01,0,rotation,5,-0.1336,0.098,0.1754,0.0442
pdraw_spiral,efficientnet_b0,V55HE15,0,jpeg_compression,1,nan,nan,1.0,1.0
pdraw_spiral,efficientnet_b0,V55HE15,0,jpeg_compression,2,nan,nan,1.0,1.0
pdraw_spiral,efficientnet_b0,V55HE15,0,jpeg_compression,3,nan,nan,1.0,1.0
pdraw_spiral,efficientnet_b0,V55HE15,0,jpeg_compression,4,nan,nan,0.8351,0.3077
pdraw_spiral,efficientnet_b0,V55HE15,0,jpeg_compression,5,nan,nan,0.4235,0.098
pdraw_spiral,efficientnet_b0,V55HE15,0,gaussian_blur,1,nan,nan,1.0,1.0
pdraw_spiral,efficientnet_b0,V55HE15,0,gaussian_blur,2,nan,nan,1.0,1.0
pdraw_spiral,efficientnet_b0,V55HE15,0,gaussian_blur,3,nan,nan,1.0,1.0
pdraw_spiral,efficientnet_b0,V55HE15,0,gaussian_blur,4,nan,nan,1.0,1.0
pdraw_spiral,efficientnet_b0,V55HE15,0,gaussian_blur,5,nan,nan,1.0,1.0
pdraw_spiral,efficientnet_b0,V55HE15,0,gaussian_noise,1,nan,nan,1.0,1.0
pdraw_spiral,efficientnet_b0,V55HE15,0,gaussian_noise,2,nan,nan,1.0,1.0
pdraw_spiral,efficientnet_b0,V55HE15,0,gaussian_noise,3,nan,nan,0.938,0.5312
pdraw_spiral,efficientnet_b0,V55HE15,0,gaussian_noise,4,nan,nan,1.0,1.0
pdraw_spiral,efficientnet_b0,V55HE15,0,gaussian_noise,5,nan,nan,0.7286,0.0
pdraw_spiral,efficientnet_b0,V55HE15,0,contrast,1,nan,nan,1.0,1.0
pdraw_spiral,efficientnet_b0,V55HE15,0,contrast,2,nan,nan,1.0,1.0
pdraw_spiral,efficientnet_b0,V55HE15,0,contrast,3,nan,nan,1.0,1.0
pdraw_spiral,efficientnet_b0,V55HE15,0,contrast,4,nan,nan,1.0,1.0
pdraw_spiral,efficientnet_b0,V55HE15,0,contrast,5,nan,nan,1.0,1.0
pdraw_spiral,efficientnet_b0,V55HE15,0,brightness,1,nan,nan,1.0,1.0
pdraw_spiral,efficientnet_b0,V55HE15,0,brightness,2,nan,nan,1.0,1.0
pdraw_spiral,efficientnet_b0,V55HE15,0,brightness,3,nan,nan,1.0,1.0
pdraw_spiral,efficientnet_b0,V55HE15,0,brightness,4,nan,nan,0.6752,0.1502
pdraw_spiral,efficientnet_b0,V55HE15,0,brightness,5,nan,nan,0.6355,0.1699
pdraw_spiral,efficientnet_b0,V55HE15,0,shadow,1,nan,nan,1.0,1.0
pdraw_spiral,efficientnet_b0,V55HE15,0,shadow,2,nan,nan,0.8066,0.1168
pdraw_spiral,efficientnet_b0,V55HE15,0,shadow,3,nan,nan,0.4685,0.1424
pdraw_spiral,efficientnet_b0,V55HE15,0,shadow,4,nan,nan,0.225,0.1251
pdraw_spiral,efficientnet_b0,V55HE15,0,shadow,5,nan,nan,0.1192,0.0796
pdraw_spiral,efficientnet_b0,V55HE15,0,perspective,1,nan,nan,1.0,1.0
pdraw_spiral,efficientnet_b0,V55HE15,0,perspective,2,nan,nan,0.9126,0.4203
pdraw_spiral,efficientnet_b0,V55HE15,0,perspective,3,nan,nan,0.9126,0.4203
pdraw_spiral,efficientnet_b0,V55HE15,0,perspective,4,nan,nan,0.9126,0.4203
pdraw_spiral,efficientnet_b0,V55HE15,0,perspective,5,nan,nan,0.7316,0.0
pdraw_spiral,efficientnet_b0,V55HE15,0,rotation,1,nan,nan,0.9092,0.3706
pdraw_spiral,efficientnet_b0,V55HE15,0,rotation,2,nan,nan,0.635,0.1024
pdraw_spiral,efficientnet_b0,V55HE15,0,rotation,3,nan,nan,0.3219,0.0134
pdraw_spiral,efficientnet_b0,V55HE15,0,rotation,4,nan,nan,0.5067,0.0826
pdraw_spiral,efficientnet_b0,V55HE15,0,rotation,5,nan,nan,0.1537,0.0
pdraw_spiral,efficientnet_b0,V03PE01,1,jpeg_compression,1,0.9904,0.9888,0.9838,0.7326
pdraw_spiral,efficientnet_b0,V03PE01,1,jpeg_compression,2,0.9662,0.9676,0.938,0.6229
pdraw_spiral,efficientnet_b0,V03PE01,1,jpeg_compression,3,0.9248,0.9106,0.9081,0.5213
pdraw_spiral,efficientnet_b0,V03PE01,1,jpeg_compression,4,0.9265,0.914,0.9013,0.443
pdraw_spiral,efficientnet_b0,V03PE01,1,jpeg_compression,5,0.8806,0.9067,0.8172,0.5698
pdraw_spiral,efficientnet_b0,V03PE01,1,gaussian_blur,1,0.9306,0.9168,0.8741,0.4422
pdraw_spiral,efficientnet_b0,V03PE01,1,gaussian_blur,2,0.9261,0.9202,0.8604,0.4404
pdraw_spiral,efficientnet_b0,V03PE01,1,gaussian_blur,3,0.9239,0.9195,0.8373,0.4646
pdraw_spiral,efficientnet_b0,V03PE01,1,gaussian_blur,4,0.9088,0.9074,0.8116,0.4743
pdraw_spiral,efficientnet_b0,V03PE01,1,gaussian_blur,5,0.8851,0.8749,0.7929,0.4574
pdraw_spiral,efficientnet_b0,V03PE01,1,gaussian_noise,1,0.991,0.9867,0.9753,0.7464
pdraw_spiral,efficientnet_b0,V03PE01,1,gaussian_noise,2,0.9305,0.9325,0.8875,0.5475
pdraw_spiral,efficientnet_b0,V03PE01,1,gaussian_noise,3,0.9587,0.9563,0.8623,0.5475
pdraw_spiral,efficientnet_b0,V03PE01,1,gaussian_noise,4,0.8889,0.859,0.8425,0.3094
pdraw_spiral,efficientnet_b0,V03PE01,1,gaussian_noise,5,0.9094,0.9065,0.8333,0.3994
pdraw_spiral,efficientnet_b0,V03PE01,1,contrast,1,0.942,0.9306,0.9538,0.6238
pdraw_spiral,efficientnet_b0,V03PE01,1,contrast,2,0.9902,0.9845,0.992,0.792
pdraw_spiral,efficientnet_b0,V03PE01,1,contrast,3,0.9971,0.9959,0.9953,0.9151
pdraw_spiral,efficientnet_b0,V03PE01,1,contrast,4,0.996,0.9954,0.9934,0.8663
pdraw_spiral,efficientnet_b0,V03PE01,1,contrast,5,0.9902,0.9878,0.9795,0.7747
pdraw_spiral,efficientnet_b0,V03PE01,1,brightness,1,0.9043,0.8776,0.9055,0.6708
pdraw_spiral,efficientnet_b0,V03PE01,1,brightness,2,0.9497,0.9407,0.9516,0.6584
pdraw_spiral,efficientnet_b0,V03PE01,1,brightness,3,0.975,0.9729,0.9606,0.6805
pdraw_spiral,efficientnet_b0,V03PE01,1,brightness,4,0.8742,0.8824,0.868,0.5898
pdraw_spiral,efficientnet_b0,V03PE01,1,brightness,5,0.6409,0.6538,0.5862,0.32
pdraw_spiral,efficientnet_b0,V03PE01,1,shadow,1,0.9754,0.9775,0.9671,0.7084
pdraw_spiral,efficientnet_b0,V03PE01,1,shadow,2,0.842,0.8531,0.885,0.4887
pdraw_spiral,efficientnet_b0,V03PE01,1,shadow,3,0.6716,0.6662,0.7557,0.3906
pdraw_spiral,efficientnet_b0,V03PE01,1,shadow,4,0.5992,0.5969,0.7082,0.3728
pdraw_spiral,efficientnet_b0,V03PE01,1,shadow,5,0.5551,0.5682,0.6887,0.3355
pdraw_spiral,efficientnet_b0,V03PE01,1,perspective,1,0.8595,0.9047,0.5892,0.608
pdraw_spiral,efficientnet_b0,V03PE01,1,perspective,2,0.7864,0.8301,0.5303,0.4971
pdraw_spiral,efficientnet_b0,V03PE01,1,perspective,3,0.7487,0.7783,0.4916,0.4705
pdraw_spiral,efficientnet_b0,V03PE01,1,perspective,4,0.7365,0.7677,0.4655,0.4681
pdraw_spiral,efficientnet_b0,V03PE01,1,perspective,5,0.7357,0.7726,0.4611,0.4745
pdraw_spiral,efficientnet_b0,V03PE01,1,rotation,1,0.8015,0.8073,0.7508,0.4711
pdraw_spiral,efficientnet_b0,V03PE01,1,rotation,2,0.5956,0.6344,0.7399,0.3474
pdraw_spiral,efficientnet_b0,V03PE01,1,rotation,3,0.7425,0.7508,0.7609,0.4453
pdraw_spiral,efficientnet_b0,V03PE01,1,rotation,4,0.5805,0.6068,0.6998,0.3853
pdraw_spiral,efficientnet_b0,V03PE01,1,rotation,5,0.6997,0.7168,0.7034,0.4496
pdraw_spiral,efficientnet_b0,V11PE03,1,jpeg_compression,1,0.9946,0.9417,0.9204,0.9134
pdraw_spiral,efficientnet_b0,V11PE03,1,jpeg_compression,2,0.9883,0.9297,0.9276,0.8699
pdraw_spiral,efficientnet_b0,V11PE03,1,jpeg_compression,3,0.9565,0.8749,0.844,0.7272
pdraw_spiral,efficientnet_b0,V11PE03,1,jpeg_compression,4,0.8184,0.713,0.6938,0.4437
pdraw_spiral,efficientnet_b0,V11PE03,1,jpeg_compression,5,0.7519,0.679,0.5843,0.4308
pdraw_spiral,efficientnet_b0,V11PE03,1,gaussian_blur,1,0.9536,0.9614,0.8903,0.7484
pdraw_spiral,efficientnet_b0,V11PE03,1,gaussian_blur,2,0.9783,0.9542,0.9072,0.8217
pdraw_spiral,efficientnet_b0,V11PE03,1,gaussian_blur,3,0.9314,0.9536,0.8517,0.7783
pdraw_spiral,efficientnet_b0,V11PE03,1,gaussian_blur,4,0.9094,0.889,0.8007,0.6735
pdraw_spiral,efficientnet_b0,V11PE03,1,gaussian_blur,5,0.8885,0.7403,0.7477,0.5973
pdraw_spiral,efficientnet_b0,V11PE03,1,gaussian_noise,1,0.9958,0.9843,0.9752,0.9038
pdraw_spiral,efficientnet_b0,V11PE03,1,gaussian_noise,2,0.9494,0.9385,0.8703,0.761
pdraw_spiral,efficientnet_b0,V11PE03,1,gaussian_noise,3,0.9811,0.9624,0.9464,0.829
pdraw_spiral,efficientnet_b0,V11PE03,1,gaussian_noise,4,0.9529,0.9718,0.8932,0.7601
pdraw_spiral,efficientnet_b0,V11PE03,1,gaussian_noise,5,0.9107,0.8018,0.7613,0.6958
pdraw_spiral,efficientnet_b0,V11PE03,1,contrast,1,0.9249,0.8522,0.8459,0.6857
pdraw_spiral,efficientnet_b0,V11PE03,1,contrast,2,0.9859,0.9447,0.9489,0.8776
pdraw_spiral,efficientnet_b0,V11PE03,1,contrast,3,0.9981,0.9654,0.9691,0.9478
pdraw_spiral,efficientnet_b0,V11PE03,1,contrast,4,0.9932,0.976,0.9625,0.8955
pdraw_spiral,efficientnet_b0,V11PE03,1,contrast,5,0.9921,0.9668,0.9421,0.9107
pdraw_spiral,efficientnet_b0,V11PE03,1,brightness,1,0.9186,0.8722,0.7984,0.6436
pdraw_spiral,efficientnet_b0,V11PE03,1,brightness,2,0.9774,0.9255,0.9007,0.7976
pdraw_spiral,efficientnet_b0,V11PE03,1,brightness,3,0.9823,0.9637,0.9429,0.8114
pdraw_spiral,efficientnet_b0,V11PE03,1,brightness,4,0.9451,0.8718,0.7563,0.805
pdraw_spiral,efficientnet_b0,V11PE03,1,brightness,5,0.9398,0.8654,0.7851,0.7616
pdraw_spiral,efficientnet_b0,V11PE03,1,shadow,1,0.9782,0.9257,0.7939,0.8918
pdraw_spiral,efficientnet_b0,V11PE03,1,shadow,2,0.8808,0.8612,0.5387,0.6736
pdraw_spiral,efficientnet_b0,V11PE03,1,shadow,3,0.7323,0.7213,0.4009,0.4638
pdraw_spiral,efficientnet_b0,V11PE03,1,shadow,4,0.6532,0.6414,0.3019,0.3452
pdraw_spiral,efficientnet_b0,V11PE03,1,shadow,5,0.6197,0.6001,0.2453,0.3064
pdraw_spiral,efficientnet_b0,V11PE03,1,perspective,1,0.3404,0.385,0.5584,0.3331
pdraw_spiral,efficientnet_b0,V11PE03,1,perspective,2,0.1107,0.3036,0.5154,0.183
pdraw_spiral,efficientnet_b0,V11PE03,1,perspective,3,0.0917,0.2806,0.4809,0.1788
pdraw_spiral,efficientnet_b0,V11PE03,1,perspective,4,0.005,0.1996,0.4285,0.1176
pdraw_spiral,efficientnet_b0,V11PE03,1,perspective,5,0.0503,0.2298,0.4313,0.1373
pdraw_spiral,efficientnet_b0,V11PE03,1,rotation,1,0.7723,0.6422,0.6335,0.4285
pdraw_spiral,efficientnet_b0,V11PE03,1,rotation,2,0.4864,0.4901,0.4426,0.2444
pdraw_spiral,efficientnet_b0,V11PE03,1,rotation,3,0.6955,0.6758,0.4085,0.4024
pdraw_spiral,efficientnet_b0,V11PE03,1,rotation,4,0.166,0.1366,0.259,0.1368
pdraw_spiral,efficientnet_b0,V11PE03,1,rotation,5,0.4331,0.5506,0.359,0.2533
pdraw_spiral,efficientnet_b0,V08PE01,1,jpeg_compression,1,0.9988,0.9961,0.9895,0.9478
pdraw_spiral,efficientnet_b0,V08PE01,1,jpeg_compression,2,0.9384,0.9461,0.8328,0.6912
pdraw_spiral,efficientnet_b0,V08PE01,1,jpeg_compression,3,0.8794,0.9145,0.7497,0.5674
pdraw_spiral,efficientnet_b0,V08PE01,1,jpeg_compression,4,0.7033,0.8076,0.6199,0.4145
pdraw_spiral,efficientnet_b0,V08PE01,1,jpeg_compression,5,0.7802,0.8415,0.5469,0.4547
pdraw_spiral,efficientnet_b0,V08PE01,1,gaussian_blur,1,0.9833,0.9896,0.945,0.8307
pdraw_spiral,efficientnet_b0,V08PE01,1,gaussian_blur,2,0.9598,0.9764,0.9032,0.7398
pdraw_spiral,efficientnet_b0,V08PE01,1,gaussian_blur,3,0.9256,0.9631,0.8697,0.6703
pdraw_spiral,efficientnet_b0,V08PE01,1,gaussian_blur,4,0.9121,0.95,0.8477,0.6624
pdraw_spiral,efficientnet_b0,V08PE01,1,gaussian_blur,5,0.9107,0.9426,0.8208,0.6276
pdraw_spiral,efficientnet_b0,V08PE01,1,gaussian_noise,1,0.9967,0.9933,0.987,0.918
pdraw_spiral,efficientnet_b0,V08PE01,1,gaussian_noise,2,0.9957,0.9926,0.9807,0.8979
pdraw_spiral,efficientnet_b0,V08PE01,1,gaussian_noise,3,0.989,0.9904,0.9518,0.8607
pdraw_spiral,efficientnet_b0,V08PE01,1,gaussian_noise,4,0.9852,0.9791,0.9451,0.7853
pdraw_spiral,efficientnet_b0,V08PE01,1,gaussian_noise,5,0.9719,0.9828,0.9308,0.8104
pdraw_spiral,efficientnet_b0,V08PE01,1,contrast,1,0.9637,0.9583,0.8687,0.8016
pdraw_spiral,efficientnet_b0,V08PE01,1,contrast,2,0.9894,0.9886,0.9503,0.8909
pdraw_spiral,efficientnet_b0,V08PE01,1,contrast,3,0.9984,0.9938,0.9886,0.9365
pdraw_spiral,efficientnet_b0,V08PE01,1,contrast,4,0.9933,0.982,0.951,0.8797
pdraw_spiral,efficientnet_b0,V08PE01,1,contrast,5,0.9852,0.9729,0.9017,0.807
pdraw_spiral,efficientnet_b0,V08PE01,1,brightness,1,0.9892,0.9705,0.9281,0.8824
pdraw_spiral,efficientnet_b0,V08PE01,1,brightness,2,0.9903,0.9695,0.9162,0.8799
pdraw_spiral,efficientnet_b0,V08PE01,1,brightness,3,0.9923,0.9774,0.928,0.8918
pdraw_spiral,efficientnet_b0,V08PE01,1,brightness,4,0.9385,0.9496,0.8113,0.695
pdraw_spiral,efficientnet_b0,V08PE01,1,brightness,5,0.9237,0.937,0.7588,0.6796
pdraw_spiral,efficientnet_b0,V08PE01,1,shadow,1,0.9961,0.9777,0.9579,0.9122
pdraw_spiral,efficientnet_b0,V08PE01,1,shadow,2,0.9815,0.9533,0.8699,0.8325
pdraw_spiral,efficientnet_b0,V08PE01,1,shadow,3,0.9456,0.9159,0.7402,0.7314
pdraw_spiral,efficientnet_b0,V08PE01,1,shadow,4,0.9015,0.8831,0.6386,0.6448
pdraw_spiral,efficientnet_b0,V08PE01,1,shadow,5,0.8268,0.8297,0.5034,0.5106
pdraw_spiral,efficientnet_b0,V08PE01,1,perspective,1,0.8708,0.9207,0.8241,0.5379
pdraw_spiral,efficientnet_b0,V08PE01,1,perspective,2,0.83,0.8357,0.7882,0.5139
pdraw_spiral,efficientnet_b0,V08PE01,1,perspective,3,0.8067,0.8502,0.78,0.5133
pdraw_spiral,efficientnet_b0,V08PE01,1,perspective,4,0.8016,0.8385,0.749,0.5115
pdraw_spiral,efficientnet_b0,V08PE01,1,perspective,5,0.7401,0.8193,0.7027,0.4501
pdraw_spiral,efficientnet_b0,V08PE01,1,rotation,1,0.942,0.9584,0.8817,0.6607
pdraw_spiral,efficientnet_b0,V08PE01,1,rotation,2,0.9102,0.9089,0.7816,0.6439
pdraw_spiral,efficientnet_b0,V08PE01,1,rotation,3,0.7679,0.7689,0.5892,0.5021
pdraw_spiral,efficientnet_b0,V08PE01,1,rotation,4,0.8788,0.8779,0.6818,0.5275
pdraw_spiral,efficientnet_b0,V08PE01,1,rotation,5,0.6387,0.6511,0.4038,0.4025
pdraw_spiral,efficientnet_b0,V06PE01,1,jpeg_compression,1,0.9865,0.9559,0.9563,0.8267
pdraw_spiral,efficientnet_b0,V06PE01,1,jpeg_compression,2,0.9717,0.9714,0.9118,0.7362
pdraw_spiral,efficientnet_b0,V06PE01,1,jpeg_compression,3,0.9187,0.932,0.8433,0.8264
pdraw_spiral,efficientnet_b0,V06PE01,1,jpeg_compression,4,0.7897,0.8551,0.7236,0.5246
pdraw_spiral,efficientnet_b0,V06PE01,1,jpeg_compression,5,0.7794,0.7829,0.6651,0.5309
pdraw_spiral,efficientnet_b0,V06PE01,1,gaussian_blur,1,0.9087,0.9491,0.8684,0.7052
pdraw_spiral,efficientnet_b0,V06PE01,1,gaussian_blur,2,0.809,0.875,0.7169,0.567
pdraw_spiral,efficientnet_b0,V06PE01,1,gaussian_blur,3,0.7523,0.8093,0.6523,0.5848
pdraw_spiral,efficientnet_b0,V06PE01,1,gaussian_blur,4,0.6969,0.7275,0.6261,0.5288
pdraw_spiral,efficientnet_b0,V06PE01,1,gaussian_blur,5,0.6927,0.7076,0.6221,0.5216
pdraw_spiral,efficientnet_b0,V06PE01,1,gaussian_noise,1,0.9487,0.9686,0.9082,0.6944
pdraw_spiral,efficientnet_b0,V06PE01,1,gaussian_noise,2,0.8811,0.8674,0.7716,0.6948
pdraw_spiral,efficientnet_b0,V06PE01,1,gaussian_noise,3,0.8962,0.9278,0.7867,0.6065
pdraw_spiral,efficientnet_b0,V06PE01,1,gaussian_noise,4,0.6778,0.802,0.6684,0.3634
pdraw_spiral,efficientnet_b0,V06PE01,1,gaussian_noise,5,0.184,0.3787,0.4396,0.0988
pdraw_spiral,efficientnet_b0,V06PE01,1,contrast,1,0.8522,0.8346,0.7224,0.5796
pdraw_spiral,efficientnet_b0,V06PE01,1,contrast,2,0.9741,0.9307,0.8525,0.7392
pdraw_spiral,efficientnet_b0,V06PE01,1,contrast,3,0.9934,0.973,0.9224,0.8499
pdraw_spiral,efficientnet_b0,V06PE01,1,contrast,4,0.992,0.9883,0.9749,0.8797
pdraw_spiral,efficientnet_b0,V06PE01,1,contrast,5,0.9763,0.9832,0.9696,0.7878
pdraw_spiral,efficientnet_b0,V06PE01,1,brightness,1,0.8256,0.8439,0.6693,0.4523
pdraw_spiral,efficientnet_b0,V06PE01,1,brightness,2,0.9549,0.9661,0.8755,0.6902
pdraw_spiral,efficientnet_b0,V06PE01,1,brightness,3,0.9805,0.9795,0.9321,0.788
pdraw_spiral,efficientnet_b0,V06PE01,1,brightness,4,0.8109,0.8365,0.7073,0.5663
pdraw_spiral,efficientnet_b0,V06PE01,1,brightness,5,0.8015,0.8559,0.7371,0.5666
pdraw_spiral,efficientnet_b0,V06PE01,1,shadow,1,0.9485,0.9444,0.7888,0.6822
pdraw_spiral,efficientnet_b0,V06PE01,1,shadow,2,0.8315,0.8665,0.5602,0.4687
pdraw_spiral,efficientnet_b0,V06PE01,1,shadow,3,0.7139,0.7771,0.4608,0.3712
pdraw_spiral,efficientnet_b0,V06PE01,1,shadow,4,0.6087,0.6977,0.4354,0.3192
pdraw_spiral,efficientnet_b0,V06PE01,1,shadow,5,0.5272,0.5974,0.4172,0.2998
pdraw_spiral,efficientnet_b0,V06PE01,1,perspective,1,0.7052,0.6949,0.6087,0.5148
pdraw_spiral,efficientnet_b0,V06PE01,1,perspective,2,0.6471,0.6383,0.5654,0.4301
pdraw_spiral,efficientnet_b0,V06PE01,1,perspective,3,0.633,0.6419,0.563,0.4381
pdraw_spiral,efficientnet_b0,V06PE01,1,perspective,4,0.6209,0.6184,0.5576,0.4238
pdraw_spiral,efficientnet_b0,V06PE01,1,perspective,5,0.5811,0.591,0.5178,0.4119
pdraw_spiral,efficientnet_b0,V06PE01,1,rotation,1,0.7743,0.7715,0.6551,0.4154
pdraw_spiral,efficientnet_b0,V06PE01,1,rotation,2,0.4962,0.5,0.5251,0.2743
pdraw_spiral,efficientnet_b0,V06PE01,1,rotation,3,0.4493,0.4431,0.4023,0.2468
pdraw_spiral,efficientnet_b0,V06PE01,1,rotation,4,0.712,0.7214,0.5591,0.3598
pdraw_spiral,efficientnet_b0,V06PE01,1,rotation,5,0.3443,0.3006,0.369,0.2397
pdraw_spiral,efficientnet_b0,V03PE07,1,jpeg_compression,1,0.9899,0.9874,0.9906,0.7047
pdraw_spiral,efficientnet_b0,V03PE07,1,jpeg_compression,2,0.9526,0.9313,0.8487,0.443
pdraw_spiral,efficientnet_b0,V03PE07,1,jpeg_compression,3,0.8829,0.8656,0.8046,0.3084
pdraw_spiral,efficientnet_b0,V03PE07,1,jpeg_compression,4,0.9246,0.899,0.8449,0.3627
pdraw_spiral,efficientnet_b0,V03PE07,1,jpeg_compression,5,0.7336,0.7658,0.7826,0.3577
pdraw_spiral,efficientnet_b0,V03PE07,1,gaussian_blur,1,0.957,0.9567,0.9083,0.5969
pdraw_spiral,efficientnet_b0,V03PE07,1,gaussian_blur,2,0.8543,0.871,0.8489,0.394
pdraw_spiral,efficientnet_b0,V03PE07,1,gaussian_blur,3,0.7566,0.7932,0.7799,0.3591
pdraw_spiral,efficientnet_b0,V03PE07,1,gaussian_blur,4,0.7636,0.8001,0.737,0.3952
pdraw_spiral,efficientnet_b0,V03PE07,1,gaussian_blur,5,0.7936,0.8228,0.674,0.3752
pdraw_spiral,efficientnet_b0,V03PE07,1,gaussian_noise,1,0.9901,0.9882,0.9841,0.8264
pdraw_spiral,efficientnet_b0,V03PE07,1,gaussian_noise,2,0.9333,0.9181,0.9062,0.4716
pdraw_spiral,efficientnet_b0,V03PE07,1,gaussian_noise,3,0.9114,0.8984,0.8636,0.4194
pdraw_spiral,efficientnet_b0,V03PE07,1,gaussian_noise,4,0.8934,0.8899,0.76,0.5935
pdraw_spiral,efficientnet_b0,V03PE07,1,gaussian_noise,5,0.9226,0.9334,0.7882,0.6185
pdraw_spiral,efficientnet_b0,V03PE07,1,contrast,1,0.9226,0.9011,0.9254,0.481
pdraw_spiral,efficientnet_b0,V03PE07,1,contrast,2,0.9833,0.9778,0.9857,0.6856
pdraw_spiral,efficientnet_b0,V03PE07,1,contrast,3,0.9959,0.9941,0.9964,0.8037
pdraw_spiral,efficientnet_b0,V03PE07,1,contrast,4,0.9895,0.9888,0.9918,0.8717
pdraw_spiral,efficientnet_b0,V03PE07,1,contrast,5,0.9739,0.9757,0.9789,0.7936
pdraw_spiral,efficientnet_b0,V03PE07,1,brightness,1,0.9172,0.9307,0.9398,0.5988
pdraw_spiral,efficientnet_b0,V03PE07,1,brightness,2,0.9242,0.9466,0.946,0.5751
pdraw_spiral,efficientnet_b0,V03PE07,1,brightness,3,0.9531,0.965,0.9645,0.6566
pdraw_spiral,efficientnet_b0,V03PE07,1,brightness,4,0.8284,0.8324,0.7473,0.2744
pdraw_spiral,efficientnet_b0,V03PE07,1,brightness,5,0.7968,0.8314,0.6098,0.2539
pdraw_spiral,efficientnet_b0,V03PE07,1,shadow,1,0.9392,0.9361,0.9487,0.6609
pdraw_spiral,efficientnet_b0,V03PE07,1,shadow,2,0.7148,0.6942,0.8721,0.4202
pdraw_spiral,efficientnet_b0,V03PE07,1,shadow,3,0.5273,0.4952,0.8025,0.2518
pdraw_spiral,efficientnet_b0,V03PE07,1,shadow,4,0.4321,0.3818,0.7679,0.2282
pdraw_spiral,efficientnet_b0,V03PE07,1,shadow,5,0.3603,0.3174,0.7535,0.2148
pdraw_spiral,efficientnet_b0,V03PE07,1,perspective,1,0.6555,0.7334,0.5554,0.3563
pdraw_spiral,efficientnet_b0,V03PE07,1,perspective,2,0.5668,0.6458,0.5005,0.2865
pdraw_spiral,efficientnet_b0,V03PE07,1,perspective,3,0.4821,0.5451,0.4635,0.2652
pdraw_spiral,efficientnet_b0,V03PE07,1,perspective,4,0.4733,0.5477,0.4336,0.2608
pdraw_spiral,efficientnet_b0,V03PE07,1,perspective,5,0.4489,0.54,0.4337,0.2495
pdraw_spiral,efficientnet_b0,V03PE07,1,rotation,1,0.4444,0.5094,0.6963,0.2913
pdraw_spiral,efficientnet_b0,V03PE07,1,rotation,2,0.327,0.3718,0.6239,0.2523
pdraw_spiral,efficientnet_b0,V03PE07,1,rotation,3,0.3846,0.4467,0.6581,0.2561
pdraw_spiral,efficientnet_b0,V03PE07,1,rotation,4,0.3709,0.3984,0.6233,0.2488
pdraw_spiral,efficientnet_b0,V03PE07,1,rotation,5,0.1988,0.2821,0.613,0.1631
pdraw_spiral,mobilenet_v3_large,V09HE01,0,jpeg_compression,1,0.9675,0.8803,0.9202,0.8799
pdraw_spiral,mobilenet_v3_large,V09HE01,0,jpeg_compression,2,0.9349,0.914,0.9565,0.7509
pdraw_spiral,mobilenet_v3_large,V09HE01,0,jpeg_compression,3,0.8746,0.6884,0.8452,0.5353
pdraw_spiral,mobilenet_v3_large,V09HE01,0,jpeg_compression,4,0.702,0.4952,0.7588,0.3506
pdraw_spiral,mobilenet_v3_large,V09HE01,0,jpeg_compression,5,0.5763,0.5512,0.5447,0.3762
pdraw_spiral,mobilenet_v3_large,V09HE01,0,gaussian_blur,1,0.9417,0.7754,0.9071,0.4779
pdraw_spiral,mobilenet_v3_large,V09HE01,0,gaussian_blur,2,0.8908,0.775,0.8937,0.4826
pdraw_spiral,mobilenet_v3_large,V09HE01,0,gaussian_blur,3,0.9221,0.4756,0.8233,0.4154
pdraw_spiral,mobilenet_v3_large,V09HE01,0,gaussian_blur,4,0.9136,0.4306,0.8037,0.4032
pdraw_spiral,mobilenet_v3_large,V09HE01,0,gaussian_blur,5,0.8878,0.3892,0.7216,0.3741
pdraw_spiral,mobilenet_v3_large,V09HE01,0,gaussian_noise,1,0.9769,0.9092,0.9609,0.9594
pdraw_spiral,mobilenet_v3_large,V09HE01,0,gaussian_noise,2,0.9851,0.7896,0.8746,0.8295
pdraw_spiral,mobilenet_v3_large,V09HE01,0,gaussian_noise,3,0.8513,0.7593,0.7724,0.7104
pdraw_spiral,mobilenet_v3_large,V09HE01,0,gaussian_noise,4,0.8129,0.6186,0.731,0.5419
pdraw_spiral,mobilenet_v3_large,V09HE01,0,gaussian_noise,5,0.9203,0.9135,0.9185,0.7794
pdraw_spiral,mobilenet_v3_large,V09HE01,0,contrast,1,0.9242,0.7752,0.9022,0.4732
pdraw_spiral,mobilenet_v3_large,V09HE01,0,contrast,2,0.9464,0.9142,0.9544,0.7509
pdraw_spiral,mobilenet_v3_large,V09HE01,0,contrast,3,0.9504,0.9143,0.9525,0.7509
pdraw_spiral,mobilenet_v3_large,V09HE01,0,contrast,4,0.9554,0.9261,0.9095,0.8317
pdraw_spiral,mobilenet_v3_large,V09HE01,0,contrast,5,0.8025,0.8327,0.8374,0.7114
pdraw_spiral,mobilenet_v3_large,V09HE01,0,brightness,1,0.9709,0.8627,0.9282,0.6516
pdraw_spiral,mobilenet_v3_large,V09HE01,0,brightness,2,0.9902,0.863,0.9521,0.6743
pdraw_spiral,mobilenet_v3_large,V09HE01,0,brightness,3,0.9649,0.8624,0.9398,0.6539
pdraw_spiral,mobilenet_v3_large,V09HE01,0,brightness,4,0.5399,0.3458,0.3683,0.267
pdraw_spiral,mobilenet_v3_large,V09HE01,0,brightness,5,0.5454,0.4238,0.4346,0.3183
pdraw_spiral,mobilenet_v3_large,V09HE01,0,shadow,1,0.8994,0.8618,0.919,0.6696
pdraw_spiral,mobilenet_v3_large,V09HE01,0,shadow,2,0.8772,0.7752,0.8817,0.4923
pdraw_spiral,mobilenet_v3_large,V09HE01,0,shadow,3,0.9265,0.7754,0.8987,0.4826
pdraw_spiral,mobilenet_v3_large,V09HE01,0,shadow,4,0.9361,0.7753,0.9055,0.4732
pdraw_spiral,mobilenet_v3_large,V09HE01,0,shadow,5,0.9388,0.7753,0.9063,0.4779
pdraw_spiral,mobilenet_v3_large,V09HE01,0,perspective,1,0.927,0.8621,0.9299,0.6635
pdraw_spiral,mobilenet_v3_large,V09HE01,0,perspective,2,0.9117,0.8619,0.9159,0.6665
pdraw_spiral,mobilenet_v3_large,V09HE01,0,perspective,3,0.6004,0.6732,0.763,0.4513
pdraw_spiral,mobilenet_v3_large,V09HE01,0,perspective,4,0.6477,0.6726,0.7969,0.4414
pdraw_spiral,mobilenet_v3_large,V09HE01,0,perspective,5,0.1708,0.3042,0.6977,0.2699
pdraw_spiral,mobilenet_v3_large,V09HE01,0,rotation,1,0.5928,0.5463,0.8155,0.4349
pdraw_spiral,mobilenet_v3_large,V09HE01,0,rotation,2,-0.0608,-0.1134,0.7601,0.1379
pdraw_spiral,mobilenet_v3_large,V09HE01,0,rotation,3,0.5801,0.2299,0.673,0.2004
pdraw_spiral,mobilenet_v3_large,V09HE01,0,rotation,4,-0.0675,0.1508,0.7179,0.1944
pdraw_spiral,mobilenet_v3_large,V09HE01,0,rotation,5,-0.1344,-0.2268,0.5596,0.0313
pdraw_spiral,mobilenet_v3_large,V55HE14,0,jpeg_compression,1,1.0,1.0,1.0,1.0
pdraw_spiral,mobilenet_v3_large,V55HE14,0,jpeg_compression,2,1.0,1.0,1.0,1.0
pdraw_spiral,mobilenet_v3_large,V55HE14,0,jpeg_compression,3,nan,nan,0.938,0.5312
pdraw_spiral,mobilenet_v3_large,V55HE14,0,jpeg_compression,4,nan,nan,0.938,0.5312
pdraw_spiral,mobilenet_v3_large,V55HE14,0,jpeg_compression,5,-0.0502,-0.151,0.7757,0.122
pdraw_spiral,mobilenet_v3_large,V55HE14,0,gaussian_blur,1,1.0,1.0,1.0,1.0
pdraw_spiral,mobilenet_v3_large,V55HE14,0,gaussian_blur,2,nan,nan,0.938,0.5312
pdraw_spiral,mobilenet_v3_large,V55HE14,0,gaussian_blur,3,nan,nan,0.938,0.5312
pdraw_spiral,mobilenet_v3_large,V55HE14,0,gaussian_blur,4,nan,nan,0.938,0.5312
pdraw_spiral,mobilenet_v3_large,V55HE14,0,gaussian_blur,5,nan,nan,0.938,0.5312
pdraw_spiral,mobilenet_v3_large,V55HE14,0,gaussian_noise,1,1.0,1.0,1.0,1.0
pdraw_spiral,mobilenet_v3_large,V55HE14,0,gaussian_noise,2,0.9994,0.7262,0.9739,0.8044
pdraw_spiral,mobilenet_v3_large,V55HE14,0,gaussian_noise,3,0.8595,0.4916,0.8886,0.3411
pdraw_spiral,mobilenet_v3_large,V55HE14,0,gaussian_noise,4,0.748,0.597,0.9056,0.5775
pdraw_spiral,mobilenet_v3_large,V55HE14,0,gaussian_noise,5,1.0,1.0,1.0,0.999
pdraw_spiral,mobilenet_v3_large,V55HE14,0,contrast,1,0.9994,0.7261,0.9731,0.8044
pdraw_spiral,mobilenet_v3_large,V55HE14,0,contrast,2,1.0,1.0,1.0,1.0
pdraw_spiral,mobilenet_v3_large,V55HE14,0,contrast,3,1.0,1.0,1.0,1.0
pdraw_spiral,mobilenet_v3_large,V55HE14,0,contrast,4,0.9997,0.7274,0.9808,0.7062
pdraw_spiral,mobilenet_v3_large,V55HE14,0,contrast,5,0.999,0.7253,0.9694,0.7062
pdraw_spiral,mobilenet_v3_large,V55HE14,0,brightness,1,0.9829,0.7151,0.9501,0.8044
pdraw_spiral,mobilenet_v3_large,V55HE14,0,brightness,2,1.0,1.0,1.0,1.0
pdraw_spiral,mobilenet_v3_large,V55HE14,0,brightness,3,1.0,1.0,1.0,1.0
pdraw_spiral,mobilenet_v3_large,V55HE14,0,brightness,4,nan,nan,0.938,0.5312
pdraw_spiral,mobilenet_v3_large,V55HE14,0,brightness,5,0.2216,0.4667,0.9051,0.5396
pdraw_spiral,mobilenet_v3_large,V55HE14,0,shadow,1,1.0,1.0,1.0,1.0
pdraw_spiral,mobilenet_v3_large,V55HE14,0,shadow,2,1.0,1.0,1.0,1.0
pdraw_spiral,mobilenet_v3_large,V55HE14,0,shadow,3,1.0,1.0,1.0,1.0
pdraw_spiral,mobilenet_v3_large,V55HE14,0,shadow,4,1.0,1.0,1.0,1.0
pdraw_spiral,mobilenet_v3_large,V55HE14,0,shadow,5,1.0,1.0,1.0,1.0
pdraw_spiral,mobilenet_v3_large,V55HE14,0,perspective,1,nan,nan,0.938,0.5312
pdraw_spiral,mobilenet_v3_large,V55HE14,0,perspective,2,nan,nan,0.938,0.5312
pdraw_spiral,mobilenet_v3_large,V55HE14,0,perspective,3,nan,nan,0.938,0.5312
pdraw_spiral,mobilenet_v3_large,V55HE14,0,perspective,4,0.6765,0.4717,0.8433,0.1911
pdraw_spiral,mobilenet_v3_large,V55HE14,0,perspective,5,0.5561,0.5093,0.8531,0.1707
pdraw_spiral,mobilenet_v3_large,V55HE14,0,rotation,1,-0.034,-0.056,0.8943,0.5311
pdraw_spiral,mobilenet_v3_large,V55HE14,0,rotation,2,0.8802,0.5974,0.904,0.4415
pdraw_spiral,mobilenet_v3_large,V55HE14,0,rotation,3,-0.0568,-0.1016,0.8048,0.1793
pdraw_spiral,mobilenet_v3_large,V55HE14,0,rotation,4,-0.0193,0.1477,0.7653,0.1608
pdraw_spiral,mobilenet_v3_large,V55HE14,0,rotation,5,-0.08,-0.1658,0.6711,0.05
pdraw_spiral,mobilenet_v3_large,V08HE01,0,jpeg_compression,1,0.9987,0.9996,0.9932,0.9332
pdraw_spiral,mobilenet_v3_large,V08HE01,0,jpeg_compression,2,0.992,0.8584,0.9409,0.6044
pdraw_spiral,mobilenet_v3_large,V08HE01,0,jpeg_compression,3,0.9912,0.6259,0.8884,0.3021
pdraw_spiral,mobilenet_v3_large,V08HE01,0,jpeg_compression,4,0.9589,0.7128,0.855,0.5796
pdraw_spiral,mobilenet_v3_large,V08HE01,0,jpeg_compression,5,0.9167,0.6851,0.5397,0.5647
pdraw_spiral,mobilenet_v3_large,V08HE01,0,gaussian_blur,1,0.9258,0.6368,0.8719,0.2988
pdraw_spiral,mobilenet_v3_large,V08HE01,0,gaussian_blur,2,0.9322,0.6369,0.8738,0.2983
pdraw_spiral,mobilenet_v3_large,V08HE01,0,gaussian_blur,3,0.983,0.8705,0.9314,0.7728
pdraw_spiral,mobilenet_v3_large,V08HE01,0,gaussian_blur,4,0.998,0.881,0.9763,0.7708
pdraw_spiral,mobilenet_v3_large,V08HE01,0,gaussian_blur,5,0.9963,0.8783,0.9602,0.7731
pdraw_spiral,mobilenet_v3_large,V08HE01,0,gaussian_noise,1,0.9952,0.7913,0.9303,0.4681
pdraw_spiral,mobilenet_v3_large,V08HE01,0,gaussian_noise,2,0.9929,0.8913,0.9439,0.7276
pdraw_spiral,mobilenet_v3_large,V08HE01,0,gaussian_noise,3,0.9791,0.9168,0.9215,0.6998
pdraw_spiral,mobilenet_v3_large,V08HE01,0,gaussian_noise,4,0.9476,0.8638,0.8486,0.5686
pdraw_spiral,mobilenet_v3_large,V08HE01,0,gaussian_noise,5,0.9454,0.8141,0.8192,0.5427
pdraw_spiral,mobilenet_v3_large,V08HE01,0,contrast,1,0.9973,0.8589,0.9509,0.6044
pdraw_spiral,mobilenet_v3_large,V08HE01,0,contrast,2,0.9996,0.9995,0.9911,0.8895
pdraw_spiral,mobilenet_v3_large,V08HE01,0,contrast,3,0.9992,0.9987,0.9812,0.8382
pdraw_spiral,mobilenet_v3_large,V08HE01,0,contrast,4,0.9995,0.999,0.984,0.8453
pdraw_spiral,mobilenet_v3_large,V08HE01,0,contrast,5,0.9986,0.9988,0.9795,0.8413
pdraw_spiral,mobilenet_v3_large,V08HE01,0,brightness,1,0.9968,0.8707,0.954,0.7728
pdraw_spiral,mobilenet_v3_large,V08HE01,0,brightness,2,0.9974,0.9358,0.9823,0.9206
pdraw_spiral,mobilenet_v3_large,V08HE01,0,brightness,3,0.9983,0.8713,0.9764,0.7728
pdraw_spiral,mobilenet_v3_large,V08HE01,0,brightness,4,0.9694,0.7509,0.7789,0.637
pdraw_spiral,mobilenet_v3_large,V08HE01,0,brightness,5,0.9577,0.746,0.7998,0.6009
pdraw_spiral,mobilenet_v3_large,V08HE01,0,shadow,1,0.9952,0.7325,0.9219,0.4549
pdraw_spiral,mobilenet_v3_large,V08HE01,0,shadow,2,0.9938,0.7324,0.9113,0.4549
pdraw_spiral,mobilenet_v3_large,V08HE01,0,shadow,3,0.9869,0.7324,0.9067,0.4549
pdraw_spiral,mobilenet_v3_large,V08HE01,0,shadow,4,0.9819,0.6372,0.8966,0.2983
pdraw_spiral,mobilenet_v3_large,V08HE01,0,shadow,5,0.9865,0.6372,0.8994,0.2983
pdraw_spiral,mobilenet_v3_large,V08HE01,0,perspective,1,0.9587,0.7967,0.9031,0.5887
pdraw_spiral,mobilenet_v3_large,V08HE01,0,perspective,2,0.9171,0.7954,0.8941,0.5887
pdraw_spiral,mobilenet_v3_large,V08HE01,0,perspective,3,0.9146,0.5234,0.8689,0.1798
pdraw_spiral,mobilenet_v3_large,V08HE01,0,perspective,4,0.8987,0.5356,0.85,0.4028
pdraw_spiral,mobilenet_v3_large,V08HE01,0,perspective,5,0.8576,0.5797,0.8486,0.4576
pdraw_spiral,mobilenet_v3_large,V08HE01,0,rotation,1,0.9715,0.7324,0.8963,0.4549
pdraw_spiral,mobilenet_v3_large,V08HE01,0,rotation,2,0.2806,0.2839,0.7539,0.2663
pdraw_spiral,mobilenet_v3_large,V08HE01,0,rotation,3,0.1134,0.389,0.732,0.2883
pdraw_spiral,mobilenet_v3_large,V08HE01,0,rotation,4,-0.0665,0.0965,0.7276,0.1401
pdraw_spiral,mobilenet_v3_large,V08HE01,0,rotation,5,-0.0759,-0.2356,0.6881,0.0034
pdraw_spiral,mobilenet_v3_large,V07HE01,0,jpeg_compression,1,0.9941,0.977,0.9616,0.9451
pdraw_spiral,mobilenet_v3_large,V07HE01,0,jpeg_compression,2,0.9763,0.8228,0.867,0.9033
pdraw_spiral,mobilenet_v3_large,V07HE01,0,jpeg_compression,3,0.9139,0.6485,0.7733,0.7278
pdraw_spiral,mobilenet_v3_large,V07HE01,0,jpeg_compression,4,0.8678,0.6562,0.7565,0.6576
pdraw_spiral,mobilenet_v3_large,V07HE01,0,jpeg_compression,5,0.6156,0.3932,0.4342,0.4286
pdraw_spiral,mobilenet_v3_large,V07HE01,0,gaussian_blur,1,0.8894,0.8502,0.8485,0.6491
pdraw_spiral,mobilenet_v3_large,V07HE01,0,gaussian_blur,2,0.8453,0.8432,0.8133,0.5856
pdraw_spiral,mobilenet_v3_large,V07HE01,0,gaussian_blur,3,0.8941,0.9118,0.8114,0.6338
pdraw_spiral,mobilenet_v3_large,V07HE01,0,gaussian_blur,4,0.8223,0.7899,0.7693,0.4745
pdraw_spiral,mobilenet_v3_large,V07HE01,0,gaussian_blur,5,0.8756,0.8467,0.7815,0.552
pdraw_spiral,mobilenet_v3_large,V07HE01,0,gaussian_noise,1,0.9872,0.9514,0.9222,0.9575
pdraw_spiral,mobilenet_v3_large,V07HE01,0,gaussian_noise,2,0.9369,0.9139,0.8664,0.6535
pdraw_spiral,mobilenet_v3_large,V07HE01,0,gaussian_noise,3,0.9557,0.8359,0.8187,0.6296
pdraw_spiral,mobilenet_v3_large,V07HE01,0,gaussian_noise,4,0.9932,0.8349,0.8999,0.8277
pdraw_spiral,mobilenet_v3_large,V07HE01,0,gaussian_noise,5,0.7926,0.8124,0.8046,0.5548
pdraw_spiral,mobilenet_v3_large,V07HE01,0,contrast,1,0.9934,0.9241,0.9374,0.8337
pdraw_spiral,mobilenet_v3_large,V07HE01,0,contrast,2,0.9918,0.9251,0.9481,0.9067
pdraw_spiral,mobilenet_v3_large,V07HE01,0,contrast,3,0.9976,0.9701,0.9557,0.9156
pdraw_spiral,mobilenet_v3_large,V07HE01,0,contrast,4,0.9946,0.8874,0.8958,0.8966
pdraw_spiral,mobilenet_v3_large,V07HE01,0,contrast,5,0.9836,0.7778,0.8715,0.8128
pdraw_spiral,mobilenet_v3_large,V07HE01,0,brightness,1,0.9212,0.8231,0.8,0.649
pdraw_spiral,mobilenet_v3_large,V07HE01,0,brightness,2,0.9864,0.9246,0.9426,0.885
pdraw_spiral,mobilenet_v3_large,V07HE01,0,brightness,3,0.9958,0.8858,0.9106,0.9127
pdraw_spiral,mobilenet_v3_large,V07HE01,0,brightness,4,0.56,0.5151,0.3691,0.3564
pdraw_spiral,mobilenet_v3_large,V07HE01,0,brightness,5,0.3199,0.2302,0.3759,0.2209
pdraw_spiral,mobilenet_v3_large,V07HE01,0,shadow,1,0.9937,0.823,0.8968,0.9105
pdraw_spiral,mobilenet_v3_large,V07HE01,0,shadow,2,0.9713,0.9064,0.8926,0.9063
pdraw_spiral,mobilenet_v3_large,V07HE01,0,shadow,3,0.9168,0.905,0.8511,0.9009
pdraw_spiral,mobilenet_v3_large,V07HE01,0,shadow,4,0.9365,0.9056,0.8714,0.8576
pdraw_spiral,mobilenet_v3_large,V07HE01,0,shadow,5,0.9524,0.9448,0.8964,0.7522
pdraw_spiral,mobilenet_v3_large,V07HE01,0,perspective,1,0.8773,0.7593,0.8008,0.7571
pdraw_spiral,mobilenet_v3_large,V07HE01,0,perspective,2,0.7885,0.6226,0.7802,0.4087
pdraw_spiral,mobilenet_v3_large,V07HE01,0,perspective,3,0.4188,0.5414,0.6975,0.2954
pdraw_spiral,mobilenet_v3_large,V07HE01,0,perspective,4,0.5637,0.5009,0.6394,0.4433
pdraw_spiral,mobilenet_v3_large,V07HE01,0,perspective,5,0.6774,0.3954,0.663,0.3855
pdraw_spiral,mobilenet_v3_large,V07HE01,0,rotation,1,0.6302,0.545,0.735,0.2957
pdraw_spiral,mobilenet_v3_large,V07HE01,0,rotation,2,-0.0929,-0.132,0.5788,0.0
pdraw_spiral,mobilenet_v3_large,V07HE01,0,rotation,3,-0.0618,0.0419,0.6,0.1023
pdraw_spiral,mobilenet_v3_large,V07HE01,0,rotation,4,-0.0816,0.2428,0.5693,0.2055
pdraw_spiral,mobilenet_v3_large,V07HE01,0,rotation,5,0.0094,0.0935,0.5643,0.1225
pdraw_spiral,mobilenet_v3_large,V55HE15,0,jpeg_compression,1,nan,nan,1.0,1.0
pdraw_spiral,mobilenet_v3_large,V55HE15,0,jpeg_compression,2,nan,nan,1.0,1.0
pdraw_spiral,mobilenet_v3_large,V55HE15,0,jpeg_compression,3,nan,nan,0.8699,0.1329
pdraw_spiral,mobilenet_v3_large,V55HE15,0,jpeg_compression,4,nan,nan,0.8063,0.0
pdraw_spiral,mobilenet_v3_large,V55HE15,0,jpeg_compression,5,nan,nan,0.5478,0.0613
pdraw_spiral,mobilenet_v3_large,V55HE15,0,gaussian_blur,1,nan,nan,1.0,1.0
pdraw_spiral,mobilenet_v3_large,V55HE15,0,gaussian_blur,2,nan,nan,1.0,1.0
pdraw_spiral,mobilenet_v3_large,V55HE15,0,gaussian_blur,3,nan,nan,1.0,1.0
pdraw_spiral,mobilenet_v3_large,V55HE15,0,gaussian_blur,4,nan,nan,0.938,0.5309
pdraw_spiral,mobilenet_v3_large,V55HE15,0,gaussian_blur,5,nan,nan,0.938,0.5309
pdraw_spiral,mobilenet_v3_large,V55HE15,0,gaussian_noise,1,nan,nan,1.0,1.0
pdraw_spiral,mobilenet_v3_large,V55HE15,0,gaussian_noise,2,nan,nan,0.876,0.1325
pdraw_spiral,mobilenet_v3_large,V55HE15,0,gaussian_noise,3,nan,nan,0.7947,0.0511
pdraw_spiral,mobilenet_v3_large,V55HE15,0,gaussian_noise,4,nan,nan,0.9149,0.3706
pdraw_spiral,mobilenet_v3_large,V55HE15,0,gaussian_noise,5,nan,nan,0.938,0.5309
pdraw_spiral,mobilenet_v3_large,V55HE15,0,contrast,1,nan,nan,1.0,1.0
pdraw_spiral,mobilenet_v3_large,V55HE15,0,contrast,2,nan,nan,1.0,1.0
pdraw_spiral,mobilenet_v3_large,V55HE15,0,contrast,3,nan,nan,1.0,1.0
pdraw_spiral,mobilenet_v3_large,V55HE15,0,contrast,4,nan,nan,1.0,1.0
pdraw_spiral,mobilenet_v3_large,V55HE15,0,contrast,5,nan,nan,1.0,1.0
pdraw_spiral,mobilenet_v3_large,V55HE15,0,brightness,1,nan,nan,1.0,1.0
pdraw_spiral,mobilenet_v3_large,V55HE15,0,brightness,2,nan,nan,1.0,1.0
pdraw_spiral,mobilenet_v3_large,V55HE15,0,brightness,3,nan,nan,1.0,1.0
pdraw_spiral,mobilenet_v3_large,V55HE15,0,brightness,4,nan,nan,0.7626,0.0
pdraw_spiral,mobilenet_v3_large,V55HE15,0,brightness,5,nan,nan,0.7267,0.0
pdraw_spiral,mobilenet_v3_large,V55HE15,0,shadow,1,nan,nan,1.0,1.0
pdraw_spiral,mobilenet_v3_large,V55HE15,0,shadow,2,nan,nan,1.0,1.0
pdraw_spiral,mobilenet_v3_large,V55HE15,0,shadow,3,nan,nan,1.0,1.0
pdraw_spiral,mobilenet_v3_large,V55HE15,0,shadow,4,nan,nan,1.0,1.0
pdraw_spiral,mobilenet_v3_large,V55HE15,0,shadow,5,nan,nan,1.0,1.0
pdraw_spiral,mobilenet_v3_large,V55HE15,0,perspective,1,nan,nan,0.909,0.3706
pdraw_spiral,mobilenet_v3_large,V55HE15,0,perspective,2,nan,nan,1.0,1.0
pdraw_spiral,mobilenet_v3_large,V55HE15,0,perspective,3,nan,nan,0.9563,0.6262
pdraw_spiral,mobilenet_v3_large,V55HE15,0,perspective,4,nan,nan,0.8944,0.3023
pdraw_spiral,mobilenet_v3_large,V55HE15,0,perspective,5,nan,nan,0.7994,0.0
pdraw_spiral,mobilenet_v3_large,V55HE15,0,rotation,1,nan,nan,1.0,1.0
pdraw_spiral,mobilenet_v3_large,V55HE15,0,rotation,2,nan,nan,0.892,0.427
pdraw_spiral,mobilenet_v3_large,V55HE15,0,rotation,3,nan,nan,0.8538,0.1743
pdraw_spiral,mobilenet_v3_large,V55HE15,0,rotation,4,nan,nan,0.7953,0.115
pdraw_spiral,mobilenet_v3_large,V55HE15,0,rotation,5,nan,nan,0.788,0.1083
pdraw_spiral,mobilenet_v3_large,V03PE01,1,jpeg_compression,1,0.9905,0.9909,0.9757,0.9092
pdraw_spiral,mobilenet_v3_large,V03PE01,1,jpeg_compression,2,0.9639,0.9661,0.9102,0.8058
pdraw_spiral,mobilenet_v3_large,V03PE01,1,jpeg_compression,3,0.9471,0.9536,0.8855,0.7573
pdraw_spiral,mobilenet_v3_large,V03PE01,1,jpeg_compression,4,0.9503,0.9582,0.9126,0.6352
pdraw_spiral,mobilenet_v3_large,V03PE01,1,jpeg_compression,5,0.8356,0.8297,0.7474,0.3859
pdraw_spiral,mobilenet_v3_large,V03PE01,1,gaussian_blur,1,0.9671,0.9703,0.9383,0.6941
pdraw_spiral,mobilenet_v3_large,V03PE01,1,gaussian_blur,2,0.938,0.9461,0.8935,0.7463
pdraw_spiral,mobilenet_v3_large,V03PE01,1,gaussian_blur,3,0.9288,0.9365,0.9007,0.6437
pdraw_spiral,mobilenet_v3_large,V03PE01,1,gaussian_blur,4,0.9018,0.91,0.8664,0.5091
pdraw_spiral,mobilenet_v3_large,V03PE01,1,gaussian_blur,5,0.8888,0.9029,0.8391,0.4606
pdraw_spiral,mobilenet_v3_large,V03PE01,1,gaussian_noise,1,0.9756,0.9771,0.9135,0.7538
pdraw_spiral,mobilenet_v3_large,V03PE01,1,gaussian_noise,2,0.9716,0.9744,0.9048,0.7981
pdraw_spiral,mobilenet_v3_large,V03PE01,1,gaussian_noise,3,0.9703,0.9715,0.9298,0.6738
pdraw_spiral,mobilenet_v3_large,V03PE01,1,gaussian_noise,4,0.9551,0.9551,0.8722,0.5851
pdraw_spiral,mobilenet_v3_large,V03PE01,1,gaussian_noise,5,0.9437,0.9463,0.8086,0.7248
pdraw_spiral,mobilenet_v3_large,V03PE01,1,contrast,1,0.9699,0.968,0.9463,0.6725
pdraw_spiral,mobilenet_v3_large,V03PE01,1,contrast,2,0.9874,0.986,0.9737,0.7211
pdraw_spiral,mobilenet_v3_large,V03PE01,1,contrast,3,0.9916,0.9899,0.9781,0.7658
pdraw_spiral,mobilenet_v3_large,V03PE01,1,contrast,4,0.9957,0.996,0.9899,0.8476
pdraw_spiral,mobilenet_v3_large,V03PE01,1,contrast,5,0.9937,0.9946,0.9799,0.8214
pdraw_spiral,mobilenet_v3_large,V03PE01,1,brightness,1,0.9113,0.917,0.8254,0.6777
pdraw_spiral,mobilenet_v3_large,V03PE01,1,brightness,2,0.9568,0.9595,0.9138,0.7407
pdraw_spiral,mobilenet_v3_large,V03PE01,1,brightness,3,0.9764,0.9793,0.9534,0.8381
pdraw_spiral,mobilenet_v3_large,V03PE01,1,brightness,4,0.8764,0.8829,0.7918,0.5594
pdraw_spiral,mobilenet_v3_large,V03PE01,1,brightness,5,0.6299,0.6434,0.4601,0.5004
pdraw_spiral,mobilenet_v3_large,V03PE01,1,shadow,1,0.9733,0.9763,0.9664,0.8312
pdraw_spiral,mobilenet_v3_large,V03PE01,1,shadow,2,0.9313,0.9394,0.8938,0.6985
pdraw_spiral,mobilenet_v3_large,V03PE01,1,shadow,3,0.7698,0.7846,0.7625,0.5241
pdraw_spiral,mobilenet_v3_large,V03PE01,1,shadow,4,0.6563,0.6431,0.7134,0.2947
pdraw_spiral,mobilenet_v3_large,V03PE01,1,shadow,5,0.5316,0.5403,0.6232,0.2382
pdraw_spiral,mobilenet_v3_large,V03PE01,1,perspective,1,0.8745,0.8856,0.8166,0.6854
pdraw_spiral,mobilenet_v3_large,V03PE01,1,perspective,2,0.8269,0.8257,0.7727,0.6235
pdraw_spiral,mobilenet_v3_large,V03PE01,1,perspective,3,0.7307,0.7464,0.6277,0.4811
pdraw_spiral,mobilenet_v3_large,V03PE01,1,perspective,4,0.7347,0.7958,0.517,0.4589
pdraw_spiral,mobilenet_v3_large,V03PE01,1,perspective,5,0.6805,0.7164,0.4727,0.4723
pdraw_spiral,mobilenet_v3_large,V03PE01,1,rotation,1,0.7813,0.7925,0.6331,0.5614
pdraw_spiral,mobilenet_v3_large,V03PE01,1,rotation,2,0.7238,0.7288,0.5413,0.5418
pdraw_spiral,mobilenet_v3_large,V03PE01,1,rotation,3,0.4247,0.371,0.4822,0.3075
pdraw_spiral,mobilenet_v3_large,V03PE01,1,rotation,4,0.5166,0.5,0.3628,0.3934
pdraw_spiral,mobilenet_v3_large,V03PE01,1,rotation,5,0.2609,0.2851,0.3234,0.1997
pdraw_spiral,mobilenet_v3_large,V11PE03,1,jpeg_compression,1,0.9975,0.9299,0.9777,0.9655
pdraw_spiral,mobilenet_v3_large,V11PE03,1,jpeg_compression,2,0.9921,0.9648,0.9622,0.9176
pdraw_spiral,mobilenet_v3_large,V11PE03,1,jpeg_compression,3,0.8473,0.8504,0.7851,0.7574
pdraw_spiral,mobilenet_v3_large,V11PE03,1,jpeg_compression,4,0.9155,0.8416,0.7348,0.7633
pdraw_spiral,mobilenet_v3_large,V11PE03,1,jpeg_compression,5,0.8639,0.7785,0.5882,0.7138
pdraw_spiral,mobilenet_v3_large,V11PE03,1,gaussian_blur,1,0.9844,0.9383,0.9548,0.9062
pdraw_spiral,mobilenet_v3_large,V11PE03,1,gaussian_blur,2,0.9671,0.9375,0.9436,0.8803
pdraw_spiral,mobilenet_v3_large,V11PE03,1,gaussian_blur,3,0.9574,0.9457,0.9449,0.8635
pdraw_spiral,mobilenet_v3_large,V11PE03,1,gaussian_blur,4,0.9518,0.9378,0.9089,0.8265
pdraw_spiral,mobilenet_v3_large,V11PE03,1,gaussian_blur,5,0.9688,0.9311,0.908,0.8452
pdraw_spiral,mobilenet_v3_large,V11PE03,1,gaussian_noise,1,0.9974,0.9998,0.9952,0.9495
pdraw_spiral,mobilenet_v3_large,V11PE03,1,gaussian_noise,2,0.9937,0.817,0.8719,0.9702
pdraw_spiral,mobilenet_v3_large,V11PE03,1,gaussian_noise,3,0.9883,0.8445,0.8361,0.8991
pdraw_spiral,mobilenet_v3_large,V11PE03,1,gaussian_noise,4,0.9853,0.8273,0.8856,0.9182
pdraw_spiral,mobilenet_v3_large,V11PE03,1,gaussian_noise,5,0.9771,0.7454,0.7966,0.8585
pdraw_spiral,mobilenet_v3_large,V11PE03,1,contrast,1,0.991,0.9546,0.9538,0.91
pdraw_spiral,mobilenet_v3_large,V11PE03,1,contrast,2,0.9965,0.9553,0.9721,0.9613
pdraw_spiral,mobilenet_v3_large,V11PE03,1,contrast,3,0.9977,0.9999,0.9967,0.9707
pdraw_spiral,mobilenet_v3_large,V11PE03,1,contrast,4,0.9949,0.8938,0.925,0.9554
pdraw_spiral,mobilenet_v3_large,V11PE03,1,contrast,5,0.984,0.8828,0.8679,0.9076
pdraw_spiral,mobilenet_v3_large,V11PE03,1,brightness,1,0.9897,0.9061,0.899,0.9109
pdraw_spiral,mobilenet_v3_large,V11PE03,1,brightness,2,0.9975,0.9999,0.9915,0.9698
pdraw_spiral,mobilenet_v3_large,V11PE03,1,brightness,3,0.9978,0.9348,0.9906,0.9822
pdraw_spiral,mobilenet_v3_large,V11PE03,1,brightness,4,0.7064,0.6214,0.2005,0.5095
pdraw_spiral,mobilenet_v3_large,V11PE03,1,brightness,5,0.6696,0.5888,0.3109,0.4136
pdraw_spiral,mobilenet_v3_large,V11PE03,1,shadow,1,0.9969,0.9996,0.9886,0.9287
pdraw_spiral,mobilenet_v3_large,V11PE03,1,shadow,2,0.9898,0.9547,0.9516,0.9045
pdraw_spiral,mobilenet_v3_large,V11PE03,1,shadow,3,0.978,0.9548,0.9494,0.9455
pdraw_spiral,mobilenet_v3_large,V11PE03,1,shadow,4,0.9265,0.9263,0.9157,0.9103
pdraw_spiral,mobilenet_v3_large,V11PE03,1,shadow,5,0.9273,0.9258,0.9139,0.8897
pdraw_spiral,mobilenet_v3_large,V11PE03,1,perspective,1,0.9174,0.7647,0.6952,0.7329
pdraw_spiral,mobilenet_v3_large,V11PE03,1,perspective,2,0.8306,0.8016,0.6931,0.6506
pdraw_spiral,mobilenet_v3_large,V11PE03,1,perspective,3,0.7989,0.8137,0.7737,0.5772
pdraw_spiral,mobilenet_v3_large,V11PE03,1,perspective,4,0.7732,0.6856,0.7671,0.4775
pdraw_spiral,mobilenet_v3_large,V11PE03,1,perspective,5,0.6183,0.7416,0.7265,0.4562
pdraw_spiral,mobilenet_v3_large,V11PE03,1,rotation,1,0.6979,0.5435,0.6665,0.3413
pdraw_spiral,mobilenet_v3_large,V11PE03,1,rotation,2,0.6249,0.5076,0.7069,0.3512
pdraw_spiral,mobilenet_v3_large,V11PE03,1,rotation,3,-0.0028,0.1335,0.507,0.1333
pdraw_spiral,mobilenet_v3_large,V11PE03,1,rotation,4,0.1801,0.2051,0.6339,0.2308
pdraw_spiral,mobilenet_v3_large,V11PE03,1,rotation,5,-0.1205,-0.2124,0.5686,0.0767
pdraw_spiral,mobilenet_v3_large,V08PE01,1,jpeg_compression,1,0.8756,0.685,0.7128,0.5265
pdraw_spiral,mobilenet_v3_large,V08PE01,1,jpeg_compression,2,0.3287,0.631,0.5248,0.4469
pdraw_spiral,mobilenet_v3_large,V08PE01,1,jpeg_compression,3,0.1826,0.4272,0.4368,0.3845
pdraw_spiral,mobilenet_v3_large,V08PE01,1,jpeg_compression,4,0.2038,0.4665,0.6204,0.3861
pdraw_spiral,mobilenet_v3_large,V08PE01,1,jpeg_compression,5,0.4047,0.5032,0.1262,0.4283
pdraw_spiral,mobilenet_v3_large,V08PE01,1,gaussian_blur,1,0.8771,0.8886,0.9097,0.7613
pdraw_spiral,mobilenet_v3_large,V08PE01,1,gaussian_blur,2,0.5456,0.8656,0.7785,0.6554
pdraw_spiral,mobilenet_v3_large,V08PE01,1,gaussian_blur,3,0.4772,0.6774,0.5455,0.4896
pdraw_spiral,mobilenet_v3_large,V08PE01,1,gaussian_blur,4,0.4567,0.6498,0.5232,0.4541
pdraw_spiral,mobilenet_v3_large,V08PE01,1,gaussian_blur,5,0.4613,0.6323,0.5186,0.4225
pdraw_spiral,mobilenet_v3_large,V08PE01,1,gaussian_noise,1,0.9011,0.5352,0.7609,0.423
pdraw_spiral,mobilenet_v3_large,V08PE01,1,gaussian_noise,2,0.805,0.5916,0.6717,0.3748
pdraw_spiral,mobilenet_v3_large,V08PE01,1,gaussian_noise,3,0.8976,0.4584,0.8004,0.33
pdraw_spiral,mobilenet_v3_large,V08PE01,1,gaussian_noise,4,0.6484,0.3307,0.5519,0.2364
pdraw_spiral,mobilenet_v3_large,V08PE01,1,gaussian_noise,5,0.6716,0.5336,0.6302,0.4204
pdraw_spiral,mobilenet_v3_large,V08PE01,1,contrast,1,0.9358,0.547,0.8355,0.2201
pdraw_spiral,mobilenet_v3_large,V08PE01,1,contrast,2,0.9683,0.7456,0.9085,0.4755
pdraw_spiral,mobilenet_v3_large,V08PE01,1,contrast,3,0.9944,0.8905,0.9562,0.7613
pdraw_spiral,mobilenet_v3_large,V08PE01,1,contrast,4,0.936,0.8127,0.8422,0.5563
pdraw_spiral,mobilenet_v3_large,V08PE01,1,contrast,5,0.8916,0.6448,0.7562,0.5523
pdraw_spiral,mobilenet_v3_large,V08PE01,1,brightness,1,0.9432,0.744,0.8494,0.4755
pdraw_spiral,mobilenet_v3_large,V08PE01,1,brightness,2,0.9641,0.7454,0.8981,0.4755
pdraw_spiral,mobilenet_v3_large,V08PE01,1,brightness,3,0.969,0.8881,0.9,0.7613
pdraw_spiral,mobilenet_v3_large,V08PE01,1,brightness,4,0.2799,0.4077,0.1792,0.3164
pdraw_spiral,mobilenet_v3_large,V08PE01,1,brightness,5,0.2994,0.3987,0.1695,0.2924
pdraw_spiral,mobilenet_v3_large,V08PE01,1,shadow,1,0.9583,0.702,0.8795,0.4091
pdraw_spiral,mobilenet_v3_large,V08PE01,1,shadow,2,0.9358,0.547,0.8355,0.2201
pdraw_spiral,mobilenet_v3_large,V08PE01,1,shadow,3,0.9358,0.547,0.8355,0.2201
pdraw_spiral,mobilenet_v3_large,V08PE01,1,shadow,4,nan,nan,0.7481,0.088
pdraw_spiral,mobilenet_v3_large,V08PE01,1,shadow,5,nan,nan,0.7481,0.088
pdraw_spiral,mobilenet_v3_large,V08PE01,1,perspective,1,0.7688,0.9059,0.8759,0.7585
pdraw_spiral,mobilenet_v3_large,V08PE01,1,perspective,2,0.5796,0.7139,0.7042,0.4662
pdraw_spiral,mobilenet_v3_large,V08PE01,1,perspective,3,0.4066,0.6955,0.7823,0.4258
pdraw_spiral,mobilenet_v3_large,V08PE01,1,perspective,4,0.2451,0.6481,0.6671,0.3224
pdraw_spiral,mobilenet_v3_large,V08PE01,1,perspective,5,0.237,0.6358,0.6762,0.3248
pdraw_spiral,mobilenet_v3_large,V08PE01,1,rotation,1,0.7365,0.5009,0.7393,0.3101
pdraw_spiral,mobilenet_v3_large,V08PE01,1,rotation,2,0.5434,0.5396,0.7777,0.404
pdraw_spiral,mobilenet_v3_large,V08PE01,1,rotation,3,-0.0968,-0.1684,0.6102,0.0609
pdraw_spiral,mobilenet_v3_large,V08PE01,1,rotation,4,-0.0193,0.1809,0.6582,0.2058
pdraw_spiral,mobilenet_v3_large,V08PE01,1,rotation,5,-0.0472,-0.0086,0.6207,0.1138
pdraw_spiral,mobilenet_v3_large,V06PE01,1,jpeg_compression,1,0.9536,0.8972,0.8546,0.755
pdraw_spiral,mobilenet_v3_large,V06PE01,1,jpeg_compression,2,0.8333,0.8739,0.8142,0.6009
pdraw_spiral,mobilenet_v3_large,V06PE01,1,jpeg_compression,3,0.817,0.8167,0.745,0.5731
pdraw_spiral,mobilenet_v3_large,V06PE01,1,jpeg_compression,4,0.6316,0.6455,0.5709,0.4182
pdraw_spiral,mobilenet_v3_large,V06PE01,1,jpeg_compression,5,0.6184,0.5834,0.4233,0.4012
pdraw_spiral,mobilenet_v3_large,V06PE01,1,gaussian_blur,1,0.6602,0.735,0.7115,0.3897
pdraw_spiral,mobilenet_v3_large,V06PE01,1,gaussian_blur,2,0.6368,0.7454,0.6676,0.3436
pdraw_spiral,mobilenet_v3_large,V06PE01,1,gaussian_blur,3,0.6177,0.721,0.6569,0.372
pdraw_spiral,mobilenet_v3_large,V06PE01,1,gaussian_blur,4,0.7184,0.7386,0.6795,0.5082
pdraw_spiral,mobilenet_v3_large,V06PE01,1,gaussian_blur,5,0.7129,0.6615,0.5271,0.4885
pdraw_spiral,mobilenet_v3_large,V06PE01,1,gaussian_noise,1,0.9244,0.9356,0.8918,0.6747
pdraw_spiral,mobilenet_v3_large,V06PE01,1,gaussian_noise,2,0.9535,0.9218,0.8961,0.7816
pdraw_spiral,mobilenet_v3_large,V06PE01,1,gaussian_noise,3,0.8706,0.8572,0.7616,0.5816
pdraw_spiral,mobilenet_v3_large,V06PE01,1,gaussian_noise,4,0.835,0.8003,0.6911,0.5214
pdraw_spiral,mobilenet_v3_large,V06PE01,1,gaussian_noise,5,0.7904,0.7273,0.7179,0.4988
pdraw_spiral,mobilenet_v3_large,V06PE01,1,contrast,1,0.6222,0.9078,0.7336,0.5071
pdraw_spiral,mobilenet_v3_large,V06PE01,1,contrast,2,0.7319,0.9189,0.7771,0.5649
pdraw_spiral,mobilenet_v3_large,V06PE01,1,contrast,3,0.8949,0.9547,0.8665,0.6553
pdraw_spiral,mobilenet_v3_large,V06PE01,1,contrast,4,0.9597,0.9723,0.9427,0.7877
pdraw_spiral,mobilenet_v3_large,V06PE01,1,contrast,5,0.9458,0.9463,0.9195,0.7716
pdraw_spiral,mobilenet_v3_large,V06PE01,1,brightness,1,0.9527,0.9476,0.9186,0.8034
pdraw_spiral,mobilenet_v3_large,V06PE01,1,brightness,2,0.9532,0.9627,0.9153,0.7642
pdraw_spiral,mobilenet_v3_large,V06PE01,1,brightness,3,0.9775,0.9768,0.9684,0.8606
pdraw_spiral,mobilenet_v3_large,V06PE01,1,brightness,4,0.6217,0.7026,0.4311,0.4288
pdraw_spiral,mobilenet_v3_large,V06PE01,1,brightness,5,0.4904,0.5335,0.3704,0.3302
pdraw_spiral,mobilenet_v3_large,V06PE01,1,shadow,1,0.9698,0.997,0.9781,0.8415
pdraw_spiral,mobilenet_v3_large,V06PE01,1,shadow,2,0.9195,0.993,0.94,0.7854
pdraw_spiral,mobilenet_v3_large,V06PE01,1,shadow,3,0.8998,0.9881,0.9128,0.7094
pdraw_spiral,mobilenet_v3_large,V06PE01,1,shadow,4,0.9176,0.9115,0.8789,0.7242
pdraw_spiral,mobilenet_v3_large,V06PE01,1,shadow,5,0.8333,0.8747,0.8217,0.5888
pdraw_spiral,mobilenet_v3_large,V06PE01,1,perspective,1,0.6831,0.948,0.7989,0.5582
pdraw_spiral,mobilenet_v3_large,V06PE01,1,perspective,2,0.7062,0.8851,0.8123,0.5461
pdraw_spiral,mobilenet_v3_large,V06PE01,1,perspective,3,0.7941,0.7366,0.7583,0.5049
pdraw_spiral,mobilenet_v3_large,V06PE01,1,perspective,4,0.7794,0.594,0.703,0.5153
pdraw_spiral,mobilenet_v3_large,V06PE01,1,perspective,5,0.6672,0.4817,0.5667,0.4099
pdraw_spiral,mobilenet_v3_large,V06PE01,1,rotation,1,0.3364,0.4556,0.6641,0.2679
pdraw_spiral,mobilenet_v3_large,V06PE01,1,rotation,2,0.4067,0.1901,0.4904,0.2146
pdraw_spiral,mobilenet_v3_large,V06PE01,1,rotation,3,0.1096,0.145,0.4782,0.2139
pdraw_spiral,mobilenet_v3_large,V06PE01,1,rotation,4,-0.1939,-0.3475,0.3706,0.0157
pdraw_spiral,mobilenet_v3_large,V06PE01,1,rotation,5,0.0707,-0.063,0.4537,0.1222
pdraw_spiral,mobilenet_v3_large,V03PE07,1,jpeg_compression,1,0.9818,0.9796,0.981,0.7984
pdraw_spiral,mobilenet_v3_large,V03PE07,1,jpeg_compression,2,0.9024,0.8882,0.9162,0.697
pdraw_spiral,mobilenet_v3_large,V03PE07,1,jpeg_compression,3,0.9135,0.9126,0.8995,0.6752
pdraw_spiral,mobilenet_v3_large,V03PE07,1,jpeg_compression,4,0.882,0.8894,0.8172,0.6513
pdraw_spiral,mobilenet_v3_large,V03PE07,1,jpeg_compression,5,0.8332,0.8462,0.8321,0.5423
pdraw_spiral,mobilenet_v3_large,V03PE07,1,gaussian_blur,1,0.9343,0.917,0.9395,0.6827
pdraw_spiral,mobilenet_v3_large,V03PE07,1,gaussian_blur,2,0.8565,0.8463,0.8881,0.5656
pdraw_spiral,mobilenet_v3_large,V03PE07,1,gaussian_blur,3,0.8244,0.7984,0.8814,0.4627
pdraw_spiral,mobilenet_v3_large,V03PE07,1,gaussian_blur,4,0.8406,0.8099,0.8835,0.5547
pdraw_spiral,mobilenet_v3_large,V03PE07,1,gaussian_blur,5,0.8473,0.8162,0.8734,0.5281
pdraw_spiral,mobilenet_v3_large,V03PE07,1,gaussian_noise,1,0.9739,0.9726,0.971,0.7499
pdraw_spiral,mobilenet_v3_large,V03PE07,1,gaussian_noise,2,0.9199,0.9169,0.9235,0.6643
pdraw_spiral,mobilenet_v3_large,V03PE07,1,gaussian_noise,3,0.9158,0.913,0.9287,0.675
pdraw_spiral,mobilenet_v3_large,V03PE07,1,gaussian_noise,4,0.8792,0.8871,0.9051,0.6246
pdraw_spiral,mobilenet_v3_large,V03PE07,1,gaussian_noise,5,0.7966,0.7909,0.8242,0.6132
pdraw_spiral,mobilenet_v3_large,V03PE07,1,contrast,1,0.9691,0.9657,0.9645,0.8297
pdraw_spiral,mobilenet_v3_large,V03PE07,1,contrast,2,0.9882,0.9859,0.9856,0.8988
pdraw_spiral,mobilenet_v3_large,V03PE07,1,contrast,3,0.9963,0.996,0.9951,0.9326
pdraw_spiral,mobilenet_v3_large,V03PE07,1,contrast,4,0.9893,0.9839,0.9913,0.8745
pdraw_spiral,mobilenet_v3_large,V03PE07,1,contrast,5,0.9756,0.9681,0.9765,0.8181
pdraw_spiral,mobilenet_v3_large,V03PE07,1,brightness,1,0.8822,0.8766,0.9158,0.5701
pdraw_spiral,mobilenet_v3_large,V03PE07,1,brightness,2,0.9192,0.9095,0.9435,0.5983
pdraw_spiral,mobilenet_v3_large,V03PE07,1,brightness,3,0.9654,0.9563,0.9764,0.7227
pdraw_spiral,mobilenet_v3_large,V03PE07,1,brightness,4,0.8653,0.8812,0.8745,0.6788
pdraw_spiral,mobilenet_v3_large,V03PE07,1,brightness,5,0.6826,0.6903,0.749,0.4551
pdraw_spiral,mobilenet_v3_large,V03PE07,1,shadow,1,0.9731,0.9685,0.9846,0.7329
pdraw_spiral,mobilenet_v3_large,V03PE07,1,shadow,2,0.9208,0.9155,0.9472,0.5996
pdraw_spiral,mobilenet_v3_large,V03PE07,1,shadow,3,0.8394,0.8611,0.9097,0.5184
pdraw_spiral,mobilenet_v3_large,V03PE07,1,shadow,4,0.7826,0.8154,0.8416,0.4317
pdraw_spiral,mobilenet_v3_large,V03PE07,1,shadow,5,0.7655,0.7981,0.8087,0.4054
pdraw_spiral,mobilenet_v3_large,V03PE07,1,perspective,1,0.8256,0.8157,0.8614,0.5351
pdraw_spiral,mobilenet_v3_large,V03PE07,1,perspective,2,0.7159,0.6622,0.7313,0.409
pdraw_spiral,mobilenet_v3_large,V03PE07,1,perspective,3,0.7471,0.7237,0.5783,0.4453
pdraw_spiral,mobilenet_v3_large,V03PE07,1,perspective,4,0.6171,0.5433,0.5495,0.3937
pdraw_spiral,mobilenet_v3_large,V03PE07,1,perspective,5,0.6206,0.5635,0.5681,0.3921
pdraw_spiral,mobilenet_v3_large,V03PE07,1,rotation,1,0.7781,0.7583,0.6548,0.5119
pdraw_spiral,mobilenet_v3_large,V03PE07,1,rotation,2,0.7871,0.788,0.5669,0.5226
pdraw_spiral,mobilenet_v3_large,V03PE07,1,rotation,3,0.5033,0.5038,0.4751,0.3019
pdraw_spiral,mobilenet_v3_large,V03PE07,1,rotation,4,0.4569,0.4479,0.3997,0.2721
pdraw_spiral,mobilenet_v3_large,V03PE07,1,rotation,5,0.0137,0.0883,0.2367,0.0826
