dataset,model,image,y_true,corruption,level,pearson_clean,spearman_clean,ssim_clean,iou_top20_clean
handpd_meander,resnet50,0305-8,0,jpeg_compression,1,0.9875,0.9719,0.8499,0.8982
handpd_meander,resnet50,0305-8,0,jpeg_compression,2,0.9146,0.9218,0.674,0.8045
handpd_meander,resnet50,0305-8,0,jpeg_compression,3,0.8836,0.8996,0.7051,0.7496
handpd_meander,resnet50,0305-8,0,jpeg_compression,4,0.7303,0.8028,0.5152,0.7429
handpd_meander,resnet50,0305-8,0,jpeg_compression,5,0.7137,0.679,0.5019,0.5168
handpd_meander,resnet50,0305-8,0,gaussian_blur,1,0.9895,0.9857,0.9481,0.8891
handpd_meander,resnet50,0305-8,0,gaussian_blur,2,0.9775,0.9603,0.8641,0.875
handpd_meander,resnet50,0305-8,0,gaussian_blur,3,0.9169,0.914,0.7905,0.7045
handpd_meander,resnet50,0305-8,0,gaussian_blur,4,0.8508,0.8796,0.8004,0.5809
handpd_meander,resnet50,0305-8,0,gaussian_blur,5,0.7443,0.8247,0.7581,0.465
handpd_meander,resnet50,0305-8,0,gaussian_noise,1,0.9944,0.9931,0.9703,0.9204
handpd_meander,resnet50,0305-8,0,gaussian_noise,2,0.9671,0.9207,0.8182,0.8712
handpd_meander,resnet50,0305-8,0,gaussian_noise,3,0.9421,0.9286,0.8542,0.7279
handpd_meander,resnet50,0305-8,0,gaussian_noise,4,0.8863,0.7875,0.6979,0.6891
handpd_meander,resnet50,0305-8,0,gaussian_noise,5,0.7799,0.7629,0.6477,0.4972
handpd_meander,resnet50,0305-8,0,contrast,1,0.7384,0.7753,0.6348,0.6251
handpd_meander,resnet50,0305-8,0,contrast,2,0.9173,0.9119,0.798,0.7625
handpd_meander,resnet50,0305-8,0,contrast,3,0.9864,0.9784,0.9309,0.8914
handpd_meander,resnet50,0305-8,0,contrast,4,0.932,0.9101,0.8557,0.7475
handpd_meander,resnet50,0305-8,0,contrast,5,0.8942,0.8819,0.8228,0.6935
handpd_meander,resnet50,0305-8,0,brightness,1,0.8185,0.7951,0.7144,0.5568
handpd_meander,resnet50,0305-8,0,brightness,2,0.9137,0.9141,0.8367,0.6656
handpd_meander,resnet50,0305-8,0,brightness,3,0.965,0.9746,0.9201,0.7683
handpd_meander,resnet50,0305-8,0,brightness,4,0.4867,0.7167,0.5528,0.2125
handpd_meander,resnet50,0305-8,0,brightness,5,0.5389,0.7168,0.4531,0.4377
handpd_meander,resnet50,0305-8,0,shadow,1,0.9878,0.988,0.9415,0.8691
handpd_meander,resnet50,0305-8,0,shadow,2,0.9558,0.9603,0.8479,0.7282
handpd_meander,resnet50,0305-8,0,shadow,3,0.8876,0.9052,0.7393,0.6486
handpd_meander,resnet50,0305-8,0,shadow,4,0.8415,0.8851,0.7095,0.6037
handpd_meander,resnet50,0305-8,0,shadow,5,0.8101,0.8141,0.6499,0.5797
handpd_meander,resnet50,0305-8,0,perspective,1,0.7772,0.7435,0.6554,0.4758
handpd_meander,resnet50,0305-8,0,perspective,2,0.7659,0.7824,0.6195,0.4537
handpd_meander,resnet50,0305-8,0,perspective,3,0.7517,0.7021,0.6754,0.4605
handpd_meander,resnet50,0305-8,0,perspective,4,0.5349,0.5475,0.5873,0.3159
handpd_meander,resnet50,0305-8,0,perspective,5,0.1537,0.0685,0.3946,0.1261
handpd_meander,resnet50,0305-8,0,rotation,1,0.6483,0.6264,0.5185,0.4861
handpd_meander,resnet50,0305-8,0,rotation,2,-0.056,-0.1973,0.1673,0.1021
handpd_meander,resnet50,0305-8,0,rotation,3,0.4049,0.488,0.3133,0.2627
handpd_meander,resnet50,0305-8,0,rotation,4,-0.0043,-0.235,0.0797,0.0634
handpd_meander,resnet50,0305-8,0,rotation,5,0.2841,0.4196,0.2795,0.2142
handpd_meander,resnet50,0102-6,0,jpeg_compression,1,0.8571,0.774,0.8104,0.6021
handpd_meander,resnet50,0102-6,0,jpeg_compression,2,0.8339,0.5389,0.7824,0.39
handpd_meander,resnet50,0102-6,0,jpeg_compression,3,0.6177,0.4034,0.7194,0.3254
handpd_meander,resnet50,0102-6,0,jpeg_compression,4,0.2584,0.5375,0.7224,0.3806
handpd_meander,resnet50,0102-6,0,jpeg_compression,5,0.1047,0.4125,0.6434,0.3058
handpd_meander,resnet50,0102-6,0,gaussian_blur,1,0.9599,0.8766,0.8946,0.7677
handpd_meander,resnet50,0102-6,0,gaussian_blur,2,0.7654,0.7015,0.7411,0.3818
handpd_meander,resnet50,0102-6,0,gaussian_blur,3,0.1046,0.2007,0.5258,0.1763
handpd_meander,resnet50,0102-6,0,gaussian_blur,4,-0.134,-0.0446,0.5218,0.0705
handpd_meander,resnet50,0102-6,0,gaussian_blur,5,-0.0774,-0.0048,0.459,0.1006
handpd_meander,resnet50,0102-6,0,gaussian_noise,1,0.9632,0.9375,0.9243,0.7189
handpd_meander,resnet50,0102-6,0,gaussian_noise,2,0.745,0.8226,0.8054,0.5912
handpd_meander,resnet50,0102-6,0,gaussian_noise,3,0.2916,0.5858,0.6823,0.3161
handpd_meander,resnet50,0102-6,0,gaussian_noise,4,0.5838,0.6522,0.7052,0.4861
handpd_meander,resnet50,0102-6,0,gaussian_noise,5,0.539,0.5482,0.4966,0.4983
handpd_meander,resnet50,0102-6,0,contrast,1,0.6857,0.7615,0.8175,0.5383
handpd_meander,resnet50,0102-6,0,contrast,2,0.8959,0.7775,0.8159,0.5597
handpd_meander,resnet50,0102-6,0,contrast,3,0.9681,0.9692,0.9618,0.8769
handpd_meander,resnet50,0102-6,0,contrast,4,0.7459,0.728,0.6108,0.6385
handpd_meander,resnet50,0102-6,0,contrast,5,0.6185,0.7828,0.6747,0.5297
handpd_meander,resnet50,0102-6,0,brightness,1,0.828,0.4029,0.6599,0.3877
handpd_meander,resnet50,0102-6,0,brightness,2,0.9099,0.5019,0.7724,0.3906
handpd_meander,resnet50,0102-6,0,brightness,3,0.9471,0.7828,0.8402,0.6561
handpd_meander,resnet50,0102-6,0,brightness,4,-0.0997,-0.2321,0.6083,0.2525
handpd_meander,resnet50,0102-6,0,brightness,5,-0.0965,-0.2321,0.6095,0.2525
handpd_meander,resnet50,0102-6,0,shadow,1,0.9644,0.9587,0.9134,0.8101
handpd_meander,resnet50,0102-6,0,shadow,2,0.8867,0.6814,0.7552,0.4021
handpd_meander,resnet50,0102-6,0,shadow,3,0.837,0.3944,0.6949,0.3903
handpd_meander,resnet50,0102-6,0,shadow,4,0.6529,0.4738,0.6694,0.3741
handpd_meander,resnet50,0102-6,0,shadow,5,0.4319,0.4057,0.6159,0.3429
handpd_meander,resnet50,0102-6,0,perspective,1,0.2621,0.5057,0.6534,0.3198
handpd_meander,resnet50,0102-6,0,perspective,2,0.2715,0.3583,0.6219,0.2498
handpd_meander,resnet50,0102-6,0,perspective,3,0.1077,0.2824,0.4622,0.1702
handpd_meander,resnet50,0102-6,0,perspective,4,0.0368,0.3067,0.5012,0.1878
handpd_meander,resnet50,0102-6,0,perspective,5,-0.0657,0.1749,0.4596,0.0579
handpd_meander,resnet50,0102-6,0,rotation,1,0.1895,0.3646,0.7219,0.2597
handpd_meander,resnet50,0102-6,0,rotation,2,-0.151,-0.2009,0.4363,0.0348
handpd_meander,resnet50,0102-6,0,rotation,3,0.0673,0.1738,0.6285,0.2651
handpd_meander,resnet50,0102-6,0,rotation,4,-0.1132,-0.0783,0.5318,0.041
handpd_meander,resnet50,0102-6,0,rotation,5,-0.0778,0.1136,0.5449,0.0962
handpd_meander,resnet50,0297-7,0,jpeg_compression,1,0.9842,0.9508,0.9179,0.8554
handpd_meander,resnet50,0297-7,0,jpeg_compression,2,0.9755,0.9308,0.8468,0.7473
handpd_meander,resnet50,0297-7,0,jpeg_compression,3,0.9728,0.9209,0.8672,0.7797
handpd_meander,resnet50,0297-7,0,jpeg_compression,4,0.8881,0.8456,0.6763,0.6631
handpd_meander,resnet50,0297-7,0,jpeg_compression,5,0.9803,0.7871,0.761,0.8264
handpd_meander,resnet50,0297-7,0,gaussian_blur,1,0.9954,0.9775,0.9594,0.8834
handpd_meander,resnet50,0297-7,0,gaussian_blur,2,0.9841,0.953,0.883,0.8518
handpd_meander,resnet50,0297-7,0,gaussian_blur,3,0.9537,0.9246,0.7864,0.7533
handpd_meander,resnet50,0297-7,0,gaussian_blur,4,0.9146,0.8774,0.7228,0.6962
handpd_meander,resnet50,0297-7,0,gaussian_blur,5,0.9049,0.8358,0.6642,0.6533
handpd_meander,resnet50,0297-7,0,gaussian_noise,1,0.9986,0.9984,0.9924,0.9427
handpd_meander,resnet50,0297-7,0,gaussian_noise,2,0.9721,0.9805,0.9355,0.7594
handpd_meander,resnet50,0297-7,0,gaussian_noise,3,0.9875,0.9334,0.8861,0.8486
handpd_meander,resnet50,0297-7,0,gaussian_noise,4,0.9378,0.8472,0.7508,0.783
handpd_meander,resnet50,0297-7,0,gaussian_noise,5,0.8373,0.6562,0.5815,0.5399
handpd_meander,resnet50,0297-7,0,contrast,1,0.9434,0.894,0.82,0.6863
handpd_meander,resnet50,0297-7,0,contrast,2,0.9664,0.9665,0.9052,0.7336
handpd_meander,resnet50,0297-7,0,contrast,3,0.9924,0.9661,0.9424,0.8687
handpd_meander,resnet50,0297-7,0,contrast,4,0.9689,0.9463,0.8114,0.8583
handpd_meander,resnet50,0297-7,0,contrast,5,0.9707,0.934,0.8642,0.8637
handpd_meander,resnet50,0297-7,0,brightness,1,0.9054,0.8881,0.8007,0.6016
handpd_meander,resnet50,0297-7,0,brightness,2,0.9605,0.9447,0.8783,0.7332
handpd_meander,resnet50,0297-7,0,brightness,3,0.9881,0.9611,0.9175,0.8789
handpd_meander,resnet50,0297-7,0,brightness,4,0.854,0.4758,0.6029,0.5339
handpd_meander,resnet50,0297-7,0,brightness,5,0.8021,0.4867,0.5771,0.4645
handpd_meander,resnet50,0297-7,0,shadow,1,0.9976,0.9931,0.9685,0.9478
handpd_meander,resnet50,0297-7,0,shadow,2,0.9928,0.9608,0.9082,0.9143
handpd_meander,resnet50,0297-7,0,shadow,3,0.9825,0.9398,0.8906,0.8815
handpd_meander,resnet50,0297-7,0,shadow,4,0.9777,0.9099,0.8476,0.8528
handpd_meander,resnet50,0297-7,0,shadow,5,0.963,0.8798,0.8107,0.7157
handpd_meander,resnet50,0297-7,0,perspective,1,0.922,0.7118,0.6934,0.6156
handpd_meander,resnet50,0297-7,0,perspective,2,0.8678,0.5598,0.5763,0.5144
handpd_meander,resnet50,0297-7,0,perspective,3,0.8057,0.4477,0.5318,0.4125
handpd_meander,resnet50,0297-7,0,perspective,4,0.8958,0.6521,0.5977,0.5893
handpd_meander,resnet50,0297-7,0,perspective,5,0.7928,0.6167,0.5946,0.4049
handpd_meander,resnet50,0297-7,0,rotation,1,0.2681,0.5462,0.5029,0.2114
handpd_meander,resnet50,0297-7,0,rotation,2,0.8421,0.5231,0.5782,0.5553
handpd_meander,resnet50,0297-7,0,rotation,3,0.0193,0.3603,0.4829,0.1385
handpd_meander,resnet50,0297-7,0,rotation,4,0.5927,0.3383,0.5181,0.3269
handpd_meander,resnet50,0297-7,0,rotation,5,0.6405,0.1835,0.4597,0.2225
handpd_meander,resnet50,0102-5,0,jpeg_compression,1,0.9822,0.9486,0.9449,0.8002
handpd_meander,resnet50,0102-5,0,jpeg_compression,2,0.9837,0.7507,0.8935,0.5564
handpd_meander,resnet50,0102-5,0,jpeg_compression,3,0.9613,0.7504,0.8699,0.553
handpd_meander,resnet50,0102-5,0,jpeg_compression,4,0.9809,0.7503,0.8709,0.551
handpd_meander,resnet50,0102-5,0,jpeg_compression,5,0.9442,0.7488,0.8664,0.5557
handpd_meander,resnet50,0102-5,0,gaussian_blur,1,0.9968,0.9987,0.9869,0.882
handpd_meander,resnet50,0102-5,0,gaussian_blur,2,0.988,0.9067,0.9436,0.7619
handpd_meander,resnet50,0102-5,0,gaussian_blur,3,0.9788,0.8947,0.9225,0.7256
handpd_meander,resnet50,0102-5,0,gaussian_blur,4,0.9659,0.8467,0.8994,0.6938
handpd_meander,resnet50,0102-5,0,gaussian_blur,5,0.9506,0.837,0.8819,0.6464
handpd_meander,resnet50,0102-5,0,gaussian_noise,1,0.9969,0.9987,0.988,0.885
handpd_meander,resnet50,0102-5,0,gaussian_noise,2,0.9629,0.9089,0.9303,0.7987
handpd_meander,resnet50,0102-5,0,gaussian_noise,3,0.9794,0.9053,0.9378,0.7615
handpd_meander,resnet50,0102-5,0,gaussian_noise,4,0.9819,0.9457,0.93,0.7226
handpd_meander,resnet50,0102-5,0,gaussian_noise,5,0.8035,0.4056,0.6788,0.2363
handpd_meander,resnet50,0102-5,0,contrast,1,0.9851,0.7509,0.8946,0.5515
handpd_meander,resnet50,0102-5,0,contrast,2,0.9841,0.7509,0.901,0.5553
handpd_meander,resnet50,0102-5,0,contrast,3,0.9925,0.9887,0.9412,0.765
handpd_meander,resnet50,0102-5,0,contrast,4,0.8335,0.7985,0.8405,0.511
handpd_meander,resnet50,0102-5,0,contrast,5,0.7783,0.6827,0.7826,0.4219
handpd_meander,resnet50,0102-5,0,brightness,1,0.3814,0.6629,0.7409,0.363
handpd_meander,resnet50,0102-5,0,brightness,2,0.9067,0.8024,0.8474,0.5736
handpd_meander,resnet50,0102-5,0,brightness,3,0.965,0.872,0.8844,0.6342
handpd_meander,resnet50,0102-5,0,brightness,4,0.978,0.7506,0.8554,0.5517
handpd_meander,resnet50,0102-5,0,brightness,5,0.9811,0.7502,0.877,0.5553
handpd_meander,resnet50,0102-5,0,shadow,1,0.9989,0.9582,0.982,0.9352
handpd_meander,resnet50,0102-5,0,shadow,2,0.9572,0.8808,0.8832,0.6833
handpd_meander,resnet50,0102-5,0,shadow,3,0.9023,0.7827,0.8314,0.6356
handpd_meander,resnet50,0102-5,0,shadow,4,0.926,0.7646,0.8069,0.6187
handpd_meander,resnet50,0102-5,0,shadow,5,0.9328,0.7174,0.8097,0.5498
handpd_meander,resnet50,0102-5,0,perspective,1,0.8897,0.6789,0.8213,0.5055
handpd_meander,resnet50,0102-5,0,perspective,2,0.9514,0.8384,0.8549,0.4916
handpd_meander,resnet50,0102-5,0,perspective,3,0.9311,0.6574,0.8336,0.5031
handpd_meander,resnet50,0102-5,0,perspective,4,0.9411,0.6615,0.8611,0.524
handpd_meander,resnet50,0102-5,0,perspective,5,0.9401,0.6714,0.8444,0.524
handpd_meander,resnet50,0102-5,0,rotation,1,0.3459,0.6245,0.7985,0.3639
handpd_meander,resnet50,0102-5,0,rotation,2,0.9405,0.7479,0.8689,0.5437
handpd_meander,resnet50,0102-5,0,rotation,3,0.7965,0.5035,0.7399,0.3594
handpd_meander,resnet50,0102-5,0,rotation,4,0.8623,0.7851,0.8534,0.524
handpd_meander,resnet50,0102-5,0,rotation,5,0.7527,0.2165,0.7127,0.2311
handpd_meander,resnet50,0129-6,0,jpeg_compression,1,nan,nan,0.9089,0.5077
handpd_meander,resnet50,0129-6,0,jpeg_compression,2,nan,nan,0.9089,0.5077
handpd_meander,resnet50,0129-6,0,jpeg_compression,3,nan,nan,0.9089,0.5077
handpd_meander,resnet50,0129-6,0,jpeg_compression,4,nan,nan,0.9089,0.5077
handpd_meander,resnet50,0129-6,0,jpeg_compression,5,-0.0898,-0.1785,0.6747,0.061
handpd_meander,resnet50,0129-6,0,gaussian_blur,1,0.4219,0.5263,0.8872,0.3706
handpd_meander,resnet50,0129-6,0,gaussian_blur,2,-0.0093,0.5717,0.8081,0.3243
handpd_meander,resnet50,0129-6,0,gaussian_blur,3,0.0839,0.3981,0.7451,0.2479
handpd_meander,resnet50,0129-6,0,gaussian_blur,4,0.1941,0.3722,0.6933,0.279
handpd_meander,resnet50,0129-6,0,gaussian_blur,5,0.1096,0.278,0.5775,0.2342
handpd_meander,resnet50,0129-6,0,gaussian_noise,1,0.8569,0.9994,0.9609,1.0
handpd_meander,resnet50,0129-6,0,gaussian_noise,2,nan,nan,0.9089,0.5077
handpd_meander,resnet50,0129-6,0,gaussian_noise,3,0.0898,0.4484,0.8434,0.3427
handpd_meander,resnet50,0129-6,0,gaussian_noise,4,-0.0374,0.1534,0.6594,0.0822
handpd_meander,resnet50,0129-6,0,gaussian_noise,5,0.4693,0.4758,0.7523,0.1784
handpd_meander,resnet50,0129-6,0,contrast,1,0.9141,0.8167,0.9618,0.7345
handpd_meander,resnet50,0129-6,0,contrast,2,0.9833,0.9999,0.9902,1.0
handpd_meander,resnet50,0129-6,0,contrast,3,0.9655,0.9998,0.983,1.0
handpd_meander,resnet50,0129-6,0,contrast,4,0.5884,0.47,0.6702,0.3374
handpd_meander,resnet50,0129-6,0,contrast,5,0.5565,0.4657,0.6768,0.3155
handpd_meander,resnet50,0129-6,0,brightness,1,0.5754,0.5293,0.7602,0.4165
handpd_meander,resnet50,0129-6,0,brightness,2,0.868,0.6425,0.9114,0.5137
handpd_meander,resnet50,0129-6,0,brightness,3,0.9805,0.797,0.9665,0.5312
handpd_meander,resnet50,0129-6,0,brightness,4,-0.0447,-0.0913,0.8459,0.5037
handpd_meander,resnet50,0129-6,0,brightness,5,-0.046,-0.0913,0.843,0.5037
handpd_meander,resnet50,0129-6,0,shadow,1,0.9797,0.9999,0.9893,1.0
handpd_meander,resnet50,0129-6,0,shadow,2,0.5954,0.5696,0.8474,0.5998
handpd_meander,resnet50,0129-6,0,shadow,3,0.5056,0.5308,0.7608,0.571
handpd_meander,resnet50,0129-6,0,shadow,4,0.4511,0.5247,0.7354,0.5667
handpd_meander,resnet50,0129-6,0,shadow,5,0.3905,0.5192,0.7356,0.577
handpd_meander,resnet50,0129-6,0,perspective,1,-0.0704,-0.1155,0.7917,0.0462
handpd_meander,resnet50,0129-6,0,perspective,2,-0.0672,-0.1155,0.7928,0.0462
handpd_meander,resnet50,0129-6,0,perspective,3,-0.0596,0.2124,0.7396,0.1516
handpd_meander,resnet50,0129-6,0,perspective,4,-0.0727,-0.1925,0.7287,0.0994
handpd_meander,resnet50,0129-6,0,perspective,5,-0.0425,0.3275,0.724,0.1257
handpd_meander,resnet50,0129-6,0,rotation,1,nan,nan,0.9089,0.5077
handpd_meander,resnet50,0129-6,0,rotation,2,-0.056,-0.1545,0.7633,0.1401
handpd_meander,resnet50,0129-6,0,rotation,3,-0.0344,0.1509,0.8294,0.1852
handpd_meander,resnet50,0129-6,0,rotation,4,-0.0556,-0.1183,0.8049,0.3485
handpd_meander,resnet50,0129-6,0,rotation,5,-0.0524,-0.0098,0.7905,0.1304
handpd_meander,resnet50,0024-8,1,jpeg_compression,1,0.9879,0.9875,0.9672,0.8201
handpd_meander,resnet50,0024-8,1,jpeg_compression,2,0.9656,0.9614,0.8958,0.7068
handpd_meander,resnet50,0024-8,1,jpeg_compression,3,0.9392,0.9439,0.8513,0.6172
handpd_meander,resnet50,0024-8,1,jpeg_compression,4,0.8604,0.8751,0.7609,0.5565
handpd_meander,resnet50,0024-8,1,jpeg_compression,5,0.6429,0.6356,0.5423,0.3607
handpd_meander,resnet50,0024-8,1,gaussian_blur,1,0.9802,0.9855,0.9457,0.7934
handpd_meander,resnet50,0024-8,1,gaussian_blur,2,0.942,0.9592,0.8768,0.6175
handpd_meander,resnet50,0024-8,1,gaussian_blur,3,0.8489,0.8866,0.751,0.4757
handpd_meander,resnet50,0024-8,1,gaussian_blur,4,0.7556,0.8202,0.6885,0.3747
handpd_meander,resnet50,0024-8,1,gaussian_blur,5,0.6676,0.7513,0.6741,0.3143
handpd_meander,resnet50,0024-8,1,gaussian_noise,1,0.9963,0.9969,0.9946,0.9047
handpd_meander,resnet50,0024-8,1,gaussian_noise,2,0.9604,0.9697,0.9396,0.6551
handpd_meander,resnet50,0024-8,1,gaussian_noise,3,0.9429,0.9614,0.8663,0.6357
handpd_meander,resnet50,0024-8,1,gaussian_noise,4,0.9107,0.946,0.7936,0.6084
handpd_meander,resnet50,0024-8,1,gaussian_noise,5,0.9055,0.908,0.8018,0.5954
handpd_meander,resnet50,0024-8,1,contrast,1,0.7983,0.847,0.7885,0.4411
handpd_meander,resnet50,0024-8,1,contrast,2,0.9231,0.9435,0.8658,0.5813
handpd_meander,resnet50,0024-8,1,contrast,3,0.975,0.9805,0.9632,0.7628
handpd_meander,resnet50,0024-8,1,contrast,4,0.9784,0.9828,0.867,0.757
handpd_meander,resnet50,0024-8,1,contrast,5,0.9517,0.9666,0.8309,0.6256
handpd_meander,resnet50,0024-8,1,brightness,1,0.9527,0.9418,0.8381,0.7362
handpd_meander,resnet50,0024-8,1,brightness,2,0.9605,0.9398,0.815,0.755
handpd_meander,resnet50,0024-8,1,brightness,3,0.9793,0.9813,0.8816,0.8179
handpd_meander,resnet50,0024-8,1,brightness,4,0.7023,0.738,0.4952,0.5054
handpd_meander,resnet50,0024-8,1,brightness,5,0.7231,0.7934,0.4704,0.5739
handpd_meander,resnet50,0024-8,1,shadow,1,0.9896,0.9917,0.9645,0.8428
handpd_meander,resnet50,0024-8,1,shadow,2,0.9708,0.9722,0.9067,0.7559
handpd_meander,resnet50,0024-8,1,shadow,3,0.9685,0.9725,0.8965,0.7293
handpd_meander,resnet50,0024-8,1,shadow,4,0.9468,0.9616,0.8682,0.683
handpd_meander,resnet50,0024-8,1,shadow,5,0.9452,0.9609,0.867,0.6816
handpd_meander,resnet50,0024-8,1,perspective,1,0.9261,0.9301,0.8609,0.6502
handpd_meander,resnet50,0024-8,1,perspective,2,0.8583,0.8444,0.738,0.6483
handpd_meander,resnet50,0024-8,1,perspective,3,0.7848,0.7248,0.6365,0.4697
handpd_meander,resnet50,0024-8,1,perspective,4,0.5756,0.5994,0.5496,0.41
handpd_meander,resnet50,0024-8,1,perspective,5,0.0597,0.3581,0.3889,0.1266
handpd_meander,resnet50,0024-8,1,rotation,1,0.7253,0.7086,0.6049,0.3759
handpd_meander,resnet50,0024-8,1,rotation,2,0.6964,0.5983,0.449,0.4766
handpd_meander,resnet50,0024-8,1,rotation,3,0.4485,0.4422,0.4504,0.3199
handpd_meander,resnet50,0024-8,1,rotation,4,0.3011,0.3272,0.3756,0.238
handpd_meander,resnet50,0024-8,1,rotation,5,-0.0691,0.08,0.3308,0.1439
handpd_meander,resnet50,0181-8,1,jpeg_compression,1,0.9949,0.9857,0.8673,0.9038
handpd_meander,resnet50,0181-8,1,jpeg_compression,2,0.9757,0.9642,0.7924,0.8102
handpd_meander,resnet50,0181-8,1,jpeg_compression,3,0.9579,0.9696,0.782,0.7055
handpd_meander,resnet50,0181-8,1,jpeg_compression,4,0.8453,0.8756,0.6064,0.5461
handpd_meander,resnet50,0181-8,1,jpeg_compression,5,0.7128,0.6865,0.5494,0.4753
handpd_meander,resnet50,0181-8,1,gaussian_blur,1,0.9893,0.9858,0.9618,0.8739
handpd_meander,resnet50,0181-8,1,gaussian_blur,2,0.9593,0.9584,0.9195,0.7384
handpd_meander,resnet50,0181-8,1,gaussian_blur,3,0.9345,0.939,0.8518,0.6719
handpd_meander,resnet50,0181-8,1,gaussian_blur,4,0.8937,0.8913,0.7863,0.6314
handpd_meander,resnet50,0181-8,1,gaussian_blur,5,0.8493,0.8519,0.7315,0.6171
handpd_meander,resnet50,0181-8,1,gaussian_noise,1,0.9919,0.992,0.9753,0.857
handpd_meander,resnet50,0181-8,1,gaussian_noise,2,0.9652,0.9747,0.9133,0.7625
handpd_meander,resnet50,0181-8,1,gaussian_noise,3,0.9409,0.9641,0.8852,0.7003
handpd_meander,resnet50,0181-8,1,gaussian_noise,4,0.8546,0.8817,0.6921,0.5984
handpd_meander,resnet50,0181-8,1,gaussian_noise,5,0.783,0.8429,0.713,0.5251
handpd_meander,resnet50,0181-8,1,contrast,1,0.9546,0.9512,0.874,0.7043
handpd_meander,resnet50,0181-8,1,contrast,2,0.9794,0.9756,0.9272,0.7971
handpd_meander,resnet50,0181-8,1,contrast,3,0.9911,0.9913,0.9704,0.8337
handpd_meander,resnet50,0181-8,1,contrast,4,0.8713,0.879,0.7886,0.5998
handpd_meander,resnet50,0181-8,1,contrast,5,0.7753,0.8009,0.7154,0.5206
handpd_meander,resnet50,0181-8,1,brightness,1,0.913,0.9279,0.8072,0.6665
handpd_meander,resnet50,0181-8,1,brightness,2,0.9467,0.9577,0.8468,0.7147
handpd_meander,resnet50,0181-8,1,brightness,3,0.9625,0.9706,0.8883,0.7452
handpd_meander,resnet50,0181-8,1,brightness,4,0.6369,0.559,0.3751,0.4504
handpd_meander,resnet50,0181-8,1,brightness,5,0.6249,0.6457,0.3991,0.4642
handpd_meander,resnet50,0181-8,1,shadow,1,0.9865,0.9856,0.9353,0.8575
handpd_meander,resnet50,0181-8,1,shadow,2,0.9712,0.9639,0.8778,0.8104
handpd_meander,resnet50,0181-8,1,shadow,3,0.9529,0.9414,0.8378,0.7481
handpd_meander,resnet50,0181-8,1,shadow,4,0.9388,0.9315,0.7786,0.7061
handpd_meander,resnet50,0181-8,1,shadow,5,0.9121,0.9121,0.7281,0.642
handpd_meander,resnet50,0181-8,1,perspective,1,0.8514,0.8602,0.7334,0.5925
handpd_meander,resnet50,0181-8,1,perspective,2,0.8003,0.7687,0.5737,0.5551
handpd_meander,resnet50,0181-8,1,perspective,3,0.6501,0.5854,0.5573,0.548
handpd_meander,resnet50,0181-8,1,perspective,4,0.5138,0.559,0.4934,0.5106
handpd_meander,resnet50,0181-8,1,perspective,5,0.4212,0.4478,0.425,0.3866
handpd_meander,resnet50,0181-8,1,rotation,1,0.8582,0.8984,0.7206,0.6802
handpd_meander,resnet50,0181-8,1,rotation,2,0.6797,0.6002,0.5056,0.4729
handpd_meander,resnet50,0181-8,1,rotation,3,0.3369,0.3916,0.4148,0.3089
handpd_meander,resnet50,0181-8,1,rotation,4,-0.0136,0.0189,0.1522,0.1876
handpd_meander,resnet50,0181-8,1,rotation,5,0.26,0.2308,0.2846,0.2654
handpd_meander,resnet50,0138-7,1,jpeg_compression,1,0.9796,0.9765,0.9518,0.8367
handpd_meander,resnet50,0138-7,1,jpeg_compression,2,0.9439,0.848,0.8936,0.5879
handpd_meander,resnet50,0138-7,1,jpeg_compression,3,0.9413,0.9124,0.8941,0.5879
handpd_meander,resnet50,0138-7,1,jpeg_compression,4,0.9136,0.6731,0.7937,0.4445
handpd_meander,resnet50,0138-7,1,jpeg_compression,5,0.8623,0.2526,0.7029,0.3587
handpd_meander,resnet50,0138-7,1,gaussian_blur,1,0.987,0.94,0.9857,0.9123
handpd_meander,resnet50,0138-7,1,gaussian_blur,2,0.964,0.9048,0.9426,0.8789
handpd_meander,resnet50,0138-7,1,gaussian_blur,3,0.9179,0.8895,0.8332,0.7774
handpd_meander,resnet50,0138-7,1,gaussian_blur,4,0.9193,0.8614,0.7832,0.7823
handpd_meander,resnet50,0138-7,1,gaussian_blur,5,0.9069,0.8541,0.7694,0.6815
handpd_meander,resnet50,0138-7,1,gaussian_noise,1,0.9994,0.9817,0.9809,0.9311
handpd_meander,resnet50,0138-7,1,gaussian_noise,2,0.9856,0.9248,0.9372,0.7862
handpd_meander,resnet50,0138-7,1,gaussian_noise,3,0.9721,0.8495,0.8725,0.5663
handpd_meander,resnet50,0138-7,1,gaussian_noise,4,0.9728,0.8734,0.8835,0.6686
handpd_meander,resnet50,0138-7,1,gaussian_noise,5,0.8663,0.6838,0.7063,0.563
handpd_meander,resnet50,0138-7,1,contrast,1,0.7136,0.5895,0.7342,0.3361
handpd_meander,resnet50,0138-7,1,contrast,2,0.9517,0.8551,0.8778,0.6393
handpd_meander,resnet50,0138-7,1,contrast,3,0.9753,0.9933,0.9462,0.7428
handpd_meander,resnet50,0138-7,1,contrast,4,0.8936,0.7138,0.7647,0.5434
handpd_meander,resnet50,0138-7,1,contrast,5,0.9033,0.6717,0.7082,0.5325
handpd_meander,resnet50,0138-7,1,brightness,1,0.765,0.7712,0.7688,0.5701
handpd_meander,resnet50,0138-7,1,brightness,2,0.9863,0.8307,0.879,0.767
handpd_meander,resnet50,0138-7,1,brightness,3,0.9887,0.8759,0.9107,0.7396
handpd_meander,resnet50,0138-7,1,brightness,4,0.9106,0.3926,0.7282,0.3881
handpd_meander,resnet50,0138-7,1,brightness,5,0.9355,0.2967,0.7142,0.3579
handpd_meander,resnet50,0138-7,1,shadow,1,0.9924,0.9233,0.9671,0.8675
handpd_meander,resnet50,0138-7,1,shadow,2,0.9937,0.841,0.8859,0.8754
handpd_meander,resnet50,0138-7,1,shadow,3,0.9481,0.7382,0.7726,0.6223
handpd_meander,resnet50,0138-7,1,shadow,4,0.9231,0.6266,0.7214,0.5995
handpd_meander,resnet50,0138-7,1,shadow,5,0.91,0.6065,0.6863,0.6259
handpd_meander,resnet50,0138-7,1,perspective,1,0.9585,0.775,0.841,0.5682
handpd_meander,resnet50,0138-7,1,perspective,2,0.8744,0.7659,0.7944,0.4125
handpd_meander,resnet50,0138-7,1,perspective,3,0.6727,0.5222,0.6678,0.3863
handpd_meander,resnet50,0138-7,1,perspective,4,0.2658,0.4158,0.5662,0.347
handpd_meander,resnet50,0138-7,1,perspective,5,0.2155,0.4198,0.6535,0.3474
handpd_meander,resnet50,0138-7,1,rotation,1,0.7051,0.5968,0.6711,0.467
handpd_meander,resnet50,0138-7,1,rotation,2,-0.0147,0.282,0.6206,0.2378
handpd_meander,resnet50,0138-7,1,rotation,3,0.6396,0.282,0.7057,0.2674
handpd_meander,resnet50,0138-7,1,rotation,4,0.0079,0.2053,0.6049,0.1789
handpd_meander,resnet50,0138-7,1,rotation,5,-0.0585,0.1318,0.6352,0.0655
handpd_meander,resnet50,0038-5,1,jpeg_compression,1,0.9955,0.9822,0.9214,0.9013
handpd_meander,resnet50,0038-5,1,jpeg_compression,2,0.9889,0.9744,0.8902,0.8651
handpd_meander,resnet50,0038-5,1,jpeg_compression,3,0.9634,0.9439,0.862,0.7764
handpd_meander,resnet50,0038-5,1,jpeg_compression,4,0.9667,0.9701,0.9035,0.6981
handpd_meander,resnet50,0038-5,1,jpeg_compression,5,0.7041,0.7069,0.5584,0.4127
handpd_meander,resnet50,0038-5,1,gaussian_blur,1,0.9881,0.9782,0.9301,0.8645
handpd_meander,resnet50,0038-5,1,gaussian_blur,2,0.9717,0.9493,0.8742,0.775
handpd_meander,resnet50,0038-5,1,gaussian_blur,3,0.9152,0.879,0.7944,0.6883
handpd_meander,resnet50,0038-5,1,gaussian_blur,4,0.8422,0.8188,0.7,0.5924
handpd_meander,resnet50,0038-5,1,gaussian_blur,5,0.7272,0.7363,0.5803,0.4039
handpd_meander,resnet50,0038-5,1,gaussian_noise,1,0.9972,0.9959,0.9896,0.9476
handpd_meander,resnet50,0038-5,1,gaussian_noise,2,0.9815,0.9627,0.9119,0.863
handpd_meander,resnet50,0038-5,1,gaussian_noise,3,0.9766,0.9494,0.8348,0.8722
handpd_meander,resnet50,0038-5,1,gaussian_noise,4,0.9114,0.8154,0.6302,0.6353
handpd_meander,resnet50,0038-5,1,gaussian_noise,5,0.8802,0.7833,0.616,0.5654
handpd_meander,resnet50,0038-5,1,contrast,1,0.9373,0.9458,0.8732,0.6342
handpd_meander,resnet50,0038-5,1,contrast,2,0.9717,0.9648,0.9134,0.7075
handpd_meander,resnet50,0038-5,1,contrast,3,0.9878,0.9844,0.946,0.8224
handpd_meander,resnet50,0038-5,1,contrast,4,0.967,0.9345,0.8497,0.7633
handpd_meander,resnet50,0038-5,1,contrast,5,0.9404,0.8908,0.7907,0.6968
handpd_meander,resnet50,0038-5,1,brightness,1,0.8764,0.7028,0.6615,0.6083
handpd_meander,resnet50,0038-5,1,brightness,2,0.9294,0.8496,0.8052,0.6914
handpd_meander,resnet50,0038-5,1,brightness,3,0.9541,0.8959,0.8501,0.7805
handpd_meander,resnet50,0038-5,1,brightness,4,0.7017,0.3753,0.4783,0.3923
handpd_meander,resnet50,0038-5,1,brightness,5,0.6724,0.5244,0.4992,0.3585
handpd_meander,resnet50,0038-5,1,shadow,1,0.9725,0.9277,0.8886,0.8654
handpd_meander,resnet50,0038-5,1,shadow,2,0.9388,0.8288,0.7483,0.7407
handpd_meander,resnet50,0038-5,1,shadow,3,0.9018,0.7672,0.6672,0.7116
handpd_meander,resnet50,0038-5,1,shadow,4,0.8789,0.7463,0.6442,0.6501
handpd_meander,resnet50,0038-5,1,shadow,5,0.8564,0.7353,0.6212,0.5666
handpd_meander,resnet50,0038-5,1,perspective,1,0.9531,0.9128,0.8387,0.7907
handpd_meander,resnet50,0038-5,1,perspective,2,0.879,0.7946,0.7008,0.6602
handpd_meander,resnet50,0038-5,1,perspective,3,0.8454,0.8235,0.5914,0.6451
handpd_meander,resnet50,0038-5,1,perspective,4,0.856,0.8154,0.6766,0.5398
handpd_meander,resnet50,0038-5,1,perspective,5,0.7454,0.817,0.6827,0.4868
handpd_meander,resnet50,0038-5,1,rotation,1,0.8558,0.8468,0.6609,0.658
handpd_meander,resnet50,0038-5,1,rotation,2,0.8729,0.5457,0.4561,0.5918
handpd_meander,resnet50,0038-5,1,rotation,3,0.5539,0.3718,0.4049,0.3467
handpd_meander,resnet50,0038-5,1,rotation,4,0.6907,0.6213,0.4395,0.4227
handpd_meander,resnet50,0038-5,1,rotation,5,0.6276,0.4311,0.4668,0.3702
handpd_meander,resnet50,0003-6,1,jpeg_compression,1,0.9936,0.9902,0.9884,0.945
handpd_meander,resnet50,0003-6,1,jpeg_compression,2,0.9681,0.9614,0.9598,0.8344
handpd_meander,resnet50,0003-6,1,jpeg_compression,3,0.9518,0.9389,0.9294,0.7851
handpd_meander,resnet50,0003-6,1,jpeg_compression,4,0.9584,0.9335,0.9445,0.8327
handpd_meander,resnet50,0003-6,1,jpeg_compression,5,0.9228,0.9192,0.8795,0.6497
handpd_meander,resnet50,0003-6,1,gaussian_blur,1,0.987,0.9872,0.9651,0.9184
handpd_meander,resnet50,0003-6,1,gaussian_blur,2,0.951,0.9682,0.9223,0.8445
handpd_meander,resnet50,0003-6,1,gaussian_blur,3,0.8639,0.923,0.9031,0.6592
handpd_meander,resnet50,0003-6,1,gaussian_blur,4,0.7725,0.8744,0.864,0.4487
handpd_meander,resnet50,0003-6,1,gaussian_blur,5,0.7284,0.8462,0.8444,0.3644
handpd_meander,resnet50,0003-6,1,gaussian_noise,1,0.9983,0.9974,0.9966,0.9709
handpd_meander,resnet50,0003-6,1,gaussian_noise,2,0.9776,0.9748,0.9692,0.8544
handpd_meander,resnet50,0003-6,1,gaussian_noise,3,0.9779,0.9752,0.9677,0.8435
handpd_meander,resnet50,0003-6,1,gaussian_noise,4,0.9673,0.965,0.9577,0.826
handpd_meander,resnet50,0003-6,1,gaussian_noise,5,0.9319,0.9161,0.9196,0.6585
handpd_meander,resnet50,0003-6,1,contrast,1,0.9761,0.9637,0.9692,0.8052
handpd_meander,resnet50,0003-6,1,contrast,2,0.9904,0.9826,0.9847,0.8964
handpd_meander,resnet50,0003-6,1,contrast,3,0.9957,0.9918,0.9935,0.9448
handpd_meander,resnet50,0003-6,1,contrast,4,0.9798,0.9767,0.9611,0.8455
handpd_meander,resnet50,0003-6,1,contrast,5,0.9682,0.964,0.9544,0.8119
handpd_meander,resnet50,0003-6,1,brightness,1,0.9694,0.9548,0.9146,0.8337
handpd_meander,resnet50,0003-6,1,brightness,2,0.9846,0.976,0.974,0.8776
handpd_meander,resnet50,0003-6,1,brightness,3,0.983,0.971,0.9649,0.8682
handpd_meander,resnet50,0003-6,1,brightness,4,0.9262,0.9292,0.8162,0.7359
handpd_meander,resnet50,0003-6,1,brightness,5,0.8616,0.8889,0.877,0.5649
handpd_meander,resnet50,0003-6,1,shadow,1,0.9906,0.9848,0.9843,0.8984
handpd_meander,resnet50,0003-6,1,shadow,2,0.982,0.9696,0.9784,0.8661
handpd_meander,resnet50,0003-6,1,shadow,3,0.9633,0.9325,0.9524,0.8066
handpd_meander,resnet50,0003-6,1,shadow,4,0.9324,0.8901,0.905,0.6802
handpd_meander,resnet50,0003-6,1,shadow,5,0.9202,0.8863,0.8865,0.6309
handpd_meander,resnet50,0003-6,1,perspective,1,0.9299,0.9354,0.9328,0.6223
handpd_meander,resnet50,0003-6,1,perspective,2,0.8323,0.8289,0.8554,0.4794
handpd_meander,resnet50,0003-6,1,perspective,3,0.8881,0.8079,0.8391,0.7279
handpd_meander,resnet50,0003-6,1,perspective,4,0.8259,0.7885,0.813,0.711
handpd_meander,resnet50,0003-6,1,perspective,5,0.8219,0.7895,0.7961,0.7084
handpd_meander,resnet50,0003-6,1,rotation,1,0.826,0.8458,0.8162,0.4999
handpd_meander,resnet50,0003-6,1,rotation,2,0.7062,0.6258,0.6934,0.5891
handpd_meander,resnet50,0003-6,1,rotation,3,0.8272,0.7796,0.7726,0.6264
handpd_meander,resnet50,0003-6,1,rotation,4,0.6226,0.5946,0.6593,0.4221
handpd_meander,resnet50,0003-6,1,rotation,5,0.6972,0.6882,0.657,0.4613
handpd_meander,vgg16,0305-8,0,jpeg_compression,1,0.9967,0.998,0.9919,0.8975
handpd_meander,vgg16,0305-8,0,jpeg_compression,2,0.9931,0.9931,0.9796,0.8778
handpd_meander,vgg16,0305-8,0,jpeg_compression,3,0.9688,0.9716,0.9411,0.7628
handpd_meander,vgg16,0305-8,0,jpeg_compression,4,0.9796,0.9816,0.9459,0.7931
handpd_meander,vgg16,0305-8,0,jpeg_compression,5,0.4582,0.4667,0.5266,0.2802
handpd_meander,vgg16,0305-8,0,gaussian_blur,1,0.9909,0.9897,0.9729,0.8963
handpd_meander,vgg16,0305-8,0,gaussian_blur,2,0.9772,0.9732,0.947,0.8354
handpd_meander,vgg16,0305-8,0,gaussian_blur,3,0.9488,0.9408,0.9065,0.7527
handpd_meander,vgg16,0305-8,0,gaussian_blur,4,0.9236,0.9097,0.88,0.6942
handpd_meander,vgg16,0305-8,0,gaussian_blur,5,0.9118,0.8977,0.8669,0.6605
handpd_meander,vgg16,0305-8,0,gaussian_noise,1,0.9969,0.9973,0.9829,0.9235
handpd_meander,vgg16,0305-8,0,gaussian_noise,2,0.9915,0.9908,0.9722,0.8698
handpd_meander,vgg16,0305-8,0,gaussian_noise,3,0.9795,0.9784,0.9293,0.7706
handpd_meander,vgg16,0305-8,0,gaussian_noise,4,0.9424,0.9494,0.8944,0.7182
handpd_meander,vgg16,0305-8,0,gaussian_noise,5,0.8234,0.818,0.7301,0.5243
handpd_meander,vgg16,0305-8,0,contrast,1,0.8917,0.8925,0.8178,0.6329
handpd_meander,vgg16,0305-8,0,contrast,2,0.9662,0.9624,0.9257,0.7759
handpd_meander,vgg16,0305-8,0,contrast,3,0.9868,0.9875,0.9683,0.8428
handpd_meander,vgg16,0305-8,0,contrast,4,0.9921,0.9914,0.9616,0.8503
handpd_meander,vgg16,0305-8,0,contrast,5,0.9772,0.9774,0.9327,0.7487
handpd_meander,vgg16,0305-8,0,brightness,1,0.8733,0.8531,0.7857,0.7019
handpd_meander,vgg16,0305-8,0,brightness,2,0.9545,0.9494,0.8728,0.816
handpd_meander,vgg16,0305-8,0,brightness,3,0.9738,0.9705,0.9223,0.805
handpd_meander,vgg16,0305-8,0,brightness,4,0.3166,0.4042,0.2896,0.212
handpd_meander,vgg16,0305-8,0,brightness,5,0.3811,0.4892,0.3284,0.2525
handpd_meander,vgg16,0305-8,0,shadow,1,0.9909,0.986,0.9698,0.8966
handpd_meander,vgg16,0305-8,0,shadow,2,0.9703,0.9562,0.9082,0.8727
handpd_meander,vgg16,0305-8,0,shadow,3,0.9253,0.8905,0.857,0.8349
handpd_meander,vgg16,0305-8,0,shadow,4,0.85,0.8048,0.8228,0.772
handpd_meander,vgg16,0305-8,0,shadow,5,0.8203,0.7802,0.816,0.7383
handpd_meander,vgg16,0305-8,0,perspective,1,0.9143,0.9196,0.8446,0.7189
handpd_meander,vgg16,0305-8,0,perspective,2,0.8799,0.8565,0.8302,0.6789
handpd_meander,vgg16,0305-8,0,perspective,3,0.8439,0.8144,0.7366,0.6721
handpd_meander,vgg16,0305-8,0,perspective,4,0.7799,0.755,0.7031,0.5692
handpd_meander,vgg16,0305-8,0,perspective,5,0.7211,0.7311,0.6804,0.5097
handpd_meander,vgg16,0305-8,0,rotation,1,0.8158,0.804,0.7047,0.4139
handpd_meander,vgg16,0305-8,0,rotation,2,0.7014,0.785,0.5072,0.3642
handpd_meander,vgg16,0305-8,0,rotation,3,0.4349,0.5095,0.3676,0.2232
handpd_meander,vgg16,0305-8,0,rotation,4,0.4778,0.5599,0.4394,0.2183
handpd_meander,vgg16,0305-8,0,rotation,5,0.3173,0.3545,0.3979,0.2162
handpd_meander,vgg16,0102-6,0,jpeg_compression,1,0.9919,0.9857,0.947,0.9204
handpd_meander,vgg16,0102-6,0,jpeg_compression,2,0.9723,0.9838,0.9314,0.8409
handpd_meander,vgg16,0102-6,0,jpeg_compression,3,0.983,0.9636,0.9044,0.8743
handpd_meander,vgg16,0102-6,0,jpeg_compression,4,0.9706,0.9729,0.8727,0.8314
handpd_meander,vgg16,0102-6,0,jpeg_compression,5,0.855,0.7759,0.6196,0.6803
handpd_meander,vgg16,0102-6,0,gaussian_blur,1,0.9926,0.9905,0.9621,0.885
handpd_meander,vgg16,0102-6,0,gaussian_blur,2,0.9867,0.9828,0.9347,0.8542
handpd_meander,vgg16,0102-6,0,gaussian_blur,3,0.9672,0.9669,0.8859,0.7932
handpd_meander,vgg16,0102-6,0,gaussian_blur,4,0.9516,0.9567,0.8562,0.7611
handpd_meander,vgg16,0102-6,0,gaussian_blur,5,0.9421,0.9589,0.8608,0.7381
handpd_meander,vgg16,0102-6,0,gaussian_noise,1,0.9953,0.9921,0.9622,0.9523
handpd_meander,vgg16,0102-6,0,gaussian_noise,2,0.9696,0.949,0.8085,0.8778
handpd_meander,vgg16,0102-6,0,gaussian_noise,3,0.9444,0.9215,0.7993,0.7678
handpd_meander,vgg16,0102-6,0,gaussian_noise,4,0.8811,0.7562,0.6544,0.7114
handpd_meander,vgg16,0102-6,0,gaussian_noise,5,0.7984,0.7348,0.5536,0.6297
handpd_meander,vgg16,0102-6,0,contrast,1,0.8808,0.8705,0.7378,0.5791
handpd_meander,vgg16,0102-6,0,contrast,2,0.9513,0.9142,0.7873,0.6911
handpd_meander,vgg16,0102-6,0,contrast,3,0.9915,0.9862,0.9582,0.8812
handpd_meander,vgg16,0102-6,0,contrast,4,0.9787,0.9704,0.9213,0.8916
handpd_meander,vgg16,0102-6,0,contrast,5,0.9626,0.9498,0.865,0.8563
handpd_meander,vgg16,0102-6,0,brightness,1,0.9315,0.9298,0.7966,0.6472
handpd_meander,vgg16,0102-6,0,brightness,2,0.9408,0.9428,0.8726,0.7095
handpd_meander,vgg16,0102-6,0,brightness,3,0.9561,0.9555,0.8923,0.7351
handpd_meander,vgg16,0102-6,0,brightness,4,0.4843,0.4447,0.3602,0.2834
handpd_meander,vgg16,0102-6,0,brightness,5,0.5226,0.4569,0.3708,0.2834
handpd_meander,vgg16,0102-6,0,shadow,1,0.9822,0.9837,0.9483,0.8112
handpd_meander,vgg16,0102-6,0,shadow,2,0.9597,0.9713,0.922,0.725
handpd_meander,vgg16,0102-6,0,shadow,3,0.9505,0.9026,0.8254,0.7227
handpd_meander,vgg16,0102-6,0,shadow,4,0.9339,0.8828,0.8024,0.6945
handpd_meander,vgg16,0102-6,0,shadow,5,0.9403,0.911,0.7538,0.7122
handpd_meander,vgg16,0102-6,0,perspective,1,0.7503,0.7732,0.7266,0.5
handpd_meander,vgg16,0102-6,0,perspective,2,0.8494,0.7986,0.7482,0.6227
handpd_meander,vgg16,0102-6,0,perspective,3,0.766,0.7737,0.6949,0.5002
handpd_meander,vgg16,0102-6,0,perspective,4,0.6904,0.74,0.6677,0.4061
handpd_meander,vgg16,0102-6,0,perspective,5,0.7173,0.7682,0.6873,0.4522
handpd_meander,vgg16,0102-6,0,rotation,1,0.8055,0.8181,0.7546,0.5161
handpd_meander,vgg16,0102-6,0,rotation,2,0.3178,0.6132,0.6032,0.2605
handpd_meander,vgg16,0102-6,0,rotation,3,0.3465,0.308,0.4302,0.2579
handpd_meander,vgg16,0102-6,0,rotation,4,0.3644,0.4581,0.5139,0.254
handpd_meander,vgg16,0102-6,0,rotation,5,0.3289,0.3311,0.4074,0.239
handpd_meander,vgg16,0297-7,0,jpeg_compression,1,0.9974,0.9965,0.9844,0.9771
handpd_meander,vgg16,0297-7,0,jpeg_compression,2,0.9911,0.9727,0.9442,0.936
handpd_meander,vgg16,0297-7,0,jpeg_compression,3,0.9523,0.9722,0.9142,0.7416
handpd_meander,vgg16,0297-7,0,jpeg_compression,4,0.9195,0.8003,0.7394,0.7455
handpd_meander,vgg16,0297-7,0,jpeg_compression,5,0.7887,0.6206,0.5544,0.6805
handpd_meander,vgg16,0297-7,0,gaussian_blur,1,0.9736,0.9677,0.9254,0.8459
handpd_meander,vgg16,0297-7,0,gaussian_blur,2,0.9271,0.8958,0.8287,0.7578
handpd_meander,vgg16,0297-7,0,gaussian_blur,3,0.8998,0.8494,0.7609,0.6985
handpd_meander,vgg16,0297-7,0,gaussian_blur,4,0.8928,0.8617,0.7631,0.6362
handpd_meander,vgg16,0297-7,0,gaussian_blur,5,0.8421,0.8365,0.7278,0.5348
handpd_meander,vgg16,0297-7,0,gaussian_noise,1,0.9975,0.998,0.9898,0.9586
handpd_meander,vgg16,0297-7,0,gaussian_noise,2,0.9752,0.9524,0.9199,0.8945
handpd_meander,vgg16,0297-7,0,gaussian_noise,3,0.9649,0.826,0.7904,0.8703
handpd_meander,vgg16,0297-7,0,gaussian_noise,4,0.9336,0.6799,0.6527,0.8337
handpd_meander,vgg16,0297-7,0,gaussian_noise,5,0.8279,0.6073,0.5736,0.6704
handpd_meander,vgg16,0297-7,0,contrast,1,0.8334,0.6299,0.5435,0.7081
handpd_meander,vgg16,0297-7,0,contrast,2,0.9207,0.7773,0.6751,0.8021
handpd_meander,vgg16,0297-7,0,contrast,3,0.9872,0.9437,0.8758,0.9026
handpd_meander,vgg16,0297-7,0,contrast,4,0.9853,0.984,0.9439,0.8868
handpd_meander,vgg16,0297-7,0,contrast,5,0.9541,0.933,0.8558,0.7672
handpd_meander,vgg16,0297-7,0,brightness,1,0.9011,0.7141,0.6402,0.7602
handpd_meander,vgg16,0297-7,0,brightness,2,0.9056,0.8493,0.6907,0.7752
handpd_meander,vgg16,0297-7,0,brightness,3,0.901,0.7851,0.6658,0.7805
handpd_meander,vgg16,0297-7,0,brightness,4,nan,nan,0.3542,0.0
handpd_meander,vgg16,0297-7,0,brightness,5,0.1918,0.3694,0.3756,0.2306
handpd_meander,vgg16,0297-7,0,shadow,1,0.9331,0.8608,0.8169,0.8008
handpd_meander,vgg16,0297-7,0,shadow,2,0.9136,0.7945,0.6932,0.7783
handpd_meander,vgg16,0297-7,0,shadow,3,0.9124,0.7709,0.6599,0.7808
handpd_meander,vgg16,0297-7,0,shadow,4,0.9217,0.709,0.6406,0.8026
handpd_meander,vgg16,0297-7,0,shadow,5,0.91,0.7016,0.6187,0.7968
handpd_meander,vgg16,0297-7,0,perspective,1,0.8751,0.7656,0.6495,0.6735
handpd_meander,vgg16,0297-7,0,perspective,2,0.9298,0.8036,0.7335,0.7908
handpd_meander,vgg16,0297-7,0,perspective,3,0.8891,0.8189,0.7624,0.6678
handpd_meander,vgg16,0297-7,0,perspective,4,0.6595,0.6854,0.6126,0.4349
handpd_meander,vgg16,0297-7,0,perspective,5,0.5991,0.6782,0.6236,0.3473
handpd_meander,vgg16,0297-7,0,rotation,1,0.8186,0.713,0.5761,0.691
handpd_meander,vgg16,0297-7,0,rotation,2,0.3718,0.4401,0.4677,0.1919
handpd_meander,vgg16,0297-7,0,rotation,3,0.338,0.4481,0.4421,0.3309
handpd_meander,vgg16,0297-7,0,rotation,4,-0.1775,-0.019,0.2662,0.021
handpd_meander,vgg16,0297-7,0,rotation,5,0.0817,0.1528,0.3508,0.1658
handpd_meander,vgg16,0102-5,0,jpeg_compression,1,0.9984,0.9988,0.9785,0.9648
handpd_meander,vgg16,0102-5,0,jpeg_compression,2,0.9851,0.9207,0.9317,0.8511
handpd_meander,vgg16,0102-5,0,jpeg_compression,3,0.9519,0.9485,0.9181,0.7278
handpd_meander,vgg16,0102-5,0,jpeg_compression,4,0.9559,0.8588,0.8375,0.7402
handpd_meander,vgg16,0102-5,0,jpeg_compression,5,0.8908,0.7644,0.8015,0.7247
handpd_meander,vgg16,0102-5,0,gaussian_blur,1,0.991,0.9005,0.9053,0.9035
handpd_meander,vgg16,0102-5,0,gaussian_blur,2,0.9522,0.8174,0.794,0.7758
handpd_meander,vgg16,0102-5,0,gaussian_blur,3,0.8543,0.704,0.7497,0.6163
handpd_meander,vgg16,0102-5,0,gaussian_blur,4,0.7681,0.6277,0.6876,0.5184
handpd_meander,vgg16,0102-5,0,gaussian_blur,5,0.7243,0.5766,0.6588,0.4947
handpd_meander,vgg16,0102-5,0,gaussian_noise,1,0.9973,0.9821,0.9688,0.948
handpd_meander,vgg16,0102-5,0,gaussian_noise,2,0.9931,0.9346,0.9642,0.9006
handpd_meander,vgg16,0102-5,0,gaussian_noise,3,0.9441,0.9032,0.8713,0.805
handpd_meander,vgg16,0102-5,0,gaussian_noise,4,0.7599,0.6966,0.7389,0.5172
handpd_meander,vgg16,0102-5,0,gaussian_noise,5,nan,nan,0.608,0.1333
handpd_meander,vgg16,0102-5,0,contrast,1,0.9561,0.7556,0.7961,0.7926
handpd_meander,vgg16,0102-5,0,contrast,2,0.9833,0.8123,0.8666,0.9054
handpd_meander,vgg16,0102-5,0,contrast,3,0.9937,0.9504,0.9484,0.9324
handpd_meander,vgg16,0102-5,0,contrast,4,0.9716,0.9641,0.9146,0.8377
handpd_meander,vgg16,0102-5,0,contrast,5,0.8942,0.9171,0.8179,0.6808
handpd_meander,vgg16,0102-5,0,brightness,1,0.8829,0.7532,0.6057,0.6788
handpd_meander,vgg16,0102-5,0,brightness,2,0.9474,0.8005,0.7307,0.8079
handpd_meander,vgg16,0102-5,0,brightness,3,0.9698,0.8258,0.7902,0.8523
handpd_meander,vgg16,0102-5,0,brightness,4,nan,nan,0.608,0.1333
handpd_meander,vgg16,0102-5,0,brightness,5,nan,nan,0.608,0.1333
handpd_meander,vgg16,0102-5,0,shadow,1,0.9775,0.8695,0.854,0.8833
handpd_meander,vgg16,0102-5,0,shadow,2,0.9399,0.833,0.7452,0.7644
handpd_meander,vgg16,0102-5,0,shadow,3,0.9062,0.8187,0.6824,0.723
handpd_meander,vgg16,0102-5,0,shadow,4,0.8492,0.8092,0.6423,0.6791
handpd_meander,vgg16,0102-5,0,shadow,5,0.8116,0.8026,0.6066,0.5866
handpd_meander,vgg16,0102-5,0,perspective,1,0.9468,0.7749,0.7824,0.7766
handpd_meander,vgg16,0102-5,0,perspective,2,0.9311,0.6954,0.7113,0.7098
handpd_meander,vgg16,0102-5,0,perspective,3,0.9312,0.7128,0.7214,0.6994
handpd_meander,vgg16,0102-5,0,perspective,4,0.8891,0.6805,0.7271,0.6467
handpd_meander,vgg16,0102-5,0,perspective,5,0.8607,0.6968,0.692,0.5877
handpd_meander,vgg16,0102-5,0,rotation,1,0.8551,0.6038,0.6627,0.521
handpd_meander,vgg16,0102-5,0,rotation,2,0.4542,0.3116,0.4654,0.2741
handpd_meander,vgg16,0102-5,0,rotation,3,0.7357,0.6392,0.6806,0.4445
handpd_meander,vgg16,0102-5,0,rotation,4,0.4308,0.3365,0.3883,0.2935
handpd_meander,vgg16,0102-5,0,rotation,5,0.5426,0.5587,0.5758,0.3693
handpd_meander,vgg16,0129-6,0,jpeg_compression,1,0.9972,0.9801,0.9752,0.9361
handpd_meander,vgg16,0129-6,0,jpeg_compression,2,0.9643,0.9373,0.895,0.7791
handpd_meander,vgg16,0129-6,0,jpeg_compression,3,0.9639,0.8998,0.8386,0.834
handpd_meander,vgg16,0129-6,0,jpeg_compression,4,0.9412,0.7131,0.7362,0.7843
handpd_meander,vgg16,0129-6,0,jpeg_compression,5,0.4476,0.6601,0.6707,0.3086
handpd_meander,vgg16,0129-6,0,gaussian_blur,1,0.995,0.9748,0.9544,0.9089
handpd_meander,vgg16,0129-6,0,gaussian_blur,2,0.9821,0.9638,0.9377,0.8423
handpd_meander,vgg16,0129-6,0,gaussian_blur,3,0.9489,0.8708,0.8221,0.7558
handpd_meander,vgg16,0129-6,0,gaussian_blur,4,0.9297,0.8549,0.7942,0.6717
handpd_meander,vgg16,0129-6,0,gaussian_blur,5,0.8974,0.8293,0.7731,0.6137
handpd_meander,vgg16,0129-6,0,gaussian_noise,1,0.9985,0.999,0.9914,0.9756
handpd_meander,vgg16,0129-6,0,gaussian_noise,2,0.985,0.9774,0.9479,0.8264
handpd_meander,vgg16,0129-6,0,gaussian_noise,3,0.9391,0.8478,0.828,0.6996
handpd_meander,vgg16,0129-6,0,gaussian_noise,4,0.9241,0.8167,0.814,0.7371
handpd_meander,vgg16,0129-6,0,gaussian_noise,5,0.907,0.8129,0.797,0.697
handpd_meander,vgg16,0129-6,0,contrast,1,0.9367,0.7109,0.7354,0.7791
handpd_meander,vgg16,0129-6,0,contrast,2,0.9429,0.738,0.7491,0.8124
handpd_meander,vgg16,0129-6,0,contrast,3,0.9799,0.9621,0.938,0.8592
handpd_meander,vgg16,0129-6,0,contrast,4,0.97,0.9345,0.8948,0.8339
handpd_meander,vgg16,0129-6,0,contrast,5,0.9538,0.8422,0.8187,0.7321
handpd_meander,vgg16,0129-6,0,brightness,1,0.8889,0.7303,0.6429,0.6961
handpd_meander,vgg16,0129-6,0,brightness,2,0.9179,0.7907,0.7031,0.7253
handpd_meander,vgg16,0129-6,0,brightness,3,0.9714,0.9258,0.8816,0.7702
handpd_meander,vgg16,0129-6,0,brightness,4,nan,nan,0.5317,0.0315
handpd_meander,vgg16,0129-6,0,brightness,5,nan,nan,0.5317,0.0315
handpd_meander,vgg16,0129-6,0,shadow,1,0.9844,0.9485,0.9219,0.8252
handpd_meander,vgg16,0129-6,0,shadow,2,0.9697,0.8944,0.8263,0.8244
handpd_meander,vgg16,0129-6,0,shadow,3,0.9305,0.7926,0.7253,0.7378
handpd_meander,vgg16,0129-6,0,shadow,4,0.8665,0.7438,0.618,0.6042
handpd_meander,vgg16,0129-6,0,shadow,5,0.8459,0.7092,0.6203,0.5624
handpd_meander,vgg16,0129-6,0,perspective,1,0.9028,0.7996,0.7512,0.7703
handpd_meander,vgg16,0129-6,0,perspective,2,0.895,0.9083,0.8066,0.7223
handpd_meander,vgg16,0129-6,0,perspective,3,0.9294,0.8218,0.724,0.8107
handpd_meander,vgg16,0129-6,0,perspective,4,0.8825,0.7875,0.7474,0.7524
handpd_meander,vgg16,0129-6,0,perspective,5,0.8586,0.8161,0.7936,0.6893
handpd_meander,vgg16,0129-6,0,rotation,1,nan,nan,0.5317,0.0315
handpd_meander,vgg16,0129-6,0,rotation,2,0.6365,0.717,0.6298,0.4654
handpd_meander,vgg16,0129-6,0,rotation,3,0.3579,0.2374,0.5476,0.2019
handpd_meander,vgg16,0129-6,0,rotation,4,0.2552,0.2515,0.4011,0.2301
handpd_meander,vgg16,0129-6,0,rotation,5,0.2148,0.2579,0.4299,0.1733
handpd_meander,vgg16,0024-8,1,jpeg_compression,1,0.9986,0.9965,0.9788,0.9642
handpd_meander,vgg16,0024-8,1,jpeg_compression,2,0.9938,0.9746,0.9324,0.951
handpd_meander,vgg16,0024-8,1,jpeg_compression,3,0.9907,0.9752,0.9234,0.9397
handpd_meander,vgg16,0024-8,1,jpeg_compression,4,0.9775,0.9646,0.8911,0.8628
handpd_meander,vgg16,0024-8,1,jpeg_compression,5,0.1505,0.3917,0.3547,0.1777
handpd_meander,vgg16,0024-8,1,gaussian_blur,1,0.9915,0.9843,0.966,0.9187
handpd_meander,vgg16,0024-8,1,gaussian_blur,2,0.9731,0.9541,0.913,0.8369
handpd_meander,vgg16,0024-8,1,gaussian_blur,3,0.9487,0.9139,0.8522,0.7824
handpd_meander,vgg16,0024-8,1,gaussian_blur,4,0.9159,0.8828,0.8039,0.7205
handpd_meander,vgg16,0024-8,1,gaussian_blur,5,0.8985,0.8662,0.7722,0.6822
handpd_meander,vgg16,0024-8,1,gaussian_noise,1,0.9967,0.9944,0.9848,0.9512
handpd_meander,vgg16,0024-8,1,gaussian_noise,2,0.9806,0.9713,0.9309,0.8501
handpd_meander,vgg16,0024-8,1,gaussian_noise,3,0.969,0.9426,0.8755,0.7955
handpd_meander,vgg16,0024-8,1,gaussian_noise,4,0.9777,0.9453,0.8574,0.8699
handpd_meander,vgg16,0024-8,1,gaussian_noise,5,0.7924,0.808,0.674,0.4611
handpd_meander,vgg16,0024-8,1,contrast,1,0.9624,0.8966,0.7853,0.8189
handpd_meander,vgg16,0024-8,1,contrast,2,0.9808,0.9535,0.8904,0.8585
handpd_meander,vgg16,0024-8,1,contrast,3,0.9928,0.9816,0.9505,0.9063
handpd_meander,vgg16,0024-8,1,contrast,4,0.9915,0.9752,0.9413,0.9332
handpd_meander,vgg16,0024-8,1,contrast,5,0.9814,0.9458,0.9001,0.925
handpd_meander,vgg16,0024-8,1,brightness,1,0.967,0.9531,0.8847,0.867
handpd_meander,vgg16,0024-8,1,brightness,2,0.9751,0.9617,0.9054,0.8957
handpd_meander,vgg16,0024-8,1,brightness,3,0.9906,0.9766,0.9346,0.9363
handpd_meander,vgg16,0024-8,1,brightness,4,0.1112,0.3787,0.264,0.1509
handpd_meander,vgg16,0024-8,1,brightness,5,0.1131,0.3751,0.2578,0.1287
handpd_meander,vgg16,0024-8,1,shadow,1,0.9952,0.9844,0.9525,0.96
handpd_meander,vgg16,0024-8,1,shadow,2,0.9887,0.9733,0.9305,0.9361
handpd_meander,vgg16,0024-8,1,shadow,3,0.9772,0.9602,0.8855,0.9026
handpd_meander,vgg16,0024-8,1,shadow,4,0.9632,0.9325,0.8364,0.8582
handpd_meander,vgg16,0024-8,1,shadow,5,0.9422,0.9195,0.7633,0.7912
handpd_meander,vgg16,0024-8,1,perspective,1,0.9524,0.9121,0.8092,0.8125
handpd_meander,vgg16,0024-8,1,perspective,2,0.9532,0.8955,0.7762,0.8376
handpd_meander,vgg16,0024-8,1,perspective,3,0.9431,0.9196,0.7945,0.7602
handpd_meander,vgg16,0024-8,1,perspective,4,0.9254,0.8505,0.7241,0.7772
handpd_meander,vgg16,0024-8,1,perspective,5,0.8059,0.7569,0.6228,0.6122
handpd_meander,vgg16,0024-8,1,rotation,1,0.8382,0.8063,0.6719,0.634
handpd_meander,vgg16,0024-8,1,rotation,2,0.5288,0.6624,0.5294,0.3162
handpd_meander,vgg16,0024-8,1,rotation,3,0.4302,0.4749,0.4281,0.2951
handpd_meander,vgg16,0024-8,1,rotation,4,0.1288,0.2594,0.3419,0.1192
handpd_meander,vgg16,0024-8,1,rotation,5,0.1276,0.2764,0.3222,0.1078
handpd_meander,vgg16,0181-8,1,jpeg_compression,1,0.9991,0.9985,0.9904,0.958
handpd_meander,vgg16,0181-8,1,jpeg_compression,2,0.9886,0.9878,0.9795,0.846
handpd_meander,vgg16,0181-8,1,jpeg_compression,3,0.991,0.987,0.9668,0.8682
handpd_meander,vgg16,0181-8,1,jpeg_compression,4,0.9803,0.9694,0.9311,0.8078
handpd_meander,vgg16,0181-8,1,jpeg_compression,5,0.4676,0.6453,0.3775,0.2527
handpd_meander,vgg16,0181-8,1,gaussian_blur,1,0.9915,0.9929,0.9831,0.8145
handpd_meander,vgg16,0181-8,1,gaussian_blur,2,0.982,0.982,0.9593,0.7929
handpd_meander,vgg16,0181-8,1,gaussian_blur,3,0.9576,0.9513,0.9004,0.7428
handpd_meander,vgg16,0181-8,1,gaussian_blur,4,0.9432,0.9355,0.8617,0.6822
handpd_meander,vgg16,0181-8,1,gaussian_blur,5,0.9261,0.9218,0.8223,0.6021
handpd_meander,vgg16,0181-8,1,gaussian_noise,1,0.9961,0.9971,0.991,0.9047
handpd_meander,vgg16,0181-8,1,gaussian_noise,2,0.9878,0.9905,0.9565,0.8186
handpd_meander,vgg16,0181-8,1,gaussian_noise,3,0.9429,0.9216,0.9045,0.7087
handpd_meander,vgg16,0181-8,1,gaussian_noise,4,0.8206,0.7895,0.7471,0.5998
handpd_meander,vgg16,0181-8,1,gaussian_noise,5,0.6046,0.5291,0.6073,0.4044
handpd_meander,vgg16,0181-8,1,contrast,1,0.9177,0.9005,0.7973,0.6254
handpd_meander,vgg16,0181-8,1,contrast,2,0.9568,0.9504,0.8821,0.7417
handpd_meander,vgg16,0181-8,1,contrast,3,0.9812,0.978,0.9487,0.8245
handpd_meander,vgg16,0181-8,1,contrast,4,0.9895,0.9861,0.941,0.8552
handpd_meander,vgg16,0181-8,1,contrast,5,0.9786,0.9753,0.9378,0.8055
handpd_meander,vgg16,0181-8,1,brightness,1,0.9439,0.9471,0.8548,0.7262
handpd_meander,vgg16,0181-8,1,brightness,2,0.9637,0.9669,0.9188,0.7393
handpd_meander,vgg16,0181-8,1,brightness,3,0.984,0.9831,0.956,0.8125
handpd_meander,vgg16,0181-8,1,brightness,4,0.1913,0.3085,0.1846,0.2346
handpd_meander,vgg16,0181-8,1,brightness,5,0.1174,0.3214,0.1411,0.1855
handpd_meander,vgg16,0181-8,1,shadow,1,0.9919,0.9914,0.9773,0.8815
handpd_meander,vgg16,0181-8,1,shadow,2,0.9802,0.9814,0.9534,0.826
handpd_meander,vgg16,0181-8,1,shadow,3,0.9547,0.9597,0.8946,0.7136
handpd_meander,vgg16,0181-8,1,shadow,4,0.9408,0.9485,0.8668,0.6617
handpd_meander,vgg16,0181-8,1,shadow,5,0.931,0.944,0.8348,0.6668
handpd_meander,vgg16,0181-8,1,perspective,1,0.9054,0.9258,0.8262,0.6476
handpd_meander,vgg16,0181-8,1,perspective,2,0.9176,0.9348,0.8584,0.6448
handpd_meander,vgg16,0181-8,1,perspective,3,0.8996,0.9196,0.8236,0.5726
handpd_meander,vgg16,0181-8,1,perspective,4,0.8669,0.9225,0.849,0.5648
handpd_meander,vgg16,0181-8,1,perspective,5,0.8552,0.9019,0.8419,0.5379
handpd_meander,vgg16,0181-8,1,rotation,1,0.8889,0.892,0.771,0.5941
handpd_meander,vgg16,0181-8,1,rotation,2,0.6443,0.6505,0.6616,0.3279
handpd_meander,vgg16,0181-8,1,rotation,3,0.4892,0.5599,0.5021,0.2243
handpd_meander,vgg16,0181-8,1,rotation,4,0.2455,0.3652,0.4221,0.142
handpd_meander,vgg16,0181-8,1,rotation,5,0.3904,0.4991,0.4665,0.1691
handpd_meander,vgg16,0138-7,1,jpeg_compression,1,0.9945,0.9464,0.9332,0.8888
handpd_meander,vgg16,0138-7,1,jpeg_compression,2,0.9854,0.9313,0.8807,0.8008
handpd_meander,vgg16,0138-7,1,jpeg_compression,3,0.9843,0.9568,0.9089,0.8549
handpd_meander,vgg16,0138-7,1,jpeg_compression,4,0.9767,0.9724,0.9292,0.7936
handpd_meander,vgg16,0138-7,1,jpeg_compression,5,nan,nan,0.4453,0.1736
handpd_meander,vgg16,0138-7,1,gaussian_blur,1,0.9772,0.909,0.8776,0.8656
handpd_meander,vgg16,0138-7,1,gaussian_blur,2,0.9342,0.8761,0.8258,0.7068
handpd_meander,vgg16,0138-7,1,gaussian_blur,3,0.9023,0.8177,0.7484,0.6825
handpd_meander,vgg16,0138-7,1,gaussian_blur,4,0.8909,0.8387,0.7614,0.6464
handpd_meander,vgg16,0138-7,1,gaussian_blur,5,0.878,0.7803,0.7084,0.655
handpd_meander,vgg16,0138-7,1,gaussian_noise,1,0.9984,0.9994,0.9953,0.9333
handpd_meander,vgg16,0138-7,1,gaussian_noise,2,0.968,0.9284,0.8558,0.7998
handpd_meander,vgg16,0138-7,1,gaussian_noise,3,0.9572,0.8609,0.773,0.7036
handpd_meander,vgg16,0138-7,1,gaussian_noise,4,0.7335,0.6539,0.5287,0.6038
handpd_meander,vgg16,0138-7,1,gaussian_noise,5,nan,nan,0.4453,0.1736
handpd_meander,vgg16,0138-7,1,contrast,1,0.6784,0.5688,0.5622,0.4602
handpd_meander,vgg16,0138-7,1,contrast,2,0.883,0.8071,0.7378,0.6126
handpd_meander,vgg16,0138-7,1,contrast,3,0.9852,0.9385,0.8766,0.8595
handpd_meander,vgg16,0138-7,1,contrast,4,0.9792,0.9048,0.8595,0.8292
handpd_meander,vgg16,0138-7,1,contrast,5,0.9531,0.7976,0.7364,0.7166
handpd_meander,vgg16,0138-7,1,brightness,1,0.8604,0.7729,0.7153,0.5786
handpd_meander,vgg16,0138-7,1,brightness,2,0.8997,0.797,0.7644,0.649
handpd_meander,vgg16,0138-7,1,brightness,3,0.9341,0.8888,0.818,0.709
handpd_meander,vgg16,0138-7,1,brightness,4,nan,nan,0.4453,0.1736
handpd_meander,vgg16,0138-7,1,brightness,5,nan,nan,0.4453,0.1736
handpd_meander,vgg16,0138-7,1,shadow,1,0.9804,0.9316,0.8481,0.8731
handpd_meander,vgg16,0138-7,1,shadow,2,0.9214,0.8378,0.7674,0.6867
handpd_meander,vgg16,0138-7,1,shadow,3,0.8657,0.7863,0.7441,0.6024
handpd_meander,vgg16,0138-7,1,shadow,4,0.7926,0.7671,0.7084,0.5015
handpd_meander,vgg16,0138-7,1,shadow,5,0.7608,0.7655,0.6981,0.479
handpd_meander,vgg16,0138-7,1,perspective,1,0.7712,0.7701,0.7572,0.5009
handpd_meander,vgg16,0138-7,1,perspective,2,0.7864,0.6842,0.6671,0.5115
handpd_meander,vgg16,0138-7,1,perspective,3,0.7654,0.7232,0.6027,0.5481
handpd_meander,vgg16,0138-7,1,perspective,4,0.5518,0.6701,0.6215,0.3859
handpd_meander,vgg16,0138-7,1,perspective,5,0.76,0.7925,0.656,0.5412
handpd_meander,vgg16,0138-7,1,rotation,1,0.612,0.344,0.5763,0.3248
handpd_meander,vgg16,0138-7,1,rotation,2,0.2147,0.4407,0.5018,0.2764
handpd_meander,vgg16,0138-7,1,rotation,3,0.5731,0.5039,0.5389,0.2972
handpd_meander,vgg16,0138-7,1,rotation,4,0.1678,0.3907,0.5257,0.1826
handpd_meander,vgg16,0138-7,1,rotation,5,0.4847,0.542,0.5469,0.2627
handpd_meander,vgg16,0038-5,1,jpeg_compression,1,0.9987,0.9978,0.9929,0.9457
handpd_meander,vgg16,0038-5,1,jpeg_compression,2,0.9948,0.9944,0.9861,0.906
handpd_meander,vgg16,0038-5,1,jpeg_compression,3,0.9946,0.9938,0.9744,0.9022
handpd_meander,vgg16,0038-5,1,jpeg_compression,4,0.9869,0.9866,0.9533,0.8606
handpd_meander,vgg16,0038-5,1,jpeg_compression,5,0.8289,0.7656,0.627,0.5538
handpd_meander,vgg16,0038-5,1,gaussian_blur,1,0.9966,0.9967,0.9892,0.9438
handpd_meander,vgg16,0038-5,1,gaussian_blur,2,0.993,0.9921,0.9689,0.9209
handpd_meander,vgg16,0038-5,1,gaussian_blur,3,0.9846,0.9826,0.9329,0.8927
handpd_meander,vgg16,0038-5,1,gaussian_blur,4,0.9766,0.9739,0.903,0.867
handpd_meander,vgg16,0038-5,1,gaussian_blur,5,0.9627,0.9574,0.8564,0.7766
handpd_meander,vgg16,0038-5,1,gaussian_noise,1,0.9991,0.9991,0.9968,0.9613
handpd_meander,vgg16,0038-5,1,gaussian_noise,2,0.9949,0.9928,0.9677,0.9123
handpd_meander,vgg16,0038-5,1,gaussian_noise,3,0.9682,0.973,0.9313,0.7095
handpd_meander,vgg16,0038-5,1,gaussian_noise,4,0.9644,0.9658,0.9004,0.6901
handpd_meander,vgg16,0038-5,1,gaussian_noise,5,0.9569,0.9555,0.8929,0.7469
handpd_meander,vgg16,0038-5,1,contrast,1,0.9327,0.9301,0.8256,0.7302
handpd_meander,vgg16,0038-5,1,contrast,2,0.9669,0.9657,0.914,0.8174
handpd_meander,vgg16,0038-5,1,contrast,3,0.9878,0.9874,0.9666,0.9073
handpd_meander,vgg16,0038-5,1,contrast,4,0.9729,0.9599,0.912,0.7842
handpd_meander,vgg16,0038-5,1,contrast,5,0.9516,0.9364,0.8134,0.7354
handpd_meander,vgg16,0038-5,1,brightness,1,0.921,0.9007,0.8189,0.7356
handpd_meander,vgg16,0038-5,1,brightness,2,0.9473,0.9348,0.8553,0.7932
handpd_meander,vgg16,0038-5,1,brightness,3,0.974,0.9692,0.9119,0.8435
handpd_meander,vgg16,0038-5,1,brightness,4,0.8117,0.7899,0.5539,0.6599
handpd_meander,vgg16,0038-5,1,brightness,5,0.7817,0.7731,0.5238,0.6417
handpd_meander,vgg16,0038-5,1,shadow,1,0.9911,0.9934,0.9795,0.8635
handpd_meander,vgg16,0038-5,1,shadow,2,0.9777,0.9792,0.9268,0.8284
handpd_meander,vgg16,0038-5,1,shadow,3,0.9656,0.9663,0.9002,0.7932
handpd_meander,vgg16,0038-5,1,shadow,4,0.9517,0.9464,0.879,0.7417
handpd_meander,vgg16,0038-5,1,shadow,5,0.9365,0.9154,0.8438,0.7244
handpd_meander,vgg16,0038-5,1,perspective,1,0.9093,0.9081,0.84,0.674
handpd_meander,vgg16,0038-5,1,perspective,2,0.9358,0.9084,0.8302,0.7677
handpd_meander,vgg16,0038-5,1,perspective,3,0.8899,0.8342,0.7691,0.6721
handpd_meander,vgg16,0038-5,1,perspective,4,0.851,0.741,0.7003,0.6864
handpd_meander,vgg16,0038-5,1,perspective,5,0.7871,0.6859,0.6719,0.5456
handpd_meander,vgg16,0038-5,1,rotation,1,0.8276,0.7748,0.6616,0.5388
handpd_meander,vgg16,0038-5,1,rotation,2,0.5788,0.5988,0.5557,0.3194
handpd_meander,vgg16,0038-5,1,rotation,3,0.6897,0.6228,0.4481,0.3626
handpd_meander,vgg16,0038-5,1,rotation,4,0.4549,0.5096,0.3967,0.2631
handpd_meander,vgg16,0038-5,1,rotation,5,0.3988,0.4143,0.4192,0.2259
handpd_meander,vgg16,0003-6,1,jpeg_compression,1,0.9979,0.9976,0.9965,0.9478
handpd_meander,vgg16,0003-6,1,jpeg_compression,2,0.9946,0.9931,0.9723,0.9482
handpd_meander,vgg16,0003-6,1,jpeg_compression,3,0.9855,0.9841,0.9856,0.8484
handpd_meander,vgg16,0003-6,1,jpeg_compression,4,0.9623,0.9728,0.9108,0.7553
handpd_meander,vgg16,0003-6,1,jpeg_compression,5,0.7913,0.7842,0.7088,0.4053
handpd_meander,vgg16,0003-6,1,gaussian_blur,1,0.981,0.9744,0.9781,0.8705
handpd_meander,vgg16,0003-6,1,gaussian_blur,2,0.9468,0.9311,0.9272,0.7913
handpd_meander,vgg16,0003-6,1,gaussian_blur,3,0.8883,0.8639,0.829,0.6901
handpd_meander,vgg16,0003-6,1,gaussian_blur,4,0.8587,0.818,0.7857,0.6291
handpd_meander,vgg16,0003-6,1,gaussian_blur,5,0.8333,0.7968,0.7489,0.5129
handpd_meander,vgg16,0003-6,1,gaussian_noise,1,0.9971,0.9968,0.9929,0.9596
handpd_meander,vgg16,0003-6,1,gaussian_noise,2,0.9838,0.9763,0.981,0.8494
handpd_meander,vgg16,0003-6,1,gaussian_noise,3,0.9714,0.957,0.9416,0.8386
handpd_meander,vgg16,0003-6,1,gaussian_noise,4,0.9443,0.9292,0.8912,0.7558
handpd_meander,vgg16,0003-6,1,gaussian_noise,5,0.9147,0.87,0.8514,0.713
handpd_meander,vgg16,0003-6,1,contrast,1,0.9134,0.9241,0.8041,0.6694
handpd_meander,vgg16,0003-6,1,contrast,2,0.9685,0.9713,0.9126,0.7799
handpd_meander,vgg16,0003-6,1,contrast,3,0.9889,0.9883,0.97,0.89
handpd_meander,vgg16,0003-6,1,contrast,4,0.963,0.9473,0.9313,0.783
handpd_meander,vgg16,0003-6,1,contrast,5,0.9065,0.8654,0.8657,0.7032
handpd_meander,vgg16,0003-6,1,brightness,1,0.9109,0.9288,0.814,0.6428
handpd_meander,vgg16,0003-6,1,brightness,2,0.9609,0.9668,0.8836,0.757
handpd_meander,vgg16,0003-6,1,brightness,3,0.9823,0.9839,0.9468,0.8275
handpd_meander,vgg16,0003-6,1,brightness,4,0.657,0.7319,0.5224,0.4284
handpd_meander,vgg16,0003-6,1,brightness,5,0.6238,0.7078,0.4661,0.4093
handpd_meander,vgg16,0003-6,1,shadow,1,0.9908,0.9911,0.9684,0.8663
handpd_meander,vgg16,0003-6,1,shadow,2,0.9706,0.9697,0.9082,0.7987
handpd_meander,vgg16,0003-6,1,shadow,3,0.9457,0.9474,0.8831,0.725
handpd_meander,vgg16,0003-6,1,shadow,4,0.9065,0.9088,0.8583,0.6372
handpd_meander,vgg16,0003-6,1,shadow,5,0.8636,0.8761,0.7954,0.5669
handpd_meander,vgg16,0003-6,1,perspective,1,0.8766,0.8607,0.8245,0.6596
handpd_meander,vgg16,0003-6,1,perspective,2,0.8484,0.8376,0.777,0.6304
handpd_meander,vgg16,0003-6,1,perspective,3,0.7309,0.7408,0.6629,0.4932
handpd_meander,vgg16,0003-6,1,perspective,4,0.7179,0.7411,0.6972,0.4786
handpd_meander,vgg16,0003-6,1,perspective,5,0.6416,0.6837,0.5966,0.4144
handpd_meander,vgg16,0003-6,1,rotation,1,0.8016,0.7932,0.7276,0.6218
handpd_meander,vgg16,0003-6,1,rotation,2,0.5303,0.5422,0.3941,0.4243
handpd_meander,vgg16,0003-6,1,rotation,3,0.5983,0.5749,0.466,0.4317
handpd_meander,vgg16,0003-6,1,rotation,4,0.3942,0.4417,0.3388,0.2643
handpd_meander,vgg16,0003-6,1,rotation,5,0.5085,0.5041,0.4382,0.3823
handpd_meander,efficientnet_b0,0305-8,0,jpeg_compression,1,0.9989,0.9988,0.9979,0.912
handpd_meander,efficientnet_b0,0305-8,0,jpeg_compression,2,0.997,0.9963,0.9938,0.9193
handpd_meander,efficientnet_b0,0305-8,0,jpeg_compression,3,0.9876,0.9858,0.9791,0.7739
handpd_meander,efficientnet_b0,0305-8,0,jpeg_compression,4,0.9645,0.9662,0.9275,0.7374
handpd_meander,efficientnet_b0,0305-8,0,jpeg_compression,5,0.6789,0.7074,0.4166,0.3259
handpd_meander,efficientnet_b0,0305-8,0,gaussian_blur,1,0.9921,0.9914,0.979,0.8482
handpd_meander,efficientnet_b0,0305-8,0,gaussian_blur,2,0.9812,0.9788,0.9637,0.723
handpd_meander,efficientnet_b0,0305-8,0,gaussian_blur,3,0.9722,0.9685,0.9513,0.6739
handpd_meander,efficientnet_b0,0305-8,0,gaussian_blur,4,0.9654,0.9622,0.9394,0.6739
handpd_meander,efficientnet_b0,0305-8,0,gaussian_blur,5,0.9575,0.9561,0.9192,0.6498
handpd_meander,efficientnet_b0,0305-8,0,gaussian_noise,1,0.9982,0.9982,0.9945,0.9448
handpd_meander,efficientnet_b0,0305-8,0,gaussian_noise,2,0.9934,0.9934,0.9791,0.8776
handpd_meander,efficientnet_b0,0305-8,0,gaussian_noise,3,0.9567,0.9543,0.9449,0.6774
handpd_meander,efficientnet_b0,0305-8,0,gaussian_noise,4,0.9316,0.9339,0.9303,0.5223
handpd_meander,efficientnet_b0,0305-8,0,gaussian_noise,5,0.9267,0.9246,0.892,0.4829
handpd_meander,efficientnet_b0,0305-8,0,contrast,1,0.9575,0.9476,0.9126,0.4633
handpd_meander,efficientnet_b0,0305-8,0,contrast,2,0.9775,0.9694,0.9417,0.5115
handpd_meander,efficientnet_b0,0305-8,0,contrast,3,0.99,0.985,0.9665,0.6782
handpd_meander,efficientnet_b0,0305-8,0,contrast,4,0.983,0.9833,0.9707,0.7429
handpd_meander,efficientnet_b0,0305-8,0,contrast,5,0.9719,0.9745,0.9459,0.7211
handpd_meander,efficientnet_b0,0305-8,0,brightness,1,0.9108,0.9061,0.9147,0.4403
handpd_meander,efficientnet_b0,0305-8,0,brightness,2,0.9247,0.9193,0.9101,0.4565
handpd_meander,efficientnet_b0,0305-8,0,brightness,3,0.9601,0.9599,0.9348,0.5735
handpd_meander,efficientnet_b0,0305-8,0,brightness,4,0.7048,0.7004,0.5497,0.3534
handpd_meander,efficientnet_b0,0305-8,0,brightness,5,0.7161,0.7117,0.5329,0.3408
handpd_meander,efficientnet_b0,0305-8,0,shadow,1,0.9718,0.9741,0.9543,0.6717
handpd_meander,efficientnet_b0,0305-8,0,shadow,2,0.9584,0.9584,0.9232,0.5844
handpd_meander,efficientnet_b0,0305-8,0,shadow,3,0.9404,0.9464,0.8928,0.6238
handpd_meander,efficientnet_b0,0305-8,0,shadow,4,0.9002,0.9163,0.8202,0.6269
handpd_meander,efficientnet_b0,0305-8,0,shadow,5,0.8665,0.8803,0.7807,0.5614
handpd_meander,efficientnet_b0,0305-8,0,perspective,1,0.7472,0.7587,0.6969,0.4478
handpd_meander,efficientnet_b0,0305-8,0,perspective,2,0.6629,0.6543,0.7611,0.3022
handpd_meander,efficientnet_b0,0305-8,0,perspective,3,0.5658,0.526,0.6578,0.2968
handpd_meander,efficientnet_b0,0305-8,0,perspective,4,0.5251,0.4721,0.6483,0.2659
handpd_meander,efficientnet_b0,0305-8,0,perspective,5,0.4357,0.3498,0.5271,0.2547
handpd_meander,efficientnet_b0,0305-8,0,rotation,1,0.4615,0.4242,0.5433,0.2411
handpd_meander,efficientnet_b0,0305-8,0,rotation,2,0.4799,0.3868,0.2833,0.3
handpd_meander,efficientnet_b0,0305-8,0,rotation,3,0.1945,0.15,0.3783,0.0611
handpd_meander,efficientnet_b0,0305-8,0,rotation,4,0.2892,0.1053,0.2301,0.185
handpd_meander,efficientnet_b0,0305-8,0,rotation,5,0.2165,0.1321,0.3184,0.073
handpd_meander,efficientnet_b0,0102-6,0,jpeg_compression,1,0.9992,0.9579,0.9811,0.9482
handpd_meander,efficientnet_b0,0102-6,0,jpeg_compression,2,0.9995,0.9999,0.9963,0.9638
handpd_meander,efficientnet_b0,0102-6,0,jpeg_compression,3,0.9973,0.8997,0.9712,0.9311
handpd_meander,efficientnet_b0,0102-6,0,jpeg_compression,4,0.9413,0.8993,0.916,0.868
handpd_meander,efficientnet_b0,0102-6,0,jpeg_compression,5,nan,nan,0.7753,0.0007
handpd_meander,efficientnet_b0,0102-6,0,gaussian_blur,1,0.9973,0.9006,0.9694,0.8738
handpd_meander,efficientnet_b0,0102-6,0,gaussian_blur,2,0.9902,0.9002,0.9562,0.8738
handpd_meander,efficientnet_b0,0102-6,0,gaussian_blur,3,0.9765,0.716,0.8789,0.6485
handpd_meander,efficientnet_b0,0102-6,0,gaussian_blur,4,0.9596,0.7046,0.8636,0.596
handpd_meander,efficientnet_b0,0102-6,0,gaussian_blur,5,0.9369,0.702,0.8537,0.595
handpd_meander,efficientnet_b0,0102-6,0,gaussian_noise,1,0.9993,0.9999,0.9951,0.9598
handpd_meander,efficientnet_b0,0102-6,0,gaussian_noise,2,0.997,0.9609,0.9737,0.8708
handpd_meander,efficientnet_b0,0102-6,0,gaussian_noise,3,0.9934,0.9192,0.9257,0.8005
handpd_meander,efficientnet_b0,0102-6,0,gaussian_noise,4,0.9526,0.9577,0.925,0.7711
handpd_meander,efficientnet_b0,0102-6,0,gaussian_noise,5,0.9253,0.8726,0.8724,0.6722
handpd_meander,efficientnet_b0,0102-6,0,contrast,1,0.8756,0.9343,0.865,0.7457
handpd_meander,efficientnet_b0,0102-6,0,contrast,2,0.977,0.9558,0.9348,0.8418
handpd_meander,efficientnet_b0,0102-6,0,contrast,3,0.9963,0.9559,0.9642,0.875
handpd_meander,efficientnet_b0,0102-6,0,contrast,4,0.9751,0.8118,0.838,0.773
handpd_meander,efficientnet_b0,0102-6,0,contrast,5,0.9606,0.8627,0.9034,0.7202
handpd_meander,efficientnet_b0,0102-6,0,brightness,1,0.8367,0.7295,0.5927,0.6193
handpd_meander,efficientnet_b0,0102-6,0,brightness,2,0.9128,0.7791,0.7486,0.6806
handpd_meander,efficientnet_b0,0102-6,0,brightness,3,0.9497,0.7936,0.8224,0.6917
handpd_meander,efficientnet_b0,0102-6,0,brightness,4,nan,nan,0.7753,0.0007
handpd_meander,efficientnet_b0,0102-6,0,brightness,5,nan,nan,0.7753,0.0007
handpd_meander,efficientnet_b0,0102-6,0,shadow,1,0.9112,0.7917,0.8158,0.6338
handpd_meander,efficientnet_b0,0102-6,0,shadow,2,0.8744,0.7584,0.72,0.62
handpd_meander,efficientnet_b0,0102-6,0,shadow,3,0.8888,0.7428,0.6259,0.6443
handpd_meander,efficientnet_b0,0102-6,0,shadow,4,0.9,0.7394,0.5547,0.6773
handpd_meander,efficientnet_b0,0102-6,0,shadow,5,0.8822,0.7229,0.5436,0.6618
handpd_meander,efficientnet_b0,0102-6,0,perspective,1,0.4877,0.7399,0.7625,0.365
handpd_meander,efficientnet_b0,0102-6,0,perspective,2,0.0053,0.204,0.5483,0.1181
handpd_meander,efficientnet_b0,0102-6,0,perspective,3,0.2703,0.1795,0.6223,0.1781
handpd_meander,efficientnet_b0,0102-6,0,perspective,4,0.0249,0.2989,0.5919,0.1294
handpd_meander,efficientnet_b0,0102-6,0,perspective,5,-0.1297,0.1554,0.5569,0.0276
handpd_meander,efficientnet_b0,0102-6,0,rotation,1,0.6562,0.6515,0.6995,0.3478
handpd_meander,efficientnet_b0,0102-6,0,rotation,2,-0.1022,0.2266,0.5956,0.157
handpd_meander,efficientnet_b0,0102-6,0,rotation,3,0.4931,0.3411,0.5601,0.2549
handpd_meander,efficientnet_b0,0102-6,0,rotation,4,-0.2258,-0.1716,0.3457,0.0419
handpd_meander,efficientnet_b0,0102-6,0,rotation,5,0.2705,0.3178,0.5763,0.257
handpd_meander,efficientnet_b0,0297-7,0,jpeg_compression,1,0.999,0.999,0.9817,0.9661
handpd_meander,efficientnet_b0,0297-7,0,jpeg_compression,2,0.997,0.9908,0.9572,0.9548
handpd_meander,efficientnet_b0,0297-7,0,jpeg_compression,3,0.9885,0.9785,0.9247,0.8831
handpd_meander,efficientnet_b0,0297-7,0,jpeg_compression,4,0.9786,0.8984,0.8278,0.8685
handpd_meander,efficientnet_b0,0297-7,0,jpeg_compression,5,0.4053,0.4274,0.4815,0.2973
handpd_meander,efficientnet_b0,0297-7,0,gaussian_blur,1,0.9835,0.9684,0.8846,0.9281
handpd_meander,efficientnet_b0,0297-7,0,gaussian_blur,2,0.9399,0.9104,0.7808,0.7547
handpd_meander,efficientnet_b0,0297-7,0,gaussian_blur,3,0.882,0.7969,0.6805,0.5948
handpd_meander,efficientnet_b0,0297-7,0,gaussian_blur,4,0.8344,0.7515,0.6475,0.5527
handpd_meander,efficientnet_b0,0297-7,0,gaussian_blur,5,0.8111,0.6881,0.6306,0.5314
handpd_meander,efficientnet_b0,0297-7,0,gaussian_noise,1,0.9979,0.9977,0.9753,0.958
handpd_meander,efficientnet_b0,0297-7,0,gaussian_noise,2,0.9857,0.9592,0.9206,0.9226
handpd_meander,efficientnet_b0,0297-7,0,gaussian_noise,3,0.9814,0.9886,0.9539,0.8481
handpd_meander,efficientnet_b0,0297-7,0,gaussian_noise,4,0.9721,0.9261,0.8303,0.8142
handpd_meander,efficientnet_b0,0297-7,0,gaussian_noise,5,0.9165,0.9185,0.8029,0.7253
handpd_meander,efficientnet_b0,0297-7,0,contrast,1,0.8994,0.8559,0.7832,0.664
handpd_meander,efficientnet_b0,0297-7,0,contrast,2,0.9485,0.9468,0.8744,0.7755
handpd_meander,efficientnet_b0,0297-7,0,contrast,3,0.9716,0.9579,0.8862,0.8734
handpd_meander,efficientnet_b0,0297-7,0,contrast,4,0.9793,0.9438,0.8832,0.8068
handpd_meander,efficientnet_b0,0297-7,0,contrast,5,0.955,0.89,0.7993,0.7332
handpd_meander,efficientnet_b0,0297-7,0,brightness,1,0.7732,0.8023,0.6727,0.3782
handpd_meander,efficientnet_b0,0297-7,0,brightness,2,0.7934,0.8333,0.6251,0.4208
handpd_meander,efficientnet_b0,0297-7,0,brightness,3,0.8655,0.8755,0.6302,0.6345
handpd_meander,efficientnet_b0,0297-7,0,brightness,4,nan,nan,0.3977,0.2777
handpd_meander,efficientnet_b0,0297-7,0,brightness,5,nan,nan,0.3977,0.2777
handpd_meander,efficientnet_b0,0297-7,0,shadow,1,0.9193,0.9301,0.7362,0.783
handpd_meander,efficientnet_b0,0297-7,0,shadow,2,0.8219,0.8577,0.6321,0.4662
handpd_meander,efficientnet_b0,0297-7,0,shadow,3,0.6188,0.7316,0.5392,0.277
handpd_meander,efficientnet_b0,0297-7,0,shadow,4,0.4078,0.5581,0.4773,0.2361
handpd_meander,efficientnet_b0,0297-7,0,shadow,5,0.2815,0.4207,0.4451,0.2249
handpd_meander,efficientnet_b0,0297-7,0,perspective,1,0.9054,0.8277,0.7488,0.6607
handpd_meander,efficientnet_b0,0297-7,0,perspective,2,0.7634,0.7737,0.6263,0.4809
handpd_meander,efficientnet_b0,0297-7,0,perspective,3,0.8226,0.803,0.6447,0.5536
handpd_meander,efficientnet_b0,0297-7,0,perspective,4,0.8217,0.8392,0.7138,0.5504
handpd_meander,efficientnet_b0,0297-7,0,perspective,5,0.7872,0.7924,0.5926,0.5949
handpd_meander,efficientnet_b0,0297-7,0,rotation,1,0.5024,0.6576,0.5727,0.3647
handpd_meander,efficientnet_b0,0297-7,0,rotation,2,0.7195,0.5252,0.5327,0.3863
handpd_meander,efficientnet_b0,0297-7,0,rotation,3,0.2736,0.522,0.5364,0.2195
handpd_meander,efficientnet_b0,0297-7,0,rotation,4,0.6042,0.4154,0.5021,0.3183
handpd_meander,efficientnet_b0,0297-7,0,rotation,5,0.0979,0.4024,0.416,0.1217
handpd_meander,efficientnet_b0,0102-5,0,jpeg_compression,1,0.9998,1.0,0.9995,0.9619
handpd_meander,efficientnet_b0,0102-5,0,jpeg_compression,2,0.9974,0.9998,0.9907,0.9219
handpd_meander,efficientnet_b0,0102-5,0,jpeg_compression,3,0.9973,0.8992,0.9678,0.9499
handpd_meander,efficientnet_b0,0102-5,0,jpeg_compression,4,0.9945,0.9518,0.9747,0.8382
handpd_meander,efficientnet_b0,0102-5,0,jpeg_compression,5,nan,nan,0.7699,0.1639
handpd_meander,efficientnet_b0,0102-5,0,gaussian_blur,1,0.9998,1.0,0.9993,0.97
handpd_meander,efficientnet_b0,0102-5,0,gaussian_blur,2,0.9981,0.9997,0.9859,0.8661
handpd_meander,efficientnet_b0,0102-5,0,gaussian_blur,3,0.9969,0.952,0.9735,0.8406
handpd_meander,efficientnet_b0,0102-5,0,gaussian_blur,4,0.9966,0.9519,0.9728,0.8406
handpd_meander,efficientnet_b0,0102-5,0,gaussian_blur,5,0.9953,0.9519,0.9695,0.8406
handpd_meander,efficientnet_b0,0102-5,0,gaussian_noise,1,0.9998,1.0,0.9992,0.9889
handpd_meander,efficientnet_b0,0102-5,0,gaussian_noise,2,0.9988,1.0,0.9983,0.9777
handpd_meander,efficientnet_b0,0102-5,0,gaussian_noise,3,0.9983,0.8876,0.9429,0.8399
handpd_meander,efficientnet_b0,0102-5,0,gaussian_noise,4,0.9888,0.9993,0.9804,0.9319
handpd_meander,efficientnet_b0,0102-5,0,gaussian_noise,5,0.9933,0.8279,0.9232,0.815
handpd_meander,efficientnet_b0,0102-5,0,contrast,1,0.9951,0.9223,0.9864,0.9453
handpd_meander,efficientnet_b0,0102-5,0,contrast,2,0.9985,0.9998,0.9959,0.9671
handpd_meander,efficientnet_b0,0102-5,0,contrast,3,0.9998,0.9224,0.9986,0.9881
handpd_meander,efficientnet_b0,0102-5,0,contrast,4,0.997,0.9997,0.9935,0.959
handpd_meander,efficientnet_b0,0102-5,0,contrast,5,0.996,0.9996,0.9932,0.9634
handpd_meander,efficientnet_b0,0102-5,0,brightness,1,0.9817,0.724,0.721,0.7823
handpd_meander,efficientnet_b0,0102-5,0,brightness,2,0.9751,0.7264,0.6797,0.8406
handpd_meander,efficientnet_b0,0102-5,0,brightness,3,0.9787,0.7534,0.7354,0.8838
handpd_meander,efficientnet_b0,0102-5,0,brightness,4,nan,nan,0.7699,0.1639
handpd_meander,efficientnet_b0,0102-5,0,brightness,5,nan,nan,0.7699,0.1639
handpd_meander,efficientnet_b0,0102-5,0,shadow,1,0.9849,0.7761,0.7762,0.9296
handpd_meander,efficientnet_b0,0102-5,0,shadow,2,0.9727,0.7387,0.6402,0.8193
handpd_meander,efficientnet_b0,0102-5,0,shadow,3,0.9522,0.6468,0.5631,0.6711
handpd_meander,efficientnet_b0,0102-5,0,shadow,4,0.9132,0.581,0.5368,0.6029
handpd_meander,efficientnet_b0,0102-5,0,shadow,5,0.8716,0.545,0.5075,0.5422
handpd_meander,efficientnet_b0,0102-5,0,perspective,1,0.9717,0.8902,0.9338,0.7182
handpd_meander,efficientnet_b0,0102-5,0,perspective,2,0.8909,0.8408,0.8962,0.6216
handpd_meander,efficientnet_b0,0102-5,0,perspective,3,0.8716,0.6506,0.8086,0.5509
handpd_meander,efficientnet_b0,0102-5,0,perspective,4,0.8483,0.6615,0.8318,0.5699
handpd_meander,efficientnet_b0,0102-5,0,perspective,5,0.8617,0.6586,0.8159,0.5642
handpd_meander,efficientnet_b0,0102-5,0,rotation,1,0.8368,0.7293,0.7817,0.6317
handpd_meander,efficientnet_b0,0102-5,0,rotation,2,0.9488,0.8082,0.9087,0.7881
handpd_meander,efficientnet_b0,0102-5,0,rotation,3,-0.0724,0.0335,0.451,0.0987
handpd_meander,efficientnet_b0,0102-5,0,rotation,4,0.8275,0.5026,0.6359,0.4186
handpd_meander,efficientnet_b0,0102-5,0,rotation,5,-0.1369,-0.1154,0.4567,0.0524
handpd_meander,efficientnet_b0,0129-6,0,jpeg_compression,1,0.9989,0.9995,0.9834,0.9263
handpd_meander,efficientnet_b0,0129-6,0,jpeg_compression,2,0.9959,0.9829,0.9689,0.8902
handpd_meander,efficientnet_b0,0129-6,0,jpeg_compression,3,0.9843,0.9803,0.9474,0.8279
handpd_meander,efficientnet_b0,0129-6,0,jpeg_compression,4,0.9614,0.7965,0.7976,0.8124
handpd_meander,efficientnet_b0,0129-6,0,jpeg_compression,5,0.8789,0.6105,0.7096,0.5841
handpd_meander,efficientnet_b0,0129-6,0,gaussian_blur,1,0.9973,0.9573,0.9306,0.9563
handpd_meander,efficientnet_b0,0129-6,0,gaussian_blur,2,0.9791,0.9029,0.8545,0.8789
handpd_meander,efficientnet_b0,0129-6,0,gaussian_blur,3,0.9308,0.6588,0.7545,0.5896
handpd_meander,efficientnet_b0,0129-6,0,gaussian_blur,4,0.918,0.5763,0.7401,0.5411
handpd_meander,efficientnet_b0,0129-6,0,gaussian_blur,5,0.9022,0.6106,0.7321,0.5841
handpd_meander,efficientnet_b0,0129-6,0,gaussian_noise,1,0.9976,0.9987,0.99,0.9527
handpd_meander,efficientnet_b0,0129-6,0,gaussian_noise,2,0.9854,0.9789,0.9411,0.7582
handpd_meander,efficientnet_b0,0129-6,0,gaussian_noise,3,0.9896,0.953,0.925,0.8741
handpd_meander,efficientnet_b0,0129-6,0,gaussian_noise,4,0.9816,0.8791,0.8828,0.8209
handpd_meander,efficientnet_b0,0129-6,0,gaussian_noise,5,0.9442,0.8202,0.7947,0.8249
handpd_meander,efficientnet_b0,0129-6,0,contrast,1,0.9685,0.7775,0.8349,0.8352
handpd_meander,efficientnet_b0,0129-6,0,contrast,2,0.9914,0.8773,0.8876,0.9127
handpd_meander,efficientnet_b0,0129-6,0,contrast,3,0.9956,0.9313,0.9412,0.8961
handpd_meander,efficientnet_b0,0129-6,0,contrast,4,0.975,0.9513,0.906,0.8712
handpd_meander,efficientnet_b0,0129-6,0,contrast,5,0.9208,0.9123,0.8534,0.7794
handpd_meander,efficientnet_b0,0129-6,0,brightness,1,0.929,0.7729,0.6761,0.791
handpd_meander,efficientnet_b0,0129-6,0,brightness,2,0.9218,0.8487,0.6453,0.7638
handpd_meander,efficientnet_b0,0129-6,0,brightness,3,0.9261,0.8494,0.6556,0.7744
handpd_meander,efficientnet_b0,0129-6,0,brightness,4,nan,nan,0.6208,0.2249
handpd_meander,efficientnet_b0,0129-6,0,brightness,5,nan,nan,0.6208,0.2249
handpd_meander,efficientnet_b0,0129-6,0,shadow,1,0.9749,0.8836,0.7911,0.8782
handpd_meander,efficientnet_b0,0129-6,0,shadow,2,0.9379,0.8428,0.6353,0.7939
handpd_meander,efficientnet_b0,0129-6,0,shadow,3,0.8332,0.7667,0.5055,0.6154
handpd_meander,efficientnet_b0,0129-6,0,shadow,4,0.706,0.6217,0.4927,0.53
handpd_meander,efficientnet_b0,0129-6,0,shadow,5,0.5991,0.5688,0.5272,0.4691
handpd_meander,efficientnet_b0,0129-6,0,perspective,1,0.8885,0.3837,0.662,0.4277
handpd_meander,efficientnet_b0,0129-6,0,perspective,2,0.6162,0.3463,0.6174,0.3587
handpd_meander,efficientnet_b0,0129-6,0,perspective,3,0.905,0.5771,0.7366,0.5422
handpd_meander,efficientnet_b0,0129-6,0,perspective,4,0.8467,0.61,0.7052,0.5841
handpd_meander,efficientnet_b0,0129-6,0,perspective,5,0.8812,0.4257,0.6887,0.4412
handpd_meander,efficientnet_b0,0129-6,0,rotation,1,0.5085,0.4043,0.5836,0.391
handpd_meander,efficientnet_b0,0129-6,0,rotation,2,0.4697,0.3373,0.635,0.3231
handpd_meander,efficientnet_b0,0129-6,0,rotation,3,-0.1166,0.1655,0.46,0.0823
handpd_meander,efficientnet_b0,0129-6,0,rotation,4,0.3939,0.2364,0.6078,0.2215
handpd_meander,efficientnet_b0,0129-6,0,rotation,5,-0.0838,0.2087,0.4082,0.0699
handpd_meander,efficientnet_b0,0024-8,1,jpeg_compression,1,0.9989,0.9988,0.9978,0.9598
handpd_meander,efficientnet_b0,0024-8,1,jpeg_compression,2,0.9794,0.982,0.9498,0.7992
handpd_meander,efficientnet_b0,0024-8,1,jpeg_compression,3,0.9878,0.9898,0.9324,0.8836
handpd_meander,efficientnet_b0,0024-8,1,jpeg_compression,4,0.9235,0.9251,0.8025,0.6945
handpd_meander,efficientnet_b0,0024-8,1,jpeg_compression,5,0.6078,0.5786,0.3272,0.4433
handpd_meander,efficientnet_b0,0024-8,1,gaussian_blur,1,0.984,0.9899,0.9201,0.8775
handpd_meander,efficientnet_b0,0024-8,1,gaussian_blur,2,0.9583,0.9735,0.8382,0.8146
handpd_meander,efficientnet_b0,0024-8,1,gaussian_blur,3,0.9187,0.9384,0.7422,0.7683
handpd_meander,efficientnet_b0,0024-8,1,gaussian_blur,4,0.8946,0.9147,0.6886,0.7538
handpd_meander,efficientnet_b0,0024-8,1,gaussian_blur,5,0.867,0.8952,0.6358,0.7371
handpd_meander,efficientnet_b0,0024-8,1,gaussian_noise,1,0.9983,0.9984,0.9972,0.9109
handpd_meander,efficientnet_b0,0024-8,1,gaussian_noise,2,0.9913,0.9917,0.9789,0.8852
handpd_meander,efficientnet_b0,0024-8,1,gaussian_noise,3,0.9857,0.9885,0.9592,0.8081
handpd_meander,efficientnet_b0,0024-8,1,gaussian_noise,4,0.9874,0.9879,0.9423,0.8352
handpd_meander,efficientnet_b0,0024-8,1,gaussian_noise,5,0.9541,0.9662,0.8473,0.7604
handpd_meander,efficientnet_b0,0024-8,1,contrast,1,0.9559,0.9639,0.8811,0.7813
handpd_meander,efficientnet_b0,0024-8,1,contrast,2,0.9811,0.9819,0.9193,0.857
handpd_meander,efficientnet_b0,0024-8,1,contrast,3,0.9949,0.9948,0.9751,0.906
handpd_meander,efficientnet_b0,0024-8,1,contrast,4,0.9951,0.9944,0.99,0.858
handpd_meander,efficientnet_b0,0024-8,1,contrast,5,0.9843,0.9809,0.9684,0.7937
handpd_meander,efficientnet_b0,0024-8,1,brightness,1,0.9475,0.9642,0.8671,0.6596
handpd_meander,efficientnet_b0,0024-8,1,brightness,2,0.9752,0.9838,0.9607,0.6555
handpd_meander,efficientnet_b0,0024-8,1,brightness,3,0.9845,0.9907,0.9405,0.7907
handpd_meander,efficientnet_b0,0024-8,1,brightness,4,0.5997,0.5871,0.2262,0.5217
handpd_meander,efficientnet_b0,0024-8,1,brightness,5,0.57,0.5803,0.219,0.477
handpd_meander,efficientnet_b0,0024-8,1,shadow,1,0.9839,0.9923,0.9383,0.8499
handpd_meander,efficientnet_b0,0024-8,1,shadow,2,0.9653,0.9777,0.924,0.7945
handpd_meander,efficientnet_b0,0024-8,1,shadow,3,0.9496,0.9587,0.9006,0.7321
handpd_meander,efficientnet_b0,0024-8,1,shadow,4,0.928,0.9317,0.8514,0.6875
handpd_meander,efficientnet_b0,0024-8,1,shadow,5,0.9062,0.9114,0.7743,0.6079
handpd_meander,efficientnet_b0,0024-8,1,perspective,1,0.8468,0.886,0.7001,0.5086
handpd_meander,efficientnet_b0,0024-8,1,perspective,2,0.6635,0.6592,0.6435,0.4264
handpd_meander,efficientnet_b0,0024-8,1,perspective,3,0.129,0.204,0.4457,0.0901
handpd_meander,efficientnet_b0,0024-8,1,perspective,4,-0.1234,-0.2905,0.2962,0.0373
handpd_meander,efficientnet_b0,0024-8,1,perspective,5,-0.0581,-0.2013,0.3128,0.0505
handpd_meander,efficientnet_b0,0024-8,1,rotation,1,0.0761,-0.1151,0.3284,0.0556
handpd_meander,efficientnet_b0,0024-8,1,rotation,2,-0.0124,-0.0371,0.2941,0.0249
handpd_meander,efficientnet_b0,0024-8,1,rotation,3,0.1504,0.1186,0.3606,0.0873
handpd_meander,efficientnet_b0,0024-8,1,rotation,4,-0.0664,-0.0728,0.2802,0.0001
handpd_meander,efficientnet_b0,0024-8,1,rotation,5,0.1925,0.18,0.3116,0.1049
handpd_meander,efficientnet_b0,0181-8,1,jpeg_compression,1,0.9988,0.9988,0.9975,0.9636
handpd_meander,efficientnet_b0,0181-8,1,jpeg_compression,2,0.993,0.9924,0.9883,0.8804
handpd_meander,efficientnet_b0,0181-8,1,jpeg_compression,3,0.9886,0.9903,0.9684,0.8955
handpd_meander,efficientnet_b0,0181-8,1,jpeg_compression,4,0.9532,0.9712,0.7696,0.7499
handpd_meander,efficientnet_b0,0181-8,1,jpeg_compression,5,0.5569,0.5096,0.3798,0.3384
handpd_meander,efficientnet_b0,0181-8,1,gaussian_blur,1,0.9724,0.9721,0.9244,0.7915
handpd_meander,efficientnet_b0,0181-8,1,gaussian_blur,2,0.9482,0.9526,0.8537,0.687
handpd_meander,efficientnet_b0,0181-8,1,gaussian_blur,3,0.9149,0.9265,0.7721,0.6007
handpd_meander,efficientnet_b0,0181-8,1,gaussian_blur,4,0.8888,0.9088,0.7031,0.5669
handpd_meander,efficientnet_b0,0181-8,1,gaussian_blur,5,0.8664,0.8927,0.6482,0.5579
handpd_meander,efficientnet_b0,0181-8,1,gaussian_noise,1,0.997,0.9971,0.9965,0.9514
handpd_meander,efficientnet_b0,0181-8,1,gaussian_noise,2,0.977,0.9788,0.9449,0.7216
handpd_meander,efficientnet_b0,0181-8,1,gaussian_noise,3,0.9725,0.9742,0.9771,0.7613
handpd_meander,efficientnet_b0,0181-8,1,gaussian_noise,4,0.9505,0.9419,0.929,0.6952
handpd_meander,efficientnet_b0,0181-8,1,gaussian_noise,5,0.8778,0.8843,0.879,0.4366
handpd_meander,efficientnet_b0,0181-8,1,contrast,1,0.9186,0.9274,0.8161,0.6676
handpd_meander,efficientnet_b0,0181-8,1,contrast,2,0.9644,0.9672,0.9257,0.7518
handpd_meander,efficientnet_b0,0181-8,1,contrast,3,0.9912,0.991,0.9878,0.853
handpd_meander,efficientnet_b0,0181-8,1,contrast,4,0.9685,0.9651,0.9329,0.7733
handpd_meander,efficientnet_b0,0181-8,1,contrast,5,0.9463,0.9452,0.8718,0.7573
handpd_meander,efficientnet_b0,0181-8,1,brightness,1,0.9533,0.9553,0.9403,0.7284
handpd_meander,efficientnet_b0,0181-8,1,brightness,2,0.9587,0.9617,0.9174,0.7027
handpd_meander,efficientnet_b0,0181-8,1,brightness,3,0.9777,0.9782,0.9235,0.7774
handpd_meander,efficientnet_b0,0181-8,1,brightness,4,0.1717,0.3701,0.2211,0.0947
handpd_meander,efficientnet_b0,0181-8,1,brightness,5,0.1612,0.3464,0.2123,0.0856
handpd_meander,efficientnet_b0,0181-8,1,shadow,1,0.9877,0.9887,0.9419,0.8416
handpd_meander,efficientnet_b0,0181-8,1,shadow,2,0.9516,0.9545,0.9088,0.7759
handpd_meander,efficientnet_b0,0181-8,1,shadow,3,0.8964,0.8977,0.8761,0.7723
handpd_meander,efficientnet_b0,0181-8,1,shadow,4,0.8516,0.843,0.8473,0.6836
handpd_meander,efficientnet_b0,0181-8,1,shadow,5,0.8102,0.7997,0.8158,0.5718
handpd_meander,efficientnet_b0,0181-8,1,perspective,1,0.7746,0.8052,0.7393,0.3977
handpd_meander,efficientnet_b0,0181-8,1,perspective,2,0.6827,0.6816,0.7617,0.2202
handpd_meander,efficientnet_b0,0181-8,1,perspective,3,0.2765,0.3178,0.5562,0.0797
handpd_meander,efficientnet_b0,0181-8,1,perspective,4,0.0309,-0.0358,0.4573,0.0619
handpd_meander,efficientnet_b0,0181-8,1,perspective,5,0.0586,0.0001,0.3667,0.0665
handpd_meander,efficientnet_b0,0181-8,1,rotation,1,0.3094,0.3479,0.3204,0.1835
handpd_meander,efficientnet_b0,0181-8,1,rotation,2,0.1549,0.0981,0.2094,0.0798
handpd_meander,efficientnet_b0,0181-8,1,rotation,3,0.3149,0.2906,0.2739,0.2173
handpd_meander,efficientnet_b0,0181-8,1,rotation,4,0.1353,0.1123,0.1737,0.0797
handpd_meander,efficientnet_b0,0181-8,1,rotation,5,0.3715,0.4244,0.2898,0.3003
handpd_meander,efficientnet_b0,0138-7,1,jpeg_compression,1,0.9993,0.9997,0.9912,0.9542
handpd_meander,efficientnet_b0,0138-7,1,jpeg_compression,2,0.9952,0.9844,0.9644,0.8741
handpd_meander,efficientnet_b0,0138-7,1,jpeg_compression,3,0.9929,0.9848,0.9724,0.8621
handpd_meander,efficientnet_b0,0138-7,1,jpeg_compression,4,0.9684,0.9644,0.8847,0.7374
handpd_meander,efficientnet_b0,0138-7,1,jpeg_compression,5,nan,nan,0.5699,0.1981
handpd_meander,efficientnet_b0,0138-7,1,gaussian_blur,1,0.9949,0.9701,0.9606,0.8487
handpd_meander,efficientnet_b0,0138-7,1,gaussian_blur,2,0.9846,0.9566,0.9238,0.7667
handpd_meander,efficientnet_b0,0138-7,1,gaussian_blur,3,0.9734,0.9518,0.8957,0.7351
handpd_meander,efficientnet_b0,0138-7,1,gaussian_blur,4,0.9629,0.8789,0.8828,0.6934
handpd_meander,efficientnet_b0,0138-7,1,gaussian_blur,5,0.927,0.837,0.8206,0.6059
handpd_meander,efficientnet_b0,0138-7,1,gaussian_noise,1,0.9985,0.9989,0.9931,0.8934
handpd_meander,efficientnet_b0,0138-7,1,gaussian_noise,2,0.9965,0.9979,0.9834,0.8797
handpd_meander,efficientnet_b0,0138-7,1,gaussian_noise,3,0.9717,0.8442,0.8534,0.7559
handpd_meander,efficientnet_b0,0138-7,1,gaussian_noise,4,0.9692,0.9024,0.8548,0.7683
handpd_meander,efficientnet_b0,0138-7,1,gaussian_noise,5,0.9425,0.788,0.7525,0.7039
handpd_meander,efficientnet_b0,0138-7,1,contrast,1,0.9857,0.9777,0.9256,0.8127
handpd_meander,efficientnet_b0,0138-7,1,contrast,2,0.9952,0.9852,0.9634,0.8984
handpd_meander,efficientnet_b0,0138-7,1,contrast,3,0.9969,0.9866,0.9744,0.9076
handpd_meander,efficientnet_b0,0138-7,1,contrast,4,0.9845,0.9656,0.9244,0.8269
handpd_meander,efficientnet_b0,0138-7,1,contrast,5,0.981,0.9338,0.9317,0.8101
handpd_meander,efficientnet_b0,0138-7,1,brightness,1,0.9478,0.9469,0.8629,0.6746
handpd_meander,efficientnet_b0,0138-7,1,brightness,2,0.893,0.9304,0.7948,0.6006
handpd_meander,efficientnet_b0,0138-7,1,brightness,3,0.9046,0.9318,0.7971,0.6313
handpd_meander,efficientnet_b0,0138-7,1,brightness,4,nan,nan,0.5699,0.1981
handpd_meander,efficientnet_b0,0138-7,1,brightness,5,nan,nan,0.5699,0.1981
handpd_meander,efficientnet_b0,0138-7,1,shadow,1,0.9478,0.9513,0.8178,0.7499
handpd_meander,efficientnet_b0,0138-7,1,shadow,2,0.8744,0.8997,0.6927,0.6053
handpd_meander,efficientnet_b0,0138-7,1,shadow,3,0.7918,0.8492,0.6584,0.4763
handpd_meander,efficientnet_b0,0138-7,1,shadow,4,0.7007,0.7587,0.6148,0.4322
handpd_meander,efficientnet_b0,0138-7,1,shadow,5,0.6292,0.6974,0.6083,0.4147
handpd_meander,efficientnet_b0,0138-7,1,perspective,1,0.8972,0.8245,0.795,0.6336
handpd_meander,efficientnet_b0,0138-7,1,perspective,2,0.752,0.7947,0.6996,0.4762
handpd_meander,efficientnet_b0,0138-7,1,perspective,3,0.7271,0.748,0.6878,0.4815
handpd_meander,efficientnet_b0,0138-7,1,perspective,4,0.6574,0.6352,0.6537,0.3967
handpd_meander,efficientnet_b0,0138-7,1,perspective,5,0.6396,0.5655,0.6448,0.4346
handpd_meander,efficientnet_b0,0138-7,1,rotation,1,0.3224,0.5582,0.6204,0.39
handpd_meander,efficientnet_b0,0138-7,1,rotation,2,0.7545,0.4668,0.6422,0.3405
handpd_meander,efficientnet_b0,0138-7,1,rotation,3,0.294,0.4338,0.528,0.2058
handpd_meander,efficientnet_b0,0138-7,1,rotation,4,0.8402,0.7956,0.6973,0.4475
handpd_meander,efficientnet_b0,0138-7,1,rotation,5,0.0419,0.2912,0.4646,0.1138
handpd_meander,efficientnet_b0,0038-5,1,jpeg_compression,1,0.9986,0.9986,0.9971,0.9333
handpd_meander,efficientnet_b0,0038-5,1,jpeg_compression,2,0.9938,0.9935,0.9916,0.8535
handpd_meander,efficientnet_b0,0038-5,1,jpeg_compression,3,0.9946,0.994,0.9911,0.8423
handpd_meander,efficientnet_b0,0038-5,1,jpeg_compression,4,0.9867,0.9891,0.9703,0.842
handpd_meander,efficientnet_b0,0038-5,1,jpeg_compression,5,0.5513,0.5799,0.3839,0.3197
handpd_meander,efficientnet_b0,0038-5,1,gaussian_blur,1,0.9876,0.9927,0.9351,0.9202
handpd_meander,efficientnet_b0,0038-5,1,gaussian_blur,2,0.9649,0.9726,0.8253,0.8652
handpd_meander,efficientnet_b0,0038-5,1,gaussian_blur,3,0.945,0.9484,0.7847,0.811
handpd_meander,efficientnet_b0,0038-5,1,gaussian_blur,4,0.927,0.9184,0.7546,0.7287
handpd_meander,efficientnet_b0,0038-5,1,gaussian_blur,5,0.9012,0.8749,0.714,0.6472
handpd_meander,efficientnet_b0,0038-5,1,gaussian_noise,1,0.9981,0.9983,0.9968,0.9499
handpd_meander,efficientnet_b0,0038-5,1,gaussian_noise,2,0.9643,0.9696,0.9699,0.761
handpd_meander,efficientnet_b0,0038-5,1,gaussian_noise,3,0.9495,0.9494,0.9408,0.729
handpd_meander,efficientnet_b0,0038-5,1,gaussian_noise,4,0.9304,0.9419,0.9377,0.6061
handpd_meander,efficientnet_b0,0038-5,1,gaussian_noise,5,0.932,0.9356,0.9135,0.6208
handpd_meander,efficientnet_b0,0038-5,1,contrast,1,0.9591,0.9605,0.925,0.7694
handpd_meander,efficientnet_b0,0038-5,1,contrast,2,0.9881,0.989,0.9783,0.8435
handpd_meander,efficientnet_b0,0038-5,1,contrast,3,0.9914,0.9919,0.9892,0.8775
handpd_meander,efficientnet_b0,0038-5,1,contrast,4,0.9893,0.9889,0.9674,0.8513
handpd_meander,efficientnet_b0,0038-5,1,contrast,5,0.9733,0.978,0.9282,0.7778
handpd_meander,efficientnet_b0,0038-5,1,brightness,1,0.7966,0.7831,0.7762,0.4484
handpd_meander,efficientnet_b0,0038-5,1,brightness,2,0.8283,0.8306,0.7319,0.4625
handpd_meander,efficientnet_b0,0038-5,1,brightness,3,0.9167,0.9187,0.7969,0.6077
handpd_meander,efficientnet_b0,0038-5,1,brightness,4,0.5208,0.6484,0.206,0.4096
handpd_meander,efficientnet_b0,0038-5,1,brightness,5,0.4404,0.6389,0.168,0.4345
handpd_meander,efficientnet_b0,0038-5,1,shadow,1,0.907,0.9178,0.86,0.4832
handpd_meander,efficientnet_b0,0038-5,1,shadow,2,0.8114,0.8207,0.8273,0.3251
handpd_meander,efficientnet_b0,0038-5,1,shadow,3,0.7393,0.7559,0.7855,0.2674
handpd_meander,efficientnet_b0,0038-5,1,shadow,4,0.6823,0.6977,0.7495,0.1936
handpd_meander,efficientnet_b0,0038-5,1,shadow,5,0.6314,0.6559,0.716,0.1729
handpd_meander,efficientnet_b0,0038-5,1,perspective,1,0.7505,0.7459,0.6922,0.4334
handpd_meander,efficientnet_b0,0038-5,1,perspective,2,0.6557,0.6511,0.6857,0.3484
handpd_meander,efficientnet_b0,0038-5,1,perspective,3,0.6252,0.6288,0.6251,0.3172
handpd_meander,efficientnet_b0,0038-5,1,perspective,4,0.342,0.3981,0.3879,0.1556
handpd_meander,efficientnet_b0,0038-5,1,perspective,5,0.3568,0.34,0.4418,0.1673
handpd_meander,efficientnet_b0,0038-5,1,rotation,1,0.4169,0.408,0.2912,0.2388
handpd_meander,efficientnet_b0,0038-5,1,rotation,2,0.2038,0.241,0.0859,0.1135
handpd_meander,efficientnet_b0,0038-5,1,rotation,3,0.3505,0.3519,0.2732,0.1623
handpd_meander,efficientnet_b0,0038-5,1,rotation,4,0.3016,0.2703,0.2203,0.245
handpd_meander,efficientnet_b0,0038-5,1,rotation,5,0.2922,0.4648,0.1482,0.2521
handpd_meander,efficientnet_b0,0003-6,1,jpeg_compression,1,0.9982,0.9983,0.9985,0.948
handpd_meander,efficientnet_b0,0003-6,1,jpeg_compression,2,0.9918,0.9896,0.9955,0.854
handpd_meander,efficientnet_b0,0003-6,1,jpeg_compression,3,0.9872,0.9893,0.989,0.858
handpd_meander,efficientnet_b0,0003-6,1,jpeg_compression,4,0.9625,0.9629,0.9702,0.7984
handpd_meander,efficientnet_b0,0003-6,1,jpeg_compression,5,0.7956,0.8115,0.7693,0.5517
handpd_meander,efficientnet_b0,0003-6,1,gaussian_blur,1,0.9562,0.9584,0.9745,0.7318
handpd_meander,efficientnet_b0,0003-6,1,gaussian_blur,2,0.8545,0.8612,0.9167,0.5926
handpd_meander,efficientnet_b0,0003-6,1,gaussian_blur,3,0.791,0.7974,0.8656,0.5247
handpd_meander,efficientnet_b0,0003-6,1,gaussian_blur,4,0.7405,0.7456,0.8338,0.434
handpd_meander,efficientnet_b0,0003-6,1,gaussian_blur,5,0.7225,0.7292,0.8442,0.3543
handpd_meander,efficientnet_b0,0003-6,1,gaussian_noise,1,0.9947,0.9947,0.9954,0.918
handpd_meander,efficientnet_b0,0003-6,1,gaussian_noise,2,0.9852,0.9845,0.9872,0.7655
handpd_meander,efficientnet_b0,0003-6,1,gaussian_noise,3,0.9709,0.9794,0.9624,0.8304
handpd_meander,efficientnet_b0,0003-6,1,gaussian_noise,4,0.9485,0.9523,0.9486,0.684
handpd_meander,efficientnet_b0,0003-6,1,gaussian_noise,5,0.9541,0.9614,0.9436,0.6864
handpd_meander,efficientnet_b0,0003-6,1,contrast,1,0.94,0.9565,0.9415,0.71
handpd_meander,efficientnet_b0,0003-6,1,contrast,2,0.9687,0.9779,0.9622,0.7548
handpd_meander,efficientnet_b0,0003-6,1,contrast,3,0.9864,0.9888,0.9792,0.8513
handpd_meander,efficientnet_b0,0003-6,1,contrast,4,0.9753,0.9811,0.9814,0.7845
handpd_meander,efficientnet_b0,0003-6,1,contrast,5,0.955,0.9585,0.9617,0.6389
handpd_meander,efficientnet_b0,0003-6,1,brightness,1,0.8772,0.8492,0.9068,0.4284
handpd_meander,efficientnet_b0,0003-6,1,brightness,2,0.8849,0.849,0.919,0.4311
handpd_meander,efficientnet_b0,0003-6,1,brightness,3,0.931,0.9063,0.9449,0.5309
handpd_meander,efficientnet_b0,0003-6,1,brightness,4,0.872,0.8816,0.7767,0.5178
handpd_meander,efficientnet_b0,0003-6,1,brightness,5,0.8625,0.8736,0.7607,0.4742
handpd_meander,efficientnet_b0,0003-6,1,shadow,1,0.9292,0.917,0.9594,0.5281
handpd_meander,efficientnet_b0,0003-6,1,shadow,2,0.9039,0.8839,0.9415,0.5026
handpd_meander,efficientnet_b0,0003-6,1,shadow,3,0.873,0.8607,0.9093,0.4618
handpd_meander,efficientnet_b0,0003-6,1,shadow,4,0.826,0.8376,0.8827,0.4012
handpd_meander,efficientnet_b0,0003-6,1,shadow,5,0.7594,0.7478,0.8548,0.3641
handpd_meander,efficientnet_b0,0003-6,1,perspective,1,0.8721,0.8931,0.8366,0.552
handpd_meander,efficientnet_b0,0003-6,1,perspective,2,0.7633,0.7505,0.7612,0.4486
handpd_meander,efficientnet_b0,0003-6,1,perspective,3,0.5765,0.5669,0.6027,0.4165
handpd_meander,efficientnet_b0,0003-6,1,perspective,4,0.5625,0.547,0.5824,0.4008
handpd_meander,efficientnet_b0,0003-6,1,perspective,5,0.4885,0.4689,0.5417,0.3612
handpd_meander,efficientnet_b0,0003-6,1,rotation,1,0.6855,0.6854,0.6853,0.2558
handpd_meander,efficientnet_b0,0003-6,1,rotation,2,0.5965,0.5936,0.4813,0.327
handpd_meander,efficientnet_b0,0003-6,1,rotation,3,0.4737,0.4591,0.4421,0.2445
handpd_meander,efficientnet_b0,0003-6,1,rotation,4,0.537,0.5489,0.4017,0.3479
handpd_meander,efficientnet_b0,0003-6,1,rotation,5,0.4428,0.4837,0.3537,0.1696
handpd_meander,mobilenet_v3_large,0305-8,0,jpeg_compression,1,0.9982,0.9953,0.9923,0.9623
handpd_meander,mobilenet_v3_large,0305-8,0,jpeg_compression,2,0.995,0.9846,0.9827,0.8975
handpd_meander,mobilenet_v3_large,0305-8,0,jpeg_compression,3,0.9808,0.9683,0.9626,0.8084
handpd_meander,mobilenet_v3_large,0305-8,0,jpeg_compression,4,0.9672,0.9389,0.9333,0.7875
handpd_meander,mobilenet_v3_large,0305-8,0,jpeg_compression,5,0.915,0.7817,0.5956,0.5831
handpd_meander,mobilenet_v3_large,0305-8,0,gaussian_blur,1,0.9918,0.9841,0.9783,0.8242
handpd_meander,mobilenet_v3_large,0305-8,0,gaussian_blur,2,0.9693,0.9491,0.9375,0.6962
handpd_meander,mobilenet_v3_large,0305-8,0,gaussian_blur,3,0.9293,0.9006,0.8928,0.5512
handpd_meander,mobilenet_v3_large,0305-8,0,gaussian_blur,4,0.8969,0.8636,0.8688,0.491
handpd_meander,mobilenet_v3_large,0305-8,0,gaussian_blur,5,0.8798,0.8315,0.8393,0.4836
handpd_meander,mobilenet_v3_large,0305-8,0,gaussian_noise,1,0.9978,0.9953,0.9951,0.9389
handpd_meander,mobilenet_v3_large,0305-8,0,gaussian_noise,2,0.9845,0.9804,0.9608,0.8642
handpd_meander,mobilenet_v3_large,0305-8,0,gaussian_noise,3,0.9566,0.9138,0.8709,0.7463
handpd_meander,mobilenet_v3_large,0305-8,0,gaussian_noise,4,0.9642,0.8934,0.8293,0.8104
handpd_meander,mobilenet_v3_large,0305-8,0,gaussian_noise,5,0.9551,0.8867,0.8022,0.713
handpd_meander,mobilenet_v3_large,0305-8,0,contrast,1,0.9796,0.9498,0.9485,0.7476
handpd_meander,mobilenet_v3_large,0305-8,0,contrast,2,0.9897,0.9712,0.9703,0.7725
handpd_meander,mobilenet_v3_large,0305-8,0,contrast,3,0.9945,0.9846,0.9826,0.8511
handpd_meander,mobilenet_v3_large,0305-8,0,contrast,4,0.9905,0.9756,0.9388,0.9129
handpd_meander,mobilenet_v3_large,0305-8,0,contrast,5,0.9834,0.9687,0.9038,0.8435
handpd_meander,mobilenet_v3_large,0305-8,0,brightness,1,0.9288,0.932,0.8878,0.5955
handpd_meander,mobilenet_v3_large,0305-8,0,brightness,2,0.9615,0.9614,0.9293,0.7126
handpd_meander,mobilenet_v3_large,0305-8,0,brightness,3,0.9812,0.9707,0.9648,0.7848
handpd_meander,mobilenet_v3_large,0305-8,0,brightness,4,0.9008,0.7157,0.5748,0.5512
handpd_meander,mobilenet_v3_large,0305-8,0,brightness,5,0.9046,0.7255,0.5555,0.5548
handpd_meander,mobilenet_v3_large,0305-8,0,shadow,1,0.9904,0.9749,0.9799,0.8836
handpd_meander,mobilenet_v3_large,0305-8,0,shadow,2,0.9832,0.9681,0.9622,0.8379
handpd_meander,mobilenet_v3_large,0305-8,0,shadow,3,0.9723,0.9563,0.9431,0.7663
handpd_meander,mobilenet_v3_large,0305-8,0,shadow,4,0.9643,0.9397,0.924,0.682
handpd_meander,mobilenet_v3_large,0305-8,0,shadow,5,0.9523,0.9165,0.9011,0.6661
handpd_meander,mobilenet_v3_large,0305-8,0,perspective,1,0.9396,0.8167,0.7749,0.7312
handpd_meander,mobilenet_v3_large,0305-8,0,perspective,2,0.9353,0.8135,0.8188,0.6808
handpd_meander,mobilenet_v3_large,0305-8,0,perspective,3,0.9183,0.7285,0.7931,0.6334
handpd_meander,mobilenet_v3_large,0305-8,0,perspective,4,0.9062,0.7189,0.7195,0.6763
handpd_meander,mobilenet_v3_large,0305-8,0,perspective,5,0.8697,0.6341,0.676,0.6414
handpd_meander,mobilenet_v3_large,0305-8,0,rotation,1,0.8633,0.4931,0.5303,0.5714
handpd_meander,mobilenet_v3_large,0305-8,0,rotation,2,0.8553,0.5302,0.4839,0.5226
handpd_meander,mobilenet_v3_large,0305-8,0,rotation,3,0.7544,0.3673,0.5434,0.4428
handpd_meander,mobilenet_v3_large,0305-8,0,rotation,4,0.7756,0.3852,0.5167,0.4548
handpd_meander,mobilenet_v3_large,0305-8,0,rotation,5,0.7638,0.3374,0.4296,0.4205
handpd_meander,mobilenet_v3_large,0102-6,0,jpeg_compression,1,0.9935,0.9877,0.9762,0.8682
handpd_meander,mobilenet_v3_large,0102-6,0,jpeg_compression,2,0.9549,0.9383,0.9002,0.8508
handpd_meander,mobilenet_v3_large,0102-6,0,jpeg_compression,3,0.9336,0.896,0.8577,0.6798
handpd_meander,mobilenet_v3_large,0102-6,0,jpeg_compression,4,0.8471,0.8588,0.7417,0.6289
handpd_meander,mobilenet_v3_large,0102-6,0,jpeg_compression,5,0.4555,0.5212,0.5715,0.334
handpd_meander,mobilenet_v3_large,0102-6,0,gaussian_blur,1,0.9752,0.9782,0.9497,0.8474
handpd_meander,mobilenet_v3_large,0102-6,0,gaussian_blur,2,0.8029,0.9382,0.8659,0.6136
handpd_meander,mobilenet_v3_large,0102-6,0,gaussian_blur,3,0.6569,0.8976,0.8014,0.5797
handpd_meander,mobilenet_v3_large,0102-6,0,gaussian_blur,4,0.6503,0.8691,0.7791,0.572
handpd_meander,mobilenet_v3_large,0102-6,0,gaussian_blur,5,0.6848,0.8112,0.7552,0.5547
handpd_meander,mobilenet_v3_large,0102-6,0,gaussian_noise,1,0.9864,0.9764,0.9363,0.9024
handpd_meander,mobilenet_v3_large,0102-6,0,gaussian_noise,2,0.8282,0.7398,0.7307,0.691
handpd_meander,mobilenet_v3_large,0102-6,0,gaussian_noise,3,0.7808,0.6996,0.7472,0.5529
handpd_meander,mobilenet_v3_large,0102-6,0,gaussian_noise,4,0.6612,0.5745,0.6311,0.4368
handpd_meander,mobilenet_v3_large,0102-6,0,gaussian_noise,5,0.5555,0.5214,0.6067,0.4226
handpd_meander,mobilenet_v3_large,0102-6,0,contrast,1,0.8581,0.8546,0.7936,0.5879
handpd_meander,mobilenet_v3_large,0102-6,0,contrast,2,0.9038,0.9086,0.8392,0.6675
handpd_meander,mobilenet_v3_large,0102-6,0,contrast,3,0.9707,0.968,0.947,0.8389
handpd_meander,mobilenet_v3_large,0102-6,0,contrast,4,0.8317,0.8694,0.8213,0.6501
handpd_meander,mobilenet_v3_large,0102-6,0,contrast,5,0.7714,0.7949,0.7353,0.5742
handpd_meander,mobilenet_v3_large,0102-6,0,brightness,1,0.8179,0.878,0.8039,0.5939
handpd_meander,mobilenet_v3_large,0102-6,0,brightness,2,0.7967,0.9006,0.8578,0.6373
handpd_meander,mobilenet_v3_large,0102-6,0,brightness,3,0.8916,0.9126,0.8779,0.7544
handpd_meander,mobilenet_v3_large,0102-6,0,brightness,4,0.4793,0.3333,0.5801,0.3405
handpd_meander,mobilenet_v3_large,0102-6,0,brightness,5,0.4743,0.3324,0.5763,0.3405
handpd_meander,mobilenet_v3_large,0102-6,0,shadow,1,0.9632,0.948,0.9139,0.8518
handpd_meander,mobilenet_v3_large,0102-6,0,shadow,2,0.8835,0.902,0.8693,0.7001
handpd_meander,mobilenet_v3_large,0102-6,0,shadow,3,0.8331,0.8851,0.8223,0.635
handpd_meander,mobilenet_v3_large,0102-6,0,shadow,4,0.8178,0.8813,0.7929,0.6373
handpd_meander,mobilenet_v3_large,0102-6,0,shadow,5,0.8354,0.7993,0.7488,0.6452
handpd_meander,mobilenet_v3_large,0102-6,0,perspective,1,0.7123,0.7482,0.7193,0.4382
handpd_meander,mobilenet_v3_large,0102-6,0,perspective,2,0.6082,0.583,0.61,0.347
handpd_meander,mobilenet_v3_large,0102-6,0,perspective,3,0.6029,0.576,0.6086,0.3226
handpd_meander,mobilenet_v3_large,0102-6,0,perspective,4,0.5942,0.317,0.5588,0.3349
handpd_meander,mobilenet_v3_large,0102-6,0,perspective,5,0.5938,0.3716,0.5824,0.3319
handpd_meander,mobilenet_v3_large,0102-6,0,rotation,1,0.5153,0.4725,0.5696,0.3517
handpd_meander,mobilenet_v3_large,0102-6,0,rotation,2,0.2628,0.1607,0.4308,0.2197
handpd_meander,mobilenet_v3_large,0102-6,0,rotation,3,0.5624,0.3866,0.4916,0.3301
handpd_meander,mobilenet_v3_large,0102-6,0,rotation,4,0.1979,0.0263,0.3039,0.1483
handpd_meander,mobilenet_v3_large,0102-6,0,rotation,5,0.4786,0.2479,0.3612,0.2914
handpd_meander,mobilenet_v3_large,0297-7,0,jpeg_compression,1,0.9976,0.9866,0.957,0.9644
handpd_meander,mobilenet_v3_large,0297-7,0,jpeg_compression,2,0.9889,0.938,0.8661,0.9293
handpd_meander,mobilenet_v3_large,0297-7,0,jpeg_compression,3,0.9796,0.9279,0.8496,0.9222
handpd_meander,mobilenet_v3_large,0297-7,0,jpeg_compression,4,0.9908,0.933,0.8561,0.9289
handpd_meander,mobilenet_v3_large,0297-7,0,jpeg_compression,5,0.8644,0.7746,0.5884,0.7238
handpd_meander,mobilenet_v3_large,0297-7,0,gaussian_blur,1,0.9927,0.9722,0.9349,0.8895
handpd_meander,mobilenet_v3_large,0297-7,0,gaussian_blur,2,0.9825,0.9316,0.8482,0.8672
handpd_meander,mobilenet_v3_large,0297-7,0,gaussian_blur,3,0.9608,0.8948,0.8013,0.8088
handpd_meander,mobilenet_v3_large,0297-7,0,gaussian_blur,4,0.9536,0.8615,0.7503,0.7997
handpd_meander,mobilenet_v3_large,0297-7,0,gaussian_blur,5,0.9539,0.8606,0.7401,0.7924
handpd_meander,mobilenet_v3_large,0297-7,0,gaussian_noise,1,0.9959,0.9934,0.9781,0.9533
handpd_meander,mobilenet_v3_large,0297-7,0,gaussian_noise,2,0.9674,0.9299,0.8265,0.8812
handpd_meander,mobilenet_v3_large,0297-7,0,gaussian_noise,3,0.906,0.8884,0.6716,0.799
handpd_meander,mobilenet_v3_large,0297-7,0,gaussian_noise,4,0.9163,0.8715,0.6604,0.8404
handpd_meander,mobilenet_v3_large,0297-7,0,gaussian_noise,5,0.8739,0.8228,0.5728,0.7562
handpd_meander,mobilenet_v3_large,0297-7,0,contrast,1,0.9713,0.8908,0.7463,0.8505
handpd_meander,mobilenet_v3_large,0297-7,0,contrast,2,0.9766,0.9007,0.8031,0.8153
handpd_meander,mobilenet_v3_large,0297-7,0,contrast,3,0.9892,0.9631,0.9066,0.9033
handpd_meander,mobilenet_v3_large,0297-7,0,contrast,4,0.9885,0.9567,0.8922,0.8954
handpd_meander,mobilenet_v3_large,0297-7,0,contrast,5,0.9764,0.9215,0.7444,0.8927
handpd_meander,mobilenet_v3_large,0297-7,0,brightness,1,0.9012,0.7956,0.6636,0.6566
handpd_meander,mobilenet_v3_large,0297-7,0,brightness,2,0.9305,0.8566,0.6976,0.7008
handpd_meander,mobilenet_v3_large,0297-7,0,brightness,3,0.9464,0.8977,0.8001,0.7285
handpd_meander,mobilenet_v3_large,0297-7,0,brightness,4,0.94,0.821,0.6066,0.8599
handpd_meander,mobilenet_v3_large,0297-7,0,brightness,5,0.9305,0.8181,0.5768,0.8571
handpd_meander,mobilenet_v3_large,0297-7,0,shadow,1,0.9839,0.8945,0.837,0.8585
handpd_meander,mobilenet_v3_large,0297-7,0,shadow,2,0.9717,0.824,0.7282,0.8219
handpd_meander,mobilenet_v3_large,0297-7,0,shadow,3,0.9718,0.8191,0.7279,0.8745
handpd_meander,mobilenet_v3_large,0297-7,0,shadow,4,0.9664,0.8136,0.7099,0.8762
handpd_meander,mobilenet_v3_large,0297-7,0,shadow,5,0.95,0.8011,0.6819,0.8905
handpd_meander,mobilenet_v3_large,0297-7,0,perspective,1,0.9802,0.9189,0.8448,0.9002
handpd_meander,mobilenet_v3_large,0297-7,0,perspective,2,0.932,0.8408,0.6733,0.7439
handpd_meander,mobilenet_v3_large,0297-7,0,perspective,3,0.9481,0.8606,0.7063,0.862
handpd_meander,mobilenet_v3_large,0297-7,0,perspective,4,0.9412,0.8786,0.7336,0.8267
handpd_meander,mobilenet_v3_large,0297-7,0,perspective,5,0.8803,0.691,0.6181,0.7191
handpd_meander,mobilenet_v3_large,0297-7,0,rotation,1,0.8215,0.6926,0.488,0.6009
handpd_meander,mobilenet_v3_large,0297-7,0,rotation,2,0.4352,0.5428,0.4281,0.3684
handpd_meander,mobilenet_v3_large,0297-7,0,rotation,3,0.6993,0.4798,0.4593,0.5064
handpd_meander,mobilenet_v3_large,0297-7,0,rotation,4,0.4968,0.5517,0.425,0.344
handpd_meander,mobilenet_v3_large,0297-7,0,rotation,5,0.7274,0.6732,0.4876,0.4676
handpd_meander,mobilenet_v3_large,0102-5,0,jpeg_compression,1,0.9974,0.9993,0.9877,0.9365
handpd_meander,mobilenet_v3_large,0102-5,0,jpeg_compression,2,0.9738,0.9927,0.9357,0.7894
handpd_meander,mobilenet_v3_large,0102-5,0,jpeg_compression,3,0.9458,0.9606,0.8739,0.7492
handpd_meander,mobilenet_v3_large,0102-5,0,jpeg_compression,4,0.8579,0.8728,0.7085,0.6362
handpd_meander,mobilenet_v3_large,0102-5,0,jpeg_compression,5,0.7274,0.7919,0.7225,0.4444
handpd_meander,mobilenet_v3_large,0102-5,0,gaussian_blur,1,0.9784,0.9962,0.9625,0.8142
handpd_meander,mobilenet_v3_large,0102-5,0,gaussian_blur,2,0.909,0.9579,0.8531,0.7053
handpd_meander,mobilenet_v3_large,0102-5,0,gaussian_blur,3,0.7345,0.8776,0.7156,0.514
handpd_meander,mobilenet_v3_large,0102-5,0,gaussian_blur,4,0.7506,0.8516,0.6904,0.5083
handpd_meander,mobilenet_v3_large,0102-5,0,gaussian_blur,5,0.8199,0.8387,0.6321,0.5559
handpd_meander,mobilenet_v3_large,0102-5,0,gaussian_noise,1,0.9956,0.9738,0.9814,0.9047
handpd_meander,mobilenet_v3_large,0102-5,0,gaussian_noise,2,0.9561,0.9718,0.8881,0.8015
handpd_meander,mobilenet_v3_large,0102-5,0,gaussian_noise,3,0.8738,0.7562,0.7715,0.6043
handpd_meander,mobilenet_v3_large,0102-5,0,gaussian_noise,4,0.944,0.8808,0.8765,0.7573
handpd_meander,mobilenet_v3_large,0102-5,0,gaussian_noise,5,0.8709,0.775,0.7687,0.6025
handpd_meander,mobilenet_v3_large,0102-5,0,contrast,1,0.9313,0.947,0.909,0.7117
handpd_meander,mobilenet_v3_large,0102-5,0,contrast,2,0.9212,0.9149,0.8835,0.6794
handpd_meander,mobilenet_v3_large,0102-5,0,contrast,3,0.9757,0.9512,0.9436,0.8477
handpd_meander,mobilenet_v3_large,0102-5,0,contrast,4,0.922,0.9703,0.8756,0.6271
handpd_meander,mobilenet_v3_large,0102-5,0,contrast,5,0.8867,0.8313,0.8028,0.5686
handpd_meander,mobilenet_v3_large,0102-5,0,brightness,1,0.7921,0.8011,0.7639,0.4821
handpd_meander,mobilenet_v3_large,0102-5,0,brightness,2,0.8786,0.8812,0.8359,0.5824
handpd_meander,mobilenet_v3_large,0102-5,0,brightness,3,0.8664,0.9435,0.8847,0.6965
handpd_meander,mobilenet_v3_large,0102-5,0,brightness,4,0.8944,0.8047,0.7819,0.6014
handpd_meander,mobilenet_v3_large,0102-5,0,brightness,5,0.8926,0.7992,0.7697,0.601
handpd_meander,mobilenet_v3_large,0102-5,0,shadow,1,0.925,0.9648,0.9146,0.7525
handpd_meander,mobilenet_v3_large,0102-5,0,shadow,2,0.9358,0.9631,0.9211,0.7138
handpd_meander,mobilenet_v3_large,0102-5,0,shadow,3,0.9416,0.9392,0.8826,0.7049
handpd_meander,mobilenet_v3_large,0102-5,0,shadow,4,0.9442,0.9315,0.9087,0.7163
handpd_meander,mobilenet_v3_large,0102-5,0,shadow,5,0.9573,0.8933,0.8866,0.7141
handpd_meander,mobilenet_v3_large,0102-5,0,perspective,1,0.9386,0.944,0.8582,0.6324
handpd_meander,mobilenet_v3_large,0102-5,0,perspective,2,0.9589,0.9538,0.9004,0.7838
handpd_meander,mobilenet_v3_large,0102-5,0,perspective,3,0.9524,0.888,0.8597,0.751
handpd_meander,mobilenet_v3_large,0102-5,0,perspective,4,0.8978,0.8288,0.8011,0.6927
handpd_meander,mobilenet_v3_large,0102-5,0,perspective,5,0.9234,0.8203,0.7997,0.6754
handpd_meander,mobilenet_v3_large,0102-5,0,rotation,1,0.884,0.7945,0.7771,0.6291
handpd_meander,mobilenet_v3_large,0102-5,0,rotation,2,0.7445,0.5303,0.5464,0.4492
handpd_meander,mobilenet_v3_large,0102-5,0,rotation,3,0.622,0.5165,0.5545,0.352
handpd_meander,mobilenet_v3_large,0102-5,0,rotation,4,0.6544,0.4588,0.5169,0.3754
handpd_meander,mobilenet_v3_large,0102-5,0,rotation,5,0.6557,0.5932,0.5738,0.447
handpd_meander,mobilenet_v3_large,0129-6,0,jpeg_compression,1,0.9975,0.9701,0.9562,0.9191
handpd_meander,mobilenet_v3_large,0129-6,0,jpeg_compression,2,0.979,0.9541,0.9414,0.892
handpd_meander,mobilenet_v3_large,0129-6,0,jpeg_compression,3,0.9816,0.9534,0.9,0.9109
handpd_meander,mobilenet_v3_large,0129-6,0,jpeg_compression,4,0.9398,0.8312,0.8089,0.785
handpd_meander,mobilenet_v3_large,0129-6,0,jpeg_compression,5,0.9357,0.8366,0.8046,0.7905
handpd_meander,mobilenet_v3_large,0129-6,0,gaussian_blur,1,0.988,0.9179,0.8981,0.8884
handpd_meander,mobilenet_v3_large,0129-6,0,gaussian_blur,2,0.9602,0.8385,0.8299,0.8204
handpd_meander,mobilenet_v3_large,0129-6,0,gaussian_blur,3,0.9054,0.8627,0.7624,0.7227
handpd_meander,mobilenet_v3_large,0129-6,0,gaussian_blur,4,0.8572,0.7996,0.7121,0.6423
handpd_meander,mobilenet_v3_large,0129-6,0,gaussian_blur,5,0.8357,0.7325,0.6469,0.6001
handpd_meander,mobilenet_v3_large,0129-6,0,gaussian_noise,1,0.9981,0.9617,0.9628,0.9332
handpd_meander,mobilenet_v3_large,0129-6,0,gaussian_noise,2,0.9895,0.9447,0.9185,0.8455
handpd_meander,mobilenet_v3_large,0129-6,0,gaussian_noise,3,0.9846,0.9542,0.9224,0.8459
handpd_meander,mobilenet_v3_large,0129-6,0,gaussian_noise,4,0.8722,0.8479,0.7714,0.6528
handpd_meander,mobilenet_v3_large,0129-6,0,gaussian_noise,5,0.8645,0.8401,0.7708,0.7533
handpd_meander,mobilenet_v3_large,0129-6,0,contrast,1,0.9877,0.9499,0.9334,0.8712
handpd_meander,mobilenet_v3_large,0129-6,0,contrast,2,0.9927,0.9978,0.9682,0.895
handpd_meander,mobilenet_v3_large,0129-6,0,contrast,3,0.9926,0.9979,0.969,0.8852
handpd_meander,mobilenet_v3_large,0129-6,0,contrast,4,0.9846,0.9128,0.9019,0.8706
handpd_meander,mobilenet_v3_large,0129-6,0,contrast,5,0.9584,0.8687,0.8543,0.8312
handpd_meander,mobilenet_v3_large,0129-6,0,brightness,1,0.8522,0.7207,0.7076,0.5902
handpd_meander,mobilenet_v3_large,0129-6,0,brightness,2,0.9148,0.7931,0.7675,0.6476
handpd_meander,mobilenet_v3_large,0129-6,0,brightness,3,0.9709,0.9091,0.8651,0.8644
handpd_meander,mobilenet_v3_large,0129-6,0,brightness,4,0.896,0.826,0.801,0.6983
handpd_meander,mobilenet_v3_large,0129-6,0,brightness,5,0.8917,0.7839,0.7781,0.7123
handpd_meander,mobilenet_v3_large,0129-6,0,shadow,1,0.9863,0.911,0.8667,0.8804
handpd_meander,mobilenet_v3_large,0129-6,0,shadow,2,0.9759,0.84,0.8711,0.8122
handpd_meander,mobilenet_v3_large,0129-6,0,shadow,3,0.9622,0.8864,0.8363,0.7348
handpd_meander,mobilenet_v3_large,0129-6,0,shadow,4,0.9489,0.8644,0.8271,0.7256
handpd_meander,mobilenet_v3_large,0129-6,0,shadow,5,0.9529,0.7454,0.8186,0.7561
handpd_meander,mobilenet_v3_large,0129-6,0,perspective,1,0.9549,0.9082,0.8532,0.761
handpd_meander,mobilenet_v3_large,0129-6,0,perspective,2,0.9183,0.837,0.7621,0.6975
handpd_meander,mobilenet_v3_large,0129-6,0,perspective,3,0.8783,0.8453,0.739,0.6643
handpd_meander,mobilenet_v3_large,0129-6,0,perspective,4,0.8336,0.8023,0.7635,0.6281
handpd_meander,mobilenet_v3_large,0129-6,0,perspective,5,0.81,0.7146,0.7253,0.5821
handpd_meander,mobilenet_v3_large,0129-6,0,rotation,1,0.6148,0.4827,0.578,0.4151
handpd_meander,mobilenet_v3_large,0129-6,0,rotation,2,0.7011,0.6628,0.6506,0.4404
handpd_meander,mobilenet_v3_large,0129-6,0,rotation,3,0.8695,0.6556,0.6299,0.5736
handpd_meander,mobilenet_v3_large,0129-6,0,rotation,4,0.1721,0.2129,0.4254,0.1817
handpd_meander,mobilenet_v3_large,0129-6,0,rotation,5,0.6783,0.6325,0.5258,0.468
handpd_meander,mobilenet_v3_large,0024-8,1,jpeg_compression,1,0.9924,0.9878,0.9649,0.9335
handpd_meander,mobilenet_v3_large,0024-8,1,jpeg_compression,2,0.9652,0.9436,0.9267,0.8153
handpd_meander,mobilenet_v3_large,0024-8,1,jpeg_compression,3,0.9665,0.9339,0.8672,0.8494
handpd_meander,mobilenet_v3_large,0024-8,1,jpeg_compression,4,0.8905,0.8089,0.7667,0.7024
handpd_meander,mobilenet_v3_large,0024-8,1,jpeg_compression,5,0.7114,0.5733,0.3479,0.5582
handpd_meander,mobilenet_v3_large,0024-8,1,gaussian_blur,1,0.9765,0.9557,0.9341,0.8866
handpd_meander,mobilenet_v3_large,0024-8,1,gaussian_blur,2,0.9316,0.8886,0.8249,0.7913
handpd_meander,mobilenet_v3_large,0024-8,1,gaussian_blur,3,0.8951,0.8077,0.716,0.7561
handpd_meander,mobilenet_v3_large,0024-8,1,gaussian_blur,4,0.8504,0.7385,0.7044,0.6904
handpd_meander,mobilenet_v3_large,0024-8,1,gaussian_blur,5,0.8327,0.7353,0.6868,0.6218
handpd_meander,mobilenet_v3_large,0024-8,1,gaussian_noise,1,0.9943,0.993,0.9813,0.9197
handpd_meander,mobilenet_v3_large,0024-8,1,gaussian_noise,2,0.9648,0.9575,0.9221,0.8523
handpd_meander,mobilenet_v3_large,0024-8,1,gaussian_noise,3,0.9421,0.9423,0.8933,0.7759
handpd_meander,mobilenet_v3_large,0024-8,1,gaussian_noise,4,0.9084,0.9215,0.8278,0.6789
handpd_meander,mobilenet_v3_large,0024-8,1,gaussian_noise,5,0.8629,0.7918,0.5298,0.5871
handpd_meander,mobilenet_v3_large,0024-8,1,contrast,1,0.9342,0.9007,0.8194,0.7442
handpd_meander,mobilenet_v3_large,0024-8,1,contrast,2,0.9551,0.9318,0.8999,0.7812
handpd_meander,mobilenet_v3_large,0024-8,1,contrast,3,0.9723,0.9501,0.9467,0.834
handpd_meander,mobilenet_v3_large,0024-8,1,contrast,4,0.952,0.9221,0.9089,0.7613
handpd_meander,mobilenet_v3_large,0024-8,1,contrast,5,0.9172,0.842,0.8368,0.7257
handpd_meander,mobilenet_v3_large,0024-8,1,brightness,1,0.8736,0.8207,0.7584,0.6718
handpd_meander,mobilenet_v3_large,0024-8,1,brightness,2,0.8981,0.8874,0.8715,0.6483
handpd_meander,mobilenet_v3_large,0024-8,1,brightness,3,0.9631,0.9633,0.9617,0.7217
handpd_meander,mobilenet_v3_large,0024-8,1,brightness,4,0.6703,0.585,0.3541,0.4318
handpd_meander,mobilenet_v3_large,0024-8,1,brightness,5,0.6751,0.5668,0.3663,0.461
handpd_meander,mobilenet_v3_large,0024-8,1,shadow,1,0.9827,0.9743,0.9779,0.8181
handpd_meander,mobilenet_v3_large,0024-8,1,shadow,2,0.9569,0.9188,0.9179,0.7673
handpd_meander,mobilenet_v3_large,0024-8,1,shadow,3,0.9301,0.854,0.8459,0.7522
handpd_meander,mobilenet_v3_large,0024-8,1,shadow,4,0.907,0.8058,0.8009,0.7579
handpd_meander,mobilenet_v3_large,0024-8,1,shadow,5,0.8938,0.773,0.7724,0.7341
handpd_meander,mobilenet_v3_large,0024-8,1,perspective,1,0.8524,0.6949,0.7817,0.7344
handpd_meander,mobilenet_v3_large,0024-8,1,perspective,2,0.8124,0.5455,0.7224,0.7719
handpd_meander,mobilenet_v3_large,0024-8,1,perspective,3,0.8489,0.6611,0.6329,0.7306
handpd_meander,mobilenet_v3_large,0024-8,1,perspective,4,0.6828,0.4608,0.5752,0.4693
handpd_meander,mobilenet_v3_large,0024-8,1,perspective,5,0.5519,0.2453,0.3615,0.3556
handpd_meander,mobilenet_v3_large,0024-8,1,rotation,1,0.5077,0.4587,0.3179,0.3879
handpd_meander,mobilenet_v3_large,0024-8,1,rotation,2,0.3655,0.1448,0.356,0.2311
handpd_meander,mobilenet_v3_large,0024-8,1,rotation,3,0.6528,0.5477,0.3934,0.4861
handpd_meander,mobilenet_v3_large,0024-8,1,rotation,4,0.241,0.1278,0.3575,0.1575
handpd_meander,mobilenet_v3_large,0024-8,1,rotation,5,0.3969,0.2298,0.3114,0.2769
handpd_meander,mobilenet_v3_large,0181-8,1,jpeg_compression,1,0.999,0.9974,0.9963,0.9478
handpd_meander,mobilenet_v3_large,0181-8,1,jpeg_compression,2,0.9965,0.984,0.9841,0.9346
handpd_meander,mobilenet_v3_large,0181-8,1,jpeg_compression,3,0.9893,0.9718,0.958,0.8342
handpd_meander,mobilenet_v3_large,0181-8,1,jpeg_compression,4,0.9772,0.9284,0.8953,0.6799
handpd_meander,mobilenet_v3_large,0181-8,1,jpeg_compression,5,0.8381,0.5936,0.4797,0.5075
handpd_meander,mobilenet_v3_large,0181-8,1,gaussian_blur,1,0.9921,0.9689,0.9812,0.8771
handpd_meander,mobilenet_v3_large,0181-8,1,gaussian_blur,2,0.9635,0.9057,0.9213,0.7709
handpd_meander,mobilenet_v3_large,0181-8,1,gaussian_blur,3,0.9102,0.8378,0.8411,0.6009
handpd_meander,mobilenet_v3_large,0181-8,1,gaussian_blur,4,0.9006,0.8038,0.8167,0.5807
handpd_meander,mobilenet_v3_large,0181-8,1,gaussian_blur,5,0.8652,0.7672,0.7779,0.5373
handpd_meander,mobilenet_v3_large,0181-8,1,gaussian_noise,1,0.9984,0.9936,0.9955,0.9294
handpd_meander,mobilenet_v3_large,0181-8,1,gaussian_noise,2,0.9821,0.9619,0.9548,0.7869
handpd_meander,mobilenet_v3_large,0181-8,1,gaussian_noise,3,0.9535,0.909,0.9088,0.6962
handpd_meander,mobilenet_v3_large,0181-8,1,gaussian_noise,4,0.9591,0.8754,0.761,0.713
handpd_meander,mobilenet_v3_large,0181-8,1,gaussian_noise,5,0.9674,0.864,0.7266,0.6974
handpd_meander,mobilenet_v3_large,0181-8,1,contrast,1,0.9726,0.8704,0.8535,0.7095
handpd_meander,mobilenet_v3_large,0181-8,1,contrast,2,0.98,0.9244,0.9222,0.7247
handpd_meander,mobilenet_v3_large,0181-8,1,contrast,3,0.9903,0.9717,0.9628,0.8036
handpd_meander,mobilenet_v3_large,0181-8,1,contrast,4,0.9945,0.9802,0.9717,0.8382
handpd_meander,mobilenet_v3_large,0181-8,1,contrast,5,0.9829,0.9337,0.8897,0.7689
handpd_meander,mobilenet_v3_large,0181-8,1,brightness,1,0.9553,0.7981,0.8122,0.7294
handpd_meander,mobilenet_v3_large,0181-8,1,brightness,2,0.9693,0.8754,0.9389,0.7401
handpd_meander,mobilenet_v3_large,0181-8,1,brightness,3,0.985,0.9422,0.9729,0.7948
handpd_meander,mobilenet_v3_large,0181-8,1,brightness,4,0.9089,0.6463,0.4128,0.5517
handpd_meander,mobilenet_v3_large,0181-8,1,brightness,5,0.9136,0.6348,0.3991,0.5423
handpd_meander,mobilenet_v3_large,0181-8,1,shadow,1,0.9959,0.9864,0.9837,0.834
handpd_meander,mobilenet_v3_large,0181-8,1,shadow,2,0.9896,0.9627,0.9316,0.7785
handpd_meander,mobilenet_v3_large,0181-8,1,shadow,3,0.9815,0.9281,0.8606,0.732
handpd_meander,mobilenet_v3_large,0181-8,1,shadow,4,0.9753,0.9026,0.8047,0.7198
handpd_meander,mobilenet_v3_large,0181-8,1,shadow,5,0.9665,0.8634,0.7665,0.6987
handpd_meander,mobilenet_v3_large,0181-8,1,perspective,1,0.9199,0.8095,0.8694,0.6775
handpd_meander,mobilenet_v3_large,0181-8,1,perspective,2,0.8728,0.7499,0.7746,0.5532
handpd_meander,mobilenet_v3_large,0181-8,1,perspective,3,0.8967,0.5743,0.818,0.6171
handpd_meander,mobilenet_v3_large,0181-8,1,perspective,4,0.8742,0.5052,0.7097,0.5636
handpd_meander,mobilenet_v3_large,0181-8,1,perspective,5,0.6863,0.3959,0.5871,0.4011
handpd_meander,mobilenet_v3_large,0181-8,1,rotation,1,0.7765,0.538,0.5554,0.4127
handpd_meander,mobilenet_v3_large,0181-8,1,rotation,2,0.6519,0.2181,0.5093,0.3531
handpd_meander,mobilenet_v3_large,0181-8,1,rotation,3,0.8593,0.5235,0.6718,0.503
handpd_meander,mobilenet_v3_large,0181-8,1,rotation,4,0.7366,0.1813,0.4891,0.3938
handpd_meander,mobilenet_v3_large,0181-8,1,rotation,5,0.7806,0.4272,0.6157,0.4764
handpd_meander,mobilenet_v3_large,0138-7,1,jpeg_compression,1,0.9993,0.9397,0.9623,0.9388
handpd_meander,mobilenet_v3_large,0138-7,1,jpeg_compression,2,0.996,0.9014,0.9145,0.8873
handpd_meander,mobilenet_v3_large,0138-7,1,jpeg_compression,3,0.9856,0.9001,0.8636,0.8401
handpd_meander,mobilenet_v3_large,0138-7,1,jpeg_compression,4,0.9918,0.9218,0.9058,0.8498
handpd_meander,mobilenet_v3_large,0138-7,1,jpeg_compression,5,0.9722,0.7233,0.7819,0.6733
handpd_meander,mobilenet_v3_large,0138-7,1,gaussian_blur,1,0.9976,0.8971,0.9226,0.9116
handpd_meander,mobilenet_v3_large,0138-7,1,gaussian_blur,2,0.99,0.8669,0.8595,0.8125
handpd_meander,mobilenet_v3_large,0138-7,1,gaussian_blur,3,0.9615,0.829,0.7763,0.6757
handpd_meander,mobilenet_v3_large,0138-7,1,gaussian_blur,4,0.9256,0.7881,0.6844,0.6443
handpd_meander,mobilenet_v3_large,0138-7,1,gaussian_blur,5,0.8863,0.7611,0.6264,0.5927
handpd_meander,mobilenet_v3_large,0138-7,1,gaussian_noise,1,0.9995,0.9875,0.9897,0.9552
handpd_meander,mobilenet_v3_large,0138-7,1,gaussian_noise,2,0.9965,0.9163,0.9362,0.8433
handpd_meander,mobilenet_v3_large,0138-7,1,gaussian_noise,3,0.9897,0.9171,0.8892,0.8224
handpd_meander,mobilenet_v3_large,0138-7,1,gaussian_noise,4,0.987,0.7337,0.8047,0.7205
handpd_meander,mobilenet_v3_large,0138-7,1,gaussian_noise,5,0.9897,0.8464,0.8458,0.815
handpd_meander,mobilenet_v3_large,0138-7,1,contrast,1,0.9811,0.7831,0.7668,0.7192
handpd_meander,mobilenet_v3_large,0138-7,1,contrast,2,0.9901,0.8829,0.8849,0.8065
handpd_meander,mobilenet_v3_large,0138-7,1,contrast,3,0.9965,0.9439,0.9468,0.8813
handpd_meander,mobilenet_v3_large,0138-7,1,contrast,4,0.9982,0.9475,0.9631,0.8849
handpd_meander,mobilenet_v3_large,0138-7,1,contrast,5,0.9961,0.9459,0.9551,0.8785
handpd_meander,mobilenet_v3_large,0138-7,1,brightness,1,0.9574,0.7068,0.6847,0.6463
handpd_meander,mobilenet_v3_large,0138-7,1,brightness,2,0.9787,0.8147,0.7713,0.7705
handpd_meander,mobilenet_v3_large,0138-7,1,brightness,3,0.9938,0.8387,0.8765,0.8761
handpd_meander,mobilenet_v3_large,0138-7,1,brightness,4,0.9784,0.8436,0.8013,0.7439
handpd_meander,mobilenet_v3_large,0138-7,1,brightness,5,0.9727,0.7827,0.7677,0.6752
handpd_meander,mobilenet_v3_large,0138-7,1,shadow,1,0.9961,0.8376,0.8975,0.8921
handpd_meander,mobilenet_v3_large,0138-7,1,shadow,2,0.9916,0.7923,0.8417,0.8404
handpd_meander,mobilenet_v3_large,0138-7,1,shadow,3,0.9847,0.7577,0.7982,0.7934
handpd_meander,mobilenet_v3_large,0138-7,1,shadow,4,0.9801,0.744,0.7801,0.7521
handpd_meander,mobilenet_v3_large,0138-7,1,shadow,5,0.9795,0.7523,0.7855,0.7585
handpd_meander,mobilenet_v3_large,0138-7,1,perspective,1,0.9925,0.8518,0.8988,0.8739
handpd_meander,mobilenet_v3_large,0138-7,1,perspective,2,0.9772,0.574,0.7031,0.6452
handpd_meander,mobilenet_v3_large,0138-7,1,perspective,3,0.9758,0.7452,0.8202,0.7285
handpd_meander,mobilenet_v3_large,0138-7,1,perspective,4,0.9788,0.6713,0.7985,0.6961
handpd_meander,mobilenet_v3_large,0138-7,1,perspective,5,0.988,0.745,0.8068,0.7068
handpd_meander,mobilenet_v3_large,0138-7,1,rotation,1,0.9822,0.7615,0.8136,0.6867
handpd_meander,mobilenet_v3_large,0138-7,1,rotation,2,0.9745,0.6636,0.7412,0.6316
handpd_meander,mobilenet_v3_large,0138-7,1,rotation,3,0.9653,0.6136,0.7295,0.5897
handpd_meander,mobilenet_v3_large,0138-7,1,rotation,4,0.5718,0.3672,0.4381,0.3119
handpd_meander,mobilenet_v3_large,0138-7,1,rotation,5,0.9528,0.739,0.7465,0.5932
handpd_meander,mobilenet_v3_large,0038-5,1,jpeg_compression,1,0.9951,0.9928,0.97,0.8991
handpd_meander,mobilenet_v3_large,0038-5,1,jpeg_compression,2,0.9875,0.9826,0.9478,0.8535
handpd_meander,mobilenet_v3_large,0038-5,1,jpeg_compression,3,0.9811,0.9741,0.926,0.8053
handpd_meander,mobilenet_v3_large,0038-5,1,jpeg_compression,4,0.9767,0.9653,0.9033,0.8101
handpd_meander,mobilenet_v3_large,0038-5,1,jpeg_compression,5,0.8144,0.6306,0.5872,0.5295
handpd_meander,mobilenet_v3_large,0038-5,1,gaussian_blur,1,0.9911,0.9859,0.9501,0.8652
handpd_meander,mobilenet_v3_large,0038-5,1,gaussian_blur,2,0.9576,0.9536,0.8941,0.7545
handpd_meander,mobilenet_v3_large,0038-5,1,gaussian_blur,3,0.8961,0.889,0.8108,0.632
handpd_meander,mobilenet_v3_large,0038-5,1,gaussian_blur,4,0.8904,0.8763,0.7868,0.6629
handpd_meander,mobilenet_v3_large,0038-5,1,gaussian_blur,5,0.8574,0.8377,0.7328,0.6284
handpd_meander,mobilenet_v3_large,0038-5,1,gaussian_noise,1,0.9954,0.9918,0.9778,0.9348
handpd_meander,mobilenet_v3_large,0038-5,1,gaussian_noise,2,0.9875,0.9769,0.9453,0.8796
handpd_meander,mobilenet_v3_large,0038-5,1,gaussian_noise,3,0.9571,0.9337,0.8338,0.763
handpd_meander,mobilenet_v3_large,0038-5,1,gaussian_noise,4,0.9382,0.9361,0.852,0.6645
handpd_meander,mobilenet_v3_large,0038-5,1,gaussian_noise,5,0.9416,0.9212,0.8344,0.7214
handpd_meander,mobilenet_v3_large,0038-5,1,contrast,1,0.9571,0.9435,0.8195,0.8104
handpd_meander,mobilenet_v3_large,0038-5,1,contrast,2,0.9715,0.9716,0.9212,0.7857
handpd_meander,mobilenet_v3_large,0038-5,1,contrast,3,0.9878,0.9852,0.961,0.885
handpd_meander,mobilenet_v3_large,0038-5,1,contrast,4,0.969,0.9499,0.8825,0.7974
handpd_meander,mobilenet_v3_large,0038-5,1,contrast,5,0.9508,0.9178,0.8222,0.7408
handpd_meander,mobilenet_v3_large,0038-5,1,brightness,1,0.9605,0.9432,0.8447,0.7945
handpd_meander,mobilenet_v3_large,0038-5,1,brightness,2,0.9743,0.9663,0.8672,0.8881
handpd_meander,mobilenet_v3_large,0038-5,1,brightness,3,0.9848,0.9773,0.9156,0.8941
handpd_meander,mobilenet_v3_large,0038-5,1,brightness,4,0.8316,0.6575,0.5126,0.5905
handpd_meander,mobilenet_v3_large,0038-5,1,brightness,5,0.8303,0.6405,0.4868,0.5725
handpd_meander,mobilenet_v3_large,0038-5,1,shadow,1,0.9887,0.9839,0.9427,0.8542
handpd_meander,mobilenet_v3_large,0038-5,1,shadow,2,0.9762,0.961,0.9059,0.8515
handpd_meander,mobilenet_v3_large,0038-5,1,shadow,3,0.9608,0.9421,0.8648,0.8342
handpd_meander,mobilenet_v3_large,0038-5,1,shadow,4,0.9397,0.9146,0.8317,0.7719
handpd_meander,mobilenet_v3_large,0038-5,1,shadow,5,0.9153,0.8789,0.8167,0.7299
handpd_meander,mobilenet_v3_large,0038-5,1,perspective,1,0.9107,0.8781,0.8359,0.6532
handpd_meander,mobilenet_v3_large,0038-5,1,perspective,2,0.8429,0.7204,0.7025,0.4962
handpd_meander,mobilenet_v3_large,0038-5,1,perspective,3,0.8455,0.7436,0.73,0.4905
handpd_meander,mobilenet_v3_large,0038-5,1,perspective,4,0.8118,0.7018,0.6588,0.5121
handpd_meander,mobilenet_v3_large,0038-5,1,perspective,5,0.7846,0.6201,0.6315,0.5094
handpd_meander,mobilenet_v3_large,0038-5,1,rotation,1,0.7999,0.6889,0.59,0.5515
handpd_meander,mobilenet_v3_large,0038-5,1,rotation,2,0.7152,0.6336,0.5035,0.4127
handpd_meander,mobilenet_v3_large,0038-5,1,rotation,3,0.4637,0.3086,0.3864,0.2397
handpd_meander,mobilenet_v3_large,0038-5,1,rotation,4,0.5412,0.3179,0.3837,0.329
handpd_meander,mobilenet_v3_large,0038-5,1,rotation,5,0.599,0.2759,0.4534,0.4421
handpd_meander,mobilenet_v3_large,0003-6,1,jpeg_compression,1,0.999,0.9987,0.9909,0.9665
handpd_meander,mobilenet_v3_large,0003-6,1,jpeg_compression,2,0.9939,0.9935,0.9794,0.9189
handpd_meander,mobilenet_v3_large,0003-6,1,jpeg_compression,3,0.9956,0.9937,0.9777,0.9675
handpd_meander,mobilenet_v3_large,0003-6,1,jpeg_compression,4,0.9914,0.9907,0.9572,0.893
handpd_meander,mobilenet_v3_large,0003-6,1,jpeg_compression,5,0.8583,0.8327,0.656,0.5579
handpd_meander,mobilenet_v3_large,0003-6,1,gaussian_blur,1,0.997,0.9969,0.9804,0.9434
handpd_meander,mobilenet_v3_large,0003-6,1,gaussian_blur,2,0.9897,0.9913,0.9521,0.9044
handpd_meander,mobilenet_v3_large,0003-6,1,gaussian_blur,3,0.9717,0.9737,0.8989,0.8382
handpd_meander,mobilenet_v3_large,0003-6,1,gaussian_blur,4,0.9647,0.9702,0.8949,0.7934
handpd_meander,mobilenet_v3_large,0003-6,1,gaussian_blur,5,0.9628,0.9565,0.8687,0.7821
handpd_meander,mobilenet_v3_large,0003-6,1,gaussian_noise,1,0.9993,0.9988,0.9912,0.9752
handpd_meander,mobilenet_v3_large,0003-6,1,gaussian_noise,2,0.9941,0.9929,0.9808,0.9243
handpd_meander,mobilenet_v3_large,0003-6,1,gaussian_noise,3,0.9786,0.9782,0.9518,0.7848
handpd_meander,mobilenet_v3_large,0003-6,1,gaussian_noise,4,0.9684,0.9719,0.9125,0.7861
handpd_meander,mobilenet_v3_large,0003-6,1,gaussian_noise,5,0.9535,0.9461,0.881,0.7646
handpd_meander,mobilenet_v3_large,0003-6,1,contrast,1,0.9749,0.9756,0.9264,0.7487
handpd_meander,mobilenet_v3_large,0003-6,1,contrast,2,0.9834,0.9843,0.9536,0.8651
handpd_meander,mobilenet_v3_large,0003-6,1,contrast,3,0.9887,0.9907,0.9795,0.8879
handpd_meander,mobilenet_v3_large,0003-6,1,contrast,4,0.9845,0.9802,0.9314,0.8489
handpd_meander,mobilenet_v3_large,0003-6,1,contrast,5,0.9782,0.9718,0.9192,0.8127
handpd_meander,mobilenet_v3_large,0003-6,1,brightness,1,0.8965,0.9099,0.8268,0.6834
handpd_meander,mobilenet_v3_large,0003-6,1,brightness,2,0.926,0.9313,0.8606,0.7372
handpd_meander,mobilenet_v3_large,0003-6,1,brightness,3,0.96,0.9541,0.9117,0.8075
handpd_meander,mobilenet_v3_large,0003-6,1,brightness,4,0.8793,0.8798,0.6778,0.6227
handpd_meander,mobilenet_v3_large,0003-6,1,brightness,5,0.8778,0.8777,0.6867,0.6019
handpd_meander,mobilenet_v3_large,0003-6,1,shadow,1,0.9817,0.9777,0.9668,0.8672
handpd_meander,mobilenet_v3_large,0003-6,1,shadow,2,0.9637,0.9612,0.9303,0.7966
handpd_meander,mobilenet_v3_large,0003-6,1,shadow,3,0.9479,0.9472,0.8915,0.7419
handpd_meander,mobilenet_v3_large,0003-6,1,shadow,4,0.9406,0.9348,0.8468,0.7214
handpd_meander,mobilenet_v3_large,0003-6,1,shadow,5,0.9277,0.9147,0.815,0.702
handpd_meander,mobilenet_v3_large,0003-6,1,perspective,1,0.9058,0.876,0.7883,0.5666
handpd_meander,mobilenet_v3_large,0003-6,1,perspective,2,0.8104,0.7426,0.713,0.4669
handpd_meander,mobilenet_v3_large,0003-6,1,perspective,3,0.8006,0.7379,0.7021,0.4363
handpd_meander,mobilenet_v3_large,0003-6,1,perspective,4,0.7966,0.7147,0.6894,0.4598
handpd_meander,mobilenet_v3_large,0003-6,1,perspective,5,0.774,0.6804,0.6413,0.4338
handpd_meander,mobilenet_v3_large,0003-6,1,rotation,1,0.8208,0.7754,0.7253,0.4523
handpd_meander,mobilenet_v3_large,0003-6,1,rotation,2,0.852,0.8201,0.6593,0.5282
handpd_meander,mobilenet_v3_large,0003-6,1,rotation,3,0.6277,0.4635,0.5623,0.421
handpd_meander,mobilenet_v3_large,0003-6,1,rotation,4,0.7222,0.6861,0.5555,0.4065
handpd_meander,mobilenet_v3_large,0003-6,1,rotation,5,0.6438,0.4027,0.5125,0.4441
