dataset,model,image,y_true,corruption,level,pearson_clean,spearman_clean,ssim_clean,iou_top20_clean
handpd_meander,resnet50,0305-8,0,jpeg_compression,1,0.9875,0.9719,0.8499,0.8982
handpd_meander,resnet50,0305-8,0,jpeg_compression,2,0.9146,0.9218,0.674,0.8045
handpd_meander,resnet50,0305-8,0,jpeg_compression,3,0.8836,0.8996,0.7051,0.7496
handpd_meander,resnet50,0305-8,0,jpeg_compression,4,0.7303,0.8028,0.5152,0.7429
handpd_meander,resnet50,0305-8,0,jpeg_compression,5,0.7137,0.679,0.5019,0.5168
handpd_meander,resnet50,0305-8,0,gaussian_blur,1,0.9895,0.9857,0.9481,0.8891
handpd_meander,resnet50,0305-8,0,gaussian_blur,2,0.9775,0.9603,0.8641,0.875
handpd_meander,resnet50,0305-8,0,gaussian_blur,3,0.9169,0.914,0.7905,0.7045
handpd_meander,resnet50,0305-8,0,gaussian_blur,4,0.8508,0.8796,0.8004,0.5809
handpd_meander,resnet50,0305-8,0,gaussian_blur,5,0.7443,0.8247,0.7581,0.465
handpd_meander,resnet50,0305-8,0,gaussian_noise,1,0.9944,0.9931,0.9703,0.9204
handpd_meander,resnet50,0305-8,0,gaussian_noise,2,0.9671,0.9207,0.8182,0.8712
handpd_meander,resnet50,0305-8,0,gaussian_noise,3,0.9421,0.9286,0.8542,0.7279
handpd_meander,resnet50,0305-8,0,gaussian_noise,4,0.8863,0.7875,0.6979,0.6891
handpd_meander,resnet50,0305-8,0,gaussian_noise,5,0.7799,0.7629,0.6477,0.4972
handpd_meander,resnet50,0305-8,0,contrast,1,0.7384,0.7753,0.6348,0.6251
handpd_meander,resnet50,0305-8,0,contrast,2,0.9173,0.9119,0.798,0.7625
handpd_meander,resnet50,0305-8,0,contrast,3,0.9864,0.9784,0.9309,0.8914
handpd_meander,resnet50,0305-8,0,contrast,4,0.932,0.9101,0.8557,0.7475
handpd_meander,resnet50,0305-8,0,contrast,5,0.8942,0.8819,0.8228,0.6935
handpd_meander,resnet50,0305-8,0,brightness,1,0.8185,0.7951,0.7144,0.5568
handpd_meander,resnet50,0305-8,0,brightness,2,0.9137,0.9141,0.8367,0.6656
handpd_meander,resnet50,0305-8,0,brightness,3,0.965,0.9746,0.9201,0.7683
handpd_meander,resnet50,0305-8,0,brightness,4,0.4867,0.7167,0.5528,0.2125
handpd_meander,resnet50,0305-8,0,brightness,5,0.5389,0.7168,0.4531,0.4377
handpd_meander,resnet50,0305-8,0,shadow,1,0.9878,0.988,0.9415,0.8691
handpd_meander,resnet50,0305-8,0,shadow,2,0.9558,0.9603,0.8479,0.7282
handpd_meander,resnet50,0305-8,0,shadow,3,0.8876,0.9052,0.7393,0.6486
handpd_meander,resnet50,0305-8,0,shadow,4,0.8415,0.8851,0.7095,0.6037
handpd_meander,resnet50,0305-8,0,shadow,5,0.8101,0.8141,0.6499,0.5797
handpd_meander,resnet50,0305-8,0,perspective,1,0.7772,0.7435,0.6554,0.4758
handpd_meander,resnet50,0305-8,0,perspective,2,0.7659,0.7824,0.6195,0.4537
handpd_meander,resnet50,0305-8,0,perspective,3,0.7517,0.7021,0.6754,0.4605
handpd_meander,resnet50,0305-8,0,perspective,4,0.5349,0.5475,0.5873,0.3159
handpd_meander,resnet50,0305-8,0,perspective,5,0.1537,0.0685,0.3946,0.1261
handpd_meander,resnet50,0305-8,0,rotation,1,0.6483,0.6264,0.5185,0.4861
handpd_meander,resnet50,0305-8,0,rotation,2,-0.056,-0.1973,0.1673,0.1021
handpd_meander,resnet50,0305-8,0,rotation,3,0.4049,0.488,0.3133,0.2627
handpd_meander,resnet50,0305-8,0,rotation,4,-0.0043,-0.235,0.0797,0.0634
handpd_meander,resnet50,0305-8,0,rotation,5,0.2841,0.4196,0.2795,0.2142
handpd_meander,resnet50,0102-6,0,jpeg_compression,1,0.8571,0.774,0.8104,0.6021
handpd_meander,resnet50,0102-6,0,jpeg_compression,2,0.8339,0.5389,0.7824,0.39
handpd_meander,resnet50,0102-6,0,jpeg_compression,3,0.6177,0.4034,0.7194,0.3254
handpd_meander,resnet50,0102-6,0,jpeg_compression,4,0.2584,0.5375,0.7224,0.3806
handpd_meander,resnet50,0102-6,0,jpeg_compression,5,0.1047,0.4125,0.6434,0.3058
handpd_meander,resnet50,0102-6,0,gaussian_blur,1,0.9599,0.8766,0.8946,0.7677
handpd_meander,resnet50,0102-6,0,gaussian_blur,2,0.7654,0.7015,0.7411,0.3818
handpd_meander,resnet50,0102-6,0,gaussian_blur,3,0.1046,0.2007,0.5258,0.1763
handpd_meander,resnet50,0102-6,0,gaussian_blur,4,-0.134,-0.0446,0.5218,0.0705
handpd_meander,resnet50,0102-6,0,gaussian_blur,5,-0.0774,-0.0048,0.459,0.1006
handpd_meander,resnet50,0102-6,0,gaussian_noise,1,0.9632,0.9375,0.9243,0.7189
handpd_meander,resnet50,0102-6,0,gaussian_noise,2,0.745,0.8226,0.8054,0.5912
handpd_meander,resnet50,0102-6,0,gaussian_noise,3,0.2916,0.5858,0.6823,0.3161
handpd_meander,resnet50,0102-6,0,gaussian_noise,4,0.5838,0.6522,0.7052,0.4861
handpd_meander,resnet50,0102-6,0,gaussian_noise,5,0.539,0.5482,0.4966,0.4983
handpd_meander,resnet50,0102-6,0,contrast,1,0.6857,0.7615,0.8175,0.5383
handpd_meander,resnet50,0102-6,0,contrast,2,0.8959,0.7775,0.8159,0.5597
handpd_meander,resnet50,0102-6,0,contrast,3,0.9681,0.9692,0.9618,0.8769
handpd_meander,resnet50,0102-6,0,contrast,4,0.7459,0.728,0.6108,0.6385
handpd_meander,resnet50,0102-6,0,contrast,5,0.6185,0.7828,0.6747,0.5297
handpd_meander,resnet50,0102-6,0,brightness,1,0.828,0.4029,0.6599,0.3877
handpd_meander,resnet50,0102-6,0,brightness,2,0.9099,0.5019,0.7724,0.3906
handpd_meander,resnet50,0102-6,0,brightness,3,0.9471,0.7828,0.8402,0.6561
handpd_meander,resnet50,0102-6,0,brightness,4,-0.0997,-0.2321,0.6083,0.2525
handpd_meander,resnet50,0102-6,0,brightness,5,-0.0965,-0.2321,0.6095,0.2525
handpd_meander,resnet50,0102-6,0,shadow,1,0.9644,0.9587,0.9134,0.8101
handpd_meander,resnet50,0102-6,0,shadow,2,0.8867,0.6814,0.7552,0.4021
handpd_meander,resnet50,0102-6,0,shadow,3,0.837,0.3944,0.6949,0.3903
handpd_meander,resnet50,0102-6,0,shadow,4,0.6529,0.4738,0.6694,0.3741
handpd_meander,resnet50,0102-6,0,shadow,5,0.4319,0.4057,0.6159,0.3429
handpd_meander,resnet50,0102-6,0,perspective,1,0.2621,0.5057,0.6534,0.3198
handpd_meander,resnet50,0102-6,0,perspective,2,0.2715,0.3583,0.6219,0.2498
handpd_meander,resnet50,0102-6,0,perspective,3,0.1077,0.2824,0.4622,0.1702
handpd_meander,resnet50,0102-6,0,perspective,4,0.0368,0.3067,0.5012,0.1878
handpd_meander,resnet50,0102-6,0,perspective,5,-0.0657,0.1749,0.4596,0.0579
handpd_meander,resnet50,0102-6,0,rotation,1,0.1895,0.3646,0.7219,0.2597
handpd_meander,resnet50,0102-6,0,rotation,2,-0.151,-0.2009,0.4363,0.0348
handpd_meander,resnet50,0102-6,0,rotation,3,0.0673,0.1738,0.6285,0.2651
handpd_meander,resnet50,0102-6,0,rotation,4,-0.1132,-0.0783,0.5318,0.041
handpd_meander,resnet50,0102-6,0,rotation,5,-0.0778,0.1136,0.5449,0.0962
handpd_meander,resnet50,0297-7,0,jpeg_compression,1,0.9842,0.9508,0.9179,0.8554
handpd_meander,resnet50,0297-7,0,jpeg_compression,2,0.9755,0.9308,0.8468,0.7473
handpd_meander,resnet50,0297-7,0,jpeg_compression,3,0.9728,0.9209,0.8672,0.7797
handpd_meander,resnet50,0297-7,0,jpeg_compression,4,0.8881,0.8456,0.6763,0.6631
handpd_meander,resnet50,0297-7,0,jpeg_compression,5,0.9803,0.7871,0.761,0.8264
handpd_meander,resnet50,0297-7,0,gaussian_blur,1,0.9954,0.9775,0.9594,0.8834
handpd_meander,resnet50,0297-7,0,gaussian_blur,2,0.9841,0.953,0.883,0.8518
handpd_meander,resnet50,0297-7,0,gaussian_blur,3,0.9537,0.9246,0.7864,0.7533
handpd_meander,resnet50,0297-7,0,gaussian_blur,4,0.9146,0.8774,0.7228,0.6962
handpd_meander,resnet50,0297-7,0,gaussian_blur,5,0.9049,0.8358,0.6642,0.6533
handpd_meander,resnet50,0297-7,0,gaussian_noise,1,0.9986,0.9984,0.9924,0.9427
handpd_meander,resnet50,0297-7,0,gaussian_noise,2,0.9721,0.9805,0.9355,0.7594
handpd_meander,resnet50,0297-7,0,gaussian_noise,3,0.9875,0.9334,0.8861,0.8486
handpd_meander,resnet50,0297-7,0,gaussian_noise,4,0.9378,0.8472,0.7508,0.783
handpd_meander,resnet50,0297-7,0,gaussian_noise,5,0.8373,0.6562,0.5815,0.5399
handpd_meander,resnet50,0297-7,0,contrast,1,0.9434,0.894,0.82,0.6863
handpd_meander,resnet50,0297-7,0,contrast,2,0.9664,0.9665,0.9052,0.7336
handpd_meander,resnet50,0297-7,0,contrast,3,0.9924,0.9661,0.9424,0.8687
handpd_meander,resnet50,0297-7,0,contrast,4,0.9689,0.9463,0.8114,0.8583
handpd_meander,resnet50,0297-7,0,contrast,5,0.9707,0.934,0.8642,0.8637
handpd_meander,resnet50,0297-7,0,brightness,1,0.9054,0.8881,0.8007,0.6016
handpd_meander,resnet50,0297-7,0,brightness,2,0.9605,0.9447,0.8783,0.7332
handpd_meander,resnet50,0297-7,0,brightness,3,0.9881,0.9611,0.9175,0.8789
handpd_meander,resnet50,0297-7,0,brightness,4,0.854,0.4758,0.6029,0.5339
handpd_meander,resnet50,0297-7,0,brightness,5,0.8021,0.4867,0.5771,0.4645
handpd_meander,resnet50,0297-7,0,shadow,1,0.9976,0.9931,0.9685,0.9478
handpd_meander,resnet50,0297-7,0,shadow,2,0.9928,0.9608,0.9082,0.9143
handpd_meander,resnet50,0297-7,0,shadow,3,0.9825,0.9398,0.8906,0.8815
handpd_meander,resnet50,0297-7,0,shadow,4,0.9777,0.9099,0.8476,0.8528
handpd_meander,resnet50,0297-7,0,shadow,5,0.963,0.8798,0.8107,0.7157
handpd_meander,resnet50,0297-7,0,perspective,1,0.922,0.7118,0.6934,0.6156
handpd_meander,resnet50,0297-7,0,perspective,2,0.8678,0.5598,0.5763,0.5144
handpd_meander,resnet50,0297-7,0,perspective,3,0.8057,0.4477,0.5318,0.4125
handpd_meander,resnet50,0297-7,0,perspective,4,0.8958,0.6521,0.5977,0.5893
handpd_meander,resnet50,0297-7,0,perspective,5,0.7928,0.6167,0.5946,0.4049
handpd_meander,resnet50,0297-7,0,rotation,1,0.2681,0.5462,0.5029,0.2114
handpd_meander,resnet50,0297-7,0,rotation,2,0.8421,0.5231,0.5782,0.5553
handpd_meander,resnet50,0297-7,0,rotation,3,0.0193,0.3603,0.4829,0.1385
handpd_meander,resnet50,0297-7,0,rotation,4,0.5927,0.3383,0.5181,0.3269
handpd_meander,resnet50,0297-7,0,rotation,5,0.6405,0.1835,0.4597,0.2225
handpd_meander,resnet50,0102-5,0,jpeg_compression,1,0.9822,0.9486,0.9449,0.8002
handpd_meander,resnet50,0102-5,0,jpeg_compression,2,0.9837,0.7507,0.8935,0.5564
handpd_meander,resnet50,0102-5,0,jpeg_compression,3,0.9613,0.7504,0.8699,0.553
handpd_meander,resnet50,0102-5,0,jpeg_compression,4,0.9809,0.7503,0.8709,0.551
handpd_meander,resnet50,0102-5,0,jpeg_compression,5,0.9442,0.7488,0.8664,0.5557
handpd_meander,resnet50,0102-5,0,gaussian_blur,1,0.9968,0.9987,0.9869,0.882
handpd_meander,resnet50,0102-5,0,gaussian_blur,2,0.988,0.9067,0.9436,0.7619
handpd_meander,resnet50,0102-5,0,gaussian_blur,3,0.9788,0.8947,0.9225,0.7256
handpd_meander,resnet50,0102-5,0,gaussian_blur,4,0.9659,0.8467,0.8994,0.6938
handpd_meander,resnet50,0102-5,0,gaussian_blur,5,0.9506,0.837,0.8819,0.6464
handpd_meander,resnet50,0102-5,0,gaussian_noise,1,0.9969,0.9987,0.988,0.885
handpd_meander,resnet50,0102-5,0,gaussian_noise,2,0.9629,0.9089,0.9303,0.7987
handpd_meander,resnet50,0102-5,0,gaussian_noise,3,0.9794,0.9053,0.9378,0.7615
handpd_meander,resnet50,0102-5,0,gaussian_noise,4,0.9819,0.9457,0.93,0.7226
handpd_meander,resnet50,0102-5,0,gaussian_noise,5,0.8035,0.4056,0.6788,0.2363
handpd_meander,resnet50,0102-5,0,contrast,1,0.9851,0.7509,0.8946,0.5515
handpd_meander,resnet50,0102-5,0,contrast,2,0.9841,0.7509,0.901,0.5553
handpd_meander,resnet50,0102-5,0,contrast,3,0.9925,0.9887,0.9412,0.765
handpd_meander,resnet50,0102-5,0,contrast,4,0.8335,0.7985,0.8405,0.511
handpd_meander,resnet50,0102-5,0,contrast,5,0.7783,0.6827,0.7826,0.4219
handpd_meander,resnet50,0102-5,0,brightness,1,0.3814,0.6629,0.7409,0.363
handpd_meander,resnet50,0102-5,0,brightness,2,0.9067,0.8024,0.8474,0.5736
handpd_meander,resnet50,0102-5,0,brightness,3,0.965,0.872,0.8844,0.6342
handpd_meander,resnet50,0102-5,0,brightness,4,0.978,0.7506,0.8554,0.5517
handpd_meander,resnet50,0102-5,0,brightness,5,0.9811,0.7502,0.877,0.5553
handpd_meander,resnet50,0102-5,0,shadow,1,0.9989,0.9582,0.982,0.9352
handpd_meander,resnet50,0102-5,0,shadow,2,0.9572,0.8808,0.8832,0.6833
handpd_meander,resnet50,0102-5,0,shadow,3,0.9023,0.7827,0.8314,0.6356
handpd_meander,resnet50,0102-5,0,shadow,4,0.926,0.7646,0.8069,0.6187
handpd_meander,resnet50,0102-5,0,shadow,5,0.9328,0.7174,0.8097,0.5498
handpd_meander,resnet50,0102-5,0,perspective,1,0.8897,0.6789,0.8213,0.5055
handpd_meander,resnet50,0102-5,0,perspective,2,0.9514,0.8384,0.8549,0.4916
handpd_meander,resnet50,0102-5,0,perspective,3,0.9311,0.6574,0.8336,0.5031
handpd_meander,resnet50,0102-5,0,perspective,4,0.9411,0.6615,0.8611,0.524
handpd_meander,resnet50,0102-5,0,perspective,5,0.9401,0.6714,0.8444,0.524
handpd_meander,resnet50,0102-5,0,rotation,1,0.3459,0.6245,0.7985,0.3639
handpd_meander,resnet50,0102-5,0,rotation,2,0.9405,0.7479,0.8689,0.5437
handpd_meander,resnet50,0102-5,0,rotation,3,0.7965,0.5035,0.7399,0.3594
handpd_meander,resnet50,0102-5,0,rotation,4,0.8623,0.7851,0.8534,0.524
handpd_meander,resnet50,0102-5,0,rotation,5,0.7527,0.2165,0.7127,0.2311
handpd_meander,resnet50,0129-6,0,jpeg_compression,1,,,0.9089,0.5077
handpd_meander,resnet50,0129-6,0,jpeg_compression,2,,,0.9089,0.5077
handpd_meander,resnet50,0129-6,0,jpeg_compression,3,,,0.9089,0.5077
handpd_meander,resnet50,0129-6,0,jpeg_compression,4,,,0.9089,0.5077
handpd_meander,resnet50,0129-6,0,jpeg_compression,5,-0.0898,-0.1785,0.6747,0.061
handpd_meander,resnet50,0129-6,0,gaussian_blur,1,0.4219,0.5263,0.8872,0.3706
handpd_meander,resnet50,0129-6,0,gaussian_blur,2,-0.0093,0.5717,0.8081,0.3243
handpd_meander,resnet50,0129-6,0,gaussian_blur,3,0.0839,0.3981,0.7451,0.2479
handpd_meander,resnet50,0129-6,0,gaussian_blur,4,0.1941,0.3722,0.6933,0.279
handpd_meander,resnet50,0129-6,0,gaussian_blur,5,0.1096,0.278,0.5775,0.2342
handpd_meander,resnet50,0129-6,0,gaussian_noise,1,0.8569,0.9994,0.9609,1.0
handpd_meander,resnet50,0129-6,0,gaussian_noise,2,,,0.9089,0.5077
handpd_meander,resnet50,0129-6,0,gaussian_noise,3,0.0898,0.4484,0.8434,0.3427
handpd_meander,resnet50,0129-6,0,gaussian_noise,4,-0.0374,0.1534,0.6594,0.0822
handpd_meander,resnet50,0129-6,0,gaussian_noise,5,0.4693,0.4758,0.7523,0.1784
handpd_meander,resnet50,0129-6,0,contrast,1,0.9141,0.8167,0.9618,0.7345
handpd_meander,resnet50,0129-6,0,contrast,2,0.9833,0.9999,0.9902,1.0
handpd_meander,resnet50,0129-6,0,contrast,3,0.9655,0.9998,0.983,1.0
handpd_meander,resnet50,0129-6,0,contrast,4,0.5884,0.47,0.6702,0.3374
handpd_meander,resnet50,0129-6,0,contrast,5,0.5565,0.4657,0.6768,0.3155
handpd_meander,resnet50,0129-6,0,brightness,1,0.5754,0.5293,0.7602,0.4165
handpd_meander,resnet50,0129-6,0,brightness,2,0.868,0.6425,0.9114,0.5137
handpd_meander,resnet50,0129-6,0,brightness,3,0.9805,0.797,0.9665,0.5312
handpd_meander,resnet50,0129-6,0,brightness,4,-0.0447,-0.0913,0.8459,0.5037
handpd_meander,resnet50,0129-6,0,brightness,5,-0.046,-0.0913,0.843,0.5037
handpd_meander,resnet50,0129-6,0,shadow,1,0.9797,0.9999,0.9893,1.0
handpd_meander,resnet50,0129-6,0,shadow,2,0.5954,0.5696,0.8474,0.5998
handpd_meander,resnet50,0129-6,0,shadow,3,0.5056,0.5308,0.7608,0.571
handpd_meander,resnet50,0129-6,0,shadow,4,0.4511,0.5247,0.7354,0.5667
handpd_meander,resnet50,0129-6,0,shadow,5,0.3905,0.5192,0.7356,0.577
handpd_meander,resnet50,0129-6,0,perspective,1,-0.0704,-0.1155,0.7917,0.0462
handpd_meander,resnet50,0129-6,0,perspective,2,-0.0672,-0.1155,0.7928,0.0462
handpd_meander,resnet50,0129-6,0,perspective,3,-0.0596,0.2124,0.7396,0.1516
handpd_meander,resnet50,0129-6,0,perspective,4,-0.0727,-0.1925,0.7287,0.0994
handpd_meander,resnet50,0129-6,0,perspective,5,-0.0425,0.3275,0.724,0.1257
handpd_meander,resnet50,0129-6,0,rotation,1,,,0.9089,0.5077
handpd_meander,resnet50,0129-6,0,rotation,2,-0.056,-0.1545,0.7633,0.1401
handpd_meander,resnet50,0129-6,0,rotation,3,-0.0344,0.1509,0.8294,0.1852
handpd_meander,resnet50,0129-6,0,rotation,4,-0.0556,-0.1183,0.8049,0.3485
handpd_meander,resnet50,0129-6,0,rotation,5,-0.0524,-0.0098,0.7905,0.1304
handpd_meander,resnet50,0024-8,1,jpeg_compression,1,0.9879,0.9875,0.9672,0.8201
handpd_meander,resnet50,0024-8,1,jpeg_compression,2,0.9656,0.9614,0.8958,0.7068
handpd_meander,resnet50,0024-8,1,jpeg_compression,3,0.9392,0.9439,0.8513,0.6172
handpd_meander,resnet50,0024-8,1,jpeg_compression,4,0.8604,0.8751,0.7609,0.5565
handpd_meander,resnet50,0024-8,1,jpeg_compression,5,0.6429,0.6356,0.5423,0.3607
handpd_meander,resnet50,0024-8,1,gaussian_blur,1,0.9802,0.9855,0.9457,0.7934
handpd_meander,resnet50,0024-8,1,gaussian_blur,2,0.942,0.9592,0.8768,0.6175
handpd_meander,resnet50,0024-8,1,gaussian_blur,3,0.8489,0.8866,0.751,0.4757
handpd_meander,resnet50,0024-8,1,gaussian_blur,4,0.7556,0.8202,0.6885,0.3747
handpd_meander,resnet50,0024-8,1,gaussian_blur,5,0.6676,0.7513,0.6741,0.3143
handpd_meander,resnet50,0024-8,1,gaussian_noise,1,0.9963,0.9969,0.9946,0.9047
handpd_meander,resnet50,0024-8,1,gaussian_noise,2,0.9604,0.9697,0.9396,0.6551
handpd_meander,resnet50,0024-8,1,gaussian_noise,3,0.9429,0.9614,0.8663,0.6357
handpd_meander,resnet50,0024-8,1,gaussian_noise,4,0.9107,0.946,0.7936,0.6084
handpd_meander,resnet50,0024-8,1,gaussian_noise,5,0.9055,0.908,0.8018,0.5954
handpd_meander,resnet50,0024-8,1,contrast,1,0.7983,0.847,0.7885,0.4411
handpd_meander,resnet50,0024-8,1,contrast,2,0.9231,0.9435,0.8658,0.5813
handpd_meander,resnet50,0024-8,1,contrast,3,0.975,0.9805,0.9632,0.7628
handpd_meander,resnet50,0024-8,1,contrast,4,0.9784,0.9828,0.867,0.757
handpd_meander,resnet50,0024-8,1,contrast,5,0.9517,0.9666,0.8309,0.6256
handpd_meander,resnet50,0024-8,1,brightness,1,0.9527,0.9418,0.8381,0.7362
handpd_meander,resnet50,0024-8,1,brightness,2,0.9605,0.9398,0.815,0.755
handpd_meander,resnet50,0024-8,1,brightness,3,0.9793,0.9813,0.8816,0.8179
handpd_meander,resnet50,0024-8,1,brightness,4,0.7023,0.738,0.4952,0.5054
handpd_meander,resnet50,0024-8,1,brightness,5,0.7231,0.7934,0.4704,0.5739
handpd_meander,resnet50,0024-8,1,shadow,1,0.9896,0.9917,0.9645,0.8428
handpd_meander,resnet50,0024-8,1,shadow,2,0.9708,0.9722,0.9067,0.7559
handpd_meander,resnet50,0024-8,1,shadow,3,0.9685,0.9725,0.8965,0.7293
handpd_meander,resnet50,0024-8,1,shadow,4,0.9468,0.9616,0.8682,0.683
handpd_meander,resnet50,0024-8,1,shadow,5,0.9452,0.9609,0.867,0.6816
handpd_meander,resnet50,0024-8,1,perspective,1,0.9261,0.9301,0.8609,0.6502
handpd_meander,resnet50,0024-8,1,perspective,2,0.8583,0.8444,0.738,0.6483
handpd_meander,resnet50,0024-8,1,perspective,3,0.7848,0.7248,0.6365,0.4697
handpd_meander,resnet50,0024-8,1,perspective,4,0.5756,0.5994,0.5496,0.41
handpd_meander,resnet50,0024-8,1,perspective,5,0.0597,0.3581,0.3889,0.1266
handpd_meander,resnet50,0024-8,1,rotation,1,0.7253,0.7086,0.6049,0.3759
handpd_meander,resnet50,0024-8,1,rotation,2,0.6964,0.5983,0.449,0.4766
handpd_meander,resnet50,0024-8,1,rotation,3,0.4485,0.4422,0.4504,0.3199
handpd_meander,resnet50,0024-8,1,rotation,4,0.3011,0.3272,0.3756,0.238
handpd_meander,resnet50,0024-8,1,rotation,5,-0.0691,0.08,0.3308,0.1439
handpd_meander,resnet50,0181-8,1,jpeg_compression,1,0.9949,0.9857,0.8673,0.9038
handpd_meander,resnet50,0181-8,1,jpeg_compression,2,0.9757,0.9642,0.7924,0.8102
handpd_meander,resnet50,0181-8,1,jpeg_compression,3,0.9579,0.9696,0.782,0.7055
handpd_meander,resnet50,0181-8,1,jpeg_compression,4,0.8453,0.8756,0.6064,0.5461
handpd_meander,resnet50,0181-8,1,jpeg_compression,5,0.7128,0.6865,0.5494,0.4753
handpd_meander,resnet50,0181-8,1,gaussian_blur,1,0.9893,0.9858,0.9618,0.8739
handpd_meander,resnet50,0181-8,1,gaussian_blur,2,0.9593,0.9584,0.9195,0.7384
handpd_meander,resnet50,0181-8,1,gaussian_blur,3,0.9345,0.939,0.8518,0.6719
handpd_meander,resnet50,0181-8,1,gaussian_blur,4,0.8937,0.8913,0.7863,0.6314
handpd_meander,resnet50,0181-8,1,gaussian_blur,5,0.8493,0.8519,0.7315,0.6171
handpd_meander,resnet50,0181-8,1,gaussian_noise,1,0.9919,0.992,0.9753,0.857
handpd_meander,resnet50,0181-8,1,gaussian_noise,2,0.9652,0.9747,0.9133,0.7625
handpd_meander,resnet50,0181-8,1,gaussian_noise,3,0.9409,0.9641,0.8852,0.7003
handpd_meander,resnet50,0181-8,1,gaussian_noise,4,0.8546,0.8817,0.6921,0.5984
handpd_meander,resnet50,0181-8,1,gaussian_noise,5,0.783,0.8429,0.713,0.5251
handpd_meander,resnet50,0181-8,1,contrast,1,0.9546,0.9512,0.874,0.7043
handpd_meander,resnet50,0181-8,1,contrast,2,0.9794,0.9756,0.9272,0.7971
handpd_meander,resnet50,0181-8,1,contrast,3,0.9911,0.9913,0.9704,0.8337
handpd_meander,resnet50,0181-8,1,contrast,4,0.8713,0.879,0.7886,0.5998
handpd_meander,resnet50,0181-8,1,contrast,5,0.7753,0.8009,0.7154,0.5206
handpd_meander,resnet50,0181-8,1,brightness,1,0.913,0.9279,0.8072,0.6665
handpd_meander,resnet50,0181-8,1,brightness,2,0.9467,0.9577,0.8468,0.7147
handpd_meander,resnet50,0181-8,1,brightness,3,0.9625,0.9706,0.8883,0.7452
handpd_meander,resnet50,0181-8,1,brightness,4,0.6369,0.559,0.3751,0.4504
handpd_meander,resnet50,0181-8,1,brightness,5,0.6249,0.6457,0.3991,0.4642
handpd_meander,resnet50,0181-8,1,shadow,1,0.9865,0.9856,0.9353,0.8575
handpd_meander,resnet50,0181-8,1,shadow,2,0.9712,0.9639,0.8778,0.8104
handpd_meander,resnet50,0181-8,1,shadow,3,0.9529,0.9414,0.8378,0.7481
handpd_meander,resnet50,0181-8,1,shadow,4,0.9388,0.9315,0.7786,0.7061
handpd_meander,resnet50,0181-8,1,shadow,5,0.9121,0.9121,0.7281,0.642
handpd_meander,resnet50,0181-8,1,perspective,1,0.8514,0.8602,0.7334,0.5925
handpd_meander,resnet50,0181-8,1,perspective,2,0.8003,0.7687,0.5737,0.5551
handpd_meander,resnet50,0181-8,1,perspective,3,0.6501,0.5854,0.5573,0.548
handpd_meander,resnet50,0181-8,1,perspective,4,0.5138,0.559,0.4934,0.5106
handpd_meander,resnet50,0181-8,1,perspective,5,0.4212,0.4478,0.425,0.3866
handpd_meander,resnet50,0181-8,1,rotation,1,0.8582,0.8984,0.7206,0.6802
handpd_meander,resnet50,0181-8,1,rotation,2,0.6797,0.6002,0.5056,0.4729
handpd_meander,resnet50,0181-8,1,rotation,3,0.3369,0.3916,0.4148,0.3089
handpd_meander,resnet50,0181-8,1,rotation,4,-0.0136,0.0189,0.1522,0.1876
handpd_meander,resnet50,0181-8,1,rotation,5,0.26,0.2308,0.2846,0.2654
handpd_meander,resnet50,0138-7,1,jpeg_compression,1,0.9796,0.9765,0.9518,0.8367
handpd_meander,resnet50,0138-7,1,jpeg_compression,2,0.9439,0.848,0.8936,0.5879
handpd_meander,resnet50,0138-7,1,jpeg_compression,3,0.9413,0.9124,0.8941,0.5879
handpd_meander,resnet50,0138-7,1,jpeg_compression,4,0.9136,0.6731,0.7937,0.4445
handpd_meander,resnet50,0138-7,1,jpeg_compression,5,0.8623,0.2526,0.7029,0.3587
handpd_meander,resnet50,0138-7,1,gaussian_blur,1,0.987,0.94,0.9857,0.9123
handpd_meander,resnet50,0138-7,1,gaussian_blur,2,0.964,0.9048,0.9426,0.8789
handpd_meander,resnet50,0138-7,1,gaussian_blur,3,0.9179,0.8895,0.8332,0.7774
handpd_meander,resnet50,0138-7,1,gaussian_blur,4,0.9193,0.8614,0.7832,0.7823
handpd_meander,resnet50,0138-7,1,gaussian_blur,5,0.9069,0.8541,0.7694,0.6815
handpd_meander,resnet50,0138-7,1,gaussian_noise,1,0.9994,0.9817,0.9809,0.9311
handpd_meander,resnet50,0138-7,1,gaussian_noise,2,0.9856,0.9248,0.9372,0.7862
handpd_meander,resnet50,0138-7,1,gaussian_noise,3,0.9721,0.8495,0.8725,0.5663
handpd_meander,resnet50,0138-7,1,gaussian_noise,4,0.9728,0.8734,0.8835,0.6686
handpd_meander,resnet50,0138-7,1,gaussian_noise,5,0.8663,0.6838,0.7063,0.563
handpd_meander,resnet50,0138-7,1,contrast,1,0.7136,0.5895,0.7342,0.3361
handpd_meander,resnet50,0138-7,1,contrast,2,0.9517,0.8551,0.8778,0.6393
handpd_meander,resnet50,0138-7,1,contrast,3,0.9753,0.9933,0.9462,0.7428
handpd_meander,resnet50,0138-7,1,contrast,4,0.8936,0.7138,0.7647,0.5434
handpd_meander,resnet50,0138-7,1,contrast,5,0.9033,0.6717,0.7082,0.5325
handpd_meander,resnet50,0138-7,1,brightness,1,0.765,0.7712,0.7688,0.5701
handpd_meander,resnet50,0138-7,1,brightness,2,0.9863,0.8307,0.879,0.767
handpd_meander,resnet50,0138-7,1,brightness,3,0.9887,0.8759,0.9107,0.7396
handpd_meander,resnet50,0138-7,1,brightness,4,0.9106,0.3926,0.7282,0.3881
handpd_meander,resnet50,0138-7,1,brightness,5,0.9355,0.2967,0.7142,0.3579
handpd_meander,resnet50,0138-7,1,shadow,1,0.9924,0.9233,0.9671,0.8675
handpd_meander,resnet50,0138-7,1,shadow,2,0.9937,0.841,0.8859,0.8754
handpd_meander,resnet50,0138-7,1,shadow,3,0.9481,0.7382,0.7726,0.6223
handpd_meander,resnet50,0138-7,1,shadow,4,0.9231,0.6266,0.7214,0.5995
handpd_meander,resnet50,0138-7,1,shadow,5,0.91,0.6065,0.6863,0.6259
handpd_meander,resnet50,0138-7,1,perspective,1,0.9585,0.775,0.841,0.5682
handpd_meander,resnet50,0138-7,1,perspective,2,0.8744,0.7659,0.7944,0.4125
handpd_meander,resnet50,0138-7,1,perspective,3,0.6727,0.5222,0.6678,0.3863
handpd_meander,resnet50,0138-7,1,perspective,4,0.2658,0.4158,0.5662,0.347
handpd_meander,resnet50,0138-7,1,perspective,5,0.2155,0.4198,0.6535,0.3474
handpd_meander,resnet50,0138-7,1,rotation,1,0.7051,0.5968,0.6711,0.467
handpd_meander,resnet50,0138-7,1,rotation,2,-0.0147,0.282,0.6206,0.2378
handpd_meander,resnet50,0138-7,1,rotation,3,0.6396,0.282,0.7057,0.2674
handpd_meander,resnet50,0138-7,1,rotation,4,0.0079,0.2053,0.6049,0.1789
handpd_meander,resnet50,0138-7,1,rotation,5,-0.0585,0.1318,0.6352,0.0655
handpd_meander,resnet50,0038-5,1,jpeg_compression,1,0.9955,0.9822,0.9214,0.9013
handpd_meander,resnet50,0038-5,1,jpeg_compression,2,0.9889,0.9744,0.8902,0.8651
handpd_meander,resnet50,0038-5,1,jpeg_compression,3,0.9634,0.9439,0.862,0.7764
handpd_meander,resnet50,0038-5,1,jpeg_compression,4,0.9667,0.9701,0.9035,0.6981
handpd_meander,resnet50,0038-5,1,jpeg_compression,5,0.7041,0.7069,0.5584,0.4127
handpd_meander,resnet50,0038-5,1,gaussian_blur,1,0.9881,0.9782,0.9301,0.8645
handpd_meander,resnet50,0038-5,1,gaussian_blur,2,0.9717,0.9493,0.8742,0.775
handpd_meander,resnet50,0038-5,1,gaussian_blur,3,0.9152,0.879,0.7944,0.6883
handpd_meander,resnet50,0038-5,1,gaussian_blur,4,0.8422,0.8188,0.7,0.5924
handpd_meander,resnet50,0038-5,1,gaussian_blur,5,0.7272,0.7363,0.5803,0.4039
handpd_meander,resnet50,0038-5,1,gaussian_noise,1,0.9972,0.9959,0.9896,0.9476
handpd_meander,resnet50,0038-5,1,gaussian_noise,2,0.9815,0.9627,0.9119,0.863
handpd_meander,resnet50,0038-5,1,gaussian_noise,3,0.9766,0.9494,0.8348,0.8722
handpd_meander,resnet50,0038-5,1,gaussian_noise,4,0.9114,0.8154,0.6302,0.6353
handpd_meander,resnet50,0038-5,1,gaussian_noise,5,0.8802,0.7833,0.616,0.5654
handpd_meander,resnet50,0038-5,1,contrast,1,0.9373,0.9458,0.8732,0.6342
handpd_meander,resnet50,0038-5,1,contrast,2,0.9717,0.9648,0.9134,0.7075
handpd_meander,resnet50,0038-5,1,contrast,3,0.9878,0.9844,0.946,0.8224
handpd_meander,resnet50,0038-5,1,contrast,4,0.967,0.9345,0.8497,0.7633
handpd_meander,resnet50,0038-5,1,contrast,5,0.9404,0.8908,0.7907,0.6968
handpd_meander,resnet50,0038-5,1,brightness,1,0.8764,0.7028,0.6615,0.6083
handpd_meander,resnet50,0038-5,1,brightness,2,0.9294,0.8496,0.8052,0.6914
handpd_meander,resnet50,0038-5,1,brightness,3,0.9541,0.8959,0.8501,0.7805
handpd_meander,resnet50,0038-5,1,brightness,4,0.7017,0.3753,0.4783,0.3923
handpd_meander,resnet50,0038-5,1,brightness,5,0.6724,0.5244,0.4992,0.3585
handpd_meander,resnet50,0038-5,1,shadow,1,0.9725,0.9277,0.8886,0.8654
handpd_meander,resnet50,0038-5,1,shadow,2,0.9388,0.8288,0.7483,0.7407
handpd_meander,resnet50,0038-5,1,shadow,3,0.9018,0.7672,0.6672,0.7116
handpd_meander,resnet50,0038-5,1,shadow,4,0.8789,0.7463,0.6442,0.6501
handpd_meander,resnet50,0038-5,1,shadow,5,0.8564,0.7353,0.6212,0.5666
handpd_meander,resnet50,0038-5,1,perspective,1,0.9531,0.9128,0.8387,0.7907
handpd_meander,resnet50,0038-5,1,perspective,2,0.879,0.7946,0.7008,0.6602
handpd_meander,resnet50,0038-5,1,perspective,3,0.8454,0.8235,0.5914,0.6451
handpd_meander,resnet50,0038-5,1,perspective,4,0.856,0.8154,0.6766,0.5398
handpd_meander,resnet50,0038-5,1,perspective,5,0.7454,0.817,0.6827,0.4868
handpd_meander,resnet50,0038-5,1,rotation,1,0.8558,0.8468,0.6609,0.658
handpd_meander,resnet50,0038-5,1,rotation,2,0.8729,0.5457,0.4561,0.5918
handpd_meander,resnet50,0038-5,1,rotation,3,0.5539,0.3718,0.4049,0.3467
handpd_meander,resnet50,0038-5,1,rotation,4,0.6907,0.6213,0.4395,0.4227
handpd_meander,resnet50,0038-5,1,rotation,5,0.6276,0.4311,0.4668,0.3702
handpd_meander,resnet50,0003-6,1,jpeg_compression,1,0.9936,0.9902,0.9884,0.945
handpd_meander,resnet50,0003-6,1,jpeg_compression,2,0.9681,0.9614,0.9598,0.8344
handpd_meander,resnet50,0003-6,1,jpeg_compression,3,0.9518,0.9389,0.9294,0.7851
handpd_meander,resnet50,0003-6,1,jpeg_compression,4,0.9584,0.9335,0.9445,0.8327
handpd_meander,resnet50,0003-6,1,jpeg_compression,5,0.9228,0.9192,0.8795,0.6497
handpd_meander,resnet50,0003-6,1,gaussian_blur,1,0.987,0.9872,0.9651,0.9184
handpd_meander,resnet50,0003-6,1,gaussian_blur,2,0.951,0.9682,0.9223,0.8445
handpd_meander,resnet50,0003-6,1,gaussian_blur,3,0.8639,0.923,0.9031,0.6592
handpd_meander,resnet50,0003-6,1,gaussian_blur,4,0.7725,0.8744,0.864,0.4487
handpd_meander,resnet50,0003-6,1,gaussian_blur,5,0.7284,0.8462,0.8444,0.3644
handpd_meander,resnet50,0003-6,1,gaussian_noise,1,0.9983,0.9974,0.9966,0.9709
handpd_meander,resnet50,0003-6,1,gaussian_noise,2,0.9776,0.9748,0.9692,0.8544
handpd_meander,resnet50,0003-6,1,gaussian_noise,3,0.9779,0.9752,0.9677,0.8435
handpd_meander,resnet50,0003-6,1,gaussian_noise,4,0.9673,0.965,0.9577,0.826
handpd_meander,resnet50,0003-6,1,gaussian_noise,5,0.9319,0.9161,0.9196,0.6585
handpd_meander,resnet50,0003-6,1,contrast,1,0.9761,0.9637,0.9692,0.8052
handpd_meander,resnet50,0003-6,1,contrast,2,0.9904,0.9826,0.9847,0.8964
handpd_meander,resnet50,0003-6,1,contrast,3,0.9957,0.9918,0.9935,0.9448
handpd_meander,resnet50,0003-6,1,contrast,4,0.9798,0.9767,0.9611,0.8455
handpd_meander,resnet50,0003-6,1,contrast,5,0.9682,0.964,0.9544,0.8119
handpd_meander,resnet50,0003-6,1,brightness,1,0.9694,0.9548,0.9146,0.8337
handpd_meander,resnet50,0003-6,1,brightness,2,0.9846,0.976,0.974,0.8776
handpd_meander,resnet50,0003-6,1,brightness,3,0.983,0.971,0.9649,0.8682
handpd_meander,resnet50,0003-6,1,brightness,4,0.9262,0.9292,0.8162,0.7359
handpd_meander,resnet50,0003-6,1,brightness,5,0.8616,0.8889,0.877,0.5649
handpd_meander,resnet50,0003-6,1,shadow,1,0.9906,0.9848,0.9843,0.8984
handpd_meander,resnet50,0003-6,1,shadow,2,0.982,0.9696,0.9784,0.8661
handpd_meander,resnet50,0003-6,1,shadow,3,0.9633,0.9325,0.9524,0.8066
handpd_meander,resnet50,0003-6,1,shadow,4,0.9324,0.8901,0.905,0.6802
handpd_meander,resnet50,0003-6,1,shadow,5,0.9202,0.8863,0.8865,0.6309
handpd_meander,resnet50,0003-6,1,perspective,1,0.9299,0.9354,0.9328,0.6223
handpd_meander,resnet50,0003-6,1,perspective,2,0.8323,0.8289,0.8554,0.4794
handpd_meander,resnet50,0003-6,1,perspective,3,0.8881,0.8079,0.8391,0.7279
handpd_meander,resnet50,0003-6,1,perspective,4,0.8259,0.7885,0.813,0.711
handpd_meander,resnet50,0003-6,1,perspective,5,0.8219,0.7895,0.7961,0.7084
handpd_meander,resnet50,0003-6,1,rotation,1,0.826,0.8458,0.8162,0.4999
handpd_meander,resnet50,0003-6,1,rotation,2,0.7062,0.6258,0.6934,0.5891
handpd_meander,resnet50,0003-6,1,rotation,3,0.8272,0.7796,0.7726,0.6264
handpd_meander,resnet50,0003-6,1,rotation,4,0.6226,0.5946,0.6593,0.4221
handpd_meander,resnet50,0003-6,1,rotation,5,0.6972,0.6882,0.657,0.4613
handpd_meander,vgg16,0305-8,0,jpeg_compression,1,0.9967,0.998,0.9919,0.8975
handpd_meander,vgg16,0305-8,0,jpeg_compression,2,0.9931,0.9931,0.9796,0.8778
handpd_meander,vgg16,0305-8,0,jpeg_compression,3,0.9688,0.9716,0.9411,0.7628
handpd_meander,vgg16,0305-8,0,jpeg_compression,4,0.9796,0.9816,0.9459,0.7931
handpd_meander,vgg16,0305-8,0,jpeg_compression,5,0.4582,0.4667,0.5266,0.2802
handpd_meander,vgg16,0305-8,0,gaussian_blur,1,0.9909,0.9897,0.9729,0.8963
handpd_meander,vgg16,0305-8,0,gaussian_blur,2,0.9772,0.9732,0.947,0.8354
handpd_meander,vgg16,0305-8,0,gaussian_blur,3,0.9488,0.9408,0.9065,0.7527
handpd_meander,vgg16,0305-8,0,gaussian_blur,4,0.9236,0.9097,0.88,0.6942
handpd_meander,vgg16,0305-8,0,gaussian_blur,5,0.9118,0.8977,0.8669,0.6605
handpd_meander,vgg16,0305-8,0,gaussian_noise,1,0.9969,0.9973,0.9829,0.9235
handpd_meander,vgg16,0305-8,0,gaussian_noise,2,0.9915,0.9908,0.9722,0.8698
handpd_meander,vgg16,0305-8,0,gaussian_noise,3,0.9795,0.9784,0.9293,0.7706
handpd_meander,vgg16,0305-8,0,gaussian_noise,4,0.9424,0.9494,0.8944,0.7182
handpd_meander,vgg16,0305-8,0,gaussian_noise,5,0.8234,0.818,0.7301,0.5243
handpd_meander,vgg16,0305-8,0,contrast,1,0.8917,0.8925,0.8178,0.6329
handpd_meander,vgg16,0305-8,0,contrast,2,0.9662,0.9624,0.9257,0.7759
handpd_meander,vgg16,0305-8,0,contrast,3,0.9868,0.9875,0.9683,0.8428
handpd_meander,vgg16,0305-8,0,contrast,4,0.9921,0.9914,0.9616,0.8503
handpd_meander,vgg16,0305-8,0,contrast,5,0.9772,0.9774,0.9327,0.7487
handpd_meander,vgg16,0305-8,0,brightness,1,0.8733,0.8531,0.7857,0.7019
handpd_meander,vgg16,0305-8,0,brightness,2,0.9545,0.9494,0.8728,0.816
handpd_meander,vgg16,0305-8,0,brightness,3,0.9738,0.9705,0.9223,0.805
handpd_meander,vgg16,0305-8,0,brightness,4,0.3166,0.4042,0.2896,0.212
handpd_meander,vgg16,0305-8,0,brightness,5,0.3811,0.4892,0.3284,0.2525
handpd_meander,vgg16,0305-8,0,shadow,1,0.9909,0.986,0.9698,0.8966
handpd_meander,vgg16,0305-8,0,shadow,2,0.9703,0.9562,0.9082,0.8727
handpd_meander,vgg16,0305-8,0,shadow,3,0.9253,0.8905,0.857,0.8349
handpd_meander,vgg16,0305-8,0,shadow,4,0.85,0.8048,0.8228,0.772
handpd_meander,vgg16,0305-8,0,shadow,5,0.8203,0.7802,0.816,0.7383
handpd_meander,vgg16,0305-8,0,perspective,1,0.9143,0.9196,0.8446,0.7189
handpd_meander,vgg16,0305-8,0,perspective,2,0.8799,0.8565,0.8302,0.6789
handpd_meander,vgg16,0305-8,0,perspective,3,0.8439,0.8144,0.7366,0.6721
handpd_meander,vgg16,0305-8,0,perspective,4,0.7799,0.755,0.7031,0.5692
handpd_meander,vgg16,0305-8,0,perspective,5,0.7211,0.7311,0.6804,0.5097
handpd_meander,vgg16,0305-8,0,rotation,1,0.8158,0.804,0.7047,0.4139
handpd_meander,vgg16,0305-8,0,rotation,2,0.7014,0.785,0.5072,0.3642
handpd_meander,vgg16,0305-8,0,rotation,3,0.4349,0.5095,0.3676,0.2232
handpd_meander,vgg16,0305-8,0,rotation,4,0.4778,0.5599,0.4394,0.2183
handpd_meander,vgg16,0305-8,0,rotation,5,0.3173,0.3545,0.3979,0.2162
handpd_meander,vgg16,0102-6,0,jpeg_compression,1,0.9919,0.9857,0.947,0.9204
handpd_meander,vgg16,0102-6,0,jpeg_compression,2,0.9723,0.9838,0.9314,0.8409
handpd_meander,vgg16,0102-6,0,jpeg_compression,3,0.983,0.9636,0.9044,0.8743
handpd_meander,vgg16,0102-6,0,jpeg_compression,4,0.9706,0.9729,0.8727,0.8314
handpd_meander,vgg16,0102-6,0,jpeg_compression,5,0.855,0.7759,0.6196,0.6803
handpd_meander,vgg16,0102-6,0,gaussian_blur,1,0.9926,0.9905,0.9621,0.885
handpd_meander,vgg16,0102-6,0,gaussian_blur,2,0.9867,0.9828,0.9347,0.8542
handpd_meander,vgg16,0102-6,0,gaussian_blur,3,0.9672,0.9669,0.8859,0.7932
handpd_meander,vgg16,0102-6,0,gaussian_blur,4,0.9516,0.9567,0.8562,0.7611
handpd_meander,vgg16,0102-6,0,gaussian_blur,5,0.9421,0.9589,0.8608,0.7381
handpd_meander,vgg16,0102-6,0,gaussian_noise,1,0.9953,0.9921,0.9622,0.9523
handpd_meander,vgg16,0102-6,0,gaussian_noise,2,0.9696,0.949,0.8085,0.8778
handpd_meander,vgg16,0102-6,0,gaussian_noise,3,0.9444,0.9215,0.7993,0.7678
handpd_meander,vgg16,0102-6,0,gaussian_noise,4,0.8811,0.7562,0.6544,0.7114
handpd_meander,vgg16,0102-6,0,gaussian_noise,5,0.7984,0.7348,0.5536,0.6297
handpd_meander,vgg16,0102-6,0,contrast,1,0.8808,0.8705,0.7378,0.5791
handpd_meander,vgg16,0102-6,0,contrast,2,0.9513,0.9142,0.7873,0.6911
handpd_meander,vgg16,0102-6,0,contrast,3,0.9915,0.9862,0.9582,0.8812
handpd_meander,vgg16,0102-6,0,contrast,4,0.9787,0.9704,0.9213,0.8916
handpd_meander,vgg16,0102-6,0,contrast,5,0.9626,0.9498,0.865,0.8563
handpd_meander,vgg16,0102-6,0,brightness,1,0.9315,0.9298,0.7966,0.6472
handpd_meander,vgg16,0102-6,0,brightness,2,0.9408,0.9428,0.8726,0.7095
handpd_meander,vgg16,0102-6,0,brightness,3,0.9561,0.9555,0.8923,0.7351
handpd_meander,vgg16,0102-6,0,brightness,4,0.4843,0.4447,0.3602,0.2834
handpd_meander,vgg16,0102-6,0,brightness,5,0.5226,0.4569,0.3708,0.2834
handpd_meander,vgg16,0102-6,0,shadow,1,0.9822,0.9837,0.9483,0.8112
handpd_meander,vgg16,0102-6,0,shadow,2,0.9597,0.9713,0.922,0.725
handpd_meander,vgg16,0102-6,0,shadow,3,0.9505,0.9026,0.8254,0.7227
handpd_meander,vgg16,0102-6,0,shadow,4,0.9339,0.8828,0.8024,0.6945
handpd_meander,vgg16,0102-6,0,shadow,5,0.9403,0.911,0.7538,0.7122
handpd_meander,vgg16,0102-6,0,perspective,1,0.7503,0.7732,0.7266,0.5
handpd_meander,vgg16,0102-6,0,perspective,2,0.8494,0.7986,0.7482,0.6227
handpd_meander,vgg16,0102-6,0,perspective,3,0.766,0.7737,0.6949,0.5002
handpd_meander,vgg16,0102-6,0,perspective,4,0.6904,0.74,0.6677,0.4061
handpd_meander,vgg16,0102-6,0,perspective,5,0.7173,0.7682,0.6873,0.4522
handpd_meander,vgg16,0102-6,0,rotation,1,0.8055,0.8181,0.7546,0.5161
handpd_meander,vgg16,0102-6,0,rotation,2,0.3178,0.6132,0.6032,0.2605
handpd_meander,vgg16,0102-6,0,rotation,3,0.3465,0.308,0.4302,0.2579
handpd_meander,vgg16,0102-6,0,rotation,4,0.3644,0.4581,0.5139,0.254
handpd_meander,vgg16,0102-6,0,rotation,5,0.3289,0.3311,0.4074,0.239
handpd_meander,vgg16,0297-7,0,jpeg_compression,1,0.9974,0.9965,0.9844,0.9771
handpd_meander,vgg16,0297-7,0,jpeg_compression,2,0.9911,0.9727,0.9442,0.936
handpd_meander,vgg16,0297-7,0,jpeg_compression,3,0.9523,0.9722,0.9142,0.7416
handpd_meander,vgg16,0297-7,0,jpeg_compression,4,0.9195,0.8003,0.7394,0.7455
handpd_meander,vgg16,0297-7,0,jpeg_compression,5,0.7887,0.6206,0.5544,0.6805
handpd_meander,vgg16,0297-7,0,gaussian_blur,1,0.9736,0.9677,0.9254,0.8459
handpd_meander,vgg16,0297-7,0,gaussian_blur,2,0.9271,0.8958,0.8287,0.7578
handpd_meander,vgg16,0297-7,0,gaussian_blur,3,0.8998,0.8494,0.7609,0.6985
handpd_meander,vgg16,0297-7,0,gaussian_blur,4,0.8928,0.8617,0.7631,0.6362
handpd_meander,vgg16,0297-7,0,gaussian_blur,5,0.8421,0.8365,0.7278,0.5348
handpd_meander,vgg16,0297-7,0,gaussian_noise,1,0.9975,0.998,0.9898,0.9586
handpd_meander,vgg16,0297-7,0,gaussian_noise,2,0.9752,0.9524,0.9199,0.8945
handpd_meander,vgg16,0297-7,0,gaussian_noise,3,0.9649,0.826,0.7904,0.8703
handpd_meander,vgg16,0297-7,0,gaussian_noise,4,0.9336,0.6799,0.6527,0.8337
handpd_meander,vgg16,0297-7,0,gaussian_noise,5,0.8279,0.6073,0.5736,0.6704
handpd_meander,vgg16,0297-7,0,contrast,1,0.8334,0.6299,0.5435,0.7081
handpd_meander,vgg16,0297-7,0,contrast,2,0.9207,0.7773,0.6751,0.8021
handpd_meander,vgg16,0297-7,0,contrast,3,0.9872,0.9437,0.8758,0.9026
handpd_meander,vgg16,0297-7,0,contrast,4,0.9853,0.984,0.9439,0.8868
handpd_meander,vgg16,0297-7,0,contrast,5,0.9541,0.933,0.8558,0.7672
handpd_meander,vgg16,0297-7,0,brightness,1,0.9011,0.7141,0.6402,0.7602
handpd_meander,vgg16,0297-7,0,brightness,2,0.9056,0.8493,0.6907,0.7752
handpd_meander,vgg16,0297-7,0,brightness,3,0.901,0.7851,0.6658,0.7805
handpd_meander,vgg16,0297-7,0,brightness,4,,,0.3542,0.0
handpd_meander,vgg16,0297-7,0,brightness,5,0.1918,0.3694,0.3756,0.2306
handpd_meander,vgg16,0297-7,0,shadow,1,0.9331,0.8608,0.8169,0.8008
handpd_meander,vgg16,0297-7,0,shadow,2,0.9136,0.7945,0.6932,0.7783
handpd_meander,vgg16,0297-7,0,shadow,3,0.9124,0.7709,0.6599,0.7808
handpd_meander,vgg16,0297-7,0,shadow,4,0.9217,0.709,0.6406,0.8026
handpd_meander,vgg16,0297-7,0,shadow,5,0.91,0.7016,0.6187,0.7968
handpd_meander,vgg16,0297-7,0,perspective,1,0.8751,0.7656,0.6495,0.6735
handpd_meander,vgg16,0297-7,0,perspective,2,0.9298,0.8036,0.7335,0.7908
handpd_meander,vgg16,0297-7,0,perspective,3,0.8891,0.8189,0.7624,0.6678
handpd_meander,vgg16,0297-7,0,perspective,4,0.6595,0.6854,0.6126,0.4349
handpd_meander,vgg16,0297-7,0,perspective,5,0.5991,0.6782,0.6236,0.3473
handpd_meander,vgg16,0297-7,0,rotation,1,0.8186,0.713,0.5761,0.691
handpd_meander,vgg16,0297-7,0,rotation,2,0.3718,0.4401,0.4677,0.1919
handpd_meander,vgg16,0297-7,0,rotation,3,0.338,0.4481,0.4421,0.3309
handpd_meander,vgg16,0297-7,0,rotation,4,-0.1775,-0.019,0.2662,0.021
handpd_meander,vgg16,0297-7,0,rotation,5,0.0817,0.1528,0.3508,0.1658
handpd_meander,vgg16,0102-5,0,jpeg_compression,1,0.9984,0.9988,0.9785,0.9648
handpd_meander,vgg16,0102-5,0,jpeg_compression,2,0.9851,0.9207,0.9317,0.8511
handpd_meander,vgg16,0102-5,0,jpeg_compression,3,0.9519,0.9485,0.9181,0.7278
handpd_meander,vgg16,0102-5,0,jpeg_compression,4,0.9559,0.8588,0.8375,0.7402
handpd_meander,vgg16,0102-5,0,jpeg_compression,5,0.8908,0.7644,0.8015,0.7247
handpd_meander,vgg16,0102-5,0,gaussian_blur,1,0.991,0.9005,0.9053,0.9035
handpd_meander,vgg16,0102-5,0,gaussian_blur,2,0.9522,0.8174,0.794,0.7758
handpd_meander,vgg16,0102-5,0,gaussian_blur,3,0.8543,0.704,0.7497,0.6163
handpd_meander,vgg16,0102-5,0,gaussian_blur,4,0.7681,0.6277,0.6876,0.5184
handpd_meander,vgg16,0102-5,0,gaussian_blur,5,0.7243,0.5766,0.6588,0.4947
handpd_meander,vgg16,0102-5,0,gaussian_noise,1,0.9973,0.9821,0.9688,0.948
handpd_meander,vgg16,0102-5,0,gaussian_noise,2,0.9931,0.9346,0.9642,0.9006
handpd_meander,vgg16,0102-5,0,gaussian_noise,3,0.9441,0.9032,0.8713,0.805
handpd_meander,vgg16,0102-5,0,gaussian_noise,4,0.7599,0.6966,0.7389,0.5172
handpd_meander,vgg16,0102-5,0,gaussian_noise,5,,,0.608,0.1333
handpd_meander,vgg16,0102-5,0,contrast,1,0.9561,0.7556,0.7961,0.7926
handpd_meander,vgg16,0102-5,0,contrast,2,0.9833,0.8123,0.8666,0.9054
handpd_meander,vgg16,0102-5,0,contrast,3,0.9937,0.9504,0.9484,0.9324
handpd_meander,vgg16,0102-5,0,contrast,4,0.9716,0.9641,0.9146,0.8377
handpd_meander,vgg16,0102-5,0,contrast,5,0.8942,0.9171,0.8179,0.6808
handpd_meander,vgg16,0102-5,0,brightness,1,0.8829,0.7532,0.6057,0.6788
handpd_meander,vgg16,0102-5,0,brightness,2,0.9474,0.8005,0.7307,0.8079
handpd_meander,vgg16,0102-5,0,brightness,3,0.9698,0.8258,0.7902,0.8523
handpd_meander,vgg16,0102-5,0,brightness,4,,,0.608,0.1333
handpd_meander,vgg16,0102-5,0,brightness,5,,,0.608,0.1333
handpd_meander,vgg16,0102-5,0,shadow,1,0.9775,0.8695,0.854,0.8833
handpd_meander,vgg16,0102-5,0,shadow,2,0.9399,0.833,0.7452,0.7644
handpd_meander,vgg16,0102-5,0,shadow,3,0.9062,0.8187,0.6824,0.723
handpd_meander,vgg16,0102-5,0,shadow,4,0.8492,0.8092,0.6423,0.6791
handpd_meander,vgg16,0102-5,0,shadow,5,0.8116,0.8026,0.6066,0.5866
handpd_meander,vgg16,0102-5,0,perspective,1,0.9468,0.7749,0.7824,0.7766
handpd_meander,vgg16,0102-5,0,perspective,2,0.9311,0.6954,0.7113,0.7098
handpd_meander,vgg16,0102-5,0,perspective,3,0.9312,0.7128,0.7214,0.6994
handpd_meander,vgg16,0102-5,0,perspective,4,0.8891,0.6805,0.7271,0.6467
handpd_meander,vgg16,0102-5,0,perspective,5,0.8607,0.6968,0.692,0.5877
handpd_meander,vgg16,0102-5,0,rotation,1,0.8551,0.6038,0.6627,0.521
handpd_meander,vgg16,0102-5,0,rotation,2,0.4542,0.3116,0.4654,0.2741
handpd_meander,vgg16,0102-5,0,rotation,3,0.7357,0.6392,0.6806,0.4445
handpd_meander,vgg16,0102-5,0,rotation,4,0.4308,0.3365,0.3883,0.2935
handpd_meander,vgg16,0102-5,0,rotation,5,0.5426,0.5587,0.5758,0.3693
handpd_meander,vgg16,0129-6,0,jpeg_compression,1,0.9972,0.9801,0.9752,0.9361
handpd_meander,vgg16,0129-6,0,jpeg_compression,2,0.9643,0.9373,0.895,0.7791
handpd_meander,vgg16,0129-6,0,jpeg_compression,3,0.9639,0.8998,0.8386,0.834
handpd_meander,vgg16,0129-6,0,jpeg_compression,4,0.9412,0.7131,0.7362,0.7843
handpd_meander,vgg16,0129-6,0,jpeg_compression,5,0.4476,0.6601,0.6707,0.3086
handpd_meander,vgg16,0129-6,0,gaussian_blur,1,0.995,0.9748,0.9544,0.9089
handpd_meander,vgg16,0129-6,0,gaussian_blur,2,0.9821,0.9638,0.9377,0.8423
handpd_meander,vgg16,0129-6,0,gaussian_blur,3,0.9489,0.8708,0.8221,0.7558
handpd_meander,vgg16,0129-6,0,gaussian_blur,4,0.9297,0.8549,0.7942,0.6717
handpd_meander,vgg16,0129-6,0,gaussian_blur,5,0.8974,0.8293,0.7731,0.6137
handpd_meander,vgg16,0129-6,0,gaussian_noise,1,0.9985,0.999,0.9914,0.9756
handpd_meander,vgg16,0129-6,0,gaussian_noise,2,0.985,0.9774,0.9479,0.8264
handpd_meander,vgg16,0129-6,0,gaussian_noise,3,0.9391,0.8478,0.828,0.6996
handpd_meander,vgg16,0129-6,0,gaussian_noise,4,0.9241,0.8167,0.814,0.7371
handpd_meander,vgg16,0129-6,0,gaussian_noise,5,0.907,0.8129,0.797,0.697
handpd_meander,vgg16,0129-6,0,contrast,1,0.9367,0.7109,0.7354,0.7791
handpd_meander,vgg16,0129-6,0,contrast,2,0.9429,0.738,0.7491,0.8124
handpd_meander,vgg16,0129-6,0,contrast,3,0.9799,0.9621,0.938,0.8592
handpd_meander,vgg16,0129-6,0,contrast,4,0.97,0.9345,0.8948,0.8339
handpd_meander,vgg16,0129-6,0,contrast,5,0.9538,0.8422,0.8187,0.7321
handpd_meander,vgg16,0129-6,0,brightness,1,0.8889,0.7303,0.6429,0.6961
handpd_meander,vgg16,0129-6,0,brightness,2,0.9179,0.7907,0.7031,0.7253
handpd_meander,vgg16,0129-6,0,brightness,3,0.9714,0.9258,0.8816,0.7702
handpd_meander,vgg16,0129-6,0,brightness,4,,,0.5317,0.0315
handpd_meander,vgg16,0129-6,0,brightness,5,,,0.5317,0.0315
handpd_meander,vgg16,0129-6,0,shadow,1,0.9844,0.9485,0.9219,0.8252
handpd_meander,vgg16,0129-6,0,shadow,2,0.9697,0.8944,0.8263,0.8244
handpd_meander,vgg16,0129-6,0,shadow,3,0.9305,0.7926,0.7253,0.7378
handpd_meander,vgg16,0129-6,0,shadow,4,0.8665,0.7438,0.618,0.6042
handpd_meander,vgg16,0129-6,0,shadow,5,0.8459,0.7092,0.6203,0.5624
handpd_meander,vgg16,0129-6,0,perspective,1,0.9028,0.7996,0.7512,0.7703
handpd_meander,vgg16,0129-6,0,perspective,2,0.895,0.9083,0.8066,0.7223
handpd_meander,vgg16,0129-6,0,perspective,3,0.9294,0.8218,0.724,0.8107
handpd_meander,vgg16,0129-6,0,perspective,4,0.8825,0.7875,0.7474,0.7524
handpd_meander,vgg16,0129-6,0,perspective,5,0.8586,0.8161,0.7936,0.6893
handpd_meander,vgg16,0129-6,0,rotation,1,,,0.5317,0.0315
handpd_meander,vgg16,0129-6,0,rotation,2,0.6365,0.717,0.6298,0.4654
handpd_meander,vgg16,0129-6,0,rotation,3,0.3579,0.2374,0.5476,0.2019
handpd_meander,vgg16,0129-6,0,rotation,4,0.2552,0.2515,0.4011,0.2301
handpd_meander,vgg16,0129-6,0,rotation,5,0.2148,0.2579,0.4299,0.1733
handpd_meander,vgg16,0024-8,1,jpeg_compression,1,0.9986,0.9965,0.9788,0.9642
handpd_meander,vgg16,0024-8,1,jpeg_compression,2,0.9938,0.9746,0.9324,0.951
handpd_meander,vgg16,0024-8,1,jpeg_compression,3,0.9907,0.9752,0.9234,0.9397
handpd_meander,vgg16,0024-8,1,jpeg_compression,4,0.9775,0.9646,0.8911,0.8628
handpd_meander,vgg16,0024-8,1,jpeg_compression,5,0.1505,0.3917,0.3547,0.1777
handpd_meander,vgg16,0024-8,1,gaussian_blur,1,0.9915,0.9843,0.966,0.9187
handpd_meander,vgg16,0024-8,1,gaussian_blur,2,0.9731,0.9541,0.913,0.8369
handpd_meander,vgg16,0024-8,1,gaussian_blur,3,0.9487,0.9139,0.8522,0.7824
handpd_meander,vgg16,0024-8,1,gaussian_blur,4,0.9159,0.8828,0.8039,0.7205
handpd_meander,vgg16,0024-8,1,gaussian_blur,5,0.8985,0.8662,0.7722,0.6822
handpd_meander,vgg16,0024-8,1,gaussian_noise,1,0.9967,0.9944,0.9848,0.9512
handpd_meander,vgg16,0024-8,1,gaussian_noise,2,0.9806,0.9713,0.9309,0.8501
handpd_meander,vgg16,0024-8,1,gaussian_noise,3,0.969,0.9426,0.8755,0.7955
handpd_meander,vgg16,0024-8,1,gaussian_noise,4,0.9777,0.9453,0.8574,0.8699
handpd_meander,vgg16,0024-8,1,gaussian_noise,5,0.7924,0.808,0.674,0.4611
handpd_meander,vgg16,0024-8,1,contrast,1,0.9624,0.8966,0.7853,0.8189
handpd_meander,vgg16,0024-8,1,contrast,2,0.9808,0.9535,0.8904,0.8585
handpd_meander,vgg16,0024-8,1,contrast,3,0.9928,0.9816,0.9505,0.9063
handpd_meander,vgg16,0024-8,1,contrast,4,0.9915,0.9752,0.9413,0.9332
handpd_meander,vgg16,0024-8,1,contrast,5,0.9814,0.9458,0.9001,0.925
handpd_meander,vgg16,0024-8,1,brightness,1,0.967,0.9531,0.8847,0.867
handpd_meander,vgg16,0024-8,1,brightness,2,0.9751,0.9617,0.9054,0.8957
handpd_meander,vgg16,0024-8,1,brightness,3,0.9906,0.9766,0.9346,0.9363
handpd_meander,vgg16,0024-8,1,brightness,4,0.1112,0.3787,0.264,0.1509
handpd_meander,vgg16,0024-8,1,brightness,5,0.1131,0.3751,0.2578,0.1287
handpd_meander,vgg16,0024-8,1,shadow,1,0.9952,0.9844,0.9525,0.96
handpd_meander,vgg16,0024-8,1,shadow,2,0.9887,0.9733,0.9305,0.9361
handpd_meander,vgg16,0024-8,1,shadow,3,0.9772,0.9602,0.8855,0.9026
handpd_meander,vgg16,0024-8,1,shadow,4,0.9632,0.9325,0.8364,0.8582
handpd_meander,vgg16,0024-8,1,shadow,5,0.9422,0.9195,0.7633,0.7912
handpd_meander,vgg16,0024-8,1,perspective,1,0.9524,0.9121,0.8092,0.8125
handpd_meander,vgg16,0024-8,1,perspective,2,0.9532,0.8955,0.7762,0.8376
handpd_meander,vgg16,0024-8,1,perspective,3,0.9431,0.9196,0.7945,0.7602
handpd_meander,vgg16,0024-8,1,perspective,4,0.9254,0.8505,0.7241,0.7772
handpd_meander,vgg16,0024-8,1,perspective,5,0.8059,0.7569,0.6228,0.6122
handpd_meander,vgg16,0024-8,1,rotation,1,0.8382,0.8063,0.6719,0.634
handpd_meander,vgg16,0024-8,1,rotation,2,0.5288,0.6624,0.5294,0.3162
handpd_meander,vgg16,0024-8,1,rotation,3,0.4302,0.4749,0.4281,0.2951
handpd_meander,vgg16,0024-8,1,rotation,4,0.1288,0.2594,0.3419,0.1192
handpd_meander,vgg16,0024-8,1,rotation,5,0.1276,0.2764,0.3222,0.1078
handpd_meander,vgg16,0181-8,1,jpeg_compression,1,0.9991,0.9985,0.9904,0.958
handpd_meander,vgg16,0181-8,1,jpeg_compression,2,0.9886,0.9878,0.9795,0.846
handpd_meander,vgg16,0181-8,1,jpeg_compression,3,0.991,0.987,0.9668,0.8682
handpd_meander,vgg16,0181-8,1,jpeg_compression,4,0.9803,0.9694,0.9311,0.8078
handpd_meander,vgg16,0181-8,1,jpeg_compression,5,0.4676,0.6453,0.3775,0.2527
handpd_meander,vgg16,0181-8,1,gaussian_blur,1,0.9915,0.9929,0.9831,0.8145
handpd_meander,vgg16,0181-8,1,gaussian_blur,2,0.982,0.982,0.9593,0.7929
handpd_meander,vgg16,0181-8,1,gaussian_blur,3,0.9576,0.9513,0.9004,0.7428
handpd_meander,vgg16,0181-8,1,gaussian_blur,4,0.9432,0.9355,0.8617,0.6822
handpd_meander,vgg16,0181-8,1,gaussian_blur,5,0.9261,0.9218,0.8223,0.6021
handpd_meander,vgg16,0181-8,1,gaussian_noise,1,0.9961,0.9971,0.991,0.9047
handpd_meander,vgg16,0181-8,1,gaussian_noise,2,0.9878,0.9905,0.9565,0.8186
handpd_meander,vgg16,0181-8,1,gaussian_noise,3,0.9429,0.9216,0.9045,0.7087
handpd_meander,vgg16,0181-8,1,gaussian_noise,4,0.8206,0.7895,0.7471,0.5998
handpd_meander,vgg16,0181-8,1,gaussian_noise,5,0.6046,0.5291,0.6073,0.4044
handpd_meander,vgg16,0181-8,1,contrast,1,0.9177,0.9005,0.7973,0.6254
handpd_meander,vgg16,0181-8,1,contrast,2,0.9568,0.9504,0.8821,0.7417
handpd_meander,vgg16,0181-8,1,contrast,3,0.9812,0.978,0.9487,0.8245
handpd_meander,vgg16,0181-8,1,contrast,4,0.9895,0.9861,0.941,0.8552
handpd_meander,vgg16,0181-8,1,contrast,5,0.9786,0.9753,0.9378,0.8055
handpd_meander,vgg16,0181-8,1,brightness,1,0.9439,0.9471,0.8548,0.7262
handpd_meander,vgg16,0181-8,1,brightness,2,0.9637,0.9669,0.9188,0.7393
handpd_meander,vgg16,0181-8,1,brightness,3,0.984,0.9831,0.956,0.8125
handpd_meander,vgg16,0181-8,1,brightness,4,0.1913,0.3085,0.1846,0.2346
handpd_meander,vgg16,0181-8,1,brightness,5,0.1174,0.3214,0.1411,0.1855
handpd_meander,vgg16,0181-8,1,shadow,1,0.9919,0.9914,0.9773,0.8815
handpd_meander,vgg16,0181-8,1,shadow,2,0.9802,0.9814,0.9534,0.826
handpd_meander,vgg16,0181-8,1,shadow,3,0.9547,0.9597,0.8946,0.7136
handpd_meander,vgg16,0181-8,1,shadow,4,0.9408,0.9485,0.8668,0.6617
handpd_meander,vgg16,0181-8,1,shadow,5,0.931,0.944,0.8348,0.6668
handpd_meander,vgg16,0181-8,1,perspective,1,0.9054,0.9258,0.8262,0.6476
handpd_meander,vgg16,0181-8,1,perspective,2,0.9176,0.9348,0.8584,0.6448
handpd_meander,vgg16,0181-8,1,perspective,3,0.8996,0.9196,0.8236,0.5726
handpd_meander,vgg16,0181-8,1,perspective,4,0.8669,0.9225,0.849,0.5648
handpd_meander,vgg16,0181-8,1,perspective,5,0.8552,0.9019,0.8419,0.5379
handpd_meander,vgg16,0181-8,1,rotation,1,0.8889,0.892,0.771,0.5941
handpd_meander,vgg16,0181-8,1,rotation,2,0.6443,0.6505,0.6616,0.3279
handpd_meander,vgg16,0181-8,1,rotation,3,0.4892,0.5599,0.5021,0.2243
handpd_meander,vgg16,0181-8,1,rotation,4,0.2455,0.3652,0.4221,0.142
handpd_meander,vgg16,0181-8,1,rotation,5,0.3904,0.4991,0.4665,0.1691
handpd_meander,vgg16,0138-7,1,jpeg_compression,1,0.9945,0.9464,0.9332,0.8888
handpd_meander,vgg16,0138-7,1,jpeg_compression,2,0.9854,0.9313,0.8807,0.8008
handpd_meander,vgg16,0138-7,1,jpeg_compression,3,0.9843,0.9568,0.9089,0.8549
handpd_meander,vgg16,0138-7,1,jpeg_compression,4,0.9767,0.9724,0.9292,0.7936
handpd_meander,vgg16,0138-7,1,jpeg_compression,5,,,0.4453,0.1736
handpd_meander,vgg16,0138-7,1,gaussian_blur,1,0.9772,0.909,0.8776,0.8656
handpd_meander,vgg16,0138-7,1,gaussian_blur,2,0.9342,0.8761,0.8258,0.7068
handpd_meander,vgg16,0138-7,1,gaussian_blur,3,0.9023,0.8177,0.7484,0.6825
handpd_meander,vgg16,0138-7,1,gaussian_blur,4,0.8909,0.8387,0.7614,0.6464
handpd_meander,vgg16,0138-7,1,gaussian_blur,5,0.878,0.7803,0.7084,0.655
handpd_meander,vgg16,0138-7,1,gaussian_noise,1,0.9984,0.9994,0.9953,0.9333
handpd_meander,vgg16,0138-7,1,gaussian_noise,2,0.968,0.9284,0.8558,0.7998
handpd_meander,vgg16,0138-7,1,gaussian_noise,3,0.9572,0.8609,0.773,0.7036
handpd_meander,vgg16,0138-7,1,gaussian_noise,4,0.7335,0.6539,0.5287,0.6038
handpd_meander,vgg16,0138-7,1,gaussian_noise,5,,,0.4453,0.1736
handpd_meander,vgg16,0138-7,1,contrast,1,0.6784,0.5688,0.5622,0.4602
handpd_meander,vgg16,0138-7,1,contrast,2,0.883,0.8071,0.7378,0.6126
handpd_meander,vgg16,0138-7,1,contrast,3,0.9852,0.9385,0.8766,0.8595
handpd_meander,vgg16,0138-7,1,contrast,4,0.9792,0.9048,0.8595,0.8292
handpd_meander,vgg16,0138-7,1,contrast,5,0.9531,0.7976,0.7364,0.7166
handpd_meander,vgg16,0138-7,1,brightness,1,0.8604,0.7729,0.7153,0.5786
handpd_meander,vgg16,0138-7,1,brightness,2,0.8997,0.797,0.7644,0.649
handpd_meander,vgg16,0138-7,1,brightness,3,0.9341,0.8888,0.818,0.709
handpd_meander,vgg16,0138-7,1,brightness,4,,,0.4453,0.1736
handpd_meander,vgg16,0138-7,1,brightness,5,,,0.4453,0.1736
handpd_meander,vgg16,0138-7,1,shadow,1,0.9804,0.9316,0.8481,0.8731
handpd_meander,vgg16,0138-7,1,shadow,2,0.9214,0.8378,0.7674,0.6867
handpd_meander,vgg16,0138-7,1,shadow,3,0.8657,0.7863,0.7441,0.6024
handpd_meander,vgg16,0138-7,1,shadow,4,0.7926,0.7671,0.7084,0.5015
handpd_meander,vgg16,0138-7,1,shadow,5,0.7608,0.7655,0.6981,0.479
handpd_meander,vgg16,0138-7,1,perspective,1,0.7712,0.7701,0.7572,0.5009
handpd_meander,vgg16,0138-7,1,perspective,2,0.7864,0.6842,0.6671,0.5115
handpd_meander,vgg16,0138-7,1,perspective,3,0.7654,0.7232,0.6027,0.5481
handpd_meander,vgg16,0138-7,1,perspective,4,0.5518,0.6701,0.6215,0.3859
handpd_meander,vgg16,0138-7,1,perspective,5,0.76,0.7925,0.656,0.5412
handpd_meander,vgg16,0138-7,1,rotation,1,0.612,0.344,0.5763,0.3248
handpd_meander,vgg16,0138-7,1,rotation,2,0.2147,0.4407,0.5018,0.2764
handpd_meander,vgg16,0138-7,1,rotation,3,0.5731,0.5039,0.5389,0.2972
handpd_meander,vgg16,0138-7,1,rotation,4,0.1678,0.3907,0.5257,0.1826
handpd_meander,vgg16,0138-7,1,rotation,5,0.4847,0.542,0.5469,0.2627
handpd_meander,vgg16,0038-5,1,jpeg_compression,1,0.9987,0.9978,0.9929,0.9457
handpd_meander,vgg16,0038-5,1,jpeg_compression,2,0.9948,0.9944,0.9861,0.906
handpd_meander,vgg16,0038-5,1,jpeg_compression,3,0.9946,0.9938,0.9744,0.9022
handpd_meander,vgg16,0038-5,1,jpeg_compression,4,0.9869,0.9866,0.9533,0.8606
handpd_meander,vgg16,0038-5,1,jpeg_compression,5,0.8289,0.7656,0.627,0.5538
handpd_meander,vgg16,0038-5,1,gaussian_blur,1,0.9966,0.9967,0.9892,0.9438
handpd_meander,vgg16,0038-5,1,gaussian_blur,2,0.993,0.9921,0.9689,0.9209
handpd_meander,vgg16,0038-5,1,gaussian_blur,3,0.9846,0.9826,0.9329,0.8927
handpd_meander,vgg16,0038-5,1,gaussian_blur,4,0.9766,0.9739,0.903,0.867
handpd_meander,vgg16,0038-5,1,gaussian_blur,5,0.9627,0.9574,0.8564,0.7766
handpd_meander,vgg16,0038-5,1,gaussian_noise,1,0.9991,0.9991,0.9968,0.9613
handpd_meander,vgg16,0038-5,1,gaussian_noise,2,0.9949,0.9928,0.9677,0.9123
handpd_meander,vgg16,0038-5,1,gaussian_noise,3,0.9682,0.973,0.9313,0.7095
handpd_meander,vgg16,0038-5,1,gaussian_noise,4,0.9644,0.9658,0.9004,0.6901
handpd_meander,vgg16,0038-5,1,gaussian_noise,5,0.9569,0.9555,0.8929,0.7469
handpd_meander,vgg16,0038-5,1,contrast,1,0.9327,0.9301,0.8256,0.7302
handpd_meander,vgg16,0038-5,1,contrast,2,0.9669,0.9657,0.914,0.8174
handpd_meander,vgg16,0038-5,1,contrast,3,0.9878,0.9874,0.9666,0.9073
handpd_meander,vgg16,0038-5,1,contrast,4,0.9729,0.9599,0.912,0.7842
handpd_meander,vgg16,0038-5,1,contrast,5,0.9516,0.9364,0.8134,0.7354
handpd_meander,vgg16,0038-5,1,brightness,1,0.921,0.9007,0.8189,0.7356
handpd_meander,vgg16,0038-5,1,brightness,2,0.9473,0.9348,0.8553,0.7932
handpd_meander,vgg16,0038-5,1,brightness,3,0.974,0.9692,0.9119,0.8435
handpd_meander,vgg16,0038-5,1,brightness,4,0.8117,0.7899,0.5539,0.6599
handpd_meander,vgg16,0038-5,1,brightness,5,0.7817,0.7731,0.5238,0.6417
handpd_meander,vgg16,0038-5,1,shadow,1,0.9911,0.9934,0.9795,0.8635
handpd_meander,vgg16,0038-5,1,shadow,2,0.9777,0.9792,0.9268,0.8284
handpd_meander,vgg16,0038-5,1,shadow,3,0.9656,0.9663,0.9002,0.7932
handpd_meander,vgg16,0038-5,1,shadow,4,0.9517,0.9464,0.879,0.7417
handpd_meander,vgg16,0038-5,1,shadow,5,0.9365,0.9154,0.8438,0.7244
handpd_meander,vgg16,0038-5,1,perspective,1,0.9093,0.9081,0.84,0.674
handpd_meander,vgg16,0038-5,1,perspective,2,0.9358,0.9084,0.8302,0.7677
handpd_meander,vgg16,0038-5,1,perspective,3,0.8899,0.8342,0.7691,0.6721
handpd_meander,vgg16,0038-5,1,perspective,4,0.851,0.741,0.7003,0.6864
handpd_meander,vgg16,0038-5,1,perspective,5,0.7871,0.6859,0.6719,0.5456
handpd_meander,vgg16,0038-5,1,rotation,1,0.8276,0.7748,0.6616,0.5388
handpd_meander,vgg16,0038-5,1,rotation,2,0.5788,0.5988,0.5557,0.3194
handpd_meander,vgg16,0038-5,1,rotation,3,0.6897,0.6228,0.4481,0.3626
handpd_meander,vgg16,0038-5,1,rotation,4,0.4549,0.5096,0.3967,0.2631
handpd_meander,vgg16,0038-5,1,rotation,5,0.3988,0.4143,0.4192,0.2259
handpd_meander,vgg16,0003-6,1,jpeg_compression,1,0.9979,0.9976,0.9965,0.9478
handpd_meander,vgg16,0003-6,1,jpeg_compression,2,0.9946,0.9931,0.9723,0.9482
handpd_meander,vgg16,0003-6,1,jpeg_compression,3,0.9855,0.9841,0.9856,0.8484
handpd_meander,vgg16,0003-6,1,jpeg_compression,4,0.9623,0.9728,0.9108,0.7553
handpd_meander,vgg16,0003-6,1,jpeg_compression,5,0.7913,0.7842,0.7088,0.4053
handpd_meander,vgg16,0003-6,1,gaussian_blur,1,0.981,0.9744,0.9781,0.8705
handpd_meander,vgg16,0003-6,1,gaussian_blur,2,0.9468,0.9311,0.9272,0.7913
handpd_meander,vgg16,0003-6,1,gaussian_blur,3,0.8883,0.8639,0.829,0.6901
handpd_meander,vgg16,0003-6,1,gaussian_blur,4,0.8587,0.818,0.7857,0.6291
handpd_meander,vgg16,0003-6,1,gaussian_blur,5,0.8333,0.7968,0.7489,0.5129
handpd_meander,vgg16,0003-6,1,gaussian_noise,1,0.9971,0.9968,0.9929,0.9596
handpd_meander,vgg16,0003-6,1,gaussian_noise,2,0.9838,0.9763,0.981,0.8494
handpd_meander,vgg16,0003-6,1,gaussian_noise,3,0.9714,0.957,0.9416,0.8386
handpd_meander,vgg16,0003-6,1,gaussian_noise,4,0.9443,0.9292,0.8912,0.7558
handpd_meander,vgg16,0003-6,1,gaussian_noise,5,0.9147,0.87,0.8514,0.713
handpd_meander,vgg16,0003-6,1,contrast,1,0.9134,0.9241,0.8041,0.6694
handpd_meander,vgg16,0003-6,1,contrast,2,0.9685,0.9713,0.9126,0.7799
handpd_meander,vgg16,0003-6,1,contrast,3,0.9889,0.9883,0.97,0.89
handpd_meander,vgg16,0003-6,1,contrast,4,0.963,0.9473,0.9313,0.783
handpd_meander,vgg16,0003-6,1,contrast,5,0.9065,0.8654,0.8657,0.7032
handpd_meander,vgg16,0003-6,1,brightness,1,0.9109,0.9288,0.814,0.6428
handpd_meander,vgg16,0003-6,1,brightness,2,0.9609,0.9668,0.8836,0.757
handpd_meander,vgg16,0003-6,1,brightness,3,0.9823,0.9839,0.9468,0.8275
handpd_meander,vgg16,0003-6,1,brightness,4,0.657,0.7319,0.5224,0.4284
handpd_meander,vgg16,0003-6,1,brightness,5,0.6238,0.7078,0.4661,0.4093
handpd_meander,vgg16,0003-6,1,shadow,1,0.9908,0.9911,0.9684,0.8663
handpd_meander,vgg16,0003-6,1,shadow,2,0.9706,0.9697,0.9082,0.7987
handpd_meander,vgg16,0003-6,1,shadow,3,0.9457,0.9474,0.8831,0.725
handpd_meander,vgg16,0003-6,1,shadow,4,0.9065,0.9088,0.8583,0.6372
handpd_meander,vgg16,0003-6,1,shadow,5,0.8636,0.8761,0.7954,0.5669
handpd_meander,vgg16,0003-6,1,perspective,1,0.8766,0.8607,0.8245,0.6596
handpd_meander,vgg16,0003-6,1,perspective,2,0.8484,0.8376,0.777,0.6304
handpd_meander,vgg16,0003-6,1,perspective,3,0.7309,0.7408,0.6629,0.4932
handpd_meander,vgg16,0003-6,1,perspective,4,0.7179,0.7411,0.6972,0.4786
handpd_meander,vgg16,0003-6,1,perspective,5,0.6416,0.6837,0.5966,0.4144
handpd_meander,vgg16,0003-6,1,rotation,1,0.8016,0.7932,0.7276,0.6218
handpd_meander,vgg16,0003-6,1,rotation,2,0.5303,0.5422,0.3941,0.4243
handpd_meander,vgg16,0003-6,1,rotation,3,0.5983,0.5749,0.466,0.4317
handpd_meander,vgg16,0003-6,1,rotation,4,0.3942,0.4417,0.3388,0.2643
handpd_meander,vgg16,0003-6,1,rotation,5,0.5085,0.5041,0.4382,0.3823
handpd_meander,efficientnet_b0,0305-8,0,jpeg_compression,1,0.9989,0.9988,0.9979,0.912
handpd_meander,efficientnet_b0,0305-8,0,jpeg_compression,2,0.997,0.9963,0.9938,0.9193
handpd_meander,efficientnet_b0,0305-8,0,jpeg_compression,3,0.9876,0.9858,0.9791,0.7739
handpd_meander,efficientnet_b0,0305-8,0,jpeg_compression,4,0.9645,0.9662,0.9275,0.7374
handpd_meander,efficientnet_b0,0305-8,0,jpeg_compression,5,0.6789,0.7074,0.4166,0.3259
handpd_meander,efficientnet_b0,0305-8,0,gaussian_blur,1,0.9921,0.9914,0.979,0.8482
handpd_meander,efficientnet_b0,0305-8,0,gaussian_blur,2,0.9812,0.9788,0.9637,0.723
handpd_meander,efficientnet_b0,0305-8,0,gaussian_blur,3,0.9722,0.9685,0.9513,0.6739
handpd_meander,efficientnet_b0,0305-8,0,gaussian_blur,4,0.9654,0.9622,0.9394,0.6739
handpd_meander,efficientnet_b0,0305-8,0,gaussian_blur,5,0.9575,0.9561,0.9192,0.6498
handpd_meander,efficientnet_b0,0305-8,0,gaussian_noise,1,0.9982,0.9982,0.9945,0.9448
handpd_meander,efficientnet_b0,0305-8,0,gaussian_noise,2,0.9934,0.9934,0.9791,0.8776
handpd_meander,efficientnet_b0,0305-8,0,gaussian_noise,3,0.9567,0.9543,0.9449,0.6774
handpd_meander,efficientnet_b0,0305-8,0,gaussian_noise,4,0.9316,0.9339,0.9303,0.5223
handpd_meander,efficientnet_b0,0305-8,0,gaussian_noise,5,0.9267,0.9246,0.892,0.4829
handpd_meander,efficientnet_b0,0305-8,0,contrast,1,0.9575,0.9476,0.9126,0.4633
handpd_meander,efficientnet_b0,0305-8,0,contrast,2,0.9775,0.9694,0.9417,0.5115
handpd_meander,efficientnet_b0,0305-8,0,contrast,3,0.99,0.985,0.9665,0.6782
handpd_meander,efficientnet_b0,0305-8,0,contrast,4,0.983,0.9833,0.9707,0.7429
handpd_meander,efficientnet_b0,0305-8,0,contrast,5,0.9719,0.9745,0.9459,0.7211
handpd_meander,efficientnet_b0,0305-8,0,brightness,1,0.9108,0.9061,0.9147,0.4403
handpd_meander,efficientnet_b0,0305-8,0,brightness,2,0.9247,0.9193,0.9101,0.4565
handpd_meander,efficientnet_b0,0305-8,0,brightness,3,0.9601,0.9599,0.9348,0.5735
handpd_meander,efficientnet_b0,0305-8,0,brightness,4,0.7048,0.7004,0.5497,0.3534
handpd_meander,efficientnet_b0,0305-8,0,brightness,5,0.7161,0.7117,0.5329,0.3408
handpd_meander,efficientnet_b0,0305-8,0,shadow,1,0.9718,0.9741,0.9543,0.6717
handpd_meander,efficientnet_b0,0305-8,0,shadow,2,0.9584,0.9584,0.9232,0.5844
handpd_meander,efficientnet_b0,0305-8,0,shadow,3,0.9404,0.9464,0.8928,0.6238
handpd_meander,efficientnet_b0,0305-8,0,shadow,4,0.9002,0.9163,0.8202,0.6269
handpd_meander,efficientnet_b0,0305-8,0,shadow,5,0.8665,0.8803,0.7807,0.5614
handpd_meander,efficientnet_b0,0305-8,0,perspective,1,0.7472,0.7587,0.6969,0.4478
handpd_meander,efficientnet_b0,0305-8,0,perspective,2,0.6629,0.6543,0.7611,0.3022
handpd_meander,efficientnet_b0,0305-8,0,perspective,3,0.5658,0.526,0.6578,0.2968
handpd_meander,efficientnet_b0,0305-8,0,perspective,4,0.5251,0.4721,0.6483,0.2659
handpd_meander,efficientnet_b0,0305-8,0,perspective,5,0.4357,0.3498,0.5271,0.2547
handpd_meander,efficientnet_b0,0305-8,0,rotation,1,0.4615,0.4242,0.5433,0.2411
handpd_meander,efficientnet_b0,0305-8,0,rotation,2,0.4799,0.3868,0.2833,0.3
handpd_meander,efficientnet_b0,0305-8,0,rotation,3,0.1945,0.15,0.3783,0.0611
handpd_meander,efficientnet_b0,0305-8,0,rotation,4,0.2892,0.1053,0.2301,0.185
handpd_meander,efficientnet_b0,0305-8,0,rotation,5,0.2165,0.1321,0.3184,0.073
handpd_meander,efficientnet_b0,0102-6,0,jpeg_compression,1,0.9992,0.9579,0.9811,0.9482
handpd_meander,efficientnet_b0,0102-6,0,jpeg_compression,2,0.9995,0.9999,0.9963,0.9638
handpd_meander,efficientnet_b0,0102-6,0,jpeg_compression,3,0.9973,0.8997,0.9712,0.9311
handpd_meander,efficientnet_b0,0102-6,0,jpeg_compression,4,0.9413,0.8993,0.916,0.868
handpd_meander,efficientnet_b0,0102-6,0,jpeg_compression,5,,,0.7753,0.0007
handpd_meander,efficientnet_b0,0102-6,0,gaussian_blur,1,0.9973,0.9006,0.9694,0.8738
handpd_meander,efficientnet_b0,0102-6,0,gaussian_blur,2,0.9902,0.9002,0.9562,0.8738
handpd_meander,efficientnet_b0,0102-6,0,gaussian_blur,3,0.9765,0.716,0.8789,0.6485
handpd_meander,efficientnet_b0,0102-6,0,gaussian_blur,4,0.9596,0.7046,0.8636,0.596
handpd_meander,efficientnet_b0,0102-6,0,gaussian_blur,5,0.9369,0.702,0.8537,0.595
handpd_meander,efficientnet_b0,0102-6,0,gaussian_noise,1,0.9993,0.9999,0.9951,0.9598
handpd_meander,efficientnet_b0,0102-6,0,gaussian_noise,2,0.997,0.9609,0.9737,0.8708
handpd_meander,efficientnet_b0,0102-6,0,gaussian_noise,3,0.9934,0.9192,0.9257,0.8005
handpd_meander,efficientnet_b0,0102-6,0,gaussian_noise,4,0.9526,0.9577,0.925,0.7711
handpd_meander,efficientnet_b0,0102-6,0,gaussian_noise,5,0.9253,0.8726,0.8724,0.6722
handpd_meander,efficientnet_b0,0102-6,0,contrast,1,0.8756,0.9343,0.865,0.7457
handpd_meander,efficientnet_b0,0102-6,0,contrast,2,0.977,0.9558,0.9348,0.8418
handpd_meander,efficientnet_b0,0102-6,0,contrast,3,0.9963,0.9559,0.9642,0.875
handpd_meander,efficientnet_b0,0102-6,0,contrast,4,0.9751,0.8118,0.838,0.773
handpd_meander,efficientnet_b0,0102-6,0,contrast,5,0.9606,0.8627,0.9034,0.7202
handpd_meander,efficientnet_b0,0102-6,0,brightness,1,0.8367,0.7295,0.5927,0.6193
handpd_meander,efficientnet_b0,0102-6,0,brightness,2,0.9128,0.7791,0.7486,0.6806
handpd_meander,efficientnet_b0,0102-6,0,brightness,3,0.9497,0.7936,0.8224,0.6917
handpd_meander,efficientnet_b0,0102-6,0,brightness,4,,,0.7753,0.0007
handpd_meander,efficientnet_b0,0102-6,0,brightness,5,,,0.7753,0.0007
handpd_meander,efficientnet_b0,0102-6,0,shadow,1,0.9112,0.7917,0.8158,0.6338
handpd_meander,efficientnet_b0,0102-6,0,shadow,2,0.8744,0.7584,0.72,0.62
handpd_meander,efficientnet_b0,0102-6,0,shadow,3,0.8888,0.7428,0.6259,0.6443
handpd_meander,efficientnet_b0,0102-6,0,shadow,4,0.9,0.7394,0.5547,0.6773
handpd_meander,efficientnet_b0,0102-6,0,shadow,5,0.8822,0.7229,0.5436,0.6618
handpd_meander,efficientnet_b0,0102-6,0,perspective,1,0.4877,0.7399,0.7625,0.365
handpd_meander,efficientnet_b0,0102-6,0,perspective,2,0.0053,0.204,0.5483,0.1181
handpd_meander,efficientnet_b0,0102-6,0,perspective,3,0.2703,0.1795,0.6223,0.1781
handpd_meander,efficientnet_b0,0102-6,0,perspective,4,0.0249,0.2989,0.5919,0.1294
handpd_meander,efficientnet_b0,0102-6,0,perspective,5,-0.1297,0.1554,0.5569,0.0276
handpd_meander,efficientnet_b0,0102-6,0,rotation,1,0.6562,0.6515,0.6995,0.3478
handpd_meander,efficientnet_b0,0102-6,0,rotation,2,-0.1022,0.2266,0.5956,0.157
handpd_meander,efficientnet_b0,0102-6,0,rotation,3,0.4931,0.3411,0.5601,0.2549
handpd_meander,efficientnet_b0,0102-6,0,rotation,4,-0.2258,-0.1716,0.3457,0.0419
handpd_meander,efficientnet_b0,0102-6,0,rotation,5,0.2705,0.3178,0.5763,0.257
handpd_meander,efficientnet_b0,0297-7,0,jpeg_compression,1,0.999,0.999,0.9817,0.9661
handpd_meander,efficientnet_b0,0297-7,0,jpeg_compression,2,0.997,0.9908,0.9572,0.9548
handpd_meander,efficientnet_b0,0297-7,0,jpeg_compression,3,0.9885,0.9785,0.9247,0.8831
handpd_meander,efficientnet_b0,0297-7,0,jpeg_compression,4,0.9786,0.8984,0.8278,0.8685
handpd_meander,efficientnet_b0,0297-7,0,jpeg_compression,5,0.4053,0.4274,0.4815,0.2973
handpd_meander,efficientnet_b0,0297-7,0,gaussian_blur,1,0.9835,0.9684,0.8846,0.9281
handpd_meander,efficientnet_b0,0297-7,0,gaussian_blur,2,0.9399,0.9104,0.7808,0.7547
handpd_meander,efficientnet_b0,0297-7,0,gaussian_blur,3,0.882,0.7969,0.6805,0.5948
handpd_meander,efficientnet_b0,0297-7,0,gaussian_blur,4,0.8344,0.7515,0.6475,0.5527
handpd_meander,efficientnet_b0,0297-7,0,gaussian_blur,5,0.8111,0.6881,0.6306,0.5314
handpd_meander,efficientnet_b0,0297-7,0,gaussian_noise,1,0.9979,0.9977,0.9753,0.958
handpd_meander,efficientnet_b0,0297-7,0,gaussian_noise,2,0.9857,0.9592,0.9206,0.9226
handpd_meander,efficientnet_b0,0297-7,0,gaussian_noise,3,0.9814,0.9886,0.9539,0.8481
handpd_meander,efficientnet_b0,0297-7,0,gaussian_noise,4,0.9721,0.9261,0.8303,0.8142
handpd_meander,efficientnet_b0,0297-7,0,gaussian_noise,5,0.9165,0.9185,0.8029,0.7253
handpd_meander,efficientnet_b0,0297-7,0,contrast,1,0.8994,0.8559,0.7832,0.664
handpd_meander,efficientnet_b0,0297-7,0,contrast,2,0.9485,0.9468,0.8744,0.7755
handpd_meander,efficientnet_b0,0297-7,0,contrast,3,0.9716,0.9579,0.8862,0.8734
handpd_meander,efficientnet_b0,0297-7,0,contrast,4,0.9793,0.9438,0.8832,0.8068
handpd_meander,efficientnet_b0,0297-7,0,contrast,5,0.955,0.89,0.7993,0.7332
handpd_meander,efficientnet_b0,0297-7,0,brightness,1,0.7732,0.8023,0.6727,0.3782
handpd_meander,efficientnet_b0,0297-7,0,brightness,2,0.7934,0.8333,0.6251,0.4208
handpd_meander,efficientnet_b0,0297-7,0,brightness,3,0.8655,0.8755,0.6302,0.6345
handpd_meander,efficientnet_b0,0297-7,0,brightness,4,,,0.3977,0.2777
handpd_meander,efficientnet_b0,0297-7,0,brightness,5,,,0.3977,0.2777
handpd_meander,efficientnet_b0,0297-7,0,shadow,1,0.9193,0.9301,0.7362,0.783
handpd_meander,efficientnet_b0,0297-7,0,shadow,2,0.8219,0.8577,0.6321,0.4662
handpd_meander,efficientnet_b0,0297-7,0,shadow,3,0.6188,0.7316,0.5392,0.277
handpd_meander,efficientnet_b0,0297-7,0,shadow,4,0.4078,0.5581,0.4773,0.2361
handpd_meander,efficientnet_b0,0297-7,0,shadow,5,0.2815,0.4207,0.4451,0.2249
handpd_meander,efficientnet_b0,0297-7,0,perspective,1,0.9054,0.8277,0.7488,0.6607
handpd_meander,efficientnet_b0,0297-7,0,perspective,2,0.7634,0.7737,0.6263,0.4809
handpd_meander,efficientnet_b0,0297-7,0,perspective,3,0.8226,0.803,0.6447,0.5536
handpd_meander,efficientnet_b0,0297-7,0,perspective,4,0.8217,0.8392,0.7138,0.5504
handpd_meander,efficientnet_b0,0297-7,0,perspective,5,0.7872,0.7924,0.5926,0.5949
handpd_meander,efficientnet_b0,0297-7,0,rotation,1,0.5024,0.6576,0.5727,0.3647
handpd_meander,efficientnet_b0,0297-7,0,rotation,2,0.7195,0.5252,0.5327,0.3863
handpd_meander,efficientnet_b0,0297-7,0,rotation,3,0.2736,0.522,0.5364,0.2195
handpd_meander,efficientnet_b0,0297-7,0,rotation,4,0.6042,0.4154,0.5021,0.3183
handpd_meander,efficientnet_b0,0297-7,0,rotation,5,0.0979,0.4024,0.416,0.1217
handpd_meander,efficientnet_b0,0102-5,0,jpeg_compression,1,0.9998,1.0,0.9995,0.9619
handpd_meander,efficientnet_b0,0102-5,0,jpeg_compression,2,0.9974,0.9998,0.9907,0.9219
handpd_meander,efficientnet_b0,0102-5,0,jpeg_compression,3,0.9973,0.8992,0.9678,0.9499
handpd_meander,efficientnet_b0,0102-5,0,jpeg_compression,4,0.9945,0.9518,0.9747,0.8382
handpd_meander,efficientnet_b0,0102-5,0,jpeg_compression,5,,,0.7699,0.1639
handpd_meander,efficientnet_b0,0102-5,0,gaussian_blur,1,0.9998,1.0,0.9993,0.97
handpd_meander,efficientnet_b0,0102-5,0,gaussian_blur,2,0.9981,0.9997,0.9859,0.8661
handpd_meander,efficientnet_b0,0102-5,0,gaussian_blur,3,0.9969,0.952,0.9735,0.8406
handpd_meander,efficientnet_b0,0102-5,0,gaussian_blur,4,0.9966,0.9519,0.9728,0.8406
handpd_meander,efficientnet_b0,0102-5,0,gaussian_blur,5,0.9953,0.9519,0.9695,0.8406
handpd_meander,efficientnet_b0,0102-5,0,gaussian_noise,1,0.9998,1.0,0.9992,0.9889
handpd_meander,efficientnet_b0,0102-5,0,gaussian_noise,2,0.9988,1.0,0.9983,0.9777
handpd_meander,efficientnet_b0,0102-5,0,gaussian_noise,3,0.9983,0.8876,0.9429,0.8399
handpd_meander,efficientnet_b0,0102-5,0,gaussian_noise,4,0.9888,0.9993,0.9804,0.9319
handpd_meander,efficientnet_b0,0102-5,0,gaussian_noise,5,0.9933,0.8279,0.9232,0.815
handpd_meander,efficientnet_b0,0102-5,0,contrast,1,0.9951,0.9223,0.9864,0.9453
handpd_meander,efficientnet_b0,0102-5,0,contrast,2,0.9985,0.9998,0.9959,0.9671
handpd_meander,efficientnet_b0,0102-5,0,contrast,3,0.9998,0.9224,0.9986,0.9881
handpd_meander,efficientnet_b0,0102-5,0,contrast,4,0.997,0.9997,0.9935,0.959
handpd_meander,efficientnet_b0,0102-5,0,contrast,5,0.996,0.9996,0.9932,0.9634
handpd_meander,efficientnet_b0,0102-5,0,brightness,1,0.9817,0.724,0.721,0.7823
handpd_meander,efficientnet_b0,0102-5,0,brightness,2,0.9751,0.7264,0.6797,0.8406
handpd_meander,efficientnet_b0,0102-5,0,brightness,3,0.9787,0.7534,0.7354,0.8838
handpd_meander,efficientnet_b0,0102-5,0,brightness,4,,,0.7699,0.1639
handpd_meander,efficientnet_b0,0102-5,0,brightness,5,,,0.7699,0.1639
handpd_meander,efficientnet_b0,0102-5,0,shadow,1,0.9849,0.7761,0.7762,0.9296
handpd_meander,efficientnet_b0,0102-5,0,shadow,2,0.9727,0.7387,0.6402,0.8193
handpd_meander,efficientnet_b0,0102-5,0,shadow,3,0.9522,0.6468,0.5631,0.6711
handpd_meander,efficientnet_b0,0102-5,0,shadow,4,0.9132,0.581,0.5368,0.6029
handpd_meander,efficientnet_b0,0102-5,0,shadow,5,0.8716,0.545,0.5075,0.5422
handpd_meander,efficientnet_b0,0102-5,0,perspective,1,0.9717,0.8902,0.9338,0.7182
handpd_meander,efficientnet_b0,0102-5,0,perspective,2,0.8909,0.8408,0.8962,0.6216
handpd_meander,efficientnet_b0,0102-5,0,perspective,3,0.8716,0.6506,0.8086,0.5509
handpd_meander,efficientnet_b0,0102-5,0,perspective,4,0.8483,0.6615,0.8318,0.5699
handpd_meander,efficientnet_b0,0102-5,0,perspective,5,0.8617,0.6586,0.8159,0.5642
handpd_meander,efficientnet_b0,0102-5,0,rotation,1,0.8368,0.7293,0.7817,0.6317
handpd_meander,efficientnet_b0,0102-5,0,rotation,2,0.9488,0.8082,0.9087,0.7881
handpd_meander,efficientnet_b0,0102-5,0,rotation,3,-0.0724,0.0335,0.451,0.0987
handpd_meander,efficientnet_b0,0102-5,0,rotation,4,0.8275,0.5026,0.6359,0.4186
handpd_meander,efficientnet_b0,0102-5,0,rotation,5,-0.1369,-0.1154,0.4567,0.0524
handpd_meander,efficientnet_b0,0129-6,0,jpeg_compression,1,0.9989,0.9995,0.9834,0.9263
handpd_meander,efficientnet_b0,0129-6,0,jpeg_compression,2,0.9959,0.9829,0.9689,0.8902
handpd_meander,efficientnet_b0,0129-6,0,jpeg_compression,3,0.9843,0.9803,0.9474,0.8279
handpd_meander,efficientnet_b0,0129-6,0,jpeg_compression,4,0.9614,0.7965,0.7976,0.8124
handpd_meander,efficientnet_b0,0129-6,0,jpeg_compression,5,0.8789,0.6105,0.7096,0.5841
handpd_meander,efficientnet_b0,0129-6,0,gaussian_blur,1,0.9973,0.9573,0.9306,0.9563
handpd_meander,efficientnet_b0,0129-6,0,gaussian_blur,2,0.9791,0.9029,0.8545,0.8789
handpd_meander,efficientnet_b0,0129-6,0,gaussian_blur,3,0.9308,0.6588,0.7545,0.5896
handpd_meander,efficientnet_b0,0129-6,0,gaussian_blur,4,0.918,0.5763,0.7401,0.5411
handpd_meander,efficientnet_b0,0129-6,0,gaussian_blur,5,0.9022,0.6106,0.7321,0.5841
handpd_meander,efficientnet_b0,0129-6,0,gaussian_noise,1,0.9976,0.9987,0.99,0.9527
handpd_meander,efficientnet_b0,0129-6,0,gaussian_noise,2,0.9854,0.9789,0.9411,0.7582
handpd_meander,efficientnet_b0,0129-6,0,gaussian_noise,3,0.9896,0.953,0.925,0.8741
handpd_meander,efficientnet_b0,0129-6,0,gaussian_noise,4,0.9816,0.8791,0.8828,0.8209
handpd_meander,efficientnet_b0,0129-6,0,gaussian_noise,5,0.9442,0.8202,0.7947,0.8249
handpd_meander,efficientnet_b0,0129-6,0,contrast,1,0.9685,0.7775,0.8349,0.8352
handpd_meander,efficientnet_b0,0129-6,0,contrast,2,0.9914,0.8773,0.8876,0.9127
handpd_meander,efficientnet_b0,0129-6,0,contrast,3,0.9956,0.9313,0.9412,0.8961
handpd_meander,efficientnet_b0,0129-6,0,contrast,4,0.975,0.9513,0.906,0.8712
handpd_meander,efficientnet_b0,0129-6,0,contrast,5,0.9208,0.9123,0.8534,0.7794
handpd_meander,efficientnet_b0,0129-6,0,brightness,1,0.929,0.7729,0.6761,0.791
handpd_meander,efficientnet_b0,0129-6,0,brightness,2,0.9218,0.8487,0.6453,0.7638
handpd_meander,efficientnet_b0,0129-6,0,brightness,3,0.9261,0.8494,0.6556,0.7744
handpd_meander,efficientnet_b0,0129-6,0,brightness,4,,,0.6208,0.2249
handpd_meander,efficientnet_b0,0129-6,0,brightness,5,,,0.6208,0.2249
handpd_meander,efficientnet_b0,0129-6,0,shadow,1,0.9749,0.8836,0.7911,0.8782
handpd_meander,efficientnet_b0,0129-6,0,shadow,2,0.9379,0.8428,0.6353,0.7939
handpd_meander,efficientnet_b0,0129-6,0,shadow,3,0.8332,0.7667,0.5055,0.6154
handpd_meander,efficientnet_b0,0129-6,0,shadow,4,0.706,0.6217,0.4927,0.53
handpd_meander,efficientnet_b0,0129-6,0,shadow,5,0.5991,0.5688,0.5272,0.4691
handpd_meander,efficientnet_b0,0129-6,0,perspective,1,0.8885,0.3837,0.662,0.4277
handpd_meander,efficientnet_b0,0129-6,0,perspective,2,0.6162,0.3463,0.6174,0.3587
handpd_meander,efficientnet_b0,0129-6,0,perspective,3,0.905,0.5771,0.7366,0.5422
handpd_meander,efficientnet_b0,0129-6,0,perspective,4,0.8467,0.61,0.7052,0.5841
handpd_meander,efficientnet_b0,0129-6,0,perspective,5,0.8812,0.4257,0.6887,0.4412
handpd_meander,efficientnet_b0,0129-6,0,rotation,1,0.5085,0.4043,0.5836,0.391
handpd_meander,efficientnet_b0,0129-6,0,rotation,2,0.4697,0.3373,0.635,0.3231
handpd_meander,efficientnet_b0,0129-6,0,rotation,3,-0.1166,0.1655,0.46,0.0823
handpd_meander,efficientnet_b0,0129-6,0,rotation,4,0.3939,0.2364,0.6078,0.2215
handpd_meander,efficientnet_b0,0129-6,0,rotation,5,-0.0838,0.2087,0.4082,0.0699
handpd_meander,efficientnet_b0,0024-8,1,jpeg_compression,1,0.9989,0.9988,0.9978,0.9598
handpd_meander,efficientnet_b0,0024-8,1,jpeg_compression,2,0.9794,0.982,0.9498,0.7992
handpd_meander,efficientnet_b0,0024-8,1,jpeg_compression,3,0.9878,0.9898,0.9324,0.8836
handpd_meander,efficientnet_b0,0024-8,1,jpeg_compression,4,0.9235,0.9251,0.8025,0.6945
handpd_meander,efficientnet_b0,0024-8,1,jpeg_compression,5,0.6078,0.5786,0.3272,0.4433
handpd_meander,efficientnet_b0,0024-8,1,gaussian_blur,1,0.984,0.9899,0.9201,0.8775
handpd_meander,efficientnet_b0,0024-8,1,gaussian_blur,2,0.9583,0.9735,0.8382,0.8146
handpd_meander,efficientnet_b0,0024-8,1,gaussian_blur,3,0.9187,0.9384,0.7422,0.7683
handpd_meander,efficientnet_b0,0024-8,1,gaussian_blur,4,0.8946,0.9147,0.6886,0.7538
handpd_meander,efficientnet_b0,0024-8,1,gaussian_blur,5,0.867,0.8952,0.6358,0.7371
handpd_meander,efficientnet_b0,0024-8,1,gaussian_noise,1,0.9983,0.9984,0.9972,0.9109
handpd_meander,efficientnet_b0,0024-8,1,gaussian_noise,2,0.9913,0.9917,0.9789,0.8852
handpd_meander,efficientnet_b0,0024-8,1,gaussian_noise,3,0.9857,0.9885,0.9592,0.8081
handpd_meander,efficientnet_b0,0024-8,1,gaussian_noise,4,0.9874,0.9879,0.9423,0.8352
handpd_meander,efficientnet_b0,0024-8,1,gaussian_noise,5,0.9541,0.9662,0.8473,0.7604
handpd_meander,efficientnet_b0,0024-8,1,contrast,1,0.9559,0.9639,0.8811,0.7813
handpd_meander,efficientnet_b0,0024-8,1,contrast,2,0.9811,0.9819,0.9193,0.857
handpd_meander,efficientnet_b0,0024-8,1,contrast,3,0.9949,0.9948,0.9751,0.906
handpd_meander,efficientnet_b0,0024-8,1,contrast,4,0.9951,0.9944,0.99,0.858
handpd_meander,efficientnet_b0,0024-8,1,contrast,5,0.9843,0.9809,0.9684,0.7937
handpd_meander,efficientnet_b0,0024-8,1,brightness,1,0.9475,0.9642,0.8671,0.6596
handpd_meander,efficientnet_b0,0024-8,1,brightness,2,0.9752,0.9838,0.9607,0.6555
handpd_meander,efficientnet_b0,0024-8,1,brightness,3,0.9845,0.9907,0.9405,0.7907
handpd_meander,efficientnet_b0,0024-8,1,brightness,4,0.5997,0.5871,0.2262,0.5217
handpd_meander,efficientnet_b0,0024-8,1,brightness,5,0.57,0.5803,0.219,0.477
handpd_meander,efficientnet_b0,0024-8,1,shadow,1,0.9839,0.9923,0.9383,0.8499
handpd_meander,efficientnet_b0,0024-8,1,shadow,2,0.9653,0.9777,0.924,0.7945
handpd_meander,efficientnet_b0,0024-8,1,shadow,3,0.9496,0.9587,0.9006,0.7321
handpd_meander,efficientnet_b0,0024-8,1,shadow,4,0.928,0.9317,0.8514,0.6875
handpd_meander,efficientnet_b0,0024-8,1,shadow,5,0.9062,0.9114,0.7743,0.6079
handpd_meander,efficientnet_b0,0024-8,1,perspective,1,0.8468,0.886,0.7001,0.5086
handpd_meander,efficientnet_b0,0024-8,1,perspective,2,0.6635,0.6592,0.6435,0.4264
handpd_meander,efficientnet_b0,0024-8,1,perspective,3,0.129,0.204,0.4457,0.0901
handpd_meander,efficientnet_b0,0024-8,1,perspective,4,-0.1234,-0.2905,0.2962,0.0373
handpd_meander,efficientnet_b0,0024-8,1,perspective,5,-0.0581,-0.2013,0.3128,0.0505
handpd_meander,efficientnet_b0,0024-8,1,rotation,1,0.0761,-0.1151,0.3284,0.0556
handpd_meander,efficientnet_b0,0024-8,1,rotation,2,-0.0124,-0.0371,0.2941,0.0249
handpd_meander,efficientnet_b0,0024-8,1,rotation,3,0.1504,0.1186,0.3606,0.0873
handpd_meander,efficientnet_b0,0024-8,1,rotation,4,-0.0664,-0.0728,0.2802,0.0001
handpd_meander,efficientnet_b0,0024-8,1,rotation,5,0.1925,0.18,0.3116,0.1049
handpd_meander,efficientnet_b0,0181-8,1,jpeg_compression,1,0.9988,0.9988,0.9975,0.9636
handpd_meander,efficientnet_b0,0181-8,1,jpeg_compression,2,0.993,0.9924,0.9883,0.8804
handpd_meander,efficientnet_b0,0181-8,1,jpeg_compression,3,0.9886,0.9903,0.9684,0.8955
handpd_meander,efficientnet_b0,0181-8,1,jpeg_compression,4,0.9532,0.9712,0.7696,0.7499
handpd_meander,efficientnet_b0,0181-8,1,jpeg_compression,5,0.5569,0.5096,0.3798,0.3384
handpd_meander,efficientnet_b0,0181-8,1,gaussian_blur,1,0.9724,0.9721,0.9244,0.7915
handpd_meander,efficientnet_b0,0181-8,1,gaussian_blur,2,0.9482,0.9526,0.8537,0.687
handpd_meander,efficientnet_b0,0181-8,1,gaussian_blur,3,0.9149,0.9265,0.7721,0.6007
handpd_meander,efficientnet_b0,0181-8,1,gaussian_blur,4,0.8888,0.9088,0.7031,0.5669
handpd_meander,efficientnet_b0,0181-8,1,gaussian_blur,5,0.8664,0.8927,0.6482,0.5579
handpd_meander,efficientnet_b0,0181-8,1,gaussian_noise,1,0.997,0.9971,0.9965,0.9514
handpd_meander,efficientnet_b0,0181-8,1,gaussian_noise,2,0.977,0.9788,0.9449,0.7216
handpd_meander,efficientnet_b0,0181-8,1,gaussian_noise,3,0.9725,0.9742,0.9771,0.7613
handpd_meander,efficientnet_b0,0181-8,1,gaussian_noise,4,0.9505,0.9419,0.929,0.6952
handpd_meander,efficientnet_b0,0181-8,1,gaussian_noise,5,0.8778,0.8843,0.879,0.4366
handpd_meander,efficientnet_b0,0181-8,1,contrast,1,0.9186,0.9274,0.8161,0.6676
handpd_meander,efficientnet_b0,0181-8,1,contrast,2,0.9644,0.9672,0.9257,0.7518
handpd_meander,efficientnet_b0,0181-8,1,contrast,3,0.9912,0.991,0.9878,0.853
handpd_meander,efficientnet_b0,0181-8,1,contrast,4,0.9685,0.9651,0.9329,0.7733
handpd_meander,efficientnet_b0,0181-8,1,contrast,5,0.9463,0.9452,0.8718,0.7573
handpd_meander,efficientnet_b0,0181-8,1,brightness,1,0.9533,0.9553,0.9403,0.7284
handpd_meander,efficientnet_b0,0181-8,1,brightness,2,0.9587,0.9617,0.9174,0.7027
handpd_meander,efficientnet_b0,0181-8,1,brightness,3,0.9777,0.9782,0.9235,0.7774
handpd_meander,efficientnet_b0,0181-8,1,brightness,4,0.1717,0.3701,0.2211,0.0947
handpd_meander,efficientnet_b0,0181-8,1,brightness,5,0.1612,0.3464,0.2123,0.0856
handpd_meander,efficientnet_b0,0181-8,1,shadow,1,0.9877,0.9887,0.9419,0.8416
handpd_meander,efficientnet_b0,0181-8,1,shadow,2,0.9516,0.9545,0.9088,0.7759
handpd_meander,efficientnet_b0,0181-8,1,shadow,3,0.8964,0.8977,0.8761,0.7723
handpd_meander,efficientnet_b0,0181-8,1,shadow,4,0.8516,0.843,0.8473,0.6836
handpd_meander,efficientnet_b0,0181-8,1,shadow,5,0.8102,0.7997,0.8158,0.5718
handpd_meander,efficientnet_b0,0181-8,1,perspective,1,0.7746,0.8052,0.7393,0.3977
handpd_meander,efficientnet_b0,0181-8,1,perspective,2,0.6827,0.6816,0.7617,0.2202
handpd_meander,efficientnet_b0,0181-8,1,perspective,3,0.2765,0.3178,0.5562,0.0797
handpd_meander,efficientnet_b0,0181-8,1,perspective,4,0.0309,-0.0358,0.4573,0.0619
handpd_meander,efficientnet_b0,0181-8,1,perspective,5,0.0586,0.0001,0.3667,0.0665
handpd_meander,efficientnet_b0,0181-8,1,rotation,1,0.3094,0.3479,0.3204,0.1835
handpd_meander,efficientnet_b0,0181-8,1,rotation,2,0.1549,0.0981,0.2094,0.0798
handpd_meander,efficientnet_b0,0181-8,1,rotation,3,0.3149,0.2906,0.2739,0.2173
handpd_meander,efficientnet_b0,0181-8,1,rotation,4,0.1353,0.1123,0.1737,0.0797
handpd_meander,efficientnet_b0,0181-8,1,rotation,5,0.3715,0.4244,0.2898,0.3003
handpd_meander,efficientnet_b0,0138-7,1,jpeg_compression,1,0.9993,0.9997,0.9912,0.9542
handpd_meander,efficientnet_b0,0138-7,1,jpeg_compression,2,0.9952,0.9844,0.9644,0.8741
handpd_meander,efficientnet_b0,0138-7,1,jpeg_compression,3,0.9929,0.9848,0.9724,0.8621
handpd_meander,efficientnet_b0,0138-7,1,jpeg_compression,4,0.9684,0.9644,0.8847,0.7374
handpd_meander,efficientnet_b0,0138-7,1,jpeg_compression,5,,,0.5699,0.1981
handpd_meander,efficientnet_b0,0138-7,1,gaussian_blur,1,0.9949,0.9701,0.9606,0.8487
handpd_meander,efficientnet_b0,0138-7,1,gaussian_blur,2,0.9846,0.9566,0.9238,0.7667
handpd_meander,efficientnet_b0,0138-7,1,gaussian_blur,3,0.9734,0.9518,0.8957,0.7351
handpd_meander,efficientnet_b0,0138-7,1,gaussian_blur,4,0.9629,0.8789,0.8828,0.6934
handpd_meander,efficientnet_b0,0138-7,1,gaussian_blur,5,0.927,0.837,0.8206,0.6059
handpd_meander,efficientnet_b0,0138-7,1,gaussian_noise,1,0.9985,0.9989,0.9931,0.8934
handpd_meander,efficientnet_b0,0138-7,1,gaussian_noise,2,0.9965,0.9979,0.9834,0.8797
handpd_meander,efficientnet_b0,0138-7,1,gaussian_noise,3,0.9717,0.8442,0.8534,0.7559
handpd_meander,efficientnet_b0,0138-7,1,gaussian_noise,4,0.9692,0.9024,0.8548,0.7683
handpd_meander,efficientnet_b0,0138-7,1,gaussian_noise,5,0.9425,0.788,0.7525,0.7039
handpd_meander,efficientnet_b0,0138-7,1,contrast,1,0.9857,0.9777,0.9256,0.8127
handpd_meander,efficientnet_b0,0138-7,1,contrast,2,0.9952,0.9852,0.9634,0.8984
handpd_meander,efficientnet_b0,0138-7,1,contrast,3,0.9969,0.9866,0.9744,0.9076
handpd_meander,efficientnet_b0,0138-7,1,contrast,4,0.9845,0.9656,0.9244,0.8269
handpd_meander,efficientnet_b0,0138-7,1,contrast,5,0.981,0.9338,0.9317,0.8101
handpd_meander,efficientnet_b0,0138-7,1,brightness,1,0.9478,0.9469,0.8629,0.6746
handpd_meander,efficientnet_b0,0138-7,1,brightness,2,0.893,0.9304,0.7948,0.6006
handpd_meander,efficientnet_b0,0138-7,1,brightness,3,0.9046,0.9318,0.7971,0.6313
handpd_meander,efficientnet_b0,0138-7,1,brightness,4,,,0.5699,0.1981
handpd_meander,efficientnet_b0,0138-7,1,brightness,5,,,0.5699,0.1981
handpd_meander,efficientnet_b0,0138-7,1,shadow,1,0.9478,0.9513,0.8178,0.7499
handpd_meander,efficientnet_b0,0138-7,1,shadow,2,0.8744,0.8997,0.6927,0.6053
handpd_meander,efficientnet_b0,0138-7,1,shadow,3,0.7918,0.8492,0.6584,0.4763
handpd_meander,efficientnet_b0,0138-7,1,shadow,4,0.7007,0.7587,0.6148,0.4322
handpd_meander,efficientnet_b0,0138-7,1,shadow,5,0.6292,0.6974,0.6083,0.4147
handpd_meander,efficientnet_b0,0138-7,1,perspective,1,0.8972,0.8245,0.795,0.6336
handpd_meander,efficientnet_b0,0138-7,1,perspective,2,0.752,0.7947,0.6996,0.4762
handpd_meander,efficientnet_b0,0138-7,1,perspective,3,0.7271,0.748,0.6878,0.4815
handpd_meander,efficientnet_b0,0138-7,1,perspective,4,0.6574,0.6352,0.6537,0.3967
handpd_meander,efficientnet_b0,0138-7,1,perspective,5,0.6396,0.5655,0.6448,0.4346
handpd_meander,efficientnet_b0,0138-7,1,rotation,1,0.3224,0.5582,0.6204,0.39
handpd_meander,efficientnet_b0,0138-7,1,rotation,2,0.7545,0.4668,0.6422,0.3405
handpd_meander,efficientnet_b0,0138-7,1,rotation,3,0.294,0.4338,0.528,0.2058
handpd_meander,efficientnet_b0,0138-7,1,rotation,4,0.8402,0.7956,0.6973,0.4475
handpd_meander,efficientnet_b0,0138-7,1,rotation,5,0.0419,0.2912,0.4646,0.1138
handpd_meander,efficientnet_b0,0038-5,1,jpeg_compression,1,0.9986,0.9986,0.9971,0.9333
handpd_meander,efficientnet_b0,0038-5,1,jpeg_compression,2,0.9938,0.9935,0.9916,0.8535
handpd_meander,efficientnet_b0,0038-5,1,jpeg_compression,3,0.9946,0.994,0.9911,0.8423
handpd_meander,efficientnet_b0,0038-5,1,jpeg_compression,4,0.9867,0.9891,0.9703,0.842
handpd_meander,efficientnet_b0,0038-5,1,jpeg_compression,5,0.5513,0.5799,0.3839,0.3197
handpd_meander,efficientnet_b0,0038-5,1,gaussian_blur,1,0.9876,0.9927,0.9351,0.9202
handpd_meander,efficientnet_b0,0038-5,1,gaussian_blur,2,0.9649,0.9726,0.8253,0.8652
handpd_meander,efficientnet_b0,0038-5,1,gaussian_blur,3,0.945,0.9484,0.7847,0.811
handpd_meander,efficientnet_b0,0038-5,1,gaussian_blur,4,0.927,0.9184,0.7546,0.7287
handpd_meander,efficientnet_b0,0038-5,1,gaussian_blur,5,0.9012,0.8749,0.714,0.6472
handpd_meander,efficientnet_b0,0038-5,1,gaussian_noise,1,0.9981,0.9983,0.9968,0.9499
handpd_meander,efficientnet_b0,0038-5,1,gaussian_noise,2,0.9643,0.9696,0.9699,0.761
handpd_meander,efficientnet_b0,0038-5,1,gaussian_noise,3,0.9495,0.9494,0.9408,0.729
handpd_meander,efficientnet_b0,0038-5,1,gaussian_noise,4,0.9304,0.9419,0.9377,0.6061
handpd_meander,efficientnet_b0,0038-5,1,gaussian_noise,5,0.932,0.9356,0.9135,0.6208
handpd_meander,efficientnet_b0,0038-5,1,contrast,1,0.9591,0.9605,0.925,0.7694
handpd_meander,efficientnet_b0,0038-5,1,contrast,2,0.9881,0.989,0.9783,0.8435
handpd_meander,efficientnet_b0,0038-5,1,contrast,3,0.9914,0.9919,0.9892,0.8775
handpd_meander,efficientnet_b0,0038-5,1,contrast,4,0.9893,0.9889,0.9674,0.8513
handpd_meander,efficientnet_b0,0038-5,1,contrast,5,0.9733,0.978,0.9282,0.7778
handpd_meander,efficientnet_b0,0038-5,1,brightness,1,0.7966,0.7831,0.7762,0.4484
handpd_meander,efficientnet_b0,0038-5,1,brightness,2,0.8283,0.8306,0.7319,0.4625
handpd_meander,efficientnet_b0,0038-5,1,brightness,3,0.9167,0.9187,0.7969,0.6077
handpd_meander,efficientnet_b0,0038-5,1,brightness,4,0.5208,0.6484,0.206,0.4096
handpd_meander,efficientnet_b0,0038-5,1,brightness,5,0.4404,0.6389,0.168,0.4345
handpd_meander,efficientnet_b0,0038-5,1,shadow,1,0.907,0.9178,0.86,0.4832
handpd_meander,efficientnet_b0,0038-5,1,shadow,2,0.8114,0.8207,0.8273,0.3251
handpd_meander,efficientnet_b0,0038-5,1,shadow,3,0.7393,0.7559,0.7855,0.2674
handpd_meander,efficientnet_b0,0038-5,1,shadow,4,0.6823,0.6977,0.7495,0.1936
handpd_meander,efficientnet_b0,0038-5,1,shadow,5,0.6314,0.6559,0.716,0.1729
handpd_meander,efficientnet_b0,0038-5,1,perspective,1,0.7505,0.7459,0.6922,0.4334
handpd_meander,efficientnet_b0,0038-5,1,perspective,2,0.6557,0.6511,0.6857,0.3484
handpd_meander,efficientnet_b0,0038-5,1,perspective,3,0.6252,0.6288,0.6251,0.3172
handpd_meander,efficientnet_b0,0038-5,1,perspective,4,0.342,0.3981,0.3879,0.1556
handpd_meander,efficientnet_b0,0038-5,1,perspective,5,0.3568,0.34,0.4418,0.1673
handpd_meander,efficientnet_b0,0038-5,1,rotation,1,0.4169,0.408,0.2912,0.2388
handpd_meander,efficientnet_b0,0038-5,1,rotation,2,0.2038,0.241,0.0859,0.1135
handpd_meander,efficientnet_b0,0038-5,1,rotation,3,0.3505,0.3519,0.2732,0.1623
handpd_meander,efficientnet_b0,0038-5,1,rotation,4,0.3016,0.2703,0.2203,0.245
handpd_meander,efficientnet_b0,0038-5,1,rotation,5,0.2922,0.4648,0.1482,0.2521
handpd_meander,efficientnet_b0,0003-6,1,jpeg_compression,1,0.9982,0.9983,0.9985,0.948
handpd_meander,efficientnet_b0,0003-6,1,jpeg_compression,2,0.9918,0.9896,0.9955,0.854
handpd_meander,efficientnet_b0,0003-6,1,jpeg_compression,3,0.9872,0.9893,0.989,0.858
handpd_meander,efficientnet_b0,0003-6,1,jpeg_compression,4,0.9625,0.9629,0.9702,0.7984
handpd_meander,efficientnet_b0,0003-6,1,jpeg_compression,5,0.7956,0.8115,0.7693,0.5517
handpd_meander,efficientnet_b0,0003-6,1,gaussian_blur,1,0.9562,0.9584,0.9745,0.7318
handpd_meander,efficientnet_b0,0003-6,1,gaussian_blur,2,0.8545,0.8612,0.9167,0.5926
handpd_meander,efficientnet_b0,0003-6,1,gaussian_blur,3,0.791,0.7974,0.8656,0.5247
handpd_meander,efficientnet_b0,0003-6,1,gaussian_blur,4,0.7405,0.7456,0.8338,0.434
handpd_meander,efficientnet_b0,0003-6,1,gaussian_blur,5,0.7225,0.7292,0.8442,0.3543
handpd_meander,efficientnet_b0,0003-6,1,gaussian_noise,1,0.9947,0.9947,0.9954,0.918
handpd_meander,efficientnet_b0,0003-6,1,gaussian_noise,2,0.9852,0.9845,0.9872,0.7655
handpd_meander,efficientnet_b0,0003-6,1,gaussian_noise,3,0.9709,0.9794,0.9624,0.8304
handpd_meander,efficientnet_b0,0003-6,1,gaussian_noise,4,0.9485,0.9523,0.9486,0.684
handpd_meander,efficientnet_b0,0003-6,1,gaussian_noise,5,0.9541,0.9614,0.9436,0.6864
handpd_meander,efficientnet_b0,0003-6,1,contrast,1,0.94,0.9565,0.9415,0.71
handpd_meander,efficientnet_b0,0003-6,1,contrast,2,0.9687,0.9779,0.9622,0.7548
handpd_meander,efficientnet_b0,0003-6,1,contrast,3,0.9864,0.9888,0.9792,0.8513
handpd_meander,efficientnet_b0,0003-6,1,contrast,4,0.9753,0.9811,0.9814,0.7845
handpd_meander,efficientnet_b0,0003-6,1,contrast,5,0.955,0.9585,0.9617,0.6389
handpd_meander,efficientnet_b0,0003-6,1,brightness,1,0.8772,0.8492,0.9068,0.4284
handpd_meander,efficientnet_b0,0003-6,1,brightness,2,0.8849,0.849,0.919,0.4311
handpd_meander,efficientnet_b0,0003-6,1,brightness,3,0.931,0.9063,0.9449,0.5309
handpd_meander,efficientnet_b0,0003-6,1,brightness,4,0.872,0.8816,0.7767,0.5178
handpd_meander,efficientnet_b0,0003-6,1,brightness,5,0.8625,0.8736,0.7607,0.4742
handpd_meander,efficientnet_b0,0003-6,1,shadow,1,0.9292,0.917,0.9594,0.5281
handpd_meander,efficientnet_b0,0003-6,1,shadow,2,0.9039,0.8839,0.9415,0.5026
handpd_meander,efficientnet_b0,0003-6,1,shadow,3,0.873,0.8607,0.9093,0.4618
handpd_meander,efficientnet_b0,0003-6,1,shadow,4,0.826,0.8376,0.8827,0.4012
handpd_meander,efficientnet_b0,0003-6,1,shadow,5,0.7594,0.7478,0.8548,0.3641
handpd_meander,efficientnet_b0,0003-6,1,perspective,1,0.8721,0.8931,0.8366,0.552
handpd_meander,efficientnet_b0,0003-6,1,perspective,2,0.7633,0.7505,0.7612,0.4486
handpd_meander,efficientnet_b0,0003-6,1,perspective,3,0.5765,0.5669,0.6027,0.4165
handpd_meander,efficientnet_b0,0003-6,1,perspective,4,0.5625,0.547,0.5824,0.4008
handpd_meander,efficientnet_b0,0003-6,1,perspective,5,0.4885,0.4689,0.5417,0.3612
handpd_meander,efficientnet_b0,0003-6,1,rotation,1,0.6855,0.6854,0.6853,0.2558
handpd_meander,efficientnet_b0,0003-6,1,rotation,2,0.5965,0.5936,0.4813,0.327
handpd_meander,efficientnet_b0,0003-6,1,rotation,3,0.4737,0.4591,0.4421,0.2445
handpd_meander,efficientnet_b0,0003-6,1,rotation,4,0.537,0.5489,0.4017,0.3479
handpd_meander,efficientnet_b0,0003-6,1,rotation,5,0.4428,0.4837,0.3537,0.1696
handpd_meander,mobilenet_v3_large,0305-8,0,jpeg_compression,1,0.9982,0.9953,0.9923,0.9623
handpd_meander,mobilenet_v3_large,0305-8,0,jpeg_compression,2,0.995,0.9846,0.9827,0.8975
handpd_meander,mobilenet_v3_large,0305-8,0,jpeg_compression,3,0.9808,0.9683,0.9626,0.8084
handpd_meander,mobilenet_v3_large,0305-8,0,jpeg_compression,4,0.9672,0.9389,0.9333,0.7875
handpd_meander,mobilenet_v3_large,0305-8,0,jpeg_compression,5,0.915,0.7817,0.5956,0.5831
handpd_meander,mobilenet_v3_large,0305-8,0,gaussian_blur,1,0.9918,0.9841,0.9783,0.8242
handpd_meander,mobilenet_v3_large,0305-8,0,gaussian_blur,2,0.9693,0.9491,0.9375,0.6962
handpd_meander,mobilenet_v3_large,0305-8,0,gaussian_blur,3,0.9293,0.9006,0.8928,0.5512
handpd_meander,mobilenet_v3_large,0305-8,0,gaussian_blur,4,0.8969,0.8636,0.8688,0.491
handpd_meander,mobilenet_v3_large,0305-8,0,gaussian_blur,5,0.8798,0.8315,0.8393,0.4836
handpd_meander,mobilenet_v3_large,0305-8,0,gaussian_noise,1,0.9978,0.9953,0.9951,0.9389
handpd_meander,mobilenet_v3_large,0305-8,0,gaussian_noise,2,0.9845,0.9804,0.9608,0.8642
handpd_meander,mobilenet_v3_large,0305-8,0,gaussian_noise,3,0.9566,0.9138,0.8709,0.7463
handpd_meander,mobilenet_v3_large,0305-8,0,gaussian_noise,4,0.9642,0.8934,0.8293,0.8104
handpd_meander,mobilenet_v3_large,0305-8,0,gaussian_noise,5,0.9551,0.8867,0.8022,0.713
handpd_meander,mobilenet_v3_large,0305-8,0,contrast,1,0.9796,0.9498,0.9485,0.7476
handpd_meander,mobilenet_v3_large,0305-8,0,contrast,2,0.9897,0.9712,0.9703,0.7725
handpd_meander,mobilenet_v3_large,0305-8,0,contrast,3,0.9945,0.9846,0.9826,0.8511
handpd_meander,mobilenet_v3_large,0305-8,0,contrast,4,0.9905,0.9756,0.9388,0.9129
handpd_meander,mobilenet_v3_large,0305-8,0,contrast,5,0.9834,0.9687,0.9038,0.8435
handpd_meander,mobilenet_v3_large,0305-8,0,brightness,1,0.9288,0.932,0.8878,0.5955
handpd_meander,mobilenet_v3_large,0305-8,0,brightness,2,0.9615,0.9614,0.9293,0.7126
handpd_meander,mobilenet_v3_large,0305-8,0,brightness,3,0.9812,0.9707,0.9648,0.7848
handpd_meander,mobilenet_v3_large,0305-8,0,brightness,4,0.9008,0.7157,0.5748,0.5512
handpd_meander,mobilenet_v3_large,0305-8,0,brightness,5,0.9046,0.7255,0.5555,0.5548
handpd_meander,mobilenet_v3_large,0305-8,0,shadow,1,0.9904,0.9749,0.9799,0.8836
handpd_meander,mobilenet_v3_large,0305-8,0,shadow,2,0.9832,0.9681,0.9622,0.8379
handpd_meander,mobilenet_v3_large,0305-8,0,shadow,3,0.9723,0.9563,0.9431,0.7663
handpd_meander,mobilenet_v3_large,0305-8,0,shadow,4,0.9643,0.9397,0.924,0.682
handpd_meander,mobilenet_v3_large,0305-8,0,shadow,5,0.9523,0.9165,0.9011,0.6661
handpd_meander,mobilenet_v3_large,0305-8,0,perspective,1,0.9396,0.8167,0.7749,0.7312
handpd_meander,mobilenet_v3_large,0305-8,0,perspective,2,0.9353,0.8135,0.8188,0.6808
handpd_meander,mobilenet_v3_large,0305-8,0,perspective,3,0.9183,0.7285,0.7931,0.6334
handpd_meander,mobilenet_v3_large,0305-8,0,perspective,4,0.9062,0.7189,0.7195,0.6763
handpd_meander,mobilenet_v3_large,0305-8,0,perspective,5,0.8697,0.6341,0.676,0.6414
handpd_meander,mobilenet_v3_large,0305-8,0,rotation,1,0.8633,0.4931,0.5303,0.5714
handpd_meander,mobilenet_v3_large,0305-8,0,rotation,2,0.8553,0.5302,0.4839,0.5226
handpd_meander,mobilenet_v3_large,0305-8,0,rotation,3,0.7544,0.3673,0.5434,0.4428
handpd_meander,mobilenet_v3_large,0305-8,0,rotation,4,0.7756,0.3852,0.5167,0.4548
handpd_meander,mobilenet_v3_large,0305-8,0,rotation,5,0.7638,0.3374,0.4296,0.4205
handpd_meander,mobilenet_v3_large,0102-6,0,jpeg_compression,1,0.9935,0.9877,0.9762,0.8682
handpd_meander,mobilenet_v3_large,0102-6,0,jpeg_compression,2,0.9549,0.9383,0.9002,0.8508
handpd_meander,mobilenet_v3_large,0102-6,0,jpeg_compression,3,0.9336,0.896,0.8577,0.6798
handpd_meander,mobilenet_v3_large,0102-6,0,jpeg_compression,4,0.8471,0.8588,0.7417,0.6289
handpd_meander,mobilenet_v3_large,0102-6,0,jpeg_compression,5,0.4555,0.5212,0.5715,0.334
handpd_meander,mobilenet_v3_large,0102-6,0,gaussian_blur,1,0.9752,0.9782,0.9497,0.8474
handpd_meander,mobilenet_v3_large,0102-6,0,gaussian_blur,2,0.8029,0.9382,0.8659,0.6136
handpd_meander,mobilenet_v3_large,0102-6,0,gaussian_blur,3,0.6569,0.8976,0.8014,0.5797
handpd_meander,mobilenet_v3_large,0102-6,0,gaussian_blur,4,0.6503,0.8691,0.7791,0.572
handpd_meander,mobilenet_v3_large,0102-6,0,gaussian_blur,5,0.6848,0.8112,0.7552,0.5547
handpd_meander,mobilenet_v3_large,0102-6,0,gaussian_noise,1,0.9864,0.9764,0.9363,0.9024
handpd_meander,mobilenet_v3_large,0102-6,0,gaussian_noise,2,0.8282,0.7398,0.7307,0.691
handpd_meander,mobilenet_v3_large,0102-6,0,gaussian_noise,3,0.7808,0.6996,0.7472,0.5529
handpd_meander,mobilenet_v3_large,0102-6,0,gaussian_noise,4,0.6612,0.5745,0.6311,0.4368
handpd_meander,mobilenet_v3_large,0102-6,0,gaussian_noise,5,0.5555,0.5214,0.6067,0.4226
handpd_meander,mobilenet_v3_large,0102-6,0,contrast,1,0.8581,0.8546,0.7936,0.5879
handpd_meander,mobilenet_v3_large,0102-6,0,contrast,2,0.9038,0.9086,0.8392,0.6675
handpd_meander,mobilenet_v3_large,0102-6,0,contrast,3,0.9707,0.968,0.947,0.8389
handpd_meander,mobilenet_v3_large,0102-6,0,contrast,4,0.8317,0.8694,0.8213,0.6501
handpd_meander,mobilenet_v3_large,0102-6,0,contrast,5,0.7714,0.7949,0.7353,0.5742
handpd_meander,mobilenet_v3_large,0102-6,0,brightness,1,0.8179,0.878,0.8039,0.5939
handpd_meander,mobilenet_v3_large,0102-6,0,brightness,2,0.7967,0.9006,0.8578,0.6373
handpd_meander,mobilenet_v3_large,0102-6,0,brightness,3,0.8916,0.9126,0.8779,0.7544
handpd_meander,mobilenet_v3_large,0102-6,0,brightness,4,0.4793,0.3333,0.5801,0.3405
handpd_meander,mobilenet_v3_large,0102-6,0,brightness,5,0.4743,0.3324,0.5763,0.3405
handpd_meander,mobilenet_v3_large,0102-6,0,shadow,1,0.9632,0.948,0.9139,0.8518
handpd_meander,mobilenet_v3_large,0102-6,0,shadow,2,0.8835,0.902,0.8693,0.7001
handpd_meander,mobilenet_v3_large,0102-6,0,shadow,3,0.8331,0.8851,0.8223,0.635
handpd_meander,mobilenet_v3_large,0102-6,0,shadow,4,0.8178,0.8813,0.7929,0.6373
handpd_meander,mobilenet_v3_large,0102-6,0,shadow,5,0.8354,0.7993,0.7488,0.6452
handpd_meander,mobilenet_v3_large,0102-6,0,perspective,1,0.7123,0.7482,0.7193,0.4382
handpd_meander,mobilenet_v3_large,0102-6,0,perspective,2,0.6082,0.583,0.61,0.347
handpd_meander,mobilenet_v3_large,0102-6,0,perspective,3,0.6029,0.576,0.6086,0.3226
handpd_meander,mobilenet_v3_large,0102-6,0,perspective,4,0.5942,0.317,0.5588,0.3349
handpd_meander,mobilenet_v3_large,0102-6,0,perspective,5,0.5938,0.3716,0.5824,0.3319
handpd_meander,mobilenet_v3_large,0102-6,0,rotation,1,0.5153,0.4725,0.5696,0.3517
handpd_meander,mobilenet_v3_large,0102-6,0,rotation,2,0.2628,0.1607,0.4308,0.2197
handpd_meander,mobilenet_v3_large,0102-6,0,rotation,3,0.5624,0.3866,0.4916,0.3301
handpd_meander,mobilenet_v3_large,0102-6,0,rotation,4,0.1979,0.0263,0.3039,0.1483
handpd_meander,mobilenet_v3_large,0102-6,0,rotation,5,0.4786,0.2479,0.3612,0.2914
handpd_meander,mobilenet_v3_large,0297-7,0,jpeg_compression,1,0.9976,0.9866,0.957,0.9644
handpd_meander,mobilenet_v3_large,0297-7,0,jpeg_compression,2,0.9889,0.938,0.8661,0.9293
handpd_meander,mobilenet_v3_large,0297-7,0,jpeg_compression,3,0.9796,0.9279,0.8496,0.9222
handpd_meander,mobilenet_v3_large,0297-7,0,jpeg_compression,4,0.9908,0.933,0.8561,0.9289
handpd_meander,mobilenet_v3_large,0297-7,0,jpeg_compression,5,0.8644,0.7746,0.5884,0.7238
handpd_meander,mobilenet_v3_large,0297-7,0,gaussian_blur,1,0.9927,0.9722,0.9349,0.8895
handpd_meander,mobilenet_v3_large,0297-7,0,gaussian_blur,2,0.9825,0.9316,0.8482,0.8672
handpd_meander,mobilenet_v3_large,0297-7,0,gaussian_blur,3,0.9608,0.8948,0.8013,0.8088
handpd_meander,mobilenet_v3_large,0297-7,0,gaussian_blur,4,0.9536,0.8615,0.7503,0.7997
handpd_meander,mobilenet_v3_large,0297-7,0,gaussian_blur,5,0.9539,0.8606,0.7401,0.7924
handpd_meander,mobilenet_v3_large,0297-7,0,gaussian_noise,1,0.9959,0.9934,0.9781,0.9533
handpd_meander,mobilenet_v3_large,0297-7,0,gaussian_noise,2,0.9674,0.9299,0.8265,0.8812
handpd_meander,mobilenet_v3_large,0297-7,0,gaussian_noise,3,0.906,0.8884,0.6716,0.799
handpd_meander,mobilenet_v3_large,0297-7,0,gaussian_noise,4,0.9163,0.8715,0.6604,0.8404
handpd_meander,mobilenet_v3_large,0297-7,0,gaussian_noise,5,0.8739,0.8228,0.5728,0.7562
handpd_meander,mobilenet_v3_large,0297-7,0,contrast,1,0.9713,0.8908,0.7463,0.8505
handpd_meander,mobilenet_v3_large,0297-7,0,contrast,2,0.9766,0.9007,0.8031,0.8153
handpd_meander,mobilenet_v3_large,0297-7,0,contrast,3,0.9892,0.9631,0.9066,0.9033
handpd_meander,mobilenet_v3_large,0297-7,0,contrast,4,0.9885,0.9567,0.8922,0.8954
handpd_meander,mobilenet_v3_large,0297-7,0,contrast,5,0.9764,0.9215,0.7444,0.8927
handpd_meander,mobilenet_v3_large,0297-7,0,brightness,1,0.9012,0.7956,0.6636,0.6566
handpd_meander,mobilenet_v3_large,0297-7,0,brightness,2,0.9305,0.8566,0.6976,0.7008
handpd_meander,mobilenet_v3_large,0297-7,0,brightness,3,0.9464,0.8977,0.8001,0.7285
handpd_meander,mobilenet_v3_large,0297-7,0,brightness,4,0.94,0.821,0.6066,0.8599
handpd_meander,mobilenet_v3_large,0297-7,0,brightness,5,0.9305,0.8181,0.5768,0.8571
handpd_meander,mobilenet_v3_large,0297-7,0,shadow,1,0.9839,0.8945,0.837,0.8585
handpd_meander,mobilenet_v3_large,0297-7,0,shadow,2,0.9717,0.824,0.7282,0.8219
handpd_meander,mobilenet_v3_large,0297-7,0,shadow,3,0.9718,0.8191,0.7279,0.8745
handpd_meander,mobilenet_v3_large,0297-7,0,shadow,4,0.9664,0.8136,0.7099,0.8762
handpd_meander,mobilenet_v3_large,0297-7,0,shadow,5,0.95,0.8011,0.6819,0.8905
handpd_meander,mobilenet_v3_large,0297-7,0,perspective,1,0.9802,0.9189,0.8448,0.9002
handpd_meander,mobilenet_v3_large,0297-7,0,perspective,2,0.932,0.8408,0.6733,0.7439
handpd_meander,mobilenet_v3_large,0297-7,0,perspective,3,0.9481,0.8606,0.7063,0.862
handpd_meander,mobilenet_v3_large,0297-7,0,perspective,4,0.9412,0.8786,0.7336,0.8267
handpd_meander,mobilenet_v3_large,0297-7,0,perspective,5,0.8803,0.691,0.6181,0.7191
handpd_meander,mobilenet_v3_large,0297-7,0,rotation,1,0.8215,0.6926,0.488,0.6009
handpd_meander,mobilenet_v3_large,0297-7,0,rotation,2,0.4352,0.5428,0.4281,0.3684
handpd_meander,mobilenet_v3_large,0297-7,0,rotation,3,0.6993,0.4798,0.4593,0.5064
handpd_meander,mobilenet_v3_large,0297-7,0,rotation,4,0.4968,0.5517,0.425,0.344
handpd_meander,mobilenet_v3_large,0297-7,0,rotation,5,0.7274,0.6732,0.4876,0.4676
handpd_meander,mobilenet_v3_large,0102-5,0,jpeg_compression,1,0.9974,0.9993,0.9877,0.9365
handpd_meander,mobilenet_v3_large,0102-5,0,jpeg_compression,2,0.9738,0.9927,0.9357,0.7894
handpd_meander,mobilenet_v3_large,0102-5,0,jpeg_compression,3,0.9458,0.9606,0.8739,0.7492
handpd_meander,mobilenet_v3_large,0102-5,0,jpeg_compression,4,0.8579,0.8728,0.7085,0.6362
handpd_meander,mobilenet_v3_large,0102-5,0,jpeg_compression,5,0.7274,0.7919,0.7225,0.4444
handpd_meander,mobilenet_v3_large,0102-5,0,gaussian_blur,1,0.9784,0.9962,0.9625,0.8142
handpd_meander,mobilenet_v3_large,0102-5,0,gaussian_blur,2,0.909,0.9579,0.8531,0.7053
handpd_meander,mobilenet_v3_large,0102-5,0,gaussian_blur,3,0.7345,0.8776,0.7156,0.514
handpd_meander,mobilenet_v3_large,0102-5,0,gaussian_blur,4,0.7506,0.8516,0.6904,0.5083
handpd_meander,mobilenet_v3_large,0102-5,0,gaussian_blur,5,0.8199,0.8387,0.6321,0.5559
handpd_meander,mobilenet_v3_large,0102-5,0,gaussian_noise,1,0.9956,0.9738,0.9814,0.9047
handpd_meander,mobilenet_v3_large,0102-5,0,gaussian_noise,2,0.9561,0.9718,0.8881,0.8015
handpd_meander,mobilenet_v3_large,0102-5,0,gaussian_noise,3,0.8738,0.7562,0.7715,0.6043
handpd_meander,mobilenet_v3_large,0102-5,0,gaussian_noise,4,0.944,0.8808,0.8765,0.7573
handpd_meander,mobilenet_v3_large,0102-5,0,gaussian_noise,5,0.8709,0.775,0.7687,0.6025
handpd_meander,mobilenet_v3_large,0102-5,0,contrast,1,0.9313,0.947,0.909,0.7117
handpd_meander,mobilenet_v3_large,0102-5,0,contrast,2,0.9212,0.9149,0.8835,0.6794
handpd_meander,mobilenet_v3_large,0102-5,0,contrast,3,0.9757,0.9512,0.9436,0.8477
handpd_meander,mobilenet_v3_large,0102-5,0,contrast,4,0.922,0.9703,0.8756,0.6271
handpd_meander,mobilenet_v3_large,0102-5,0,contrast,5,0.8867,0.8313,0.8028,0.5686
handpd_meander,mobilenet_v3_large,0102-5,0,brightness,1,0.7921,0.8011,0.7639,0.4821
handpd_meander,mobilenet_v3_large,0102-5,0,brightness,2,0.8786,0.8812,0.8359,0.5824
handpd_meander,mobilenet_v3_large,0102-5,0,brightness,3,0.8664,0.9435,0.8847,0.6965
handpd_meander,mobilenet_v3_large,0102-5,0,brightness,4,0.8944,0.8047,0.7819,0.6014
handpd_meander,mobilenet_v3_large,0102-5,0,brightness,5,0.8926,0.7992,0.7697,0.601
handpd_meander,mobilenet_v3_large,0102-5,0,shadow,1,0.925,0.9648,0.9146,0.7525
handpd_meander,mobilenet_v3_large,0102-5,0,shadow,2,0.9358,0.9631,0.9211,0.7138
handpd_meander,mobilenet_v3_large,0102-5,0,shadow,3,0.9416,0.9392,0.8826,0.7049
handpd_meander,mobilenet_v3_large,0102-5,0,shadow,4,0.9442,0.9315,0.9087,0.7163
handpd_meander,mobilenet_v3_large,0102-5,0,shadow,5,0.9573,0.8933,0.8866,0.7141
handpd_meander,mobilenet_v3_large,0102-5,0,perspective,1,0.9386,0.944,0.8582,0.6324
handpd_meander,mobilenet_v3_large,0102-5,0,perspective,2,0.9589,0.9538,0.9004,0.7838
handpd_meander,mobilenet_v3_large,0102-5,0,perspective,3,0.9524,0.888,0.8597,0.751
handpd_meander,mobilenet_v3_large,0102-5,0,perspective,4,0.8978,0.8288,0.8011,0.6927
handpd_meander,mobilenet_v3_large,0102-5,0,perspective,5,0.9234,0.8203,0.7997,0.6754
handpd_meander,mobilenet_v3_large,0102-5,0,rotation,1,0.884,0.7945,0.7771,0.6291
handpd_meander,mobilenet_v3_large,0102-5,0,rotation,2,0.7445,0.5303,0.5464,0.4492
handpd_meander,mobilenet_v3_large,0102-5,0,rotation,3,0.622,0.5165,0.5545,0.352
handpd_meander,mobilenet_v3_large,0102-5,0,rotation,4,0.6544,0.4588,0.5169,0.3754
handpd_meander,mobilenet_v3_large,0102-5,0,rotation,5,0.6557,0.5932,0.5738,0.447
handpd_meander,mobilenet_v3_large,0129-6,0,jpeg_compression,1,0.9975,0.9701,0.9562,0.9191
handpd_meander,mobilenet_v3_large,0129-6,0,jpeg_compression,2,0.979,0.9541,0.9414,0.892
handpd_meander,mobilenet_v3_large,0129-6,0,jpeg_compression,3,0.9816,0.9534,0.9,0.9109
handpd_meander,mobilenet_v3_large,0129-6,0,jpeg_compression,4,0.9398,0.8312,0.8089,0.785
handpd_meander,mobilenet_v3_large,0129-6,0,jpeg_compression,5,0.9357,0.8366,0.8046,0.7905
handpd_meander,mobilenet_v3_large,0129-6,0,gaussian_blur,1,0.988,0.9179,0.8981,0.8884
handpd_meander,mobilenet_v3_large,0129-6,0,gaussian_blur,2,0.9602,0.8385,0.8299,0.8204
handpd_meander,mobilenet_v3_large,0129-6,0,gaussian_blur,3,0.9054,0.8627,0.7624,0.7227
handpd_meander,mobilenet_v3_large,0129-6,0,gaussian_blur,4,0.8572,0.7996,0.7121,0.6423
handpd_meander,mobilenet_v3_large,0129-6,0,gaussian_blur,5,0.8357,0.7325,0.6469,0.6001
handpd_meander,mobilenet_v3_large,0129-6,0,gaussian_noise,1,0.9981,0.9617,0.9628,0.9332
handpd_meander,mobilenet_v3_large,0129-6,0,gaussian_noise,2,0.9895,0.9447,0.9185,0.8455
handpd_meander,mobilenet_v3_large,0129-6,0,gaussian_noise,3,0.9846,0.9542,0.9224,0.8459
handpd_meander,mobilenet_v3_large,0129-6,0,gaussian_noise,4,0.8722,0.8479,0.7714,0.6528
handpd_meander,mobilenet_v3_large,0129-6,0,gaussian_noise,5,0.8645,0.8401,0.7708,0.7533
handpd_meander,mobilenet_v3_large,0129-6,0,contrast,1,0.9877,0.9499,0.9334,0.8712
handpd_meander,mobilenet_v3_large,0129-6,0,contrast,2,0.9927,0.9978,0.9682,0.895
handpd_meander,mobilenet_v3_large,0129-6,0,contrast,3,0.9926,0.9979,0.969,0.8852
handpd_meander,mobilenet_v3_large,0129-6,0,contrast,4,0.9846,0.9128,0.9019,0.8706
handpd_meander,mobilenet_v3_large,0129-6,0,contrast,5,0.9584,0.8687,0.8543,0.8312
handpd_meander,mobilenet_v3_large,0129-6,0,brightness,1,0.8522,0.7207,0.7076,0.5902
handpd_meander,mobilenet_v3_large,0129-6,0,brightness,2,0.9148,0.7931,0.7675,0.6476
handpd_meander,mobilenet_v3_large,0129-6,0,brightness,3,0.9709,0.9091,0.8651,0.8644
handpd_meander,mobilenet_v3_large,0129-6,0,brightness,4,0.896,0.826,0.801,0.6983
handpd_meander,mobilenet_v3_large,0129-6,0,brightness,5,0.8917,0.7839,0.7781,0.7123
handpd_meander,mobilenet_v3_large,0129-6,0,shadow,1,0.9863,0.911,0.8667,0.8804
handpd_meander,mobilenet_v3_large,0129-6,0,shadow,2,0.9759,0.84,0.8711,0.8122
handpd_meander,mobilenet_v3_large,0129-6,0,shadow,3,0.9622,0.8864,0.8363,0.7348
handpd_meander,mobilenet_v3_large,0129-6,0,shadow,4,0.9489,0.8644,0.8271,0.7256
handpd_meander,mobilenet_v3_large,0129-6,0,shadow,5,0.9529,0.7454,0.8186,0.7561
handpd_meander,mobilenet_v3_large,0129-6,0,perspective,1,0.9549,0.9082,0.8532,0.761
handpd_meander,mobilenet_v3_large,0129-6,0,perspective,2,0.9183,0.837,0.7621,0.6975
handpd_meander,mobilenet_v3_large,0129-6,0,perspective,3,0.8783,0.8453,0.739,0.6643
handpd_meander,mobilenet_v3_large,0129-6,0,perspective,4,0.8336,0.8023,0.7635,0.6281
handpd_meander,mobilenet_v3_large,0129-6,0,perspective,5,0.81,0.7146,0.7253,0.5821
handpd_meander,mobilenet_v3_large,0129-6,0,rotation,1,0.6148,0.4827,0.578,0.4151
handpd_meander,mobilenet_v3_large,0129-6,0,rotation,2,0.7011,0.6628,0.6506,0.4404
handpd_meander,mobilenet_v3_large,0129-6,0,rotation,3,0.8695,0.6556,0.6299,0.5736
handpd_meander,mobilenet_v3_large,0129-6,0,rotation,4,0.1721,0.2129,0.4254,0.1817
handpd_meander,mobilenet_v3_large,0129-6,0,rotation,5,0.6783,0.6325,0.5258,0.468
handpd_meander,mobilenet_v3_large,0024-8,1,jpeg_compression,1,0.9924,0.9878,0.9649,0.9335
handpd_meander,mobilenet_v3_large,0024-8,1,jpeg_compression,2,0.9652,0.9436,0.9267,0.8153
handpd_meander,mobilenet_v3_large,0024-8,1,jpeg_compression,3,0.9665,0.9339,0.8672,0.8494
handpd_meander,mobilenet_v3_large,0024-8,1,jpeg_compression,4,0.8905,0.8089,0.7667,0.7024
handpd_meander,mobilenet_v3_large,0024-8,1,jpeg_compression,5,0.7114,0.5733,0.3479,0.5582
handpd_meander,mobilenet_v3_large,0024-8,1,gaussian_blur,1,0.9765,0.9557,0.9341,0.8866
handpd_meander,mobilenet_v3_large,0024-8,1,gaussian_blur,2,0.9316,0.8886,0.8249,0.7913
handpd_meander,mobilenet_v3_large,0024-8,1,gaussian_blur,3,0.8951,0.8077,0.716,0.7561
handpd_meander,mobilenet_v3_large,0024-8,1,gaussian_blur,4,0.8504,0.7385,0.7044,0.6904
handpd_meander,mobilenet_v3_large,0024-8,1,gaussian_blur,5,0.8327,0.7353,0.6868,0.6218
handpd_meander,mobilenet_v3_large,0024-8,1,gaussian_noise,1,0.9943,0.993,0.9813,0.9197
handpd_meander,mobilenet_v3_large,0024-8,1,gaussian_noise,2,0.9648,0.9575,0.9221,0.8523
handpd_meander,mobilenet_v3_large,0024-8,1,gaussian_noise,3,0.9421,0.9423,0.8933,0.7759
handpd_meander,mobilenet_v3_large,0024-8,1,gaussian_noise,4,0.9084,0.9215,0.8278,0.6789
handpd_meander,mobilenet_v3_large,0024-8,1,gaussian_noise,5,0.8629,0.7918,0.5298,0.5871
handpd_meander,mobilenet_v3_large,0024-8,1,contrast,1,0.9342,0.9007,0.8194,0.7442
handpd_meander,mobilenet_v3_large,0024-8,1,contrast,2,0.9551,0.9318,0.8999,0.7812
handpd_meander,mobilenet_v3_large,0024-8,1,contrast,3,0.9723,0.9501,0.9467,0.834
handpd_meander,mobilenet_v3_large,0024-8,1,contrast,4,0.952,0.9221,0.9089,0.7613
handpd_meander,mobilenet_v3_large,0024-8,1,contrast,5,0.9172,0.842,0.8368,0.7257
handpd_meander,mobilenet_v3_large,0024-8,1,brightness,1,0.8736,0.8207,0.7584,0.6718
handpd_meander,mobilenet_v3_large,0024-8,1,brightness,2,0.8981,0.8874,0.8715,0.6483
handpd_meander,mobilenet_v3_large,0024-8,1,brightness,3,0.9631,0.9633,0.9617,0.7217
handpd_meander,mobilenet_v3_large,0024-8,1,brightness,4,0.6703,0.585,0.3541,0.4318
handpd_meander,mobilenet_v3_large,0024-8,1,brightness,5,0.6751,0.5668,0.3663,0.461
handpd_meander,mobilenet_v3_large,0024-8,1,shadow,1,0.9827,0.9743,0.9779,0.8181
handpd_meander,mobilenet_v3_large,0024-8,1,shadow,2,0.9569,0.9188,0.9179,0.7673
handpd_meander,mobilenet_v3_large,0024-8,1,shadow,3,0.9301,0.854,0.8459,0.7522
handpd_meander,mobilenet_v3_large,0024-8,1,shadow,4,0.907,0.8058,0.8009,0.7579
handpd_meander,mobilenet_v3_large,0024-8,1,shadow,5,0.8938,0.773,0.7724,0.7341
handpd_meander,mobilenet_v3_large,0024-8,1,perspective,1,0.8524,0.6949,0.7817,0.7344
handpd_meander,mobilenet_v3_large,0024-8,1,perspective,2,0.8124,0.5455,0.7224,0.7719
handpd_meander,mobilenet_v3_large,0024-8,1,perspective,3,0.8489,0.6611,0.6329,0.7306
handpd_meander,mobilenet_v3_large,0024-8,1,perspective,4,0.6828,0.4608,0.5752,0.4693
handpd_meander,mobilenet_v3_large,0024-8,1,perspective,5,0.5519,0.2453,0.3615,0.3556
handpd_meander,mobilenet_v3_large,0024-8,1,rotation,1,0.5077,0.4587,0.3179,0.3879
handpd_meander,mobilenet_v3_large,0024-8,1,rotation,2,0.3655,0.1448,0.356,0.2311
handpd_meander,mobilenet_v3_large,0024-8,1,rotation,3,0.6528,0.5477,0.3934,0.4861
handpd_meander,mobilenet_v3_large,0024-8,1,rotation,4,0.241,0.1278,0.3575,0.1575
handpd_meander,mobilenet_v3_large,0024-8,1,rotation,5,0.3969,0.2298,0.3114,0.2769
handpd_meander,mobilenet_v3_large,0181-8,1,jpeg_compression,1,0.999,0.9974,0.9963,0.9478
handpd_meander,mobilenet_v3_large,0181-8,1,jpeg_compression,2,0.9965,0.984,0.9841,0.9346
handpd_meander,mobilenet_v3_large,0181-8,1,jpeg_compression,3,0.9893,0.9718,0.958,0.8342
handpd_meander,mobilenet_v3_large,0181-8,1,jpeg_compression,4,0.9772,0.9284,0.8953,0.6799
handpd_meander,mobilenet_v3_large,0181-8,1,jpeg_compression,5,0.8381,0.5936,0.4797,0.5075
handpd_meander,mobilenet_v3_large,0181-8,1,gaussian_blur,1,0.9921,0.9689,0.9812,0.8771
handpd_meander,mobilenet_v3_large,0181-8,1,gaussian_blur,2,0.9635,0.9057,0.9213,0.7709
handpd_meander,mobilenet_v3_large,0181-8,1,gaussian_blur,3,0.9102,0.8378,0.8411,0.6009
handpd_meander,mobilenet_v3_large,0181-8,1,gaussian_blur,4,0.9006,0.8038,0.8167,0.5807
handpd_meander,mobilenet_v3_large,0181-8,1,gaussian_blur,5,0.8652,0.7672,0.7779,0.5373
handpd_meander,mobilenet_v3_large,0181-8,1,gaussian_noise,1,0.9984,0.9936,0.9955,0.9294
handpd_meander,mobilenet_v3_large,0181-8,1,gaussian_noise,2,0.9821,0.9619,0.9548,0.7869
handpd_meander,mobilenet_v3_large,0181-8,1,gaussian_noise,3,0.9535,0.909,0.9088,0.6962
handpd_meander,mobilenet_v3_large,0181-8,1,gaussian_noise,4,0.9591,0.8754,0.761,0.713
handpd_meander,mobilenet_v3_large,0181-8,1,gaussian_noise,5,0.9674,0.864,0.7266,0.6974
handpd_meander,mobilenet_v3_large,0181-8,1,contrast,1,0.9726,0.8704,0.8535,0.7095
handpd_meander,mobilenet_v3_large,0181-8,1,contrast,2,0.98,0.9244,0.9222,0.7247
handpd_meander,mobilenet_v3_large,0181-8,1,contrast,3,0.9903,0.9717,0.9628,0.8036
handpd_meander,mobilenet_v3_large,0181-8,1,contrast,4,0.9945,0.9802,0.9717,0.8382
handpd_meander,mobilenet_v3_large,0181-8,1,contrast,5,0.9829,0.9337,0.8897,0.7689
handpd_meander,mobilenet_v3_large,0181-8,1,brightness,1,0.9553,0.7981,0.8122,0.7294
handpd_meander,mobilenet_v3_large,0181-8,1,brightness,2,0.9693,0.8754,0.9389,0.7401
handpd_meander,mobilenet_v3_large,0181-8,1,brightness,3,0.985,0.9422,0.9729,0.7948
handpd_meander,mobilenet_v3_large,0181-8,1,brightness,4,0.9089,0.6463,0.4128,0.5517
handpd_meander,mobilenet_v3_large,0181-8,1,brightness,5,0.9136,0.6348,0.3991,0.5423
handpd_meander,mobilenet_v3_large,0181-8,1,shadow,1,0.9959,0.9864,0.9837,0.834
handpd_meander,mobilenet_v3_large,0181-8,1,shadow,2,0.9896,0.9627,0.9316,0.7785
handpd_meander,mobilenet_v3_large,0181-8,1,shadow,3,0.9815,0.9281,0.8606,0.732
handpd_meander,mobilenet_v3_large,0181-8,1,shadow,4,0.9753,0.9026,0.8047,0.7198
handpd_meander,mobilenet_v3_large,0181-8,1,shadow,5,0.9665,0.8634,0.7665,0.6987
handpd_meander,mobilenet_v3_large,0181-8,1,perspective,1,0.9199,0.8095,0.8694,0.6775
handpd_meander,mobilenet_v3_large,0181-8,1,perspective,2,0.8728,0.7499,0.7746,0.5532
handpd_meander,mobilenet_v3_large,0181-8,1,perspective,3,0.8967,0.5743,0.818,0.6171
handpd_meander,mobilenet_v3_large,0181-8,1,perspective,4,0.8742,0.5052,0.7097,0.5636
handpd_meander,mobilenet_v3_large,0181-8,1,perspective,5,0.6863,0.3959,0.5871,0.4011
handpd_meander,mobilenet_v3_large,0181-8,1,rotation,1,0.7765,0.538,0.5554,0.4127
handpd_meander,mobilenet_v3_large,0181-8,1,rotation,2,0.6519,0.2181,0.5093,0.3531
handpd_meander,mobilenet_v3_large,0181-8,1,rotation,3,0.8593,0.5235,0.6718,0.503
handpd_meander,mobilenet_v3_large,0181-8,1,rotation,4,0.7366,0.1813,0.4891,0.3938
handpd_meander,mobilenet_v3_large,0181-8,1,rotation,5,0.7806,0.4272,0.6157,0.4764
handpd_meander,mobilenet_v3_large,0138-7,1,jpeg_compression,1,0.9993,0.9397,0.9623,0.9388
handpd_meander,mobilenet_v3_large,0138-7,1,jpeg_compression,2,0.996,0.9014,0.9145,0.8873
handpd_meander,mobilenet_v3_large,0138-7,1,jpeg_compression,3,0.9856,0.9001,0.8636,0.8401
handpd_meander,mobilenet_v3_large,0138-7,1,jpeg_compression,4,0.9918,0.9218,0.9058,0.8498
handpd_meander,mobilenet_v3_large,0138-7,1,jpeg_compression,5,0.9722,0.7233,0.7819,0.6733
handpd_meander,mobilenet_v3_large,0138-7,1,gaussian_blur,1,0.9976,0.8971,0.9226,0.9116
handpd_meander,mobilenet_v3_large,0138-7,1,gaussian_blur,2,0.99,0.8669,0.8595,0.8125
handpd_meander,mobilenet_v3_large,0138-7,1,gaussian_blur,3,0.9615,0.829,0.7763,0.6757
handpd_meander,mobilenet_v3_large,0138-7,1,gaussian_blur,4,0.9256,0.7881,0.6844,0.6443
handpd_meander,mobilenet_v3_large,0138-7,1,gaussian_blur,5,0.8863,0.7611,0.6264,0.5927
handpd_meander,mobilenet_v3_large,0138-7,1,gaussian_noise,1,0.9995,0.9875,0.9897,0.9552
handpd_meander,mobilenet_v3_large,0138-7,1,gaussian_noise,2,0.9965,0.9163,0.9362,0.8433
handpd_meander,mobilenet_v3_large,0138-7,1,gaussian_noise,3,0.9897,0.9171,0.8892,0.8224
handpd_meander,mobilenet_v3_large,0138-7,1,gaussian_noise,4,0.987,0.7337,0.8047,0.7205
handpd_meander,mobilenet_v3_large,0138-7,1,gaussian_noise,5,0.9897,0.8464,0.8458,0.815
handpd_meander,mobilenet_v3_large,0138-7,1,contrast,1,0.9811,0.7831,0.7668,0.7192
handpd_meander,mobilenet_v3_large,0138-7,1,contrast,2,0.9901,0.8829,0.8849,0.8065
handpd_meander,mobilenet_v3_large,0138-7,1,contrast,3,0.9965,0.9439,0.9468,0.8813
handpd_meander,mobilenet_v3_large,0138-7,1,contrast,4,0.9982,0.9475,0.9631,0.8849
handpd_meander,mobilenet_v3_large,0138-7,1,contrast,5,0.9961,0.9459,0.9551,0.8785
handpd_meander,mobilenet_v3_large,0138-7,1,brightness,1,0.9574,0.7068,0.6847,0.6463
handpd_meander,mobilenet_v3_large,0138-7,1,brightness,2,0.9787,0.8147,0.7713,0.7705
handpd_meander,mobilenet_v3_large,0138-7,1,brightness,3,0.9938,0.8387,0.8765,0.8761
handpd_meander,mobilenet_v3_large,0138-7,1,brightness,4,0.9784,0.8436,0.8013,0.7439
handpd_meander,mobilenet_v3_large,0138-7,1,brightness,5,0.9727,0.7827,0.7677,0.6752
handpd_meander,mobilenet_v3_large,0138-7,1,shadow,1,0.9961,0.8376,0.8975,0.8921
handpd_meander,mobilenet_v3_large,0138-7,1,shadow,2,0.9916,0.7923,0.8417,0.8404
handpd_meander,mobilenet_v3_large,0138-7,1,shadow,3,0.9847,0.7577,0.7982,0.7934
handpd_meander,mobilenet_v3_large,0138-7,1,shadow,4,0.9801,0.744,0.7801,0.7521
handpd_meander,mobilenet_v3_large,0138-7,1,shadow,5,0.9795,0.7523,0.7855,0.7585
handpd_meander,mobilenet_v3_large,0138-7,1,perspective,1,0.9925,0.8518,0.8988,0.8739
handpd_meander,mobilenet_v3_large,0138-7,1,perspective,2,0.9772,0.574,0.7031,0.6452
handpd_meander,mobilenet_v3_large,0138-7,1,perspective,3,0.9758,0.7452,0.8202,0.7285
handpd_meander,mobilenet_v3_large,0138-7,1,perspective,4,0.9788,0.6713,0.7985,0.6961
handpd_meander,mobilenet_v3_large,0138-7,1,perspective,5,0.988,0.745,0.8068,0.7068
handpd_meander,mobilenet_v3_large,0138-7,1,rotation,1,0.9822,0.7615,0.8136,0.6867
handpd_meander,mobilenet_v3_large,0138-7,1,rotation,2,0.9745,0.6636,0.7412,0.6316
handpd_meander,mobilenet_v3_large,0138-7,1,rotation,3,0.9653,0.6136,0.7295,0.5897
handpd_meander,mobilenet_v3_large,0138-7,1,rotation,4,0.5718,0.3672,0.4381,0.3119
handpd_meander,mobilenet_v3_large,0138-7,1,rotation,5,0.9528,0.739,0.7465,0.5932
handpd_meander,mobilenet_v3_large,0038-5,1,jpeg_compression,1,0.9951,0.9928,0.97,0.8991
handpd_meander,mobilenet_v3_large,0038-5,1,jpeg_compression,2,0.9875,0.9826,0.9478,0.8535
handpd_meander,mobilenet_v3_large,0038-5,1,jpeg_compression,3,0.9811,0.9741,0.926,0.8053
handpd_meander,mobilenet_v3_large,0038-5,1,jpeg_compression,4,0.9767,0.9653,0.9033,0.8101
handpd_meander,mobilenet_v3_large,0038-5,1,jpeg_compression,5,0.8144,0.6306,0.5872,0.5295
handpd_meander,mobilenet_v3_large,0038-5,1,gaussian_blur,1,0.9911,0.9859,0.9501,0.8652
handpd_meander,mobilenet_v3_large,0038-5,1,gaussian_blur,2,0.9576,0.9536,0.8941,0.7545
handpd_meander,mobilenet_v3_large,0038-5,1,gaussian_blur,3,0.8961,0.889,0.8108,0.632
handpd_meander,mobilenet_v3_large,0038-5,1,gaussian_blur,4,0.8904,0.8763,0.7868,0.6629
handpd_meander,mobilenet_v3_large,0038-5,1,gaussian_blur,5,0.8574,0.8377,0.7328,0.6284
handpd_meander,mobilenet_v3_large,0038-5,1,gaussian_noise,1,0.9954,0.9918,0.9778,0.9348
handpd_meander,mobilenet_v3_large,0038-5,1,gaussian_noise,2,0.9875,0.9769,0.9453,0.8796
handpd_meander,mobilenet_v3_large,0038-5,1,gaussian_noise,3,0.9571,0.9337,0.8338,0.763
handpd_meander,mobilenet_v3_large,0038-5,1,gaussian_noise,4,0.9382,0.9361,0.852,0.6645
handpd_meander,mobilenet_v3_large,0038-5,1,gaussian_noise,5,0.9416,0.9212,0.8344,0.7214
handpd_meander,mobilenet_v3_large,0038-5,1,contrast,1,0.9571,0.9435,0.8195,0.8104
handpd_meander,mobilenet_v3_large,0038-5,1,contrast,2,0.9715,0.9716,0.9212,0.7857
handpd_meander,mobilenet_v3_large,0038-5,1,contrast,3,0.9878,0.9852,0.961,0.885
handpd_meander,mobilenet_v3_large,0038-5,1,contrast,4,0.969,0.9499,0.8825,0.7974
handpd_meander,mobilenet_v3_large,0038-5,1,contrast,5,0.9508,0.9178,0.8222,0.7408
handpd_meander,mobilenet_v3_large,0038-5,1,brightness,1,0.9605,0.9432,0.8447,0.7945
handpd_meander,mobilenet_v3_large,0038-5,1,brightness,2,0.9743,0.9663,0.8672,0.8881
handpd_meander,mobilenet_v3_large,0038-5,1,brightness,3,0.9848,0.9773,0.9156,0.8941
handpd_meander,mobilenet_v3_large,0038-5,1,brightness,4,0.8316,0.6575,0.5126,0.5905
handpd_meander,mobilenet_v3_large,0038-5,1,brightness,5,0.8303,0.6405,0.4868,0.5725
handpd_meander,mobilenet_v3_large,0038-5,1,shadow,1,0.9887,0.9839,0.9427,0.8542
handpd_meander,mobilenet_v3_large,0038-5,1,shadow,2,0.9762,0.961,0.9059,0.8515
handpd_meander,mobilenet_v3_large,0038-5,1,shadow,3,0.9608,0.9421,0.8648,0.8342
handpd_meander,mobilenet_v3_large,0038-5,1,shadow,4,0.9397,0.9146,0.8317,0.7719
handpd_meander,mobilenet_v3_large,0038-5,1,shadow,5,0.9153,0.8789,0.8167,0.7299
handpd_meander,mobilenet_v3_large,0038-5,1,perspective,1,0.9107,0.8781,0.8359,0.6532
handpd_meander,mobilenet_v3_large,0038-5,1,perspective,2,0.8429,0.7204,0.7025,0.4962
handpd_meander,mobilenet_v3_large,0038-5,1,perspective,3,0.8455,0.7436,0.73,0.4905
handpd_meander,mobilenet_v3_large,0038-5,1,perspective,4,0.8118,0.7018,0.6588,0.5121
handpd_meander,mobilenet_v3_large,0038-5,1,perspective,5,0.7846,0.6201,0.6315,0.5094
handpd_meander,mobilenet_v3_large,0038-5,1,rotation,1,0.7999,0.6889,0.59,0.5515
handpd_meander,mobilenet_v3_large,0038-5,1,rotation,2,0.7152,0.6336,0.5035,0.4127
handpd_meander,mobilenet_v3_large,0038-5,1,rotation,3,0.4637,0.3086,0.3864,0.2397
handpd_meander,mobilenet_v3_large,0038-5,1,rotation,4,0.5412,0.3179,0.3837,0.329
handpd_meander,mobilenet_v3_large,0038-5,1,rotation,5,0.599,0.2759,0.4534,0.4421
handpd_meander,mobilenet_v3_large,0003-6,1,jpeg_compression,1,0.999,0.9987,0.9909,0.9665
handpd_meander,mobilenet_v3_large,0003-6,1,jpeg_compression,2,0.9939,0.9935,0.9794,0.9189
handpd_meander,mobilenet_v3_large,0003-6,1,jpeg_compression,3,0.9956,0.9937,0.9777,0.9675
handpd_meander,mobilenet_v3_large,0003-6,1,jpeg_compression,4,0.9914,0.9907,0.9572,0.893
handpd_meander,mobilenet_v3_large,0003-6,1,jpeg_compression,5,0.8583,0.8327,0.656,0.5579
handpd_meander,mobilenet_v3_large,0003-6,1,gaussian_blur,1,0.997,0.9969,0.9804,0.9434
handpd_meander,mobilenet_v3_large,0003-6,1,gaussian_blur,2,0.9897,0.9913,0.9521,0.9044
handpd_meander,mobilenet_v3_large,0003-6,1,gaussian_blur,3,0.9717,0.9737,0.8989,0.8382
handpd_meander,mobilenet_v3_large,0003-6,1,gaussian_blur,4,0.9647,0.9702,0.8949,0.7934
handpd_meander,mobilenet_v3_large,0003-6,1,gaussian_blur,5,0.9628,0.9565,0.8687,0.7821
handpd_meander,mobilenet_v3_large,0003-6,1,gaussian_noise,1,0.9993,0.9988,0.9912,0.9752
handpd_meander,mobilenet_v3_large,0003-6,1,gaussian_noise,2,0.9941,0.9929,0.9808,0.9243
handpd_meander,mobilenet_v3_large,0003-6,1,gaussian_noise,3,0.9786,0.9782,0.9518,0.7848
handpd_meander,mobilenet_v3_large,0003-6,1,gaussian_noise,4,0.9684,0.9719,0.9125,0.7861
handpd_meander,mobilenet_v3_large,0003-6,1,gaussian_noise,5,0.9535,0.9461,0.881,0.7646
handpd_meander,mobilenet_v3_large,0003-6,1,contrast,1,0.9749,0.9756,0.9264,0.7487
handpd_meander,mobilenet_v3_large,0003-6,1,contrast,2,0.9834,0.9843,0.9536,0.8651
handpd_meander,mobilenet_v3_large,0003-6,1,contrast,3,0.9887,0.9907,0.9795,0.8879
handpd_meander,mobilenet_v3_large,0003-6,1,contrast,4,0.9845,0.9802,0.9314,0.8489
handpd_meander,mobilenet_v3_large,0003-6,1,contrast,5,0.9782,0.9718,0.9192,0.8127
handpd_meander,mobilenet_v3_large,0003-6,1,brightness,1,0.8965,0.9099,0.8268,0.6834
handpd_meander,mobilenet_v3_large,0003-6,1,brightness,2,0.926,0.9313,0.8606,0.7372
handpd_meander,mobilenet_v3_large,0003-6,1,brightness,3,0.96,0.9541,0.9117,0.8075
handpd_meander,mobilenet_v3_large,0003-6,1,brightness,4,0.8793,0.8798,0.6778,0.6227
handpd_meander,mobilenet_v3_large,0003-6,1,brightness,5,0.8778,0.8777,0.6867,0.6019
handpd_meander,mobilenet_v3_large,0003-6,1,shadow,1,0.9817,0.9777,0.9668,0.8672
handpd_meander,mobilenet_v3_large,0003-6,1,shadow,2,0.9637,0.9612,0.9303,0.7966
handpd_meander,mobilenet_v3_large,0003-6,1,shadow,3,0.9479,0.9472,0.8915,0.7419
handpd_meander,mobilenet_v3_large,0003-6,1,shadow,4,0.9406,0.9348,0.8468,0.7214
handpd_meander,mobilenet_v3_large,0003-6,1,shadow,5,0.9277,0.9147,0.815,0.702
handpd_meander,mobilenet_v3_large,0003-6,1,perspective,1,0.9058,0.876,0.7883,0.5666
handpd_meander,mobilenet_v3_large,0003-6,1,perspective,2,0.8104,0.7426,0.713,0.4669
handpd_meander,mobilenet_v3_large,0003-6,1,perspective,3,0.8006,0.7379,0.7021,0.4363
handpd_meander,mobilenet_v3_large,0003-6,1,perspective,4,0.7966,0.7147,0.6894,0.4598
handpd_meander,mobilenet_v3_large,0003-6,1,perspective,5,0.774,0.6804,0.6413,0.4338
handpd_meander,mobilenet_v3_large,0003-6,1,rotation,1,0.8208,0.7754,0.7253,0.4523
handpd_meander,mobilenet_v3_large,0003-6,1,rotation,2,0.852,0.8201,0.6593,0.5282
handpd_meander,mobilenet_v3_large,0003-6,1,rotation,3,0.6277,0.4635,0.5623,0.421
handpd_meander,mobilenet_v3_large,0003-6,1,rotation,4,0.7222,0.6861,0.5555,0.4065
handpd_meander,mobilenet_v3_large,0003-6,1,rotation,5,0.6438,0.4027,0.5125,0.4441
handpd_spiral,resnet50,0289-4,0,jpeg_compression,1,0.9837,0.9756,0.935,0.8008
handpd_spiral,resnet50,0289-4,0,jpeg_compression,2,0.4171,0.8193,0.6984,0.5664
handpd_spiral,resnet50,0289-4,0,jpeg_compression,3,0.4862,0.7732,0.6836,0.5027
handpd_spiral,resnet50,0289-4,0,jpeg_compression,4,0.9109,0.8141,0.718,0.6366
handpd_spiral,resnet50,0289-4,0,jpeg_compression,5,0.8184,0.7122,0.5916,0.6219
handpd_spiral,resnet50,0289-4,0,gaussian_blur,1,0.9674,0.9249,0.8279,0.7092
handpd_spiral,resnet50,0289-4,0,gaussian_blur,2,0.9457,0.8678,0.7507,0.693
handpd_spiral,resnet50,0289-4,0,gaussian_blur,3,0.877,0.8429,0.6807,0.608
handpd_spiral,resnet50,0289-4,0,gaussian_blur,4,0.8038,0.7551,0.6378,0.5402
handpd_spiral,resnet50,0289-4,0,gaussian_blur,5,0.7904,0.6165,0.5545,0.4497
handpd_spiral,resnet50,0289-4,0,gaussian_noise,1,0.9905,0.971,0.9353,0.8881
handpd_spiral,resnet50,0289-4,0,gaussian_noise,2,0.8932,0.8513,0.7299,0.6023
handpd_spiral,resnet50,0289-4,0,gaussian_noise,3,0.8803,0.8388,0.4801,0.6195
handpd_spiral,resnet50,0289-4,0,gaussian_noise,4,0.3572,0.553,0.4255,0.2872
handpd_spiral,resnet50,0289-4,0,gaussian_noise,5,0.4069,0.5258,0.4086,0.2227
handpd_spiral,resnet50,0289-4,0,contrast,1,0.6931,0.7468,0.749,0.5871
handpd_spiral,resnet50,0289-4,0,contrast,2,0.9805,0.857,0.8459,0.8346
handpd_spiral,resnet50,0289-4,0,contrast,3,0.9871,0.9474,0.9014,0.8703
handpd_spiral,resnet50,0289-4,0,contrast,4,0.831,0.797,0.6634,0.5064
handpd_spiral,resnet50,0289-4,0,contrast,5,0.6735,0.5664,0.5404,0.399
handpd_spiral,resnet50,0289-4,0,brightness,1,0.3911,0.6746,0.5653,0.2336
handpd_spiral,resnet50,0289-4,0,brightness,2,0.591,0.7276,0.631,0.3493
handpd_spiral,resnet50,0289-4,0,brightness,3,0.8269,0.8483,0.7718,0.5135
handpd_spiral,resnet50,0289-4,0,brightness,4,0.3698,0.4217,0.4659,0.3349
handpd_spiral,resnet50,0289-4,0,brightness,5,0.3328,0.1768,0.3549,0.1916
handpd_spiral,resnet50,0289-4,0,shadow,1,0.9353,0.9167,0.8325,0.6649
handpd_spiral,resnet50,0289-4,0,shadow,2,0.8427,0.8481,0.6603,0.5232
handpd_spiral,resnet50,0289-4,0,shadow,3,0.7017,0.7222,0.5097,0.3666
handpd_spiral,resnet50,0289-4,0,shadow,4,0.5868,0.5931,0.3983,0.3091
handpd_spiral,resnet50,0289-4,0,shadow,5,0.5095,0.5129,0.3866,0.23
handpd_spiral,resnet50,0289-4,0,perspective,1,0.5376,0.5158,0.5222,0.4398
handpd_spiral,resnet50,0289-4,0,perspective,2,0.3408,0.6453,0.5762,0.3621
handpd_spiral,resnet50,0289-4,0,perspective,3,0.55,0.7108,0.6664,0.4123
handpd_spiral,resnet50,0289-4,0,perspective,4,0.4206,0.6138,0.5723,0.3464
handpd_spiral,resnet50,0289-4,0,perspective,5,0.3466,0.6364,0.5589,0.3029
handpd_spiral,resnet50,0289-4,0,rotation,1,0.2788,0.299,0.4049,0.243
handpd_spiral,resnet50,0289-4,0,rotation,2,0.545,0.6267,0.5194,0.3546
handpd_spiral,resnet50,0289-4,0,rotation,3,0.1143,0.1696,0.2772,0.193
handpd_spiral,resnet50,0289-4,0,rotation,4,0.0526,0.4408,0.4681,0.1102
handpd_spiral,resnet50,0289-4,0,rotation,5,0.305,0.3721,0.4032,0.2312
handpd_spiral,resnet50,0104-2,0,jpeg_compression,1,0.9925,0.9811,0.9735,0.8968
handpd_spiral,resnet50,0104-2,0,jpeg_compression,2,0.9897,0.9365,0.9548,0.8499
handpd_spiral,resnet50,0104-2,0,jpeg_compression,3,0.9761,0.9363,0.8704,0.7899
handpd_spiral,resnet50,0104-2,0,jpeg_compression,4,0.9833,0.799,0.8535,0.7008
handpd_spiral,resnet50,0104-2,0,jpeg_compression,5,0.9296,0.6223,0.7183,0.5083
handpd_spiral,resnet50,0104-2,0,gaussian_blur,1,0.9993,0.9808,0.9782,0.8019
handpd_spiral,resnet50,0104-2,0,gaussian_blur,2,0.9961,0.8674,0.939,0.751
handpd_spiral,resnet50,0104-2,0,gaussian_blur,3,0.9226,0.8782,0.7868,0.7233
handpd_spiral,resnet50,0104-2,0,gaussian_blur,4,0.8462,0.9373,0.7077,0.6813
handpd_spiral,resnet50,0104-2,0,gaussian_blur,5,0.9636,0.9115,0.8155,0.6538
handpd_spiral,resnet50,0104-2,0,gaussian_noise,1,0.9994,0.9701,0.9867,0.9404
handpd_spiral,resnet50,0104-2,0,gaussian_noise,2,0.9856,0.9798,0.8758,0.9103
handpd_spiral,resnet50,0104-2,0,gaussian_noise,3,0.9801,0.9613,0.9284,0.8411
handpd_spiral,resnet50,0104-2,0,gaussian_noise,4,0.8785,0.8375,0.5756,0.6866
handpd_spiral,resnet50,0104-2,0,gaussian_noise,5,0.7492,0.7877,0.5365,0.5342
handpd_spiral,resnet50,0104-2,0,contrast,1,0.9931,0.8636,0.9451,0.8106
handpd_spiral,resnet50,0104-2,0,contrast,2,0.9977,0.9534,0.9722,0.8156
handpd_spiral,resnet50,0104-2,0,contrast,3,0.9982,0.9744,0.9846,0.8652
handpd_spiral,resnet50,0104-2,0,contrast,4,0.9926,0.987,0.9249,0.7942
handpd_spiral,resnet50,0104-2,0,contrast,5,0.9611,0.9671,0.8703,0.6237
handpd_spiral,resnet50,0104-2,0,brightness,1,0.0678,0.5632,0.5722,0.284
handpd_spiral,resnet50,0104-2,0,brightness,2,0.5958,0.8425,0.5624,0.5194
handpd_spiral,resnet50,0104-2,0,brightness,3,0.9479,0.9179,0.7378,0.5932
handpd_spiral,resnet50,0104-2,0,brightness,4,0.6208,0.5623,0.5919,0.4125
handpd_spiral,resnet50,0104-2,0,brightness,5,0.5494,0.5246,0.5557,0.3941
handpd_spiral,resnet50,0104-2,0,shadow,1,0.9822,0.972,0.8908,0.723
handpd_spiral,resnet50,0104-2,0,shadow,2,0.9788,0.9077,0.8614,0.5797
handpd_spiral,resnet50,0104-2,0,shadow,3,0.9898,0.7109,0.7986,0.5122
handpd_spiral,resnet50,0104-2,0,shadow,4,0.9756,0.6438,0.6992,0.3897
handpd_spiral,resnet50,0104-2,0,shadow,5,0.913,0.5897,0.605,0.285
handpd_spiral,resnet50,0104-2,0,perspective,1,0.9833,0.7034,0.8269,0.5161
handpd_spiral,resnet50,0104-2,0,perspective,2,0.6031,0.7847,0.5497,0.5121
handpd_spiral,resnet50,0104-2,0,perspective,3,0.6182,0.8198,0.5983,0.4853
handpd_spiral,resnet50,0104-2,0,perspective,4,0.6191,0.7922,0.5936,0.5013
handpd_spiral,resnet50,0104-2,0,perspective,5,0.7391,0.7695,0.645,0.5826
handpd_spiral,resnet50,0104-2,0,rotation,1,0.7404,0.7431,0.6655,0.4266
handpd_spiral,resnet50,0104-2,0,rotation,2,0.9015,0.8031,0.7725,0.5726
handpd_spiral,resnet50,0104-2,0,rotation,3,0.7185,0.5733,0.5675,0.4484
handpd_spiral,resnet50,0104-2,0,rotation,4,0.893,0.5817,0.7323,0.3089
handpd_spiral,resnet50,0104-2,0,rotation,5,0.3973,0.4754,0.5951,0.3128
handpd_spiral,resnet50,0287-3,0,jpeg_compression,1,0.9656,0.9535,0.8992,0.7461
handpd_spiral,resnet50,0287-3,0,jpeg_compression,2,0.9003,0.8436,0.8014,0.6721
handpd_spiral,resnet50,0287-3,0,jpeg_compression,3,0.7546,0.7039,0.7275,0.4906
handpd_spiral,resnet50,0287-3,0,jpeg_compression,4,0.473,0.4467,0.4434,0.3291
handpd_spiral,resnet50,0287-3,0,jpeg_compression,5,0.1907,0.0736,0.3341,0.2355
handpd_spiral,resnet50,0287-3,0,gaussian_blur,1,0.8946,0.8883,0.794,0.6416
handpd_spiral,resnet50,0287-3,0,gaussian_blur,2,0.7329,0.6977,0.6738,0.5047
handpd_spiral,resnet50,0287-3,0,gaussian_blur,3,0.3717,0.4484,0.5372,0.265
handpd_spiral,resnet50,0287-3,0,gaussian_blur,4,0.2602,0.4312,0.4965,0.2437
handpd_spiral,resnet50,0287-3,0,gaussian_blur,5,0.3231,0.3896,0.4732,0.2404
handpd_spiral,resnet50,0287-3,0,gaussian_noise,1,0.9874,0.9772,0.9382,0.8489
handpd_spiral,resnet50,0287-3,0,gaussian_noise,2,0.9162,0.9301,0.8639,0.6588
handpd_spiral,resnet50,0287-3,0,gaussian_noise,3,0.8824,0.8795,0.771,0.5576
handpd_spiral,resnet50,0287-3,0,gaussian_noise,4,0.6913,0.738,0.6937,0.3686
handpd_spiral,resnet50,0287-3,0,gaussian_noise,5,0.1477,0.4907,0.5304,0.2443
handpd_spiral,resnet50,0287-3,0,contrast,1,0.3998,0.6265,0.5812,0.4803
handpd_spiral,resnet50,0287-3,0,contrast,2,0.6924,0.6937,0.7279,0.5563
handpd_spiral,resnet50,0287-3,0,contrast,3,0.9383,0.9102,0.8721,0.7625
handpd_spiral,resnet50,0287-3,0,contrast,4,0.9166,0.9539,0.8426,0.5862
handpd_spiral,resnet50,0287-3,0,contrast,5,0.7492,0.8609,0.7208,0.3956
handpd_spiral,resnet50,0287-3,0,brightness,1,0.439,0.6049,0.4443,0.3883
handpd_spiral,resnet50,0287-3,0,brightness,2,0.4774,0.58,0.517,0.3482
handpd_spiral,resnet50,0287-3,0,brightness,3,0.6492,0.7514,0.6419,0.417
handpd_spiral,resnet50,0287-3,0,brightness,4,0.1428,0.3056,0.4443,0.2167
handpd_spiral,resnet50,0287-3,0,brightness,5,0.3646,0.3125,0.4217,0.2143
handpd_spiral,resnet50,0287-3,0,shadow,1,0.9376,0.9401,0.8448,0.6255
handpd_spiral,resnet50,0287-3,0,shadow,2,0.8876,0.9079,0.7395,0.5517
handpd_spiral,resnet50,0287-3,0,shadow,3,0.7989,0.8413,0.6569,0.4715
handpd_spiral,resnet50,0287-3,0,shadow,4,0.7826,0.8111,0.6258,0.4541
handpd_spiral,resnet50,0287-3,0,shadow,5,0.6806,0.711,0.5623,0.3819
handpd_spiral,resnet50,0287-3,0,perspective,1,0.6854,0.6435,0.637,0.4425
handpd_spiral,resnet50,0287-3,0,perspective,2,0.2234,0.3275,0.4995,0.1739
handpd_spiral,resnet50,0287-3,0,perspective,3,0.1527,0.1612,0.3805,0.1903
handpd_spiral,resnet50,0287-3,0,perspective,4,0.2572,0.2026,0.3498,0.2136
handpd_spiral,resnet50,0287-3,0,perspective,5,0.0862,0.2223,0.3814,0.1494
handpd_spiral,resnet50,0287-3,0,rotation,1,0.3979,0.4152,0.5594,0.2596
handpd_spiral,resnet50,0287-3,0,rotation,2,-0.0326,0.1555,0.3447,0.1246
handpd_spiral,resnet50,0287-3,0,rotation,3,0.2091,0.1208,0.3696,0.1882
handpd_spiral,resnet50,0287-3,0,rotation,4,0.3017,0.2395,0.4425,0.2707
handpd_spiral,resnet50,0287-3,0,rotation,5,0.0948,0.0953,0.3847,0.1419
handpd_spiral,resnet50,0104-1,0,jpeg_compression,1,0.9379,0.8727,0.9094,0.9361
handpd_spiral,resnet50,0104-1,0,jpeg_compression,2,0.9477,0.8246,0.8712,0.8327
handpd_spiral,resnet50,0104-1,0,jpeg_compression,3,0.859,0.7426,0.8361,0.8708
handpd_spiral,resnet50,0104-1,0,jpeg_compression,4,0.9723,0.7697,0.8916,0.8212
handpd_spiral,resnet50,0104-1,0,jpeg_compression,5,0.8593,0.6709,0.8231,0.6152
handpd_spiral,resnet50,0104-1,0,gaussian_blur,1,0.9607,0.9121,0.9221,0.927
handpd_spiral,resnet50,0104-1,0,gaussian_blur,2,0.9412,0.8718,0.8978,0.906
handpd_spiral,resnet50,0104-1,0,gaussian_blur,3,0.7251,0.7586,0.8075,0.7987
handpd_spiral,resnet50,0104-1,0,gaussian_blur,4,0.6064,0.7302,0.8015,0.6296
handpd_spiral,resnet50,0104-1,0,gaussian_blur,5,0.5851,0.7001,0.8003,0.5945
handpd_spiral,resnet50,0104-1,0,gaussian_noise,1,0.9991,0.9164,0.9752,0.9646
handpd_spiral,resnet50,0104-1,0,gaussian_noise,2,0.9352,0.8921,0.9212,0.8632
handpd_spiral,resnet50,0104-1,0,gaussian_noise,3,0.9003,0.7796,0.8598,0.692
handpd_spiral,resnet50,0104-1,0,gaussian_noise,4,0.8688,0.7146,0.8289,0.6888
handpd_spiral,resnet50,0104-1,0,gaussian_noise,5,0.5441,0.6561,0.5346,0.4971
handpd_spiral,resnet50,0104-1,0,contrast,1,0.9319,0.7806,0.9087,0.872
handpd_spiral,resnet50,0104-1,0,contrast,2,0.9328,0.8278,0.922,0.8886
handpd_spiral,resnet50,0104-1,0,contrast,3,0.9675,0.935,0.9626,0.9406
handpd_spiral,resnet50,0104-1,0,contrast,4,0.7869,0.753,0.726,0.6287
handpd_spiral,resnet50,0104-1,0,contrast,5,0.9288,0.6876,0.7258,0.6665
handpd_spiral,resnet50,0104-1,0,brightness,1,0.0295,0.3432,0.5563,0.2136
handpd_spiral,resnet50,0104-1,0,brightness,2,0.6349,0.6467,0.6067,0.5619
handpd_spiral,resnet50,0104-1,0,brightness,3,0.9748,0.8552,0.8822,0.7501
handpd_spiral,resnet50,0104-1,0,brightness,4,0.9322,0.6837,0.8206,0.5087
handpd_spiral,resnet50,0104-1,0,brightness,5,0.9284,0.6741,0.7677,0.481
handpd_spiral,resnet50,0104-1,0,shadow,1,0.9615,0.8851,0.9455,0.8367
handpd_spiral,resnet50,0104-1,0,shadow,2,0.9543,0.7851,0.8282,0.7158
handpd_spiral,resnet50,0104-1,0,shadow,3,0.9293,0.7322,0.7128,0.6928
handpd_spiral,resnet50,0104-1,0,shadow,4,0.8914,0.7,0.6362,0.6609
handpd_spiral,resnet50,0104-1,0,shadow,5,0.8048,0.7043,0.5764,0.5998
handpd_spiral,resnet50,0104-1,0,perspective,1,0.8943,0.7669,0.8092,0.7076
handpd_spiral,resnet50,0104-1,0,perspective,2,0.769,0.6074,0.6808,0.5356
handpd_spiral,resnet50,0104-1,0,perspective,3,0.7237,0.6063,0.6125,0.427
handpd_spiral,resnet50,0104-1,0,perspective,4,0.6468,0.6058,0.6241,0.4492
handpd_spiral,resnet50,0104-1,0,perspective,5,0.7554,0.5877,0.7026,0.4549
handpd_spiral,resnet50,0104-1,0,rotation,1,0.7301,0.6714,0.7397,0.4792
handpd_spiral,resnet50,0104-1,0,rotation,2,0.885,0.8097,0.8566,0.6226
handpd_spiral,resnet50,0104-1,0,rotation,3,0.5152,0.5042,0.6533,0.2647
handpd_spiral,resnet50,0104-1,0,rotation,4,0.373,0.7533,0.6452,0.3735
handpd_spiral,resnet50,0104-1,0,rotation,5,0.719,0.6387,0.7566,0.4688
handpd_spiral,resnet50,0127-2,0,jpeg_compression,1,0.999,0.84,0.9606,0.8982
handpd_spiral,resnet50,0127-2,0,jpeg_compression,2,0.5005,0.7408,0.8518,0.6467
handpd_spiral,resnet50,0127-2,0,jpeg_compression,3,0.9623,0.7985,0.905,0.7531
handpd_spiral,resnet50,0127-2,0,jpeg_compression,4,0.928,0.5554,0.8324,0.5453
handpd_spiral,resnet50,0127-2,0,jpeg_compression,5,0.294,0.5626,0.6916,0.5515
handpd_spiral,resnet50,0127-2,0,gaussian_blur,1,0.9976,0.9068,0.9785,0.9208
handpd_spiral,resnet50,0127-2,0,gaussian_blur,2,0.9972,0.9063,0.9691,0.8752
handpd_spiral,resnet50,0127-2,0,gaussian_blur,3,0.9923,0.9058,0.9591,0.8499
handpd_spiral,resnet50,0127-2,0,gaussian_blur,4,0.9928,0.854,0.9334,0.792
handpd_spiral,resnet50,0127-2,0,gaussian_blur,5,0.991,0.8539,0.9288,0.7995
handpd_spiral,resnet50,0127-2,0,gaussian_noise,1,0.9992,0.9485,0.9849,0.9779
handpd_spiral,resnet50,0127-2,0,gaussian_noise,2,0.9817,0.9652,0.9588,0.9363
handpd_spiral,resnet50,0127-2,0,gaussian_noise,3,0.9578,0.9214,0.8882,0.8484
handpd_spiral,resnet50,0127-2,0,gaussian_noise,4,0.8632,0.6858,0.6348,0.4758
handpd_spiral,resnet50,0127-2,0,gaussian_noise,5,0.319,0.5914,0.6369,0.4218
handpd_spiral,resnet50,0127-2,0,contrast,1,0.5533,0.7565,0.8618,0.6523
handpd_spiral,resnet50,0127-2,0,contrast,2,0.2978,0.7089,0.8086,0.6444
handpd_spiral,resnet50,0127-2,0,contrast,3,0.9039,0.7427,0.935,0.6798
handpd_spiral,resnet50,0127-2,0,contrast,4,0.9861,0.7783,0.8282,0.7484
handpd_spiral,resnet50,0127-2,0,contrast,5,0.9179,0.6015,0.6899,0.4868
handpd_spiral,resnet50,0127-2,0,brightness,1,0.404,0.6141,0.6932,0.6605
handpd_spiral,resnet50,0127-2,0,brightness,2,0.7405,0.6822,0.8499,0.8107
handpd_spiral,resnet50,0127-2,0,brightness,3,0.9344,0.6934,0.8632,0.7278
handpd_spiral,resnet50,0127-2,0,brightness,4,0.6031,0.7027,0.6229,0.4382
handpd_spiral,resnet50,0127-2,0,brightness,5,0.5966,0.7244,0.5798,0.5333
handpd_spiral,resnet50,0127-2,0,shadow,1,0.8829,0.7955,0.9198,0.6844
handpd_spiral,resnet50,0127-2,0,shadow,2,0.5875,0.6988,0.8247,0.5846
handpd_spiral,resnet50,0127-2,0,shadow,3,0.3637,0.645,0.7647,0.5457
handpd_spiral,resnet50,0127-2,0,shadow,4,0.4037,0.563,0.7392,0.5715
handpd_spiral,resnet50,0127-2,0,shadow,5,0.408,0.5747,0.6405,0.5417
handpd_spiral,resnet50,0127-2,0,perspective,1,0.7633,0.6392,0.7476,0.6124
handpd_spiral,resnet50,0127-2,0,perspective,2,0.5769,0.5842,0.6365,0.5171
handpd_spiral,resnet50,0127-2,0,perspective,3,0.4868,0.4587,0.7774,0.4718
handpd_spiral,resnet50,0127-2,0,perspective,4,0.4434,0.4726,0.7169,0.3832
handpd_spiral,resnet50,0127-2,0,perspective,5,0.3556,0.4141,0.6404,0.3531
handpd_spiral,resnet50,0127-2,0,rotation,1,0.3685,0.6434,0.6431,0.3647
handpd_spiral,resnet50,0127-2,0,rotation,2,0.5117,0.3588,0.7216,0.4027
handpd_spiral,resnet50,0127-2,0,rotation,3,0.2586,0.3962,0.6884,0.3272
handpd_spiral,resnet50,0127-2,0,rotation,4,0.1573,0.5095,0.6783,0.3398
handpd_spiral,resnet50,0127-2,0,rotation,5,0.4362,0.3665,0.5956,0.2792
handpd_spiral,resnet50,0054-4,1,jpeg_compression,1,0.9992,0.9951,0.9924,0.9421
handpd_spiral,resnet50,0054-4,1,jpeg_compression,2,0.995,0.9573,0.9464,0.8322
handpd_spiral,resnet50,0054-4,1,jpeg_compression,3,0.974,0.9507,0.8291,0.7714
handpd_spiral,resnet50,0054-4,1,jpeg_compression,4,0.5938,0.9317,0.6513,0.7845
handpd_spiral,resnet50,0054-4,1,jpeg_compression,5,0.9717,0.7824,0.8011,0.6191
handpd_spiral,resnet50,0054-4,1,gaussian_blur,1,0.9983,0.9919,0.977,0.938
handpd_spiral,resnet50,0054-4,1,gaussian_blur,2,0.9966,0.9779,0.956,0.9138
handpd_spiral,resnet50,0054-4,1,gaussian_blur,3,0.9934,0.9559,0.9382,0.89
handpd_spiral,resnet50,0054-4,1,gaussian_blur,4,0.987,0.9286,0.9006,0.8826
handpd_spiral,resnet50,0054-4,1,gaussian_blur,5,0.9826,0.8782,0.8674,0.8539
handpd_spiral,resnet50,0054-4,1,gaussian_noise,1,0.9983,0.9923,0.9856,0.914
handpd_spiral,resnet50,0054-4,1,gaussian_noise,2,0.9837,0.9107,0.7811,0.7445
handpd_spiral,resnet50,0054-4,1,gaussian_noise,3,0.9745,0.7591,0.5738,0.6757
handpd_spiral,resnet50,0054-4,1,gaussian_noise,4,0.9573,0.6814,0.5665,0.5004
handpd_spiral,resnet50,0054-4,1,gaussian_noise,5,0.9616,0.6796,0.635,0.5348
handpd_spiral,resnet50,0054-4,1,contrast,1,0.9804,0.8994,0.8436,0.77
handpd_spiral,resnet50,0054-4,1,contrast,2,0.992,0.9575,0.9374,0.8505
handpd_spiral,resnet50,0054-4,1,contrast,3,0.9983,0.9824,0.9768,0.9569
handpd_spiral,resnet50,0054-4,1,contrast,4,0.986,0.9025,0.89,0.8039
handpd_spiral,resnet50,0054-4,1,contrast,5,0.971,0.7727,0.8176,0.7188
handpd_spiral,resnet50,0054-4,1,brightness,1,0.6601,0.7645,0.4026,0.4154
handpd_spiral,resnet50,0054-4,1,brightness,2,0.9849,0.8843,0.8655,0.6192
handpd_spiral,resnet50,0054-4,1,brightness,3,0.9953,0.9667,0.9508,0.8211
handpd_spiral,resnet50,0054-4,1,brightness,4,0.826,0.6716,0.3777,0.3977
handpd_spiral,resnet50,0054-4,1,brightness,5,0.7277,0.6172,0.3216,0.3419
handpd_spiral,resnet50,0054-4,1,shadow,1,0.998,0.9842,0.9778,0.8428
handpd_spiral,resnet50,0054-4,1,shadow,2,0.9885,0.9251,0.8996,0.7627
handpd_spiral,resnet50,0054-4,1,shadow,3,0.9583,0.7995,0.6829,0.6509
handpd_spiral,resnet50,0054-4,1,shadow,4,0.9428,0.7107,0.5988,0.5797
handpd_spiral,resnet50,0054-4,1,shadow,5,0.9349,0.7466,0.6206,0.5742
handpd_spiral,resnet50,0054-4,1,perspective,1,0.5555,0.8365,0.5505,0.5838
handpd_spiral,resnet50,0054-4,1,perspective,2,0.4647,0.867,0.5991,0.6123
handpd_spiral,resnet50,0054-4,1,perspective,3,0.3742,0.8043,0.5429,0.4608
handpd_spiral,resnet50,0054-4,1,perspective,4,0.4193,0.8251,0.5481,0.5392
handpd_spiral,resnet50,0054-4,1,perspective,5,0.4745,0.613,0.4431,0.4447
handpd_spiral,resnet50,0054-4,1,rotation,1,0.4729,0.6941,0.5025,0.5649
handpd_spiral,resnet50,0054-4,1,rotation,2,0.1388,0.6035,0.5012,0.4415
handpd_spiral,resnet50,0054-4,1,rotation,3,0.6155,0.6722,0.4905,0.539
handpd_spiral,resnet50,0054-4,1,rotation,4,0.3506,0.519,0.4131,0.4173
handpd_spiral,resnet50,0054-4,1,rotation,5,0.6441,0.5821,0.4625,0.3825
handpd_spiral,resnet50,0218-4,1,jpeg_compression,1,0.982,0.9819,0.9582,0.8354
handpd_spiral,resnet50,0218-4,1,jpeg_compression,2,0.972,0.9687,0.915,0.7568
handpd_spiral,resnet50,0218-4,1,jpeg_compression,3,0.7827,0.9162,0.8039,0.6322
handpd_spiral,resnet50,0218-4,1,jpeg_compression,4,0.8702,0.9066,0.8095,0.6255
handpd_spiral,resnet50,0218-4,1,jpeg_compression,5,0.81,0.8374,0.6766,0.4868
handpd_spiral,resnet50,0218-4,1,gaussian_blur,1,0.9845,0.9806,0.9373,0.8592
handpd_spiral,resnet50,0218-4,1,gaussian_blur,2,0.9667,0.9518,0.907,0.7741
handpd_spiral,resnet50,0218-4,1,gaussian_blur,3,0.9124,0.8598,0.8056,0.625
handpd_spiral,resnet50,0218-4,1,gaussian_blur,4,0.8679,0.8614,0.7762,0.612
handpd_spiral,resnet50,0218-4,1,gaussian_blur,5,0.8598,0.8143,0.7497,0.5049
handpd_spiral,resnet50,0218-4,1,gaussian_noise,1,0.9879,0.9946,0.9626,0.8334
handpd_spiral,resnet50,0218-4,1,gaussian_noise,2,0.9161,0.9039,0.8321,0.7963
handpd_spiral,resnet50,0218-4,1,gaussian_noise,3,0.9397,0.8705,0.771,0.8474
handpd_spiral,resnet50,0218-4,1,gaussian_noise,4,0.8771,0.7078,0.5193,0.62
handpd_spiral,resnet50,0218-4,1,gaussian_noise,5,0.8979,0.7163,0.5818,0.6538
handpd_spiral,resnet50,0218-4,1,contrast,1,0.9632,0.8638,0.7967,0.7344
handpd_spiral,resnet50,0218-4,1,contrast,2,0.9821,0.9512,0.8788,0.8156
handpd_spiral,resnet50,0218-4,1,contrast,3,0.9871,0.9705,0.8905,0.859
handpd_spiral,resnet50,0218-4,1,contrast,4,0.9659,0.9341,0.8519,0.7071
handpd_spiral,resnet50,0218-4,1,contrast,5,0.9375,0.914,0.8227,0.6361
handpd_spiral,resnet50,0218-4,1,brightness,1,0.84,0.8322,0.7383,0.5896
handpd_spiral,resnet50,0218-4,1,brightness,2,0.9478,0.918,0.8273,0.6921
handpd_spiral,resnet50,0218-4,1,brightness,3,0.9725,0.9748,0.888,0.796
handpd_spiral,resnet50,0218-4,1,brightness,4,0.2855,0.6752,0.5907,0.2923
handpd_spiral,resnet50,0218-4,1,brightness,5,0.2356,0.5915,0.5529,0.2644
handpd_spiral,resnet50,0218-4,1,shadow,1,0.978,0.9838,0.9235,0.7711
handpd_spiral,resnet50,0218-4,1,shadow,2,0.9598,0.9584,0.8606,0.775
handpd_spiral,resnet50,0218-4,1,shadow,3,0.9051,0.8589,0.7231,0.6124
handpd_spiral,resnet50,0218-4,1,shadow,4,0.7786,0.7263,0.5367,0.5073
handpd_spiral,resnet50,0218-4,1,shadow,5,0.677,0.5889,0.4534,0.4075
handpd_spiral,resnet50,0218-4,1,perspective,1,0.6826,0.7692,0.7,0.4049
handpd_spiral,resnet50,0218-4,1,perspective,2,0.5368,0.7967,0.614,0.2684
handpd_spiral,resnet50,0218-4,1,perspective,3,0.4772,0.7218,0.5733,0.29
handpd_spiral,resnet50,0218-4,1,perspective,4,0.6147,0.8198,0.6587,0.3487
handpd_spiral,resnet50,0218-4,1,perspective,5,0.487,0.7859,0.572,0.2788
handpd_spiral,resnet50,0218-4,1,rotation,1,0.6274,0.741,0.5855,0.4761
handpd_spiral,resnet50,0218-4,1,rotation,2,0.3208,0.8385,0.6314,0.3442
handpd_spiral,resnet50,0218-4,1,rotation,3,0.6243,0.7372,0.6288,0.4704
handpd_spiral,resnet50,0218-4,1,rotation,4,0.2403,0.7526,0.5732,0.2984
handpd_spiral,resnet50,0218-4,1,rotation,5,0.543,0.3998,0.5289,0.3447
handpd_spiral,resnet50,0196-3,1,jpeg_compression,1,0.9956,0.9408,0.9581,0.8342
handpd_spiral,resnet50,0196-3,1,jpeg_compression,2,0.919,0.7866,0.7421,0.6019
handpd_spiral,resnet50,0196-3,1,jpeg_compression,3,0.1778,0.7273,0.5929,0.4466
handpd_spiral,resnet50,0196-3,1,jpeg_compression,4,0.4811,0.6253,0.5658,0.4583
handpd_spiral,resnet50,0196-3,1,jpeg_compression,5,0.8308,0.5532,0.5546,0.4726
handpd_spiral,resnet50,0196-3,1,gaussian_blur,1,0.9986,0.9256,0.9529,0.8377
handpd_spiral,resnet50,0196-3,1,gaussian_blur,2,0.8437,0.8565,0.6735,0.7591
handpd_spiral,resnet50,0196-3,1,gaussian_blur,3,0.5949,0.8169,0.5218,0.5932
handpd_spiral,resnet50,0196-3,1,gaussian_blur,4,0.4016,0.7761,0.5131,0.5228
handpd_spiral,resnet50,0196-3,1,gaussian_blur,5,0.1411,0.634,0.4838,0.4464
handpd_spiral,resnet50,0196-3,1,gaussian_noise,1,0.9829,0.9385,0.9527,0.8092
handpd_spiral,resnet50,0196-3,1,gaussian_noise,2,0.8211,0.8302,0.5901,0.6314
handpd_spiral,resnet50,0196-3,1,gaussian_noise,3,0.9931,0.7967,0.8518,0.7317
handpd_spiral,resnet50,0196-3,1,gaussian_noise,4,0.4558,0.729,0.4231,0.5349
handpd_spiral,resnet50,0196-3,1,gaussian_noise,5,0.9803,0.6917,0.7578,0.6002
handpd_spiral,resnet50,0196-3,1,contrast,1,0.9961,0.8621,0.9341,0.7351
handpd_spiral,resnet50,0196-3,1,contrast,2,0.9977,0.8922,0.9422,0.7591
handpd_spiral,resnet50,0196-3,1,contrast,3,0.9981,0.9191,0.9672,0.8359
handpd_spiral,resnet50,0196-3,1,contrast,4,0.9043,0.8373,0.7653,0.8309
handpd_spiral,resnet50,0196-3,1,contrast,5,0.1612,0.5193,0.5011,0.5438
handpd_spiral,resnet50,0196-3,1,brightness,1,0.0786,0.5892,0.4861,0.2935
handpd_spiral,resnet50,0196-3,1,brightness,2,0.2244,0.7279,0.5215,0.5042
handpd_spiral,resnet50,0196-3,1,brightness,3,0.7131,0.794,0.4829,0.6693
handpd_spiral,resnet50,0196-3,1,brightness,4,0.8936,0.6143,0.608,0.658
handpd_spiral,resnet50,0196-3,1,brightness,5,0.8797,0.5973,0.5837,0.6486
handpd_spiral,resnet50,0196-3,1,shadow,1,0.9967,0.8674,0.9394,0.8508
handpd_spiral,resnet50,0196-3,1,shadow,2,0.9827,0.7468,0.7433,0.615
handpd_spiral,resnet50,0196-3,1,shadow,3,0.9521,0.7278,0.6089,0.4931
handpd_spiral,resnet50,0196-3,1,shadow,4,0.9083,0.7024,0.5516,0.4034
handpd_spiral,resnet50,0196-3,1,shadow,5,0.8913,0.6912,0.4977,0.3555
handpd_spiral,resnet50,0196-3,1,perspective,1,0.4067,0.6876,0.4791,0.5435
handpd_spiral,resnet50,0196-3,1,perspective,2,0.4587,0.71,0.4158,0.5202
handpd_spiral,resnet50,0196-3,1,perspective,3,0.5536,0.6537,0.4533,0.4984
handpd_spiral,resnet50,0196-3,1,perspective,4,0.5225,0.664,0.4476,0.3861
handpd_spiral,resnet50,0196-3,1,perspective,5,0.6767,0.5892,0.5,0.4247
handpd_spiral,resnet50,0196-3,1,rotation,1,0.6255,0.7782,0.6354,0.4723
handpd_spiral,resnet50,0196-3,1,rotation,2,0.4073,0.6767,0.6244,0.405
handpd_spiral,resnet50,0196-3,1,rotation,3,0.7081,0.6794,0.6361,0.2984
handpd_spiral,resnet50,0196-3,1,rotation,4,0.6144,0.7775,0.5418,0.5443
handpd_spiral,resnet50,0196-3,1,rotation,5,0.8057,0.6614,0.5694,0.4651
handpd_spiral,resnet50,0149-1,1,jpeg_compression,1,0.954,0.9533,0.9727,0.7854
handpd_spiral,resnet50,0149-1,1,jpeg_compression,2,0.9452,0.9686,0.9172,0.7323
handpd_spiral,resnet50,0149-1,1,jpeg_compression,3,0.9637,0.9674,0.9454,0.6833
handpd_spiral,resnet50,0149-1,1,jpeg_compression,4,0.9377,0.9564,0.8869,0.6668
handpd_spiral,resnet50,0149-1,1,jpeg_compression,5,0.7793,0.8274,0.76,0.3939
handpd_spiral,resnet50,0149-1,1,gaussian_blur,1,0.9678,0.9781,0.9655,0.7414
handpd_spiral,resnet50,0149-1,1,gaussian_blur,2,0.844,0.889,0.8089,0.4929
handpd_spiral,resnet50,0149-1,1,gaussian_blur,3,0.627,0.7276,0.4819,0.3927
handpd_spiral,resnet50,0149-1,1,gaussian_blur,4,0.5387,0.6286,0.3718,0.3736
handpd_spiral,resnet50,0149-1,1,gaussian_blur,5,0.6108,0.6,0.4933,0.3594
handpd_spiral,resnet50,0149-1,1,gaussian_noise,1,0.9911,0.9933,0.9864,0.8262
handpd_spiral,resnet50,0149-1,1,gaussian_noise,2,0.9538,0.9522,0.9648,0.7029
handpd_spiral,resnet50,0149-1,1,gaussian_noise,3,0.9611,0.9644,0.9592,0.7154
handpd_spiral,resnet50,0149-1,1,gaussian_noise,4,0.8318,0.8853,0.7657,0.466
handpd_spiral,resnet50,0149-1,1,gaussian_noise,5,0.8709,0.8776,0.8575,0.4189
handpd_spiral,resnet50,0149-1,1,contrast,1,0.7369,0.907,0.5627,0.5756
handpd_spiral,resnet50,0149-1,1,contrast,2,0.8391,0.9455,0.6869,0.6801
handpd_spiral,resnet50,0149-1,1,contrast,3,0.9671,0.9797,0.9432,0.7653
handpd_spiral,resnet50,0149-1,1,contrast,4,0.9361,0.9378,0.9375,0.7027
handpd_spiral,resnet50,0149-1,1,contrast,5,0.9277,0.9256,0.8941,0.6185
handpd_spiral,resnet50,0149-1,1,brightness,1,0.7787,0.7796,0.7704,0.4432
handpd_spiral,resnet50,0149-1,1,brightness,2,0.8666,0.8683,0.8587,0.6564
handpd_spiral,resnet50,0149-1,1,brightness,3,0.8903,0.8953,0.8942,0.6635
handpd_spiral,resnet50,0149-1,1,brightness,4,0.7857,0.7803,0.8175,0.5245
handpd_spiral,resnet50,0149-1,1,brightness,5,0.7742,0.7661,0.8106,0.5088
handpd_spiral,resnet50,0149-1,1,shadow,1,0.9384,0.9376,0.963,0.7647
handpd_spiral,resnet50,0149-1,1,shadow,2,0.9382,0.9393,0.9406,0.6788
handpd_spiral,resnet50,0149-1,1,shadow,3,0.949,0.9499,0.9306,0.614
handpd_spiral,resnet50,0149-1,1,shadow,4,0.9262,0.9234,0.907,0.4874
handpd_spiral,resnet50,0149-1,1,shadow,5,0.9193,0.9138,0.906,0.4889
handpd_spiral,resnet50,0149-1,1,perspective,1,0.8414,0.8307,0.8399,0.608
handpd_spiral,resnet50,0149-1,1,perspective,2,0.8326,0.8239,0.8268,0.5861
handpd_spiral,resnet50,0149-1,1,perspective,3,0.7103,0.7533,0.6562,0.3713
handpd_spiral,resnet50,0149-1,1,perspective,4,0.6585,0.7031,0.6203,0.3322
handpd_spiral,resnet50,0149-1,1,perspective,5,0.5412,0.5309,0.5734,0.3254
handpd_spiral,resnet50,0149-1,1,rotation,1,0.6848,0.6648,0.6296,0.4998
handpd_spiral,resnet50,0149-1,1,rotation,2,0.5192,0.5049,0.6185,0.3671
handpd_spiral,resnet50,0149-1,1,rotation,3,0.3002,0.3389,0.3769,0.2377
handpd_spiral,resnet50,0149-1,1,rotation,4,0.463,0.4652,0.5034,0.2547
handpd_spiral,resnet50,0149-1,1,rotation,5,0.1758,0.2374,0.3416,0.1793
handpd_spiral,resnet50,0003-2,1,jpeg_compression,1,0.9957,0.9953,0.9917,0.9298
handpd_spiral,resnet50,0003-2,1,jpeg_compression,2,0.9741,0.9641,0.966,0.8602
handpd_spiral,resnet50,0003-2,1,jpeg_compression,3,0.9392,0.9441,0.9358,0.7759
handpd_spiral,resnet50,0003-2,1,jpeg_compression,4,0.9184,0.9032,0.9263,0.8015
handpd_spiral,resnet50,0003-2,1,jpeg_compression,5,0.8662,0.8152,0.814,0.6984
handpd_spiral,resnet50,0003-2,1,gaussian_blur,1,0.9882,0.9915,0.9894,0.833
handpd_spiral,resnet50,0003-2,1,gaussian_blur,2,0.9737,0.9768,0.9743,0.7655
handpd_spiral,resnet50,0003-2,1,gaussian_blur,3,0.9453,0.9443,0.9443,0.6712
handpd_spiral,resnet50,0003-2,1,gaussian_blur,4,0.948,0.9444,0.932,0.6984
handpd_spiral,resnet50,0003-2,1,gaussian_blur,5,0.9391,0.9287,0.9162,0.6973
handpd_spiral,resnet50,0003-2,1,gaussian_noise,1,0.9964,0.996,0.995,0.965
handpd_spiral,resnet50,0003-2,1,gaussian_noise,2,0.9852,0.9747,0.962,0.9015
handpd_spiral,resnet50,0003-2,1,gaussian_noise,3,0.9373,0.9401,0.9341,0.7778
handpd_spiral,resnet50,0003-2,1,gaussian_noise,4,0.8938,0.8927,0.9057,0.6683
handpd_spiral,resnet50,0003-2,1,gaussian_noise,5,0.8902,0.9134,0.9172,0.6854
handpd_spiral,resnet50,0003-2,1,contrast,1,0.9581,0.9788,0.9435,0.7611
handpd_spiral,resnet50,0003-2,1,contrast,2,0.9856,0.9906,0.9793,0.8732
handpd_spiral,resnet50,0003-2,1,contrast,3,0.9936,0.9963,0.9909,0.9164
handpd_spiral,resnet50,0003-2,1,contrast,4,0.9763,0.9764,0.9466,0.8668
handpd_spiral,resnet50,0003-2,1,contrast,5,0.9562,0.9699,0.936,0.7816
handpd_spiral,resnet50,0003-2,1,brightness,1,0.9154,0.8941,0.8575,0.7538
handpd_spiral,resnet50,0003-2,1,brightness,2,0.9572,0.9589,0.9226,0.8165
handpd_spiral,resnet50,0003-2,1,brightness,3,0.9775,0.9736,0.9671,0.875
handpd_spiral,resnet50,0003-2,1,brightness,4,0.7684,0.7606,0.7947,0.5178
handpd_spiral,resnet50,0003-2,1,brightness,5,0.7486,0.7508,0.7705,0.4939
handpd_spiral,resnet50,0003-2,1,shadow,1,0.9769,0.9858,0.9741,0.8413
handpd_spiral,resnet50,0003-2,1,shadow,2,0.9774,0.9778,0.972,0.8703
handpd_spiral,resnet50,0003-2,1,shadow,3,0.9715,0.9627,0.9532,0.8442
handpd_spiral,resnet50,0003-2,1,shadow,4,0.9651,0.9557,0.9421,0.854
handpd_spiral,resnet50,0003-2,1,shadow,5,0.9474,0.9398,0.9343,0.8196
handpd_spiral,resnet50,0003-2,1,perspective,1,0.9465,0.9072,0.9069,0.8411
handpd_spiral,resnet50,0003-2,1,perspective,2,0.9296,0.8814,0.8881,0.8339
handpd_spiral,resnet50,0003-2,1,perspective,3,0.9204,0.8777,0.8656,0.7775
handpd_spiral,resnet50,0003-2,1,perspective,4,0.9314,0.8972,0.8706,0.8394
handpd_spiral,resnet50,0003-2,1,perspective,5,0.8674,0.8188,0.7506,0.7072
handpd_spiral,resnet50,0003-2,1,rotation,1,0.8469,0.7976,0.8395,0.6057
handpd_spiral,resnet50,0003-2,1,rotation,2,0.8138,0.8008,0.7251,0.5725
handpd_spiral,resnet50,0003-2,1,rotation,3,0.764,0.6651,0.7458,0.5039
handpd_spiral,resnet50,0003-2,1,rotation,4,0.5494,0.5524,0.7324,0.4842
handpd_spiral,resnet50,0003-2,1,rotation,5,0.7768,0.6573,0.7619,0.6066
handpd_spiral,vgg16,0289-4,0,jpeg_compression,1,0.9963,0.9903,0.9708,0.8785
handpd_spiral,vgg16,0289-4,0,jpeg_compression,2,0.9911,0.9533,0.91,0.8364
handpd_spiral,vgg16,0289-4,0,jpeg_compression,3,0.9857,0.9757,0.9341,0.8452
handpd_spiral,vgg16,0289-4,0,jpeg_compression,4,0.9636,0.9436,0.866,0.7857
handpd_spiral,vgg16,0289-4,0,jpeg_compression,5,0.6787,0.6182,0.5017,0.3923
handpd_spiral,vgg16,0289-4,0,gaussian_blur,1,0.9967,0.9929,0.9793,0.8515
handpd_spiral,vgg16,0289-4,0,gaussian_blur,2,0.9786,0.9308,0.882,0.8016
handpd_spiral,vgg16,0289-4,0,gaussian_blur,3,0.9043,0.8026,0.7862,0.5757
handpd_spiral,vgg16,0289-4,0,gaussian_blur,4,0.8189,0.6686,0.7198,0.4851
handpd_spiral,vgg16,0289-4,0,gaussian_blur,5,0.75,0.5463,0.6657,0.4545
handpd_spiral,vgg16,0289-4,0,gaussian_noise,1,0.9961,0.9972,0.9882,0.8418
handpd_spiral,vgg16,0289-4,0,gaussian_noise,2,0.9675,0.9445,0.8968,0.7528
handpd_spiral,vgg16,0289-4,0,gaussian_noise,3,0.8726,0.775,0.7316,0.6584
handpd_spiral,vgg16,0289-4,0,gaussian_noise,4,0.9538,0.8643,0.7629,0.6981
handpd_spiral,vgg16,0289-4,0,gaussian_noise,5,0.932,0.739,0.6674,0.6991
handpd_spiral,vgg16,0289-4,0,contrast,1,0.8986,0.81,0.5932,0.6679
handpd_spiral,vgg16,0289-4,0,contrast,2,0.9543,0.9427,0.8093,0.7098
handpd_spiral,vgg16,0289-4,0,contrast,3,0.9876,0.9766,0.9344,0.8029
handpd_spiral,vgg16,0289-4,0,contrast,4,0.9011,0.937,0.8139,0.6915
handpd_spiral,vgg16,0289-4,0,contrast,5,0.7317,0.887,0.7492,0.5747
handpd_spiral,vgg16,0289-4,0,brightness,1,0.8419,0.7603,0.6875,0.612
handpd_spiral,vgg16,0289-4,0,brightness,2,0.896,0.7819,0.7422,0.6631
handpd_spiral,vgg16,0289-4,0,brightness,3,0.9125,0.7991,0.7516,0.6994
handpd_spiral,vgg16,0289-4,0,brightness,4,0.4128,0.3009,0.4323,0.3179
handpd_spiral,vgg16,0289-4,0,brightness,5,0.465,0.2937,0.415,0.3272
handpd_spiral,vgg16,0289-4,0,shadow,1,0.9503,0.8986,0.8528,0.7317
handpd_spiral,vgg16,0289-4,0,shadow,2,0.9287,0.813,0.8106,0.7104
handpd_spiral,vgg16,0289-4,0,shadow,3,0.9203,0.7949,0.7801,0.6523
handpd_spiral,vgg16,0289-4,0,shadow,4,0.8962,0.765,0.7299,0.6038
handpd_spiral,vgg16,0289-4,0,shadow,5,0.8787,0.7416,0.6982,0.5922
handpd_spiral,vgg16,0289-4,0,perspective,1,0.4793,0.7427,0.5159,0.4842
handpd_spiral,vgg16,0289-4,0,perspective,2,0.4637,0.6866,0.4478,0.4212
handpd_spiral,vgg16,0289-4,0,perspective,3,0.4679,0.6794,0.4504,0.3595
handpd_spiral,vgg16,0289-4,0,perspective,4,0.3632,0.554,0.3569,0.3802
handpd_spiral,vgg16,0289-4,0,perspective,5,0.2244,0.3261,0.3524,0.2905
handpd_spiral,vgg16,0289-4,0,rotation,1,0.7864,0.7256,0.7095,0.5265
handpd_spiral,vgg16,0289-4,0,rotation,2,0.3025,0.45,0.5548,0.3719
handpd_spiral,vgg16,0289-4,0,rotation,3,0.493,0.603,0.5577,0.3944
handpd_spiral,vgg16,0289-4,0,rotation,4,0.33,0.5566,0.5267,0.419
handpd_spiral,vgg16,0289-4,0,rotation,5,0.2495,0.4894,0.5363,0.3367
handpd_spiral,vgg16,0104-2,0,jpeg_compression,1,0.9666,0.9999,0.9766,1.0
handpd_spiral,vgg16,0104-2,0,jpeg_compression,2,0.9392,0.7804,0.9633,0.9723
handpd_spiral,vgg16,0104-2,0,jpeg_compression,3,0.9392,0.7804,0.9633,0.9723
handpd_spiral,vgg16,0104-2,0,jpeg_compression,4,0.806,0.4761,0.7202,0.1947
handpd_spiral,vgg16,0104-2,0,jpeg_compression,5,-0.0877,-0.1931,0.6601,0.0
handpd_spiral,vgg16,0104-2,0,gaussian_blur,1,0.9864,0.7104,0.9329,0.4203
handpd_spiral,vgg16,0104-2,0,gaussian_blur,2,0.9587,0.6991,0.9217,0.4203
handpd_spiral,vgg16,0104-2,0,gaussian_blur,3,0.8808,0.6812,0.911,0.4203
handpd_spiral,vgg16,0104-2,0,gaussian_blur,4,0.8185,0.6683,0.8957,0.4203
handpd_spiral,vgg16,0104-2,0,gaussian_blur,5,0.8798,0.6798,0.9086,0.4203
handpd_spiral,vgg16,0104-2,0,gaussian_noise,1,0.9683,0.9999,0.9777,1.0
handpd_spiral,vgg16,0104-2,0,gaussian_noise,2,0.7957,0.4385,0.8787,0.4203
handpd_spiral,vgg16,0104-2,0,gaussian_noise,3,-0.0482,-0.0856,0.8402,0.4203
handpd_spiral,vgg16,0104-2,0,gaussian_noise,4,-0.0482,-0.0856,0.8402,0.4203
handpd_spiral,vgg16,0104-2,0,gaussian_noise,5,,,0.9276,0.9418
handpd_spiral,vgg16,0104-2,0,contrast,1,,,0.9276,0.9418
handpd_spiral,vgg16,0104-2,0,contrast,2,,,0.9276,0.9418
handpd_spiral,vgg16,0104-2,0,contrast,3,0.9392,0.7804,0.9633,0.9723
handpd_spiral,vgg16,0104-2,0,contrast,4,0.9983,0.7252,0.9964,0.4203
handpd_spiral,vgg16,0104-2,0,contrast,5,0.9929,1.0,0.9948,1.0
handpd_spiral,vgg16,0104-2,0,brightness,1,,,0.9276,0.9418
handpd_spiral,vgg16,0104-2,0,brightness,2,-0.0482,-0.0856,0.8402,0.4203
handpd_spiral,vgg16,0104-2,0,brightness,3,-0.0482,-0.0856,0.8402,0.4203
handpd_spiral,vgg16,0104-2,0,brightness,4,0.3462,0.4024,0.716,0.2242
handpd_spiral,vgg16,0104-2,0,brightness,5,0.313,0.4116,0.7349,0.1946
handpd_spiral,vgg16,0104-2,0,shadow,1,-0.0482,-0.0856,0.8402,0.4203
handpd_spiral,vgg16,0104-2,0,shadow,2,-0.0482,-0.0856,0.8402,0.4203
handpd_spiral,vgg16,0104-2,0,shadow,3,-0.0482,-0.0856,0.8402,0.4203
handpd_spiral,vgg16,0104-2,0,shadow,4,,,0.9276,0.9418
handpd_spiral,vgg16,0104-2,0,shadow,5,,,0.9276,0.9418
handpd_spiral,vgg16,0104-2,0,perspective,1,0.8907,0.4066,0.8773,0.281
handpd_spiral,vgg16,0104-2,0,perspective,2,0.6888,0.427,0.7105,0.2495
handpd_spiral,vgg16,0104-2,0,perspective,3,0.708,0.4093,0.6373,0.2715
handpd_spiral,vgg16,0104-2,0,perspective,4,0.6996,0.3774,0.5109,0.3122
handpd_spiral,vgg16,0104-2,0,perspective,5,0.7481,0.3951,0.5004,0.3137
handpd_spiral,vgg16,0104-2,0,rotation,1,0.8983,0.5286,0.8376,0.2119
handpd_spiral,vgg16,0104-2,0,rotation,2,0.8467,0.4036,0.8559,0.281
handpd_spiral,vgg16,0104-2,0,rotation,3,-0.0466,-0.1169,0.8139,0.1667
handpd_spiral,vgg16,0104-2,0,rotation,4,0.9392,0.7804,0.9633,0.9723
handpd_spiral,vgg16,0104-2,0,rotation,5,0.2265,0.3845,0.7226,0.4329
handpd_spiral,vgg16,0287-3,0,jpeg_compression,1,0.9963,0.9844,0.9621,0.9419
handpd_spiral,vgg16,0287-3,0,jpeg_compression,2,0.9922,0.9831,0.9459,0.8785
handpd_spiral,vgg16,0287-3,0,jpeg_compression,3,0.9734,0.9138,0.8328,0.7953
handpd_spiral,vgg16,0287-3,0,jpeg_compression,4,0.9679,0.94,0.844,0.7886
handpd_spiral,vgg16,0287-3,0,jpeg_compression,5,0.6197,0.5258,0.5328,0.3111
handpd_spiral,vgg16,0287-3,0,gaussian_blur,1,0.9895,0.9793,0.9365,0.9096
handpd_spiral,vgg16,0287-3,0,gaussian_blur,2,0.9723,0.9629,0.8659,0.827
handpd_spiral,vgg16,0287-3,0,gaussian_blur,3,0.9354,0.8846,0.7262,0.7235
handpd_spiral,vgg16,0287-3,0,gaussian_blur,4,0.9102,0.8269,0.6927,0.6825
handpd_spiral,vgg16,0287-3,0,gaussian_blur,5,0.8693,0.7859,0.6724,0.6285
handpd_spiral,vgg16,0287-3,0,gaussian_noise,1,0.9988,0.9975,0.9876,0.9671
handpd_spiral,vgg16,0287-3,0,gaussian_noise,2,0.9834,0.9566,0.9113,0.8482
handpd_spiral,vgg16,0287-3,0,gaussian_noise,3,0.9687,0.8085,0.7565,0.8119
handpd_spiral,vgg16,0287-3,0,gaussian_noise,4,0.9186,0.7537,0.7173,0.7046
handpd_spiral,vgg16,0287-3,0,gaussian_noise,5,0.9025,0.7511,0.7211,0.6349
handpd_spiral,vgg16,0287-3,0,contrast,1,0.9213,0.728,0.6884,0.6678
handpd_spiral,vgg16,0287-3,0,contrast,2,0.9644,0.879,0.8232,0.7802
handpd_spiral,vgg16,0287-3,0,contrast,3,0.989,0.9746,0.931,0.8566
handpd_spiral,vgg16,0287-3,0,contrast,4,0.9625,0.9265,0.8528,0.7987
handpd_spiral,vgg16,0287-3,0,contrast,5,0.9417,0.8716,0.7763,0.7541
handpd_spiral,vgg16,0287-3,0,brightness,1,0.795,0.5913,0.5609,0.6239
handpd_spiral,vgg16,0287-3,0,brightness,2,0.8381,0.6614,0.6188,0.6809
handpd_spiral,vgg16,0287-3,0,brightness,3,0.9189,0.7526,0.7161,0.7744
handpd_spiral,vgg16,0287-3,0,brightness,4,0.1876,0.4349,0.3953,0.115
handpd_spiral,vgg16,0287-3,0,brightness,5,0.0909,0.4032,0.3801,0.0747
handpd_spiral,vgg16,0287-3,0,shadow,1,0.9439,0.8533,0.7843,0.7908
handpd_spiral,vgg16,0287-3,0,shadow,2,0.9106,0.6976,0.6883,0.7646
handpd_spiral,vgg16,0287-3,0,shadow,3,0.8778,0.6421,0.6271,0.7186
handpd_spiral,vgg16,0287-3,0,shadow,4,0.8544,0.6014,0.5901,0.6864
handpd_spiral,vgg16,0287-3,0,shadow,5,0.836,0.5652,0.5667,0.6669
handpd_spiral,vgg16,0287-3,0,perspective,1,0.6099,0.701,0.5372,0.5368
handpd_spiral,vgg16,0287-3,0,perspective,2,0.5924,0.6785,0.509,0.4837
handpd_spiral,vgg16,0287-3,0,perspective,3,0.6065,0.7102,0.5296,0.4295
handpd_spiral,vgg16,0287-3,0,perspective,4,0.4793,0.5699,0.4913,0.3932
handpd_spiral,vgg16,0287-3,0,perspective,5,0.4612,0.5385,0.4459,0.4156
handpd_spiral,vgg16,0287-3,0,rotation,1,0.9428,0.7279,0.705,0.772
handpd_spiral,vgg16,0287-3,0,rotation,2,0.5672,0.6431,0.5898,0.5027
handpd_spiral,vgg16,0287-3,0,rotation,3,0.7948,0.5843,0.5675,0.6044
handpd_spiral,vgg16,0287-3,0,rotation,4,0.5196,0.5025,0.4794,0.4981
handpd_spiral,vgg16,0287-3,0,rotation,5,0.5803,0.3963,0.4741,0.4166
handpd_spiral,vgg16,0104-1,0,jpeg_compression,1,0.9948,0.9259,0.9617,0.8566
handpd_spiral,vgg16,0104-1,0,jpeg_compression,2,0.9707,0.7952,0.8434,0.7574
handpd_spiral,vgg16,0104-1,0,jpeg_compression,3,0.9274,0.7885,0.8325,0.6366
handpd_spiral,vgg16,0104-1,0,jpeg_compression,4,0.8363,0.6695,0.7027,0.5428
handpd_spiral,vgg16,0104-1,0,jpeg_compression,5,0.8688,0.7117,0.6483,0.6873
handpd_spiral,vgg16,0104-1,0,gaussian_blur,1,0.9912,0.9318,0.9631,0.9311
handpd_spiral,vgg16,0104-1,0,gaussian_blur,2,0.9806,0.934,0.958,0.9484
handpd_spiral,vgg16,0104-1,0,gaussian_blur,3,0.9769,0.9144,0.9519,0.8026
handpd_spiral,vgg16,0104-1,0,gaussian_blur,4,0.9764,0.9145,0.9508,0.8026
handpd_spiral,vgg16,0104-1,0,gaussian_blur,5,0.9724,0.9634,0.9472,0.8097
handpd_spiral,vgg16,0104-1,0,gaussian_noise,1,0.9993,0.9234,0.9838,0.9455
handpd_spiral,vgg16,0104-1,0,gaussian_noise,2,,,0.7548,0.1015
handpd_spiral,vgg16,0104-1,0,gaussian_noise,3,,,0.7548,0.1015
handpd_spiral,vgg16,0104-1,0,gaussian_noise,4,0.8515,0.6998,0.8498,0.4595
handpd_spiral,vgg16,0104-1,0,gaussian_noise,5,,,0.7548,0.1015
handpd_spiral,vgg16,0104-1,0,contrast,1,,,0.7548,0.1015
handpd_spiral,vgg16,0104-1,0,contrast,2,,,0.7548,0.1015
handpd_spiral,vgg16,0104-1,0,contrast,3,0.6817,0.5642,0.8174,0.322
handpd_spiral,vgg16,0104-1,0,contrast,4,0.9904,0.8024,0.9283,0.7969
handpd_spiral,vgg16,0104-1,0,contrast,5,0.9777,0.7536,0.872,0.7635
handpd_spiral,vgg16,0104-1,0,brightness,1,0.9298,0.7987,0.8993,0.5876
handpd_spiral,vgg16,0104-1,0,brightness,2,0.9077,0.7983,0.8928,0.5876
handpd_spiral,vgg16,0104-1,0,brightness,3,0.9195,0.7985,0.898,0.5876
handpd_spiral,vgg16,0104-1,0,brightness,4,0.0359,0.0181,0.5134,0.1735
handpd_spiral,vgg16,0104-1,0,brightness,5,0.0357,-0.0045,0.5142,0.1735
handpd_spiral,vgg16,0104-1,0,shadow,1,0.9343,0.9113,0.9022,0.8026
handpd_spiral,vgg16,0104-1,0,shadow,2,0.8878,0.7982,0.8623,0.5876
handpd_spiral,vgg16,0104-1,0,shadow,3,0.8803,0.7979,0.8539,0.5876
handpd_spiral,vgg16,0104-1,0,shadow,4,0.7508,0.6987,0.8138,0.4595
handpd_spiral,vgg16,0104-1,0,shadow,5,0.8925,0.7969,0.8568,0.5876
handpd_spiral,vgg16,0104-1,0,perspective,1,0.9012,0.8155,0.836,0.8211
handpd_spiral,vgg16,0104-1,0,perspective,2,0.8527,0.6933,0.7151,0.6046
handpd_spiral,vgg16,0104-1,0,perspective,3,0.8275,0.6652,0.5801,0.6106
handpd_spiral,vgg16,0104-1,0,perspective,4,0.7272,0.6061,0.5331,0.5145
handpd_spiral,vgg16,0104-1,0,perspective,5,0.6451,0.5988,0.5282,0.4793
handpd_spiral,vgg16,0104-1,0,rotation,1,0.8058,0.6154,0.76,0.5411
handpd_spiral,vgg16,0104-1,0,rotation,2,0.8585,0.6967,0.8479,0.6614
handpd_spiral,vgg16,0104-1,0,rotation,3,0.8685,0.6617,0.8089,0.5193
handpd_spiral,vgg16,0104-1,0,rotation,4,0.5381,0.565,0.8,0.3865
handpd_spiral,vgg16,0104-1,0,rotation,5,0.8295,0.6595,0.758,0.4487
handpd_spiral,vgg16,0127-2,0,jpeg_compression,1,0.9986,0.9969,0.9901,0.9211
handpd_spiral,vgg16,0127-2,0,jpeg_compression,2,0.996,0.9376,0.9577,0.9087
handpd_spiral,vgg16,0127-2,0,jpeg_compression,3,0.993,0.892,0.8763,0.8503
handpd_spiral,vgg16,0127-2,0,jpeg_compression,4,0.9753,0.7756,0.8045,0.6833
handpd_spiral,vgg16,0127-2,0,jpeg_compression,5,0.7696,0.3032,0.5207,0.244
handpd_spiral,vgg16,0127-2,0,gaussian_blur,1,0.9963,0.9105,0.9315,0.868
handpd_spiral,vgg16,0127-2,0,gaussian_blur,2,0.9921,0.8644,0.8862,0.8236
handpd_spiral,vgg16,0127-2,0,gaussian_blur,3,0.9776,0.7673,0.8209,0.6781
handpd_spiral,vgg16,0127-2,0,gaussian_blur,4,0.9707,0.7624,0.7892,0.6365
handpd_spiral,vgg16,0127-2,0,gaussian_blur,5,0.9683,0.7513,0.7888,0.6174
handpd_spiral,vgg16,0127-2,0,gaussian_noise,1,0.9961,0.9625,0.9559,0.8875
handpd_spiral,vgg16,0127-2,0,gaussian_noise,2,0.9858,0.8688,0.9111,0.7739
handpd_spiral,vgg16,0127-2,0,gaussian_noise,3,0.9691,0.8401,0.8637,0.7053
handpd_spiral,vgg16,0127-2,0,gaussian_noise,4,0.9471,0.6212,0.7268,0.477
handpd_spiral,vgg16,0127-2,0,gaussian_noise,5,0.9348,0.4444,0.6374,0.306
handpd_spiral,vgg16,0127-2,0,contrast,1,0.9793,0.9159,0.8677,0.6432
handpd_spiral,vgg16,0127-2,0,contrast,2,0.9878,0.8377,0.8836,0.7574
handpd_spiral,vgg16,0127-2,0,contrast,3,0.9965,0.8647,0.916,0.8952
handpd_spiral,vgg16,0127-2,0,contrast,4,0.9749,0.8324,0.817,0.6202
handpd_spiral,vgg16,0127-2,0,contrast,5,0.9507,0.7574,0.7386,0.4996
handpd_spiral,vgg16,0127-2,0,brightness,1,0.9178,0.5452,0.7109,0.4892
handpd_spiral,vgg16,0127-2,0,brightness,2,0.9268,0.5818,0.7361,0.4981
handpd_spiral,vgg16,0127-2,0,brightness,3,0.9562,0.7337,0.8125,0.5905
handpd_spiral,vgg16,0127-2,0,brightness,4,0.9102,0.207,0.5177,0.3779
handpd_spiral,vgg16,0127-2,0,brightness,5,0.9023,0.1646,0.5227,0.3716
handpd_spiral,vgg16,0127-2,0,shadow,1,0.9842,0.8471,0.8676,0.787
handpd_spiral,vgg16,0127-2,0,shadow,2,0.962,0.8266,0.8241,0.6693
handpd_spiral,vgg16,0127-2,0,shadow,3,0.9369,0.7127,0.7845,0.6071
handpd_spiral,vgg16,0127-2,0,shadow,4,0.9402,0.7373,0.802,0.6091
handpd_spiral,vgg16,0127-2,0,shadow,5,0.9395,0.7315,0.8039,0.6091
handpd_spiral,vgg16,0127-2,0,perspective,1,0.7564,0.6906,0.6955,0.642
handpd_spiral,vgg16,0127-2,0,perspective,2,0.4101,0.641,0.5297,0.5493
handpd_spiral,vgg16,0127-2,0,perspective,3,0.6078,0.4573,0.4826,0.4117
handpd_spiral,vgg16,0127-2,0,perspective,4,0.2391,0.3829,0.4545,0.301
handpd_spiral,vgg16,0127-2,0,perspective,5,0.254,0.4645,0.4585,0.3034
handpd_spiral,vgg16,0127-2,0,rotation,1,0.9146,0.6969,0.7342,0.4878
handpd_spiral,vgg16,0127-2,0,rotation,2,0.2899,0.4421,0.5823,0.3445
handpd_spiral,vgg16,0127-2,0,rotation,3,0.6211,0.5408,0.6203,0.2747
handpd_spiral,vgg16,0127-2,0,rotation,4,0.1711,0.3923,0.6052,0.2376
handpd_spiral,vgg16,0127-2,0,rotation,5,0.0228,0.1748,0.5245,0.1557
handpd_spiral,vgg16,0054-4,1,jpeg_compression,1,0.9993,0.997,0.9933,0.9655
handpd_spiral,vgg16,0054-4,1,jpeg_compression,2,0.9925,0.9715,0.9654,0.8145
handpd_spiral,vgg16,0054-4,1,jpeg_compression,3,0.9906,0.9726,0.933,0.8663
handpd_spiral,vgg16,0054-4,1,jpeg_compression,4,0.9853,0.9328,0.9195,0.7992
handpd_spiral,vgg16,0054-4,1,jpeg_compression,5,0.9151,0.6272,0.7092,0.6406
handpd_spiral,vgg16,0054-4,1,gaussian_blur,1,0.9969,0.9919,0.9852,0.897
handpd_spiral,vgg16,0054-4,1,gaussian_blur,2,0.9874,0.9764,0.9565,0.8222
handpd_spiral,vgg16,0054-4,1,gaussian_blur,3,0.9628,0.9498,0.9023,0.7282
handpd_spiral,vgg16,0054-4,1,gaussian_blur,4,0.9404,0.9142,0.8546,0.6419
handpd_spiral,vgg16,0054-4,1,gaussian_blur,5,0.9122,0.891,0.816,0.562
handpd_spiral,vgg16,0054-4,1,gaussian_noise,1,0.9992,0.9954,0.9916,0.9561
handpd_spiral,vgg16,0054-4,1,gaussian_noise,2,0.9862,0.9081,0.8478,0.7966
handpd_spiral,vgg16,0054-4,1,gaussian_noise,3,0.9838,0.889,0.7508,0.7489
handpd_spiral,vgg16,0054-4,1,gaussian_noise,4,0.956,0.8584,0.6176,0.6988
handpd_spiral,vgg16,0054-4,1,gaussian_noise,5,0.9193,0.6488,0.491,0.5044
handpd_spiral,vgg16,0054-4,1,contrast,1,0.9413,0.7917,0.7879,0.6369
handpd_spiral,vgg16,0054-4,1,contrast,2,0.9862,0.9544,0.9238,0.8002
handpd_spiral,vgg16,0054-4,1,contrast,3,0.9954,0.9856,0.9772,0.8856
handpd_spiral,vgg16,0054-4,1,contrast,4,0.9786,0.9693,0.9023,0.7342
handpd_spiral,vgg16,0054-4,1,contrast,5,0.9333,0.9348,0.7979,0.623
handpd_spiral,vgg16,0054-4,1,brightness,1,0.8903,0.6544,0.7365,0.5049
handpd_spiral,vgg16,0054-4,1,brightness,2,0.9022,0.6544,0.7615,0.5424
handpd_spiral,vgg16,0054-4,1,brightness,3,0.9439,0.8188,0.8479,0.6028
handpd_spiral,vgg16,0054-4,1,brightness,4,0.9265,0.6692,0.7022,0.6182
handpd_spiral,vgg16,0054-4,1,brightness,5,0.933,0.6785,0.6944,0.6176
handpd_spiral,vgg16,0054-4,1,shadow,1,0.9803,0.924,0.9226,0.7129
handpd_spiral,vgg16,0054-4,1,shadow,2,0.9485,0.7841,0.8449,0.6197
handpd_spiral,vgg16,0054-4,1,shadow,3,0.9266,0.6959,0.7959,0.5709
handpd_spiral,vgg16,0054-4,1,shadow,4,0.9255,0.6828,0.7915,0.5631
handpd_spiral,vgg16,0054-4,1,shadow,5,0.9184,0.6696,0.7755,0.5428
handpd_spiral,vgg16,0054-4,1,perspective,1,0.3705,0.6503,0.5111,0.2492
handpd_spiral,vgg16,0054-4,1,perspective,2,0.2659,0.5252,0.4103,0.1771
handpd_spiral,vgg16,0054-4,1,perspective,3,0.5384,0.5908,0.5008,0.2611
handpd_spiral,vgg16,0054-4,1,perspective,4,0.2576,0.4901,0.502,0.1331
handpd_spiral,vgg16,0054-4,1,perspective,5,0.1389,0.443,0.4677,0.0863
handpd_spiral,vgg16,0054-4,1,rotation,1,0.8264,0.684,0.7517,0.4731
handpd_spiral,vgg16,0054-4,1,rotation,2,0.315,0.5567,0.4232,0.2446
handpd_spiral,vgg16,0054-4,1,rotation,3,0.5544,0.3996,0.6175,0.229
handpd_spiral,vgg16,0054-4,1,rotation,4,0.0887,0.3823,0.5184,0.1852
handpd_spiral,vgg16,0054-4,1,rotation,5,0.2396,0.2803,0.5118,0.1505
handpd_spiral,vgg16,0218-4,1,jpeg_compression,1,0.9993,0.9968,0.9931,0.958
handpd_spiral,vgg16,0218-4,1,jpeg_compression,2,0.9966,0.9904,0.9697,0.887
handpd_spiral,vgg16,0218-4,1,jpeg_compression,3,0.978,0.9815,0.9428,0.8216
handpd_spiral,vgg16,0218-4,1,jpeg_compression,4,0.9548,0.9535,0.9335,0.5294
handpd_spiral,vgg16,0218-4,1,jpeg_compression,5,0.7137,0.5104,0.6136,0.2682
handpd_spiral,vgg16,0218-4,1,gaussian_blur,1,0.9963,0.9873,0.9707,0.9045
handpd_spiral,vgg16,0218-4,1,gaussian_blur,2,0.9878,0.9661,0.9298,0.8381
handpd_spiral,vgg16,0218-4,1,gaussian_blur,3,0.969,0.8779,0.8232,0.7095
handpd_spiral,vgg16,0218-4,1,gaussian_blur,4,0.951,0.8339,0.7812,0.657
handpd_spiral,vgg16,0218-4,1,gaussian_blur,5,0.9235,0.7316,0.713,0.566
handpd_spiral,vgg16,0218-4,1,gaussian_noise,1,0.9988,0.9979,0.9922,0.9531
handpd_spiral,vgg16,0218-4,1,gaussian_noise,2,0.9892,0.9788,0.9359,0.8245
handpd_spiral,vgg16,0218-4,1,gaussian_noise,3,0.9767,0.9364,0.785,0.7982
handpd_spiral,vgg16,0218-4,1,gaussian_noise,4,0.9073,0.859,0.6731,0.5424
handpd_spiral,vgg16,0218-4,1,gaussian_noise,5,0.8671,0.6703,0.5841,0.398
handpd_spiral,vgg16,0218-4,1,contrast,1,0.9055,0.7863,0.7422,0.5681
handpd_spiral,vgg16,0218-4,1,contrast,2,0.9613,0.9382,0.8772,0.7006
handpd_spiral,vgg16,0218-4,1,contrast,3,0.9865,0.9751,0.9444,0.8302
handpd_spiral,vgg16,0218-4,1,contrast,4,0.9709,0.9594,0.922,0.7513
handpd_spiral,vgg16,0218-4,1,contrast,5,0.954,0.9276,0.8979,0.6732
handpd_spiral,vgg16,0218-4,1,brightness,1,0.7902,0.5877,0.7218,0.4325
handpd_spiral,vgg16,0218-4,1,brightness,2,0.8469,0.7278,0.7806,0.434
handpd_spiral,vgg16,0218-4,1,brightness,3,0.9582,0.9324,0.8974,0.6242
handpd_spiral,vgg16,0218-4,1,brightness,4,0.7434,0.446,0.509,0.4313
handpd_spiral,vgg16,0218-4,1,brightness,5,0.703,0.4294,0.504,0.401
handpd_spiral,vgg16,0218-4,1,shadow,1,0.9776,0.9478,0.9244,0.7335
handpd_spiral,vgg16,0218-4,1,shadow,2,0.9348,0.8021,0.8408,0.6466
handpd_spiral,vgg16,0218-4,1,shadow,3,0.8923,0.7482,0.7863,0.5025
handpd_spiral,vgg16,0218-4,1,shadow,4,0.8432,0.5317,0.7018,0.5046
handpd_spiral,vgg16,0218-4,1,shadow,5,0.8372,0.483,0.6886,0.5063
handpd_spiral,vgg16,0218-4,1,perspective,1,0.5731,0.7996,0.599,0.4509
handpd_spiral,vgg16,0218-4,1,perspective,2,0.6972,0.7426,0.5494,0.425
handpd_spiral,vgg16,0218-4,1,perspective,3,0.5667,0.7073,0.5942,0.3749
handpd_spiral,vgg16,0218-4,1,perspective,4,0.4563,0.6471,0.535,0.4018
handpd_spiral,vgg16,0218-4,1,perspective,5,0.3395,0.5359,0.4774,0.3727
handpd_spiral,vgg16,0218-4,1,rotation,1,0.8181,0.7214,0.6918,0.5105
handpd_spiral,vgg16,0218-4,1,rotation,2,0.399,0.6434,0.5952,0.4578
handpd_spiral,vgg16,0218-4,1,rotation,3,0.3358,0.3887,0.5491,0.3661
handpd_spiral,vgg16,0218-4,1,rotation,4,0.378,0.6391,0.5848,0.3494
handpd_spiral,vgg16,0218-4,1,rotation,5,0.1398,0.197,0.4466,0.2552
handpd_spiral,vgg16,0196-3,1,jpeg_compression,1,0.9977,0.9893,0.9797,0.9112
handpd_spiral,vgg16,0196-3,1,jpeg_compression,2,0.994,0.973,0.9514,0.8696
handpd_spiral,vgg16,0196-3,1,jpeg_compression,3,0.987,0.9512,0.9358,0.8091
handpd_spiral,vgg16,0196-3,1,jpeg_compression,4,0.9853,0.913,0.8387,0.785
handpd_spiral,vgg16,0196-3,1,jpeg_compression,5,0.7199,0.3019,0.5317,0.2254
handpd_spiral,vgg16,0196-3,1,gaussian_blur,1,0.9952,0.9757,0.9572,0.89
handpd_spiral,vgg16,0196-3,1,gaussian_blur,2,0.9827,0.937,0.904,0.7867
handpd_spiral,vgg16,0196-3,1,gaussian_blur,3,0.9587,0.8996,0.8544,0.7167
handpd_spiral,vgg16,0196-3,1,gaussian_blur,4,0.9029,0.8039,0.7965,0.6326
handpd_spiral,vgg16,0196-3,1,gaussian_blur,5,0.8312,0.7336,0.7065,0.5686
handpd_spiral,vgg16,0196-3,1,gaussian_noise,1,0.9983,0.9862,0.9828,0.9423
handpd_spiral,vgg16,0196-3,1,gaussian_noise,2,0.9801,0.9172,0.8793,0.7521
handpd_spiral,vgg16,0196-3,1,gaussian_noise,3,0.9816,0.847,0.8348,0.7484
handpd_spiral,vgg16,0196-3,1,gaussian_noise,4,0.9266,0.8006,0.7302,0.6895
handpd_spiral,vgg16,0196-3,1,gaussian_noise,5,0.9093,0.67,0.6276,0.5667
handpd_spiral,vgg16,0196-3,1,contrast,1,0.9669,0.7471,0.7149,0.69
handpd_spiral,vgg16,0196-3,1,contrast,2,0.9873,0.9113,0.8606,0.8564
handpd_spiral,vgg16,0196-3,1,contrast,3,0.9939,0.9605,0.9327,0.8831
handpd_spiral,vgg16,0196-3,1,contrast,4,0.9887,0.979,0.9439,0.8481
handpd_spiral,vgg16,0196-3,1,contrast,5,0.9789,0.969,0.9229,0.7599
handpd_spiral,vgg16,0196-3,1,brightness,1,0.9342,0.4462,0.6173,0.6242
handpd_spiral,vgg16,0196-3,1,brightness,2,0.9405,0.4895,0.6652,0.6611
handpd_spiral,vgg16,0196-3,1,brightness,3,0.9479,0.5818,0.6821,0.6834
handpd_spiral,vgg16,0196-3,1,brightness,4,0.6636,0.3991,0.4622,0.274
handpd_spiral,vgg16,0196-3,1,brightness,5,0.5235,0.3358,0.3877,0.239
handpd_spiral,vgg16,0196-3,1,shadow,1,0.9735,0.8129,0.7979,0.692
handpd_spiral,vgg16,0196-3,1,shadow,2,0.9461,0.5232,0.6917,0.6745
handpd_spiral,vgg16,0196-3,1,shadow,3,0.9413,0.5275,0.6752,0.6653
handpd_spiral,vgg16,0196-3,1,shadow,4,0.9267,0.5211,0.6522,0.6482
handpd_spiral,vgg16,0196-3,1,shadow,5,0.9049,0.4749,0.6208,0.625
handpd_spiral,vgg16,0196-3,1,perspective,1,0.4011,0.6862,0.5047,0.4705
handpd_spiral,vgg16,0196-3,1,perspective,2,0.1736,0.5865,0.4536,0.3933
handpd_spiral,vgg16,0196-3,1,perspective,3,0.2637,0.5624,0.4462,0.3773
handpd_spiral,vgg16,0196-3,1,perspective,4,0.1927,0.5025,0.4667,0.3012
handpd_spiral,vgg16,0196-3,1,perspective,5,0.2811,0.5601,0.4157,0.321
handpd_spiral,vgg16,0196-3,1,rotation,1,0.8882,0.6639,0.7251,0.6305
handpd_spiral,vgg16,0196-3,1,rotation,2,0.1487,0.3595,0.5318,0.391
handpd_spiral,vgg16,0196-3,1,rotation,3,0.4592,0.3607,0.4828,0.3978
handpd_spiral,vgg16,0196-3,1,rotation,4,0.1156,0.1926,0.4522,0.3393
handpd_spiral,vgg16,0196-3,1,rotation,5,0.0518,0.2185,0.3658,0.2452
handpd_spiral,vgg16,0149-1,1,jpeg_compression,1,0.9987,0.9971,0.9972,0.9474
handpd_spiral,vgg16,0149-1,1,jpeg_compression,2,0.9941,0.9717,0.9862,0.9184
handpd_spiral,vgg16,0149-1,1,jpeg_compression,3,0.9922,0.9837,0.9869,0.9133
handpd_spiral,vgg16,0149-1,1,jpeg_compression,4,0.9763,0.9156,0.9477,0.884
handpd_spiral,vgg16,0149-1,1,jpeg_compression,5,0.8613,0.8043,0.7655,0.7341
handpd_spiral,vgg16,0149-1,1,gaussian_blur,1,0.9932,0.9852,0.9856,0.8982
handpd_spiral,vgg16,0149-1,1,gaussian_blur,2,0.9758,0.9498,0.9658,0.8049
handpd_spiral,vgg16,0149-1,1,gaussian_blur,3,0.9401,0.8795,0.9369,0.7056
handpd_spiral,vgg16,0149-1,1,gaussian_blur,4,0.9042,0.8063,0.902,0.6539
handpd_spiral,vgg16,0149-1,1,gaussian_blur,5,0.8506,0.7065,0.8402,0.577
handpd_spiral,vgg16,0149-1,1,gaussian_noise,1,0.9985,0.9967,0.9862,0.9382
handpd_spiral,vgg16,0149-1,1,gaussian_noise,2,0.9928,0.9783,0.9728,0.9173
handpd_spiral,vgg16,0149-1,1,gaussian_noise,3,0.9832,0.9518,0.952,0.8633
handpd_spiral,vgg16,0149-1,1,gaussian_noise,4,0.9554,0.8891,0.8944,0.8193
handpd_spiral,vgg16,0149-1,1,gaussian_noise,5,0.9409,0.8836,0.8604,0.7717
handpd_spiral,vgg16,0149-1,1,contrast,1,0.865,0.7862,0.8468,0.5798
handpd_spiral,vgg16,0149-1,1,contrast,2,0.9672,0.9322,0.9521,0.768
handpd_spiral,vgg16,0149-1,1,contrast,3,0.9954,0.992,0.9874,0.8893
handpd_spiral,vgg16,0149-1,1,contrast,4,0.9829,0.9732,0.9754,0.8708
handpd_spiral,vgg16,0149-1,1,contrast,5,0.9611,0.9514,0.9553,0.7974
handpd_spiral,vgg16,0149-1,1,brightness,1,0.8998,0.8203,0.8455,0.6117
handpd_spiral,vgg16,0149-1,1,brightness,2,0.9409,0.8682,0.8858,0.7958
handpd_spiral,vgg16,0149-1,1,brightness,3,0.9618,0.9132,0.9001,0.8618
handpd_spiral,vgg16,0149-1,1,brightness,4,0.8439,0.812,0.7646,0.5757
handpd_spiral,vgg16,0149-1,1,brightness,5,0.8267,0.8121,0.7467,0.5777
handpd_spiral,vgg16,0149-1,1,shadow,1,0.9876,0.9728,0.9045,0.8635
handpd_spiral,vgg16,0149-1,1,shadow,2,0.9615,0.9206,0.913,0.7924
handpd_spiral,vgg16,0149-1,1,shadow,3,0.9341,0.8731,0.8852,0.7132
handpd_spiral,vgg16,0149-1,1,shadow,4,0.9012,0.8313,0.8547,0.5772
handpd_spiral,vgg16,0149-1,1,shadow,5,0.8585,0.7767,0.8139,0.5097
handpd_spiral,vgg16,0149-1,1,perspective,1,0.7792,0.7998,0.7351,0.6152
handpd_spiral,vgg16,0149-1,1,perspective,2,0.5522,0.5942,0.6634,0.48
handpd_spiral,vgg16,0149-1,1,perspective,3,0.655,0.6932,0.6628,0.5107
handpd_spiral,vgg16,0149-1,1,perspective,4,0.5462,0.5975,0.6331,0.3821
handpd_spiral,vgg16,0149-1,1,perspective,5,0.5045,0.557,0.6073,0.4031
handpd_spiral,vgg16,0149-1,1,rotation,1,0.8788,0.7669,0.8805,0.7827
handpd_spiral,vgg16,0149-1,1,rotation,2,0.47,0.5921,0.6171,0.3591
handpd_spiral,vgg16,0149-1,1,rotation,3,0.5974,0.5326,0.5676,0.4543
handpd_spiral,vgg16,0149-1,1,rotation,4,0.2824,0.4015,0.5323,0.2891
handpd_spiral,vgg16,0149-1,1,rotation,5,0.3696,0.3661,0.596,0.2975
handpd_spiral,vgg16,0003-2,1,jpeg_compression,1,0.9991,0.9984,0.9983,0.9669
handpd_spiral,vgg16,0003-2,1,jpeg_compression,2,0.9957,0.9892,0.9886,0.9431
handpd_spiral,vgg16,0003-2,1,jpeg_compression,3,0.993,0.9873,0.9908,0.9169
handpd_spiral,vgg16,0003-2,1,jpeg_compression,4,0.9772,0.9634,0.9698,0.7008
handpd_spiral,vgg16,0003-2,1,jpeg_compression,5,0.7787,0.7098,0.7371,0.6235
handpd_spiral,vgg16,0003-2,1,gaussian_blur,1,0.9976,0.9949,0.994,0.9504
handpd_spiral,vgg16,0003-2,1,gaussian_blur,2,0.9913,0.9807,0.9823,0.8761
handpd_spiral,vgg16,0003-2,1,gaussian_blur,3,0.9798,0.9593,0.9632,0.8155
handpd_spiral,vgg16,0003-2,1,gaussian_blur,4,0.9708,0.9338,0.9513,0.8163
handpd_spiral,vgg16,0003-2,1,gaussian_blur,5,0.957,0.8946,0.9202,0.8005
handpd_spiral,vgg16,0003-2,1,gaussian_noise,1,0.999,0.9978,0.9985,0.9634
handpd_spiral,vgg16,0003-2,1,gaussian_noise,2,0.9913,0.9832,0.9757,0.8759
handpd_spiral,vgg16,0003-2,1,gaussian_noise,3,0.9695,0.9185,0.9588,0.8097
handpd_spiral,vgg16,0003-2,1,gaussian_noise,4,0.9628,0.9029,0.9415,0.8609
handpd_spiral,vgg16,0003-2,1,gaussian_noise,5,0.8987,0.7937,0.8407,0.7369
handpd_spiral,vgg16,0003-2,1,contrast,1,0.8989,0.8839,0.8613,0.7314
handpd_spiral,vgg16,0003-2,1,contrast,2,0.9653,0.9635,0.9319,0.8342
handpd_spiral,vgg16,0003-2,1,contrast,3,0.9918,0.9888,0.9787,0.9105
handpd_spiral,vgg16,0003-2,1,contrast,4,0.9822,0.9648,0.9787,0.7375
handpd_spiral,vgg16,0003-2,1,contrast,5,0.9634,0.9236,0.9573,0.6603
handpd_spiral,vgg16,0003-2,1,brightness,1,0.87,0.7885,0.8296,0.7386
handpd_spiral,vgg16,0003-2,1,brightness,2,0.9021,0.8122,0.8622,0.7815
handpd_spiral,vgg16,0003-2,1,brightness,3,0.9603,0.9015,0.9189,0.8274
handpd_spiral,vgg16,0003-2,1,brightness,4,0.7477,0.7606,0.7369,0.4666
handpd_spiral,vgg16,0003-2,1,brightness,5,0.7226,0.7272,0.7431,0.429
handpd_spiral,vgg16,0003-2,1,shadow,1,0.9857,0.9693,0.9737,0.8552
handpd_spiral,vgg16,0003-2,1,shadow,2,0.9534,0.8687,0.9213,0.8206
handpd_spiral,vgg16,0003-2,1,shadow,3,0.9066,0.8132,0.8846,0.7731
handpd_spiral,vgg16,0003-2,1,shadow,4,0.893,0.78,0.8681,0.7157
handpd_spiral,vgg16,0003-2,1,shadow,5,0.8734,0.7453,0.8536,0.6598
handpd_spiral,vgg16,0003-2,1,perspective,1,0.7584,0.8433,0.768,0.5996
handpd_spiral,vgg16,0003-2,1,perspective,2,0.633,0.7587,0.7998,0.4799
handpd_spiral,vgg16,0003-2,1,perspective,3,0.5479,0.6694,0.7472,0.451
handpd_spiral,vgg16,0003-2,1,perspective,4,0.4983,0.6525,0.6579,0.4422
handpd_spiral,vgg16,0003-2,1,perspective,5,0.4851,0.7014,0.681,0.3886
handpd_spiral,vgg16,0003-2,1,rotation,1,0.9043,0.8345,0.8072,0.7805
handpd_spiral,vgg16,0003-2,1,rotation,2,0.6802,0.7518,0.7412,0.4313
handpd_spiral,vgg16,0003-2,1,rotation,3,0.7442,0.6405,0.7429,0.721
handpd_spiral,vgg16,0003-2,1,rotation,4,0.5471,0.6575,0.7035,0.3786
handpd_spiral,vgg16,0003-2,1,rotation,5,0.4959,0.5008,0.6306,0.592
handpd_spiral,efficientnet_b0,0289-4,0,jpeg_compression,1,0.9992,0.9528,0.9717,0.9834
handpd_spiral,efficientnet_b0,0289-4,0,jpeg_compression,2,0.9888,0.9665,0.9184,0.8265
handpd_spiral,efficientnet_b0,0289-4,0,jpeg_compression,3,0.992,0.894,0.8791,0.8357
handpd_spiral,efficientnet_b0,0289-4,0,jpeg_compression,4,0.9871,0.8011,0.8505,0.8347
handpd_spiral,efficientnet_b0,0289-4,0,jpeg_compression,5,0.7697,0.5785,0.6527,0.4484
handpd_spiral,efficientnet_b0,0289-4,0,gaussian_blur,1,0.9868,0.8959,0.8601,0.928
handpd_spiral,efficientnet_b0,0289-4,0,gaussian_blur,2,0.9573,0.7571,0.7462,0.7198
handpd_spiral,efficientnet_b0,0289-4,0,gaussian_blur,3,0.9156,0.6778,0.7044,0.576
handpd_spiral,efficientnet_b0,0289-4,0,gaussian_blur,4,0.876,0.6773,0.6848,0.576
handpd_spiral,efficientnet_b0,0289-4,0,gaussian_blur,5,0.8438,0.6061,0.6744,0.4202
handpd_spiral,efficientnet_b0,0289-4,0,gaussian_noise,1,0.997,0.9605,0.9385,0.9358
handpd_spiral,efficientnet_b0,0289-4,0,gaussian_noise,2,0.9812,0.9679,0.9186,0.7161
handpd_spiral,efficientnet_b0,0289-4,0,gaussian_noise,3,0.9738,0.8842,0.8766,0.6965
handpd_spiral,efficientnet_b0,0289-4,0,gaussian_noise,4,0.9835,0.8827,0.8834,0.8289
handpd_spiral,efficientnet_b0,0289-4,0,gaussian_noise,5,0.8856,0.7169,0.7337,0.4915
handpd_spiral,efficientnet_b0,0289-4,0,contrast,1,0.8281,0.5332,0.6726,0.298
handpd_spiral,efficientnet_b0,0289-4,0,contrast,2,0.9395,0.6779,0.7233,0.576
handpd_spiral,efficientnet_b0,0289-4,0,contrast,3,0.9779,0.8248,0.8036,0.8168
handpd_spiral,efficientnet_b0,0289-4,0,contrast,4,0.9888,0.9861,0.9696,0.9116
handpd_spiral,efficientnet_b0,0289-4,0,contrast,5,0.9842,0.9975,0.9592,0.9252
handpd_spiral,efficientnet_b0,0289-4,0,brightness,1,0.9393,0.7825,0.8116,0.6016
handpd_spiral,efficientnet_b0,0289-4,0,brightness,2,0.8973,0.8035,0.7103,0.506
handpd_spiral,efficientnet_b0,0289-4,0,brightness,3,0.9252,0.8558,0.6925,0.5676
handpd_spiral,efficientnet_b0,0289-4,0,brightness,4,0.9149,0.7369,0.7463,0.7402
handpd_spiral,efficientnet_b0,0289-4,0,brightness,5,0.8762,0.7047,0.7169,0.655
handpd_spiral,efficientnet_b0,0289-4,0,shadow,1,0.9669,0.9502,0.8619,0.6625
handpd_spiral,efficientnet_b0,0289-4,0,shadow,2,0.9159,0.8997,0.7917,0.5264
handpd_spiral,efficientnet_b0,0289-4,0,shadow,3,0.909,0.8966,0.7983,0.5037
handpd_spiral,efficientnet_b0,0289-4,0,shadow,4,0.9423,0.9419,0.8714,0.5655
handpd_spiral,efficientnet_b0,0289-4,0,shadow,5,0.9678,0.9352,0.8692,0.702
handpd_spiral,efficientnet_b0,0289-4,0,perspective,1,0.7809,0.7882,0.7426,0.6139
handpd_spiral,efficientnet_b0,0289-4,0,perspective,2,0.777,0.819,0.7695,0.7536
handpd_spiral,efficientnet_b0,0289-4,0,perspective,3,0.6401,0.5955,0.633,0.5829
handpd_spiral,efficientnet_b0,0289-4,0,perspective,4,0.5986,0.7299,0.7061,0.6854
handpd_spiral,efficientnet_b0,0289-4,0,perspective,5,0.5251,0.6425,0.6624,0.5399
handpd_spiral,efficientnet_b0,0289-4,0,rotation,1,0.7298,0.7113,0.6844,0.3678
handpd_spiral,efficientnet_b0,0289-4,0,rotation,2,-0.1344,-0.0447,0.4377,0.0661
handpd_spiral,efficientnet_b0,0289-4,0,rotation,3,-0.0669,0.0918,0.4756,0.1117
handpd_spiral,efficientnet_b0,0289-4,0,rotation,4,-0.1513,-0.1248,0.4184,0.0868
handpd_spiral,efficientnet_b0,0289-4,0,rotation,5,0.2054,0.4247,0.5559,0.1598
handpd_spiral,efficientnet_b0,0104-2,0,jpeg_compression,1,0.9995,1.0,0.9995,0.9891
handpd_spiral,efficientnet_b0,0104-2,0,jpeg_compression,2,0.9947,0.9999,0.9964,0.9721
handpd_spiral,efficientnet_b0,0104-2,0,jpeg_compression,3,0.9804,0.9997,0.9904,0.9523
handpd_spiral,efficientnet_b0,0104-2,0,jpeg_compression,4,0.8959,0.6716,0.924,0.5346
handpd_spiral,efficientnet_b0,0104-2,0,jpeg_compression,5,,,0.8707,0.3558
handpd_spiral,efficientnet_b0,0104-2,0,gaussian_blur,1,0.9773,0.9997,0.9893,0.9495
handpd_spiral,efficientnet_b0,0104-2,0,gaussian_blur,2,0.847,0.9985,0.968,0.9138
handpd_spiral,efficientnet_b0,0104-2,0,gaussian_blur,3,0.7758,0.9979,0.9564,0.9345
handpd_spiral,efficientnet_b0,0104-2,0,gaussian_blur,4,0.6778,0.9971,0.9358,0.9754
handpd_spiral,efficientnet_b0,0104-2,0,gaussian_blur,5,0.7597,0.9974,0.9427,0.9834
handpd_spiral,efficientnet_b0,0104-2,0,gaussian_noise,1,0.9954,0.9999,0.9967,0.9725
handpd_spiral,efficientnet_b0,0104-2,0,gaussian_noise,2,0.9917,0.9999,0.9899,0.9636
handpd_spiral,efficientnet_b0,0104-2,0,gaussian_noise,3,0.981,0.9996,0.9745,0.9335
handpd_spiral,efficientnet_b0,0104-2,0,gaussian_noise,4,0.983,0.9998,0.9803,0.9491
handpd_spiral,efficientnet_b0,0104-2,0,gaussian_noise,5,0.8959,0.6716,0.924,0.5346
handpd_spiral,efficientnet_b0,0104-2,0,contrast,1,,,0.8707,0.3558
handpd_spiral,efficientnet_b0,0104-2,0,contrast,2,0.9556,0.8157,0.9507,0.6925
handpd_spiral,efficientnet_b0,0104-2,0,contrast,3,0.9894,0.9997,0.9851,0.9491
handpd_spiral,efficientnet_b0,0104-2,0,contrast,4,0.9886,0.9998,0.9926,0.9584
handpd_spiral,efficientnet_b0,0104-2,0,contrast,5,0.9818,0.9998,0.9887,0.9451
handpd_spiral,efficientnet_b0,0104-2,0,brightness,1,0.9623,0.7008,0.9353,0.4984
handpd_spiral,efficientnet_b0,0104-2,0,brightness,2,0.9604,0.6042,0.9183,0.3719
handpd_spiral,efficientnet_b0,0104-2,0,brightness,3,0.9607,0.8929,0.9347,0.6791
handpd_spiral,efficientnet_b0,0104-2,0,brightness,4,,,0.8707,0.3558
handpd_spiral,efficientnet_b0,0104-2,0,brightness,5,,,0.8707,0.3558
handpd_spiral,efficientnet_b0,0104-2,0,shadow,1,0.9654,0.7009,0.9355,0.4984
handpd_spiral,efficientnet_b0,0104-2,0,shadow,2,0.9501,0.698,0.9293,0.4984
handpd_spiral,efficientnet_b0,0104-2,0,shadow,3,0.9427,0.4897,0.9181,0.2974
handpd_spiral,efficientnet_b0,0104-2,0,shadow,4,0.9365,0.4029,0.827,0.2868
handpd_spiral,efficientnet_b0,0104-2,0,shadow,5,0.9323,0.3755,0.7861,0.2783
handpd_spiral,efficientnet_b0,0104-2,0,perspective,1,,,0.8707,0.3558
handpd_spiral,efficientnet_b0,0104-2,0,perspective,2,,,0.8707,0.3558
handpd_spiral,efficientnet_b0,0104-2,0,perspective,3,,,0.8707,0.3558
handpd_spiral,efficientnet_b0,0104-2,0,perspective,4,,,0.8707,0.3558
handpd_spiral,efficientnet_b0,0104-2,0,perspective,5,0.3332,0.4416,0.8529,0.5955
handpd_spiral,efficientnet_b0,0104-2,0,rotation,1,0.9606,0.5893,0.9075,0.4617
handpd_spiral,efficientnet_b0,0104-2,0,rotation,2,0.4968,0.5274,0.7537,0.3833
handpd_spiral,efficientnet_b0,0104-2,0,rotation,3,0.5514,0.4382,0.7629,0.2923
handpd_spiral,efficientnet_b0,0104-2,0,rotation,4,0.5492,0.4896,0.8105,0.4232
handpd_spiral,efficientnet_b0,0104-2,0,rotation,5,0.4525,0.3522,0.5601,0.2364
handpd_spiral,efficientnet_b0,0287-3,0,jpeg_compression,1,0.9962,0.9995,0.9912,0.9563
handpd_spiral,efficientnet_b0,0287-3,0,jpeg_compression,2,0.9906,0.9985,0.9852,0.9098
handpd_spiral,efficientnet_b0,0287-3,0,jpeg_compression,3,0.9857,0.9934,0.942,0.8677
handpd_spiral,efficientnet_b0,0287-3,0,jpeg_compression,4,0.9609,0.975,0.9146,0.7824
handpd_spiral,efficientnet_b0,0287-3,0,jpeg_compression,5,0.3617,0.2823,0.5104,0.2317
handpd_spiral,efficientnet_b0,0287-3,0,gaussian_blur,1,0.9613,0.916,0.8218,0.847
handpd_spiral,efficientnet_b0,0287-3,0,gaussian_blur,2,0.8918,0.8046,0.6757,0.7045
handpd_spiral,efficientnet_b0,0287-3,0,gaussian_blur,3,0.4687,0.4193,0.5072,0.3921
handpd_spiral,efficientnet_b0,0287-3,0,gaussian_blur,4,0.096,0.3122,0.4506,0.3021
handpd_spiral,efficientnet_b0,0287-3,0,gaussian_blur,5,0.0309,0.1167,0.4602,0.185
handpd_spiral,efficientnet_b0,0287-3,0,gaussian_noise,1,0.9966,0.9994,0.996,0.948
handpd_spiral,efficientnet_b0,0287-3,0,gaussian_noise,2,0.9814,0.9913,0.9617,0.8654
handpd_spiral,efficientnet_b0,0287-3,0,gaussian_noise,3,0.9276,0.9871,0.8907,0.7535
handpd_spiral,efficientnet_b0,0287-3,0,gaussian_noise,4,0.8766,0.9408,0.826,0.6456
handpd_spiral,efficientnet_b0,0287-3,0,gaussian_noise,5,0.8169,0.8934,0.7504,0.5734
handpd_spiral,efficientnet_b0,0287-3,0,contrast,1,0.4791,0.56,0.5236,0.408
handpd_spiral,efficientnet_b0,0287-3,0,contrast,2,0.8685,0.8565,0.7317,0.7176
handpd_spiral,efficientnet_b0,0287-3,0,contrast,3,0.9816,0.9964,0.9448,0.882
handpd_spiral,efficientnet_b0,0287-3,0,contrast,4,0.9599,0.9456,0.8827,0.7889
handpd_spiral,efficientnet_b0,0287-3,0,contrast,5,0.929,0.9545,0.875,0.7049
handpd_spiral,efficientnet_b0,0287-3,0,brightness,1,0.8839,0.9008,0.7886,0.6634
handpd_spiral,efficientnet_b0,0287-3,0,brightness,2,0.9214,0.8987,0.7135,0.7198
handpd_spiral,efficientnet_b0,0287-3,0,brightness,3,0.9457,0.9155,0.7329,0.7854
handpd_spiral,efficientnet_b0,0287-3,0,brightness,4,0.2987,0.4982,0.5661,0.2747
handpd_spiral,efficientnet_b0,0287-3,0,brightness,5,0.3453,0.4702,0.5781,0.2676
handpd_spiral,efficientnet_b0,0287-3,0,shadow,1,0.9629,0.9483,0.8666,0.7877
handpd_spiral,efficientnet_b0,0287-3,0,shadow,2,0.9246,0.901,0.7083,0.7405
handpd_spiral,efficientnet_b0,0287-3,0,shadow,3,0.866,0.8647,0.6533,0.6696
handpd_spiral,efficientnet_b0,0287-3,0,shadow,4,0.8201,0.8403,0.5973,0.5598
handpd_spiral,efficientnet_b0,0287-3,0,shadow,5,0.7704,0.8097,0.5366,0.5106
handpd_spiral,efficientnet_b0,0287-3,0,perspective,1,0.7267,0.6921,0.5819,0.6195
handpd_spiral,efficientnet_b0,0287-3,0,perspective,2,0.6373,0.6925,0.6192,0.5056
handpd_spiral,efficientnet_b0,0287-3,0,perspective,3,0.4712,0.4163,0.5101,0.306
handpd_spiral,efficientnet_b0,0287-3,0,perspective,4,0.4672,0.4657,0.5089,0.3151
handpd_spiral,efficientnet_b0,0287-3,0,perspective,5,0.4009,0.4131,0.4699,0.2796
handpd_spiral,efficientnet_b0,0287-3,0,rotation,1,0.4069,0.4653,0.5545,0.35
handpd_spiral,efficientnet_b0,0287-3,0,rotation,2,-0.1919,-0.1436,0.2815,0.0473
handpd_spiral,efficientnet_b0,0287-3,0,rotation,3,0.0935,0.2847,0.3822,0.2127
handpd_spiral,efficientnet_b0,0287-3,0,rotation,4,0.0054,-0.0904,0.3584,0.109
handpd_spiral,efficientnet_b0,0287-3,0,rotation,5,0.2843,0.339,0.4101,0.2909
handpd_spiral,efficientnet_b0,0104-1,0,jpeg_compression,1,0.9991,1.0,0.9992,0.9992
handpd_spiral,efficientnet_b0,0104-1,0,jpeg_compression,2,0.9927,0.9999,0.9858,0.9948
handpd_spiral,efficientnet_b0,0104-1,0,jpeg_compression,3,0.9774,0.9243,0.9388,0.7476
handpd_spiral,efficientnet_b0,0104-1,0,jpeg_compression,4,0.8841,0.9221,0.8776,0.7476
handpd_spiral,efficientnet_b0,0104-1,0,jpeg_compression,5,,,0.8082,0.0
handpd_spiral,efficientnet_b0,0104-1,0,gaussian_blur,1,0.9751,0.9993,0.94,0.9923
handpd_spiral,efficientnet_b0,0104-1,0,gaussian_blur,2,0.9289,0.7659,0.8914,0.4308
handpd_spiral,efficientnet_b0,0104-1,0,gaussian_blur,3,0.8681,0.5681,0.8574,0.1807
handpd_spiral,efficientnet_b0,0104-1,0,gaussian_blur,4,0.8681,0.5681,0.8574,0.1807
handpd_spiral,efficientnet_b0,0104-1,0,gaussian_blur,5,0.8681,0.5681,0.8574,0.1807
handpd_spiral,efficientnet_b0,0104-1,0,gaussian_noise,1,0.9948,0.9258,0.9654,0.8464
handpd_spiral,efficientnet_b0,0104-1,0,gaussian_noise,2,0.967,0.9105,0.934,0.7551
handpd_spiral,efficientnet_b0,0104-1,0,gaussian_noise,3,0.958,0.9321,0.9648,0.9934
handpd_spiral,efficientnet_b0,0104-1,0,gaussian_noise,4,0.9787,0.8368,0.9008,0.7202
handpd_spiral,efficientnet_b0,0104-1,0,gaussian_noise,5,0.909,0.9974,0.9554,0.9867
handpd_spiral,efficientnet_b0,0104-1,0,contrast,1,,,0.8082,0.0
handpd_spiral,efficientnet_b0,0104-1,0,contrast,2,0.9558,0.6849,0.893,0.2968
handpd_spiral,efficientnet_b0,0104-1,0,contrast,3,0.9989,1.0,0.9982,0.9984
handpd_spiral,efficientnet_b0,0104-1,0,contrast,4,0.9758,0.9241,0.9516,0.8337
handpd_spiral,efficientnet_b0,0104-1,0,contrast,5,0.943,0.8765,0.9034,0.7683
handpd_spiral,efficientnet_b0,0104-1,0,brightness,1,0.937,0.7407,0.7984,0.6158
handpd_spiral,efficientnet_b0,0104-1,0,brightness,2,0.9101,0.7063,0.7293,0.6227
handpd_spiral,efficientnet_b0,0104-1,0,brightness,3,0.9321,0.7221,0.7414,0.6803
handpd_spiral,efficientnet_b0,0104-1,0,brightness,4,,,0.8082,0.0
handpd_spiral,efficientnet_b0,0104-1,0,brightness,5,,,0.8082,0.0
handpd_spiral,efficientnet_b0,0104-1,0,shadow,1,0.9505,0.7371,0.7754,0.704
handpd_spiral,efficientnet_b0,0104-1,0,shadow,2,0.9064,0.6943,0.6775,0.6588
handpd_spiral,efficientnet_b0,0104-1,0,shadow,3,0.8565,0.6829,0.6444,0.6421
handpd_spiral,efficientnet_b0,0104-1,0,shadow,4,0.8387,0.6743,0.678,0.5984
handpd_spiral,efficientnet_b0,0104-1,0,shadow,5,0.8229,0.686,0.7266,0.5766
handpd_spiral,efficientnet_b0,0104-1,0,perspective,1,0.2058,0.5515,0.8425,0.2483
handpd_spiral,efficientnet_b0,0104-1,0,perspective,2,,,0.8082,0.0
handpd_spiral,efficientnet_b0,0104-1,0,perspective,3,0.2115,0.7683,0.8494,0.5329
handpd_spiral,efficientnet_b0,0104-1,0,perspective,4,0.2649,0.4597,0.6841,0.4024
handpd_spiral,efficientnet_b0,0104-1,0,perspective,5,0.1896,0.4155,0.6486,0.383
handpd_spiral,efficientnet_b0,0104-1,0,rotation,1,-0.0749,0.2806,0.7346,0.2585
handpd_spiral,efficientnet_b0,0104-1,0,rotation,2,0.1533,0.4575,0.5987,0.2039
handpd_spiral,efficientnet_b0,0104-1,0,rotation,3,0.1076,0.4969,0.6442,0.2702
handpd_spiral,efficientnet_b0,0104-1,0,rotation,4,0.2936,0.5058,0.6522,0.3034
handpd_spiral,efficientnet_b0,0104-1,0,rotation,5,0.4151,0.6591,0.7353,0.4547
handpd_spiral,efficientnet_b0,0127-2,0,jpeg_compression,1,0.986,0.9658,0.9507,0.7957
handpd_spiral,efficientnet_b0,0127-2,0,jpeg_compression,2,0.9907,0.9565,0.9532,0.862
handpd_spiral,efficientnet_b0,0127-2,0,jpeg_compression,3,0.9766,0.9408,0.9214,0.8091
handpd_spiral,efficientnet_b0,0127-2,0,jpeg_compression,4,0.1461,0.559,0.6262,0.3952
handpd_spiral,efficientnet_b0,0127-2,0,jpeg_compression,5,,,0.6023,0.2379
handpd_spiral,efficientnet_b0,0127-2,0,gaussian_blur,1,0.9291,0.7847,0.7604,0.6738
handpd_spiral,efficientnet_b0,0127-2,0,gaussian_blur,2,,,0.6023,0.2379
handpd_spiral,efficientnet_b0,0127-2,0,gaussian_blur,3,,,0.6023,0.2379
handpd_spiral,efficientnet_b0,0127-2,0,gaussian_blur,4,,,0.6023,0.2379
handpd_spiral,efficientnet_b0,0127-2,0,gaussian_blur,5,,,0.6023,0.2379
handpd_spiral,efficientnet_b0,0127-2,0,gaussian_noise,1,0.9791,0.9982,0.9556,0.8787
handpd_spiral,efficientnet_b0,0127-2,0,gaussian_noise,2,0.9189,0.9597,0.8724,0.6988
handpd_spiral,efficientnet_b0,0127-2,0,gaussian_noise,3,0.959,0.9135,0.8788,0.7673
handpd_spiral,efficientnet_b0,0127-2,0,gaussian_noise,4,0.915,0.9536,0.8537,0.6885
handpd_spiral,efficientnet_b0,0127-2,0,gaussian_noise,5,0.806,0.8044,0.7851,0.5858
handpd_spiral,efficientnet_b0,0127-2,0,contrast,1,,,0.6023,0.2379
handpd_spiral,efficientnet_b0,0127-2,0,contrast,2,0.8307,0.6436,0.6909,0.4832
handpd_spiral,efficientnet_b0,0127-2,0,contrast,3,0.9737,0.9234,0.8938,0.7513
handpd_spiral,efficientnet_b0,0127-2,0,contrast,4,0.9802,0.9361,0.9205,0.8724
handpd_spiral,efficientnet_b0,0127-2,0,contrast,5,0.9444,0.9466,0.885,0.6927
handpd_spiral,efficientnet_b0,0127-2,0,brightness,1,0.9144,0.886,0.8618,0.7378
handpd_spiral,efficientnet_b0,0127-2,0,brightness,2,0.9474,0.9487,0.8903,0.7475
handpd_spiral,efficientnet_b0,0127-2,0,brightness,3,0.9562,0.9933,0.9059,0.7455
handpd_spiral,efficientnet_b0,0127-2,0,brightness,4,,,0.6023,0.2379
handpd_spiral,efficientnet_b0,0127-2,0,brightness,5,,,0.6023,0.2379
handpd_spiral,efficientnet_b0,0127-2,0,shadow,1,0.9608,0.9446,0.8716,0.8237
handpd_spiral,efficientnet_b0,0127-2,0,shadow,2,0.9152,0.9179,0.7869,0.7677
handpd_spiral,efficientnet_b0,0127-2,0,shadow,3,0.8681,0.9056,0.7472,0.7113
handpd_spiral,efficientnet_b0,0127-2,0,shadow,4,0.8232,0.9029,0.7537,0.6849
handpd_spiral,efficientnet_b0,0127-2,0,shadow,5,0.7624,0.8569,0.7403,0.5888
handpd_spiral,efficientnet_b0,0127-2,0,perspective,1,0.862,0.5969,0.6944,0.4832
handpd_spiral,efficientnet_b0,0127-2,0,perspective,2,0.7205,0.7368,0.7273,0.5152
handpd_spiral,efficientnet_b0,0127-2,0,perspective,3,0.6849,0.7359,0.7233,0.5185
handpd_spiral,efficientnet_b0,0127-2,0,perspective,4,0.668,0.5761,0.6453,0.427
handpd_spiral,efficientnet_b0,0127-2,0,perspective,5,0.6143,0.5525,0.5192,0.3968
handpd_spiral,efficientnet_b0,0127-2,0,rotation,1,0.1285,0.4836,0.601,0.2578
handpd_spiral,efficientnet_b0,0127-2,0,rotation,2,-0.1674,-0.1105,0.3979,0.0702
handpd_spiral,efficientnet_b0,0127-2,0,rotation,3,-0.1798,-0.0176,0.386,0.0301
handpd_spiral,efficientnet_b0,0127-2,0,rotation,4,-0.1404,-0.0717,0.3791,0.087
handpd_spiral,efficientnet_b0,0127-2,0,rotation,5,0.063,0.3422,0.5141,0.0986
handpd_spiral,efficientnet_b0,0054-4,1,jpeg_compression,1,0.9993,0.9997,0.9986,0.9692
handpd_spiral,efficientnet_b0,0054-4,1,jpeg_compression,2,0.9754,0.9834,0.9526,0.8307
handpd_spiral,efficientnet_b0,0054-4,1,jpeg_compression,3,0.9378,0.9697,0.9056,0.7339
handpd_spiral,efficientnet_b0,0054-4,1,jpeg_compression,4,0.836,0.8524,0.6387,0.6258
handpd_spiral,efficientnet_b0,0054-4,1,jpeg_compression,5,0.2724,0.1987,0.3769,0.1543
handpd_spiral,efficientnet_b0,0054-4,1,gaussian_blur,1,0.9721,0.9531,0.817,0.859
handpd_spiral,efficientnet_b0,0054-4,1,gaussian_blur,2,0.9053,0.851,0.6472,0.7544
handpd_spiral,efficientnet_b0,0054-4,1,gaussian_blur,3,0.7299,0.7082,0.5051,0.5061
handpd_spiral,efficientnet_b0,0054-4,1,gaussian_blur,4,0.4974,0.6053,0.4131,0.3185
handpd_spiral,efficientnet_b0,0054-4,1,gaussian_blur,5,0.3445,0.3246,0.3721,0.2859
handpd_spiral,efficientnet_b0,0054-4,1,gaussian_noise,1,0.9965,0.9983,0.9931,0.9178
handpd_spiral,efficientnet_b0,0054-4,1,gaussian_noise,2,0.9744,0.9803,0.9421,0.7402
handpd_spiral,efficientnet_b0,0054-4,1,gaussian_noise,3,0.9417,0.9463,0.8575,0.6402
handpd_spiral,efficientnet_b0,0054-4,1,gaussian_noise,4,0.8182,0.9061,0.6931,0.5192
handpd_spiral,efficientnet_b0,0054-4,1,gaussian_noise,5,0.566,0.6614,0.426,0.4127
handpd_spiral,efficientnet_b0,0054-4,1,contrast,1,0.2575,0.2637,0.2895,0.1842
handpd_spiral,efficientnet_b0,0054-4,1,contrast,2,0.7645,0.8283,0.4792,0.6864
handpd_spiral,efficientnet_b0,0054-4,1,contrast,3,0.9667,0.9545,0.8108,0.8528
handpd_spiral,efficientnet_b0,0054-4,1,contrast,4,0.9543,0.965,0.8821,0.6861
handpd_spiral,efficientnet_b0,0054-4,1,contrast,5,0.8866,0.9001,0.7498,0.5523
handpd_spiral,efficientnet_b0,0054-4,1,brightness,1,0.9376,0.9578,0.8643,0.6591
handpd_spiral,efficientnet_b0,0054-4,1,brightness,2,0.9678,0.9732,0.8975,0.7495
handpd_spiral,efficientnet_b0,0054-4,1,brightness,3,0.9728,0.9687,0.8237,0.7772
handpd_spiral,efficientnet_b0,0054-4,1,brightness,4,0.2224,0.1795,0.3005,0.1309
handpd_spiral,efficientnet_b0,0054-4,1,brightness,5,0.2224,0.1795,0.3005,0.1309
handpd_spiral,efficientnet_b0,0054-4,1,shadow,1,0.9796,0.9726,0.8433,0.7952
handpd_spiral,efficientnet_b0,0054-4,1,shadow,2,0.9601,0.9562,0.7961,0.7466
handpd_spiral,efficientnet_b0,0054-4,1,shadow,3,0.9205,0.928,0.7899,0.5944
handpd_spiral,efficientnet_b0,0054-4,1,shadow,4,0.868,0.8951,0.7811,0.5245
handpd_spiral,efficientnet_b0,0054-4,1,shadow,5,0.8086,0.8484,0.7293,0.5156
handpd_spiral,efficientnet_b0,0054-4,1,perspective,1,0.4549,0.5163,0.4673,0.3132
handpd_spiral,efficientnet_b0,0054-4,1,perspective,2,0.439,0.4478,0.4654,0.2802
handpd_spiral,efficientnet_b0,0054-4,1,perspective,3,0.5433,0.6557,0.5433,0.3347
handpd_spiral,efficientnet_b0,0054-4,1,perspective,4,0.2625,0.3493,0.3742,0.193
handpd_spiral,efficientnet_b0,0054-4,1,perspective,5,0.3034,0.3804,0.3776,0.1848
handpd_spiral,efficientnet_b0,0054-4,1,rotation,1,-0.0254,0.2687,0.3699,0.139
handpd_spiral,efficientnet_b0,0054-4,1,rotation,2,-0.0717,0.0545,0.287,0.0735
handpd_spiral,efficientnet_b0,0054-4,1,rotation,3,0.0109,0.1794,0.3142,0.0835
handpd_spiral,efficientnet_b0,0054-4,1,rotation,4,0.1993,0.2715,0.3502,0.2209
handpd_spiral,efficientnet_b0,0054-4,1,rotation,5,0.3915,0.4639,0.4215,0.2099
handpd_spiral,efficientnet_b0,0218-4,1,jpeg_compression,1,0.999,0.9988,0.9911,0.9395
handpd_spiral,efficientnet_b0,0218-4,1,jpeg_compression,2,0.9816,0.9737,0.935,0.831
handpd_spiral,efficientnet_b0,0218-4,1,jpeg_compression,3,0.9784,0.9685,0.8752,0.8498
handpd_spiral,efficientnet_b0,0218-4,1,jpeg_compression,4,0.9452,0.9508,0.8261,0.694
handpd_spiral,efficientnet_b0,0218-4,1,jpeg_compression,5,0.6144,0.402,0.2977,0.2426
handpd_spiral,efficientnet_b0,0218-4,1,gaussian_blur,1,0.9829,0.9764,0.9177,0.8197
handpd_spiral,efficientnet_b0,0218-4,1,gaussian_blur,2,0.921,0.9182,0.7442,0.6836
handpd_spiral,efficientnet_b0,0218-4,1,gaussian_blur,3,0.7543,0.4728,0.4379,0.5099
handpd_spiral,efficientnet_b0,0218-4,1,gaussian_blur,4,0.5858,0.2816,0.3278,0.3553
handpd_spiral,efficientnet_b0,0218-4,1,gaussian_blur,5,0.3337,0.048,0.2468,0.2349
handpd_spiral,efficientnet_b0,0218-4,1,gaussian_noise,1,0.9957,0.9952,0.9812,0.8783
handpd_spiral,efficientnet_b0,0218-4,1,gaussian_noise,2,0.9285,0.9407,0.8634,0.6478
handpd_spiral,efficientnet_b0,0218-4,1,gaussian_noise,3,0.8922,0.9111,0.8045,0.6353
handpd_spiral,efficientnet_b0,0218-4,1,gaussian_noise,4,0.8208,0.7974,0.6481,0.5211
handpd_spiral,efficientnet_b0,0218-4,1,gaussian_noise,5,0.5564,0.7017,0.4473,0.4855
handpd_spiral,efficientnet_b0,0218-4,1,contrast,1,0.5654,0.5255,0.3216,0.4286
handpd_spiral,efficientnet_b0,0218-4,1,contrast,2,0.8617,0.7283,0.5134,0.6328
handpd_spiral,efficientnet_b0,0218-4,1,contrast,3,0.9485,0.9263,0.735,0.7973
handpd_spiral,efficientnet_b0,0218-4,1,contrast,4,0.9561,0.966,0.8751,0.6761
handpd_spiral,efficientnet_b0,0218-4,1,contrast,5,0.9098,0.933,0.7561,0.5864
handpd_spiral,efficientnet_b0,0218-4,1,brightness,1,0.9201,0.8997,0.782,0.6696
handpd_spiral,efficientnet_b0,0218-4,1,brightness,2,0.9215,0.9271,0.8601,0.6491
handpd_spiral,efficientnet_b0,0218-4,1,brightness,3,0.9433,0.9498,0.8787,0.6441
handpd_spiral,efficientnet_b0,0218-4,1,brightness,4,0.5517,0.5639,0.4035,0.4786
handpd_spiral,efficientnet_b0,0218-4,1,brightness,5,0.4954,0.5652,0.3652,0.503
handpd_spiral,efficientnet_b0,0218-4,1,shadow,1,0.9929,0.9935,0.9694,0.8618
handpd_spiral,efficientnet_b0,0218-4,1,shadow,2,0.9925,0.9877,0.9515,0.8895
handpd_spiral,efficientnet_b0,0218-4,1,shadow,3,0.9821,0.9689,0.8958,0.8249
handpd_spiral,efficientnet_b0,0218-4,1,shadow,4,0.955,0.9155,0.7943,0.7429
handpd_spiral,efficientnet_b0,0218-4,1,shadow,5,0.9282,0.8464,0.7512,0.7293
handpd_spiral,efficientnet_b0,0218-4,1,perspective,1,0.5058,0.7164,0.6128,0.2856
handpd_spiral,efficientnet_b0,0218-4,1,perspective,2,0.6028,0.7658,0.6265,0.3234
handpd_spiral,efficientnet_b0,0218-4,1,perspective,3,0.6275,0.7053,0.5577,0.3311
handpd_spiral,efficientnet_b0,0218-4,1,perspective,4,0.609,0.7044,0.6305,0.3763
handpd_spiral,efficientnet_b0,0218-4,1,perspective,5,0.6207,0.6887,0.6032,0.3797
handpd_spiral,efficientnet_b0,0218-4,1,rotation,1,0.4197,0.3773,0.4733,0.2595
handpd_spiral,efficientnet_b0,0218-4,1,rotation,2,-0.0701,0.0982,0.2399,0.1107
handpd_spiral,efficientnet_b0,0218-4,1,rotation,3,-0.0686,-0.131,0.2652,0.1101
handpd_spiral,efficientnet_b0,0218-4,1,rotation,4,0.0838,0.1582,0.2637,0.1514
handpd_spiral,efficientnet_b0,0218-4,1,rotation,5,0.0805,0.1015,0.2575,0.119
handpd_spiral,efficientnet_b0,0196-3,1,jpeg_compression,1,0.9954,0.9893,0.9709,0.9171
handpd_spiral,efficientnet_b0,0196-3,1,jpeg_compression,2,0.9716,0.9928,0.9302,0.773
handpd_spiral,efficientnet_b0,0196-3,1,jpeg_compression,3,0.9581,0.9923,0.8775,0.7201
handpd_spiral,efficientnet_b0,0196-3,1,jpeg_compression,4,0.9355,0.8573,0.8104,0.8099
handpd_spiral,efficientnet_b0,0196-3,1,jpeg_compression,5,,,0.4974,0.041
handpd_spiral,efficientnet_b0,0196-3,1,gaussian_blur,1,0.9741,0.9435,0.8987,0.8158
handpd_spiral,efficientnet_b0,0196-3,1,gaussian_blur,2,0.9041,0.8299,0.811,0.6497
handpd_spiral,efficientnet_b0,0196-3,1,gaussian_blur,3,0.8162,0.7939,0.7304,0.5
handpd_spiral,efficientnet_b0,0196-3,1,gaussian_blur,4,0.6954,0.6456,0.6669,0.456
handpd_spiral,efficientnet_b0,0196-3,1,gaussian_blur,5,0.6975,0.6454,0.6601,0.4495
handpd_spiral,efficientnet_b0,0196-3,1,gaussian_noise,1,0.9935,0.9771,0.9662,0.8792
handpd_spiral,efficientnet_b0,0196-3,1,gaussian_noise,2,0.9527,0.9151,0.8332,0.7259
handpd_spiral,efficientnet_b0,0196-3,1,gaussian_noise,3,0.9316,0.8939,0.8286,0.6971
handpd_spiral,efficientnet_b0,0196-3,1,gaussian_noise,4,0.9016,0.8136,0.801,0.6162
handpd_spiral,efficientnet_b0,0196-3,1,gaussian_noise,5,0.8204,0.5844,0.6611,0.4172
handpd_spiral,efficientnet_b0,0196-3,1,contrast,1,0.7496,0.5338,0.5676,0.3376
handpd_spiral,efficientnet_b0,0196-3,1,contrast,2,0.9676,0.9143,0.8396,0.862
handpd_spiral,efficientnet_b0,0196-3,1,contrast,3,0.9925,0.9965,0.9659,0.897
handpd_spiral,efficientnet_b0,0196-3,1,contrast,4,0.9696,0.9591,0.8814,0.7594
handpd_spiral,efficientnet_b0,0196-3,1,contrast,5,0.9198,0.9078,0.7982,0.6452
handpd_spiral,efficientnet_b0,0196-3,1,brightness,1,0.8451,0.8119,0.7125,0.6106
handpd_spiral,efficientnet_b0,0196-3,1,brightness,2,0.7777,0.7808,0.633,0.4924
handpd_spiral,efficientnet_b0,0196-3,1,brightness,3,0.8377,0.8763,0.7125,0.5647
handpd_spiral,efficientnet_b0,0196-3,1,brightness,4,,,0.4974,0.041
handpd_spiral,efficientnet_b0,0196-3,1,brightness,5,,,0.4974,0.041
handpd_spiral,efficientnet_b0,0196-3,1,shadow,1,0.9272,0.9275,0.7867,0.7774
handpd_spiral,efficientnet_b0,0196-3,1,shadow,2,0.8773,0.8815,0.6472,0.6777
handpd_spiral,efficientnet_b0,0196-3,1,shadow,3,0.8484,0.8307,0.5805,0.6502
handpd_spiral,efficientnet_b0,0196-3,1,shadow,4,0.8486,0.77,0.5905,0.6661
handpd_spiral,efficientnet_b0,0196-3,1,shadow,5,0.8531,0.6891,0.5839,0.6994
handpd_spiral,efficientnet_b0,0196-3,1,perspective,1,0.8028,0.5478,0.6587,0.4374
handpd_spiral,efficientnet_b0,0196-3,1,perspective,2,0.8152,0.5913,0.6744,0.4851
handpd_spiral,efficientnet_b0,0196-3,1,perspective,3,0.7789,0.559,0.6431,0.3962
handpd_spiral,efficientnet_b0,0196-3,1,perspective,4,0.8155,0.7619,0.7251,0.5089
handpd_spiral,efficientnet_b0,0196-3,1,perspective,5,0.8585,0.6918,0.7367,0.5829
handpd_spiral,efficientnet_b0,0196-3,1,rotation,1,0.6339,0.7286,0.646,0.3671
handpd_spiral,efficientnet_b0,0196-3,1,rotation,2,0.4658,0.5022,0.5169,0.2991
handpd_spiral,efficientnet_b0,0196-3,1,rotation,3,0.1185,0.3376,0.4398,0.1599
handpd_spiral,efficientnet_b0,0196-3,1,rotation,4,0.4557,0.4787,0.4893,0.3282
handpd_spiral,efficientnet_b0,0196-3,1,rotation,5,-0.0258,0.1293,0.4147,0.1452
handpd_spiral,efficientnet_b0,0149-1,1,jpeg_compression,1,0.9979,0.998,0.9932,0.9561
handpd_spiral,efficientnet_b0,0149-1,1,jpeg_compression,2,0.9963,0.9965,0.9779,0.9244
handpd_spiral,efficientnet_b0,0149-1,1,jpeg_compression,3,0.9933,0.9935,0.9536,0.9376
handpd_spiral,efficientnet_b0,0149-1,1,jpeg_compression,4,0.9699,0.9728,0.8717,0.8245
handpd_spiral,efficientnet_b0,0149-1,1,jpeg_compression,5,0.7426,0.7389,0.4176,0.563
handpd_spiral,efficientnet_b0,0149-1,1,gaussian_blur,1,0.9866,0.9893,0.9318,0.8861
handpd_spiral,efficientnet_b0,0149-1,1,gaussian_blur,2,0.9645,0.972,0.8532,0.8357
handpd_spiral,efficientnet_b0,0149-1,1,gaussian_blur,3,0.9188,0.9373,0.7449,0.7604
handpd_spiral,efficientnet_b0,0149-1,1,gaussian_blur,4,0.873,0.902,0.6552,0.6921
handpd_spiral,efficientnet_b0,0149-1,1,gaussian_blur,5,0.8524,0.8817,0.5953,0.6871
handpd_spiral,efficientnet_b0,0149-1,1,gaussian_noise,1,0.9988,0.9988,0.9901,0.9713
handpd_spiral,efficientnet_b0,0149-1,1,gaussian_noise,2,0.9804,0.9833,0.9556,0.844
handpd_spiral,efficientnet_b0,0149-1,1,gaussian_noise,3,0.9525,0.9594,0.9415,0.6867
handpd_spiral,efficientnet_b0,0149-1,1,gaussian_noise,4,0.9781,0.9781,0.9429,0.7838
handpd_spiral,efficientnet_b0,0149-1,1,gaussian_noise,5,0.9509,0.9498,0.8997,0.6754
handpd_spiral,efficientnet_b0,0149-1,1,contrast,1,0.9217,0.955,0.6368,0.7461
handpd_spiral,efficientnet_b0,0149-1,1,contrast,2,0.9769,0.9811,0.862,0.8277
handpd_spiral,efficientnet_b0,0149-1,1,contrast,3,0.9958,0.996,0.9717,0.9035
handpd_spiral,efficientnet_b0,0149-1,1,contrast,4,0.9826,0.985,0.9629,0.8066
handpd_spiral,efficientnet_b0,0149-1,1,contrast,5,0.9654,0.97,0.937,0.6851
handpd_spiral,efficientnet_b0,0149-1,1,brightness,1,0.9023,0.9108,0.8478,0.6746
handpd_spiral,efficientnet_b0,0149-1,1,brightness,2,0.934,0.9455,0.9092,0.7636
handpd_spiral,efficientnet_b0,0149-1,1,brightness,3,0.976,0.9795,0.9561,0.8472
handpd_spiral,efficientnet_b0,0149-1,1,brightness,4,0.5566,0.5727,0.2109,0.4134
handpd_spiral,efficientnet_b0,0149-1,1,brightness,5,0.5341,0.5171,0.1613,0.4248
handpd_spiral,efficientnet_b0,0149-1,1,shadow,1,0.9854,0.9866,0.9568,0.854
handpd_spiral,efficientnet_b0,0149-1,1,shadow,2,0.9529,0.9565,0.9113,0.718
handpd_spiral,efficientnet_b0,0149-1,1,shadow,3,0.8877,0.8841,0.827,0.6024
handpd_spiral,efficientnet_b0,0149-1,1,shadow,4,0.8277,0.8105,0.7564,0.5524
handpd_spiral,efficientnet_b0,0149-1,1,shadow,5,0.7908,0.7754,0.7069,0.5223
handpd_spiral,efficientnet_b0,0149-1,1,perspective,1,0.7935,0.8254,0.669,0.4477
handpd_spiral,efficientnet_b0,0149-1,1,perspective,2,0.6892,0.6994,0.6058,0.3567
handpd_spiral,efficientnet_b0,0149-1,1,perspective,3,0.6258,0.633,0.6066,0.2999
handpd_spiral,efficientnet_b0,0149-1,1,perspective,4,0.6422,0.6522,0.6312,0.2795
handpd_spiral,efficientnet_b0,0149-1,1,perspective,5,0.5032,0.5311,0.5954,0.2484
handpd_spiral,efficientnet_b0,0149-1,1,rotation,1,0.5681,0.5527,0.6889,0.4019
handpd_spiral,efficientnet_b0,0149-1,1,rotation,2,0.5591,0.5442,0.6337,0.419
handpd_spiral,efficientnet_b0,0149-1,1,rotation,3,0.5488,0.5506,0.6791,0.3331
handpd_spiral,efficientnet_b0,0149-1,1,rotation,4,0.5196,0.4799,0.5545,0.2994
handpd_spiral,efficientnet_b0,0149-1,1,rotation,5,0.3924,0.3674,0.4715,0.0989
handpd_spiral,efficientnet_b0,0003-2,1,jpeg_compression,1,0.9989,0.9987,0.9985,0.9404
handpd_spiral,efficientnet_b0,0003-2,1,jpeg_compression,2,0.9945,0.9959,0.9913,0.9125
handpd_spiral,efficientnet_b0,0003-2,1,jpeg_compression,3,0.9968,0.9964,0.9961,0.8787
handpd_spiral,efficientnet_b0,0003-2,1,jpeg_compression,4,0.9446,0.9523,0.9302,0.6961
handpd_spiral,efficientnet_b0,0003-2,1,jpeg_compression,5,0.8503,0.8662,0.7216,0.4442
handpd_spiral,efficientnet_b0,0003-2,1,gaussian_blur,1,0.9835,0.9872,0.9731,0.8675
handpd_spiral,efficientnet_b0,0003-2,1,gaussian_blur,2,0.958,0.9669,0.9474,0.7712
handpd_spiral,efficientnet_b0,0003-2,1,gaussian_blur,3,0.9198,0.9374,0.907,0.7194
handpd_spiral,efficientnet_b0,0003-2,1,gaussian_blur,4,0.9004,0.9212,0.8895,0.6836
handpd_spiral,efficientnet_b0,0003-2,1,gaussian_blur,5,0.8678,0.8931,0.8654,0.6309
handpd_spiral,efficientnet_b0,0003-2,1,gaussian_noise,1,0.9981,0.998,0.9974,0.9283
handpd_spiral,efficientnet_b0,0003-2,1,gaussian_noise,2,0.9904,0.9887,0.9899,0.8535
handpd_spiral,efficientnet_b0,0003-2,1,gaussian_noise,3,0.9667,0.9589,0.9676,0.6348
handpd_spiral,efficientnet_b0,0003-2,1,gaussian_noise,4,0.9545,0.9411,0.9629,0.6079
handpd_spiral,efficientnet_b0,0003-2,1,gaussian_noise,5,0.9406,0.9316,0.9546,0.4659
handpd_spiral,efficientnet_b0,0003-2,1,contrast,1,0.9246,0.9262,0.8364,0.4559
handpd_spiral,efficientnet_b0,0003-2,1,contrast,2,0.9798,0.9806,0.9592,0.7207
handpd_spiral,efficientnet_b0,0003-2,1,contrast,3,0.9968,0.9968,0.9919,0.908
handpd_spiral,efficientnet_b0,0003-2,1,contrast,4,0.9917,0.9916,0.988,0.8964
handpd_spiral,efficientnet_b0,0003-2,1,contrast,5,0.9864,0.9853,0.9806,0.867
handpd_spiral,efficientnet_b0,0003-2,1,brightness,1,0.9146,0.9068,0.9192,0.4641
handpd_spiral,efficientnet_b0,0003-2,1,brightness,2,0.9502,0.948,0.9545,0.6084
handpd_spiral,efficientnet_b0,0003-2,1,brightness,3,0.976,0.9747,0.9788,0.7287
handpd_spiral,efficientnet_b0,0003-2,1,brightness,4,0.7722,0.7882,0.6779,0.2385
handpd_spiral,efficientnet_b0,0003-2,1,brightness,5,0.756,0.774,0.6555,0.2212
handpd_spiral,efficientnet_b0,0003-2,1,shadow,1,0.9754,0.975,0.9793,0.7547
handpd_spiral,efficientnet_b0,0003-2,1,shadow,2,0.9224,0.9179,0.928,0.4612
handpd_spiral,efficientnet_b0,0003-2,1,shadow,3,0.8594,0.8347,0.8926,0.3325
handpd_spiral,efficientnet_b0,0003-2,1,shadow,4,0.7988,0.7501,0.8652,0.2251
handpd_spiral,efficientnet_b0,0003-2,1,shadow,5,0.7332,0.6604,0.8385,0.191
handpd_spiral,efficientnet_b0,0003-2,1,perspective,1,0.8416,0.8203,0.7719,0.3214
handpd_spiral,efficientnet_b0,0003-2,1,perspective,2,0.7391,0.707,0.7038,0.1888
handpd_spiral,efficientnet_b0,0003-2,1,perspective,3,0.7675,0.7241,0.7891,0.2033
handpd_spiral,efficientnet_b0,0003-2,1,perspective,4,0.6697,0.626,0.7734,0.1515
handpd_spiral,efficientnet_b0,0003-2,1,perspective,5,0.6489,0.6227,0.7411,0.1788
handpd_spiral,efficientnet_b0,0003-2,1,rotation,1,0.8389,0.8332,0.8509,0.3981
handpd_spiral,efficientnet_b0,0003-2,1,rotation,2,0.7293,0.6828,0.7817,0.2868
handpd_spiral,efficientnet_b0,0003-2,1,rotation,3,0.7164,0.707,0.7915,0.3224
handpd_spiral,efficientnet_b0,0003-2,1,rotation,4,0.748,0.7045,0.7553,0.3098
handpd_spiral,efficientnet_b0,0003-2,1,rotation,5,0.7993,0.8008,0.7825,0.5262
handpd_spiral,mobilenet_v3_large,0289-4,0,jpeg_compression,1,0.9967,0.9787,0.9661,0.9065
handpd_spiral,mobilenet_v3_large,0289-4,0,jpeg_compression,2,0.9823,0.9618,0.9437,0.8715
handpd_spiral,mobilenet_v3_large,0289-4,0,jpeg_compression,3,0.9677,0.9179,0.8868,0.735
handpd_spiral,mobilenet_v3_large,0289-4,0,jpeg_compression,4,0.9283,0.8824,0.8439,0.5763
handpd_spiral,mobilenet_v3_large,0289-4,0,jpeg_compression,5,0.0465,0.1903,0.5014,0.1465
handpd_spiral,mobilenet_v3_large,0289-4,0,gaussian_blur,1,0.9943,0.9927,0.9677,0.9116
handpd_spiral,mobilenet_v3_large,0289-4,0,gaussian_blur,2,0.9794,0.9595,0.9319,0.8097
handpd_spiral,mobilenet_v3_large,0289-4,0,gaussian_blur,3,0.9295,0.8127,0.8072,0.6309
handpd_spiral,mobilenet_v3_large,0289-4,0,gaussian_blur,4,0.8208,0.7564,0.7441,0.5043
handpd_spiral,mobilenet_v3_large,0289-4,0,gaussian_blur,5,0.6449,0.714,0.7199,0.38
handpd_spiral,mobilenet_v3_large,0289-4,0,gaussian_noise,1,0.9975,0.9838,0.9776,0.9472
handpd_spiral,mobilenet_v3_large,0289-4,0,gaussian_noise,2,0.9878,0.9904,0.9475,0.8925
handpd_spiral,mobilenet_v3_large,0289-4,0,gaussian_noise,3,0.9427,0.9794,0.8797,0.8369
handpd_spiral,mobilenet_v3_large,0289-4,0,gaussian_noise,4,0.9527,0.8535,0.8211,0.8125
handpd_spiral,mobilenet_v3_large,0289-4,0,gaussian_noise,5,0.8934,0.8277,0.7858,0.6583
handpd_spiral,mobilenet_v3_large,0289-4,0,contrast,1,0.8991,0.8488,0.8196,0.7372
handpd_spiral,mobilenet_v3_large,0289-4,0,contrast,2,0.9787,0.8736,0.9051,0.8806
handpd_spiral,mobilenet_v3_large,0289-4,0,contrast,3,0.9901,0.9468,0.9555,0.8916
handpd_spiral,mobilenet_v3_large,0289-4,0,contrast,4,0.9679,0.9014,0.8621,0.8332
handpd_spiral,mobilenet_v3_large,0289-4,0,contrast,5,0.9677,0.8119,0.8359,0.8137
handpd_spiral,mobilenet_v3_large,0289-4,0,brightness,1,0.9218,0.7854,0.7313,0.7019
handpd_spiral,mobilenet_v3_large,0289-4,0,brightness,2,0.9612,0.8168,0.8032,0.7578
handpd_spiral,mobilenet_v3_large,0289-4,0,brightness,3,0.9843,0.8608,0.8836,0.8284
handpd_spiral,mobilenet_v3_large,0289-4,0,brightness,4,0.0057,0.4669,0.5396,0.3216
handpd_spiral,mobilenet_v3_large,0289-4,0,brightness,5,-0.0188,0.2923,0.4828,0.2153
handpd_spiral,mobilenet_v3_large,0289-4,0,shadow,1,0.9913,0.8632,0.9151,0.8578
handpd_spiral,mobilenet_v3_large,0289-4,0,shadow,2,0.9634,0.7789,0.7838,0.7802
handpd_spiral,mobilenet_v3_large,0289-4,0,shadow,3,0.9157,0.7147,0.671,0.7256
handpd_spiral,mobilenet_v3_large,0289-4,0,shadow,4,0.8322,0.5981,0.5891,0.6573
handpd_spiral,mobilenet_v3_large,0289-4,0,shadow,5,0.773,0.57,0.5343,0.6172
handpd_spiral,mobilenet_v3_large,0289-4,0,perspective,1,0.7544,0.7468,0.7493,0.4566
handpd_spiral,mobilenet_v3_large,0289-4,0,perspective,2,0.8285,0.7077,0.7183,0.509
handpd_spiral,mobilenet_v3_large,0289-4,0,perspective,3,0.7177,0.6613,0.6846,0.4236
handpd_spiral,mobilenet_v3_large,0289-4,0,perspective,4,0.498,0.5357,0.5955,0.3314
handpd_spiral,mobilenet_v3_large,0289-4,0,perspective,5,0.3963,0.3424,0.4143,0.2539
handpd_spiral,mobilenet_v3_large,0289-4,0,rotation,1,0.8664,0.7274,0.7511,0.4955
handpd_spiral,mobilenet_v3_large,0289-4,0,rotation,2,0.3361,0.4906,0.5918,0.2853
handpd_spiral,mobilenet_v3_large,0289-4,0,rotation,3,0.2949,0.5968,0.5151,0.2179
handpd_spiral,mobilenet_v3_large,0289-4,0,rotation,4,0.0199,0.1771,0.5408,0.0895
handpd_spiral,mobilenet_v3_large,0289-4,0,rotation,5,0.133,0.3119,0.4732,0.1979
handpd_spiral,mobilenet_v3_large,0104-2,0,jpeg_compression,1,0.9991,0.9487,0.9913,0.9246
handpd_spiral,mobilenet_v3_large,0104-2,0,jpeg_compression,2,0.9918,0.9127,0.9557,0.7995
handpd_spiral,mobilenet_v3_large,0104-2,0,jpeg_compression,3,0.9916,0.9261,0.9493,0.7383
handpd_spiral,mobilenet_v3_large,0104-2,0,jpeg_compression,4,0.987,0.9968,0.9765,0.8511
handpd_spiral,mobilenet_v3_large,0104-2,0,jpeg_compression,5,0.5553,0.7044,0.7355,0.5412
handpd_spiral,mobilenet_v3_large,0104-2,0,gaussian_blur,1,0.9962,0.9988,0.987,0.9162
handpd_spiral,mobilenet_v3_large,0104-2,0,gaussian_blur,2,0.9835,0.957,0.9506,0.8724
handpd_spiral,mobilenet_v3_large,0104-2,0,gaussian_blur,3,0.963,0.9558,0.9231,0.8409
handpd_spiral,mobilenet_v3_large,0104-2,0,gaussian_blur,4,0.9322,0.955,0.8892,0.8307
handpd_spiral,mobilenet_v3_large,0104-2,0,gaussian_blur,5,0.9118,0.9547,0.8715,0.844
handpd_spiral,mobilenet_v3_large,0104-2,0,gaussian_noise,1,0.9984,0.952,0.996,0.9202
handpd_spiral,mobilenet_v3_large,0104-2,0,gaussian_noise,2,0.9891,0.9095,0.9322,0.7461
handpd_spiral,mobilenet_v3_large,0104-2,0,gaussian_noise,3,0.9954,0.9535,0.9743,0.8201
handpd_spiral,mobilenet_v3_large,0104-2,0,gaussian_noise,4,0.979,0.6721,0.8273,0.5694
handpd_spiral,mobilenet_v3_large,0104-2,0,gaussian_noise,5,0.9713,0.7317,0.8556,0.6127
handpd_spiral,mobilenet_v3_large,0104-2,0,contrast,1,0.9974,0.9298,0.9633,0.8661
handpd_spiral,mobilenet_v3_large,0104-2,0,contrast,2,0.9969,0.9311,0.9687,0.8877
handpd_spiral,mobilenet_v3_large,0104-2,0,contrast,3,0.9988,0.9715,0.9919,0.9029
handpd_spiral,mobilenet_v3_large,0104-2,0,contrast,4,0.9947,0.9369,0.9584,0.845
handpd_spiral,mobilenet_v3_large,0104-2,0,contrast,5,0.9946,0.9954,0.9775,0.8381
handpd_spiral,mobilenet_v3_large,0104-2,0,brightness,1,0.9798,0.7527,0.7217,0.7625
handpd_spiral,mobilenet_v3_large,0104-2,0,brightness,2,0.9837,0.8026,0.8327,0.7846
handpd_spiral,mobilenet_v3_large,0104-2,0,brightness,3,0.9937,0.9003,0.9411,0.8585
handpd_spiral,mobilenet_v3_large,0104-2,0,brightness,4,0.5085,0.6671,0.7043,0.4797
handpd_spiral,mobilenet_v3_large,0104-2,0,brightness,5,0.5481,0.7308,0.7176,0.4914
handpd_spiral,mobilenet_v3_large,0104-2,0,shadow,1,0.9955,0.9323,0.9618,0.8727
handpd_spiral,mobilenet_v3_large,0104-2,0,shadow,2,0.9715,0.7353,0.8225,0.6714
handpd_spiral,mobilenet_v3_large,0104-2,0,shadow,3,0.9317,0.463,0.6492,0.4259
handpd_spiral,mobilenet_v3_large,0104-2,0,shadow,4,0.853,0.2559,0.5219,0.3015
handpd_spiral,mobilenet_v3_large,0104-2,0,shadow,5,0.7418,0.0583,0.3924,0.2403
handpd_spiral,mobilenet_v3_large,0104-2,0,perspective,1,0.9169,0.7947,0.8615,0.7744
handpd_spiral,mobilenet_v3_large,0104-2,0,perspective,2,0.8968,0.8374,0.8024,0.6206
handpd_spiral,mobilenet_v3_large,0104-2,0,perspective,3,0.8756,0.8293,0.8411,0.6369
handpd_spiral,mobilenet_v3_large,0104-2,0,perspective,4,0.9457,0.6913,0.7348,0.4115
handpd_spiral,mobilenet_v3_large,0104-2,0,perspective,5,0.9054,0.6171,0.7409,0.4454
handpd_spiral,mobilenet_v3_large,0104-2,0,rotation,1,0.9082,0.5716,0.8133,0.5329
handpd_spiral,mobilenet_v3_large,0104-2,0,rotation,2,0.2782,0.7257,0.7248,0.5896
handpd_spiral,mobilenet_v3_large,0104-2,0,rotation,3,0.3869,0.5692,0.6532,0.3835
handpd_spiral,mobilenet_v3_large,0104-2,0,rotation,4,0.1436,0.5415,0.7061,0.3263
handpd_spiral,mobilenet_v3_large,0104-2,0,rotation,5,0.1545,0.3387,0.5513,0.2714
handpd_spiral,mobilenet_v3_large,0287-3,0,jpeg_compression,1,0.9959,0.9999,0.9981,0.997
handpd_spiral,mobilenet_v3_large,0287-3,0,jpeg_compression,2,0.9926,0.7467,0.8188,0.9038
handpd_spiral,mobilenet_v3_large,0287-3,0,jpeg_compression,3,0.8937,0.7266,0.8019,0.6973
handpd_spiral,mobilenet_v3_large,0287-3,0,jpeg_compression,4,0.8695,0.8286,0.8929,0.6448
handpd_spiral,mobilenet_v3_large,0287-3,0,jpeg_compression,5,0.1973,0.1163,0.6535,0.2099
handpd_spiral,mobilenet_v3_large,0287-3,0,gaussian_blur,1,0.9907,0.9998,0.9926,0.9964
handpd_spiral,mobilenet_v3_large,0287-3,0,gaussian_blur,2,0.9779,0.8572,0.9392,0.9065
handpd_spiral,mobilenet_v3_large,0287-3,0,gaussian_blur,3,0.9471,0.8448,0.9029,0.8063
handpd_spiral,mobilenet_v3_large,0287-3,0,gaussian_blur,4,0.9466,0.7614,0.8826,0.8237
handpd_spiral,mobilenet_v3_large,0287-3,0,gaussian_blur,5,0.9551,0.7228,0.7905,0.7628
handpd_spiral,mobilenet_v3_large,0287-3,0,gaussian_noise,1,0.9928,0.9998,0.9935,0.9946
handpd_spiral,mobilenet_v3_large,0287-3,0,gaussian_noise,2,0.9828,0.9183,0.9585,0.8312
handpd_spiral,mobilenet_v3_large,0287-3,0,gaussian_noise,3,0.8899,0.8591,0.9341,0.965
handpd_spiral,mobilenet_v3_large,0287-3,0,gaussian_noise,4,0.8716,0.9074,0.9296,0.9797
handpd_spiral,mobilenet_v3_large,0287-3,0,gaussian_noise,5,0.5735,0.5741,0.742,0.4553
handpd_spiral,mobilenet_v3_large,0287-3,0,contrast,1,0.8545,0.8238,0.8503,0.7691
handpd_spiral,mobilenet_v3_large,0287-3,0,contrast,2,0.9362,0.8033,0.8844,0.8037
handpd_spiral,mobilenet_v3_large,0287-3,0,contrast,3,0.9746,0.8152,0.9366,0.8993
handpd_spiral,mobilenet_v3_large,0287-3,0,contrast,4,0.9917,0.9998,0.992,0.9934
handpd_spiral,mobilenet_v3_large,0287-3,0,contrast,5,0.9451,0.9986,0.9772,0.9873
handpd_spiral,mobilenet_v3_large,0287-3,0,brightness,1,0.8144,0.6628,0.6377,0.6385
handpd_spiral,mobilenet_v3_large,0287-3,0,brightness,2,0.7337,0.6778,0.7412,0.5379
handpd_spiral,mobilenet_v3_large,0287-3,0,brightness,3,0.8786,0.7887,0.8357,0.7466
handpd_spiral,mobilenet_v3_large,0287-3,0,brightness,4,0.2083,0.1581,0.5645,0.2029
handpd_spiral,mobilenet_v3_large,0287-3,0,brightness,5,0.1378,0.0783,0.5158,0.1665
handpd_spiral,mobilenet_v3_large,0287-3,0,shadow,1,0.9218,0.9078,0.9599,0.9746
handpd_spiral,mobilenet_v3_large,0287-3,0,shadow,2,0.7599,0.5787,0.8022,0.6205
handpd_spiral,mobilenet_v3_large,0287-3,0,shadow,3,0.5654,0.3743,0.6291,0.4037
handpd_spiral,mobilenet_v3_large,0287-3,0,shadow,4,0.2283,0.1324,0.3817,0.2449
handpd_spiral,mobilenet_v3_large,0287-3,0,shadow,5,-0.0547,-0.1211,0.2816,0.1137
handpd_spiral,mobilenet_v3_large,0287-3,0,perspective,1,0.8367,0.6691,0.6491,0.5922
handpd_spiral,mobilenet_v3_large,0287-3,0,perspective,2,0.7051,0.6946,0.7108,0.6517
handpd_spiral,mobilenet_v3_large,0287-3,0,perspective,3,0.5775,0.5976,0.6365,0.4188
handpd_spiral,mobilenet_v3_large,0287-3,0,perspective,4,0.1494,0.2313,0.4506,0.1682
handpd_spiral,mobilenet_v3_large,0287-3,0,perspective,5,0.2852,0.3298,0.4208,0.2037
handpd_spiral,mobilenet_v3_large,0287-3,0,rotation,1,0.6308,0.6328,0.7999,0.5697
handpd_spiral,mobilenet_v3_large,0287-3,0,rotation,2,-0.0931,-0.1642,0.7094,0.1682
handpd_spiral,mobilenet_v3_large,0287-3,0,rotation,3,0.302,0.3196,0.559,0.2953
handpd_spiral,mobilenet_v3_large,0287-3,0,rotation,4,0.0988,0.1048,0.6686,0.1598
handpd_spiral,mobilenet_v3_large,0287-3,0,rotation,5,0.0646,0.0777,0.4832,0.1628
handpd_spiral,mobilenet_v3_large,0104-1,0,jpeg_compression,1,0.9991,0.9998,0.9988,0.9669
handpd_spiral,mobilenet_v3_large,0104-1,0,jpeg_compression,2,0.9972,0.9226,0.9782,0.9582
handpd_spiral,mobilenet_v3_large,0104-1,0,jpeg_compression,3,0.9961,0.898,0.9532,0.9667
handpd_spiral,mobilenet_v3_large,0104-1,0,jpeg_compression,4,0.9907,0.9984,0.9887,0.8776
handpd_spiral,mobilenet_v3_large,0104-1,0,jpeg_compression,5,0.9846,0.9235,0.9347,0.8274
handpd_spiral,mobilenet_v3_large,0104-1,0,gaussian_blur,1,0.9975,0.9996,0.997,0.9352
handpd_spiral,mobilenet_v3_large,0104-1,0,gaussian_blur,2,0.9942,0.9992,0.9938,0.9293
handpd_spiral,mobilenet_v3_large,0104-1,0,gaussian_blur,3,0.9866,0.9984,0.9852,0.8975
handpd_spiral,mobilenet_v3_large,0104-1,0,gaussian_blur,4,0.988,0.9984,0.9856,0.8979
handpd_spiral,mobilenet_v3_large,0104-1,0,gaussian_blur,5,0.9865,0.9368,0.9832,0.8918
handpd_spiral,mobilenet_v3_large,0104-1,0,gaussian_noise,1,0.9996,0.9999,0.9994,0.9771
handpd_spiral,mobilenet_v3_large,0104-1,0,gaussian_noise,2,0.9979,0.9995,0.9969,0.9235
handpd_spiral,mobilenet_v3_large,0104-1,0,gaussian_noise,3,0.9693,0.919,0.9536,0.8075
handpd_spiral,mobilenet_v3_large,0104-1,0,gaussian_noise,4,0.9885,0.9748,0.966,0.8264
handpd_spiral,mobilenet_v3_large,0104-1,0,gaussian_noise,5,0.9328,0.8981,0.878,0.6524
handpd_spiral,mobilenet_v3_large,0104-1,0,contrast,1,0.9957,0.9131,0.9801,0.9369
handpd_spiral,mobilenet_v3_large,0104-1,0,contrast,2,0.9987,0.9997,0.9983,0.9352
handpd_spiral,mobilenet_v3_large,0104-1,0,contrast,3,0.9993,0.9999,0.9991,0.9537
handpd_spiral,mobilenet_v3_large,0104-1,0,contrast,4,0.9967,0.9995,0.9962,0.9309
handpd_spiral,mobilenet_v3_large,0104-1,0,contrast,5,0.997,0.9996,0.9971,0.9352
handpd_spiral,mobilenet_v3_large,0104-1,0,brightness,1,0.9607,0.7431,0.6903,0.7694
handpd_spiral,mobilenet_v3_large,0104-1,0,brightness,2,0.983,0.829,0.8342,0.8609
handpd_spiral,mobilenet_v3_large,0104-1,0,brightness,3,0.9892,0.9544,0.9772,0.8599
handpd_spiral,mobilenet_v3_large,0104-1,0,brightness,4,0.937,0.9112,0.88,0.6464
handpd_spiral,mobilenet_v3_large,0104-1,0,brightness,5,0.9322,0.8403,0.8805,0.6598
handpd_spiral,mobilenet_v3_large,0104-1,0,shadow,1,0.9964,0.9993,0.9955,0.9131
handpd_spiral,mobilenet_v3_large,0104-1,0,shadow,2,0.9673,0.9009,0.9382,0.7691
handpd_spiral,mobilenet_v3_large,0104-1,0,shadow,3,0.9377,0.7685,0.8302,0.6739
handpd_spiral,mobilenet_v3_large,0104-1,0,shadow,4,0.869,0.4398,0.6487,0.4862
handpd_spiral,mobilenet_v3_large,0104-1,0,shadow,5,0.7555,0.21,0.4536,0.2935
handpd_spiral,mobilenet_v3_large,0104-1,0,perspective,1,0.9826,0.91,0.9305,0.868
handpd_spiral,mobilenet_v3_large,0104-1,0,perspective,2,0.9633,0.8852,0.8994,0.7923
handpd_spiral,mobilenet_v3_large,0104-1,0,perspective,3,0.9237,0.7816,0.7583,0.7515
handpd_spiral,mobilenet_v3_large,0104-1,0,perspective,4,0.9,0.8031,0.7796,0.7211
handpd_spiral,mobilenet_v3_large,0104-1,0,perspective,5,0.8426,0.7902,0.7676,0.6308
handpd_spiral,mobilenet_v3_large,0104-1,0,rotation,1,0.9116,0.8671,0.8549,0.6137
handpd_spiral,mobilenet_v3_large,0104-1,0,rotation,2,0.5896,0.7917,0.7787,0.6197
handpd_spiral,mobilenet_v3_large,0104-1,0,rotation,3,0.6995,0.8143,0.7776,0.51
handpd_spiral,mobilenet_v3_large,0104-1,0,rotation,4,0.1978,0.314,0.7145,0.2253
handpd_spiral,mobilenet_v3_large,0104-1,0,rotation,5,0.2739,0.4769,0.6896,0.3524
handpd_spiral,mobilenet_v3_large,0127-2,0,jpeg_compression,1,0.9912,0.9997,0.9946,0.9626
handpd_spiral,mobilenet_v3_large,0127-2,0,jpeg_compression,2,0.9714,0.9968,0.9681,0.8367
handpd_spiral,mobilenet_v3_large,0127-2,0,jpeg_compression,3,0.9642,0.9687,0.9543,0.8322
handpd_spiral,mobilenet_v3_large,0127-2,0,jpeg_compression,4,0.984,0.9633,0.9478,0.8616
handpd_spiral,mobilenet_v3_large,0127-2,0,jpeg_compression,5,0.9436,0.8145,0.86,0.9151
handpd_spiral,mobilenet_v3_large,0127-2,0,gaussian_blur,1,0.9854,0.9691,0.9692,0.9516
handpd_spiral,mobilenet_v3_large,0127-2,0,gaussian_blur,2,0.9634,0.9659,0.937,0.9062
handpd_spiral,mobilenet_v3_large,0127-2,0,gaussian_blur,3,0.9291,0.9594,0.9058,0.868
handpd_spiral,mobilenet_v3_large,0127-2,0,gaussian_blur,4,0.9156,0.9563,0.8893,0.8351
handpd_spiral,mobilenet_v3_large,0127-2,0,gaussian_blur,5,0.9038,0.9532,0.8908,0.7907
handpd_spiral,mobilenet_v3_large,0127-2,0,gaussian_noise,1,0.9931,0.9692,0.9764,0.928
handpd_spiral,mobilenet_v3_large,0127-2,0,gaussian_noise,2,0.9826,0.9986,0.9828,0.9053
handpd_spiral,mobilenet_v3_large,0127-2,0,gaussian_noise,3,0.9433,0.9963,0.9485,0.8632
handpd_spiral,mobilenet_v3_large,0127-2,0,gaussian_noise,4,0.8789,0.8787,0.8793,0.8443
handpd_spiral,mobilenet_v3_large,0127-2,0,gaussian_noise,5,0.7102,0.8269,0.7871,0.5113
handpd_spiral,mobilenet_v3_large,0127-2,0,contrast,1,0.9759,0.9614,0.9364,0.8264
handpd_spiral,mobilenet_v3_large,0127-2,0,contrast,2,0.9932,0.9683,0.9722,0.948
handpd_spiral,mobilenet_v3_large,0127-2,0,contrast,3,0.9979,0.9705,0.9905,0.9777
handpd_spiral,mobilenet_v3_large,0127-2,0,contrast,4,0.9979,0.9701,0.9819,0.9419
handpd_spiral,mobilenet_v3_large,0127-2,0,contrast,5,0.9912,0.9681,0.9732,0.9186
handpd_spiral,mobilenet_v3_large,0127-2,0,brightness,1,0.928,0.7583,0.7442,0.8115
handpd_spiral,mobilenet_v3_large,0127-2,0,brightness,2,0.9087,0.8214,0.861,0.7775
handpd_spiral,mobilenet_v3_large,0127-2,0,brightness,3,0.9732,0.9034,0.9285,0.8819
handpd_spiral,mobilenet_v3_large,0127-2,0,brightness,4,0.7273,0.6384,0.8175,0.4985
handpd_spiral,mobilenet_v3_large,0127-2,0,brightness,5,0.6972,0.6379,0.8146,0.4909
handpd_spiral,mobilenet_v3_large,0127-2,0,shadow,1,0.991,0.9346,0.949,0.9317
handpd_spiral,mobilenet_v3_large,0127-2,0,shadow,2,0.9126,0.7797,0.7881,0.6433
handpd_spiral,mobilenet_v3_large,0127-2,0,shadow,3,0.7477,0.6782,0.6544,0.4584
handpd_spiral,mobilenet_v3_large,0127-2,0,shadow,4,0.5862,0.5643,0.5827,0.3529
handpd_spiral,mobilenet_v3_large,0127-2,0,shadow,5,0.4685,0.5075,0.5258,0.2441
handpd_spiral,mobilenet_v3_large,0127-2,0,perspective,1,0.8683,0.8822,0.8719,0.6789
handpd_spiral,mobilenet_v3_large,0127-2,0,perspective,2,0.8415,0.859,0.8071,0.612
handpd_spiral,mobilenet_v3_large,0127-2,0,perspective,3,0.8037,0.7655,0.6803,0.5698
handpd_spiral,mobilenet_v3_large,0127-2,0,perspective,4,0.7478,0.714,0.6726,0.531
handpd_spiral,mobilenet_v3_large,0127-2,0,perspective,5,0.7118,0.6526,0.5541,0.3554
handpd_spiral,mobilenet_v3_large,0127-2,0,rotation,1,0.7491,0.7674,0.7344,0.4275
handpd_spiral,mobilenet_v3_large,0127-2,0,rotation,2,0.3423,0.8387,0.8047,0.5631
handpd_spiral,mobilenet_v3_large,0127-2,0,rotation,3,0.4145,0.8396,0.7633,0.451
handpd_spiral,mobilenet_v3_large,0127-2,0,rotation,4,-0.0636,-0.0008,0.6502,0.1793
handpd_spiral,mobilenet_v3_large,0127-2,0,rotation,5,0.1399,0.4912,0.7091,0.3049
handpd_spiral,mobilenet_v3_large,0054-4,1,jpeg_compression,1,0.9992,0.9984,0.9943,0.9489
handpd_spiral,mobilenet_v3_large,0054-4,1,jpeg_compression,2,0.9922,0.9854,0.9677,0.8713
handpd_spiral,mobilenet_v3_large,0054-4,1,jpeg_compression,3,0.988,0.9788,0.9418,0.7888
handpd_spiral,mobilenet_v3_large,0054-4,1,jpeg_compression,4,0.9839,0.9654,0.9282,0.8406
handpd_spiral,mobilenet_v3_large,0054-4,1,jpeg_compression,5,0.9363,0.7883,0.6992,0.5452
handpd_spiral,mobilenet_v3_large,0054-4,1,gaussian_blur,1,0.9968,0.9919,0.977,0.8455
handpd_spiral,mobilenet_v3_large,0054-4,1,gaussian_blur,2,0.9914,0.9787,0.9501,0.7755
handpd_spiral,mobilenet_v3_large,0054-4,1,gaussian_blur,3,0.9713,0.9514,0.905,0.7065
handpd_spiral,mobilenet_v3_large,0054-4,1,gaussian_blur,4,0.9566,0.9416,0.8857,0.6961
handpd_spiral,mobilenet_v3_large,0054-4,1,gaussian_blur,5,0.9324,0.9265,0.8621,0.6658
handpd_spiral,mobilenet_v3_large,0054-4,1,gaussian_noise,1,0.9964,0.9854,0.9783,0.8886
handpd_spiral,mobilenet_v3_large,0054-4,1,gaussian_noise,2,0.9841,0.9879,0.9693,0.7965
handpd_spiral,mobilenet_v3_large,0054-4,1,gaussian_noise,3,0.9875,0.981,0.9546,0.7766
handpd_spiral,mobilenet_v3_large,0054-4,1,gaussian_noise,4,0.972,0.9524,0.8654,0.6878
handpd_spiral,mobilenet_v3_large,0054-4,1,gaussian_noise,5,0.9196,0.7888,0.7364,0.5598
handpd_spiral,mobilenet_v3_large,0054-4,1,contrast,1,0.9823,0.8975,0.841,0.8386
handpd_spiral,mobilenet_v3_large,0054-4,1,contrast,2,0.9903,0.9201,0.882,0.8792
handpd_spiral,mobilenet_v3_large,0054-4,1,contrast,3,0.9968,0.9549,0.9221,0.9363
handpd_spiral,mobilenet_v3_large,0054-4,1,contrast,4,0.9876,0.9641,0.9252,0.7891
handpd_spiral,mobilenet_v3_large,0054-4,1,contrast,5,0.9813,0.96,0.9378,0.6675
handpd_spiral,mobilenet_v3_large,0054-4,1,brightness,1,0.9498,0.9189,0.7807,0.5675
handpd_spiral,mobilenet_v3_large,0054-4,1,brightness,2,0.9829,0.9614,0.8824,0.735
handpd_spiral,mobilenet_v3_large,0054-4,1,brightness,3,0.9924,0.9813,0.9489,0.8239
handpd_spiral,mobilenet_v3_large,0054-4,1,brightness,4,0.8882,0.6162,0.6058,0.4797
handpd_spiral,mobilenet_v3_large,0054-4,1,brightness,5,0.8844,0.6285,0.6137,0.4712
handpd_spiral,mobilenet_v3_large,0054-4,1,shadow,1,0.9836,0.9545,0.9464,0.7678
handpd_spiral,mobilenet_v3_large,0054-4,1,shadow,2,0.9647,0.8726,0.8673,0.6595
handpd_spiral,mobilenet_v3_large,0054-4,1,shadow,3,0.9235,0.7828,0.7582,0.4874
handpd_spiral,mobilenet_v3_large,0054-4,1,shadow,4,0.8551,0.6778,0.6137,0.373
handpd_spiral,mobilenet_v3_large,0054-4,1,shadow,5,0.792,0.5701,0.5458,0.2928
handpd_spiral,mobilenet_v3_large,0054-4,1,perspective,1,0.9344,0.7867,0.7621,0.5724
handpd_spiral,mobilenet_v3_large,0054-4,1,perspective,2,0.9302,0.8406,0.7843,0.5494
handpd_spiral,mobilenet_v3_large,0054-4,1,perspective,3,0.8974,0.8318,0.7793,0.4219
handpd_spiral,mobilenet_v3_large,0054-4,1,perspective,4,0.8393,0.6411,0.6938,0.3232
handpd_spiral,mobilenet_v3_large,0054-4,1,perspective,5,0.7948,0.7043,0.6139,0.275
handpd_spiral,mobilenet_v3_large,0054-4,1,rotation,1,0.9032,0.7315,0.762,0.4959
handpd_spiral,mobilenet_v3_large,0054-4,1,rotation,2,0.2648,0.6165,0.4772,0.1769
handpd_spiral,mobilenet_v3_large,0054-4,1,rotation,3,0.7088,0.7679,0.6937,0.4612
handpd_spiral,mobilenet_v3_large,0054-4,1,rotation,4,-0.0355,0.1889,0.3395,0.0396
handpd_spiral,mobilenet_v3_large,0054-4,1,rotation,5,0.2688,0.4311,0.5283,0.1767
handpd_spiral,mobilenet_v3_large,0218-4,1,jpeg_compression,1,0.9993,0.9954,0.9957,0.9688
handpd_spiral,mobilenet_v3_large,0218-4,1,jpeg_compression,2,0.9953,0.9557,0.945,0.9414
handpd_spiral,mobilenet_v3_large,0218-4,1,jpeg_compression,3,0.9957,0.9574,0.9468,0.9433
handpd_spiral,mobilenet_v3_large,0218-4,1,jpeg_compression,4,0.9896,0.9285,0.9215,0.8554
handpd_spiral,mobilenet_v3_large,0218-4,1,jpeg_compression,5,0.915,0.8377,0.7857,0.5469
handpd_spiral,mobilenet_v3_large,0218-4,1,gaussian_blur,1,0.9988,0.9919,0.9847,0.9561
handpd_spiral,mobilenet_v3_large,0218-4,1,gaussian_blur,2,0.9957,0.9818,0.9736,0.9065
handpd_spiral,mobilenet_v3_large,0218-4,1,gaussian_blur,3,0.9892,0.9623,0.9282,0.8673
handpd_spiral,mobilenet_v3_large,0218-4,1,gaussian_blur,4,0.9803,0.9412,0.8984,0.8075
handpd_spiral,mobilenet_v3_large,0218-4,1,gaussian_blur,5,0.9763,0.9254,0.885,0.7888
handpd_spiral,mobilenet_v3_large,0218-4,1,gaussian_noise,1,0.999,0.9903,0.9946,0.9537
handpd_spiral,mobilenet_v3_large,0218-4,1,gaussian_noise,2,0.9982,0.9684,0.9712,0.9272
handpd_spiral,mobilenet_v3_large,0218-4,1,gaussian_noise,3,0.9916,0.9421,0.92,0.8943
handpd_spiral,mobilenet_v3_large,0218-4,1,gaussian_noise,4,0.9797,0.9343,0.9024,0.7451
handpd_spiral,mobilenet_v3_large,0218-4,1,gaussian_noise,5,0.9316,0.8723,0.8203,0.5311
handpd_spiral,mobilenet_v3_large,0218-4,1,contrast,1,0.9969,0.8748,0.8986,0.9465
handpd_spiral,mobilenet_v3_large,0218-4,1,contrast,2,0.9976,0.9458,0.9455,0.9499
handpd_spiral,mobilenet_v3_large,0218-4,1,contrast,3,0.9985,0.9639,0.9677,0.9508
handpd_spiral,mobilenet_v3_large,0218-4,1,contrast,4,0.9943,0.9735,0.9225,0.9164
handpd_spiral,mobilenet_v3_large,0218-4,1,contrast,5,0.9891,0.9689,0.9072,0.8166
handpd_spiral,mobilenet_v3_large,0218-4,1,brightness,1,0.9899,0.9248,0.8327,0.7918
handpd_spiral,mobilenet_v3_large,0218-4,1,brightness,2,0.9932,0.9595,0.8967,0.8229
handpd_spiral,mobilenet_v3_large,0218-4,1,brightness,3,0.997,0.9806,0.9629,0.9395
handpd_spiral,mobilenet_v3_large,0218-4,1,brightness,4,0.8377,0.7856,0.7676,0.3939
handpd_spiral,mobilenet_v3_large,0218-4,1,brightness,5,0.834,0.8009,0.7887,0.3997
handpd_spiral,mobilenet_v3_large,0218-4,1,shadow,1,0.9959,0.9785,0.9419,0.8551
handpd_spiral,mobilenet_v3_large,0218-4,1,shadow,2,0.9837,0.9105,0.8291,0.7702
handpd_spiral,mobilenet_v3_large,0218-4,1,shadow,3,0.9737,0.8549,0.6708,0.696
handpd_spiral,mobilenet_v3_large,0218-4,1,shadow,4,0.9427,0.744,0.5321,0.5028
handpd_spiral,mobilenet_v3_large,0218-4,1,shadow,5,0.8809,0.5626,0.4244,0.3851
handpd_spiral,mobilenet_v3_large,0218-4,1,perspective,1,0.9765,0.9532,0.9058,0.6917
handpd_spiral,mobilenet_v3_large,0218-4,1,perspective,2,0.9551,0.9101,0.8412,0.5996
handpd_spiral,mobilenet_v3_large,0218-4,1,perspective,3,0.8383,0.824,0.657,0.3566
handpd_spiral,mobilenet_v3_large,0218-4,1,perspective,4,0.8328,0.762,0.6159,0.3009
handpd_spiral,mobilenet_v3_large,0218-4,1,perspective,5,0.8126,0.7583,0.5868,0.2584
handpd_spiral,mobilenet_v3_large,0218-4,1,rotation,1,0.9528,0.8625,0.8146,0.5111
handpd_spiral,mobilenet_v3_large,0218-4,1,rotation,2,0.7604,0.7488,0.6007,0.4288
handpd_spiral,mobilenet_v3_large,0218-4,1,rotation,3,0.6569,0.6984,0.698,0.5562
handpd_spiral,mobilenet_v3_large,0218-4,1,rotation,4,0.0309,0.3467,0.5656,0.1426
handpd_spiral,mobilenet_v3_large,0218-4,1,rotation,5,0.2671,0.4667,0.5881,0.2585
handpd_spiral,mobilenet_v3_large,0196-3,1,jpeg_compression,1,0.9962,0.99,0.9865,0.9378
handpd_spiral,mobilenet_v3_large,0196-3,1,jpeg_compression,2,0.9815,0.9874,0.9816,0.8448
handpd_spiral,mobilenet_v3_large,0196-3,1,jpeg_compression,3,0.9748,0.9863,0.9766,0.7881
handpd_spiral,mobilenet_v3_large,0196-3,1,jpeg_compression,4,0.982,0.9845,0.9426,0.8393
handpd_spiral,mobilenet_v3_large,0196-3,1,jpeg_compression,5,0.4947,0.6172,0.6658,0.4449
handpd_spiral,mobilenet_v3_large,0196-3,1,gaussian_blur,1,0.9914,0.9709,0.9764,0.8801
handpd_spiral,mobilenet_v3_large,0196-3,1,gaussian_blur,2,0.9726,0.9413,0.9033,0.7767
handpd_spiral,mobilenet_v3_large,0196-3,1,gaussian_blur,3,0.9449,0.8759,0.8366,0.7039
handpd_spiral,mobilenet_v3_large,0196-3,1,gaussian_blur,4,0.915,0.8282,0.8011,0.6338
handpd_spiral,mobilenet_v3_large,0196-3,1,gaussian_blur,5,0.8941,0.7919,0.7884,0.5929
handpd_spiral,mobilenet_v3_large,0196-3,1,gaussian_noise,1,0.9957,0.9993,0.9914,0.9512
handpd_spiral,mobilenet_v3_large,0196-3,1,gaussian_noise,2,0.9964,0.9821,0.9814,0.9348
handpd_spiral,mobilenet_v3_large,0196-3,1,gaussian_noise,3,0.9849,0.9829,0.958,0.8339
handpd_spiral,mobilenet_v3_large,0196-3,1,gaussian_noise,4,0.9464,0.963,0.9208,0.6736
handpd_spiral,mobilenet_v3_large,0196-3,1,gaussian_noise,5,0.9098,0.888,0.816,0.5929
handpd_spiral,mobilenet_v3_large,0196-3,1,contrast,1,0.983,0.9058,0.8894,0.8505
handpd_spiral,mobilenet_v3_large,0196-3,1,contrast,2,0.9877,0.9727,0.9297,0.8708
handpd_spiral,mobilenet_v3_large,0196-3,1,contrast,3,0.9947,0.9778,0.964,0.9116
handpd_spiral,mobilenet_v3_large,0196-3,1,contrast,4,0.9828,0.9641,0.9091,0.8398
handpd_spiral,mobilenet_v3_large,0196-3,1,contrast,5,0.9762,0.9592,0.9008,0.7981
handpd_spiral,mobilenet_v3_large,0196-3,1,brightness,1,0.9505,0.8601,0.6991,0.8086
handpd_spiral,mobilenet_v3_large,0196-3,1,brightness,2,0.9454,0.8742,0.7432,0.7449
handpd_spiral,mobilenet_v3_large,0196-3,1,brightness,3,0.9797,0.9602,0.9005,0.8722
handpd_spiral,mobilenet_v3_large,0196-3,1,brightness,4,0.8327,0.8276,0.6974,0.4727
handpd_spiral,mobilenet_v3_large,0196-3,1,brightness,5,0.8244,0.8265,0.7021,0.4726
handpd_spiral,mobilenet_v3_large,0196-3,1,shadow,1,0.9847,0.9665,0.9014,0.8487
handpd_spiral,mobilenet_v3_large,0196-3,1,shadow,2,0.8814,0.8196,0.691,0.635
handpd_spiral,mobilenet_v3_large,0196-3,1,shadow,3,0.7431,0.6012,0.5227,0.4188
handpd_spiral,mobilenet_v3_large,0196-3,1,shadow,4,0.6267,0.4996,0.4471,0.2707
handpd_spiral,mobilenet_v3_large,0196-3,1,shadow,5,0.5392,0.4303,0.4216,0.2488
handpd_spiral,mobilenet_v3_large,0196-3,1,perspective,1,0.9518,0.9505,0.8812,0.711
handpd_spiral,mobilenet_v3_large,0196-3,1,perspective,2,0.9217,0.8769,0.8068,0.6866
handpd_spiral,mobilenet_v3_large,0196-3,1,perspective,3,0.8999,0.8206,0.7615,0.5936
handpd_spiral,mobilenet_v3_large,0196-3,1,perspective,4,0.8011,0.827,0.7204,0.3967
handpd_spiral,mobilenet_v3_large,0196-3,1,perspective,5,0.7649,0.6991,0.5817,0.4043
handpd_spiral,mobilenet_v3_large,0196-3,1,rotation,1,0.9023,0.808,0.7819,0.6096
handpd_spiral,mobilenet_v3_large,0196-3,1,rotation,2,0.6617,0.7873,0.7145,0.386
handpd_spiral,mobilenet_v3_large,0196-3,1,rotation,3,0.5209,0.6693,0.6615,0.3369
handpd_spiral,mobilenet_v3_large,0196-3,1,rotation,4,0.2045,0.5027,0.5523,0.2189
handpd_spiral,mobilenet_v3_large,0196-3,1,rotation,5,0.1326,0.2805,0.3898,0.1289
handpd_spiral,mobilenet_v3_large,0149-1,1,jpeg_compression,1,0.9967,0.9969,0.9946,0.9293
handpd_spiral,mobilenet_v3_large,0149-1,1,jpeg_compression,2,0.9952,0.9904,0.9823,0.8902
handpd_spiral,mobilenet_v3_large,0149-1,1,jpeg_compression,3,0.986,0.9826,0.9811,0.7535
handpd_spiral,mobilenet_v3_large,0149-1,1,jpeg_compression,4,0.9734,0.9521,0.9281,0.8244
handpd_spiral,mobilenet_v3_large,0149-1,1,jpeg_compression,5,0.7677,0.7735,0.471,0.4468
handpd_spiral,mobilenet_v3_large,0149-1,1,gaussian_blur,1,0.9946,0.9929,0.9909,0.8955
handpd_spiral,mobilenet_v3_large,0149-1,1,gaussian_blur,2,0.9822,0.9784,0.9641,0.7703
handpd_spiral,mobilenet_v3_large,0149-1,1,gaussian_blur,3,0.9566,0.9475,0.9032,0.6784
handpd_spiral,mobilenet_v3_large,0149-1,1,gaussian_blur,4,0.941,0.9318,0.8717,0.6577
handpd_spiral,mobilenet_v3_large,0149-1,1,gaussian_blur,5,0.9214,0.9189,0.833,0.6135
handpd_spiral,mobilenet_v3_large,0149-1,1,gaussian_noise,1,0.9975,0.9946,0.9926,0.9438
handpd_spiral,mobilenet_v3_large,0149-1,1,gaussian_noise,2,0.984,0.9839,0.9604,0.7786
handpd_spiral,mobilenet_v3_large,0149-1,1,gaussian_noise,3,0.9757,0.9628,0.9427,0.746
handpd_spiral,mobilenet_v3_large,0149-1,1,gaussian_noise,4,0.946,0.8912,0.8265,0.741
handpd_spiral,mobilenet_v3_large,0149-1,1,gaussian_noise,5,0.8155,0.6651,0.7862,0.5833
handpd_spiral,mobilenet_v3_large,0149-1,1,contrast,1,0.9549,0.9216,0.9201,0.7052
handpd_spiral,mobilenet_v3_large,0149-1,1,contrast,2,0.9838,0.9685,0.9742,0.8362
handpd_spiral,mobilenet_v3_large,0149-1,1,contrast,3,0.9937,0.9876,0.9886,0.89
handpd_spiral,mobilenet_v3_large,0149-1,1,contrast,4,0.9893,0.9754,0.9759,0.8212
handpd_spiral,mobilenet_v3_large,0149-1,1,contrast,5,0.9754,0.962,0.95,0.7454
handpd_spiral,mobilenet_v3_large,0149-1,1,brightness,1,0.902,0.8811,0.8816,0.5773
handpd_spiral,mobilenet_v3_large,0149-1,1,brightness,2,0.9633,0.9557,0.9349,0.704
handpd_spiral,mobilenet_v3_large,0149-1,1,brightness,3,0.9869,0.9842,0.9715,0.8289
handpd_spiral,mobilenet_v3_large,0149-1,1,brightness,4,0.7502,0.7269,0.5763,0.4357
handpd_spiral,mobilenet_v3_large,0149-1,1,brightness,5,0.7556,0.7225,0.5639,0.4434
handpd_spiral,mobilenet_v3_large,0149-1,1,shadow,1,0.9932,0.99,0.986,0.9042
handpd_spiral,mobilenet_v3_large,0149-1,1,shadow,2,0.9792,0.9735,0.9583,0.772
handpd_spiral,mobilenet_v3_large,0149-1,1,shadow,3,0.9408,0.9201,0.9247,0.6385
handpd_spiral,mobilenet_v3_large,0149-1,1,shadow,4,0.8984,0.8614,0.8845,0.5783
handpd_spiral,mobilenet_v3_large,0149-1,1,shadow,5,0.8557,0.8053,0.8369,0.5462
handpd_spiral,mobilenet_v3_large,0149-1,1,perspective,1,0.8066,0.8361,0.8186,0.4991
handpd_spiral,mobilenet_v3_large,0149-1,1,perspective,2,0.7736,0.7738,0.7792,0.4424
handpd_spiral,mobilenet_v3_large,0149-1,1,perspective,3,0.7053,0.7217,0.7249,0.3668
handpd_spiral,mobilenet_v3_large,0149-1,1,perspective,4,0.5794,0.5982,0.6487,0.3086
handpd_spiral,mobilenet_v3_large,0149-1,1,perspective,5,0.471,0.5506,0.6162,0.3191
handpd_spiral,mobilenet_v3_large,0149-1,1,rotation,1,0.8011,0.8363,0.7107,0.492
handpd_spiral,mobilenet_v3_large,0149-1,1,rotation,2,0.7277,0.7587,0.6765,0.4133
handpd_spiral,mobilenet_v3_large,0149-1,1,rotation,3,0.5737,0.6923,0.5594,0.3268
handpd_spiral,mobilenet_v3_large,0149-1,1,rotation,4,0.368,0.4582,0.5091,0.1989
handpd_spiral,mobilenet_v3_large,0149-1,1,rotation,5,0.2164,0.3225,0.4181,0.168
handpd_spiral,mobilenet_v3_large,0003-2,1,jpeg_compression,1,0.9982,0.9979,0.997,0.9569
handpd_spiral,mobilenet_v3_large,0003-2,1,jpeg_compression,2,0.9937,0.9906,0.9927,0.9089
handpd_spiral,mobilenet_v3_large,0003-2,1,jpeg_compression,3,0.9706,0.9624,0.9758,0.8231
handpd_spiral,mobilenet_v3_large,0003-2,1,jpeg_compression,4,0.9406,0.946,0.8779,0.7429
handpd_spiral,mobilenet_v3_large,0003-2,1,jpeg_compression,5,0.8,0.6939,0.5226,0.5965
handpd_spiral,mobilenet_v3_large,0003-2,1,gaussian_blur,1,0.9853,0.9819,0.9889,0.7509
handpd_spiral,mobilenet_v3_large,0003-2,1,gaussian_blur,2,0.9374,0.9203,0.9581,0.5787
handpd_spiral,mobilenet_v3_large,0003-2,1,gaussian_blur,3,0.8826,0.8565,0.9032,0.4543
handpd_spiral,mobilenet_v3_large,0003-2,1,gaussian_blur,4,0.8466,0.8015,0.8856,0.4245
handpd_spiral,mobilenet_v3_large,0003-2,1,gaussian_blur,5,0.7983,0.7389,0.8553,0.3974
handpd_spiral,mobilenet_v3_large,0003-2,1,gaussian_noise,1,0.9968,0.9967,0.9948,0.9233
handpd_spiral,mobilenet_v3_large,0003-2,1,gaussian_noise,2,0.9544,0.9444,0.9735,0.618
handpd_spiral,mobilenet_v3_large,0003-2,1,gaussian_noise,3,0.9763,0.967,0.9696,0.8176
handpd_spiral,mobilenet_v3_large,0003-2,1,gaussian_noise,4,0.9239,0.8927,0.923,0.655
handpd_spiral,mobilenet_v3_large,0003-2,1,gaussian_noise,5,0.908,0.867,0.921,0.6724
handpd_spiral,mobilenet_v3_large,0003-2,1,contrast,1,0.8847,0.8533,0.8892,0.6922
handpd_spiral,mobilenet_v3_large,0003-2,1,contrast,2,0.9508,0.9365,0.9241,0.7673
handpd_spiral,mobilenet_v3_large,0003-2,1,contrast,3,0.9854,0.9811,0.9604,0.8606
handpd_spiral,mobilenet_v3_large,0003-2,1,contrast,4,0.9804,0.9756,0.976,0.8352
handpd_spiral,mobilenet_v3_large,0003-2,1,contrast,5,0.9677,0.961,0.9665,0.7625
handpd_spiral,mobilenet_v3_large,0003-2,1,brightness,1,0.8706,0.8108,0.8989,0.5411
handpd_spiral,mobilenet_v3_large,0003-2,1,brightness,2,0.9502,0.9241,0.953,0.6435
handpd_spiral,mobilenet_v3_large,0003-2,1,brightness,3,0.9772,0.9713,0.9724,0.805
handpd_spiral,mobilenet_v3_large,0003-2,1,brightness,4,0.7176,0.6032,0.6441,0.5665
handpd_spiral,mobilenet_v3_large,0003-2,1,brightness,5,0.7209,0.6101,0.5864,0.5504
handpd_spiral,mobilenet_v3_large,0003-2,1,shadow,1,0.9818,0.9818,0.973,0.8803
handpd_spiral,mobilenet_v3_large,0003-2,1,shadow,2,0.9077,0.9156,0.8522,0.7675
handpd_spiral,mobilenet_v3_large,0003-2,1,shadow,3,0.8262,0.8253,0.8217,0.5902
handpd_spiral,mobilenet_v3_large,0003-2,1,shadow,4,0.7343,0.7461,0.7959,0.4391
handpd_spiral,mobilenet_v3_large,0003-2,1,shadow,5,0.7002,0.7268,0.7955,0.4121
handpd_spiral,mobilenet_v3_large,0003-2,1,perspective,1,0.9198,0.8898,0.9044,0.8086
handpd_spiral,mobilenet_v3_large,0003-2,1,perspective,2,0.8385,0.8065,0.7947,0.6317
handpd_spiral,mobilenet_v3_large,0003-2,1,perspective,3,0.7171,0.6766,0.713,0.5628
handpd_spiral,mobilenet_v3_large,0003-2,1,perspective,4,0.7012,0.6742,0.7448,0.4984
handpd_spiral,mobilenet_v3_large,0003-2,1,perspective,5,0.6859,0.6493,0.6919,0.5771
handpd_spiral,mobilenet_v3_large,0003-2,1,rotation,1,0.8562,0.847,0.7962,0.6796
handpd_spiral,mobilenet_v3_large,0003-2,1,rotation,2,0.6441,0.6232,0.6595,0.4192
handpd_spiral,mobilenet_v3_large,0003-2,1,rotation,3,0.6804,0.6571,0.6,0.5011
handpd_spiral,mobilenet_v3_large,0003-2,1,rotation,4,0.5219,0.4855,0.5475,0.371
handpd_spiral,mobilenet_v3_large,0003-2,1,rotation,5,0.4978,0.5182,0.4634,0.3849
pdraw_spiral,resnet50,V09HE01,0,jpeg_compression,1,0.9346,0.8553,0.7111,0.6834
pdraw_spiral,resnet50,V09HE01,0,jpeg_compression,2,0.8536,0.7263,0.6299,0.6056
pdraw_spiral,resnet50,V09HE01,0,jpeg_compression,3,0.8356,0.6403,0.5347,0.5533
pdraw_spiral,resnet50,V09HE01,0,jpeg_compression,4,0.7028,0.6855,0.5734,0.5223
pdraw_spiral,resnet50,V09HE01,0,jpeg_compression,5,0.617,0.5367,0.3653,0.3645
pdraw_spiral,resnet50,V09HE01,0,gaussian_blur,1,0.8805,0.9328,0.8519,0.5653
pdraw_spiral,resnet50,V09HE01,0,gaussian_blur,2,0.8369,0.8061,0.7541,0.5229
pdraw_spiral,resnet50,V09HE01,0,gaussian_blur,3,0.8076,0.7111,0.6975,0.4956
pdraw_spiral,resnet50,V09HE01,0,gaussian_blur,4,0.7504,0.6524,0.6382,0.4279
pdraw_spiral,resnet50,V09HE01,0,gaussian_blur,5,0.6637,0.5705,0.5161,0.3846
pdraw_spiral,resnet50,V09HE01,0,gaussian_noise,1,0.9524,0.8694,0.8449,0.6588
pdraw_spiral,resnet50,V09HE01,0,gaussian_noise,2,0.8213,0.6513,0.5757,0.5953
pdraw_spiral,resnet50,V09HE01,0,gaussian_noise,3,0.7447,0.5853,0.5726,0.4344
pdraw_spiral,resnet50,V09HE01,0,gaussian_noise,4,0.6227,0.6031,0.5459,0.4033
pdraw_spiral,resnet50,V09HE01,0,gaussian_noise,5,0.5748,0.4324,0.4596,0.3612
pdraw_spiral,resnet50,V09HE01,0,contrast,1,0.8506,0.7246,0.7128,0.4838
pdraw_spiral,resnet50,V09HE01,0,contrast,2,0.9726,0.9008,0.8683,0.7677
pdraw_spiral,resnet50,V09HE01,0,contrast,3,0.9888,0.9721,0.9495,0.8354
pdraw_spiral,resnet50,V09HE01,0,contrast,4,0.974,0.9566,0.8798,0.8055
pdraw_spiral,resnet50,V09HE01,0,contrast,5,0.9625,0.9341,0.828,0.806
pdraw_spiral,resnet50,V09HE01,0,brightness,1,0.8542,0.7156,0.6429,0.5754
pdraw_spiral,resnet50,V09HE01,0,brightness,2,0.9345,0.737,0.7556,0.7191
pdraw_spiral,resnet50,V09HE01,0,brightness,3,0.9494,0.8838,0.8288,0.7375
pdraw_spiral,resnet50,V09HE01,0,brightness,4,0.5704,0.4757,0.4601,0.3513
pdraw_spiral,resnet50,V09HE01,0,brightness,5,0.7832,0.4743,0.5764,0.4587
pdraw_spiral,resnet50,V09HE01,0,shadow,1,0.9553,0.9277,0.8909,0.7428
pdraw_spiral,resnet50,V09HE01,0,shadow,2,0.8861,0.8313,0.7913,0.6595
pdraw_spiral,resnet50,V09HE01,0,shadow,3,0.7088,0.672,0.5991,0.5545
pdraw_spiral,resnet50,V09HE01,0,shadow,4,0.712,0.6483,0.5467,0.4845
pdraw_spiral,resnet50,V09HE01,0,shadow,5,0.7155,0.5828,0.4963,0.4554
pdraw_spiral,resnet50,V09HE01,0,perspective,1,0.7066,0.4463,0.4964,0.451
pdraw_spiral,resnet50,V09HE01,0,perspective,2,0.447,0.7262,0.6247,0.4771
pdraw_spiral,resnet50,V09HE01,0,perspective,3,0.1987,0.3519,0.4244,0.232
pdraw_spiral,resnet50,V09HE01,0,perspective,4,0.2102,0.1502,0.3654,0.2224
pdraw_spiral,resnet50,V09HE01,0,perspective,5,0.6245,0.4794,0.5069,0.4038
pdraw_spiral,resnet50,V09HE01,0,rotation,1,0.6754,0.4157,0.4919,0.3407
pdraw_spiral,resnet50,V09HE01,0,rotation,2,0.6631,0.43,0.4464,0.3935
pdraw_spiral,resnet50,V09HE01,0,rotation,3,0.0319,0.1413,0.3224,0.1268
pdraw_spiral,resnet50,V09HE01,0,rotation,4,-0.0415,0.089,0.3276,0.1203
pdraw_spiral,resnet50,V09HE01,0,rotation,5,-0.0943,0.0153,0.2512,0.0729
pdraw_spiral,resnet50,V55HE14,0,jpeg_compression,1,,,0.8964,0.9322
pdraw_spiral,resnet50,V55HE14,0,jpeg_compression,2,,,0.8427,0.875
pdraw_spiral,resnet50,V55HE14,0,jpeg_compression,3,,,1.0,1.0
pdraw_spiral,resnet50,V55HE14,0,jpeg_compression,4,,,0.6124,0.2958
pdraw_spiral,resnet50,V55HE14,0,jpeg_compression,5,,,0.3827,0.182
pdraw_spiral,resnet50,V55HE14,0,gaussian_blur,1,,,0.8948,0.9322
pdraw_spiral,resnet50,V55HE14,0,gaussian_blur,2,,,0.8961,0.9322
pdraw_spiral,resnet50,V55HE14,0,gaussian_blur,3,,,0.826,0.4087
pdraw_spiral,resnet50,V55HE14,0,gaussian_blur,4,,,0.7519,0.3775
pdraw_spiral,resnet50,V55HE14,0,gaussian_blur,5,,,0.6623,0.3551
pdraw_spiral,resnet50,V55HE14,0,gaussian_noise,1,,,0.9563,0.9686
pdraw_spiral,resnet50,V55HE14,0,gaussian_noise,2,,,0.91,0.9322
pdraw_spiral,resnet50,V55HE14,0,gaussian_noise,3,,,0.881,0.8977
pdraw_spiral,resnet50,V55HE14,0,gaussian_noise,4,,,0.857,0.8977
pdraw_spiral,resnet50,V55HE14,0,gaussian_noise,5,,,0.8024,0.5455
pdraw_spiral,resnet50,V55HE14,0,contrast,1,,,1.0,1.0
pdraw_spiral,resnet50,V55HE14,0,contrast,2,,,1.0,1.0
pdraw_spiral,resnet50,V55HE14,0,contrast,3,,,1.0,1.0
pdraw_spiral,resnet50,V55HE14,0,contrast,4,,,1.0,1.0
pdraw_spiral,resnet50,V55HE14,0,contrast,5,,,0.8596,0.3384
pdraw_spiral,resnet50,V55HE14,0,brightness,1,,,0.9031,0.3529
pdraw_spiral,resnet50,V55HE14,0,brightness,2,,,0.938,0.9594
pdraw_spiral,resnet50,V55HE14,0,brightness,3,,,1.0,1.0
pdraw_spiral,resnet50,V55HE14,0,brightness,4,,,0.6007,0.6664
pdraw_spiral,resnet50,V55HE14,0,brightness,5,,,0.7059,0.6439
pdraw_spiral,resnet50,V55HE14,0,shadow,1,,,1.0,1.0
pdraw_spiral,resnet50,V55HE14,0,shadow,2,,,0.8317,0.3416
pdraw_spiral,resnet50,V55HE14,0,shadow,3,,,0.6939,0.2589
pdraw_spiral,resnet50,V55HE14,0,shadow,4,,,0.4755,0.207
pdraw_spiral,resnet50,V55HE14,0,shadow,5,,,0.4138,0.3041
pdraw_spiral,resnet50,V55HE14,0,perspective,1,,,0.8818,0.5073
pdraw_spiral,resnet50,V55HE14,0,perspective,2,,,0.938,0.5309
pdraw_spiral,resnet50,V55HE14,0,perspective,3,,,0.879,0.5073
pdraw_spiral,resnet50,V55HE14,0,perspective,4,,,0.8774,0.5073
pdraw_spiral,resnet50,V55HE14,0,perspective,5,,,0.938,0.5294
pdraw_spiral,resnet50,V55HE14,0,rotation,1,,,0.9563,0.96
pdraw_spiral,resnet50,V55HE14,0,rotation,2,,,0.7155,0.0771
pdraw_spiral,resnet50,V55HE14,0,rotation,3,,,0.7732,0.3069
pdraw_spiral,resnet50,V55HE14,0,rotation,4,,,0.6866,0.1334
pdraw_spiral,resnet50,V55HE14,0,rotation,5,,,0.6855,0.3074
pdraw_spiral,resnet50,V08HE01,0,jpeg_compression,1,0.8415,0.8444,0.5801,0.7127
pdraw_spiral,resnet50,V08HE01,0,jpeg_compression,2,0.8542,0.7988,0.5967,0.7088
pdraw_spiral,resnet50,V08HE01,0,jpeg_compression,3,0.7961,0.7354,0.5064,0.6408
pdraw_spiral,resnet50,V08HE01,0,jpeg_compression,4,0.585,0.7241,0.5377,0.5163
pdraw_spiral,resnet50,V08HE01,0,jpeg_compression,5,0.5775,0.702,0.3794,0.5187
pdraw_spiral,resnet50,V08HE01,0,gaussian_blur,1,0.9048,0.7393,0.7322,0.5366
pdraw_spiral,resnet50,V08HE01,0,gaussian_blur,2,0.9177,0.7579,0.7506,0.5862
pdraw_spiral,resnet50,V08HE01,0,gaussian_blur,3,0.865,0.7255,0.6658,0.506
pdraw_spiral,resnet50,V08HE01,0,gaussian_blur,4,0.876,0.7234,0.6734,0.4726
pdraw_spiral,resnet50,V08HE01,0,gaussian_blur,5,0.7637,0.6271,0.5563,0.5045
pdraw_spiral,resnet50,V08HE01,0,gaussian_noise,1,0.9762,0.8626,0.8621,0.8377
pdraw_spiral,resnet50,V08HE01,0,gaussian_noise,2,0.9326,0.915,0.8398,0.7989
pdraw_spiral,resnet50,V08HE01,0,gaussian_noise,3,0.9332,0.9189,0.851,0.8386
pdraw_spiral,resnet50,V08HE01,0,gaussian_noise,4,0.9162,0.8729,0.8301,0.7952
pdraw_spiral,resnet50,V08HE01,0,gaussian_noise,5,0.9677,0.9151,0.8931,0.8264
pdraw_spiral,resnet50,V08HE01,0,contrast,1,0.976,0.8573,0.8552,0.7088
pdraw_spiral,resnet50,V08HE01,0,contrast,2,0.9811,0.9165,0.9113,0.8084
pdraw_spiral,resnet50,V08HE01,0,contrast,3,0.9965,0.9336,0.954,0.9105
pdraw_spiral,resnet50,V08HE01,0,contrast,4,0.9808,0.8693,0.8761,0.805
pdraw_spiral,resnet50,V08HE01,0,contrast,5,0.9619,0.8401,0.7429,0.772
pdraw_spiral,resnet50,V08HE01,0,brightness,1,0.8786,0.474,0.6636,0.4011
pdraw_spiral,resnet50,V08HE01,0,brightness,2,0.9199,0.5823,0.7478,0.4591
pdraw_spiral,resnet50,V08HE01,0,brightness,3,0.9308,0.8154,0.7852,0.603
pdraw_spiral,resnet50,V08HE01,0,brightness,4,0.6866,0.732,0.5722,0.5561
pdraw_spiral,resnet50,V08HE01,0,brightness,5,0.6866,0.7086,0.5702,0.5755
pdraw_spiral,resnet50,V08HE01,0,shadow,1,0.951,0.829,0.8122,0.6871
pdraw_spiral,resnet50,V08HE01,0,shadow,2,0.9253,0.7011,0.7534,0.5429
pdraw_spiral,resnet50,V08HE01,0,shadow,3,0.8623,0.5431,0.6539,0.3712
pdraw_spiral,resnet50,V08HE01,0,shadow,4,0.8944,0.5427,0.6202,0.4685
pdraw_spiral,resnet50,V08HE01,0,shadow,5,0.8742,0.4955,0.5004,0.4631
pdraw_spiral,resnet50,V08HE01,0,perspective,1,0.9188,0.7614,0.7605,0.7
pdraw_spiral,resnet50,V08HE01,0,perspective,2,0.8142,0.6632,0.6746,0.5459
pdraw_spiral,resnet50,V08HE01,0,perspective,3,0.7734,0.6316,0.6433,0.6108
pdraw_spiral,resnet50,V08HE01,0,perspective,4,0.5475,0.446,0.6016,0.468
pdraw_spiral,resnet50,V08HE01,0,perspective,5,0.6631,0.5097,0.5681,0.5577
pdraw_spiral,resnet50,V08HE01,0,rotation,1,0.9709,0.7663,0.7948,0.7321
pdraw_spiral,resnet50,V08HE01,0,rotation,2,-0.0925,0.2352,0.4177,0.0747
pdraw_spiral,resnet50,V08HE01,0,rotation,3,0.5511,0.5832,0.5949,0.4116
pdraw_spiral,resnet50,V08HE01,0,rotation,4,-0.0897,0.0713,0.3004,0.0881
pdraw_spiral,resnet50,V08HE01,0,rotation,5,0.4966,0.3975,0.4809,0.3143
pdraw_spiral,resnet50,V07HE01,0,jpeg_compression,1,0.9555,0.9006,0.7733,0.7446
pdraw_spiral,resnet50,V07HE01,0,jpeg_compression,2,0.6745,0.7397,0.5265,0.4334
pdraw_spiral,resnet50,V07HE01,0,jpeg_compression,3,0.6985,0.8434,0.7036,0.5185
pdraw_spiral,resnet50,V07HE01,0,jpeg_compression,4,0.6384,0.5628,0.4676,0.3955
pdraw_spiral,resnet50,V07HE01,0,jpeg_compression,5,0.3606,0.3004,0.3579,0.1958
pdraw_spiral,resnet50,V07HE01,0,gaussian_blur,1,0.8037,0.8771,0.791,0.6222
pdraw_spiral,resnet50,V07HE01,0,gaussian_blur,2,0.6916,0.7497,0.7145,0.5059
pdraw_spiral,resnet50,V07HE01,0,gaussian_blur,3,0.621,0.5337,0.4906,0.4422
pdraw_spiral,resnet50,V07HE01,0,gaussian_blur,4,0.6039,0.5341,0.3941,0.443
pdraw_spiral,resnet50,V07HE01,0,gaussian_blur,5,0.5409,0.5139,0.3468,0.3321
pdraw_spiral,resnet50,V07HE01,0,gaussian_noise,1,0.8634,0.9007,0.8753,0.6778
pdraw_spiral,resnet50,V07HE01,0,gaussian_noise,2,0.7234,0.8415,0.6977,0.4999
pdraw_spiral,resnet50,V07HE01,0,gaussian_noise,3,0.6371,0.7399,0.52,0.3964
pdraw_spiral,resnet50,V07HE01,0,gaussian_noise,4,0.554,0.6656,0.5208,0.4792
pdraw_spiral,resnet50,V07HE01,0,gaussian_noise,5,0.5529,0.5933,0.534,0.3007
pdraw_spiral,resnet50,V07HE01,0,contrast,1,0.9292,0.9058,0.8811,0.7326
pdraw_spiral,resnet50,V07HE01,0,contrast,2,0.9891,0.9703,0.9732,0.8757
pdraw_spiral,resnet50,V07HE01,0,contrast,3,0.9948,0.9538,0.9783,0.8986
pdraw_spiral,resnet50,V07HE01,0,contrast,4,0.9907,0.9615,0.966,0.8939
pdraw_spiral,resnet50,V07HE01,0,contrast,5,0.9443,0.9294,0.9076,0.7888
pdraw_spiral,resnet50,V07HE01,0,brightness,1,0.7234,0.8707,0.7292,0.4829
pdraw_spiral,resnet50,V07HE01,0,brightness,2,0.8949,0.9405,0.8429,0.6711
pdraw_spiral,resnet50,V07HE01,0,brightness,3,0.9556,0.9732,0.9277,0.7016
pdraw_spiral,resnet50,V07HE01,0,brightness,4,0.8202,0.6959,0.6094,0.6991
pdraw_spiral,resnet50,V07HE01,0,brightness,5,0.8363,0.6524,0.6463,0.623
pdraw_spiral,resnet50,V07HE01,0,shadow,1,0.9822,0.9845,0.9407,0.7669
pdraw_spiral,resnet50,V07HE01,0,shadow,2,0.959,0.9131,0.8296,0.7553
pdraw_spiral,resnet50,V07HE01,0,shadow,3,0.8357,0.8128,0.713,0.5207
pdraw_spiral,resnet50,V07HE01,0,shadow,4,0.7821,0.7823,0.637,0.4819
pdraw_spiral,resnet50,V07HE01,0,shadow,5,0.6989,0.7144,0.5526,0.4135
pdraw_spiral,resnet50,V07HE01,0,perspective,1,0.8899,0.9409,0.8867,0.804
pdraw_spiral,resnet50,V07HE01,0,perspective,2,0.8103,0.8086,0.7453,0.571
pdraw_spiral,resnet50,V07HE01,0,perspective,3,0.9305,0.8757,0.8477,0.742
pdraw_spiral,resnet50,V07HE01,0,perspective,4,0.8461,0.8607,0.7765,0.7445
pdraw_spiral,resnet50,V07HE01,0,perspective,5,0.7814,0.8227,0.7338,0.5879
pdraw_spiral,resnet50,V07HE01,0,rotation,1,0.6007,0.5694,0.57,0.404
pdraw_spiral,resnet50,V07HE01,0,rotation,2,0.4375,0.4902,0.5002,0.32
pdraw_spiral,resnet50,V07HE01,0,rotation,3,0.3569,0.3922,0.4587,0.2437
pdraw_spiral,resnet50,V07HE01,0,rotation,4,0.1866,0.283,0.3958,0.188
pdraw_spiral,resnet50,V07HE01,0,rotation,5,0.4119,0.3102,0.3488,0.2308
pdraw_spiral,resnet50,V55HE15,0,jpeg_compression,1,0.9975,1.0,0.994,0.9962
pdraw_spiral,resnet50,V55HE15,0,jpeg_compression,2,0.364,0.5827,0.7357,0.3697
pdraw_spiral,resnet50,V55HE15,0,jpeg_compression,3,0.4533,0.6156,0.703,0.4383
pdraw_spiral,resnet50,V55HE15,0,jpeg_compression,4,0.4143,0.4459,0.6244,0.2653
pdraw_spiral,resnet50,V55HE15,0,jpeg_compression,5,-0.0517,0.276,0.4587,0.1148
pdraw_spiral,resnet50,V55HE15,0,gaussian_blur,1,0.8417,0.8053,0.9378,0.5579
pdraw_spiral,resnet50,V55HE15,0,gaussian_blur,2,0.7171,0.6367,0.8523,0.3414
pdraw_spiral,resnet50,V55HE15,0,gaussian_blur,3,0.4251,0.5023,0.6831,0.2988
pdraw_spiral,resnet50,V55HE15,0,gaussian_blur,4,0.2967,0.4762,0.6341,0.2641
pdraw_spiral,resnet50,V55HE15,0,gaussian_blur,5,0.1971,0.3679,0.5805,0.1546
pdraw_spiral,resnet50,V55HE15,0,gaussian_noise,1,0.9577,0.9832,0.9591,0.9502
pdraw_spiral,resnet50,V55HE15,0,gaussian_noise,2,0.2042,0.6573,0.799,0.5223
pdraw_spiral,resnet50,V55HE15,0,gaussian_noise,3,0.0045,0.3847,0.7001,0.2449
pdraw_spiral,resnet50,V55HE15,0,gaussian_noise,4,-0.0144,0.3083,0.6528,0.2181
pdraw_spiral,resnet50,V55HE15,0,gaussian_noise,5,-0.0317,0.2933,0.7184,0.2168
pdraw_spiral,resnet50,V55HE15,0,contrast,1,0.9659,0.7372,0.8976,0.5257
pdraw_spiral,resnet50,V55HE15,0,contrast,2,0.9775,0.852,0.9324,0.4412
pdraw_spiral,resnet50,V55HE15,0,contrast,3,0.9997,0.987,0.9994,0.9502
pdraw_spiral,resnet50,V55HE15,0,contrast,4,0.9778,0.9998,0.9854,0.9966
pdraw_spiral,resnet50,V55HE15,0,contrast,5,0.9803,0.8661,0.9605,0.6284
pdraw_spiral,resnet50,V55HE15,0,brightness,1,0.3739,0.8531,0.8181,0.6137
pdraw_spiral,resnet50,V55HE15,0,brightness,2,0.9401,0.7984,0.9192,0.6629
pdraw_spiral,resnet50,V55HE15,0,brightness,3,0.9913,0.9999,0.9887,0.9994
pdraw_spiral,resnet50,V55HE15,0,brightness,4,0.0418,0.2955,0.5235,0.1783
pdraw_spiral,resnet50,V55HE15,0,brightness,5,0.0408,0.5412,0.7905,0.3623
pdraw_spiral,resnet50,V55HE15,0,shadow,1,0.9836,0.9999,0.9793,0.9978
pdraw_spiral,resnet50,V55HE15,0,shadow,2,0.6598,0.7303,0.8332,0.529
pdraw_spiral,resnet50,V55HE15,0,shadow,3,0.2475,0.605,0.7365,0.4065
pdraw_spiral,resnet50,V55HE15,0,shadow,4,0.27,0.496,0.5802,0.3522
pdraw_spiral,resnet50,V55HE15,0,shadow,5,0.1575,0.3858,0.4254,0.2782
pdraw_spiral,resnet50,V55HE15,0,perspective,1,0.1341,0.7096,0.8243,0.4412
pdraw_spiral,resnet50,V55HE15,0,perspective,2,0.0034,0.5162,0.7566,0.298
pdraw_spiral,resnet50,V55HE15,0,perspective,3,0.0585,0.4974,0.8078,0.298
pdraw_spiral,resnet50,V55HE15,0,perspective,4,-0.0677,0.1502,0.673,0.1277
pdraw_spiral,resnet50,V55HE15,0,perspective,5,-0.0229,0.1629,0.6902,0.173
pdraw_spiral,resnet50,V55HE15,0,rotation,1,0.0318,0.3761,0.8438,0.2086
pdraw_spiral,resnet50,V55HE15,0,rotation,2,0.1631,0.5485,0.7574,0.4397
pdraw_spiral,resnet50,V55HE15,0,rotation,3,0.822,0.4791,0.7575,0.3546
pdraw_spiral,resnet50,V55HE15,0,rotation,4,0.1873,0.5007,0.6104,0.3193
pdraw_spiral,resnet50,V55HE15,0,rotation,5,0.3074,0.3242,0.5909,0.2621
pdraw_spiral,resnet50,V03PE01,1,jpeg_compression,1,0.9727,0.9674,0.9728,0.7845
pdraw_spiral,resnet50,V03PE01,1,jpeg_compression,2,0.9114,0.9088,0.9234,0.5724
pdraw_spiral,resnet50,V03PE01,1,jpeg_compression,3,0.8654,0.8553,0.8812,0.4936
pdraw_spiral,resnet50,V03PE01,1,jpeg_compression,4,0.8493,0.8546,0.8365,0.4167
pdraw_spiral,resnet50,V03PE01,1,jpeg_compression,5,0.7139,0.6983,0.7367,0.2704
pdraw_spiral,resnet50,V03PE01,1,gaussian_blur,1,0.938,0.9347,0.9371,0.6836
pdraw_spiral,resnet50,V03PE01,1,gaussian_blur,2,0.906,0.9001,0.891,0.5969
pdraw_spiral,resnet50,V03PE01,1,gaussian_blur,3,0.8914,0.8856,0.8641,0.6425
pdraw_spiral,resnet50,V03PE01,1,gaussian_blur,4,0.8857,0.8871,0.8465,0.6077
pdraw_spiral,resnet50,V03PE01,1,gaussian_blur,5,0.8475,0.8548,0.847,0.5479
pdraw_spiral,resnet50,V03PE01,1,gaussian_noise,1,0.9146,0.9226,0.9276,0.6344
pdraw_spiral,resnet50,V03PE01,1,gaussian_noise,2,0.9179,0.9104,0.8997,0.6038
pdraw_spiral,resnet50,V03PE01,1,gaussian_noise,3,0.8696,0.853,0.8573,0.6041
pdraw_spiral,resnet50,V03PE01,1,gaussian_noise,4,0.858,0.8409,0.8498,0.5097
pdraw_spiral,resnet50,V03PE01,1,gaussian_noise,5,0.6898,0.7291,0.6817,0.2792
pdraw_spiral,resnet50,V03PE01,1,contrast,1,0.9489,0.9366,0.9321,0.6965
pdraw_spiral,resnet50,V03PE01,1,contrast,2,0.9772,0.9686,0.9735,0.8091
pdraw_spiral,resnet50,V03PE01,1,contrast,3,0.9927,0.9908,0.9936,0.8782
pdraw_spiral,resnet50,V03PE01,1,contrast,4,0.9771,0.9729,0.9808,0.8221
pdraw_spiral,resnet50,V03PE01,1,contrast,5,0.9533,0.9481,0.9653,0.644
pdraw_spiral,resnet50,V03PE01,1,brightness,1,0.742,0.7991,0.847,0.4014
pdraw_spiral,resnet50,V03PE01,1,brightness,2,0.8371,0.8759,0.8997,0.4661
pdraw_spiral,resnet50,V03PE01,1,brightness,3,0.931,0.9518,0.9476,0.6468
pdraw_spiral,resnet50,V03PE01,1,brightness,4,0.6406,0.6536,0.6968,0.3412
pdraw_spiral,resnet50,V03PE01,1,brightness,5,0.3299,0.4159,0.4961,0.1064
pdraw_spiral,resnet50,V03PE01,1,shadow,1,0.9886,0.9881,0.9892,0.8066
pdraw_spiral,resnet50,V03PE01,1,shadow,2,0.9423,0.948,0.9519,0.576
pdraw_spiral,resnet50,V03PE01,1,shadow,3,0.8924,0.9116,0.9031,0.5226
pdraw_spiral,resnet50,V03PE01,1,shadow,4,0.8748,0.8979,0.8848,0.5228
pdraw_spiral,resnet50,V03PE01,1,shadow,5,0.8615,0.8853,0.8683,0.5178
pdraw_spiral,resnet50,V03PE01,1,perspective,1,0.8849,0.8972,0.8338,0.6467
pdraw_spiral,resnet50,V03PE01,1,perspective,2,0.7787,0.8256,0.77,0.3963
pdraw_spiral,resnet50,V03PE01,1,perspective,3,0.7399,0.8012,0.7268,0.3673
pdraw_spiral,resnet50,V03PE01,1,perspective,4,0.7015,0.7756,0.6741,0.2856
pdraw_spiral,resnet50,V03PE01,1,perspective,5,0.7096,0.7696,0.6561,0.3278
pdraw_spiral,resnet50,V03PE01,1,rotation,1,0.8294,0.8543,0.7945,0.473
pdraw_spiral,resnet50,V03PE01,1,rotation,2,0.5088,0.595,0.6822,0.3556
pdraw_spiral,resnet50,V03PE01,1,rotation,3,0.7189,0.7381,0.7647,0.3239
pdraw_spiral,resnet50,V03PE01,1,rotation,4,0.5074,0.5255,0.653,0.2452
pdraw_spiral,resnet50,V03PE01,1,rotation,5,0.5556,0.5699,0.6882,0.1732
pdraw_spiral,resnet50,V11PE03,1,jpeg_compression,1,0.9619,0.9567,0.8297,0.8404
pdraw_spiral,resnet50,V11PE03,1,jpeg_compression,2,0.9215,0.9381,0.8,0.7088
pdraw_spiral,resnet50,V11PE03,1,jpeg_compression,3,0.7969,0.8861,0.7399,0.4734
pdraw_spiral,resnet50,V11PE03,1,jpeg_compression,4,0.7835,0.8607,0.5493,0.5013
pdraw_spiral,resnet50,V11PE03,1,jpeg_compression,5,0.3081,0.5325,0.424,0.0932
pdraw_spiral,resnet50,V11PE03,1,gaussian_blur,1,0.9637,0.936,0.8332,0.7621
pdraw_spiral,resnet50,V11PE03,1,gaussian_blur,2,0.9217,0.9086,0.7749,0.6853
pdraw_spiral,resnet50,V11PE03,1,gaussian_blur,3,0.791,0.7914,0.5805,0.5433
pdraw_spiral,resnet50,V11PE03,1,gaussian_blur,4,0.7275,0.7245,0.5707,0.4537
pdraw_spiral,resnet50,V11PE03,1,gaussian_blur,5,0.6107,0.6448,0.4763,0.3361
pdraw_spiral,resnet50,V11PE03,1,gaussian_noise,1,0.9743,0.9337,0.8493,0.7992
pdraw_spiral,resnet50,V11PE03,1,gaussian_noise,2,0.944,0.9388,0.8161,0.7492
pdraw_spiral,resnet50,V11PE03,1,gaussian_noise,3,0.8402,0.8811,0.679,0.5248
pdraw_spiral,resnet50,V11PE03,1,gaussian_noise,4,0.852,0.8706,0.6779,0.5466
pdraw_spiral,resnet50,V11PE03,1,gaussian_noise,5,0.8209,0.8858,0.6475,0.5077
pdraw_spiral,resnet50,V11PE03,1,contrast,1,0.9762,0.9487,0.8688,0.8199
pdraw_spiral,resnet50,V11PE03,1,contrast,2,0.9751,0.9488,0.8491,0.8682
pdraw_spiral,resnet50,V11PE03,1,contrast,3,0.9926,0.9723,0.9173,0.9369
pdraw_spiral,resnet50,V11PE03,1,contrast,4,0.9795,0.9678,0.8645,0.8639
pdraw_spiral,resnet50,V11PE03,1,contrast,5,0.9656,0.9513,0.8071,0.8133
pdraw_spiral,resnet50,V11PE03,1,brightness,1,0.9366,0.944,0.7891,0.7294
pdraw_spiral,resnet50,V11PE03,1,brightness,2,0.9687,0.9643,0.8486,0.7929
pdraw_spiral,resnet50,V11PE03,1,brightness,3,0.9803,0.9763,0.9025,0.8282
pdraw_spiral,resnet50,V11PE03,1,brightness,4,0.5812,0.7332,0.4891,0.268
pdraw_spiral,resnet50,V11PE03,1,brightness,5,0.6282,0.7702,0.5162,0.3174
pdraw_spiral,resnet50,V11PE03,1,shadow,1,0.9902,0.9838,0.9164,0.9004
pdraw_spiral,resnet50,V11PE03,1,shadow,2,0.9697,0.9493,0.8146,0.7934
pdraw_spiral,resnet50,V11PE03,1,shadow,3,0.9495,0.887,0.7289,0.721
pdraw_spiral,resnet50,V11PE03,1,shadow,4,0.9186,0.8479,0.6821,0.6749
pdraw_spiral,resnet50,V11PE03,1,shadow,5,0.9129,0.8169,0.6681,0.7709
pdraw_spiral,resnet50,V11PE03,1,perspective,1,0.9153,0.8749,0.7427,0.746
pdraw_spiral,resnet50,V11PE03,1,perspective,2,0.93,0.9021,0.7816,0.7767
pdraw_spiral,resnet50,V11PE03,1,perspective,3,0.9109,0.881,0.7796,0.687
pdraw_spiral,resnet50,V11PE03,1,perspective,4,0.891,0.859,0.7344,0.634
pdraw_spiral,resnet50,V11PE03,1,perspective,5,0.9003,0.8712,0.7602,0.5864
pdraw_spiral,resnet50,V11PE03,1,rotation,1,0.9234,0.9252,0.8086,0.6944
pdraw_spiral,resnet50,V11PE03,1,rotation,2,0.6475,0.5648,0.4984,0.4118
pdraw_spiral,resnet50,V11PE03,1,rotation,3,0.6464,0.8357,0.6007,0.5906
pdraw_spiral,resnet50,V11PE03,1,rotation,4,0.3505,0.2017,0.2514,0.2256
pdraw_spiral,resnet50,V11PE03,1,rotation,5,0.2459,0.4996,0.3419,0.1807
pdraw_spiral,resnet50,V08PE01,1,jpeg_compression,1,0.9615,0.8834,0.8133,0.7711
pdraw_spiral,resnet50,V08PE01,1,jpeg_compression,2,0.9222,0.7952,0.7215,0.6944
pdraw_spiral,resnet50,V08PE01,1,jpeg_compression,3,0.7458,0.673,0.5473,0.3689
pdraw_spiral,resnet50,V08PE01,1,jpeg_compression,4,0.6972,0.6313,0.4969,0.3688
pdraw_spiral,resnet50,V08PE01,1,jpeg_compression,5,0.6394,0.6104,0.3614,0.3422
pdraw_spiral,resnet50,V08PE01,1,gaussian_blur,1,0.8729,0.8497,0.7121,0.6742
pdraw_spiral,resnet50,V08PE01,1,gaussian_blur,2,0.9269,0.8905,0.7549,0.784
pdraw_spiral,resnet50,V08PE01,1,gaussian_blur,3,0.8769,0.7963,0.5892,0.691
pdraw_spiral,resnet50,V08PE01,1,gaussian_blur,4,0.8338,0.7309,0.5161,0.5813
pdraw_spiral,resnet50,V08PE01,1,gaussian_blur,5,0.7926,0.6886,0.4766,0.5314
pdraw_spiral,resnet50,V08PE01,1,gaussian_noise,1,0.9449,0.878,0.857,0.7666
pdraw_spiral,resnet50,V08PE01,1,gaussian_noise,2,0.9105,0.7975,0.7774,0.6525
pdraw_spiral,resnet50,V08PE01,1,gaussian_noise,3,0.9208,0.8643,0.7324,0.6012
pdraw_spiral,resnet50,V08PE01,1,gaussian_noise,4,0.8973,0.8397,0.677,0.5575
pdraw_spiral,resnet50,V08PE01,1,gaussian_noise,5,0.8834,0.7467,0.7277,0.5829
pdraw_spiral,resnet50,V08PE01,1,contrast,1,0.9587,0.925,0.8824,0.7157
pdraw_spiral,resnet50,V08PE01,1,contrast,2,0.9727,0.9776,0.9258,0.8002
pdraw_spiral,resnet50,V08PE01,1,contrast,3,0.9879,0.9817,0.9697,0.9035
pdraw_spiral,resnet50,V08PE01,1,contrast,4,0.9469,0.8906,0.821,0.8325
pdraw_spiral,resnet50,V08PE01,1,contrast,5,0.752,0.7483,0.6533,0.6376
pdraw_spiral,resnet50,V08PE01,1,brightness,1,0.8987,0.7382,0.7849,0.7084
pdraw_spiral,resnet50,V08PE01,1,brightness,2,0.9553,0.8273,0.808,0.8295
pdraw_spiral,resnet50,V08PE01,1,brightness,3,0.9692,0.866,0.8433,0.8673
pdraw_spiral,resnet50,V08PE01,1,brightness,4,0.6321,0.5874,0.4247,0.3279
pdraw_spiral,resnet50,V08PE01,1,brightness,5,0.6556,0.5906,0.5018,0.3295
pdraw_spiral,resnet50,V08PE01,1,shadow,1,0.9517,0.8749,0.8589,0.879
pdraw_spiral,resnet50,V08PE01,1,shadow,2,0.7605,0.7107,0.7511,0.5419
pdraw_spiral,resnet50,V08PE01,1,shadow,3,0.8116,0.7401,0.7251,0.5385
pdraw_spiral,resnet50,V08PE01,1,shadow,4,0.8766,0.678,0.6539,0.5821
pdraw_spiral,resnet50,V08PE01,1,shadow,5,0.892,0.6426,0.628,0.6437
pdraw_spiral,resnet50,V08PE01,1,perspective,1,0.9086,0.8323,0.8384,0.6686
pdraw_spiral,resnet50,V08PE01,1,perspective,2,0.8877,0.8127,0.7765,0.7553
pdraw_spiral,resnet50,V08PE01,1,perspective,3,0.8624,0.8237,0.7824,0.5402
pdraw_spiral,resnet50,V08PE01,1,perspective,4,0.8653,0.8521,0.8331,0.5022
pdraw_spiral,resnet50,V08PE01,1,perspective,5,0.7905,0.7507,0.7079,0.3481
pdraw_spiral,resnet50,V08PE01,1,rotation,1,0.6111,0.6666,0.6809,0.5264
pdraw_spiral,resnet50,V08PE01,1,rotation,2,0.0629,0.2267,0.4913,0.1628
pdraw_spiral,resnet50,V08PE01,1,rotation,3,0.4256,0.5409,0.4853,0.3243
pdraw_spiral,resnet50,V08PE01,1,rotation,4,0.3305,0.3216,0.4334,0.2396
pdraw_spiral,resnet50,V08PE01,1,rotation,5,0.6227,0.4693,0.4748,0.3608
pdraw_spiral,resnet50,V06PE01,1,jpeg_compression,1,0.9314,0.9577,0.8082,0.7742
pdraw_spiral,resnet50,V06PE01,1,jpeg_compression,2,0.8993,0.9289,0.6935,0.7294
pdraw_spiral,resnet50,V06PE01,1,jpeg_compression,3,0.8975,0.9088,0.6136,0.7066
pdraw_spiral,resnet50,V06PE01,1,jpeg_compression,4,0.8647,0.8994,0.6064,0.6255
pdraw_spiral,resnet50,V06PE01,1,jpeg_compression,5,0.7756,0.8419,0.5545,0.6651
pdraw_spiral,resnet50,V06PE01,1,gaussian_blur,1,0.9568,0.9553,0.8705,0.7192
pdraw_spiral,resnet50,V06PE01,1,gaussian_blur,2,0.9154,0.9115,0.7313,0.6971
pdraw_spiral,resnet50,V06PE01,1,gaussian_blur,3,0.8922,0.9219,0.5924,0.6816
pdraw_spiral,resnet50,V06PE01,1,gaussian_blur,4,0.8675,0.9002,0.5539,0.6362
pdraw_spiral,resnet50,V06PE01,1,gaussian_blur,5,0.8803,0.8787,0.5039,0.6975
pdraw_spiral,resnet50,V06PE01,1,gaussian_noise,1,0.9745,0.9504,0.8562,0.8186
pdraw_spiral,resnet50,V06PE01,1,gaussian_noise,2,0.8594,0.9325,0.7465,0.549
pdraw_spiral,resnet50,V06PE01,1,gaussian_noise,3,0.8363,0.9038,0.6392,0.5819
pdraw_spiral,resnet50,V06PE01,1,gaussian_noise,4,0.7606,0.8589,0.6955,0.4909
pdraw_spiral,resnet50,V06PE01,1,gaussian_noise,5,0.8139,0.8962,0.7051,0.5541
pdraw_spiral,resnet50,V06PE01,1,contrast,1,0.9637,0.9505,0.8418,0.7039
pdraw_spiral,resnet50,V06PE01,1,contrast,2,0.9814,0.9682,0.9023,0.8027
pdraw_spiral,resnet50,V06PE01,1,contrast,3,0.9929,0.9926,0.9752,0.8843
pdraw_spiral,resnet50,V06PE01,1,contrast,4,0.9898,0.991,0.9359,0.9173
pdraw_spiral,resnet50,V06PE01,1,contrast,5,0.9774,0.9822,0.8668,0.8746
pdraw_spiral,resnet50,V06PE01,1,brightness,1,0.8886,0.8819,0.7555,0.5442
pdraw_spiral,resnet50,V06PE01,1,brightness,2,0.9614,0.955,0.8967,0.7524
pdraw_spiral,resnet50,V06PE01,1,brightness,3,0.9889,0.9827,0.9512,0.864
pdraw_spiral,resnet50,V06PE01,1,brightness,4,0.8598,0.8966,0.627,0.701
pdraw_spiral,resnet50,V06PE01,1,brightness,5,0.8424,0.894,0.6859,0.6392
pdraw_spiral,resnet50,V06PE01,1,shadow,1,0.9811,0.9757,0.9285,0.7469
pdraw_spiral,resnet50,V06PE01,1,shadow,2,0.9154,0.9496,0.8805,0.5672
pdraw_spiral,resnet50,V06PE01,1,shadow,3,0.9023,0.9264,0.8203,0.5824
pdraw_spiral,resnet50,V06PE01,1,shadow,4,0.8974,0.9095,0.7505,0.6044
pdraw_spiral,resnet50,V06PE01,1,shadow,5,0.8848,0.8858,0.6773,0.6358
pdraw_spiral,resnet50,V06PE01,1,perspective,1,0.9358,0.8761,0.7608,0.7176
pdraw_spiral,resnet50,V06PE01,1,perspective,2,0.8913,0.8026,0.6802,0.6981
pdraw_spiral,resnet50,V06PE01,1,perspective,3,0.8344,0.7614,0.6673,0.5841
pdraw_spiral,resnet50,V06PE01,1,perspective,4,0.8134,0.7766,0.6401,0.5951
pdraw_spiral,resnet50,V06PE01,1,perspective,5,0.7238,0.7368,0.5707,0.4739
pdraw_spiral,resnet50,V06PE01,1,rotation,1,0.9417,0.8887,0.791,0.7211
pdraw_spiral,resnet50,V06PE01,1,rotation,2,0.7865,0.6246,0.5686,0.6156
pdraw_spiral,resnet50,V06PE01,1,rotation,3,0.7883,0.7632,0.6392,0.5841
pdraw_spiral,resnet50,V06PE01,1,rotation,4,0.5734,0.5001,0.4555,0.4676
pdraw_spiral,resnet50,V06PE01,1,rotation,5,0.5995,0.6028,0.5023,0.4138
pdraw_spiral,resnet50,V03PE07,1,jpeg_compression,1,0.9767,0.9782,0.9222,0.8448
pdraw_spiral,resnet50,V03PE07,1,jpeg_compression,2,0.751,0.8573,0.6885,0.3259
pdraw_spiral,resnet50,V03PE07,1,jpeg_compression,3,0.7396,0.8307,0.6966,0.3195
pdraw_spiral,resnet50,V03PE07,1,jpeg_compression,4,0.7135,0.8313,0.6787,0.381
pdraw_spiral,resnet50,V03PE07,1,jpeg_compression,5,0.3451,0.5891,0.6484,0.0379
pdraw_spiral,resnet50,V03PE07,1,gaussian_blur,1,0.8477,0.925,0.7846,0.5607
pdraw_spiral,resnet50,V03PE07,1,gaussian_blur,2,0.7057,0.8316,0.7757,0.3848
pdraw_spiral,resnet50,V03PE07,1,gaussian_blur,3,0.7192,0.8048,0.6282,0.3903
pdraw_spiral,resnet50,V03PE07,1,gaussian_blur,4,0.7161,0.8014,0.6272,0.4141
pdraw_spiral,resnet50,V03PE07,1,gaussian_blur,5,0.7347,0.8176,0.6305,0.4753
pdraw_spiral,resnet50,V03PE07,1,gaussian_noise,1,0.9806,0.9617,0.9102,0.8635
pdraw_spiral,resnet50,V03PE07,1,gaussian_noise,2,0.8757,0.8873,0.7396,0.6799
pdraw_spiral,resnet50,V03PE07,1,gaussian_noise,3,0.8053,0.8491,0.7113,0.4802
pdraw_spiral,resnet50,V03PE07,1,gaussian_noise,4,0.6814,0.718,0.7068,0.344
pdraw_spiral,resnet50,V03PE07,1,gaussian_noise,5,0.7022,0.7692,0.7155,0.307
pdraw_spiral,resnet50,V03PE07,1,contrast,1,0.91,0.9451,0.8558,0.5887
pdraw_spiral,resnet50,V03PE07,1,contrast,2,0.9836,0.9902,0.9506,0.8005
pdraw_spiral,resnet50,V03PE07,1,contrast,3,0.9971,0.9964,0.977,0.9071
pdraw_spiral,resnet50,V03PE07,1,contrast,4,0.9954,0.9926,0.9767,0.9143
pdraw_spiral,resnet50,V03PE07,1,contrast,5,0.9833,0.9798,0.9457,0.8016
pdraw_spiral,resnet50,V03PE07,1,brightness,1,0.9738,0.9567,0.9196,0.8249
pdraw_spiral,resnet50,V03PE07,1,brightness,2,0.9798,0.9729,0.9482,0.8546
pdraw_spiral,resnet50,V03PE07,1,brightness,3,0.9837,0.9727,0.9445,0.8602
pdraw_spiral,resnet50,V03PE07,1,brightness,4,0.4237,0.5976,0.645,0.0652
pdraw_spiral,resnet50,V03PE07,1,brightness,5,0.3029,0.5618,0.6199,0.0093
pdraw_spiral,resnet50,V03PE07,1,shadow,1,0.9871,0.9755,0.9485,0.8388
pdraw_spiral,resnet50,V03PE07,1,shadow,2,0.9414,0.9672,0.8734,0.701
pdraw_spiral,resnet50,V03PE07,1,shadow,3,0.8027,0.9163,0.6817,0.5035
pdraw_spiral,resnet50,V03PE07,1,shadow,4,0.6704,0.8537,0.6621,0.318
pdraw_spiral,resnet50,V03PE07,1,shadow,5,0.6492,0.8396,0.6503,0.2786
pdraw_spiral,resnet50,V03PE07,1,perspective,1,0.9297,0.9317,0.8256,0.7714
pdraw_spiral,resnet50,V03PE07,1,perspective,2,0.8224,0.8902,0.7607,0.4809
pdraw_spiral,resnet50,V03PE07,1,perspective,3,0.8431,0.8677,0.7797,0.6565
pdraw_spiral,resnet50,V03PE07,1,perspective,4,0.7935,0.8655,0.7295,0.6029
pdraw_spiral,resnet50,V03PE07,1,perspective,5,0.5092,0.6924,0.6084,0.2123
pdraw_spiral,resnet50,V03PE07,1,rotation,1,0.7693,0.8646,0.7622,0.471
pdraw_spiral,resnet50,V03PE07,1,rotation,2,0.6849,0.6201,0.6539,0.5229
pdraw_spiral,resnet50,V03PE07,1,rotation,3,0.3508,0.3175,0.6025,0.1688
pdraw_spiral,resnet50,V03PE07,1,rotation,4,0.3936,0.5002,0.5384,0.3689
pdraw_spiral,resnet50,V03PE07,1,rotation,5,0.0183,0.1513,0.4598,0.0155
pdraw_spiral,vgg16,V09HE01,0,jpeg_compression,1,0.7025,0.6794,0.8033,0.3749
pdraw_spiral,vgg16,V09HE01,0,jpeg_compression,2,0.7592,0.5621,0.8439,0.3509
pdraw_spiral,vgg16,V09HE01,0,jpeg_compression,3,0.7122,0.447,0.7706,0.3357
pdraw_spiral,vgg16,V09HE01,0,jpeg_compression,4,0.1048,0.1484,0.7264,0.1753
pdraw_spiral,vgg16,V09HE01,0,jpeg_compression,5,-0.0082,0.1717,0.5807,0.2184
pdraw_spiral,vgg16,V09HE01,0,gaussian_blur,1,0.9397,0.5798,0.831,0.3934
pdraw_spiral,vgg16,V09HE01,0,gaussian_blur,2,0.789,0.71,0.8342,0.5287
pdraw_spiral,vgg16,V09HE01,0,gaussian_blur,3,0.6243,0.4026,0.7862,0.3249
pdraw_spiral,vgg16,V09HE01,0,gaussian_blur,4,0.383,0.39,0.7834,0.3216
pdraw_spiral,vgg16,V09HE01,0,gaussian_blur,5,0.2313,0.5565,0.7638,0.3509
pdraw_spiral,vgg16,V09HE01,0,gaussian_noise,1,0.845,0.8594,0.8512,0.6405
pdraw_spiral,vgg16,V09HE01,0,gaussian_noise,2,0.7462,0.4051,0.7914,0.2207
pdraw_spiral,vgg16,V09HE01,0,gaussian_noise,3,0.9352,0.5798,0.8295,0.3934
pdraw_spiral,vgg16,V09HE01,0,gaussian_noise,4,0.3261,0.4359,0.7851,0.3311
pdraw_spiral,vgg16,V09HE01,0,gaussian_noise,5,0.0094,0.4897,0.7324,0.42
pdraw_spiral,vgg16,V09HE01,0,contrast,1,0.6847,0.5663,0.7794,0.248
pdraw_spiral,vgg16,V09HE01,0,contrast,2,0.7724,0.5784,0.7939,0.3934
pdraw_spiral,vgg16,V09HE01,0,contrast,3,0.8863,0.8238,0.8441,0.5771
pdraw_spiral,vgg16,V09HE01,0,contrast,4,0.8796,0.8916,0.851,0.5897
pdraw_spiral,vgg16,V09HE01,0,contrast,5,0.879,0.8885,0.8616,0.6302
pdraw_spiral,vgg16,V09HE01,0,brightness,1,0.2109,0.576,0.7202,0.3749
pdraw_spiral,vgg16,V09HE01,0,brightness,2,0.2105,0.7555,0.7239,0.3979
pdraw_spiral,vgg16,V09HE01,0,brightness,3,0.6425,0.787,0.792,0.5156
pdraw_spiral,vgg16,V09HE01,0,brightness,4,0.0572,0.2083,0.7027,0.2073
pdraw_spiral,vgg16,V09HE01,0,brightness,5,-0.0579,0.041,0.6601,0.1387
pdraw_spiral,vgg16,V09HE01,0,shadow,1,0.8442,0.8046,0.8154,0.5934
pdraw_spiral,vgg16,V09HE01,0,shadow,2,0.8004,0.796,0.8103,0.5611
pdraw_spiral,vgg16,V09HE01,0,shadow,3,0.7567,0.7451,0.792,0.5456
pdraw_spiral,vgg16,V09HE01,0,shadow,4,0.6683,0.7446,0.7749,0.5202
pdraw_spiral,vgg16,V09HE01,0,shadow,5,0.6427,0.7441,0.771,0.5156
pdraw_spiral,vgg16,V09HE01,0,perspective,1,0.6785,0.6114,0.8121,0.3488
pdraw_spiral,vgg16,V09HE01,0,perspective,2,0.611,0.735,0.8318,0.6533
pdraw_spiral,vgg16,V09HE01,0,perspective,3,0.8949,0.5924,0.8173,0.3988
pdraw_spiral,vgg16,V09HE01,0,perspective,4,0.7878,0.7196,0.7913,0.5104
pdraw_spiral,vgg16,V09HE01,0,perspective,5,0.7504,0.3777,0.7434,0.3196
pdraw_spiral,vgg16,V09HE01,0,rotation,1,-0.0593,0.0948,0.7233,0.143
pdraw_spiral,vgg16,V09HE01,0,rotation,2,0.1128,0.1439,0.7147,0.1673
pdraw_spiral,vgg16,V09HE01,0,rotation,3,-0.0562,-0.0,0.6294,0.1373
pdraw_spiral,vgg16,V09HE01,0,rotation,4,-0.0361,-0.0175,0.6796,0.1346
pdraw_spiral,vgg16,V09HE01,0,rotation,5,-0.0738,-0.0224,0.6713,0.0923
pdraw_spiral,vgg16,V55HE14,0,jpeg_compression,1,0.9976,0.9999,0.9966,0.9881
pdraw_spiral,vgg16,V55HE14,0,jpeg_compression,2,0.9586,0.9982,0.9627,0.9468
pdraw_spiral,vgg16,V55HE14,0,jpeg_compression,3,0.9134,0.8678,0.9438,0.6401
pdraw_spiral,vgg16,V55HE14,0,jpeg_compression,4,0.8267,0.9343,0.9103,0.8193
pdraw_spiral,vgg16,V55HE14,0,jpeg_compression,5,0.6246,0.4057,0.7964,0.2918
pdraw_spiral,vgg16,V55HE14,0,gaussian_blur,1,0.9825,0.9077,0.9457,0.7359
pdraw_spiral,vgg16,V55HE14,0,gaussian_blur,2,0.9457,0.8355,0.9142,0.7125
pdraw_spiral,vgg16,V55HE14,0,gaussian_blur,3,0.8717,0.6816,0.8761,0.5165
pdraw_spiral,vgg16,V55HE14,0,gaussian_blur,4,0.8511,0.672,0.8678,0.5165
pdraw_spiral,vgg16,V55HE14,0,gaussian_blur,5,0.8747,0.6835,0.8683,0.5165
pdraw_spiral,vgg16,V55HE14,0,gaussian_noise,1,0.9279,0.9979,0.9606,0.9531
pdraw_spiral,vgg16,V55HE14,0,gaussian_noise,2,0.9788,0.9381,0.9667,0.8193
pdraw_spiral,vgg16,V55HE14,0,gaussian_noise,3,0.9442,0.9377,0.9383,0.8193
pdraw_spiral,vgg16,V55HE14,0,gaussian_noise,4,0.8592,0.8675,0.9193,0.6401
pdraw_spiral,vgg16,V55HE14,0,gaussian_noise,5,0.8962,0.9365,0.9208,0.8193
pdraw_spiral,vgg16,V55HE14,0,contrast,1,0.9495,0.9377,0.9407,0.8193
pdraw_spiral,vgg16,V55HE14,0,contrast,2,0.985,0.9997,0.98,0.9803
pdraw_spiral,vgg16,V55HE14,0,contrast,3,0.9975,0.9999,0.9982,0.9948
pdraw_spiral,vgg16,V55HE14,0,contrast,4,0.9827,0.9996,0.9933,0.9932
pdraw_spiral,vgg16,V55HE14,0,contrast,5,0.9535,0.8487,0.9376,0.7794
pdraw_spiral,vgg16,V55HE14,0,brightness,1,0.8802,0.529,0.8117,0.4929
pdraw_spiral,vgg16,V55HE14,0,brightness,2,0.9538,0.8758,0.9249,0.8522
pdraw_spiral,vgg16,V55HE14,0,brightness,3,0.9939,0.9997,0.9847,0.9628
pdraw_spiral,vgg16,V55HE14,0,brightness,4,0.7502,0.7455,0.8845,0.4334
pdraw_spiral,vgg16,V55HE14,0,brightness,5,0.7499,0.7458,0.881,0.4334
pdraw_spiral,vgg16,V55HE14,0,shadow,1,0.9863,0.9996,0.9862,0.9735
pdraw_spiral,vgg16,V55HE14,0,shadow,2,0.9693,0.9989,0.9683,0.9544
pdraw_spiral,vgg16,V55HE14,0,shadow,3,0.9422,0.9981,0.9594,0.9487
pdraw_spiral,vgg16,V55HE14,0,shadow,4,0.9103,0.8838,0.9187,0.941
pdraw_spiral,vgg16,V55HE14,0,shadow,5,0.9239,0.9973,0.951,0.9433
pdraw_spiral,vgg16,V55HE14,0,perspective,1,0.7348,0.8461,0.8801,0.6042
pdraw_spiral,vgg16,V55HE14,0,perspective,2,0.6187,0.846,0.8569,0.6042
pdraw_spiral,vgg16,V55HE14,0,perspective,3,0.5669,0.5654,0.7856,0.4414
pdraw_spiral,vgg16,V55HE14,0,perspective,4,0.4929,0.4842,0.7229,0.3902
pdraw_spiral,vgg16,V55HE14,0,perspective,5,0.4844,0.5023,0.6955,0.4156
pdraw_spiral,vgg16,V55HE14,0,rotation,1,0.3852,0.5578,0.7636,0.4662
pdraw_spiral,vgg16,V55HE14,0,rotation,2,0.2296,0.4984,0.7143,0.3999
pdraw_spiral,vgg16,V55HE14,0,rotation,3,0.1101,0.227,0.7352,0.1795
pdraw_spiral,vgg16,V55HE14,0,rotation,4,0.0699,0.4219,0.6836,0.3639
pdraw_spiral,vgg16,V55HE14,0,rotation,5,0.1035,0.2257,0.7349,0.1794
pdraw_spiral,vgg16,V08HE01,0,jpeg_compression,1,0.754,0.6421,0.9383,0.5311
pdraw_spiral,vgg16,V08HE01,0,jpeg_compression,2,,,0.8947,0.3037
pdraw_spiral,vgg16,V08HE01,0,jpeg_compression,3,0.1534,0.5585,0.8638,0.6265
pdraw_spiral,vgg16,V08HE01,0,jpeg_compression,4,0.6308,0.7288,0.9561,0.4459
pdraw_spiral,vgg16,V08HE01,0,jpeg_compression,5,0.479,0.387,0.8302,0.3196
pdraw_spiral,vgg16,V08HE01,0,gaussian_blur,1,0.3724,0.5682,0.8933,0.6265
pdraw_spiral,vgg16,V08HE01,0,gaussian_blur,2,-0.0313,0.1842,0.8338,0.4038
pdraw_spiral,vgg16,V08HE01,0,gaussian_blur,3,,,0.8947,0.3037
pdraw_spiral,vgg16,V08HE01,0,gaussian_blur,4,,,0.8947,0.3037
pdraw_spiral,vgg16,V08HE01,0,gaussian_blur,5,0.6308,0.7288,0.9561,0.4459
pdraw_spiral,vgg16,V08HE01,0,gaussian_noise,1,0.9098,0.9996,0.9665,0.9998
pdraw_spiral,vgg16,V08HE01,0,gaussian_noise,2,,,0.8947,0.3037
pdraw_spiral,vgg16,V08HE01,0,gaussian_noise,3,0.754,0.6421,0.9383,0.5311
pdraw_spiral,vgg16,V08HE01,0,gaussian_noise,4,0.7536,0.4332,0.9269,0.4471
pdraw_spiral,vgg16,V08HE01,0,gaussian_noise,5,0.6578,0.5586,0.8667,0.4013
pdraw_spiral,vgg16,V08HE01,0,contrast,1,,,0.8947,0.3037
pdraw_spiral,vgg16,V08HE01,0,contrast,2,0.9609,0.9998,0.984,0.9992
pdraw_spiral,vgg16,V08HE01,0,contrast,3,0.9826,0.9999,0.9926,0.9998
pdraw_spiral,vgg16,V08HE01,0,contrast,4,0.9626,0.7799,0.9348,0.3659
pdraw_spiral,vgg16,V08HE01,0,contrast,5,0.902,0.7742,0.9297,0.4123
pdraw_spiral,vgg16,V08HE01,0,brightness,1,0.6822,0.6471,0.8133,0.3203
pdraw_spiral,vgg16,V08HE01,0,brightness,2,0.6349,0.7583,0.8741,0.4737
pdraw_spiral,vgg16,V08HE01,0,brightness,3,0.7531,0.7742,0.8921,0.4737
pdraw_spiral,vgg16,V08HE01,0,brightness,4,0.4129,0.3621,0.8097,0.2562
pdraw_spiral,vgg16,V08HE01,0,brightness,5,0.2505,0.563,0.8739,0.6265
pdraw_spiral,vgg16,V08HE01,0,shadow,1,0.9865,0.7965,0.9573,0.4167
pdraw_spiral,vgg16,V08HE01,0,shadow,2,0.9504,0.6429,0.8721,0.3545
pdraw_spiral,vgg16,V08HE01,0,shadow,3,0.9043,0.7049,0.8759,0.3495
pdraw_spiral,vgg16,V08HE01,0,shadow,4,0.9294,0.6396,0.8535,0.4287
pdraw_spiral,vgg16,V08HE01,0,shadow,5,0.9165,0.6865,0.8849,0.4417
pdraw_spiral,vgg16,V08HE01,0,perspective,1,0.5924,0.5269,0.917,0.4459
pdraw_spiral,vgg16,V08HE01,0,perspective,2,0.5333,0.79,0.8963,0.6265
pdraw_spiral,vgg16,V08HE01,0,perspective,3,0.4372,0.2898,0.822,0.1847
pdraw_spiral,vgg16,V08HE01,0,perspective,4,0.3838,0.783,0.8889,0.6235
pdraw_spiral,vgg16,V08HE01,0,perspective,5,0.3958,0.2335,0.7603,0.1297
pdraw_spiral,vgg16,V08HE01,0,rotation,1,0.5934,0.581,0.9216,0.3976
pdraw_spiral,vgg16,V08HE01,0,rotation,2,0.1328,0.3958,0.8508,0.3241
pdraw_spiral,vgg16,V08HE01,0,rotation,3,0.3945,0.5693,0.8969,0.3976
pdraw_spiral,vgg16,V08HE01,0,rotation,4,0.1403,0.2671,0.7332,0.3107
pdraw_spiral,vgg16,V08HE01,0,rotation,5,0.0335,0.3577,0.7964,0.3393
pdraw_spiral,vgg16,V07HE01,0,jpeg_compression,1,0.9813,0.7558,0.8733,0.5329
pdraw_spiral,vgg16,V07HE01,0,jpeg_compression,2,0.9368,0.6501,0.8367,0.3488
pdraw_spiral,vgg16,V07HE01,0,jpeg_compression,3,0.9611,0.7425,0.8678,0.4554
pdraw_spiral,vgg16,V07HE01,0,jpeg_compression,4,0.6641,0.6673,0.7767,0.338
pdraw_spiral,vgg16,V07HE01,0,jpeg_compression,5,0.2907,0.5963,0.8143,0.3688
pdraw_spiral,vgg16,V07HE01,0,gaussian_blur,1,0.9546,0.9001,0.8747,0.6474
pdraw_spiral,vgg16,V07HE01,0,gaussian_blur,2,0.9802,0.8298,0.9035,0.5838
pdraw_spiral,vgg16,V07HE01,0,gaussian_blur,3,0.9683,0.763,0.879,0.4935
pdraw_spiral,vgg16,V07HE01,0,gaussian_blur,4,0.959,0.7632,0.882,0.4935
pdraw_spiral,vgg16,V07HE01,0,gaussian_blur,5,0.9666,0.6502,0.8654,0.3498
pdraw_spiral,vgg16,V07HE01,0,gaussian_noise,1,0.9814,0.6978,0.9069,0.6996
pdraw_spiral,vgg16,V07HE01,0,gaussian_noise,2,0.9166,0.695,0.8451,0.4122
pdraw_spiral,vgg16,V07HE01,0,gaussian_noise,3,0.8763,0.6972,0.8433,0.4122
pdraw_spiral,vgg16,V07HE01,0,gaussian_noise,4,0.963,0.6499,0.8621,0.3488
pdraw_spiral,vgg16,V07HE01,0,gaussian_noise,5,0.6722,0.8668,0.7743,0.5811
pdraw_spiral,vgg16,V07HE01,0,contrast,1,0.9382,0.7005,0.8451,0.5539
pdraw_spiral,vgg16,V07HE01,0,contrast,2,0.979,0.7948,0.8826,0.5789
pdraw_spiral,vgg16,V07HE01,0,contrast,3,0.981,0.6969,0.8523,0.5731
pdraw_spiral,vgg16,V07HE01,0,contrast,4,0.9935,0.9049,0.9466,0.7499
pdraw_spiral,vgg16,V07HE01,0,contrast,5,0.9795,0.8297,0.9014,0.6708
pdraw_spiral,vgg16,V07HE01,0,brightness,1,0.4984,0.4869,0.5458,0.4139
pdraw_spiral,vgg16,V07HE01,0,brightness,2,0.7309,0.5614,0.5785,0.4208
pdraw_spiral,vgg16,V07HE01,0,brightness,3,0.8851,0.7534,0.6622,0.5534
pdraw_spiral,vgg16,V07HE01,0,brightness,4,0.32,0.6321,0.8022,0.3398
pdraw_spiral,vgg16,V07HE01,0,brightness,5,0.0619,0.109,0.656,0.1755
pdraw_spiral,vgg16,V07HE01,0,shadow,1,0.9537,0.8088,0.7476,0.7226
pdraw_spiral,vgg16,V07HE01,0,shadow,2,0.9054,0.7701,0.6968,0.6199
pdraw_spiral,vgg16,V07HE01,0,shadow,3,0.8422,0.7521,0.6408,0.6095
pdraw_spiral,vgg16,V07HE01,0,shadow,4,0.6416,0.6577,0.5861,0.3628
pdraw_spiral,vgg16,V07HE01,0,shadow,5,0.5995,0.6691,0.6158,0.3871
pdraw_spiral,vgg16,V07HE01,0,perspective,1,0.9463,0.6886,0.8494,0.3605
pdraw_spiral,vgg16,V07HE01,0,perspective,2,0.8019,0.8554,0.793,0.63
pdraw_spiral,vgg16,V07HE01,0,perspective,3,0.7876,0.6509,0.7582,0.4335
pdraw_spiral,vgg16,V07HE01,0,perspective,4,0.7475,0.6444,0.7056,0.4257
pdraw_spiral,vgg16,V07HE01,0,perspective,5,0.6371,0.5645,0.7518,0.4672
pdraw_spiral,vgg16,V07HE01,0,rotation,1,0.4926,0.6143,0.7753,0.4817
pdraw_spiral,vgg16,V07HE01,0,rotation,2,0.2996,0.6761,0.8067,0.4041
pdraw_spiral,vgg16,V07HE01,0,rotation,3,0.3292,0.3704,0.7188,0.2755
pdraw_spiral,vgg16,V07HE01,0,rotation,4,0.2671,0.5026,0.7408,0.2772
pdraw_spiral,vgg16,V07HE01,0,rotation,5,0.1238,0.3258,0.6676,0.2464
pdraw_spiral,vgg16,V55HE15,0,jpeg_compression,1,0.9971,0.9712,0.9923,0.9844
pdraw_spiral,vgg16,V55HE15,0,jpeg_compression,2,0.9653,0.7905,0.9042,0.5613
pdraw_spiral,vgg16,V55HE15,0,jpeg_compression,3,0.9027,0.7894,0.8925,0.5613
pdraw_spiral,vgg16,V55HE15,0,jpeg_compression,4,0.3316,0.5224,0.7939,0.3346
pdraw_spiral,vgg16,V55HE15,0,jpeg_compression,5,0.3432,0.5303,0.7765,0.3826
pdraw_spiral,vgg16,V55HE15,0,gaussian_blur,1,0.979,0.9103,0.9458,0.8279
pdraw_spiral,vgg16,V55HE15,0,gaussian_blur,2,0.9431,0.8516,0.872,0.6937
pdraw_spiral,vgg16,V55HE15,0,gaussian_blur,3,0.8681,0.6303,0.8352,0.2963
pdraw_spiral,vgg16,V55HE15,0,gaussian_blur,4,0.649,0.4363,0.8143,0.1291
pdraw_spiral,vgg16,V55HE15,0,gaussian_blur,5,,,0.7799,0.0008
pdraw_spiral,vgg16,V55HE15,0,gaussian_noise,1,0.9877,0.9707,0.9803,0.9588
pdraw_spiral,vgg16,V55HE15,0,gaussian_noise,2,0.8985,0.7895,0.8791,0.5613
pdraw_spiral,vgg16,V55HE15,0,gaussian_noise,3,0.9009,0.7897,0.885,0.5613
pdraw_spiral,vgg16,V55HE15,0,gaussian_noise,4,0.8815,0.777,0.8725,0.5314
pdraw_spiral,vgg16,V55HE15,0,gaussian_noise,5,0.8958,0.7193,0.8571,0.4291
pdraw_spiral,vgg16,V55HE15,0,contrast,1,0.9642,0.8867,0.9048,0.7705
pdraw_spiral,vgg16,V55HE15,0,contrast,2,0.9905,0.9242,0.9654,0.9487
pdraw_spiral,vgg16,V55HE15,0,contrast,3,0.9988,0.9998,0.9871,0.9582
pdraw_spiral,vgg16,V55HE15,0,contrast,4,0.9965,0.9711,0.9877,0.9613
pdraw_spiral,vgg16,V55HE15,0,contrast,5,0.9852,0.8323,0.939,0.8091
pdraw_spiral,vgg16,V55HE15,0,brightness,1,0.8264,0.6368,0.6572,0.5761
pdraw_spiral,vgg16,V55HE15,0,brightness,2,0.9627,0.7596,0.7693,0.7426
pdraw_spiral,vgg16,V55HE15,0,brightness,3,0.9892,0.9993,0.9688,0.923
pdraw_spiral,vgg16,V55HE15,0,brightness,4,0.3621,0.5577,0.8146,0.2611
pdraw_spiral,vgg16,V55HE15,0,brightness,5,0.3661,0.5579,0.8209,0.2611
pdraw_spiral,vgg16,V55HE15,0,shadow,1,0.9897,0.9134,0.9353,0.8808
pdraw_spiral,vgg16,V55HE15,0,shadow,2,0.9884,0.8278,0.8931,0.8433
pdraw_spiral,vgg16,V55HE15,0,shadow,3,0.9754,0.7879,0.8355,0.7602
pdraw_spiral,vgg16,V55HE15,0,shadow,4,0.9684,0.8343,0.8533,0.7528
pdraw_spiral,vgg16,V55HE15,0,shadow,5,0.9449,0.7576,0.8066,0.657
pdraw_spiral,vgg16,V55HE15,0,perspective,1,0.2652,0.6238,0.7839,0.3164
pdraw_spiral,vgg16,V55HE15,0,perspective,2,0.8053,0.7754,0.8419,0.5314
pdraw_spiral,vgg16,V55HE15,0,perspective,3,0.6013,0.5916,0.712,0.4178
pdraw_spiral,vgg16,V55HE15,0,perspective,4,0.5537,0.3438,0.7098,0.299
pdraw_spiral,vgg16,V55HE15,0,perspective,5,0.547,0.596,0.7325,0.4716
pdraw_spiral,vgg16,V55HE15,0,rotation,1,0.6337,0.7189,0.7639,0.5248
pdraw_spiral,vgg16,V55HE15,0,rotation,2,0.2843,0.6239,0.791,0.3313
pdraw_spiral,vgg16,V55HE15,0,rotation,3,0.1432,0.1922,0.7161,0.1734
pdraw_spiral,vgg16,V55HE15,0,rotation,4,0.1321,0.3565,0.7125,0.1762
pdraw_spiral,vgg16,V55HE15,0,rotation,5,0.1127,0.3775,0.6293,0.2574
pdraw_spiral,vgg16,V03PE01,1,jpeg_compression,1,0.9825,0.9793,0.9589,0.7649
pdraw_spiral,vgg16,V03PE01,1,jpeg_compression,2,0.9691,0.9585,0.934,0.7303
pdraw_spiral,vgg16,V03PE01,1,jpeg_compression,3,0.9318,0.9005,0.8742,0.6449
pdraw_spiral,vgg16,V03PE01,1,jpeg_compression,4,0.838,0.7569,0.7546,0.5506
pdraw_spiral,vgg16,V03PE01,1,jpeg_compression,5,0.7709,0.6194,0.5858,0.5184
pdraw_spiral,vgg16,V03PE01,1,gaussian_blur,1,0.9655,0.9528,0.9094,0.7443
pdraw_spiral,vgg16,V03PE01,1,gaussian_blur,2,0.958,0.9444,0.8795,0.7896
pdraw_spiral,vgg16,V03PE01,1,gaussian_blur,3,0.9467,0.9349,0.8769,0.7576
pdraw_spiral,vgg16,V03PE01,1,gaussian_blur,4,0.9147,0.9094,0.8606,0.6491
pdraw_spiral,vgg16,V03PE01,1,gaussian_blur,5,0.8709,0.8759,0.8374,0.5155
pdraw_spiral,vgg16,V03PE01,1,gaussian_noise,1,0.9901,0.9868,0.9738,0.7782
pdraw_spiral,vgg16,V03PE01,1,gaussian_noise,2,0.9537,0.9353,0.9359,0.726
pdraw_spiral,vgg16,V03PE01,1,gaussian_noise,3,0.9493,0.9364,0.9011,0.6664
pdraw_spiral,vgg16,V03PE01,1,gaussian_noise,4,0.9275,0.9035,0.8348,0.6794
pdraw_spiral,vgg16,V03PE01,1,gaussian_noise,5,0.7654,0.7276,0.7746,0.4442
pdraw_spiral,vgg16,V03PE01,1,contrast,1,0.927,0.8921,0.9079,0.633
pdraw_spiral,vgg16,V03PE01,1,contrast,2,0.989,0.9862,0.9815,0.8036
pdraw_spiral,vgg16,V03PE01,1,contrast,3,0.9971,0.9969,0.9922,0.9173
pdraw_spiral,vgg16,V03PE01,1,contrast,4,0.9918,0.9893,0.9786,0.8309
pdraw_spiral,vgg16,V03PE01,1,contrast,5,0.9818,0.9748,0.9727,0.7924
pdraw_spiral,vgg16,V03PE01,1,brightness,1,0.9268,0.8858,0.878,0.6721
pdraw_spiral,vgg16,V03PE01,1,brightness,2,0.9657,0.9524,0.9242,0.6968
pdraw_spiral,vgg16,V03PE01,1,brightness,3,0.9815,0.9764,0.9551,0.7714
pdraw_spiral,vgg16,V03PE01,1,brightness,4,0.8573,0.7786,0.5472,0.6127
pdraw_spiral,vgg16,V03PE01,1,brightness,5,0.4406,0.595,0.4437,0.1578
pdraw_spiral,vgg16,V03PE01,1,shadow,1,0.9842,0.978,0.9696,0.7407
pdraw_spiral,vgg16,V03PE01,1,shadow,2,0.9665,0.9533,0.9421,0.665
pdraw_spiral,vgg16,V03PE01,1,shadow,3,0.9409,0.911,0.9073,0.6481
pdraw_spiral,vgg16,V03PE01,1,shadow,4,0.9146,0.8618,0.8839,0.6464
pdraw_spiral,vgg16,V03PE01,1,shadow,5,0.8906,0.8208,0.8586,0.6288
pdraw_spiral,vgg16,V03PE01,1,perspective,1,0.8514,0.7794,0.772,0.6373
pdraw_spiral,vgg16,V03PE01,1,perspective,2,0.8914,0.8479,0.8281,0.6333
pdraw_spiral,vgg16,V03PE01,1,perspective,3,0.8658,0.7836,0.7366,0.612
pdraw_spiral,vgg16,V03PE01,1,perspective,4,0.8473,0.7544,0.7569,0.5916
pdraw_spiral,vgg16,V03PE01,1,perspective,5,0.7868,0.6791,0.7226,0.5357
pdraw_spiral,vgg16,V03PE01,1,rotation,1,0.8151,0.7211,0.7703,0.6364
pdraw_spiral,vgg16,V03PE01,1,rotation,2,0.8797,0.8349,0.8253,0.5162
pdraw_spiral,vgg16,V03PE01,1,rotation,3,0.6987,0.5298,0.64,0.5389
pdraw_spiral,vgg16,V03PE01,1,rotation,4,0.7359,0.6957,0.6419,0.4156
pdraw_spiral,vgg16,V03PE01,1,rotation,5,0.6273,0.4405,0.5629,0.4851
pdraw_spiral,vgg16,V11PE03,1,jpeg_compression,1,0.9947,0.8668,0.962,0.8128
pdraw_spiral,vgg16,V11PE03,1,jpeg_compression,2,0.9677,0.9275,0.9342,0.7507
pdraw_spiral,vgg16,V11PE03,1,jpeg_compression,3,0.9031,0.7096,0.8683,0.4473
pdraw_spiral,vgg16,V11PE03,1,jpeg_compression,4,0.911,0.7151,0.8819,0.5314
pdraw_spiral,vgg16,V11PE03,1,jpeg_compression,5,0.2338,0.2211,0.4839,0.1538
pdraw_spiral,vgg16,V11PE03,1,gaussian_blur,1,0.9719,0.7993,0.8795,0.6598
pdraw_spiral,vgg16,V11PE03,1,gaussian_blur,2,0.7734,0.6918,0.7998,0.5056
pdraw_spiral,vgg16,V11PE03,1,gaussian_blur,3,0.1255,0.1694,0.6339,0.213
pdraw_spiral,vgg16,V11PE03,1,gaussian_blur,4,0.0892,0.2364,0.6981,0.2202
pdraw_spiral,vgg16,V11PE03,1,gaussian_blur,5,0.1814,0.3896,0.7251,0.2207
pdraw_spiral,vgg16,V11PE03,1,gaussian_noise,1,0.8886,0.8592,0.9118,0.6991
pdraw_spiral,vgg16,V11PE03,1,gaussian_noise,2,0.9116,0.743,0.8872,0.5229
pdraw_spiral,vgg16,V11PE03,1,gaussian_noise,3,0.8127,0.6294,0.8209,0.3679
pdraw_spiral,vgg16,V11PE03,1,gaussian_noise,4,0.7012,0.8554,0.8891,0.696
pdraw_spiral,vgg16,V11PE03,1,gaussian_noise,5,0.003,0.5573,0.7628,0.2886
pdraw_spiral,vgg16,V11PE03,1,contrast,1,0.8333,0.5572,0.8357,0.3812
pdraw_spiral,vgg16,V11PE03,1,contrast,2,0.9691,0.8652,0.9272,0.7725
pdraw_spiral,vgg16,V11PE03,1,contrast,3,0.9952,0.9306,0.9641,0.8166
pdraw_spiral,vgg16,V11PE03,1,contrast,4,0.9888,0.8985,0.9282,0.7581
pdraw_spiral,vgg16,V11PE03,1,contrast,5,0.9864,0.8985,0.9252,0.757
pdraw_spiral,vgg16,V11PE03,1,brightness,1,0.6684,0.1922,0.4995,0.344
pdraw_spiral,vgg16,V11PE03,1,brightness,2,0.8459,0.4035,0.6023,0.3668
pdraw_spiral,vgg16,V11PE03,1,brightness,3,0.9379,0.8386,0.8237,0.6065
pdraw_spiral,vgg16,V11PE03,1,brightness,4,0.9024,0.6548,0.8801,0.4343
pdraw_spiral,vgg16,V11PE03,1,brightness,5,0.8587,0.4872,0.8231,0.4313
pdraw_spiral,vgg16,V11PE03,1,shadow,1,0.9616,0.93,0.8718,0.6664
pdraw_spiral,vgg16,V11PE03,1,shadow,2,0.9254,0.6432,0.6794,0.5418
pdraw_spiral,vgg16,V11PE03,1,shadow,3,0.8225,0.4692,0.5709,0.4376
pdraw_spiral,vgg16,V11PE03,1,shadow,4,0.7596,0.6137,0.7074,0.4129
pdraw_spiral,vgg16,V11PE03,1,shadow,5,0.7575,0.5959,0.6917,0.4199
pdraw_spiral,vgg16,V11PE03,1,perspective,1,0.6768,0.5267,0.806,0.4852
pdraw_spiral,vgg16,V11PE03,1,perspective,2,0.2071,0.7845,0.7545,0.4936
pdraw_spiral,vgg16,V11PE03,1,perspective,3,0.2195,0.726,0.6559,0.3107
pdraw_spiral,vgg16,V11PE03,1,perspective,4,0.2796,0.7832,0.7517,0.3658
pdraw_spiral,vgg16,V11PE03,1,perspective,5,0.5983,0.6279,0.7718,0.3119
pdraw_spiral,vgg16,V11PE03,1,rotation,1,0.6265,0.5666,0.7799,0.4535
pdraw_spiral,vgg16,V11PE03,1,rotation,2,0.0102,0.4303,0.649,0.2352
pdraw_spiral,vgg16,V11PE03,1,rotation,3,0.5621,0.6138,0.7878,0.3434
pdraw_spiral,vgg16,V11PE03,1,rotation,4,0.0032,0.5647,0.6902,0.3005
pdraw_spiral,vgg16,V11PE03,1,rotation,5,0.2076,0.5405,0.7355,0.3432
pdraw_spiral,vgg16,V08PE01,1,jpeg_compression,1,0.9924,0.8717,0.9598,0.6829
pdraw_spiral,vgg16,V08PE01,1,jpeg_compression,2,0.8901,0.8041,0.9155,0.5575
pdraw_spiral,vgg16,V08PE01,1,jpeg_compression,3,0.7225,0.6479,0.864,0.4196
pdraw_spiral,vgg16,V08PE01,1,jpeg_compression,4,,,0.8128,0.1659
pdraw_spiral,vgg16,V08PE01,1,jpeg_compression,5,,,0.8128,0.1659
pdraw_spiral,vgg16,V08PE01,1,gaussian_blur,1,0.9376,0.9412,0.9548,0.8698
pdraw_spiral,vgg16,V08PE01,1,gaussian_blur,2,0.9186,0.9417,0.9605,0.8698
pdraw_spiral,vgg16,V08PE01,1,gaussian_blur,3,0.8125,0.734,0.8821,0.6244
pdraw_spiral,vgg16,V08PE01,1,gaussian_blur,4,0.54,0.4314,0.819,0.3021
pdraw_spiral,vgg16,V08PE01,1,gaussian_blur,5,0.2888,0.4164,0.7989,0.3508
pdraw_spiral,vgg16,V08PE01,1,gaussian_noise,1,0.9919,0.9418,0.9626,0.8705
pdraw_spiral,vgg16,V08PE01,1,gaussian_noise,2,0.9809,0.8049,0.9344,0.5536
pdraw_spiral,vgg16,V08PE01,1,gaussian_noise,3,0.8053,0.6484,0.8749,0.4196
pdraw_spiral,vgg16,V08PE01,1,gaussian_noise,4,0.8996,0.6489,0.8939,0.4196
pdraw_spiral,vgg16,V08PE01,1,gaussian_noise,5,0.924,0.8038,0.9014,0.5637
pdraw_spiral,vgg16,V08PE01,1,contrast,1,0.9929,0.9996,0.9812,0.9391
pdraw_spiral,vgg16,V08PE01,1,contrast,2,0.9988,0.9999,0.9936,0.9717
pdraw_spiral,vgg16,V08PE01,1,contrast,3,0.9973,0.9999,0.9948,0.9713
pdraw_spiral,vgg16,V08PE01,1,contrast,4,0.9984,0.9424,0.9822,0.8698
pdraw_spiral,vgg16,V08PE01,1,contrast,5,0.9917,0.9421,0.9663,0.8698
pdraw_spiral,vgg16,V08PE01,1,brightness,1,0.9095,0.7585,0.878,0.6826
pdraw_spiral,vgg16,V08PE01,1,brightness,2,0.9636,0.8111,0.935,0.8304
pdraw_spiral,vgg16,V08PE01,1,brightness,3,0.9803,0.9421,0.9745,0.8698
pdraw_spiral,vgg16,V08PE01,1,brightness,4,0.0953,0.4417,0.8081,0.264
pdraw_spiral,vgg16,V08PE01,1,brightness,5,0.1017,0.5597,0.8023,0.2647
pdraw_spiral,vgg16,V08PE01,1,shadow,1,0.9942,0.9422,0.9759,0.8717
pdraw_spiral,vgg16,V08PE01,1,shadow,2,0.986,0.8193,0.9664,0.8554
pdraw_spiral,vgg16,V08PE01,1,shadow,3,0.9242,0.7932,0.8891,0.6358
pdraw_spiral,vgg16,V08PE01,1,shadow,4,0.8696,0.7045,0.8704,0.567
pdraw_spiral,vgg16,V08PE01,1,shadow,5,0.8393,0.5322,0.8441,0.4098
pdraw_spiral,vgg16,V08PE01,1,perspective,1,0.7013,0.8458,0.8538,0.7476
pdraw_spiral,vgg16,V08PE01,1,perspective,2,0.8086,0.8751,0.8745,0.8219
pdraw_spiral,vgg16,V08PE01,1,perspective,3,0.7034,0.8081,0.8375,0.7826
pdraw_spiral,vgg16,V08PE01,1,perspective,4,0.743,0.8211,0.7697,0.6813
pdraw_spiral,vgg16,V08PE01,1,perspective,5,0.8269,0.8256,0.7813,0.6977
pdraw_spiral,vgg16,V08PE01,1,rotation,1,0.15,0.5838,0.7844,0.2669
pdraw_spiral,vgg16,V08PE01,1,rotation,2,0.0578,0.1977,0.692,0.2239
pdraw_spiral,vgg16,V08PE01,1,rotation,3,0.2287,0.5858,0.8227,0.2671
pdraw_spiral,vgg16,V08PE01,1,rotation,4,0.1802,0.4715,0.7448,0.4111
pdraw_spiral,vgg16,V08PE01,1,rotation,5,0.2156,0.5167,0.8232,0.26
pdraw_spiral,vgg16,V06PE01,1,jpeg_compression,1,0.9351,0.9179,0.893,0.8499
pdraw_spiral,vgg16,V06PE01,1,jpeg_compression,2,0.8794,0.8224,0.8243,0.7963
pdraw_spiral,vgg16,V06PE01,1,jpeg_compression,3,0.8217,0.7179,0.7632,0.618
pdraw_spiral,vgg16,V06PE01,1,jpeg_compression,4,0.4751,0.5917,0.6409,0.3058
pdraw_spiral,vgg16,V06PE01,1,jpeg_compression,5,0.0512,0.3044,0.5237,0.2055
pdraw_spiral,vgg16,V06PE01,1,gaussian_blur,1,0.8953,0.6772,0.6968,0.6917
pdraw_spiral,vgg16,V06PE01,1,gaussian_blur,2,0.8574,0.636,0.6387,0.6021
pdraw_spiral,vgg16,V06PE01,1,gaussian_blur,3,0.7358,0.6841,0.6108,0.5006
pdraw_spiral,vgg16,V06PE01,1,gaussian_blur,4,0.5851,0.729,0.6072,0.4654
pdraw_spiral,vgg16,V06PE01,1,gaussian_blur,5,0.3866,0.6197,0.561,0.3566
pdraw_spiral,vgg16,V06PE01,1,gaussian_noise,1,0.9645,0.9583,0.9289,0.742
pdraw_spiral,vgg16,V06PE01,1,gaussian_noise,2,0.9065,0.7121,0.7568,0.5026
pdraw_spiral,vgg16,V06PE01,1,gaussian_noise,3,0.8937,0.5959,0.7244,0.4344
pdraw_spiral,vgg16,V06PE01,1,gaussian_noise,4,0.8193,0.6205,0.7382,0.4204
pdraw_spiral,vgg16,V06PE01,1,gaussian_noise,5,0.93,0.7,0.756,0.7408
pdraw_spiral,vgg16,V06PE01,1,contrast,1,0.8955,0.829,0.7704,0.4821
pdraw_spiral,vgg16,V06PE01,1,contrast,2,0.9665,0.9259,0.8375,0.7649
pdraw_spiral,vgg16,V06PE01,1,contrast,3,0.9955,0.9942,0.9551,0.9087
pdraw_spiral,vgg16,V06PE01,1,contrast,4,0.9837,0.9334,0.9406,0.8959
pdraw_spiral,vgg16,V06PE01,1,contrast,5,0.9803,0.8557,0.9079,0.8889
pdraw_spiral,vgg16,V06PE01,1,brightness,1,0.7754,0.8231,0.6611,0.4069
pdraw_spiral,vgg16,V06PE01,1,brightness,2,0.8862,0.9126,0.7706,0.5978
pdraw_spiral,vgg16,V06PE01,1,brightness,3,0.9377,0.9241,0.8084,0.7425
pdraw_spiral,vgg16,V06PE01,1,brightness,4,0.2704,0.3521,0.634,0.2269
pdraw_spiral,vgg16,V06PE01,1,brightness,5,0.2945,0.3431,0.6235,0.2507
pdraw_spiral,vgg16,V06PE01,1,shadow,1,0.9794,0.9524,0.8648,0.8117
pdraw_spiral,vgg16,V06PE01,1,shadow,2,0.9108,0.8717,0.7376,0.541
pdraw_spiral,vgg16,V06PE01,1,shadow,3,0.8622,0.8366,0.7192,0.435
pdraw_spiral,vgg16,V06PE01,1,shadow,4,0.8501,0.7004,0.6767,0.4358
pdraw_spiral,vgg16,V06PE01,1,shadow,5,0.8544,0.6147,0.6705,0.4366
pdraw_spiral,vgg16,V06PE01,1,perspective,1,0.5617,0.5057,0.6631,0.358
pdraw_spiral,vgg16,V06PE01,1,perspective,2,0.6436,0.7183,0.707,0.5397
pdraw_spiral,vgg16,V06PE01,1,perspective,3,0.7462,0.703,0.7378,0.6809
pdraw_spiral,vgg16,V06PE01,1,perspective,4,0.6985,0.5524,0.6494,0.4401
pdraw_spiral,vgg16,V06PE01,1,perspective,5,0.7729,0.6124,0.735,0.5666
pdraw_spiral,vgg16,V06PE01,1,rotation,1,0.5636,0.6173,0.6914,0.4866
pdraw_spiral,vgg16,V06PE01,1,rotation,2,0.5598,0.4054,0.6493,0.366
pdraw_spiral,vgg16,V06PE01,1,rotation,3,0.5613,0.6955,0.6711,0.4777
pdraw_spiral,vgg16,V06PE01,1,rotation,4,0.4822,0.4429,0.6214,0.4132
pdraw_spiral,vgg16,V06PE01,1,rotation,5,0.4836,0.5034,0.6084,0.4449
pdraw_spiral,vgg16,V03PE07,1,jpeg_compression,1,0.9685,0.9697,0.9721,0.6585
pdraw_spiral,vgg16,V03PE07,1,jpeg_compression,2,0.8784,0.8784,0.9008,0.4597
pdraw_spiral,vgg16,V03PE07,1,jpeg_compression,3,0.7191,0.7238,0.7643,0.3374
pdraw_spiral,vgg16,V03PE07,1,jpeg_compression,4,0.5276,0.5051,0.5844,0.1902
pdraw_spiral,vgg16,V03PE07,1,jpeg_compression,5,0.0858,0.2029,0.3155,0.0574
pdraw_spiral,vgg16,V03PE07,1,gaussian_blur,1,0.9476,0.9518,0.9356,0.7455
pdraw_spiral,vgg16,V03PE07,1,gaussian_blur,2,0.898,0.8967,0.9071,0.6732
pdraw_spiral,vgg16,V03PE07,1,gaussian_blur,3,0.8137,0.8079,0.8484,0.7039
pdraw_spiral,vgg16,V03PE07,1,gaussian_blur,4,0.8047,0.8077,0.81,0.6122
pdraw_spiral,vgg16,V03PE07,1,gaussian_blur,5,0.8049,0.827,0.7668,0.5229
pdraw_spiral,vgg16,V03PE07,1,gaussian_noise,1,0.9893,0.9912,0.98,0.8528
pdraw_spiral,vgg16,V03PE07,1,gaussian_noise,2,0.9047,0.9143,0.883,0.5862
pdraw_spiral,vgg16,V03PE07,1,gaussian_noise,3,0.8409,0.8436,0.7941,0.4753
pdraw_spiral,vgg16,V03PE07,1,gaussian_noise,4,0.7554,0.7548,0.7711,0.453
pdraw_spiral,vgg16,V03PE07,1,gaussian_noise,5,0.7253,0.7185,0.7279,0.4417
pdraw_spiral,vgg16,V03PE07,1,contrast,1,0.8814,0.9167,0.8689,0.4723
pdraw_spiral,vgg16,V03PE07,1,contrast,2,0.9641,0.9746,0.9427,0.6844
pdraw_spiral,vgg16,V03PE07,1,contrast,3,0.99,0.9916,0.9874,0.8307
pdraw_spiral,vgg16,V03PE07,1,contrast,4,0.9743,0.9743,0.9703,0.6285
pdraw_spiral,vgg16,V03PE07,1,contrast,5,0.9509,0.9482,0.9508,0.5579
pdraw_spiral,vgg16,V03PE07,1,brightness,1,0.9107,0.9332,0.8895,0.686
pdraw_spiral,vgg16,V03PE07,1,brightness,2,0.9519,0.9568,0.9032,0.7714
pdraw_spiral,vgg16,V03PE07,1,brightness,3,0.9683,0.9686,0.9391,0.8435
pdraw_spiral,vgg16,V03PE07,1,brightness,4,0.3862,0.4564,0.3641,0.2647
pdraw_spiral,vgg16,V03PE07,1,brightness,5,0.2097,0.2721,0.195,0.1207
pdraw_spiral,vgg16,V03PE07,1,shadow,1,0.9819,0.9808,0.9754,0.8621
pdraw_spiral,vgg16,V03PE07,1,shadow,2,0.9557,0.9589,0.9494,0.7568
pdraw_spiral,vgg16,V03PE07,1,shadow,3,0.8869,0.8897,0.9182,0.6314
pdraw_spiral,vgg16,V03PE07,1,shadow,4,0.8034,0.8055,0.8845,0.5433
pdraw_spiral,vgg16,V03PE07,1,shadow,5,0.7073,0.7054,0.8548,0.5353
pdraw_spiral,vgg16,V03PE07,1,perspective,1,0.6916,0.698,0.7754,0.5404
pdraw_spiral,vgg16,V03PE07,1,perspective,2,0.621,0.5977,0.6865,0.5037
pdraw_spiral,vgg16,V03PE07,1,perspective,3,0.5764,0.5506,0.6858,0.4766
pdraw_spiral,vgg16,V03PE07,1,perspective,4,0.5755,0.5504,0.6553,0.4275
pdraw_spiral,vgg16,V03PE07,1,perspective,5,0.6181,0.5962,0.6469,0.421
pdraw_spiral,vgg16,V03PE07,1,rotation,1,0.5571,0.551,0.7053,0.4719
pdraw_spiral,vgg16,V03PE07,1,rotation,2,0.4291,0.4655,0.6123,0.392
pdraw_spiral,vgg16,V03PE07,1,rotation,3,0.5408,0.5049,0.5997,0.4409
pdraw_spiral,vgg16,V03PE07,1,rotation,4,0.1555,0.1891,0.4509,0.344
pdraw_spiral,vgg16,V03PE07,1,rotation,5,0.5286,0.4778,0.5606,0.4358
pdraw_spiral,efficientnet_b0,V09HE01,0,jpeg_compression,1,0.9787,0.9721,0.9097,0.9335
pdraw_spiral,efficientnet_b0,V09HE01,0,jpeg_compression,2,0.8676,0.631,0.797,0.4373
pdraw_spiral,efficientnet_b0,V09HE01,0,jpeg_compression,3,0.7202,0.6127,0.756,0.4304
pdraw_spiral,efficientnet_b0,V09HE01,0,jpeg_compression,4,0.6967,0.6171,0.7427,0.3523
pdraw_spiral,efficientnet_b0,V09HE01,0,jpeg_compression,5,0.1745,0.4563,0.4013,0.1771
pdraw_spiral,efficientnet_b0,V09HE01,0,gaussian_blur,1,0.8568,0.64,0.7774,0.3719
pdraw_spiral,efficientnet_b0,V09HE01,0,gaussian_blur,2,0.4473,0.484,0.6798,0.2909
pdraw_spiral,efficientnet_b0,V09HE01,0,gaussian_blur,3,0.5708,0.4953,0.7191,0.31
pdraw_spiral,efficientnet_b0,V09HE01,0,gaussian_blur,4,0.6727,0.7338,0.7974,0.5965
pdraw_spiral,efficientnet_b0,V09HE01,0,gaussian_blur,5,0.6766,0.7763,0.811,0.6714
pdraw_spiral,efficientnet_b0,V09HE01,0,gaussian_noise,1,0.9596,0.9108,0.8675,0.7276
pdraw_spiral,efficientnet_b0,V09HE01,0,gaussian_noise,2,0.7319,0.8504,0.7914,0.6724
pdraw_spiral,efficientnet_b0,V09HE01,0,gaussian_noise,3,0.6499,0.8311,0.7607,0.5808
pdraw_spiral,efficientnet_b0,V09HE01,0,gaussian_noise,4,-0.0443,0.3278,0.6377,0.2368
pdraw_spiral,efficientnet_b0,V09HE01,0,gaussian_noise,5,0.047,0.4102,0.617,0.2189
pdraw_spiral,efficientnet_b0,V09HE01,0,contrast,1,0.8755,0.7052,0.7803,0.5183
pdraw_spiral,efficientnet_b0,V09HE01,0,contrast,2,0.9391,0.8925,0.8803,0.7323
pdraw_spiral,efficientnet_b0,V09HE01,0,contrast,3,0.9813,0.9814,0.9397,0.8843
pdraw_spiral,efficientnet_b0,V09HE01,0,contrast,4,0.9701,0.9624,0.9159,0.816
pdraw_spiral,efficientnet_b0,V09HE01,0,contrast,5,0.9594,0.9353,0.8831,0.7222
pdraw_spiral,efficientnet_b0,V09HE01,0,brightness,1,0.9067,0.9662,0.8609,0.6184
pdraw_spiral,efficientnet_b0,V09HE01,0,brightness,2,0.953,0.9707,0.8689,0.6643
pdraw_spiral,efficientnet_b0,V09HE01,0,brightness,3,0.9505,0.9689,0.8886,0.6404
pdraw_spiral,efficientnet_b0,V09HE01,0,brightness,4,0.4561,0.5176,0.5139,0.3639
pdraw_spiral,efficientnet_b0,V09HE01,0,brightness,5,0.4347,0.4322,0.4786,0.3147
pdraw_spiral,efficientnet_b0,V09HE01,0,shadow,1,0.8845,0.9466,0.7802,0.694
pdraw_spiral,efficientnet_b0,V09HE01,0,shadow,2,0.7404,0.8135,0.4148,0.5948
pdraw_spiral,efficientnet_b0,V09HE01,0,shadow,3,0.6133,0.6682,0.2117,0.5808
pdraw_spiral,efficientnet_b0,V09HE01,0,shadow,4,0.5726,0.5937,0.1274,0.5681
pdraw_spiral,efficientnet_b0,V09HE01,0,shadow,5,0.5263,0.5137,0.1219,0.5184
pdraw_spiral,efficientnet_b0,V09HE01,0,perspective,1,0.0042,0.1394,0.6243,0.1079
pdraw_spiral,efficientnet_b0,V09HE01,0,perspective,2,-0.0192,0.3113,0.5893,0.1319
pdraw_spiral,efficientnet_b0,V09HE01,0,perspective,3,-0.0735,0.2271,0.5267,0.0808
pdraw_spiral,efficientnet_b0,V09HE01,0,perspective,4,-0.1203,0.0047,0.4031,0.0452
pdraw_spiral,efficientnet_b0,V09HE01,0,perspective,5,-0.137,0.0462,0.3713,0.0476
pdraw_spiral,efficientnet_b0,V09HE01,0,rotation,1,0.4957,0.7043,0.6961,0.5455
pdraw_spiral,efficientnet_b0,V09HE01,0,rotation,2,0.422,0.6919,0.3308,0.3075
pdraw_spiral,efficientnet_b0,V09HE01,0,rotation,3,0.5116,0.5898,0.4942,0.4485
pdraw_spiral,efficientnet_b0,V09HE01,0,rotation,4,0.1743,0.4756,0.2847,0.0971
pdraw_spiral,efficientnet_b0,V09HE01,0,rotation,5,0.246,0.3208,0.3381,0.238
pdraw_spiral,efficientnet_b0,V55HE14,0,jpeg_compression,1,0.9934,0.9686,0.9882,1.0
pdraw_spiral,efficientnet_b0,V55HE14,0,jpeg_compression,2,0.6105,0.631,0.877,0.5131
pdraw_spiral,efficientnet_b0,V55HE14,0,jpeg_compression,3,0.793,0.9973,0.9098,1.0
pdraw_spiral,efficientnet_b0,V55HE14,0,jpeg_compression,4,0.7011,0.7917,0.8508,0.749
pdraw_spiral,efficientnet_b0,V55HE14,0,jpeg_compression,5,0.8733,0.7476,0.8423,0.6788
pdraw_spiral,efficientnet_b0,V55HE14,0,gaussian_blur,1,0.846,0.9289,0.9279,0.8148
pdraw_spiral,efficientnet_b0,V55HE14,0,gaussian_blur,2,0.6334,0.5052,0.8433,0.5312
pdraw_spiral,efficientnet_b0,V55HE14,0,gaussian_blur,3,0.7531,0.8806,0.9185,1.0
pdraw_spiral,efficientnet_b0,V55HE14,0,gaussian_blur,4,,,0.8437,0.4965
pdraw_spiral,efficientnet_b0,V55HE14,0,gaussian_blur,5,,,0.8437,0.4965
pdraw_spiral,efficientnet_b0,V55HE14,0,gaussian_noise,1,0.928,0.8977,0.9452,0.8148
pdraw_spiral,efficientnet_b0,V55HE14,0,gaussian_noise,2,0.5219,0.4567,0.8088,0.4267
pdraw_spiral,efficientnet_b0,V55HE14,0,gaussian_noise,3,0.9603,0.8951,0.9408,0.6699
pdraw_spiral,efficientnet_b0,V55HE14,0,gaussian_noise,4,0.8578,0.7996,0.8917,0.5202
pdraw_spiral,efficientnet_b0,V55HE14,0,gaussian_noise,5,0.3696,0.4579,0.7444,0.2652
pdraw_spiral,efficientnet_b0,V55HE14,0,contrast,1,0.6105,0.631,0.877,0.5131
pdraw_spiral,efficientnet_b0,V55HE14,0,contrast,2,0.8464,0.9675,0.9203,1.0
pdraw_spiral,efficientnet_b0,V55HE14,0,contrast,3,0.992,0.9686,0.9875,1.0
pdraw_spiral,efficientnet_b0,V55HE14,0,contrast,4,0.9651,0.8252,0.9141,0.5709
pdraw_spiral,efficientnet_b0,V55HE14,0,contrast,5,0.881,0.8073,0.8976,0.5448
pdraw_spiral,efficientnet_b0,V55HE14,0,brightness,1,0.7096,0.7159,0.9091,0.7297
pdraw_spiral,efficientnet_b0,V55HE14,0,brightness,2,0.7518,0.6978,0.8811,0.5312
pdraw_spiral,efficientnet_b0,V55HE14,0,brightness,3,0.832,0.7967,0.8916,0.5449
pdraw_spiral,efficientnet_b0,V55HE14,0,brightness,4,0.7818,0.634,0.754,0.5228
pdraw_spiral,efficientnet_b0,V55HE14,0,brightness,5,0.7845,0.6752,0.8313,0.5497
pdraw_spiral,efficientnet_b0,V55HE14,0,shadow,1,0.9243,0.8091,0.9148,0.5487
pdraw_spiral,efficientnet_b0,V55HE14,0,shadow,2,0.4119,0.6227,0.7636,0.4089
pdraw_spiral,efficientnet_b0,V55HE14,0,shadow,3,0.0572,0.2018,0.4245,0.1033
pdraw_spiral,efficientnet_b0,V55HE14,0,shadow,4,-0.0952,-0.0227,0.2728,0.0662
pdraw_spiral,efficientnet_b0,V55HE14,0,shadow,5,-0.1347,-0.0926,0.1903,0.0819
pdraw_spiral,efficientnet_b0,V55HE14,0,perspective,1,0.7791,0.7046,0.8753,0.5312
pdraw_spiral,efficientnet_b0,V55HE14,0,perspective,2,0.8194,0.6772,0.8684,0.4377
pdraw_spiral,efficientnet_b0,V55HE14,0,perspective,3,0.6878,0.6234,0.8305,0.3973
pdraw_spiral,efficientnet_b0,V55HE14,0,perspective,4,0.7432,0.747,0.8882,0.661
pdraw_spiral,efficientnet_b0,V55HE14,0,perspective,5,0.6775,0.535,0.7931,0.3527
pdraw_spiral,efficientnet_b0,V55HE14,0,rotation,1,0.5501,0.629,0.7663,0.3695
pdraw_spiral,efficientnet_b0,V55HE14,0,rotation,2,-0.0326,0.1191,0.3968,0.1154
pdraw_spiral,efficientnet_b0,V55HE14,0,rotation,3,-0.0182,0.1433,0.3575,0.0606
pdraw_spiral,efficientnet_b0,V55HE14,0,rotation,4,-0.1076,0.0261,0.3746,0.0817
pdraw_spiral,efficientnet_b0,V55HE14,0,rotation,5,0.0928,0.1363,0.2456,0.0829
pdraw_spiral,efficientnet_b0,V08HE01,0,jpeg_compression,1,0.9868,0.8423,0.9528,0.7236
pdraw_spiral,efficientnet_b0,V08HE01,0,jpeg_compression,2,0.8619,0.5306,0.8214,0.3768
pdraw_spiral,efficientnet_b0,V08HE01,0,jpeg_compression,3,0.9168,0.39,0.8149,0.3152
pdraw_spiral,efficientnet_b0,V08HE01,0,jpeg_compression,4,0.9512,0.5969,0.8823,0.4631
pdraw_spiral,efficientnet_b0,V08HE01,0,jpeg_compression,5,0.8034,0.5162,0.5531,0.4033
pdraw_spiral,efficientnet_b0,V08HE01,0,gaussian_blur,1,0.9393,0.6157,0.8561,0.4936
pdraw_spiral,efficientnet_b0,V08HE01,0,gaussian_blur,2,0.9625,0.6242,0.8757,0.495
pdraw_spiral,efficientnet_b0,V08HE01,0,gaussian_blur,3,0.9655,0.6592,0.8726,0.514
pdraw_spiral,efficientnet_b0,V08HE01,0,gaussian_blur,4,0.954,0.6646,0.867,0.5139
pdraw_spiral,efficientnet_b0,V08HE01,0,gaussian_blur,5,0.9439,0.6425,0.8861,0.3837
pdraw_spiral,efficientnet_b0,V08HE01,0,gaussian_noise,1,0.9963,0.945,0.9886,0.8911
pdraw_spiral,efficientnet_b0,V08HE01,0,gaussian_noise,2,0.9971,0.7651,0.9378,0.5547
pdraw_spiral,efficientnet_b0,V08HE01,0,gaussian_noise,3,0.965,0.6632,0.8359,0.5275
pdraw_spiral,efficientnet_b0,V08HE01,0,gaussian_noise,4,0.9446,0.6489,0.7912,0.4961
pdraw_spiral,efficientnet_b0,V08HE01,0,gaussian_noise,5,0.9547,0.6117,0.8089,0.4781
pdraw_spiral,efficientnet_b0,V08HE01,0,contrast,1,0.7104,0.3546,0.796,0.2888
pdraw_spiral,efficientnet_b0,V08HE01,0,contrast,2,0.9511,0.5354,0.8576,0.45
pdraw_spiral,efficientnet_b0,V08HE01,0,contrast,3,0.9891,0.834,0.935,0.6833
pdraw_spiral,efficientnet_b0,V08HE01,0,contrast,4,0.9747,0.8434,0.8729,0.6822
pdraw_spiral,efficientnet_b0,V08HE01,0,contrast,5,0.9239,0.775,0.7966,0.5493
pdraw_spiral,efficientnet_b0,V08HE01,0,brightness,1,0.9132,0.722,0.8614,0.5122
pdraw_spiral,efficientnet_b0,V08HE01,0,brightness,2,0.9924,0.8023,0.8953,0.6806
pdraw_spiral,efficientnet_b0,V08HE01,0,brightness,3,0.9962,0.8827,0.9509,0.7815
pdraw_spiral,efficientnet_b0,V08HE01,0,brightness,4,0.7731,0.4458,0.5163,0.4007
pdraw_spiral,efficientnet_b0,V08HE01,0,brightness,5,0.5708,0.3767,0.4596,0.3296
pdraw_spiral,efficientnet_b0,V08HE01,0,shadow,1,0.9646,0.7938,0.8142,0.6742
pdraw_spiral,efficientnet_b0,V08HE01,0,shadow,2,0.7847,0.609,0.5061,0.4498
pdraw_spiral,efficientnet_b0,V08HE01,0,shadow,3,0.588,0.5008,0.2843,0.3274
pdraw_spiral,efficientnet_b0,V08HE01,0,shadow,4,0.3913,0.3581,0.1571,0.1834
pdraw_spiral,efficientnet_b0,V08HE01,0,shadow,5,0.2507,0.2417,0.1379,0.1125
pdraw_spiral,efficientnet_b0,V08HE01,0,perspective,1,0.547,0.642,0.8138,0.4779
pdraw_spiral,efficientnet_b0,V08HE01,0,perspective,2,0.4575,0.5569,0.8244,0.3743
pdraw_spiral,efficientnet_b0,V08HE01,0,perspective,3,0.4318,0.6386,0.7554,0.4846
pdraw_spiral,efficientnet_b0,V08HE01,0,perspective,4,0.2615,0.2877,0.6356,0.2441
pdraw_spiral,efficientnet_b0,V08HE01,0,perspective,5,0.1904,0.3809,0.5839,0.2408
pdraw_spiral,efficientnet_b0,V08HE01,0,rotation,1,0.9516,0.6298,0.8008,0.5236
pdraw_spiral,efficientnet_b0,V08HE01,0,rotation,2,0.5419,0.3638,0.4799,0.2892
pdraw_spiral,efficientnet_b0,V08HE01,0,rotation,3,0.7399,0.5085,0.2894,0.4613
pdraw_spiral,efficientnet_b0,V08HE01,0,rotation,4,0.3846,0.3739,0.4301,0.2779
pdraw_spiral,efficientnet_b0,V08HE01,0,rotation,5,0.4117,0.3289,0.1866,0.2846
pdraw_spiral,efficientnet_b0,V07HE01,0,jpeg_compression,1,0.9004,0.9497,0.9042,0.7733
pdraw_spiral,efficientnet_b0,V07HE01,0,jpeg_compression,2,0.7225,0.7356,0.7646,0.6454
pdraw_spiral,efficientnet_b0,V07HE01,0,jpeg_compression,3,0.2547,0.3488,0.5948,0.2147
pdraw_spiral,efficientnet_b0,V07HE01,0,jpeg_compression,4,0.4755,0.4542,0.7439,0.3188
pdraw_spiral,efficientnet_b0,V07HE01,0,jpeg_compression,5,0.0482,0.1379,0.2313,0.1261
pdraw_spiral,efficientnet_b0,V07HE01,0,gaussian_blur,1,,,0.6289,0.027
pdraw_spiral,efficientnet_b0,V07HE01,0,gaussian_blur,2,,,0.6289,0.027
pdraw_spiral,efficientnet_b0,V07HE01,0,gaussian_blur,3,,,0.6289,0.027
pdraw_spiral,efficientnet_b0,V07HE01,0,gaussian_blur,4,,,0.6289,0.027
pdraw_spiral,efficientnet_b0,V07HE01,0,gaussian_blur,5,,,0.6289,0.027
pdraw_spiral,efficientnet_b0,V07HE01,0,gaussian_noise,1,0.7645,0.5774,0.7321,0.4613
pdraw_spiral,efficientnet_b0,V07HE01,0,gaussian_noise,2,0.6175,0.4712,0.6932,0.2283
pdraw_spiral,efficientnet_b0,V07HE01,0,gaussian_noise,3,0.4489,0.5351,0.6843,0.3855
pdraw_spiral,efficientnet_b0,V07HE01,0,gaussian_noise,4,0.5234,0.4173,0.659,0.2825
pdraw_spiral,efficientnet_b0,V07HE01,0,gaussian_noise,5,0.2328,0.3526,0.568,0.2855
pdraw_spiral,efficientnet_b0,V07HE01,0,contrast,1,0.5304,0.5408,0.6687,0.4264
pdraw_spiral,efficientnet_b0,V07HE01,0,contrast,2,0.696,0.7873,0.7482,0.6114
pdraw_spiral,efficientnet_b0,V07HE01,0,contrast,3,0.9243,0.9512,0.8975,0.7524
pdraw_spiral,efficientnet_b0,V07HE01,0,contrast,4,0.9253,0.9413,0.8836,0.7386
pdraw_spiral,efficientnet_b0,V07HE01,0,contrast,5,0.869,0.8749,0.8238,0.6742
pdraw_spiral,efficientnet_b0,V07HE01,0,brightness,1,0.5166,0.7393,0.6785,0.4113
pdraw_spiral,efficientnet_b0,V07HE01,0,brightness,2,0.7838,0.8123,0.7199,0.5886
pdraw_spiral,efficientnet_b0,V07HE01,0,brightness,3,0.776,0.8363,0.7769,0.5967
pdraw_spiral,efficientnet_b0,V07HE01,0,brightness,4,-0.0534,0.0713,0.3774,0.0648
pdraw_spiral,efficientnet_b0,V07HE01,0,brightness,5,-0.0861,-0.0178,0.4875,0.0327
pdraw_spiral,efficientnet_b0,V07HE01,0,shadow,1,0.8592,0.8011,0.5916,0.6628
pdraw_spiral,efficientnet_b0,V07HE01,0,shadow,2,0.6627,0.7259,0.3416,0.5286
pdraw_spiral,efficientnet_b0,V07HE01,0,shadow,3,0.5737,0.6882,0.1677,0.4302
pdraw_spiral,efficientnet_b0,V07HE01,0,shadow,4,0.5235,0.6247,0.1513,0.3751
pdraw_spiral,efficientnet_b0,V07HE01,0,shadow,5,0.4076,0.4778,0.1534,0.2035
pdraw_spiral,efficientnet_b0,V07HE01,0,perspective,1,0.0139,0.2054,0.4474,0.1132
pdraw_spiral,efficientnet_b0,V07HE01,0,perspective,2,-0.0655,0.1277,0.432,0.0601
pdraw_spiral,efficientnet_b0,V07HE01,0,perspective,3,-0.0853,0.0705,0.3847,0.0582
pdraw_spiral,efficientnet_b0,V07HE01,0,perspective,4,-0.0944,0.0983,0.3866,0.0513
pdraw_spiral,efficientnet_b0,V07HE01,0,perspective,5,-0.0804,0.123,0.4372,0.0522
pdraw_spiral,efficientnet_b0,V07HE01,0,rotation,1,0.1373,0.4964,0.4746,0.1407
pdraw_spiral,efficientnet_b0,V07HE01,0,rotation,2,0.3179,0.6258,0.3867,0.1593
pdraw_spiral,efficientnet_b0,V07HE01,0,rotation,3,0.025,0.1947,0.2222,0.1263
pdraw_spiral,efficientnet_b0,V07HE01,0,rotation,4,0.1074,0.3821,0.299,0.1359
pdraw_spiral,efficientnet_b0,V07HE01,0,rotation,5,-0.1336,0.098,0.1754,0.0442
pdraw_spiral,efficientnet_b0,V55HE15,0,jpeg_compression,1,,,1.0,1.0
pdraw_spiral,efficientnet_b0,V55HE15,0,jpeg_compression,2,,,1.0,1.0
pdraw_spiral,efficientnet_b0,V55HE15,0,jpeg_compression,3,,,1.0,1.0
pdraw_spiral,efficientnet_b0,V55HE15,0,jpeg_compression,4,,,0.8351,0.3077
pdraw_spiral,efficientnet_b0,V55HE15,0,jpeg_compression,5,,,0.4235,0.098
pdraw_spiral,efficientnet_b0,V55HE15,0,gaussian_blur,1,,,1.0,1.0
pdraw_spiral,efficientnet_b0,V55HE15,0,gaussian_blur,2,,,1.0,1.0
pdraw_spiral,efficientnet_b0,V55HE15,0,gaussian_blur,3,,,1.0,1.0
pdraw_spiral,efficientnet_b0,V55HE15,0,gaussian_blur,4,,,1.0,1.0
pdraw_spiral,efficientnet_b0,V55HE15,0,gaussian_blur,5,,,1.0,1.0
pdraw_spiral,efficientnet_b0,V55HE15,0,gaussian_noise,1,,,1.0,1.0
pdraw_spiral,efficientnet_b0,V55HE15,0,gaussian_noise,2,,,1.0,1.0
pdraw_spiral,efficientnet_b0,V55HE15,0,gaussian_noise,3,,,0.938,0.5312
pdraw_spiral,efficientnet_b0,V55HE15,0,gaussian_noise,4,,,1.0,1.0
pdraw_spiral,efficientnet_b0,V55HE15,0,gaussian_noise,5,,,0.7286,0.0
pdraw_spiral,efficientnet_b0,V55HE15,0,contrast,1,,,1.0,1.0
pdraw_spiral,efficientnet_b0,V55HE15,0,contrast,2,,,1.0,1.0
pdraw_spiral,efficientnet_b0,V55HE15,0,contrast,3,,,1.0,1.0
pdraw_spiral,efficientnet_b0,V55HE15,0,contrast,4,,,1.0,1.0
pdraw_spiral,efficientnet_b0,V55HE15,0,contrast,5,,,1.0,1.0
pdraw_spiral,efficientnet_b0,V55HE15,0,brightness,1,,,1.0,1.0
pdraw_spiral,efficientnet_b0,V55HE15,0,brightness,2,,,1.0,1.0
pdraw_spiral,efficientnet_b0,V55HE15,0,brightness,3,,,1.0,1.0
pdraw_spiral,efficientnet_b0,V55HE15,0,brightness,4,,,0.6752,0.1502
pdraw_spiral,efficientnet_b0,V55HE15,0,brightness,5,,,0.6355,0.1699
pdraw_spiral,efficientnet_b0,V55HE15,0,shadow,1,,,1.0,1.0
pdraw_spiral,efficientnet_b0,V55HE15,0,shadow,2,,,0.8066,0.1168
pdraw_spiral,efficientnet_b0,V55HE15,0,shadow,3,,,0.4685,0.1424
pdraw_spiral,efficientnet_b0,V55HE15,0,shadow,4,,,0.225,0.1251
pdraw_spiral,efficientnet_b0,V55HE15,0,shadow,5,,,0.1192,0.0796
pdraw_spiral,efficientnet_b0,V55HE15,0,perspective,1,,,1.0,1.0
pdraw_spiral,efficientnet_b0,V55HE15,0,perspective,2,,,0.9126,0.4203
pdraw_spiral,efficientnet_b0,V55HE15,0,perspective,3,,,0.9126,0.4203
pdraw_spiral,efficientnet_b0,V55HE15,0,perspective,4,,,0.9126,0.4203
pdraw_spiral,efficientnet_b0,V55HE15,0,perspective,5,,,0.7316,0.0
pdraw_spiral,efficientnet_b0,V55HE15,0,rotation,1,,,0.9092,0.3706
pdraw_spiral,efficientnet_b0,V55HE15,0,rotation,2,,,0.635,0.1024
pdraw_spiral,efficientnet_b0,V55HE15,0,rotation,3,,,0.3219,0.0134
pdraw_spiral,efficientnet_b0,V55HE15,0,rotation,4,,,0.5067,0.0826
pdraw_spiral,efficientnet_b0,V55HE15,0,rotation,5,,,0.1537,0.0
pdraw_spiral,efficientnet_b0,V03PE01,1,jpeg_compression,1,0.9904,0.9888,0.9838,0.7326
pdraw_spiral,efficientnet_b0,V03PE01,1,jpeg_compression,2,0.9662,0.9676,0.938,0.6229
pdraw_spiral,efficientnet_b0,V03PE01,1,jpeg_compression,3,0.9248,0.9106,0.9081,0.5213
pdraw_spiral,efficientnet_b0,V03PE01,1,jpeg_compression,4,0.9265,0.914,0.9013,0.443
pdraw_spiral,efficientnet_b0,V03PE01,1,jpeg_compression,5,0.8806,0.9067,0.8172,0.5698
pdraw_spiral,efficientnet_b0,V03PE01,1,gaussian_blur,1,0.9306,0.9168,0.8741,0.4422
pdraw_spiral,efficientnet_b0,V03PE01,1,gaussian_blur,2,0.9261,0.9202,0.8604,0.4404
pdraw_spiral,efficientnet_b0,V03PE01,1,gaussian_blur,3,0.9239,0.9195,0.8373,0.4646
pdraw_spiral,efficientnet_b0,V03PE01,1,gaussian_blur,4,0.9088,0.9074,0.8116,0.4743
pdraw_spiral,efficientnet_b0,V03PE01,1,gaussian_blur,5,0.8851,0.8749,0.7929,0.4574
pdraw_spiral,efficientnet_b0,V03PE01,1,gaussian_noise,1,0.991,0.9867,0.9753,0.7464
pdraw_spiral,efficientnet_b0,V03PE01,1,gaussian_noise,2,0.9305,0.9325,0.8875,0.5475
pdraw_spiral,efficientnet_b0,V03PE01,1,gaussian_noise,3,0.9587,0.9563,0.8623,0.5475
pdraw_spiral,efficientnet_b0,V03PE01,1,gaussian_noise,4,0.8889,0.859,0.8425,0.3094
pdraw_spiral,efficientnet_b0,V03PE01,1,gaussian_noise,5,0.9094,0.9065,0.8333,0.3994
pdraw_spiral,efficientnet_b0,V03PE01,1,contrast,1,0.942,0.9306,0.9538,0.6238
pdraw_spiral,efficientnet_b0,V03PE01,1,contrast,2,0.9902,0.9845,0.992,0.792
pdraw_spiral,efficientnet_b0,V03PE01,1,contrast,3,0.9971,0.9959,0.9953,0.9151
pdraw_spiral,efficientnet_b0,V03PE01,1,contrast,4,0.996,0.9954,0.9934,0.8663
pdraw_spiral,efficientnet_b0,V03PE01,1,contrast,5,0.9902,0.9878,0.9795,0.7747
pdraw_spiral,efficientnet_b0,V03PE01,1,brightness,1,0.9043,0.8776,0.9055,0.6708
pdraw_spiral,efficientnet_b0,V03PE01,1,brightness,2,0.9497,0.9407,0.9516,0.6584
pdraw_spiral,efficientnet_b0,V03PE01,1,brightness,3,0.975,0.9729,0.9606,0.6805
pdraw_spiral,efficientnet_b0,V03PE01,1,brightness,4,0.8742,0.8824,0.868,0.5898
pdraw_spiral,efficientnet_b0,V03PE01,1,brightness,5,0.6409,0.6538,0.5862,0.32
pdraw_spiral,efficientnet_b0,V03PE01,1,shadow,1,0.9754,0.9775,0.9671,0.7084
pdraw_spiral,efficientnet_b0,V03PE01,1,shadow,2,0.842,0.8531,0.885,0.4887
pdraw_spiral,efficientnet_b0,V03PE01,1,shadow,3,0.6716,0.6662,0.7557,0.3906
pdraw_spiral,efficientnet_b0,V03PE01,1,shadow,4,0.5992,0.5969,0.7082,0.3728
pdraw_spiral,efficientnet_b0,V03PE01,1,shadow,5,0.5551,0.5682,0.6887,0.3355
pdraw_spiral,efficientnet_b0,V03PE01,1,perspective,1,0.8595,0.9047,0.5892,0.608
pdraw_spiral,efficientnet_b0,V03PE01,1,perspective,2,0.7864,0.8301,0.5303,0.4971
pdraw_spiral,efficientnet_b0,V03PE01,1,perspective,3,0.7487,0.7783,0.4916,0.4705
pdraw_spiral,efficientnet_b0,V03PE01,1,perspective,4,0.7365,0.7677,0.4655,0.4681
pdraw_spiral,efficientnet_b0,V03PE01,1,perspective,5,0.7357,0.7726,0.4611,0.4745
pdraw_spiral,efficientnet_b0,V03PE01,1,rotation,1,0.8015,0.8073,0.7508,0.4711
pdraw_spiral,efficientnet_b0,V03PE01,1,rotation,2,0.5956,0.6344,0.7399,0.3474
pdraw_spiral,efficientnet_b0,V03PE01,1,rotation,3,0.7425,0.7508,0.7609,0.4453
pdraw_spiral,efficientnet_b0,V03PE01,1,rotation,4,0.5805,0.6068,0.6998,0.3853
pdraw_spiral,efficientnet_b0,V03PE01,1,rotation,5,0.6997,0.7168,0.7034,0.4496
pdraw_spiral,efficientnet_b0,V11PE03,1,jpeg_compression,1,0.9946,0.9417,0.9204,0.9134
pdraw_spiral,efficientnet_b0,V11PE03,1,jpeg_compression,2,0.9883,0.9297,0.9276,0.8699
pdraw_spiral,efficientnet_b0,V11PE03,1,jpeg_compression,3,0.9565,0.8749,0.844,0.7272
pdraw_spiral,efficientnet_b0,V11PE03,1,jpeg_compression,4,0.8184,0.713,0.6938,0.4437
pdraw_spiral,efficientnet_b0,V11PE03,1,jpeg_compression,5,0.7519,0.679,0.5843,0.4308
pdraw_spiral,efficientnet_b0,V11PE03,1,gaussian_blur,1,0.9536,0.9614,0.8903,0.7484
pdraw_spiral,efficientnet_b0,V11PE03,1,gaussian_blur,2,0.9783,0.9542,0.9072,0.8217
pdraw_spiral,efficientnet_b0,V11PE03,1,gaussian_blur,3,0.9314,0.9536,0.8517,0.7783
pdraw_spiral,efficientnet_b0,V11PE03,1,gaussian_blur,4,0.9094,0.889,0.8007,0.6735
pdraw_spiral,efficientnet_b0,V11PE03,1,gaussian_blur,5,0.8885,0.7403,0.7477,0.5973
pdraw_spiral,efficientnet_b0,V11PE03,1,gaussian_noise,1,0.9958,0.9843,0.9752,0.9038
pdraw_spiral,efficientnet_b0,V11PE03,1,gaussian_noise,2,0.9494,0.9385,0.8703,0.761
pdraw_spiral,efficientnet_b0,V11PE03,1,gaussian_noise,3,0.9811,0.9624,0.9464,0.829
pdraw_spiral,efficientnet_b0,V11PE03,1,gaussian_noise,4,0.9529,0.9718,0.8932,0.7601
pdraw_spiral,efficientnet_b0,V11PE03,1,gaussian_noise,5,0.9107,0.8018,0.7613,0.6958
pdraw_spiral,efficientnet_b0,V11PE03,1,contrast,1,0.9249,0.8522,0.8459,0.6857
pdraw_spiral,efficientnet_b0,V11PE03,1,contrast,2,0.9859,0.9447,0.9489,0.8776
pdraw_spiral,efficientnet_b0,V11PE03,1,contrast,3,0.9981,0.9654,0.9691,0.9478
pdraw_spiral,efficientnet_b0,V11PE03,1,contrast,4,0.9932,0.976,0.9625,0.8955
pdraw_spiral,efficientnet_b0,V11PE03,1,contrast,5,0.9921,0.9668,0.9421,0.9107
pdraw_spiral,efficientnet_b0,V11PE03,1,brightness,1,0.9186,0.8722,0.7984,0.6436
pdraw_spiral,efficientnet_b0,V11PE03,1,brightness,2,0.9774,0.9255,0.9007,0.7976
pdraw_spiral,efficientnet_b0,V11PE03,1,brightness,3,0.9823,0.9637,0.9429,0.8114
pdraw_spiral,efficientnet_b0,V11PE03,1,brightness,4,0.9451,0.8718,0.7563,0.805
pdraw_spiral,efficientnet_b0,V11PE03,1,brightness,5,0.9398,0.8654,0.7851,0.7616
pdraw_spiral,efficientnet_b0,V11PE03,1,shadow,1,0.9782,0.9257,0.7939,0.8918
pdraw_spiral,efficientnet_b0,V11PE03,1,shadow,2,0.8808,0.8612,0.5387,0.6736
pdraw_spiral,efficientnet_b0,V11PE03,1,shadow,3,0.7323,0.7213,0.4009,0.4638
pdraw_spiral,efficientnet_b0,V11PE03,1,shadow,4,0.6532,0.6414,0.3019,0.3452
pdraw_spiral,efficientnet_b0,V11PE03,1,shadow,5,0.6197,0.6001,0.2453,0.3064
pdraw_spiral,efficientnet_b0,V11PE03,1,perspective,1,0.3404,0.385,0.5584,0.3331
pdraw_spiral,efficientnet_b0,V11PE03,1,perspective,2,0.1107,0.3036,0.5154,0.183
pdraw_spiral,efficientnet_b0,V11PE03,1,perspective,3,0.0917,0.2806,0.4809,0.1788
pdraw_spiral,efficientnet_b0,V11PE03,1,perspective,4,0.005,0.1996,0.4285,0.1176
pdraw_spiral,efficientnet_b0,V11PE03,1,perspective,5,0.0503,0.2298,0.4313,0.1373
pdraw_spiral,efficientnet_b0,V11PE03,1,rotation,1,0.7723,0.6422,0.6335,0.4285
pdraw_spiral,efficientnet_b0,V11PE03,1,rotation,2,0.4864,0.4901,0.4426,0.2444
pdraw_spiral,efficientnet_b0,V11PE03,1,rotation,3,0.6955,0.6758,0.4085,0.4024
pdraw_spiral,efficientnet_b0,V11PE03,1,rotation,4,0.166,0.1366,0.259,0.1368
pdraw_spiral,efficientnet_b0,V11PE03,1,rotation,5,0.4331,0.5506,0.359,0.2533
pdraw_spiral,efficientnet_b0,V08PE01,1,jpeg_compression,1,0.9988,0.9961,0.9895,0.9478
pdraw_spiral,efficientnet_b0,V08PE01,1,jpeg_compression,2,0.9384,0.9461,0.8328,0.6912
pdraw_spiral,efficientnet_b0,V08PE01,1,jpeg_compression,3,0.8794,0.9145,0.7497,0.5674
pdraw_spiral,efficientnet_b0,V08PE01,1,jpeg_compression,4,0.7033,0.8076,0.6199,0.4145
pdraw_spiral,efficientnet_b0,V08PE01,1,jpeg_compression,5,0.7802,0.8415,0.5469,0.4547
pdraw_spiral,efficientnet_b0,V08PE01,1,gaussian_blur,1,0.9833,0.9896,0.945,0.8307
pdraw_spiral,efficientnet_b0,V08PE01,1,gaussian_blur,2,0.9598,0.9764,0.9032,0.7398
pdraw_spiral,efficientnet_b0,V08PE01,1,gaussian_blur,3,0.9256,0.9631,0.8697,0.6703
pdraw_spiral,efficientnet_b0,V08PE01,1,gaussian_blur,4,0.9121,0.95,0.8477,0.6624
pdraw_spiral,efficientnet_b0,V08PE01,1,gaussian_blur,5,0.9107,0.9426,0.8208,0.6276
pdraw_spiral,efficientnet_b0,V08PE01,1,gaussian_noise,1,0.9967,0.9933,0.987,0.918
pdraw_spiral,efficientnet_b0,V08PE01,1,gaussian_noise,2,0.9957,0.9926,0.9807,0.8979
pdraw_spiral,efficientnet_b0,V08PE01,1,gaussian_noise,3,0.989,0.9904,0.9518,0.8607
pdraw_spiral,efficientnet_b0,V08PE01,1,gaussian_noise,4,0.9852,0.9791,0.9451,0.7853
pdraw_spiral,efficientnet_b0,V08PE01,1,gaussian_noise,5,0.9719,0.9828,0.9308,0.8104
pdraw_spiral,efficientnet_b0,V08PE01,1,contrast,1,0.9637,0.9583,0.8687,0.8016
pdraw_spiral,efficientnet_b0,V08PE01,1,contrast,2,0.9894,0.9886,0.9503,0.8909
pdraw_spiral,efficientnet_b0,V08PE01,1,contrast,3,0.9984,0.9938,0.9886,0.9365
pdraw_spiral,efficientnet_b0,V08PE01,1,contrast,4,0.9933,0.982,0.951,0.8797
pdraw_spiral,efficientnet_b0,V08PE01,1,contrast,5,0.9852,0.9729,0.9017,0.807
pdraw_spiral,efficientnet_b0,V08PE01,1,brightness,1,0.9892,0.9705,0.9281,0.8824
pdraw_spiral,efficientnet_b0,V08PE01,1,brightness,2,0.9903,0.9695,0.9162,0.8799
pdraw_spiral,efficientnet_b0,V08PE01,1,brightness,3,0.9923,0.9774,0.928,0.8918
pdraw_spiral,efficientnet_b0,V08PE01,1,brightness,4,0.9385,0.9496,0.8113,0.695
pdraw_spiral,efficientnet_b0,V08PE01,1,brightness,5,0.9237,0.937,0.7588,0.6796
pdraw_spiral,efficientnet_b0,V08PE01,1,shadow,1,0.9961,0.9777,0.9579,0.9122
pdraw_spiral,efficientnet_b0,V08PE01,1,shadow,2,0.9815,0.9533,0.8699,0.8325
pdraw_spiral,efficientnet_b0,V08PE01,1,shadow,3,0.9456,0.9159,0.7402,0.7314
pdraw_spiral,efficientnet_b0,V08PE01,1,shadow,4,0.9015,0.8831,0.6386,0.6448
pdraw_spiral,efficientnet_b0,V08PE01,1,shadow,5,0.8268,0.8297,0.5034,0.5106
pdraw_spiral,efficientnet_b0,V08PE01,1,perspective,1,0.8708,0.9207,0.8241,0.5379
pdraw_spiral,efficientnet_b0,V08PE01,1,perspective,2,0.83,0.8357,0.7882,0.5139
pdraw_spiral,efficientnet_b0,V08PE01,1,perspective,3,0.8067,0.8502,0.78,0.5133
pdraw_spiral,efficientnet_b0,V08PE01,1,perspective,4,0.8016,0.8385,0.749,0.5115
pdraw_spiral,efficientnet_b0,V08PE01,1,perspective,5,0.7401,0.8193,0.7027,0.4501
pdraw_spiral,efficientnet_b0,V08PE01,1,rotation,1,0.942,0.9584,0.8817,0.6607
pdraw_spiral,efficientnet_b0,V08PE01,1,rotation,2,0.9102,0.9089,0.7816,0.6439
pdraw_spiral,efficientnet_b0,V08PE01,1,rotation,3,0.7679,0.7689,0.5892,0.5021
pdraw_spiral,efficientnet_b0,V08PE01,1,rotation,4,0.8788,0.8779,0.6818,0.5275
pdraw_spiral,efficientnet_b0,V08PE01,1,rotation,5,0.6387,0.6511,0.4038,0.4025
pdraw_spiral,efficientnet_b0,V06PE01,1,jpeg_compression,1,0.9865,0.9559,0.9563,0.8267
pdraw_spiral,efficientnet_b0,V06PE01,1,jpeg_compression,2,0.9717,0.9714,0.9118,0.7362
pdraw_spiral,efficientnet_b0,V06PE01,1,jpeg_compression,3,0.9187,0.932,0.8433,0.8264
pdraw_spiral,efficientnet_b0,V06PE01,1,jpeg_compression,4,0.7897,0.8551,0.7236,0.5246
pdraw_spiral,efficientnet_b0,V06PE01,1,jpeg_compression,5,0.7794,0.7829,0.6651,0.5309
pdraw_spiral,efficientnet_b0,V06PE01,1,gaussian_blur,1,0.9087,0.9491,0.8684,0.7052
pdraw_spiral,efficientnet_b0,V06PE01,1,gaussian_blur,2,0.809,0.875,0.7169,0.567
pdraw_spiral,efficientnet_b0,V06PE01,1,gaussian_blur,3,0.7523,0.8093,0.6523,0.5848
pdraw_spiral,efficientnet_b0,V06PE01,1,gaussian_blur,4,0.6969,0.7275,0.6261,0.5288
pdraw_spiral,efficientnet_b0,V06PE01,1,gaussian_blur,5,0.6927,0.7076,0.6221,0.5216
pdraw_spiral,efficientnet_b0,V06PE01,1,gaussian_noise,1,0.9487,0.9686,0.9082,0.6944
pdraw_spiral,efficientnet_b0,V06PE01,1,gaussian_noise,2,0.8811,0.8674,0.7716,0.6948
pdraw_spiral,efficientnet_b0,V06PE01,1,gaussian_noise,3,0.8962,0.9278,0.7867,0.6065
pdraw_spiral,efficientnet_b0,V06PE01,1,gaussian_noise,4,0.6778,0.802,0.6684,0.3634
pdraw_spiral,efficientnet_b0,V06PE01,1,gaussian_noise,5,0.184,0.3787,0.4396,0.0988
pdraw_spiral,efficientnet_b0,V06PE01,1,contrast,1,0.8522,0.8346,0.7224,0.5796
pdraw_spiral,efficientnet_b0,V06PE01,1,contrast,2,0.9741,0.9307,0.8525,0.7392
pdraw_spiral,efficientnet_b0,V06PE01,1,contrast,3,0.9934,0.973,0.9224,0.8499
pdraw_spiral,efficientnet_b0,V06PE01,1,contrast,4,0.992,0.9883,0.9749,0.8797
pdraw_spiral,efficientnet_b0,V06PE01,1,contrast,5,0.9763,0.9832,0.9696,0.7878
pdraw_spiral,efficientnet_b0,V06PE01,1,brightness,1,0.8256,0.8439,0.6693,0.4523
pdraw_spiral,efficientnet_b0,V06PE01,1,brightness,2,0.9549,0.9661,0.8755,0.6902
pdraw_spiral,efficientnet_b0,V06PE01,1,brightness,3,0.9805,0.9795,0.9321,0.788
pdraw_spiral,efficientnet_b0,V06PE01,1,brightness,4,0.8109,0.8365,0.7073,0.5663
pdraw_spiral,efficientnet_b0,V06PE01,1,brightness,5,0.8015,0.8559,0.7371,0.5666
pdraw_spiral,efficientnet_b0,V06PE01,1,shadow,1,0.9485,0.9444,0.7888,0.6822
pdraw_spiral,efficientnet_b0,V06PE01,1,shadow,2,0.8315,0.8665,0.5602,0.4687
pdraw_spiral,efficientnet_b0,V06PE01,1,shadow,3,0.7139,0.7771,0.4608,0.3712
pdraw_spiral,efficientnet_b0,V06PE01,1,shadow,4,0.6087,0.6977,0.4354,0.3192
pdraw_spiral,efficientnet_b0,V06PE01,1,shadow,5,0.5272,0.5974,0.4172,0.2998
pdraw_spiral,efficientnet_b0,V06PE01,1,perspective,1,0.7052,0.6949,0.6087,0.5148
pdraw_spiral,efficientnet_b0,V06PE01,1,perspective,2,0.6471,0.6383,0.5654,0.4301
pdraw_spiral,efficientnet_b0,V06PE01,1,perspective,3,0.633,0.6419,0.563,0.4381
pdraw_spiral,efficientnet_b0,V06PE01,1,perspective,4,0.6209,0.6184,0.5576,0.4238
pdraw_spiral,efficientnet_b0,V06PE01,1,perspective,5,0.5811,0.591,0.5178,0.4119
pdraw_spiral,efficientnet_b0,V06PE01,1,rotation,1,0.7743,0.7715,0.6551,0.4154
pdraw_spiral,efficientnet_b0,V06PE01,1,rotation,2,0.4962,0.5,0.5251,0.2743
pdraw_spiral,efficientnet_b0,V06PE01,1,rotation,3,0.4493,0.4431,0.4023,0.2468
pdraw_spiral,efficientnet_b0,V06PE01,1,rotation,4,0.712,0.7214,0.5591,0.3598
pdraw_spiral,efficientnet_b0,V06PE01,1,rotation,5,0.3443,0.3006,0.369,0.2397
pdraw_spiral,efficientnet_b0,V03PE07,1,jpeg_compression,1,0.9899,0.9874,0.9906,0.7047
pdraw_spiral,efficientnet_b0,V03PE07,1,jpeg_compression,2,0.9526,0.9313,0.8487,0.443
pdraw_spiral,efficientnet_b0,V03PE07,1,jpeg_compression,3,0.8829,0.8656,0.8046,0.3084
pdraw_spiral,efficientnet_b0,V03PE07,1,jpeg_compression,4,0.9246,0.899,0.8449,0.3627
pdraw_spiral,efficientnet_b0,V03PE07,1,jpeg_compression,5,0.7336,0.7658,0.7826,0.3577
pdraw_spiral,efficientnet_b0,V03PE07,1,gaussian_blur,1,0.957,0.9567,0.9083,0.5969
pdraw_spiral,efficientnet_b0,V03PE07,1,gaussian_blur,2,0.8543,0.871,0.8489,0.394
pdraw_spiral,efficientnet_b0,V03PE07,1,gaussian_blur,3,0.7566,0.7932,0.7799,0.3591
pdraw_spiral,efficientnet_b0,V03PE07,1,gaussian_blur,4,0.7636,0.8001,0.737,0.3952
pdraw_spiral,efficientnet_b0,V03PE07,1,gaussian_blur,5,0.7936,0.8228,0.674,0.3752
pdraw_spiral,efficientnet_b0,V03PE07,1,gaussian_noise,1,0.9901,0.9882,0.9841,0.8264
pdraw_spiral,efficientnet_b0,V03PE07,1,gaussian_noise,2,0.9333,0.9181,0.9062,0.4716
pdraw_spiral,efficientnet_b0,V03PE07,1,gaussian_noise,3,0.9114,0.8984,0.8636,0.4194
pdraw_spiral,efficientnet_b0,V03PE07,1,gaussian_noise,4,0.8934,0.8899,0.76,0.5935
pdraw_spiral,efficientnet_b0,V03PE07,1,gaussian_noise,5,0.9226,0.9334,0.7882,0.6185
pdraw_spiral,efficientnet_b0,V03PE07,1,contrast,1,0.9226,0.9011,0.9254,0.481
pdraw_spiral,efficientnet_b0,V03PE07,1,contrast,2,0.9833,0.9778,0.9857,0.6856
pdraw_spiral,efficientnet_b0,V03PE07,1,contrast,3,0.9959,0.9941,0.9964,0.8037
pdraw_spiral,efficientnet_b0,V03PE07,1,contrast,4,0.9895,0.9888,0.9918,0.8717
pdraw_spiral,efficientnet_b0,V03PE07,1,contrast,5,0.9739,0.9757,0.9789,0.7936
pdraw_spiral,efficientnet_b0,V03PE07,1,brightness,1,0.9172,0.9307,0.9398,0.5988
pdraw_spiral,efficientnet_b0,V03PE07,1,brightness,2,0.9242,0.9466,0.946,0.5751
pdraw_spiral,efficientnet_b0,V03PE07,1,brightness,3,0.9531,0.965,0.9645,0.6566
pdraw_spiral,efficientnet_b0,V03PE07,1,brightness,4,0.8284,0.8324,0.7473,0.2744
pdraw_spiral,efficientnet_b0,V03PE07,1,brightness,5,0.7968,0.8314,0.6098,0.2539
pdraw_spiral,efficientnet_b0,V03PE07,1,shadow,1,0.9392,0.9361,0.9487,0.6609
pdraw_spiral,efficientnet_b0,V03PE07,1,shadow,2,0.7148,0.6942,0.8721,0.4202
pdraw_spiral,efficientnet_b0,V03PE07,1,shadow,3,0.5273,0.4952,0.8025,0.2518
pdraw_spiral,efficientnet_b0,V03PE07,1,shadow,4,0.4321,0.3818,0.7679,0.2282
pdraw_spiral,efficientnet_b0,V03PE07,1,shadow,5,0.3603,0.3174,0.7535,0.2148
pdraw_spiral,efficientnet_b0,V03PE07,1,perspective,1,0.6555,0.7334,0.5554,0.3563
pdraw_spiral,efficientnet_b0,V03PE07,1,perspective,2,0.5668,0.6458,0.5005,0.2865
pdraw_spiral,efficientnet_b0,V03PE07,1,perspective,3,0.4821,0.5451,0.4635,0.2652
pdraw_spiral,efficientnet_b0,V03PE07,1,perspective,4,0.4733,0.5477,0.4336,0.2608
pdraw_spiral,efficientnet_b0,V03PE07,1,perspective,5,0.4489,0.54,0.4337,0.2495
pdraw_spiral,efficientnet_b0,V03PE07,1,rotation,1,0.4444,0.5094,0.6963,0.2913
pdraw_spiral,efficientnet_b0,V03PE07,1,rotation,2,0.327,0.3718,0.6239,0.2523
pdraw_spiral,efficientnet_b0,V03PE07,1,rotation,3,0.3846,0.4467,0.6581,0.2561
pdraw_spiral,efficientnet_b0,V03PE07,1,rotation,4,0.3709,0.3984,0.6233,0.2488
pdraw_spiral,efficientnet_b0,V03PE07,1,rotation,5,0.1988,0.2821,0.613,0.1631
pdraw_spiral,mobilenet_v3_large,V09HE01,0,jpeg_compression,1,0.9675,0.8803,0.9202,0.8799
pdraw_spiral,mobilenet_v3_large,V09HE01,0,jpeg_compression,2,0.9349,0.914,0.9565,0.7509
pdraw_spiral,mobilenet_v3_large,V09HE01,0,jpeg_compression,3,0.8746,0.6884,0.8452,0.5353
pdraw_spiral,mobilenet_v3_large,V09HE01,0,jpeg_compression,4,0.702,0.4952,0.7588,0.3506
pdraw_spiral,mobilenet_v3_large,V09HE01,0,jpeg_compression,5,0.5763,0.5512,0.5447,0.3762
pdraw_spiral,mobilenet_v3_large,V09HE01,0,gaussian_blur,1,0.9417,0.7754,0.9071,0.4779
pdraw_spiral,mobilenet_v3_large,V09HE01,0,gaussian_blur,2,0.8908,0.775,0.8937,0.4826
pdraw_spiral,mobilenet_v3_large,V09HE01,0,gaussian_blur,3,0.9221,0.4756,0.8233,0.4154
pdraw_spiral,mobilenet_v3_large,V09HE01,0,gaussian_blur,4,0.9136,0.4306,0.8037,0.4032
pdraw_spiral,mobilenet_v3_large,V09HE01,0,gaussian_blur,5,0.8878,0.3892,0.7216,0.3741
pdraw_spiral,mobilenet_v3_large,V09HE01,0,gaussian_noise,1,0.9769,0.9092,0.9609,0.9594
pdraw_spiral,mobilenet_v3_large,V09HE01,0,gaussian_noise,2,0.9851,0.7896,0.8746,0.8295
pdraw_spiral,mobilenet_v3_large,V09HE01,0,gaussian_noise,3,0.8513,0.7593,0.7724,0.7104
pdraw_spiral,mobilenet_v3_large,V09HE01,0,gaussian_noise,4,0.8129,0.6186,0.731,0.5419
pdraw_spiral,mobilenet_v3_large,V09HE01,0,gaussian_noise,5,0.9203,0.9135,0.9185,0.7794
pdraw_spiral,mobilenet_v3_large,V09HE01,0,contrast,1,0.9242,0.7752,0.9022,0.4732
pdraw_spiral,mobilenet_v3_large,V09HE01,0,contrast,2,0.9464,0.9142,0.9544,0.7509
pdraw_spiral,mobilenet_v3_large,V09HE01,0,contrast,3,0.9504,0.9143,0.9525,0.7509
pdraw_spiral,mobilenet_v3_large,V09HE01,0,contrast,4,0.9554,0.9261,0.9095,0.8317
pdraw_spiral,mobilenet_v3_large,V09HE01,0,contrast,5,0.8025,0.8327,0.8374,0.7114
pdraw_spiral,mobilenet_v3_large,V09HE01,0,brightness,1,0.9709,0.8627,0.9282,0.6516
pdraw_spiral,mobilenet_v3_large,V09HE01,0,brightness,2,0.9902,0.863,0.9521,0.6743
pdraw_spiral,mobilenet_v3_large,V09HE01,0,brightness,3,0.9649,0.8624,0.9398,0.6539
pdraw_spiral,mobilenet_v3_large,V09HE01,0,brightness,4,0.5399,0.3458,0.3683,0.267
pdraw_spiral,mobilenet_v3_large,V09HE01,0,brightness,5,0.5454,0.4238,0.4346,0.3183
pdraw_spiral,mobilenet_v3_large,V09HE01,0,shadow,1,0.8994,0.8618,0.919,0.6696
pdraw_spiral,mobilenet_v3_large,V09HE01,0,shadow,2,0.8772,0.7752,0.8817,0.4923
pdraw_spiral,mobilenet_v3_large,V09HE01,0,shadow,3,0.9265,0.7754,0.8987,0.4826
pdraw_spiral,mobilenet_v3_large,V09HE01,0,shadow,4,0.9361,0.7753,0.9055,0.4732
pdraw_spiral,mobilenet_v3_large,V09HE01,0,shadow,5,0.9388,0.7753,0.9063,0.4779
pdraw_spiral,mobilenet_v3_large,V09HE01,0,perspective,1,0.927,0.8621,0.9299,0.6635
pdraw_spiral,mobilenet_v3_large,V09HE01,0,perspective,2,0.9117,0.8619,0.9159,0.6665
pdraw_spiral,mobilenet_v3_large,V09HE01,0,perspective,3,0.6004,0.6732,0.763,0.4513
pdraw_spiral,mobilenet_v3_large,V09HE01,0,perspective,4,0.6477,0.6726,0.7969,0.4414
pdraw_spiral,mobilenet_v3_large,V09HE01,0,perspective,5,0.1708,0.3042,0.6977,0.2699
pdraw_spiral,mobilenet_v3_large,V09HE01,0,rotation,1,0.5928,0.5463,0.8155,0.4349
pdraw_spiral,mobilenet_v3_large,V09HE01,0,rotation,2,-0.0608,-0.1134,0.7601,0.1379
pdraw_spiral,mobilenet_v3_large,V09HE01,0,rotation,3,0.5801,0.2299,0.673,0.2004
pdraw_spiral,mobilenet_v3_large,V09HE01,0,rotation,4,-0.0675,0.1508,0.7179,0.1944
pdraw_spiral,mobilenet_v3_large,V09HE01,0,rotation,5,-0.1344,-0.2268,0.5596,0.0313
pdraw_spiral,mobilenet_v3_large,V55HE14,0,jpeg_compression,1,1.0,1.0,1.0,1.0
pdraw_spiral,mobilenet_v3_large,V55HE14,0,jpeg_compression,2,1.0,1.0,1.0,1.0
pdraw_spiral,mobilenet_v3_large,V55HE14,0,jpeg_compression,3,,,0.938,0.5312
pdraw_spiral,mobilenet_v3_large,V55HE14,0,jpeg_compression,4,,,0.938,0.5312
pdraw_spiral,mobilenet_v3_large,V55HE14,0,jpeg_compression,5,-0.0502,-0.151,0.7757,0.122
pdraw_spiral,mobilenet_v3_large,V55HE14,0,gaussian_blur,1,1.0,1.0,1.0,1.0
pdraw_spiral,mobilenet_v3_large,V55HE14,0,gaussian_blur,2,,,0.938,0.5312
pdraw_spiral,mobilenet_v3_large,V55HE14,0,gaussian_blur,3,,,0.938,0.5312
pdraw_spiral,mobilenet_v3_large,V55HE14,0,gaussian_blur,4,,,0.938,0.5312
pdraw_spiral,mobilenet_v3_large,V55HE14,0,gaussian_blur,5,,,0.938,0.5312
pdraw_spiral,mobilenet_v3_large,V55HE14,0,gaussian_noise,1,1.0,1.0,1.0,1.0
pdraw_spiral,mobilenet_v3_large,V55HE14,0,gaussian_noise,2,0.9994,0.7262,0.9739,0.8044
pdraw_spiral,mobilenet_v3_large,V55HE14,0,gaussian_noise,3,0.8595,0.4916,0.8886,0.3411
pdraw_spiral,mobilenet_v3_large,V55HE14,0,gaussian_noise,4,0.748,0.597,0.9056,0.5775
pdraw_spiral,mobilenet_v3_large,V55HE14,0,gaussian_noise,5,1.0,1.0,1.0,0.999
pdraw_spiral,mobilenet_v3_large,V55HE14,0,contrast,1,0.9994,0.7261,0.9731,0.8044
pdraw_spiral,mobilenet_v3_large,V55HE14,0,contrast,2,1.0,1.0,1.0,1.0
pdraw_spiral,mobilenet_v3_large,V55HE14,0,contrast,3,1.0,1.0,1.0,1.0
pdraw_spiral,mobilenet_v3_large,V55HE14,0,contrast,4,0.9997,0.7274,0.9808,0.7062
pdraw_spiral,mobilenet_v3_large,V55HE14,0,contrast,5,0.999,0.7253,0.9694,0.7062
pdraw_spiral,mobilenet_v3_large,V55HE14,0,brightness,1,0.9829,0.7151,0.9501,0.8044
pdraw_spiral,mobilenet_v3_large,V55HE14,0,brightness,2,1.0,1.0,1.0,1.0
pdraw_spiral,mobilenet_v3_large,V55HE14,0,brightness,3,1.0,1.0,1.0,1.0
pdraw_spiral,mobilenet_v3_large,V55HE14,0,brightness,4,,,0.938,0.5312
pdraw_spiral,mobilenet_v3_large,V55HE14,0,brightness,5,0.2216,0.4667,0.9051,0.5396
pdraw_spiral,mobilenet_v3_large,V55HE14,0,shadow,1,1.0,1.0,1.0,1.0
pdraw_spiral,mobilenet_v3_large,V55HE14,0,shadow,2,1.0,1.0,1.0,1.0
pdraw_spiral,mobilenet_v3_large,V55HE14,0,shadow,3,1.0,1.0,1.0,1.0
pdraw_spiral,mobilenet_v3_large,V55HE14,0,shadow,4,1.0,1.0,1.0,1.0
pdraw_spiral,mobilenet_v3_large,V55HE14,0,shadow,5,1.0,1.0,1.0,1.0
pdraw_spiral,mobilenet_v3_large,V55HE14,0,perspective,1,,,0.938,0.5312
pdraw_spiral,mobilenet_v3_large,V55HE14,0,perspective,2,,,0.938,0.5312
pdraw_spiral,mobilenet_v3_large,V55HE14,0,perspective,3,,,0.938,0.5312
pdraw_spiral,mobilenet_v3_large,V55HE14,0,perspective,4,0.6765,0.4717,0.8433,0.1911
pdraw_spiral,mobilenet_v3_large,V55HE14,0,perspective,5,0.5561,0.5093,0.8531,0.1707
pdraw_spiral,mobilenet_v3_large,V55HE14,0,rotation,1,-0.034,-0.056,0.8943,0.5311
pdraw_spiral,mobilenet_v3_large,V55HE14,0,rotation,2,0.8802,0.5974,0.904,0.4415
pdraw_spiral,mobilenet_v3_large,V55HE14,0,rotation,3,-0.0568,-0.1016,0.8048,0.1793
pdraw_spiral,mobilenet_v3_large,V55HE14,0,rotation,4,-0.0193,0.1477,0.7653,0.1608
pdraw_spiral,mobilenet_v3_large,V55HE14,0,rotation,5,-0.08,-0.1658,0.6711,0.05
pdraw_spiral,mobilenet_v3_large,V08HE01,0,jpeg_compression,1,0.9987,0.9996,0.9932,0.9332
pdraw_spiral,mobilenet_v3_large,V08HE01,0,jpeg_compression,2,0.992,0.8584,0.9409,0.6044
pdraw_spiral,mobilenet_v3_large,V08HE01,0,jpeg_compression,3,0.9912,0.6259,0.8884,0.3021
pdraw_spiral,mobilenet_v3_large,V08HE01,0,jpeg_compression,4,0.9589,0.7128,0.855,0.5796
pdraw_spiral,mobilenet_v3_large,V08HE01,0,jpeg_compression,5,0.9167,0.6851,0.5397,0.5647
pdraw_spiral,mobilenet_v3_large,V08HE01,0,gaussian_blur,1,0.9258,0.6368,0.8719,0.2988
pdraw_spiral,mobilenet_v3_large,V08HE01,0,gaussian_blur,2,0.9322,0.6369,0.8738,0.2983
pdraw_spiral,mobilenet_v3_large,V08HE01,0,gaussian_blur,3,0.983,0.8705,0.9314,0.7728
pdraw_spiral,mobilenet_v3_large,V08HE01,0,gaussian_blur,4,0.998,0.881,0.9763,0.7708
pdraw_spiral,mobilenet_v3_large,V08HE01,0,gaussian_blur,5,0.9963,0.8783,0.9602,0.7731
pdraw_spiral,mobilenet_v3_large,V08HE01,0,gaussian_noise,1,0.9952,0.7913,0.9303,0.4681
pdraw_spiral,mobilenet_v3_large,V08HE01,0,gaussian_noise,2,0.9929,0.8913,0.9439,0.7276
pdraw_spiral,mobilenet_v3_large,V08HE01,0,gaussian_noise,3,0.9791,0.9168,0.9215,0.6998
pdraw_spiral,mobilenet_v3_large,V08HE01,0,gaussian_noise,4,0.9476,0.8638,0.8486,0.5686
pdraw_spiral,mobilenet_v3_large,V08HE01,0,gaussian_noise,5,0.9454,0.8141,0.8192,0.5427
pdraw_spiral,mobilenet_v3_large,V08HE01,0,contrast,1,0.9973,0.8589,0.9509,0.6044
pdraw_spiral,mobilenet_v3_large,V08HE01,0,contrast,2,0.9996,0.9995,0.9911,0.8895
pdraw_spiral,mobilenet_v3_large,V08HE01,0,contrast,3,0.9992,0.9987,0.9812,0.8382
pdraw_spiral,mobilenet_v3_large,V08HE01,0,contrast,4,0.9995,0.999,0.984,0.8453
pdraw_spiral,mobilenet_v3_large,V08HE01,0,contrast,5,0.9986,0.9988,0.9795,0.8413
pdraw_spiral,mobilenet_v3_large,V08HE01,0,brightness,1,0.9968,0.8707,0.954,0.7728
pdraw_spiral,mobilenet_v3_large,V08HE01,0,brightness,2,0.9974,0.9358,0.9823,0.9206
pdraw_spiral,mobilenet_v3_large,V08HE01,0,brightness,3,0.9983,0.8713,0.9764,0.7728
pdraw_spiral,mobilenet_v3_large,V08HE01,0,brightness,4,0.9694,0.7509,0.7789,0.637
pdraw_spiral,mobilenet_v3_large,V08HE01,0,brightness,5,0.9577,0.746,0.7998,0.6009
pdraw_spiral,mobilenet_v3_large,V08HE01,0,shadow,1,0.9952,0.7325,0.9219,0.4549
pdraw_spiral,mobilenet_v3_large,V08HE01,0,shadow,2,0.9938,0.7324,0.9113,0.4549
pdraw_spiral,mobilenet_v3_large,V08HE01,0,shadow,3,0.9869,0.7324,0.9067,0.4549
pdraw_spiral,mobilenet_v3_large,V08HE01,0,shadow,4,0.9819,0.6372,0.8966,0.2983
pdraw_spiral,mobilenet_v3_large,V08HE01,0,shadow,5,0.9865,0.6372,0.8994,0.2983
pdraw_spiral,mobilenet_v3_large,V08HE01,0,perspective,1,0.9587,0.7967,0.9031,0.5887
pdraw_spiral,mobilenet_v3_large,V08HE01,0,perspective,2,0.9171,0.7954,0.8941,0.5887
pdraw_spiral,mobilenet_v3_large,V08HE01,0,perspective,3,0.9146,0.5234,0.8689,0.1798
pdraw_spiral,mobilenet_v3_large,V08HE01,0,perspective,4,0.8987,0.5356,0.85,0.4028
pdraw_spiral,mobilenet_v3_large,V08HE01,0,perspective,5,0.8576,0.5797,0.8486,0.4576
pdraw_spiral,mobilenet_v3_large,V08HE01,0,rotation,1,0.9715,0.7324,0.8963,0.4549
pdraw_spiral,mobilenet_v3_large,V08HE01,0,rotation,2,0.2806,0.2839,0.7539,0.2663
pdraw_spiral,mobilenet_v3_large,V08HE01,0,rotation,3,0.1134,0.389,0.732,0.2883
pdraw_spiral,mobilenet_v3_large,V08HE01,0,rotation,4,-0.0665,0.0965,0.7276,0.1401
pdraw_spiral,mobilenet_v3_large,V08HE01,0,rotation,5,-0.0759,-0.2356,0.6881,0.0034
pdraw_spiral,mobilenet_v3_large,V07HE01,0,jpeg_compression,1,0.9941,0.977,0.9616,0.9451
pdraw_spiral,mobilenet_v3_large,V07HE01,0,jpeg_compression,2,0.9763,0.8228,0.867,0.9033
pdraw_spiral,mobilenet_v3_large,V07HE01,0,jpeg_compression,3,0.9139,0.6485,0.7733,0.7278
pdraw_spiral,mobilenet_v3_large,V07HE01,0,jpeg_compression,4,0.8678,0.6562,0.7565,0.6576
pdraw_spiral,mobilenet_v3_large,V07HE01,0,jpeg_compression,5,0.6156,0.3932,0.4342,0.4286
pdraw_spiral,mobilenet_v3_large,V07HE01,0,gaussian_blur,1,0.8894,0.8502,0.8485,0.6491
pdraw_spiral,mobilenet_v3_large,V07HE01,0,gaussian_blur,2,0.8453,0.8432,0.8133,0.5856
pdraw_spiral,mobilenet_v3_large,V07HE01,0,gaussian_blur,3,0.8941,0.9118,0.8114,0.6338
pdraw_spiral,mobilenet_v3_large,V07HE01,0,gaussian_blur,4,0.8223,0.7899,0.7693,0.4745
pdraw_spiral,mobilenet_v3_large,V07HE01,0,gaussian_blur,5,0.8756,0.8467,0.7815,0.552
pdraw_spiral,mobilenet_v3_large,V07HE01,0,gaussian_noise,1,0.9872,0.9514,0.9222,0.9575
pdraw_spiral,mobilenet_v3_large,V07HE01,0,gaussian_noise,2,0.9369,0.9139,0.8664,0.6535
pdraw_spiral,mobilenet_v3_large,V07HE01,0,gaussian_noise,3,0.9557,0.8359,0.8187,0.6296
pdraw_spiral,mobilenet_v3_large,V07HE01,0,gaussian_noise,4,0.9932,0.8349,0.8999,0.8277
pdraw_spiral,mobilenet_v3_large,V07HE01,0,gaussian_noise,5,0.7926,0.8124,0.8046,0.5548
pdraw_spiral,mobilenet_v3_large,V07HE01,0,contrast,1,0.9934,0.9241,0.9374,0.8337
pdraw_spiral,mobilenet_v3_large,V07HE01,0,contrast,2,0.9918,0.9251,0.9481,0.9067
pdraw_spiral,mobilenet_v3_large,V07HE01,0,contrast,3,0.9976,0.9701,0.9557,0.9156
pdraw_spiral,mobilenet_v3_large,V07HE01,0,contrast,4,0.9946,0.8874,0.8958,0.8966
pdraw_spiral,mobilenet_v3_large,V07HE01,0,contrast,5,0.9836,0.7778,0.8715,0.8128
pdraw_spiral,mobilenet_v3_large,V07HE01,0,brightness,1,0.9212,0.8231,0.8,0.649
pdraw_spiral,mobilenet_v3_large,V07HE01,0,brightness,2,0.9864,0.9246,0.9426,0.885
pdraw_spiral,mobilenet_v3_large,V07HE01,0,brightness,3,0.9958,0.8858,0.9106,0.9127
pdraw_spiral,mobilenet_v3_large,V07HE01,0,brightness,4,0.56,0.5151,0.3691,0.3564
pdraw_spiral,mobilenet_v3_large,V07HE01,0,brightness,5,0.3199,0.2302,0.3759,0.2209
pdraw_spiral,mobilenet_v3_large,V07HE01,0,shadow,1,0.9937,0.823,0.8968,0.9105
pdraw_spiral,mobilenet_v3_large,V07HE01,0,shadow,2,0.9713,0.9064,0.8926,0.9063
pdraw_spiral,mobilenet_v3_large,V07HE01,0,shadow,3,0.9168,0.905,0.8511,0.9009
pdraw_spiral,mobilenet_v3_large,V07HE01,0,shadow,4,0.9365,0.9056,0.8714,0.8576
pdraw_spiral,mobilenet_v3_large,V07HE01,0,shadow,5,0.9524,0.9448,0.8964,0.7522
pdraw_spiral,mobilenet_v3_large,V07HE01,0,perspective,1,0.8773,0.7593,0.8008,0.7571
pdraw_spiral,mobilenet_v3_large,V07HE01,0,perspective,2,0.7885,0.6226,0.7802,0.4087
pdraw_spiral,mobilenet_v3_large,V07HE01,0,perspective,3,0.4188,0.5414,0.6975,0.2954
pdraw_spiral,mobilenet_v3_large,V07HE01,0,perspective,4,0.5637,0.5009,0.6394,0.4433
pdraw_spiral,mobilenet_v3_large,V07HE01,0,perspective,5,0.6774,0.3954,0.663,0.3855
pdraw_spiral,mobilenet_v3_large,V07HE01,0,rotation,1,0.6302,0.545,0.735,0.2957
pdraw_spiral,mobilenet_v3_large,V07HE01,0,rotation,2,-0.0929,-0.132,0.5788,0.0
pdraw_spiral,mobilenet_v3_large,V07HE01,0,rotation,3,-0.0618,0.0419,0.6,0.1023
pdraw_spiral,mobilenet_v3_large,V07HE01,0,rotation,4,-0.0816,0.2428,0.5693,0.2055
pdraw_spiral,mobilenet_v3_large,V07HE01,0,rotation,5,0.0094,0.0935,0.5643,0.1225
pdraw_spiral,mobilenet_v3_large,V55HE15,0,jpeg_compression,1,,,1.0,1.0
pdraw_spiral,mobilenet_v3_large,V55HE15,0,jpeg_compression,2,,,1.0,1.0
pdraw_spiral,mobilenet_v3_large,V55HE15,0,jpeg_compression,3,,,0.8699,0.1329
pdraw_spiral,mobilenet_v3_large,V55HE15,0,jpeg_compression,4,,,0.8063,0.0
pdraw_spiral,mobilenet_v3_large,V55HE15,0,jpeg_compression,5,,,0.5478,0.0613
pdraw_spiral,mobilenet_v3_large,V55HE15,0,gaussian_blur,1,,,1.0,1.0
pdraw_spiral,mobilenet_v3_large,V55HE15,0,gaussian_blur,2,,,1.0,1.0
pdraw_spiral,mobilenet_v3_large,V55HE15,0,gaussian_blur,3,,,1.0,1.0
pdraw_spiral,mobilenet_v3_large,V55HE15,0,gaussian_blur,4,,,0.938,0.5309
pdraw_spiral,mobilenet_v3_large,V55HE15,0,gaussian_blur,5,,,0.938,0.5309
pdraw_spiral,mobilenet_v3_large,V55HE15,0,gaussian_noise,1,,,1.0,1.0
pdraw_spiral,mobilenet_v3_large,V55HE15,0,gaussian_noise,2,,,0.876,0.1325
pdraw_spiral,mobilenet_v3_large,V55HE15,0,gaussian_noise,3,,,0.7947,0.0511
pdraw_spiral,mobilenet_v3_large,V55HE15,0,gaussian_noise,4,,,0.9149,0.3706
pdraw_spiral,mobilenet_v3_large,V55HE15,0,gaussian_noise,5,,,0.938,0.5309
pdraw_spiral,mobilenet_v3_large,V55HE15,0,contrast,1,,,1.0,1.0
pdraw_spiral,mobilenet_v3_large,V55HE15,0,contrast,2,,,1.0,1.0
pdraw_spiral,mobilenet_v3_large,V55HE15,0,contrast,3,,,1.0,1.0
pdraw_spiral,mobilenet_v3_large,V55HE15,0,contrast,4,,,1.0,1.0
pdraw_spiral,mobilenet_v3_large,V55HE15,0,contrast,5,,,1.0,1.0
pdraw_spiral,mobilenet_v3_large,V55HE15,0,brightness,1,,,1.0,1.0
pdraw_spiral,mobilenet_v3_large,V55HE15,0,brightness,2,,,1.0,1.0
pdraw_spiral,mobilenet_v3_large,V55HE15,0,brightness,3,,,1.0,1.0
pdraw_spiral,mobilenet_v3_large,V55HE15,0,brightness,4,,,0.7626,0.0
pdraw_spiral,mobilenet_v3_large,V55HE15,0,brightness,5,,,0.7267,0.0
pdraw_spiral,mobilenet_v3_large,V55HE15,0,shadow,1,,,1.0,1.0
pdraw_spiral,mobilenet_v3_large,V55HE15,0,shadow,2,,,1.0,1.0
pdraw_spiral,mobilenet_v3_large,V55HE15,0,shadow,3,,,1.0,1.0
pdraw_spiral,mobilenet_v3_large,V55HE15,0,shadow,4,,,1.0,1.0
pdraw_spiral,mobilenet_v3_large,V55HE15,0,shadow,5,,,1.0,1.0
pdraw_spiral,mobilenet_v3_large,V55HE15,0,perspective,1,,,0.909,0.3706
pdraw_spiral,mobilenet_v3_large,V55HE15,0,perspective,2,,,1.0,1.0
pdraw_spiral,mobilenet_v3_large,V55HE15,0,perspective,3,,,0.9563,0.6262
pdraw_spiral,mobilenet_v3_large,V55HE15,0,perspective,4,,,0.8944,0.3023
pdraw_spiral,mobilenet_v3_large,V55HE15,0,perspective,5,,,0.7994,0.0
pdraw_spiral,mobilenet_v3_large,V55HE15,0,rotation,1,,,1.0,1.0
pdraw_spiral,mobilenet_v3_large,V55HE15,0,rotation,2,,,0.892,0.427
pdraw_spiral,mobilenet_v3_large,V55HE15,0,rotation,3,,,0.8538,0.1743
pdraw_spiral,mobilenet_v3_large,V55HE15,0,rotation,4,,,0.7953,0.115
pdraw_spiral,mobilenet_v3_large,V55HE15,0,rotation,5,,,0.788,0.1083
pdraw_spiral,mobilenet_v3_large,V03PE01,1,jpeg_compression,1,0.9905,0.9909,0.9757,0.9092
pdraw_spiral,mobilenet_v3_large,V03PE01,1,jpeg_compression,2,0.9639,0.9661,0.9102,0.8058
pdraw_spiral,mobilenet_v3_large,V03PE01,1,jpeg_compression,3,0.9471,0.9536,0.8855,0.7573
pdraw_spiral,mobilenet_v3_large,V03PE01,1,jpeg_compression,4,0.9503,0.9582,0.9126,0.6352
pdraw_spiral,mobilenet_v3_large,V03PE01,1,jpeg_compression,5,0.8356,0.8297,0.7474,0.3859
pdraw_spiral,mobilenet_v3_large,V03PE01,1,gaussian_blur,1,0.9671,0.9703,0.9383,0.6941
pdraw_spiral,mobilenet_v3_large,V03PE01,1,gaussian_blur,2,0.938,0.9461,0.8935,0.7463
pdraw_spiral,mobilenet_v3_large,V03PE01,1,gaussian_blur,3,0.9288,0.9365,0.9007,0.6437
pdraw_spiral,mobilenet_v3_large,V03PE01,1,gaussian_blur,4,0.9018,0.91,0.8664,0.5091
pdraw_spiral,mobilenet_v3_large,V03PE01,1,gaussian_blur,5,0.8888,0.9029,0.8391,0.4606
pdraw_spiral,mobilenet_v3_large,V03PE01,1,gaussian_noise,1,0.9756,0.9771,0.9135,0.7538
pdraw_spiral,mobilenet_v3_large,V03PE01,1,gaussian_noise,2,0.9716,0.9744,0.9048,0.7981
pdraw_spiral,mobilenet_v3_large,V03PE01,1,gaussian_noise,3,0.9703,0.9715,0.9298,0.6738
pdraw_spiral,mobilenet_v3_large,V03PE01,1,gaussian_noise,4,0.9551,0.9551,0.8722,0.5851
pdraw_spiral,mobilenet_v3_large,V03PE01,1,gaussian_noise,5,0.9437,0.9463,0.8086,0.7248
pdraw_spiral,mobilenet_v3_large,V03PE01,1,contrast,1,0.9699,0.968,0.9463,0.6725
pdraw_spiral,mobilenet_v3_large,V03PE01,1,contrast,2,0.9874,0.986,0.9737,0.7211
pdraw_spiral,mobilenet_v3_large,V03PE01,1,contrast,3,0.9916,0.9899,0.9781,0.7658
pdraw_spiral,mobilenet_v3_large,V03PE01,1,contrast,4,0.9957,0.996,0.9899,0.8476
pdraw_spiral,mobilenet_v3_large,V03PE01,1,contrast,5,0.9937,0.9946,0.9799,0.8214
pdraw_spiral,mobilenet_v3_large,V03PE01,1,brightness,1,0.9113,0.917,0.8254,0.6777
pdraw_spiral,mobilenet_v3_large,V03PE01,1,brightness,2,0.9568,0.9595,0.9138,0.7407
pdraw_spiral,mobilenet_v3_large,V03PE01,1,brightness,3,0.9764,0.9793,0.9534,0.8381
pdraw_spiral,mobilenet_v3_large,V03PE01,1,brightness,4,0.8764,0.8829,0.7918,0.5594
pdraw_spiral,mobilenet_v3_large,V03PE01,1,brightness,5,0.6299,0.6434,0.4601,0.5004
pdraw_spiral,mobilenet_v3_large,V03PE01,1,shadow,1,0.9733,0.9763,0.9664,0.8312
pdraw_spiral,mobilenet_v3_large,V03PE01,1,shadow,2,0.9313,0.9394,0.8938,0.6985
pdraw_spiral,mobilenet_v3_large,V03PE01,1,shadow,3,0.7698,0.7846,0.7625,0.5241
pdraw_spiral,mobilenet_v3_large,V03PE01,1,shadow,4,0.6563,0.6431,0.7134,0.2947
pdraw_spiral,mobilenet_v3_large,V03PE01,1,shadow,5,0.5316,0.5403,0.6232,0.2382
pdraw_spiral,mobilenet_v3_large,V03PE01,1,perspective,1,0.8745,0.8856,0.8166,0.6854
pdraw_spiral,mobilenet_v3_large,V03PE01,1,perspective,2,0.8269,0.8257,0.7727,0.6235
pdraw_spiral,mobilenet_v3_large,V03PE01,1,perspective,3,0.7307,0.7464,0.6277,0.4811
pdraw_spiral,mobilenet_v3_large,V03PE01,1,perspective,4,0.7347,0.7958,0.517,0.4589
pdraw_spiral,mobilenet_v3_large,V03PE01,1,perspective,5,0.6805,0.7164,0.4727,0.4723
pdraw_spiral,mobilenet_v3_large,V03PE01,1,rotation,1,0.7813,0.7925,0.6331,0.5614
pdraw_spiral,mobilenet_v3_large,V03PE01,1,rotation,2,0.7238,0.7288,0.5413,0.5418
pdraw_spiral,mobilenet_v3_large,V03PE01,1,rotation,3,0.4247,0.371,0.4822,0.3075
pdraw_spiral,mobilenet_v3_large,V03PE01,1,rotation,4,0.5166,0.5,0.3628,0.3934
pdraw_spiral,mobilenet_v3_large,V03PE01,1,rotation,5,0.2609,0.2851,0.3234,0.1997
pdraw_spiral,mobilenet_v3_large,V11PE03,1,jpeg_compression,1,0.9975,0.9299,0.9777,0.9655
pdraw_spiral,mobilenet_v3_large,V11PE03,1,jpeg_compression,2,0.9921,0.9648,0.9622,0.9176
pdraw_spiral,mobilenet_v3_large,V11PE03,1,jpeg_compression,3,0.8473,0.8504,0.7851,0.7574
pdraw_spiral,mobilenet_v3_large,V11PE03,1,jpeg_compression,4,0.9155,0.8416,0.7348,0.7633
pdraw_spiral,mobilenet_v3_large,V11PE03,1,jpeg_compression,5,0.8639,0.7785,0.5882,0.7138
pdraw_spiral,mobilenet_v3_large,V11PE03,1,gaussian_blur,1,0.9844,0.9383,0.9548,0.9062
pdraw_spiral,mobilenet_v3_large,V11PE03,1,gaussian_blur,2,0.9671,0.9375,0.9436,0.8803
pdraw_spiral,mobilenet_v3_large,V11PE03,1,gaussian_blur,3,0.9574,0.9457,0.9449,0.8635
pdraw_spiral,mobilenet_v3_large,V11PE03,1,gaussian_blur,4,0.9518,0.9378,0.9089,0.8265
pdraw_spiral,mobilenet_v3_large,V11PE03,1,gaussian_blur,5,0.9688,0.9311,0.908,0.8452
pdraw_spiral,mobilenet_v3_large,V11PE03,1,gaussian_noise,1,0.9974,0.9998,0.9952,0.9495
pdraw_spiral,mobilenet_v3_large,V11PE03,1,gaussian_noise,2,0.9937,0.817,0.8719,0.9702
pdraw_spiral,mobilenet_v3_large,V11PE03,1,gaussian_noise,3,0.9883,0.8445,0.8361,0.8991
pdraw_spiral,mobilenet_v3_large,V11PE03,1,gaussian_noise,4,0.9853,0.8273,0.8856,0.9182
pdraw_spiral,mobilenet_v3_large,V11PE03,1,gaussian_noise,5,0.9771,0.7454,0.7966,0.8585
pdraw_spiral,mobilenet_v3_large,V11PE03,1,contrast,1,0.991,0.9546,0.9538,0.91
pdraw_spiral,mobilenet_v3_large,V11PE03,1,contrast,2,0.9965,0.9553,0.9721,0.9613
pdraw_spiral,mobilenet_v3_large,V11PE03,1,contrast,3,0.9977,0.9999,0.9967,0.9707
pdraw_spiral,mobilenet_v3_large,V11PE03,1,contrast,4,0.9949,0.8938,0.925,0.9554
pdraw_spiral,mobilenet_v3_large,V11PE03,1,contrast,5,0.984,0.8828,0.8679,0.9076
pdraw_spiral,mobilenet_v3_large,V11PE03,1,brightness,1,0.9897,0.9061,0.899,0.9109
pdraw_spiral,mobilenet_v3_large,V11PE03,1,brightness,2,0.9975,0.9999,0.9915,0.9698
pdraw_spiral,mobilenet_v3_large,V11PE03,1,brightness,3,0.9978,0.9348,0.9906,0.9822
pdraw_spiral,mobilenet_v3_large,V11PE03,1,brightness,4,0.7064,0.6214,0.2005,0.5095
pdraw_spiral,mobilenet_v3_large,V11PE03,1,brightness,5,0.6696,0.5888,0.3109,0.4136
pdraw_spiral,mobilenet_v3_large,V11PE03,1,shadow,1,0.9969,0.9996,0.9886,0.9287
pdraw_spiral,mobilenet_v3_large,V11PE03,1,shadow,2,0.9898,0.9547,0.9516,0.9045
pdraw_spiral,mobilenet_v3_large,V11PE03,1,shadow,3,0.978,0.9548,0.9494,0.9455
pdraw_spiral,mobilenet_v3_large,V11PE03,1,shadow,4,0.9265,0.9263,0.9157,0.9103
pdraw_spiral,mobilenet_v3_large,V11PE03,1,shadow,5,0.9273,0.9258,0.9139,0.8897
pdraw_spiral,mobilenet_v3_large,V11PE03,1,perspective,1,0.9174,0.7647,0.6952,0.7329
pdraw_spiral,mobilenet_v3_large,V11PE03,1,perspective,2,0.8306,0.8016,0.6931,0.6506
pdraw_spiral,mobilenet_v3_large,V11PE03,1,perspective,3,0.7989,0.8137,0.7737,0.5772
pdraw_spiral,mobilenet_v3_large,V11PE03,1,perspective,4,0.7732,0.6856,0.7671,0.4775
pdraw_spiral,mobilenet_v3_large,V11PE03,1,perspective,5,0.6183,0.7416,0.7265,0.4562
pdraw_spiral,mobilenet_v3_large,V11PE03,1,rotation,1,0.6979,0.5435,0.6665,0.3413
pdraw_spiral,mobilenet_v3_large,V11PE03,1,rotation,2,0.6249,0.5076,0.7069,0.3512
pdraw_spiral,mobilenet_v3_large,V11PE03,1,rotation,3,-0.0028,0.1335,0.507,0.1333
pdraw_spiral,mobilenet_v3_large,V11PE03,1,rotation,4,0.1801,0.2051,0.6339,0.2308
pdraw_spiral,mobilenet_v3_large,V11PE03,1,rotation,5,-0.1205,-0.2124,0.5686,0.0767
pdraw_spiral,mobilenet_v3_large,V08PE01,1,jpeg_compression,1,0.8756,0.685,0.7128,0.5265
pdraw_spiral,mobilenet_v3_large,V08PE01,1,jpeg_compression,2,0.3287,0.631,0.5248,0.4469
pdraw_spiral,mobilenet_v3_large,V08PE01,1,jpeg_compression,3,0.1826,0.4272,0.4368,0.3845
pdraw_spiral,mobilenet_v3_large,V08PE01,1,jpeg_compression,4,0.2038,0.4665,0.6204,0.3861
pdraw_spiral,mobilenet_v3_large,V08PE01,1,jpeg_compression,5,0.4047,0.5032,0.1262,0.4283
pdraw_spiral,mobilenet_v3_large,V08PE01,1,gaussian_blur,1,0.8771,0.8886,0.9097,0.7613
pdraw_spiral,mobilenet_v3_large,V08PE01,1,gaussian_blur,2,0.5456,0.8656,0.7785,0.6554
pdraw_spiral,mobilenet_v3_large,V08PE01,1,gaussian_blur,3,0.4772,0.6774,0.5455,0.4896
pdraw_spiral,mobilenet_v3_large,V08PE01,1,gaussian_blur,4,0.4567,0.6498,0.5232,0.4541
pdraw_spiral,mobilenet_v3_large,V08PE01,1,gaussian_blur,5,0.4613,0.6323,0.5186,0.4225
pdraw_spiral,mobilenet_v3_large,V08PE01,1,gaussian_noise,1,0.9011,0.5352,0.7609,0.423
pdraw_spiral,mobilenet_v3_large,V08PE01,1,gaussian_noise,2,0.805,0.5916,0.6717,0.3748
pdraw_spiral,mobilenet_v3_large,V08PE01,1,gaussian_noise,3,0.8976,0.4584,0.8004,0.33
pdraw_spiral,mobilenet_v3_large,V08PE01,1,gaussian_noise,4,0.6484,0.3307,0.5519,0.2364
pdraw_spiral,mobilenet_v3_large,V08PE01,1,gaussian_noise,5,0.6716,0.5336,0.6302,0.4204
pdraw_spiral,mobilenet_v3_large,V08PE01,1,contrast,1,0.9358,0.547,0.8355,0.2201
pdraw_spiral,mobilenet_v3_large,V08PE01,1,contrast,2,0.9683,0.7456,0.9085,0.4755
pdraw_spiral,mobilenet_v3_large,V08PE01,1,contrast,3,0.9944,0.8905,0.9562,0.7613
pdraw_spiral,mobilenet_v3_large,V08PE01,1,contrast,4,0.936,0.8127,0.8422,0.5563
pdraw_spiral,mobilenet_v3_large,V08PE01,1,contrast,5,0.8916,0.6448,0.7562,0.5523
pdraw_spiral,mobilenet_v3_large,V08PE01,1,brightness,1,0.9432,0.744,0.8494,0.4755
pdraw_spiral,mobilenet_v3_large,V08PE01,1,brightness,2,0.9641,0.7454,0.8981,0.4755
pdraw_spiral,mobilenet_v3_large,V08PE01,1,brightness,3,0.969,0.8881,0.9,0.7613
pdraw_spiral,mobilenet_v3_large,V08PE01,1,brightness,4,0.2799,0.4077,0.1792,0.3164
pdraw_spiral,mobilenet_v3_large,V08PE01,1,brightness,5,0.2994,0.3987,0.1695,0.2924
pdraw_spiral,mobilenet_v3_large,V08PE01,1,shadow,1,0.9583,0.702,0.8795,0.4091
pdraw_spiral,mobilenet_v3_large,V08PE01,1,shadow,2,0.9358,0.547,0.8355,0.2201
pdraw_spiral,mobilenet_v3_large,V08PE01,1,shadow,3,0.9358,0.547,0.8355,0.2201
pdraw_spiral,mobilenet_v3_large,V08PE01,1,shadow,4,,,0.7481,0.088
pdraw_spiral,mobilenet_v3_large,V08PE01,1,shadow,5,,,0.7481,0.088
pdraw_spiral,mobilenet_v3_large,V08PE01,1,perspective,1,0.7688,0.9059,0.8759,0.7585
pdraw_spiral,mobilenet_v3_large,V08PE01,1,perspective,2,0.5796,0.7139,0.7042,0.4662
pdraw_spiral,mobilenet_v3_large,V08PE01,1,perspective,3,0.4066,0.6955,0.7823,0.4258
pdraw_spiral,mobilenet_v3_large,V08PE01,1,perspective,4,0.2451,0.6481,0.6671,0.3224
pdraw_spiral,mobilenet_v3_large,V08PE01,1,perspective,5,0.237,0.6358,0.6762,0.3248
pdraw_spiral,mobilenet_v3_large,V08PE01,1,rotation,1,0.7365,0.5009,0.7393,0.3101
pdraw_spiral,mobilenet_v3_large,V08PE01,1,rotation,2,0.5434,0.5396,0.7777,0.404
pdraw_spiral,mobilenet_v3_large,V08PE01,1,rotation,3,-0.0968,-0.1684,0.6102,0.0609
pdraw_spiral,mobilenet_v3_large,V08PE01,1,rotation,4,-0.0193,0.1809,0.6582,0.2058
pdraw_spiral,mobilenet_v3_large,V08PE01,1,rotation,5,-0.0472,-0.0086,0.6207,0.1138
pdraw_spiral,mobilenet_v3_large,V06PE01,1,jpeg_compression,1,0.9536,0.8972,0.8546,0.755
pdraw_spiral,mobilenet_v3_large,V06PE01,1,jpeg_compression,2,0.8333,0.8739,0.8142,0.6009
pdraw_spiral,mobilenet_v3_large,V06PE01,1,jpeg_compression,3,0.817,0.8167,0.745,0.5731
pdraw_spiral,mobilenet_v3_large,V06PE01,1,jpeg_compression,4,0.6316,0.6455,0.5709,0.4182
pdraw_spiral,mobilenet_v3_large,V06PE01,1,jpeg_compression,5,0.6184,0.5834,0.4233,0.4012
pdraw_spiral,mobilenet_v3_large,V06PE01,1,gaussian_blur,1,0.6602,0.735,0.7115,0.3897
pdraw_spiral,mobilenet_v3_large,V06PE01,1,gaussian_blur,2,0.6368,0.7454,0.6676,0.3436
pdraw_spiral,mobilenet_v3_large,V06PE01,1,gaussian_blur,3,0.6177,0.721,0.6569,0.372
pdraw_spiral,mobilenet_v3_large,V06PE01,1,gaussian_blur,4,0.7184,0.7386,0.6795,0.5082
pdraw_spiral,mobilenet_v3_large,V06PE01,1,gaussian_blur,5,0.7129,0.6615,0.5271,0.4885
pdraw_spiral,mobilenet_v3_large,V06PE01,1,gaussian_noise,1,0.9244,0.9356,0.8918,0.6747
pdraw_spiral,mobilenet_v3_large,V06PE01,1,gaussian_noise,2,0.9535,0.9218,0.8961,0.7816
pdraw_spiral,mobilenet_v3_large,V06PE01,1,gaussian_noise,3,0.8706,0.8572,0.7616,0.5816
pdraw_spiral,mobilenet_v3_large,V06PE01,1,gaussian_noise,4,0.835,0.8003,0.6911,0.5214
pdraw_spiral,mobilenet_v3_large,V06PE01,1,gaussian_noise,5,0.7904,0.7273,0.7179,0.4988
pdraw_spiral,mobilenet_v3_large,V06PE01,1,contrast,1,0.6222,0.9078,0.7336,0.5071
pdraw_spiral,mobilenet_v3_large,V06PE01,1,contrast,2,0.7319,0.9189,0.7771,0.5649
pdraw_spiral,mobilenet_v3_large,V06PE01,1,contrast,3,0.8949,0.9547,0.8665,0.6553
pdraw_spiral,mobilenet_v3_large,V06PE01,1,contrast,4,0.9597,0.9723,0.9427,0.7877
pdraw_spiral,mobilenet_v3_large,V06PE01,1,contrast,5,0.9458,0.9463,0.9195,0.7716
pdraw_spiral,mobilenet_v3_large,V06PE01,1,brightness,1,0.9527,0.9476,0.9186,0.8034
pdraw_spiral,mobilenet_v3_large,V06PE01,1,brightness,2,0.9532,0.9627,0.9153,0.7642
pdraw_spiral,mobilenet_v3_large,V06PE01,1,brightness,3,0.9775,0.9768,0.9684,0.8606
pdraw_spiral,mobilenet_v3_large,V06PE01,1,brightness,4,0.6217,0.7026,0.4311,0.4288
pdraw_spiral,mobilenet_v3_large,V06PE01,1,brightness,5,0.4904,0.5335,0.3704,0.3302
pdraw_spiral,mobilenet_v3_large,V06PE01,1,shadow,1,0.9698,0.997,0.9781,0.8415
pdraw_spiral,mobilenet_v3_large,V06PE01,1,shadow,2,0.9195,0.993,0.94,0.7854
pdraw_spiral,mobilenet_v3_large,V06PE01,1,shadow,3,0.8998,0.9881,0.9128,0.7094
pdraw_spiral,mobilenet_v3_large,V06PE01,1,shadow,4,0.9176,0.9115,0.8789,0.7242
pdraw_spiral,mobilenet_v3_large,V06PE01,1,shadow,5,0.8333,0.8747,0.8217,0.5888
pdraw_spiral,mobilenet_v3_large,V06PE01,1,perspective,1,0.6831,0.948,0.7989,0.5582
pdraw_spiral,mobilenet_v3_large,V06PE01,1,perspective,2,0.7062,0.8851,0.8123,0.5461
pdraw_spiral,mobilenet_v3_large,V06PE01,1,perspective,3,0.7941,0.7366,0.7583,0.5049
pdraw_spiral,mobilenet_v3_large,V06PE01,1,perspective,4,0.7794,0.594,0.703,0.5153
pdraw_spiral,mobilenet_v3_large,V06PE01,1,perspective,5,0.6672,0.4817,0.5667,0.4099
pdraw_spiral,mobilenet_v3_large,V06PE01,1,rotation,1,0.3364,0.4556,0.6641,0.2679
pdraw_spiral,mobilenet_v3_large,V06PE01,1,rotation,2,0.4067,0.1901,0.4904,0.2146
pdraw_spiral,mobilenet_v3_large,V06PE01,1,rotation,3,0.1096,0.145,0.4782,0.2139
pdraw_spiral,mobilenet_v3_large,V06PE01,1,rotation,4,-0.1939,-0.3475,0.3706,0.0157
pdraw_spiral,mobilenet_v3_large,V06PE01,1,rotation,5,0.0707,-0.063,0.4537,0.1222
pdraw_spiral,mobilenet_v3_large,V03PE07,1,jpeg_compression,1,0.9818,0.9796,0.981,0.7984
pdraw_spiral,mobilenet_v3_large,V03PE07,1,jpeg_compression,2,0.9024,0.8882,0.9162,0.697
pdraw_spiral,mobilenet_v3_large,V03PE07,1,jpeg_compression,3,0.9135,0.9126,0.8995,0.6752
pdraw_spiral,mobilenet_v3_large,V03PE07,1,jpeg_compression,4,0.882,0.8894,0.8172,0.6513
pdraw_spiral,mobilenet_v3_large,V03PE07,1,jpeg_compression,5,0.8332,0.8462,0.8321,0.5423
pdraw_spiral,mobilenet_v3_large,V03PE07,1,gaussian_blur,1,0.9343,0.917,0.9395,0.6827
pdraw_spiral,mobilenet_v3_large,V03PE07,1,gaussian_blur,2,0.8565,0.8463,0.8881,0.5656
pdraw_spiral,mobilenet_v3_large,V03PE07,1,gaussian_blur,3,0.8244,0.7984,0.8814,0.4627
pdraw_spiral,mobilenet_v3_large,V03PE07,1,gaussian_blur,4,0.8406,0.8099,0.8835,0.5547
pdraw_spiral,mobilenet_v3_large,V03PE07,1,gaussian_blur,5,0.8473,0.8162,0.8734,0.5281
pdraw_spiral,mobilenet_v3_large,V03PE07,1,gaussian_noise,1,0.9739,0.9726,0.971,0.7499
pdraw_spiral,mobilenet_v3_large,V03PE07,1,gaussian_noise,2,0.9199,0.9169,0.9235,0.6643
pdraw_spiral,mobilenet_v3_large,V03PE07,1,gaussian_noise,3,0.9158,0.913,0.9287,0.675
pdraw_spiral,mobilenet_v3_large,V03PE07,1,gaussian_noise,4,0.8792,0.8871,0.9051,0.6246
pdraw_spiral,mobilenet_v3_large,V03PE07,1,gaussian_noise,5,0.7966,0.7909,0.8242,0.6132
pdraw_spiral,mobilenet_v3_large,V03PE07,1,contrast,1,0.9691,0.9657,0.9645,0.8297
pdraw_spiral,mobilenet_v3_large,V03PE07,1,contrast,2,0.9882,0.9859,0.9856,0.8988
pdraw_spiral,mobilenet_v3_large,V03PE07,1,contrast,3,0.9963,0.996,0.9951,0.9326
pdraw_spiral,mobilenet_v3_large,V03PE07,1,contrast,4,0.9893,0.9839,0.9913,0.8745
pdraw_spiral,mobilenet_v3_large,V03PE07,1,contrast,5,0.9756,0.9681,0.9765,0.8181
pdraw_spiral,mobilenet_v3_large,V03PE07,1,brightness,1,0.8822,0.8766,0.9158,0.5701
pdraw_spiral,mobilenet_v3_large,V03PE07,1,brightness,2,0.9192,0.9095,0.9435,0.5983
pdraw_spiral,mobilenet_v3_large,V03PE07,1,brightness,3,0.9654,0.9563,0.9764,0.7227
pdraw_spiral,mobilenet_v3_large,V03PE07,1,brightness,4,0.8653,0.8812,0.8745,0.6788
pdraw_spiral,mobilenet_v3_large,V03PE07,1,brightness,5,0.6826,0.6903,0.749,0.4551
pdraw_spiral,mobilenet_v3_large,V03PE07,1,shadow,1,0.9731,0.9685,0.9846,0.7329
pdraw_spiral,mobilenet_v3_large,V03PE07,1,shadow,2,0.9208,0.9155,0.9472,0.5996
pdraw_spiral,mobilenet_v3_large,V03PE07,1,shadow,3,0.8394,0.8611,0.9097,0.5184
pdraw_spiral,mobilenet_v3_large,V03PE07,1,shadow,4,0.7826,0.8154,0.8416,0.4317
pdraw_spiral,mobilenet_v3_large,V03PE07,1,shadow,5,0.7655,0.7981,0.8087,0.4054
pdraw_spiral,mobilenet_v3_large,V03PE07,1,perspective,1,0.8256,0.8157,0.8614,0.5351
pdraw_spiral,mobilenet_v3_large,V03PE07,1,perspective,2,0.7159,0.6622,0.7313,0.409
pdraw_spiral,mobilenet_v3_large,V03PE07,1,perspective,3,0.7471,0.7237,0.5783,0.4453
pdraw_spiral,mobilenet_v3_large,V03PE07,1,perspective,4,0.6171,0.5433,0.5495,0.3937
pdraw_spiral,mobilenet_v3_large,V03PE07,1,perspective,5,0.6206,0.5635,0.5681,0.3921
pdraw_spiral,mobilenet_v3_large,V03PE07,1,rotation,1,0.7781,0.7583,0.6548,0.5119
pdraw_spiral,mobilenet_v3_large,V03PE07,1,rotation,2,0.7871,0.788,0.5669,0.5226
pdraw_spiral,mobilenet_v3_large,V03PE07,1,rotation,3,0.5033,0.5038,0.4751,0.3019
pdraw_spiral,mobilenet_v3_large,V03PE07,1,rotation,4,0.4569,0.4479,0.3997,0.2721
pdraw_spiral,mobilenet_v3_large,V03PE07,1,rotation,5,0.0137,0.0883,0.2367,0.0826
pdraw_wave,resnet50,V09HO01,0,jpeg_compression,1,0.989,0.9772,0.9388,0.7591
pdraw_wave,resnet50,V09HO01,0,jpeg_compression,2,0.989,0.9283,0.9038,0.7384
pdraw_wave,resnet50,V09HO01,0,jpeg_compression,3,0.9481,0.933,0.8415,0.7071
pdraw_wave,resnet50,V09HO01,0,jpeg_compression,4,0.8169,0.8233,0.6923,0.595
pdraw_wave,resnet50,V09HO01,0,jpeg_compression,5,0.3205,0.734,0.6064,0.4338
pdraw_wave,resnet50,V09HO01,0,gaussian_blur,1,0.9547,0.9115,0.8536,0.4893
pdraw_wave,resnet50,V09HO01,0,gaussian_blur,2,0.9326,0.8864,0.808,0.4799
pdraw_wave,resnet50,V09HO01,0,gaussian_blur,3,0.9221,0.7375,0.7,0.3336
pdraw_wave,resnet50,V09HO01,0,gaussian_blur,4,0.9141,0.7043,0.6867,0.341
pdraw_wave,resnet50,V09HO01,0,gaussian_blur,5,0.9034,0.6455,0.6453,0.4224
pdraw_wave,resnet50,V09HO01,0,gaussian_noise,1,0.9777,0.9437,0.9183,0.6858
pdraw_wave,resnet50,V09HO01,0,gaussian_noise,2,0.9632,0.8657,0.7946,0.5547
pdraw_wave,resnet50,V09HO01,0,gaussian_noise,3,0.939,0.8012,0.733,0.48
pdraw_wave,resnet50,V09HO01,0,gaussian_noise,4,0.8955,0.6768,0.6608,0.3004
pdraw_wave,resnet50,V09HO01,0,gaussian_noise,5,0.8975,0.5835,0.626,0.319
pdraw_wave,resnet50,V09HO01,0,contrast,1,0.9906,0.9632,0.9298,0.7582
pdraw_wave,resnet50,V09HO01,0,contrast,2,0.9834,0.9704,0.9288,0.7625
pdraw_wave,resnet50,V09HO01,0,contrast,3,0.9966,0.9954,0.9809,0.8717
pdraw_wave,resnet50,V09HO01,0,contrast,4,0.9881,0.9702,0.954,0.7767
pdraw_wave,resnet50,V09HO01,0,contrast,5,0.9455,0.9503,0.8711,0.7439
pdraw_wave,resnet50,V09HO01,0,brightness,1,0.8538,0.8625,0.7067,0.6183
pdraw_wave,resnet50,V09HO01,0,brightness,2,0.8964,0.9095,0.751,0.6447
pdraw_wave,resnet50,V09HO01,0,brightness,3,0.9589,0.9703,0.8881,0.7293
pdraw_wave,resnet50,V09HO01,0,brightness,4,0.8924,0.7485,0.6525,0.5844
pdraw_wave,resnet50,V09HO01,0,brightness,5,0.9249,0.8402,0.7444,0.6179
pdraw_wave,resnet50,V09HO01,0,shadow,1,0.9509,0.9542,0.84,0.7004
pdraw_wave,resnet50,V09HO01,0,shadow,2,0.894,0.8636,0.7153,0.5883
pdraw_wave,resnet50,V09HO01,0,shadow,3,0.8396,0.7182,0.6653,0.3218
pdraw_wave,resnet50,V09HO01,0,shadow,4,0.7323,0.5546,0.5692,0.2054
pdraw_wave,resnet50,V09HO01,0,shadow,5,0.5321,0.3844,0.4848,0.1437
pdraw_wave,resnet50,V09HO01,0,perspective,1,0.3508,0.689,0.4886,0.3946
pdraw_wave,resnet50,V09HO01,0,perspective,2,0.4093,0.8196,0.5986,0.4288
pdraw_wave,resnet50,V09HO01,0,perspective,3,0.4058,0.7614,0.5743,0.3706
pdraw_wave,resnet50,V09HO01,0,perspective,4,0.4749,0.8601,0.6035,0.4982
pdraw_wave,resnet50,V09HO01,0,perspective,5,0.3804,0.6205,0.465,0.3283
pdraw_wave,resnet50,V09HO01,0,rotation,1,0.1614,0.2751,0.3585,0.2215
pdraw_wave,resnet50,V09HO01,0,rotation,2,0.3542,0.221,0.4337,0.1648
pdraw_wave,resnet50,V09HO01,0,rotation,3,0.043,0.2011,0.3145,0.0931
pdraw_wave,resnet50,V09HO01,0,rotation,4,0.0004,-0.0565,0.2767,0.054
pdraw_wave,resnet50,V09HO01,0,rotation,5,0.4183,0.4006,0.4471,0.2888
pdraw_wave,resnet50,V55HO10,0,jpeg_compression,1,0.9853,0.8553,0.8534,0.8259
pdraw_wave,resnet50,V55HO10,0,jpeg_compression,2,0.7954,0.8146,0.7488,0.521
pdraw_wave,resnet50,V55HO10,0,jpeg_compression,3,0.9235,0.791,0.7592,0.5257
pdraw_wave,resnet50,V55HO10,0,jpeg_compression,4,0.4618,0.3982,0.4348,0.32
pdraw_wave,resnet50,V55HO10,0,jpeg_compression,5,0.2367,0.4404,0.5231,0.2502
pdraw_wave,resnet50,V55HO10,0,gaussian_blur,1,0.7836,0.4828,0.5308,0.4694
pdraw_wave,resnet50,V55HO10,0,gaussian_blur,2,0.8103,0.422,0.5191,0.4908
pdraw_wave,resnet50,V55HO10,0,gaussian_blur,3,0.4719,0.231,0.3952,0.3287
pdraw_wave,resnet50,V55HO10,0,gaussian_blur,4,0.6303,0.218,0.4107,0.3859
pdraw_wave,resnet50,V55HO10,0,gaussian_blur,5,0.708,0.2814,0.446,0.3922
pdraw_wave,resnet50,V55HO10,0,gaussian_noise,1,0.9292,0.9205,0.7906,0.6733
pdraw_wave,resnet50,V55HO10,0,gaussian_noise,2,0.468,0.6901,0.671,0.3562
pdraw_wave,resnet50,V55HO10,0,gaussian_noise,3,0.8509,0.6682,0.7196,0.4697
pdraw_wave,resnet50,V55HO10,0,gaussian_noise,4,0.734,0.2688,0.5343,0.3454
pdraw_wave,resnet50,V55HO10,0,gaussian_noise,5,0.5804,0.3574,0.4768,0.3267
pdraw_wave,resnet50,V55HO10,0,contrast,1,0.8717,0.7845,0.7642,0.7275
pdraw_wave,resnet50,V55HO10,0,contrast,2,0.9559,0.7959,0.8064,0.8319
pdraw_wave,resnet50,V55HO10,0,contrast,3,0.9851,0.8851,0.9194,0.9049
pdraw_wave,resnet50,V55HO10,0,contrast,4,0.9741,0.8943,0.8524,0.6904
pdraw_wave,resnet50,V55HO10,0,contrast,5,0.9386,0.8043,0.7648,0.5796
pdraw_wave,resnet50,V55HO10,0,brightness,1,0.9685,0.8711,0.7817,0.7186
pdraw_wave,resnet50,V55HO10,0,brightness,2,0.9911,0.8505,0.8565,0.8469
pdraw_wave,resnet50,V55HO10,0,brightness,3,0.9885,0.9435,0.8834,0.8616
pdraw_wave,resnet50,V55HO10,0,brightness,4,0.1383,0.2667,0.4796,0.1636
pdraw_wave,resnet50,V55HO10,0,brightness,5,0.3545,0.3192,0.4627,0.1873
pdraw_wave,resnet50,V55HO10,0,shadow,1,0.9906,0.9518,0.9089,0.8778
pdraw_wave,resnet50,V55HO10,0,shadow,2,0.9451,0.9255,0.8289,0.6514
pdraw_wave,resnet50,V55HO10,0,shadow,3,0.8303,0.8636,0.6237,0.5001
pdraw_wave,resnet50,V55HO10,0,shadow,4,0.6752,0.7397,0.5669,0.4099
pdraw_wave,resnet50,V55HO10,0,shadow,5,0.582,0.6603,0.5166,0.343
pdraw_wave,resnet50,V55HO10,0,perspective,1,0.779,0.3635,0.51,0.3607
pdraw_wave,resnet50,V55HO10,0,perspective,2,0.5718,0.3745,0.4833,0.2711
pdraw_wave,resnet50,V55HO10,0,perspective,3,0.2733,0.3158,0.4681,0.2037
pdraw_wave,resnet50,V55HO10,0,perspective,4,0.3387,0.4145,0.5637,0.2612
pdraw_wave,resnet50,V55HO10,0,perspective,5,0.5852,0.4957,0.5343,0.3063
pdraw_wave,resnet50,V55HO10,0,rotation,1,0.1384,0.1873,0.348,0.179
pdraw_wave,resnet50,V55HO10,0,rotation,2,-0.0831,-0.1457,0.2673,0.0638
pdraw_wave,resnet50,V55HO10,0,rotation,3,0.2595,0.3268,0.21,0.1572
pdraw_wave,resnet50,V55HO10,0,rotation,4,-0.2162,-0.1238,0.1102,0.0918
pdraw_wave,resnet50,V55HO10,0,rotation,5,-0.2325,-0.3948,0.1783,0.0112
pdraw_wave,resnet50,V08HO01,0,jpeg_compression,1,0.9988,0.9752,0.9867,0.9213
pdraw_wave,resnet50,V08HO01,0,jpeg_compression,2,0.9974,0.9654,0.9815,0.8571
pdraw_wave,resnet50,V08HO01,0,jpeg_compression,3,0.9908,0.9335,0.9669,0.8435
pdraw_wave,resnet50,V08HO01,0,jpeg_compression,4,0.9793,0.9189,0.8957,0.6158
pdraw_wave,resnet50,V08HO01,0,jpeg_compression,5,0.7851,0.5851,0.5844,0.3755
pdraw_wave,resnet50,V08HO01,0,gaussian_blur,1,0.9848,0.9036,0.9208,0.742
pdraw_wave,resnet50,V08HO01,0,gaussian_blur,2,0.974,0.7372,0.8145,0.5144
pdraw_wave,resnet50,V08HO01,0,gaussian_blur,3,0.9759,0.6325,0.7644,0.5338
pdraw_wave,resnet50,V08HO01,0,gaussian_blur,4,0.9721,0.6915,0.7611,0.5389
pdraw_wave,resnet50,V08HO01,0,gaussian_blur,5,0.9643,0.7225,0.7511,0.4913
pdraw_wave,resnet50,V08HO01,0,gaussian_noise,1,0.9862,0.8852,0.8932,0.7354
pdraw_wave,resnet50,V08HO01,0,gaussian_noise,2,0.9808,0.8545,0.9076,0.7072
pdraw_wave,resnet50,V08HO01,0,gaussian_noise,3,0.9894,0.9031,0.9429,0.8075
pdraw_wave,resnet50,V08HO01,0,gaussian_noise,4,0.9724,0.7085,0.8433,0.605
pdraw_wave,resnet50,V08HO01,0,gaussian_noise,5,0.9682,0.721,0.8385,0.6071
pdraw_wave,resnet50,V08HO01,0,contrast,1,0.9848,0.7831,0.9012,0.7058
pdraw_wave,resnet50,V08HO01,0,contrast,2,0.9956,0.9206,0.9409,0.729
pdraw_wave,resnet50,V08HO01,0,contrast,3,0.9965,0.9443,0.9508,0.744
pdraw_wave,resnet50,V08HO01,0,contrast,4,0.9838,0.99,0.9447,0.8117
pdraw_wave,resnet50,V08HO01,0,contrast,5,0.9791,0.9505,0.929,0.7885
pdraw_wave,resnet50,V08HO01,0,brightness,1,0.9583,0.9473,0.931,0.8224
pdraw_wave,resnet50,V08HO01,0,brightness,2,0.9797,0.9397,0.959,0.8611
pdraw_wave,resnet50,V08HO01,0,brightness,3,0.9955,0.9439,0.9809,0.9278
pdraw_wave,resnet50,V08HO01,0,brightness,4,0.9215,0.8054,0.8354,0.5858
pdraw_wave,resnet50,V08HO01,0,brightness,5,0.8621,0.7707,0.8147,0.5669
pdraw_wave,resnet50,V08HO01,0,shadow,1,0.9945,0.9421,0.9712,0.9089
pdraw_wave,resnet50,V08HO01,0,shadow,2,0.9687,0.9541,0.9332,0.7689
pdraw_wave,resnet50,V08HO01,0,shadow,3,0.9714,0.9395,0.8938,0.7639
pdraw_wave,resnet50,V08HO01,0,shadow,4,0.9599,0.9337,0.8702,0.7513
pdraw_wave,resnet50,V08HO01,0,shadow,5,0.9511,0.8411,0.8434,0.6514
pdraw_wave,resnet50,V08HO01,0,perspective,1,0.1439,0.7738,0.6072,0.4387
pdraw_wave,resnet50,V08HO01,0,perspective,2,0.7075,0.8671,0.6503,0.471
pdraw_wave,resnet50,V08HO01,0,perspective,3,0.7252,0.8299,0.5802,0.4965
pdraw_wave,resnet50,V08HO01,0,perspective,4,0.4858,0.72,0.5346,0.3545
pdraw_wave,resnet50,V08HO01,0,perspective,5,0.0596,0.4542,0.4465,0.0779
pdraw_wave,resnet50,V08HO01,0,rotation,1,0.132,0.5656,0.3393,0.2883
pdraw_wave,resnet50,V08HO01,0,rotation,2,0.191,0.565,0.4484,0.274
pdraw_wave,resnet50,V08HO01,0,rotation,3,-0.0257,0.2689,0.2466,0.0969
pdraw_wave,resnet50,V08HO01,0,rotation,4,0.5857,0.6307,0.322,0.5027
pdraw_wave,resnet50,V08HO01,0,rotation,5,0.0995,-0.0291,0.3097,0.0606
pdraw_wave,resnet50,V07HO01,0,jpeg_compression,1,0.9502,0.9945,0.9417,0.8595
pdraw_wave,resnet50,V07HO01,0,jpeg_compression,2,0.8444,0.903,0.8064,0.6101
pdraw_wave,resnet50,V07HO01,0,jpeg_compression,3,0.8456,0.9123,0.8128,0.5965
pdraw_wave,resnet50,V07HO01,0,jpeg_compression,4,0.5864,0.8013,0.687,0.39
pdraw_wave,resnet50,V07HO01,0,jpeg_compression,5,0.2225,0.5587,0.5923,0.2801
pdraw_wave,resnet50,V07HO01,0,gaussian_blur,1,0.8235,0.9305,0.8309,0.6621
pdraw_wave,resnet50,V07HO01,0,gaussian_blur,2,0.8304,0.8567,0.807,0.6358
pdraw_wave,resnet50,V07HO01,0,gaussian_blur,3,0.7605,0.857,0.781,0.6193
pdraw_wave,resnet50,V07HO01,0,gaussian_blur,4,0.74,0.7925,0.7311,0.5829
pdraw_wave,resnet50,V07HO01,0,gaussian_blur,5,0.6885,0.847,0.6816,0.5273
pdraw_wave,resnet50,V07HO01,0,gaussian_noise,1,0.9602,0.9605,0.8891,0.7818
pdraw_wave,resnet50,V07HO01,0,gaussian_noise,2,0.7829,0.8258,0.7754,0.6686
pdraw_wave,resnet50,V07HO01,0,gaussian_noise,3,0.9379,0.9073,0.8126,0.7241
pdraw_wave,resnet50,V07HO01,0,gaussian_noise,4,0.6383,0.7285,0.6667,0.4091
pdraw_wave,resnet50,V07HO01,0,gaussian_noise,5,0.73,0.8341,0.7165,0.4525
pdraw_wave,resnet50,V07HO01,0,contrast,1,0.762,0.9189,0.7412,0.6822
pdraw_wave,resnet50,V07HO01,0,contrast,2,0.9327,0.9548,0.8526,0.773
pdraw_wave,resnet50,V07HO01,0,contrast,3,0.9077,0.9658,0.8636,0.8713
pdraw_wave,resnet50,V07HO01,0,contrast,4,0.9345,0.9233,0.8543,0.7599
pdraw_wave,resnet50,V07HO01,0,contrast,5,0.8573,0.7858,0.753,0.6782
pdraw_wave,resnet50,V07HO01,0,brightness,1,0.6289,0.8281,0.6603,0.527
pdraw_wave,resnet50,V07HO01,0,brightness,2,0.6961,0.8386,0.7193,0.5898
pdraw_wave,resnet50,V07HO01,0,brightness,3,0.7858,0.8041,0.7438,0.691
pdraw_wave,resnet50,V07HO01,0,brightness,4,0.4911,0.6428,0.5998,0.2245
pdraw_wave,resnet50,V07HO01,0,brightness,5,0.357,0.453,0.4841,0.205
pdraw_wave,resnet50,V07HO01,0,shadow,1,0.7684,0.9412,0.8291,0.6108
pdraw_wave,resnet50,V07HO01,0,shadow,2,0.722,0.6913,0.6061,0.5609
pdraw_wave,resnet50,V07HO01,0,shadow,3,0.5518,0.5146,0.5212,0.3355
pdraw_wave,resnet50,V07HO01,0,shadow,4,0.5612,0.4984,0.5086,0.3174
pdraw_wave,resnet50,V07HO01,0,shadow,5,0.4301,0.4387,0.4629,0.2473
pdraw_wave,resnet50,V07HO01,0,perspective,1,0.7182,0.8617,0.6748,0.519
pdraw_wave,resnet50,V07HO01,0,perspective,2,0.5014,0.6774,0.5702,0.362
pdraw_wave,resnet50,V07HO01,0,perspective,3,0.3834,0.47,0.5809,0.2721
pdraw_wave,resnet50,V07HO01,0,perspective,4,0.4077,0.5486,0.5064,0.2411
pdraw_wave,resnet50,V07HO01,0,perspective,5,0.3226,0.3842,0.5066,0.1385
pdraw_wave,resnet50,V07HO01,0,rotation,1,0.3729,0.3535,0.4114,0.3191
pdraw_wave,resnet50,V07HO01,0,rotation,2,0.4741,0.2323,0.3647,0.2536
pdraw_wave,resnet50,V07HO01,0,rotation,3,0.1469,0.1923,0.1936,0.1818
pdraw_wave,resnet50,V07HO01,0,rotation,4,0.116,-0.0388,0.2409,0.1333
pdraw_wave,resnet50,V07HO01,0,rotation,5,0.3331,0.2753,0.2144,0.2132
pdraw_wave,resnet50,V55HO11,0,jpeg_compression,1,0.9607,0.9804,0.9293,0.5809
pdraw_wave,resnet50,V55HO11,0,jpeg_compression,2,0.9519,0.9673,0.8398,0.638
pdraw_wave,resnet50,V55HO11,0,jpeg_compression,3,0.9359,0.9623,0.8603,0.7176
pdraw_wave,resnet50,V55HO11,0,jpeg_compression,4,0.767,0.8074,0.6188,0.5468
pdraw_wave,resnet50,V55HO11,0,jpeg_compression,5,0.517,0.6079,0.4778,0.2732
pdraw_wave,resnet50,V55HO11,0,gaussian_blur,1,0.7005,0.7433,0.6256,0.4125
pdraw_wave,resnet50,V55HO11,0,gaussian_blur,2,0.7271,0.7418,0.5843,0.4215
pdraw_wave,resnet50,V55HO11,0,gaussian_blur,3,0.5804,0.6427,0.5139,0.2973
pdraw_wave,resnet50,V55HO11,0,gaussian_blur,4,0.517,0.5817,0.4591,0.2051
pdraw_wave,resnet50,V55HO11,0,gaussian_blur,5,0.448,0.5461,0.5443,0.1799
pdraw_wave,resnet50,V55HO11,0,gaussian_noise,1,0.8927,0.8919,0.7567,0.5713
pdraw_wave,resnet50,V55HO11,0,gaussian_noise,2,0.7805,0.8524,0.6753,0.5459
pdraw_wave,resnet50,V55HO11,0,gaussian_noise,3,0.6137,0.6671,0.5057,0.3574
pdraw_wave,resnet50,V55HO11,0,gaussian_noise,4,0.8008,0.7782,0.5863,0.6032
pdraw_wave,resnet50,V55HO11,0,gaussian_noise,5,0.7759,0.7053,0.5092,0.6613
pdraw_wave,resnet50,V55HO11,0,contrast,1,0.2115,0.3649,0.4574,0.185
pdraw_wave,resnet50,V55HO11,0,contrast,2,0.4425,0.5627,0.5454,0.2537
pdraw_wave,resnet50,V55HO11,0,contrast,3,0.9311,0.9197,0.7826,0.6528
pdraw_wave,resnet50,V55HO11,0,contrast,4,0.9493,0.9645,0.8405,0.6548
pdraw_wave,resnet50,V55HO11,0,contrast,5,0.928,0.9535,0.7935,0.6052
pdraw_wave,resnet50,V55HO11,0,brightness,1,0.6685,0.7096,0.546,0.3384
pdraw_wave,resnet50,V55HO11,0,brightness,2,0.8176,0.8115,0.7164,0.5972
pdraw_wave,resnet50,V55HO11,0,brightness,3,0.9472,0.9277,0.8278,0.6572
pdraw_wave,resnet50,V55HO11,0,brightness,4,0.3557,0.398,0.5286,0.1944
pdraw_wave,resnet50,V55HO11,0,brightness,5,0.3701,0.4686,0.5267,0.1977
pdraw_wave,resnet50,V55HO11,0,shadow,1,0.9596,0.9358,0.8258,0.7315
pdraw_wave,resnet50,V55HO11,0,shadow,2,0.8367,0.8267,0.6484,0.4585
pdraw_wave,resnet50,V55HO11,0,shadow,3,0.7291,0.7111,0.5237,0.3876
pdraw_wave,resnet50,V55HO11,0,shadow,4,0.7113,0.6711,0.5007,0.3754
pdraw_wave,resnet50,V55HO11,0,shadow,5,0.6914,0.6339,0.469,0.3444
pdraw_wave,resnet50,V55HO11,0,perspective,1,0.4481,0.5458,0.5667,0.3343
pdraw_wave,resnet50,V55HO11,0,perspective,2,0.707,0.7348,0.6277,0.467
pdraw_wave,resnet50,V55HO11,0,perspective,3,0.7966,0.7978,0.7103,0.5217
pdraw_wave,resnet50,V55HO11,0,perspective,4,0.7499,0.7685,0.6229,0.4807
pdraw_wave,resnet50,V55HO11,0,perspective,5,0.5802,0.7078,0.5653,0.2815
pdraw_wave,resnet50,V55HO11,0,rotation,1,0.5741,0.5747,0.4602,0.3551
pdraw_wave,resnet50,V55HO11,0,rotation,2,0.245,-0.0486,0.2914,0.2372
pdraw_wave,resnet50,V55HO11,0,rotation,3,-0.0726,-0.0335,0.242,0.0617
pdraw_wave,resnet50,V55HO11,0,rotation,4,-0.1533,-0.2039,0.3079,0.0991
pdraw_wave,resnet50,V55HO11,0,rotation,5,-0.2069,-0.2416,0.2483,0.0422
pdraw_wave,resnet50,V03PO01,1,jpeg_compression,1,0.9796,0.9818,0.9776,0.7451
pdraw_wave,resnet50,V03PO01,1,jpeg_compression,2,0.8957,0.9068,0.903,0.4609
pdraw_wave,resnet50,V03PO01,1,jpeg_compression,3,0.8882,0.89,0.863,0.4192
pdraw_wave,resnet50,V03PO01,1,jpeg_compression,4,0.8232,0.8318,0.8091,0.3245
pdraw_wave,resnet50,V03PO01,1,jpeg_compression,5,0.585,0.5831,0.6396,0.2266
pdraw_wave,resnet50,V03PO01,1,gaussian_blur,1,0.9383,0.9479,0.9083,0.5863
pdraw_wave,resnet50,V03PO01,1,gaussian_blur,2,0.8841,0.8994,0.8574,0.4697
pdraw_wave,resnet50,V03PO01,1,gaussian_blur,3,0.8073,0.8161,0.787,0.3561
pdraw_wave,resnet50,V03PO01,1,gaussian_blur,4,0.7596,0.7665,0.7767,0.2865
pdraw_wave,resnet50,V03PO01,1,gaussian_blur,5,0.6957,0.723,0.7401,0.2405
pdraw_wave,resnet50,V03PO01,1,gaussian_noise,1,0.9705,0.9746,0.9437,0.6509
pdraw_wave,resnet50,V03PO01,1,gaussian_noise,2,0.9234,0.9319,0.9191,0.5829
pdraw_wave,resnet50,V03PO01,1,gaussian_noise,3,0.8094,0.8271,0.7829,0.4421
pdraw_wave,resnet50,V03PO01,1,gaussian_noise,4,0.7352,0.7559,0.7471,0.407
pdraw_wave,resnet50,V03PO01,1,gaussian_noise,5,0.7839,0.7933,0.704,0.3758
pdraw_wave,resnet50,V03PO01,1,contrast,1,0.9023,0.9102,0.8945,0.4828
pdraw_wave,resnet50,V03PO01,1,contrast,2,0.9511,0.9563,0.95,0.6061
pdraw_wave,resnet50,V03PO01,1,contrast,3,0.9832,0.986,0.983,0.7478
pdraw_wave,resnet50,V03PO01,1,contrast,4,0.9865,0.9881,0.9632,0.7889
pdraw_wave,resnet50,V03PO01,1,contrast,5,0.9773,0.9796,0.9532,0.7068
pdraw_wave,resnet50,V03PO01,1,brightness,1,0.913,0.9121,0.9017,0.5038
pdraw_wave,resnet50,V03PO01,1,brightness,2,0.9502,0.9558,0.9443,0.6322
pdraw_wave,resnet50,V03PO01,1,brightness,3,0.9781,0.9788,0.9737,0.7177
pdraw_wave,resnet50,V03PO01,1,brightness,4,0.5317,0.6546,0.4401,0.2053
pdraw_wave,resnet50,V03PO01,1,brightness,5,0.4136,0.5463,0.3849,0.1862
pdraw_wave,resnet50,V03PO01,1,shadow,1,0.9839,0.9835,0.9811,0.7515
pdraw_wave,resnet50,V03PO01,1,shadow,2,0.9383,0.9409,0.9391,0.5745
pdraw_wave,resnet50,V03PO01,1,shadow,3,0.9072,0.9081,0.8723,0.5154
pdraw_wave,resnet50,V03PO01,1,shadow,4,0.9141,0.9206,0.8557,0.568
pdraw_wave,resnet50,V03PO01,1,shadow,5,0.9043,0.912,0.8162,0.5647
pdraw_wave,resnet50,V03PO01,1,perspective,1,0.9079,0.9111,0.8683,0.4753
pdraw_wave,resnet50,V03PO01,1,perspective,2,0.8938,0.9021,0.8327,0.4823
pdraw_wave,resnet50,V03PO01,1,perspective,3,0.8768,0.8991,0.756,0.4826
pdraw_wave,resnet50,V03PO01,1,perspective,4,0.8698,0.8759,0.7296,0.4261
pdraw_wave,resnet50,V03PO01,1,perspective,5,0.872,0.8702,0.799,0.4952
pdraw_wave,resnet50,V03PO01,1,rotation,1,0.7706,0.8082,0.7683,0.4047
pdraw_wave,resnet50,V03PO01,1,rotation,2,0.6719,0.6686,0.676,0.2642
pdraw_wave,resnet50,V03PO01,1,rotation,3,0.539,0.5424,0.5466,0.3198
pdraw_wave,resnet50,V03PO01,1,rotation,4,0.4241,0.4138,0.5844,0.2567
pdraw_wave,resnet50,V03PO01,1,rotation,5,0.2208,0.2229,0.4398,0.1764
pdraw_wave,resnet50,V11PO01,1,jpeg_compression,1,0.995,0.9875,0.9799,0.9125
pdraw_wave,resnet50,V11PO01,1,jpeg_compression,2,0.9782,0.9332,0.8527,0.8011
pdraw_wave,resnet50,V11PO01,1,jpeg_compression,3,0.9128,0.7992,0.6021,0.7007
pdraw_wave,resnet50,V11PO01,1,jpeg_compression,4,0.9676,0.7887,0.7587,0.7081
pdraw_wave,resnet50,V11PO01,1,jpeg_compression,5,0.7041,0.6756,0.6499,0.2413
pdraw_wave,resnet50,V11PO01,1,gaussian_blur,1,0.9802,0.8348,0.8199,0.6798
pdraw_wave,resnet50,V11PO01,1,gaussian_blur,2,0.9647,0.6997,0.7595,0.509
pdraw_wave,resnet50,V11PO01,1,gaussian_blur,3,0.96,0.6246,0.6777,0.4721
pdraw_wave,resnet50,V11PO01,1,gaussian_blur,4,0.9679,0.6933,0.7126,0.6119
pdraw_wave,resnet50,V11PO01,1,gaussian_blur,5,0.9636,0.7115,0.7155,0.6115
pdraw_wave,resnet50,V11PO01,1,gaussian_noise,1,0.9789,0.9598,0.9106,0.7169
pdraw_wave,resnet50,V11PO01,1,gaussian_noise,2,0.9428,0.7353,0.7201,0.523
pdraw_wave,resnet50,V11PO01,1,gaussian_noise,3,0.971,0.8466,0.8253,0.5323
pdraw_wave,resnet50,V11PO01,1,gaussian_noise,4,0.9498,0.8799,0.8409,0.6127
pdraw_wave,resnet50,V11PO01,1,gaussian_noise,5,0.924,0.7358,0.7344,0.4143
pdraw_wave,resnet50,V11PO01,1,contrast,1,0.9908,0.9468,0.9154,0.8459
pdraw_wave,resnet50,V11PO01,1,contrast,2,0.9955,0.9887,0.9716,0.8332
pdraw_wave,resnet50,V11PO01,1,contrast,3,0.9969,0.989,0.9678,0.8675
pdraw_wave,resnet50,V11PO01,1,contrast,4,0.9698,0.9769,0.8537,0.781
pdraw_wave,resnet50,V11PO01,1,contrast,5,0.9111,0.9504,0.6988,0.6809
pdraw_wave,resnet50,V11PO01,1,brightness,1,0.9105,0.9268,0.7738,0.5621
pdraw_wave,resnet50,V11PO01,1,brightness,2,0.9826,0.9535,0.8966,0.6276
pdraw_wave,resnet50,V11PO01,1,brightness,3,0.9798,0.9685,0.8863,0.7321
pdraw_wave,resnet50,V11PO01,1,brightness,4,0.9097,0.7061,0.6125,0.4073
pdraw_wave,resnet50,V11PO01,1,brightness,5,0.8811,0.7177,0.6729,0.3021
pdraw_wave,resnet50,V11PO01,1,shadow,1,0.9915,0.9831,0.9394,0.8404
pdraw_wave,resnet50,V11PO01,1,shadow,2,0.9873,0.9568,0.9018,0.8128
pdraw_wave,resnet50,V11PO01,1,shadow,3,0.8686,0.8822,0.6711,0.7091
pdraw_wave,resnet50,V11PO01,1,shadow,4,0.7015,0.832,0.616,0.5858
pdraw_wave,resnet50,V11PO01,1,shadow,5,0.7857,0.7974,0.6945,0.5456
pdraw_wave,resnet50,V11PO01,1,perspective,1,0.4641,0.8576,0.535,0.5723
pdraw_wave,resnet50,V11PO01,1,perspective,2,0.5473,0.8355,0.6242,0.5568
pdraw_wave,resnet50,V11PO01,1,perspective,3,0.5938,0.8146,0.522,0.5908
pdraw_wave,resnet50,V11PO01,1,perspective,4,0.3182,0.7222,0.5846,0.4542
pdraw_wave,resnet50,V11PO01,1,perspective,5,0.2468,0.6567,0.4788,0.3564
pdraw_wave,resnet50,V11PO01,1,rotation,1,0.2167,0.3421,0.3839,0.1677
pdraw_wave,resnet50,V11PO01,1,rotation,2,0.3804,0.4358,0.4184,0.3909
pdraw_wave,resnet50,V11PO01,1,rotation,3,-0.0916,-0.22,0.2278,0.1103
pdraw_wave,resnet50,V11PO01,1,rotation,4,0.3022,0.0005,0.2764,0.1913
pdraw_wave,resnet50,V11PO01,1,rotation,5,0.1255,-0.0587,0.2207,0.115
pdraw_wave,resnet50,V08PO01,1,jpeg_compression,1,0.9662,0.9229,0.8767,0.7916
pdraw_wave,resnet50,V08PO01,1,jpeg_compression,2,0.6941,0.5818,0.6437,0.3771
pdraw_wave,resnet50,V08PO01,1,jpeg_compression,3,0.812,0.7254,0.6629,0.4159
pdraw_wave,resnet50,V08PO01,1,jpeg_compression,4,0.6627,0.8095,0.6868,0.4529
pdraw_wave,resnet50,V08PO01,1,jpeg_compression,5,0.4792,0.6223,0.4675,0.329
pdraw_wave,resnet50,V08PO01,1,gaussian_blur,1,0.6838,0.8194,0.7436,0.4465
pdraw_wave,resnet50,V08PO01,1,gaussian_blur,2,0.4495,0.63,0.6045,0.2538
pdraw_wave,resnet50,V08PO01,1,gaussian_blur,3,0.4302,0.6497,0.5909,0.2773
pdraw_wave,resnet50,V08PO01,1,gaussian_blur,4,0.324,0.5955,0.5693,0.1848
pdraw_wave,resnet50,V08PO01,1,gaussian_blur,5,0.3302,0.5404,0.51,0.1971
pdraw_wave,resnet50,V08PO01,1,gaussian_noise,1,0.7779,0.8336,0.7057,0.5099
pdraw_wave,resnet50,V08PO01,1,gaussian_noise,2,0.6322,0.7825,0.682,0.4561
pdraw_wave,resnet50,V08PO01,1,gaussian_noise,3,0.8128,0.6997,0.6295,0.5019
pdraw_wave,resnet50,V08PO01,1,gaussian_noise,4,0.8373,0.5962,0.6097,0.6039
pdraw_wave,resnet50,V08PO01,1,gaussian_noise,5,0.7372,0.5189,0.536,0.5022
pdraw_wave,resnet50,V08PO01,1,contrast,1,0.8396,0.7088,0.7024,0.5121
pdraw_wave,resnet50,V08PO01,1,contrast,2,0.9097,0.789,0.8011,0.6834
pdraw_wave,resnet50,V08PO01,1,contrast,3,0.9828,0.9026,0.8891,0.858
pdraw_wave,resnet50,V08PO01,1,contrast,4,0.9346,0.9661,0.9089,0.6777
pdraw_wave,resnet50,V08PO01,1,contrast,5,0.8232,0.8941,0.7721,0.5442
pdraw_wave,resnet50,V08PO01,1,brightness,1,0.8392,0.6298,0.6545,0.5517
pdraw_wave,resnet50,V08PO01,1,brightness,2,0.862,0.6216,0.7062,0.6117
pdraw_wave,resnet50,V08PO01,1,brightness,3,0.935,0.9224,0.8482,0.6573
pdraw_wave,resnet50,V08PO01,1,brightness,4,-0.1143,0.0913,0.3749,0.0805
pdraw_wave,resnet50,V08PO01,1,brightness,5,-0.1413,0.0014,0.3486,0.0458
pdraw_wave,resnet50,V08PO01,1,shadow,1,0.9509,0.9698,0.8948,0.7498
pdraw_wave,resnet50,V08PO01,1,shadow,2,0.8279,0.7801,0.6754,0.6553
pdraw_wave,resnet50,V08PO01,1,shadow,3,0.8763,0.78,0.6676,0.6532
pdraw_wave,resnet50,V08PO01,1,shadow,4,0.7128,0.6593,0.59,0.4614
pdraw_wave,resnet50,V08PO01,1,shadow,5,0.6186,0.6116,0.579,0.415
pdraw_wave,resnet50,V08PO01,1,perspective,1,0.8321,0.795,0.7125,0.5746
pdraw_wave,resnet50,V08PO01,1,perspective,2,0.7253,0.614,0.6004,0.446
pdraw_wave,resnet50,V08PO01,1,perspective,3,0.6918,0.6254,0.631,0.3716
pdraw_wave,resnet50,V08PO01,1,perspective,4,0.746,0.6137,0.6311,0.5019
pdraw_wave,resnet50,V08PO01,1,perspective,5,0.7166,0.6506,0.6745,0.4821
pdraw_wave,resnet50,V08PO01,1,rotation,1,0.4509,0.3052,0.4337,0.2994
pdraw_wave,resnet50,V08PO01,1,rotation,2,0.2773,0.5493,0.497,0.2158
pdraw_wave,resnet50,V08PO01,1,rotation,3,0.0848,0.1064,0.2659,0.1459
pdraw_wave,resnet50,V08PO01,1,rotation,4,0.0648,0.1036,0.3536,0.0895
pdraw_wave,resnet50,V08PO01,1,rotation,5,-0.0456,-0.0185,0.324,0.0485
pdraw_wave,resnet50,V06PO01,1,jpeg_compression,1,0.9934,0.9899,0.9873,0.8842
pdraw_wave,resnet50,V06PO01,1,jpeg_compression,2,0.9494,0.9284,0.9003,0.7473
pdraw_wave,resnet50,V06PO01,1,jpeg_compression,3,0.9331,0.9163,0.9424,0.6287
pdraw_wave,resnet50,V06PO01,1,jpeg_compression,4,0.9388,0.9193,0.9232,0.5526
pdraw_wave,resnet50,V06PO01,1,jpeg_compression,5,0.3112,0.3765,0.6406,0.1478
pdraw_wave,resnet50,V06PO01,1,gaussian_blur,1,0.798,0.7277,0.7555,0.5542
pdraw_wave,resnet50,V06PO01,1,gaussian_blur,2,0.6311,0.5067,0.7088,0.4736
pdraw_wave,resnet50,V06PO01,1,gaussian_blur,3,0.6949,0.5586,0.7203,0.4785
pdraw_wave,resnet50,V06PO01,1,gaussian_blur,4,0.6857,0.5843,0.7675,0.4667
pdraw_wave,resnet50,V06PO01,1,gaussian_blur,5,0.6155,0.5196,0.7288,0.3514
pdraw_wave,resnet50,V06PO01,1,gaussian_noise,1,0.9464,0.9034,0.9306,0.6569
pdraw_wave,resnet50,V06PO01,1,gaussian_noise,2,0.8999,0.8649,0.8984,0.5254
pdraw_wave,resnet50,V06PO01,1,gaussian_noise,3,0.9,0.8533,0.8786,0.6618
pdraw_wave,resnet50,V06PO01,1,gaussian_noise,4,0.8993,0.8182,0.8414,0.7758
pdraw_wave,resnet50,V06PO01,1,gaussian_noise,5,0.8219,0.7352,0.784,0.5036
pdraw_wave,resnet50,V06PO01,1,contrast,1,0.9157,0.8411,0.9024,0.5643
pdraw_wave,resnet50,V06PO01,1,contrast,2,0.9609,0.9307,0.9364,0.7628
pdraw_wave,resnet50,V06PO01,1,contrast,3,0.9835,0.9793,0.9604,0.8537
pdraw_wave,resnet50,V06PO01,1,contrast,4,0.9726,0.9592,0.9694,0.7652
pdraw_wave,resnet50,V06PO01,1,contrast,5,0.9497,0.9206,0.9311,0.7164
pdraw_wave,resnet50,V06PO01,1,brightness,1,0.8766,0.8092,0.8031,0.7171
pdraw_wave,resnet50,V06PO01,1,brightness,2,0.9161,0.9095,0.8654,0.749
pdraw_wave,resnet50,V06PO01,1,brightness,3,0.942,0.939,0.9045,0.8217
pdraw_wave,resnet50,V06PO01,1,brightness,4,0.4169,0.2714,0.471,0.2149
pdraw_wave,resnet50,V06PO01,1,brightness,5,-0.0186,0.1163,0.3222,0.0008
pdraw_wave,resnet50,V06PO01,1,shadow,1,0.966,0.9322,0.9437,0.8561
pdraw_wave,resnet50,V06PO01,1,shadow,2,0.9065,0.8045,0.889,0.671
pdraw_wave,resnet50,V06PO01,1,shadow,3,0.7998,0.6309,0.8102,0.4694
pdraw_wave,resnet50,V06PO01,1,shadow,4,0.7095,0.5129,0.7445,0.3816
pdraw_wave,resnet50,V06PO01,1,shadow,5,0.6129,0.4133,0.6965,0.3426
pdraw_wave,resnet50,V06PO01,1,perspective,1,0.7843,0.7947,0.7889,0.4765
pdraw_wave,resnet50,V06PO01,1,perspective,2,0.7444,0.7705,0.7949,0.4247
pdraw_wave,resnet50,V06PO01,1,perspective,3,0.5862,0.6625,0.6343,0.3816
pdraw_wave,resnet50,V06PO01,1,perspective,4,0.4297,0.4751,0.6,0.2734
pdraw_wave,resnet50,V06PO01,1,perspective,5,0.2521,0.3057,0.6098,0.17
pdraw_wave,resnet50,V06PO01,1,rotation,1,0.1811,0.2431,0.5843,0.1271
pdraw_wave,resnet50,V06PO01,1,rotation,2,0.585,0.4935,0.6778,0.2269
pdraw_wave,resnet50,V06PO01,1,rotation,3,-0.0828,-0.1129,0.5013,0.0727
pdraw_wave,resnet50,V06PO01,1,rotation,4,0.1649,0.2595,0.5511,0.1035
pdraw_wave,resnet50,V06PO01,1,rotation,5,-0.1576,-0.1842,0.5131,0.0787
pdraw_wave,resnet50,V03PO07,1,jpeg_compression,1,0.9936,0.9931,0.985,0.9558
pdraw_wave,resnet50,V03PO07,1,jpeg_compression,2,0.9752,0.967,0.9645,0.8155
pdraw_wave,resnet50,V03PO07,1,jpeg_compression,3,0.9677,0.9625,0.943,0.7642
pdraw_wave,resnet50,V03PO07,1,jpeg_compression,4,0.9113,0.9205,0.8877,0.6338
pdraw_wave,resnet50,V03PO07,1,jpeg_compression,5,0.7778,0.8021,0.781,0.4762
pdraw_wave,resnet50,V03PO07,1,gaussian_blur,1,0.9764,0.9572,0.9541,0.8882
pdraw_wave,resnet50,V03PO07,1,gaussian_blur,2,0.9382,0.9221,0.9144,0.7087
pdraw_wave,resnet50,V03PO07,1,gaussian_blur,3,0.8947,0.8941,0.8521,0.5902
pdraw_wave,resnet50,V03PO07,1,gaussian_blur,4,0.8831,0.8937,0.8668,0.5771
pdraw_wave,resnet50,V03PO07,1,gaussian_blur,5,0.8003,0.8632,0.8314,0.4047
pdraw_wave,resnet50,V03PO07,1,gaussian_noise,1,0.9532,0.9463,0.9262,0.7551
pdraw_wave,resnet50,V03PO07,1,gaussian_noise,2,0.947,0.9486,0.8894,0.7615
pdraw_wave,resnet50,V03PO07,1,gaussian_noise,3,0.8555,0.8257,0.813,0.6687
pdraw_wave,resnet50,V03PO07,1,gaussian_noise,4,0.8194,0.7125,0.7742,0.7739
pdraw_wave,resnet50,V03PO07,1,gaussian_noise,5,0.71,0.62,0.69,0.6074
pdraw_wave,resnet50,V03PO07,1,contrast,1,0.9618,0.9289,0.9299,0.8739
pdraw_wave,resnet50,V03PO07,1,contrast,2,0.9728,0.9568,0.9581,0.8954
pdraw_wave,resnet50,V03PO07,1,contrast,3,0.9958,0.9934,0.9896,0.9497
pdraw_wave,resnet50,V03PO07,1,contrast,4,0.9862,0.9756,0.975,0.8865
pdraw_wave,resnet50,V03PO07,1,contrast,5,0.9687,0.9472,0.9538,0.8294
pdraw_wave,resnet50,V03PO07,1,brightness,1,0.9702,0.9503,0.934,0.9189
pdraw_wave,resnet50,V03PO07,1,brightness,2,0.979,0.9674,0.9533,0.9151
pdraw_wave,resnet50,V03PO07,1,brightness,3,0.9801,0.9716,0.9573,0.9078
pdraw_wave,resnet50,V03PO07,1,brightness,4,0.4679,0.4072,0.5471,0.3372
pdraw_wave,resnet50,V03PO07,1,brightness,5,0.5519,0.4429,0.5258,0.4715
pdraw_wave,resnet50,V03PO07,1,shadow,1,0.9845,0.9796,0.9647,0.9178
pdraw_wave,resnet50,V03PO07,1,shadow,2,0.9692,0.9517,0.9443,0.8941
pdraw_wave,resnet50,V03PO07,1,shadow,3,0.9046,0.8372,0.8547,0.8656
pdraw_wave,resnet50,V03PO07,1,shadow,4,0.6919,0.6592,0.787,0.4769
pdraw_wave,resnet50,V03PO07,1,shadow,5,0.6536,0.6302,0.7813,0.4025
pdraw_wave,resnet50,V03PO07,1,perspective,1,0.9244,0.8665,0.8596,0.7742
pdraw_wave,resnet50,V03PO07,1,perspective,2,0.8972,0.7887,0.8238,0.8309
pdraw_wave,resnet50,V03PO07,1,perspective,3,0.9128,0.8178,0.8267,0.8399
pdraw_wave,resnet50,V03PO07,1,perspective,4,0.9128,0.829,0.832,0.8532
pdraw_wave,resnet50,V03PO07,1,perspective,5,0.8313,0.7611,0.7691,0.6646
pdraw_wave,resnet50,V03PO07,1,rotation,1,0.8286,0.7767,0.794,0.6509
pdraw_wave,resnet50,V03PO07,1,rotation,2,0.831,0.7433,0.7884,0.6369
pdraw_wave,resnet50,V03PO07,1,rotation,3,0.537,0.5119,0.6594,0.365
pdraw_wave,resnet50,V03PO07,1,rotation,4,0.2639,0.2823,0.5642,0.1177
pdraw_wave,resnet50,V03PO07,1,rotation,5,0.2786,0.3502,0.5651,0.1177
pdraw_wave,vgg16,V09HO01,0,jpeg_compression,1,0.9022,0.9559,0.8986,0.6843
pdraw_wave,vgg16,V09HO01,0,jpeg_compression,2,0.8144,0.8114,0.7922,0.5783
pdraw_wave,vgg16,V09HO01,0,jpeg_compression,3,0.8068,0.8622,0.8218,0.6823
pdraw_wave,vgg16,V09HO01,0,jpeg_compression,4,0.5995,0.5924,0.6888,0.4546
pdraw_wave,vgg16,V09HO01,0,jpeg_compression,5,-0.0419,0.075,0.2355,0.0937
pdraw_wave,vgg16,V09HO01,0,gaussian_blur,1,0.6726,0.7783,0.6689,0.5316
pdraw_wave,vgg16,V09HO01,0,gaussian_blur,2,0.3467,0.6573,0.587,0.2722
pdraw_wave,vgg16,V09HO01,0,gaussian_blur,3,0.3418,0.5879,0.5829,0.2943
pdraw_wave,vgg16,V09HO01,0,gaussian_blur,4,0.2262,0.4849,0.5378,0.273
pdraw_wave,vgg16,V09HO01,0,gaussian_blur,5,0.1626,0.3676,0.4591,0.1839
pdraw_wave,vgg16,V09HO01,0,gaussian_noise,1,0.825,0.8787,0.803,0.6317
pdraw_wave,vgg16,V09HO01,0,gaussian_noise,2,0.7432,0.8791,0.7808,0.6329
pdraw_wave,vgg16,V09HO01,0,gaussian_noise,3,0.6784,0.8454,0.7531,0.6042
pdraw_wave,vgg16,V09HO01,0,gaussian_noise,4,0.3652,0.4602,0.6038,0.291
pdraw_wave,vgg16,V09HO01,0,gaussian_noise,5,0.4554,0.3804,0.5991,0.257
pdraw_wave,vgg16,V09HO01,0,contrast,1,0.9027,0.9915,0.9436,0.7666
pdraw_wave,vgg16,V09HO01,0,contrast,2,0.8999,0.9926,0.9419,0.7904
pdraw_wave,vgg16,V09HO01,0,contrast,3,0.8849,0.9895,0.9319,0.7414
pdraw_wave,vgg16,V09HO01,0,contrast,4,0.9553,0.9751,0.9264,0.8186
pdraw_wave,vgg16,V09HO01,0,contrast,5,0.9392,0.9766,0.9339,0.7918
pdraw_wave,vgg16,V09HO01,0,brightness,1,0.7135,0.5317,0.6362,0.5165
pdraw_wave,vgg16,V09HO01,0,brightness,2,0.651,0.5923,0.6535,0.4471
pdraw_wave,vgg16,V09HO01,0,brightness,3,0.5953,0.7163,0.6702,0.4171
pdraw_wave,vgg16,V09HO01,0,brightness,4,0.1077,0.0383,0.2788,0.1729
pdraw_wave,vgg16,V09HO01,0,brightness,5,-0.0103,-0.0141,0.2868,0.1432
pdraw_wave,vgg16,V09HO01,0,shadow,1,0.7076,0.8362,0.7108,0.5745
pdraw_wave,vgg16,V09HO01,0,shadow,2,0.6689,0.7676,0.6905,0.5149
pdraw_wave,vgg16,V09HO01,0,shadow,3,0.5745,0.7245,0.6677,0.4319
pdraw_wave,vgg16,V09HO01,0,shadow,4,0.5062,0.7164,0.6555,0.3775
pdraw_wave,vgg16,V09HO01,0,shadow,5,0.4698,0.6131,0.664,0.4119
pdraw_wave,vgg16,V09HO01,0,perspective,1,0.5046,0.4526,0.5182,0.4092
pdraw_wave,vgg16,V09HO01,0,perspective,2,0.2986,0.2549,0.4712,0.2538
pdraw_wave,vgg16,V09HO01,0,perspective,3,0.1695,0.1194,0.4152,0.1518
pdraw_wave,vgg16,V09HO01,0,perspective,4,0.0339,0.0945,0.4414,0.1416
pdraw_wave,vgg16,V09HO01,0,perspective,5,0.0463,0.1861,0.4694,0.1771
pdraw_wave,vgg16,V09HO01,0,rotation,1,0.4953,0.4408,0.5915,0.3574
pdraw_wave,vgg16,V09HO01,0,rotation,2,-0.0303,0.104,0.4607,0.1206
pdraw_wave,vgg16,V09HO01,0,rotation,3,0.3096,0.2892,0.4401,0.253
pdraw_wave,vgg16,V09HO01,0,rotation,4,-0.1274,-0.1818,0.3517,0.0856
pdraw_wave,vgg16,V09HO01,0,rotation,5,0.1707,0.1235,0.2465,0.1751
pdraw_wave,vgg16,V55HO10,0,jpeg_compression,1,0.7586,0.7865,0.6488,0.5634
pdraw_wave,vgg16,V55HO10,0,jpeg_compression,2,0.8213,0.72,0.7235,0.4643
pdraw_wave,vgg16,V55HO10,0,jpeg_compression,3,0.7303,0.4618,0.5344,0.3314
pdraw_wave,vgg16,V55HO10,0,jpeg_compression,4,0.3128,0.4564,0.392,0.2425
pdraw_wave,vgg16,V55HO10,0,jpeg_compression,5,0.3098,0.3471,0.3467,0.16
pdraw_wave,vgg16,V55HO10,0,gaussian_blur,1,0.377,0.2649,0.4598,0.2228
pdraw_wave,vgg16,V55HO10,0,gaussian_blur,2,0.6776,0.1665,0.4565,0.1983
pdraw_wave,vgg16,V55HO10,0,gaussian_blur,3,0.4712,-0.0168,0.4338,0.0876
pdraw_wave,vgg16,V55HO10,0,gaussian_blur,4,0.4019,0.089,0.4316,0.12
pdraw_wave,vgg16,V55HO10,0,gaussian_blur,5,0.3798,0.2891,0.474,0.1451
pdraw_wave,vgg16,V55HO10,0,gaussian_noise,1,0.9251,0.8193,0.7552,0.6084
pdraw_wave,vgg16,V55HO10,0,gaussian_noise,2,0.6938,0.5055,0.5574,0.3718
pdraw_wave,vgg16,V55HO10,0,gaussian_noise,3,0.7309,0.2741,0.4824,0.1983
pdraw_wave,vgg16,V55HO10,0,gaussian_noise,4,0.4734,0.36,0.4814,0.2577
pdraw_wave,vgg16,V55HO10,0,gaussian_noise,5,0.2062,0.339,0.3932,0.1597
pdraw_wave,vgg16,V55HO10,0,contrast,1,0.5568,0.4659,0.5579,0.2917
pdraw_wave,vgg16,V55HO10,0,contrast,2,0.7014,0.7266,0.6347,0.6238
pdraw_wave,vgg16,V55HO10,0,contrast,3,0.7232,0.7906,0.7138,0.632
pdraw_wave,vgg16,V55HO10,0,contrast,4,0.84,0.8873,0.8064,0.5614
pdraw_wave,vgg16,V55HO10,0,contrast,5,0.7164,0.6787,0.6746,0.3015
pdraw_wave,vgg16,V55HO10,0,brightness,1,0.0451,0.2419,0.4628,0.1251
pdraw_wave,vgg16,V55HO10,0,brightness,2,0.0764,0.1962,0.4858,0.1476
pdraw_wave,vgg16,V55HO10,0,brightness,3,0.7952,0.7562,0.7167,0.3839
pdraw_wave,vgg16,V55HO10,0,brightness,4,0.2218,0.2196,0.3053,0.1356
pdraw_wave,vgg16,V55HO10,0,brightness,5,0.1398,0.2327,0.3364,0.1069
pdraw_wave,vgg16,V55HO10,0,shadow,1,0.6894,0.8145,0.624,0.5551
pdraw_wave,vgg16,V55HO10,0,shadow,2,0.7423,0.5251,0.587,0.3097
pdraw_wave,vgg16,V55HO10,0,shadow,3,0.4699,0.7517,0.6184,0.3781
pdraw_wave,vgg16,V55HO10,0,shadow,4,0.449,0.5667,0.6589,0.3557
pdraw_wave,vgg16,V55HO10,0,shadow,5,0.4435,0.4475,0.5214,0.266
pdraw_wave,vgg16,V55HO10,0,perspective,1,0.6826,0.6894,0.6562,0.4592
pdraw_wave,vgg16,V55HO10,0,perspective,2,0.7821,0.6065,0.638,0.618
pdraw_wave,vgg16,V55HO10,0,perspective,3,0.6029,0.4319,0.5232,0.2499
pdraw_wave,vgg16,V55HO10,0,perspective,4,0.4641,0.3811,0.4625,0.2404
pdraw_wave,vgg16,V55HO10,0,perspective,5,0.438,0.4342,0.5104,0.2861
pdraw_wave,vgg16,V55HO10,0,rotation,1,0.0003,0.2345,0.5186,0.2374
pdraw_wave,vgg16,V55HO10,0,rotation,2,-0.1713,-0.2556,0.2722,0.0377
pdraw_wave,vgg16,V55HO10,0,rotation,3,-0.0259,0.1631,0.3841,0.1677
pdraw_wave,vgg16,V55HO10,0,rotation,4,-0.2081,-0.2514,0.2798,0.0184
pdraw_wave,vgg16,V55HO10,0,rotation,5,-0.1683,-0.044,0.2869,0.0626
pdraw_wave,vgg16,V08HO01,0,jpeg_compression,1,0.996,0.9986,0.9739,0.9559
pdraw_wave,vgg16,V08HO01,0,jpeg_compression,2,0.9488,0.9258,0.8469,0.7141
pdraw_wave,vgg16,V08HO01,0,jpeg_compression,3,0.962,0.9491,0.837,0.8391
pdraw_wave,vgg16,V08HO01,0,jpeg_compression,4,0.9356,0.9561,0.8476,0.7501
pdraw_wave,vgg16,V08HO01,0,jpeg_compression,5,0.7611,0.8702,0.5472,0.488
pdraw_wave,vgg16,V08HO01,0,gaussian_blur,1,0.9401,0.958,0.8678,0.7608
pdraw_wave,vgg16,V08HO01,0,gaussian_blur,2,0.894,0.8392,0.7809,0.6038
pdraw_wave,vgg16,V08HO01,0,gaussian_blur,3,0.9097,0.8779,0.8029,0.6196
pdraw_wave,vgg16,V08HO01,0,gaussian_blur,4,0.8693,0.8814,0.7692,0.6191
pdraw_wave,vgg16,V08HO01,0,gaussian_blur,5,0.879,0.9109,0.7759,0.5996
pdraw_wave,vgg16,V08HO01,0,gaussian_noise,1,0.9754,0.9702,0.8961,0.8315
pdraw_wave,vgg16,V08HO01,0,gaussian_noise,2,0.9323,0.943,0.8326,0.666
pdraw_wave,vgg16,V08HO01,0,gaussian_noise,3,0.8954,0.8919,0.7552,0.6671
pdraw_wave,vgg16,V08HO01,0,gaussian_noise,4,0.7594,0.8052,0.6345,0.4943
pdraw_wave,vgg16,V08HO01,0,gaussian_noise,5,0.8023,0.8596,0.6589,0.5348
pdraw_wave,vgg16,V08HO01,0,contrast,1,0.9633,0.9724,0.8896,0.7562
pdraw_wave,vgg16,V08HO01,0,contrast,2,0.9871,0.9816,0.9422,0.8914
pdraw_wave,vgg16,V08HO01,0,contrast,3,0.9974,0.999,0.9868,0.9484
pdraw_wave,vgg16,V08HO01,0,contrast,4,0.9941,0.9703,0.9343,0.9333
pdraw_wave,vgg16,V08HO01,0,contrast,5,0.9849,0.9655,0.9076,0.8766
pdraw_wave,vgg16,V08HO01,0,brightness,1,0.9089,0.8801,0.8348,0.6894
pdraw_wave,vgg16,V08HO01,0,brightness,2,0.8853,0.9601,0.8226,0.652
pdraw_wave,vgg16,V08HO01,0,brightness,3,0.9438,0.96,0.8607,0.7267
pdraw_wave,vgg16,V08HO01,0,brightness,4,0.6703,0.7692,0.5768,0.398
pdraw_wave,vgg16,V08HO01,0,brightness,5,0.7285,0.8421,0.6369,0.4094
pdraw_wave,vgg16,V08HO01,0,shadow,1,0.9859,0.9831,0.9582,0.8729
pdraw_wave,vgg16,V08HO01,0,shadow,2,0.9614,0.9467,0.8871,0.8163
pdraw_wave,vgg16,V08HO01,0,shadow,3,0.9526,0.954,0.8652,0.7953
pdraw_wave,vgg16,V08HO01,0,shadow,4,0.9448,0.9534,0.8599,0.7722
pdraw_wave,vgg16,V08HO01,0,shadow,5,0.9129,0.9105,0.8052,0.721
pdraw_wave,vgg16,V08HO01,0,perspective,1,0.792,0.8451,0.7388,0.5487
pdraw_wave,vgg16,V08HO01,0,perspective,2,0.7959,0.8287,0.7306,0.4933
pdraw_wave,vgg16,V08HO01,0,perspective,3,0.7649,0.8183,0.6915,0.5168
pdraw_wave,vgg16,V08HO01,0,perspective,4,0.7,0.8025,0.6714,0.4368
pdraw_wave,vgg16,V08HO01,0,perspective,5,0.7292,0.8359,0.709,0.4819
pdraw_wave,vgg16,V08HO01,0,rotation,1,0.8999,0.8533,0.7554,0.687
pdraw_wave,vgg16,V08HO01,0,rotation,2,0.5236,0.6838,0.5462,0.3635
pdraw_wave,vgg16,V08HO01,0,rotation,3,0.8412,0.8815,0.7546,0.6584
pdraw_wave,vgg16,V08HO01,0,rotation,4,0.5658,0.8184,0.6342,0.3985
pdraw_wave,vgg16,V08HO01,0,rotation,5,0.5715,0.4707,0.4818,0.3321
pdraw_wave,vgg16,V07HO01,0,jpeg_compression,1,0.9764,0.9901,0.9576,0.7109
pdraw_wave,vgg16,V07HO01,0,jpeg_compression,2,0.9081,0.8944,0.8554,0.7269
pdraw_wave,vgg16,V07HO01,0,jpeg_compression,3,0.6171,0.629,0.6054,0.4088
pdraw_wave,vgg16,V07HO01,0,jpeg_compression,4,0.52,0.4631,0.4533,0.3656
pdraw_wave,vgg16,V07HO01,0,jpeg_compression,5,-0.1973,-0.2247,0.2017,0.0516
pdraw_wave,vgg16,V07HO01,0,gaussian_blur,1,0.5731,0.6822,0.6684,0.2795
pdraw_wave,vgg16,V07HO01,0,gaussian_blur,2,0.4483,0.6617,0.6023,0.2353
pdraw_wave,vgg16,V07HO01,0,gaussian_blur,3,0.4712,0.63,0.5719,0.2189
pdraw_wave,vgg16,V07HO01,0,gaussian_blur,4,0.4574,0.6262,0.5489,0.2057
pdraw_wave,vgg16,V07HO01,0,gaussian_blur,5,0.3502,0.4777,0.4555,0.2123
pdraw_wave,vgg16,V07HO01,0,gaussian_noise,1,0.7432,0.8142,0.7143,0.4077
pdraw_wave,vgg16,V07HO01,0,gaussian_noise,2,0.1991,0.0575,0.3861,0.0567
pdraw_wave,vgg16,V07HO01,0,gaussian_noise,3,0.5536,0.4373,0.5299,0.3224
pdraw_wave,vgg16,V07HO01,0,gaussian_noise,4,0.2997,0.0831,0.4462,0.15
pdraw_wave,vgg16,V07HO01,0,gaussian_noise,5,0.4107,0.4388,0.4523,0.3313
pdraw_wave,vgg16,V07HO01,0,contrast,1,0.5717,0.6947,0.6499,0.3693
pdraw_wave,vgg16,V07HO01,0,contrast,2,0.7558,0.8562,0.7437,0.6132
pdraw_wave,vgg16,V07HO01,0,contrast,3,0.9465,0.9654,0.8981,0.7095
pdraw_wave,vgg16,V07HO01,0,contrast,4,0.5568,0.7773,0.6459,0.3004
pdraw_wave,vgg16,V07HO01,0,contrast,5,0.6319,0.8402,0.7129,0.3716
pdraw_wave,vgg16,V07HO01,0,brightness,1,0.608,0.7565,0.6543,0.3769
pdraw_wave,vgg16,V07HO01,0,brightness,2,0.6198,0.788,0.6606,0.3255
pdraw_wave,vgg16,V07HO01,0,brightness,3,0.7533,0.864,0.7614,0.4041
pdraw_wave,vgg16,V07HO01,0,brightness,4,-0.184,-0.2781,0.243,0.0486
pdraw_wave,vgg16,V07HO01,0,brightness,5,-0.0986,-0.2138,0.2253,0.0714
pdraw_wave,vgg16,V07HO01,0,shadow,1,0.8729,0.9441,0.8656,0.5015
pdraw_wave,vgg16,V07HO01,0,shadow,2,0.7628,0.8623,0.7529,0.4304
pdraw_wave,vgg16,V07HO01,0,shadow,3,0.737,0.8509,0.7483,0.4536
pdraw_wave,vgg16,V07HO01,0,shadow,4,0.6835,0.8107,0.7056,0.4583
pdraw_wave,vgg16,V07HO01,0,shadow,5,0.483,0.6849,0.58,0.2936
pdraw_wave,vgg16,V07HO01,0,perspective,1,0.4303,0.5102,0.489,0.3124
pdraw_wave,vgg16,V07HO01,0,perspective,2,0.3527,0.4469,0.4831,0.2313
pdraw_wave,vgg16,V07HO01,0,perspective,3,0.4102,0.4657,0.5379,0.215
pdraw_wave,vgg16,V07HO01,0,perspective,4,0.3645,0.3513,0.4893,0.1657
pdraw_wave,vgg16,V07HO01,0,perspective,5,0.1943,0.2848,0.4169,0.1502
pdraw_wave,vgg16,V07HO01,0,rotation,1,0.177,0.1206,0.385,0.1095
pdraw_wave,vgg16,V07HO01,0,rotation,2,-0.181,-0.3512,0.2796,0.0469
pdraw_wave,vgg16,V07HO01,0,rotation,3,-0.3387,-0.3062,0.1361,0.0
pdraw_wave,vgg16,V07HO01,0,rotation,4,-0.1536,-0.0852,0.2474,0.0721
pdraw_wave,vgg16,V07HO01,0,rotation,5,0.0812,-0.0542,0.2456,0.1207
pdraw_wave,vgg16,V55HO11,0,jpeg_compression,1,0.9911,0.9899,0.952,0.9018
pdraw_wave,vgg16,V55HO11,0,jpeg_compression,2,0.9595,0.9315,0.8012,0.7695
pdraw_wave,vgg16,V55HO11,0,jpeg_compression,3,0.9619,0.8958,0.7867,0.9267
pdraw_wave,vgg16,V55HO11,0,jpeg_compression,4,0.8771,0.6886,0.553,0.7094
pdraw_wave,vgg16,V55HO11,0,jpeg_compression,5,0.6817,0.4179,0.409,0.5062
pdraw_wave,vgg16,V55HO11,0,gaussian_blur,1,0.7808,0.8458,0.6888,0.5452
pdraw_wave,vgg16,V55HO11,0,gaussian_blur,2,0.4934,0.5629,0.4441,0.309
pdraw_wave,vgg16,V55HO11,0,gaussian_blur,3,0.3626,0.5447,0.3944,0.2671
pdraw_wave,vgg16,V55HO11,0,gaussian_blur,4,0.5312,0.6675,0.4706,0.41
pdraw_wave,vgg16,V55HO11,0,gaussian_blur,5,0.5312,0.6925,0.4585,0.3962
pdraw_wave,vgg16,V55HO11,0,gaussian_noise,1,0.9288,0.8746,0.7747,0.7072
pdraw_wave,vgg16,V55HO11,0,gaussian_noise,2,0.9392,0.8566,0.7655,0.846
pdraw_wave,vgg16,V55HO11,0,gaussian_noise,3,0.9023,0.7479,0.546,0.8219
pdraw_wave,vgg16,V55HO11,0,gaussian_noise,4,0.8247,0.6095,0.4456,0.7578
pdraw_wave,vgg16,V55HO11,0,gaussian_noise,5,0.8624,0.6659,0.4842,0.7756
pdraw_wave,vgg16,V55HO11,0,contrast,1,0.8966,0.8785,0.6149,0.8016
pdraw_wave,vgg16,V55HO11,0,contrast,2,0.9406,0.8975,0.7165,0.79
pdraw_wave,vgg16,V55HO11,0,contrast,3,0.9725,0.8944,0.8076,0.8799
pdraw_wave,vgg16,V55HO11,0,contrast,4,0.9652,0.9617,0.8771,0.9089
pdraw_wave,vgg16,V55HO11,0,contrast,5,0.9314,0.9419,0.8449,0.8285
pdraw_wave,vgg16,V55HO11,0,brightness,1,0.7015,0.7472,0.5857,0.3877
pdraw_wave,vgg16,V55HO11,0,brightness,2,0.7901,0.8349,0.6763,0.4857
pdraw_wave,vgg16,V55HO11,0,brightness,3,0.898,0.9237,0.7329,0.5981
pdraw_wave,vgg16,V55HO11,0,brightness,4,0.6671,0.7,0.5381,0.3027
pdraw_wave,vgg16,V55HO11,0,brightness,5,0.5415,0.6396,0.5259,0.2352
pdraw_wave,vgg16,V55HO11,0,shadow,1,0.9033,0.9366,0.7433,0.6448
pdraw_wave,vgg16,V55HO11,0,shadow,2,0.8649,0.9206,0.6865,0.5844
pdraw_wave,vgg16,V55HO11,0,shadow,3,0.7521,0.8402,0.6524,0.4709
pdraw_wave,vgg16,V55HO11,0,shadow,4,0.7325,0.8148,0.6468,0.4311
pdraw_wave,vgg16,V55HO11,0,shadow,5,0.6662,0.7688,0.6091,0.3868
pdraw_wave,vgg16,V55HO11,0,perspective,1,0.926,0.8967,0.7471,0.7633
pdraw_wave,vgg16,V55HO11,0,perspective,2,0.6983,0.7598,0.57,0.5177
pdraw_wave,vgg16,V55HO11,0,perspective,3,0.7774,0.858,0.6309,0.5917
pdraw_wave,vgg16,V55HO11,0,perspective,4,0.8036,0.8242,0.625,0.6701
pdraw_wave,vgg16,V55HO11,0,perspective,5,0.8117,0.8165,0.5991,0.6408
pdraw_wave,vgg16,V55HO11,0,rotation,1,0.8636,0.7625,0.4935,0.7869
pdraw_wave,vgg16,V55HO11,0,rotation,2,0.3025,0.4233,0.4168,0.2992
pdraw_wave,vgg16,V55HO11,0,rotation,3,0.7876,0.6399,0.4669,0.6397
pdraw_wave,vgg16,V55HO11,0,rotation,4,-0.1711,-0.1229,0.174,0.0548
pdraw_wave,vgg16,V55HO11,0,rotation,5,0.525,0.3934,0.3557,0.3649
pdraw_wave,vgg16,V03PO01,1,jpeg_compression,1,0.9596,0.9514,0.9064,0.6689
pdraw_wave,vgg16,V03PO01,1,jpeg_compression,2,0.9329,0.9186,0.8318,0.6216
pdraw_wave,vgg16,V03PO01,1,jpeg_compression,3,0.8381,0.7085,0.6383,0.5763
pdraw_wave,vgg16,V03PO01,1,jpeg_compression,4,0.6837,0.6025,0.3662,0.4453
pdraw_wave,vgg16,V03PO01,1,jpeg_compression,5,-0.2901,-0.2592,0.1679,0.0479
pdraw_wave,vgg16,V03PO01,1,gaussian_blur,1,0.8864,0.8448,0.7568,0.6447
pdraw_wave,vgg16,V03PO01,1,gaussian_blur,2,0.7767,0.7016,0.6661,0.4606
pdraw_wave,vgg16,V03PO01,1,gaussian_blur,3,0.6268,0.5823,0.5691,0.3029
pdraw_wave,vgg16,V03PO01,1,gaussian_blur,4,0.5974,0.4903,0.5402,0.2988
pdraw_wave,vgg16,V03PO01,1,gaussian_blur,5,0.3555,0.3586,0.4192,0.1505
pdraw_wave,vgg16,V03PO01,1,gaussian_noise,1,0.9664,0.9689,0.9371,0.7179
pdraw_wave,vgg16,V03PO01,1,gaussian_noise,2,0.8559,0.8802,0.7827,0.4641
pdraw_wave,vgg16,V03PO01,1,gaussian_noise,3,0.392,0.5074,0.5,0.2427
pdraw_wave,vgg16,V03PO01,1,gaussian_noise,4,0.053,0.0748,0.3342,0.1448
pdraw_wave,vgg16,V03PO01,1,gaussian_noise,5,-0.1861,-0.1872,0.2301,0.0775
pdraw_wave,vgg16,V03PO01,1,contrast,1,0.8421,0.8461,0.7119,0.4644
pdraw_wave,vgg16,V03PO01,1,contrast,2,0.9068,0.8892,0.8147,0.5749
pdraw_wave,vgg16,V03PO01,1,contrast,3,0.973,0.9601,0.8982,0.6937
pdraw_wave,vgg16,V03PO01,1,contrast,4,0.9532,0.9333,0.8592,0.6747
pdraw_wave,vgg16,V03PO01,1,contrast,5,0.9396,0.9238,0.8355,0.6895
pdraw_wave,vgg16,V03PO01,1,brightness,1,0.8147,0.6402,0.568,0.5351
pdraw_wave,vgg16,V03PO01,1,brightness,2,0.8837,0.7922,0.6449,0.5794
pdraw_wave,vgg16,V03PO01,1,brightness,3,0.8584,0.7891,0.6828,0.4833
pdraw_wave,vgg16,V03PO01,1,brightness,4,-0.1464,-0.0715,0.2551,0.0273
pdraw_wave,vgg16,V03PO01,1,brightness,5,-0.1872,-0.1302,0.2958,0.0327
pdraw_wave,vgg16,V03PO01,1,shadow,1,0.8683,0.8451,0.6877,0.4696
pdraw_wave,vgg16,V03PO01,1,shadow,2,0.7897,0.8084,0.6081,0.4891
pdraw_wave,vgg16,V03PO01,1,shadow,3,0.7715,0.7628,0.5429,0.5321
pdraw_wave,vgg16,V03PO01,1,shadow,4,0.6271,0.6888,0.4678,0.4872
pdraw_wave,vgg16,V03PO01,1,shadow,5,0.4512,0.4603,0.4611,0.5094
pdraw_wave,vgg16,V03PO01,1,perspective,1,0.0429,0.0699,0.3128,0.1442
pdraw_wave,vgg16,V03PO01,1,perspective,2,-0.1443,-0.2267,0.2262,0.0438
pdraw_wave,vgg16,V03PO01,1,perspective,3,-0.2205,-0.2815,0.2107,0.0348
pdraw_wave,vgg16,V03PO01,1,perspective,4,-0.3286,-0.4244,0.2032,0.0053
pdraw_wave,vgg16,V03PO01,1,perspective,5,-0.3163,-0.4821,0.1603,0.0085
pdraw_wave,vgg16,V03PO01,1,rotation,1,-0.0651,-0.1246,0.2457,0.0592
pdraw_wave,vgg16,V03PO01,1,rotation,2,-0.2078,-0.117,0.3275,0.0249
pdraw_wave,vgg16,V03PO01,1,rotation,3,-0.3092,-0.3801,0.2293,0.0
pdraw_wave,vgg16,V03PO01,1,rotation,4,-0.1965,-0.1302,0.2355,0.0443
pdraw_wave,vgg16,V03PO01,1,rotation,5,-0.2493,-0.1424,0.3919,0.0643
pdraw_wave,vgg16,V11PO01,1,jpeg_compression,1,0.9699,0.9816,0.9298,0.867
pdraw_wave,vgg16,V11PO01,1,jpeg_compression,2,0.8479,0.871,0.7762,0.7293
pdraw_wave,vgg16,V11PO01,1,jpeg_compression,3,0.8202,0.9509,0.809,0.6197
pdraw_wave,vgg16,V11PO01,1,jpeg_compression,4,0.8041,0.8615,0.7892,0.5918
pdraw_wave,vgg16,V11PO01,1,jpeg_compression,5,0.5434,0.5552,0.4491,0.4048
pdraw_wave,vgg16,V11PO01,1,gaussian_blur,1,0.7729,0.6969,0.6814,0.5922
pdraw_wave,vgg16,V11PO01,1,gaussian_blur,2,0.8084,0.8472,0.709,0.6938
pdraw_wave,vgg16,V11PO01,1,gaussian_blur,3,0.5325,0.4251,0.5159,0.3291
pdraw_wave,vgg16,V11PO01,1,gaussian_blur,4,0.486,0.4285,0.5543,0.3646
pdraw_wave,vgg16,V11PO01,1,gaussian_blur,5,0.5764,0.6635,0.6026,0.5215
pdraw_wave,vgg16,V11PO01,1,gaussian_noise,1,0.8418,0.9777,0.7997,0.6707
pdraw_wave,vgg16,V11PO01,1,gaussian_noise,2,0.6116,0.661,0.6375,0.3773
pdraw_wave,vgg16,V11PO01,1,gaussian_noise,3,0.52,0.5568,0.5632,0.4073
pdraw_wave,vgg16,V11PO01,1,gaussian_noise,4,0.6258,0.8177,0.6366,0.4726
pdraw_wave,vgg16,V11PO01,1,gaussian_noise,5,0.6435,0.7707,0.6218,0.469
pdraw_wave,vgg16,V11PO01,1,contrast,1,0.7307,0.8424,0.6579,0.6668
pdraw_wave,vgg16,V11PO01,1,contrast,2,0.8952,0.9467,0.7987,0.7711
pdraw_wave,vgg16,V11PO01,1,contrast,3,0.9652,0.9936,0.9321,0.8496
pdraw_wave,vgg16,V11PO01,1,contrast,4,0.8627,0.9376,0.8295,0.6693
pdraw_wave,vgg16,V11PO01,1,contrast,5,0.8784,0.9407,0.8268,0.6701
pdraw_wave,vgg16,V11PO01,1,brightness,1,0.5066,0.4536,0.5075,0.3692
pdraw_wave,vgg16,V11PO01,1,brightness,2,0.3547,0.4626,0.495,0.2711
pdraw_wave,vgg16,V11PO01,1,brightness,3,0.7745,0.7861,0.6776,0.5449
pdraw_wave,vgg16,V11PO01,1,brightness,4,0.4693,0.5727,0.5143,0.355
pdraw_wave,vgg16,V11PO01,1,brightness,5,0.3123,0.6983,0.5084,0.2801
pdraw_wave,vgg16,V11PO01,1,shadow,1,0.8138,0.9117,0.7286,0.6502
pdraw_wave,vgg16,V11PO01,1,shadow,2,0.8371,0.8148,0.6904,0.6346
pdraw_wave,vgg16,V11PO01,1,shadow,3,0.7903,0.7971,0.6855,0.5766
pdraw_wave,vgg16,V11PO01,1,shadow,4,0.7411,0.7799,0.677,0.5221
pdraw_wave,vgg16,V11PO01,1,shadow,5,0.7284,0.7452,0.6307,0.5016
pdraw_wave,vgg16,V11PO01,1,perspective,1,0.7323,0.8164,0.6505,0.5756
pdraw_wave,vgg16,V11PO01,1,perspective,2,0.7047,0.8791,0.6861,0.5355
pdraw_wave,vgg16,V11PO01,1,perspective,3,0.6625,0.8284,0.6184,0.5373
pdraw_wave,vgg16,V11PO01,1,perspective,4,0.5111,0.7535,0.6122,0.3623
pdraw_wave,vgg16,V11PO01,1,perspective,5,0.6424,0.7131,0.5975,0.4776
pdraw_wave,vgg16,V11PO01,1,rotation,1,0.5591,0.7179,0.5679,0.5091
pdraw_wave,vgg16,V11PO01,1,rotation,2,0.4575,0.484,0.5565,0.4155
pdraw_wave,vgg16,V11PO01,1,rotation,3,0.382,0.4653,0.4181,0.2772
pdraw_wave,vgg16,V11PO01,1,rotation,4,0.0512,0.1293,0.3836,0.1688
pdraw_wave,vgg16,V11PO01,1,rotation,5,0.2321,0.2423,0.271,0.2001
pdraw_wave,vgg16,V08PO01,1,jpeg_compression,1,0.8515,0.6794,0.8943,0.3478
pdraw_wave,vgg16,V08PO01,1,jpeg_compression,2,0.5289,0.6704,0.8675,0.3436
pdraw_wave,vgg16,V08PO01,1,jpeg_compression,3,0.8581,0.5747,0.786,0.3286
pdraw_wave,vgg16,V08PO01,1,jpeg_compression,4,0.1233,0.1356,0.6132,0.2267
pdraw_wave,vgg16,V08PO01,1,jpeg_compression,5,0.0709,0.1816,0.3527,0.1
pdraw_wave,vgg16,V08PO01,1,gaussian_blur,1,0.9406,0.9997,0.9704,1.0
pdraw_wave,vgg16,V08PO01,1,gaussian_blur,2,0.1975,0.2217,0.7442,0.335
pdraw_wave,vgg16,V08PO01,1,gaussian_blur,3,0.2456,0.4385,0.7434,0.3482
pdraw_wave,vgg16,V08PO01,1,gaussian_blur,4,0.9047,0.7006,0.8947,0.4713
pdraw_wave,vgg16,V08PO01,1,gaussian_blur,5,0.081,0.3134,0.8162,0.3529
pdraw_wave,vgg16,V08PO01,1,gaussian_noise,1,0.838,0.6479,0.9399,0.5312
pdraw_wave,vgg16,V08PO01,1,gaussian_noise,2,0.6727,0.7947,0.902,0.6265
pdraw_wave,vgg16,V08PO01,1,gaussian_noise,3,0.4703,0.548,0.8115,0.2708
pdraw_wave,vgg16,V08PO01,1,gaussian_noise,4,0.3443,0.4783,0.7101,0.2491
pdraw_wave,vgg16,V08PO01,1,gaussian_noise,5,0.3621,0.4687,0.5333,0.2561
pdraw_wave,vgg16,V08PO01,1,contrast,1,-0.0445,-0.0758,0.8525,0.3022
pdraw_wave,vgg16,V08PO01,1,contrast,2,0.5936,0.7998,0.9448,0.6265
pdraw_wave,vgg16,V08PO01,1,contrast,3,0.9722,0.8361,0.9592,0.5449
pdraw_wave,vgg16,V08PO01,1,contrast,4,0.5817,0.7493,0.9045,0.4935
pdraw_wave,vgg16,V08PO01,1,contrast,5,0.3889,0.6299,0.8391,0.3093
pdraw_wave,vgg16,V08PO01,1,brightness,1,-0.033,0.0711,0.7431,0.0829
pdraw_wave,vgg16,V08PO01,1,brightness,2,0.1276,0.4456,0.7786,0.2027
pdraw_wave,vgg16,V08PO01,1,brightness,3,0.3484,0.4966,0.8042,0.2436
pdraw_wave,vgg16,V08PO01,1,brightness,4,0.0783,0.1616,0.3609,0.0506
pdraw_wave,vgg16,V08PO01,1,brightness,5,-0.0274,0.0986,0.3818,0.0137
pdraw_wave,vgg16,V08PO01,1,shadow,1,0.6901,0.6987,0.9004,0.3642
pdraw_wave,vgg16,V08PO01,1,shadow,2,0.0792,0.2601,0.7861,0.2355
pdraw_wave,vgg16,V08PO01,1,shadow,3,0.084,0.1529,0.7941,0.1843
pdraw_wave,vgg16,V08PO01,1,shadow,4,0.0482,0.145,0.7889,0.1843
pdraw_wave,vgg16,V08PO01,1,shadow,5,-0.0305,0.1584,0.8151,0.2405
pdraw_wave,vgg16,V08PO01,1,perspective,1,0.3367,0.5197,0.7896,0.1766
pdraw_wave,vgg16,V08PO01,1,perspective,2,0.6532,0.2127,0.7597,0.1295
pdraw_wave,vgg16,V08PO01,1,perspective,3,0.3067,0.1991,0.7637,0.122
pdraw_wave,vgg16,V08PO01,1,perspective,4,0.3018,0.21,0.7862,0.1297
pdraw_wave,vgg16,V08PO01,1,perspective,5,0.619,0.2282,0.7722,0.1266
pdraw_wave,vgg16,V08PO01,1,rotation,1,0.0388,0.2773,0.8042,0.2405
pdraw_wave,vgg16,V08PO01,1,rotation,2,-0.1137,-0.2045,0.6559,0.0434
pdraw_wave,vgg16,V08PO01,1,rotation,3,-0.0234,-0.0356,0.6128,0.2114
pdraw_wave,vgg16,V08PO01,1,rotation,4,-0.1359,-0.267,0.5208,0.0789
pdraw_wave,vgg16,V08PO01,1,rotation,5,-0.0903,-0.0447,0.3706,0.1091
pdraw_wave,vgg16,V06PO01,1,jpeg_compression,1,0.988,0.9909,0.9107,0.8325
pdraw_wave,vgg16,V06PO01,1,jpeg_compression,2,0.9155,0.9536,0.8602,0.5941
pdraw_wave,vgg16,V06PO01,1,jpeg_compression,3,0.8671,0.9021,0.7339,0.5987
pdraw_wave,vgg16,V06PO01,1,jpeg_compression,4,0.8461,0.8714,0.6723,0.546
pdraw_wave,vgg16,V06PO01,1,jpeg_compression,5,-0.1063,-0.1853,0.1526,0.0673
pdraw_wave,vgg16,V06PO01,1,gaussian_blur,1,0.9487,0.9697,0.9227,0.6505
pdraw_wave,vgg16,V06PO01,1,gaussian_blur,2,0.8789,0.9037,0.7803,0.4658
pdraw_wave,vgg16,V06PO01,1,gaussian_blur,3,0.7128,0.7322,0.6419,0.4246
pdraw_wave,vgg16,V06PO01,1,gaussian_blur,4,0.7164,0.7168,0.6009,0.455
pdraw_wave,vgg16,V06PO01,1,gaussian_blur,5,0.5403,0.4522,0.4745,0.3552
pdraw_wave,vgg16,V06PO01,1,gaussian_noise,1,0.957,0.9703,0.8657,0.7374
pdraw_wave,vgg16,V06PO01,1,gaussian_noise,2,0.7694,0.7609,0.6395,0.61
pdraw_wave,vgg16,V06PO01,1,gaussian_noise,3,0.6945,0.6893,0.5689,0.4979
pdraw_wave,vgg16,V06PO01,1,gaussian_noise,4,0.172,0.269,0.2985,0.1598
pdraw_wave,vgg16,V06PO01,1,gaussian_noise,5,-0.0107,0.0411,0.245,0.1017
pdraw_wave,vgg16,V06PO01,1,contrast,1,0.9044,0.9486,0.754,0.6378
pdraw_wave,vgg16,V06PO01,1,contrast,2,0.9488,0.9681,0.8715,0.7199
pdraw_wave,vgg16,V06PO01,1,contrast,3,0.9839,0.9893,0.9558,0.8183
pdraw_wave,vgg16,V06PO01,1,contrast,4,0.7472,0.8539,0.7436,0.3437
pdraw_wave,vgg16,V06PO01,1,contrast,5,0.761,0.8569,0.7489,0.3673
pdraw_wave,vgg16,V06PO01,1,brightness,1,0.5184,0.5301,0.4322,0.2885
pdraw_wave,vgg16,V06PO01,1,brightness,2,0.6356,0.6712,0.5238,0.3465
pdraw_wave,vgg16,V06PO01,1,brightness,3,0.8199,0.8632,0.7374,0.5046
pdraw_wave,vgg16,V06PO01,1,brightness,4,-0.1425,-0.1169,0.1534,0.0453
pdraw_wave,vgg16,V06PO01,1,brightness,5,-0.1081,-0.128,0.1555,0.1052
pdraw_wave,vgg16,V06PO01,1,shadow,1,0.9183,0.9455,0.8273,0.5905
pdraw_wave,vgg16,V06PO01,1,shadow,2,0.837,0.8624,0.7261,0.4935
pdraw_wave,vgg16,V06PO01,1,shadow,3,0.5749,0.6582,0.556,0.3089
pdraw_wave,vgg16,V06PO01,1,shadow,4,0.4125,0.5098,0.4689,0.2114
pdraw_wave,vgg16,V06PO01,1,shadow,5,0.3414,0.1768,0.3348,0.2624
pdraw_wave,vgg16,V06PO01,1,perspective,1,0.5944,0.4666,0.4888,0.3628
pdraw_wave,vgg16,V06PO01,1,perspective,2,0.414,0.3206,0.3846,0.2632
pdraw_wave,vgg16,V06PO01,1,perspective,3,0.5487,0.5406,0.4677,0.287
pdraw_wave,vgg16,V06PO01,1,perspective,4,0.4845,0.49,0.4173,0.2949
pdraw_wave,vgg16,V06PO01,1,perspective,5,0.2981,0.2573,0.325,0.21
pdraw_wave,vgg16,V06PO01,1,rotation,1,0.6462,0.6373,0.4608,0.4335
pdraw_wave,vgg16,V06PO01,1,rotation,2,0.3232,0.2782,0.34,0.2218
pdraw_wave,vgg16,V06PO01,1,rotation,3,-0.0186,0.048,0.2637,0.1009
pdraw_wave,vgg16,V06PO01,1,rotation,4,0.2638,0.2408,0.3527,0.2142
pdraw_wave,vgg16,V06PO01,1,rotation,5,-0.0454,0.1528,0.2535,0.0575
pdraw_wave,vgg16,V03PO07,1,jpeg_compression,1,0.9765,0.9784,0.9603,0.7947
pdraw_wave,vgg16,V03PO07,1,jpeg_compression,2,0.7777,0.8553,0.7507,0.3707
pdraw_wave,vgg16,V03PO07,1,jpeg_compression,3,0.7296,0.8301,0.6568,0.3201
pdraw_wave,vgg16,V03PO07,1,jpeg_compression,4,0.9102,0.917,0.7279,0.5781
pdraw_wave,vgg16,V03PO07,1,jpeg_compression,5,0.0859,0.1046,0.3898,0.1502
pdraw_wave,vgg16,V03PO07,1,gaussian_blur,1,0.7275,0.7251,0.5519,0.396
pdraw_wave,vgg16,V03PO07,1,gaussian_blur,2,0.727,0.747,0.5633,0.3635
pdraw_wave,vgg16,V03PO07,1,gaussian_blur,3,0.6975,0.7108,0.4743,0.3307
pdraw_wave,vgg16,V03PO07,1,gaussian_blur,4,0.689,0.6972,0.4393,0.3405
pdraw_wave,vgg16,V03PO07,1,gaussian_blur,5,0.5122,0.5821,0.3921,0.2269
pdraw_wave,vgg16,V03PO07,1,gaussian_noise,1,0.9015,0.8968,0.7871,0.6866
pdraw_wave,vgg16,V03PO07,1,gaussian_noise,2,0.6068,0.5289,0.4155,0.3126
pdraw_wave,vgg16,V03PO07,1,gaussian_noise,3,0.4089,0.3528,0.3899,0.2715
pdraw_wave,vgg16,V03PO07,1,gaussian_noise,4,0.2908,0.2393,0.3148,0.2488
pdraw_wave,vgg16,V03PO07,1,gaussian_noise,5,0.3481,0.2929,0.3617,0.1971
pdraw_wave,vgg16,V03PO07,1,contrast,1,0.8234,0.8509,0.6405,0.4472
pdraw_wave,vgg16,V03PO07,1,contrast,2,0.8484,0.9037,0.6617,0.4892
pdraw_wave,vgg16,V03PO07,1,contrast,3,0.9125,0.9527,0.8046,0.5701
pdraw_wave,vgg16,V03PO07,1,contrast,4,0.8417,0.8761,0.7959,0.5039
pdraw_wave,vgg16,V03PO07,1,contrast,5,0.6835,0.7176,0.6662,0.3222
pdraw_wave,vgg16,V03PO07,1,brightness,1,0.5232,0.5453,0.5818,0.1743
pdraw_wave,vgg16,V03PO07,1,brightness,2,0.566,0.6068,0.5165,0.2738
pdraw_wave,vgg16,V03PO07,1,brightness,3,0.6472,0.6977,0.5344,0.2716
pdraw_wave,vgg16,V03PO07,1,brightness,4,0.1384,0.1383,0.315,0.1437
pdraw_wave,vgg16,V03PO07,1,brightness,5,-0.0769,-0.1548,0.1952,0.1648
pdraw_wave,vgg16,V03PO07,1,shadow,1,0.7675,0.8052,0.6343,0.4067
pdraw_wave,vgg16,V03PO07,1,shadow,2,0.6954,0.748,0.5904,0.2836
pdraw_wave,vgg16,V03PO07,1,shadow,3,0.682,0.7261,0.605,0.2776
pdraw_wave,vgg16,V03PO07,1,shadow,4,0.6221,0.7008,0.5946,0.22
pdraw_wave,vgg16,V03PO07,1,shadow,5,0.635,0.6867,0.6221,0.22
pdraw_wave,vgg16,V03PO07,1,perspective,1,0.2874,0.2922,0.4332,0.2141
pdraw_wave,vgg16,V03PO07,1,perspective,2,0.178,0.2398,0.3367,0.0936
pdraw_wave,vgg16,V03PO07,1,perspective,3,-0.0905,0.0119,0.1988,0.0164
pdraw_wave,vgg16,V03PO07,1,perspective,4,-0.0959,-0.0175,0.2181,0.0144
pdraw_wave,vgg16,V03PO07,1,perspective,5,-0.1361,-0.0817,0.171,0.0237
pdraw_wave,vgg16,V03PO07,1,rotation,1,-0.0725,-0.0646,0.2709,0.0516
pdraw_wave,vgg16,V03PO07,1,rotation,2,0.3086,0.2373,0.2806,0.1773
pdraw_wave,vgg16,V03PO07,1,rotation,3,0.1379,0.1404,0.3545,0.114
pdraw_wave,vgg16,V03PO07,1,rotation,4,0.1586,0.2197,0.2279,0.1355
pdraw_wave,vgg16,V03PO07,1,rotation,5,0.1135,0.1684,0.1811,0.1337
pdraw_wave,efficientnet_b0,V09HO01,0,jpeg_compression,1,0.9983,0.9986,0.985,0.9472
pdraw_wave,efficientnet_b0,V09HO01,0,jpeg_compression,2,0.9891,0.9587,0.9754,0.935
pdraw_wave,efficientnet_b0,V09HO01,0,jpeg_compression,3,0.995,0.978,0.943,0.9204
pdraw_wave,efficientnet_b0,V09HO01,0,jpeg_compression,4,0.9933,0.9282,0.9273,0.8585
pdraw_wave,efficientnet_b0,V09HO01,0,jpeg_compression,5,0.7496,0.7696,0.7078,0.5616
pdraw_wave,efficientnet_b0,V09HO01,0,gaussian_blur,1,0.9942,0.9756,0.9328,0.9111
pdraw_wave,efficientnet_b0,V09HO01,0,gaussian_blur,2,0.9955,0.9622,0.92,0.8891
pdraw_wave,efficientnet_b0,V09HO01,0,gaussian_blur,3,0.9822,0.9333,0.8893,0.8204
pdraw_wave,efficientnet_b0,V09HO01,0,gaussian_blur,4,0.9813,0.9322,0.882,0.79
pdraw_wave,efficientnet_b0,V09HO01,0,gaussian_blur,5,0.9739,0.9235,0.8566,0.73
pdraw_wave,efficientnet_b0,V09HO01,0,gaussian_noise,1,0.9963,0.9826,0.9766,0.8845
pdraw_wave,efficientnet_b0,V09HO01,0,gaussian_noise,2,0.9889,0.9421,0.922,0.8075
pdraw_wave,efficientnet_b0,V09HO01,0,gaussian_noise,3,0.9935,0.9669,0.9661,0.8601
pdraw_wave,efficientnet_b0,V09HO01,0,gaussian_noise,4,0.9912,0.9348,0.9104,0.9051
pdraw_wave,efficientnet_b0,V09HO01,0,gaussian_noise,5,0.9636,0.8759,0.8594,0.7432
pdraw_wave,efficientnet_b0,V09HO01,0,contrast,1,0.9688,0.7582,0.7745,0.7905
pdraw_wave,efficientnet_b0,V09HO01,0,contrast,2,0.9907,0.9202,0.8879,0.8988
pdraw_wave,efficientnet_b0,V09HO01,0,contrast,3,0.9965,0.9432,0.9398,0.904
pdraw_wave,efficientnet_b0,V09HO01,0,contrast,4,0.9938,0.9624,0.9367,0.8803
pdraw_wave,efficientnet_b0,V09HO01,0,contrast,5,0.9892,0.9367,0.9124,0.8465
pdraw_wave,efficientnet_b0,V09HO01,0,brightness,1,0.9377,0.8386,0.7385,0.7039
pdraw_wave,efficientnet_b0,V09HO01,0,brightness,2,0.9582,0.8646,0.7911,0.7616
pdraw_wave,efficientnet_b0,V09HO01,0,brightness,3,0.9799,0.9093,0.8339,0.8503
pdraw_wave,efficientnet_b0,V09HO01,0,brightness,4,0.5945,0.6189,0.6293,0.4974
pdraw_wave,efficientnet_b0,V09HO01,0,brightness,5,0.6542,0.6051,0.6275,0.4828
pdraw_wave,efficientnet_b0,V09HO01,0,shadow,1,0.9881,0.9578,0.8891,0.8822
pdraw_wave,efficientnet_b0,V09HO01,0,shadow,2,0.9564,0.8985,0.6708,0.8101
pdraw_wave,efficientnet_b0,V09HO01,0,shadow,3,0.921,0.8775,0.5462,0.8274
pdraw_wave,efficientnet_b0,V09HO01,0,shadow,4,0.8761,0.8672,0.4874,0.7834
pdraw_wave,efficientnet_b0,V09HO01,0,shadow,5,0.816,0.835,0.4613,0.6628
pdraw_wave,efficientnet_b0,V09HO01,0,perspective,1,0.8628,0.746,0.7053,0.5127
pdraw_wave,efficientnet_b0,V09HO01,0,perspective,2,0.6764,0.6664,0.6373,0.4556
pdraw_wave,efficientnet_b0,V09HO01,0,perspective,3,0.6534,0.6317,0.644,0.4197
pdraw_wave,efficientnet_b0,V09HO01,0,perspective,4,0.4511,0.5472,0.6344,0.353
pdraw_wave,efficientnet_b0,V09HO01,0,perspective,5,0.7291,0.6341,0.6397,0.4158
pdraw_wave,efficientnet_b0,V09HO01,0,rotation,1,0.8172,0.6883,0.6043,0.6671
pdraw_wave,efficientnet_b0,V09HO01,0,rotation,2,0.1951,0.4062,0.4646,0.1347
pdraw_wave,efficientnet_b0,V09HO01,0,rotation,3,0.2825,0.4685,0.368,0.2591
pdraw_wave,efficientnet_b0,V09HO01,0,rotation,4,0.0622,0.2022,0.2394,0.0786
pdraw_wave,efficientnet_b0,V09HO01,0,rotation,5,-0.095,0.0745,0.2688,0.0499
pdraw_wave,efficientnet_b0,V55HO10,0,jpeg_compression,1,0.9961,0.9237,0.9193,0.9715
pdraw_wave,efficientnet_b0,V55HO10,0,jpeg_compression,2,0.988,0.9499,0.9179,0.9376
pdraw_wave,efficientnet_b0,V55HO10,0,jpeg_compression,3,0.9934,0.9607,0.9299,0.9416
pdraw_wave,efficientnet_b0,V55HO10,0,jpeg_compression,4,0.9538,0.9779,0.8701,0.9594
pdraw_wave,efficientnet_b0,V55HO10,0,jpeg_compression,5,0.7772,0.9622,0.7742,0.5593
pdraw_wave,efficientnet_b0,V55HO10,0,gaussian_blur,1,0.983,0.9825,0.9249,0.947
pdraw_wave,efficientnet_b0,V55HO10,0,gaussian_blur,2,0.9811,0.9701,0.9336,0.9171
pdraw_wave,efficientnet_b0,V55HO10,0,gaussian_blur,3,0.9241,0.9172,0.8632,0.8148
pdraw_wave,efficientnet_b0,V55HO10,0,gaussian_blur,4,0.841,0.9117,0.8196,0.7449
pdraw_wave,efficientnet_b0,V55HO10,0,gaussian_blur,5,0.7867,0.9082,0.7932,0.6668
pdraw_wave,efficientnet_b0,V55HO10,0,gaussian_noise,1,0.9943,0.9234,0.9217,0.9721
pdraw_wave,efficientnet_b0,V55HO10,0,gaussian_noise,2,0.9935,0.9496,0.8995,0.9678
pdraw_wave,efficientnet_b0,V55HO10,0,gaussian_noise,3,0.9815,0.9225,0.9038,0.9451
pdraw_wave,efficientnet_b0,V55HO10,0,gaussian_noise,4,0.9651,0.8333,0.8488,0.8997
pdraw_wave,efficientnet_b0,V55HO10,0,gaussian_noise,5,0.966,0.8812,0.8414,0.9356
pdraw_wave,efficientnet_b0,V55HO10,0,contrast,1,0.9327,0.887,0.8699,0.7733
pdraw_wave,efficientnet_b0,V55HO10,0,contrast,2,0.9794,0.9491,0.9137,0.9164
pdraw_wave,efficientnet_b0,V55HO10,0,contrast,3,0.9953,0.9505,0.9349,0.9563
pdraw_wave,efficientnet_b0,V55HO10,0,contrast,4,0.9985,0.9992,0.9784,0.9758
pdraw_wave,efficientnet_b0,V55HO10,0,contrast,5,0.9946,0.9868,0.9604,0.9533
pdraw_wave,efficientnet_b0,V55HO10,0,brightness,1,0.9809,0.9497,0.9244,0.9397
pdraw_wave,efficientnet_b0,V55HO10,0,brightness,2,0.9905,0.9233,0.911,0.9619
pdraw_wave,efficientnet_b0,V55HO10,0,brightness,3,0.9949,0.9236,0.9139,0.9756
pdraw_wave,efficientnet_b0,V55HO10,0,brightness,4,0.7354,0.8082,0.7429,0.7216
pdraw_wave,efficientnet_b0,V55HO10,0,brightness,5,0.714,0.7624,0.7079,0.5443
pdraw_wave,efficientnet_b0,V55HO10,0,shadow,1,0.9821,0.9971,0.9619,0.9255
pdraw_wave,efficientnet_b0,V55HO10,0,shadow,2,0.9592,0.9649,0.9172,0.8706
pdraw_wave,efficientnet_b0,V55HO10,0,shadow,3,0.9489,0.8623,0.7971,0.8592
pdraw_wave,efficientnet_b0,V55HO10,0,shadow,4,0.9163,0.8092,0.7178,0.8254
pdraw_wave,efficientnet_b0,V55HO10,0,shadow,5,0.8945,0.7915,0.679,0.8143
pdraw_wave,efficientnet_b0,V55HO10,0,perspective,1,0.5608,0.7652,0.7094,0.4043
pdraw_wave,efficientnet_b0,V55HO10,0,perspective,2,0.5984,0.7693,0.7324,0.4138
pdraw_wave,efficientnet_b0,V55HO10,0,perspective,3,0.5124,0.5324,0.6805,0.5466
pdraw_wave,efficientnet_b0,V55HO10,0,perspective,4,0.4791,0.589,0.6669,0.4077
pdraw_wave,efficientnet_b0,V55HO10,0,perspective,5,0.4191,0.292,0.6251,0.3598
pdraw_wave,efficientnet_b0,V55HO10,0,rotation,1,0.5628,0.5018,0.4649,0.4602
pdraw_wave,efficientnet_b0,V55HO10,0,rotation,2,0.1614,0.3888,0.4105,0.0859
pdraw_wave,efficientnet_b0,V55HO10,0,rotation,3,0.0295,0.1292,0.1373,0.1325
pdraw_wave,efficientnet_b0,V55HO10,0,rotation,4,-0.1168,0.0171,0.1695,0.069
pdraw_wave,efficientnet_b0,V55HO10,0,rotation,5,-0.0732,0.0241,0.0871,0.0877
pdraw_wave,efficientnet_b0,V08HO01,0,jpeg_compression,1,0.9995,0.9543,0.98,0.9856
pdraw_wave,efficientnet_b0,V08HO01,0,jpeg_compression,2,0.9975,0.9704,0.9577,0.9705
pdraw_wave,efficientnet_b0,V08HO01,0,jpeg_compression,3,0.9864,0.9333,0.8915,0.8954
pdraw_wave,efficientnet_b0,V08HO01,0,jpeg_compression,4,0.99,0.9223,0.8689,0.8943
pdraw_wave,efficientnet_b0,V08HO01,0,jpeg_compression,5,0.9045,0.8825,0.7794,0.7384
pdraw_wave,efficientnet_b0,V08HO01,0,gaussian_blur,1,0.9941,0.94,0.9229,0.9267
pdraw_wave,efficientnet_b0,V08HO01,0,gaussian_blur,2,0.9832,0.9042,0.8143,0.8982
pdraw_wave,efficientnet_b0,V08HO01,0,gaussian_blur,3,0.9681,0.8984,0.7878,0.8659
pdraw_wave,efficientnet_b0,V08HO01,0,gaussian_blur,4,0.9615,0.9021,0.8068,0.8307
pdraw_wave,efficientnet_b0,V08HO01,0,gaussian_blur,5,0.9658,0.9087,0.8233,0.8491
pdraw_wave,efficientnet_b0,V08HO01,0,gaussian_noise,1,0.9954,0.9835,0.9794,0.9145
pdraw_wave,efficientnet_b0,V08HO01,0,gaussian_noise,2,0.9858,0.9405,0.8908,0.9186
pdraw_wave,efficientnet_b0,V08HO01,0,gaussian_noise,3,0.989,0.9972,0.9671,0.9013
pdraw_wave,efficientnet_b0,V08HO01,0,gaussian_noise,4,0.99,0.9831,0.9615,0.9011
pdraw_wave,efficientnet_b0,V08HO01,0,gaussian_noise,5,0.9759,0.9275,0.8594,0.8611
pdraw_wave,efficientnet_b0,V08HO01,0,contrast,1,0.9734,0.9687,0.8764,0.8843
pdraw_wave,efficientnet_b0,V08HO01,0,contrast,2,0.9961,0.9847,0.9664,0.9448
pdraw_wave,efficientnet_b0,V08HO01,0,contrast,3,0.9984,0.9647,0.9762,0.9636
pdraw_wave,efficientnet_b0,V08HO01,0,contrast,4,0.9933,0.9752,0.9551,0.9035
pdraw_wave,efficientnet_b0,V08HO01,0,contrast,5,0.9867,0.9595,0.9475,0.8613
pdraw_wave,efficientnet_b0,V08HO01,0,brightness,1,0.9713,0.888,0.7714,0.9425
pdraw_wave,efficientnet_b0,V08HO01,0,brightness,2,0.9747,0.8925,0.7766,0.947
pdraw_wave,efficientnet_b0,V08HO01,0,brightness,3,0.9861,0.903,0.8324,0.9434
pdraw_wave,efficientnet_b0,V08HO01,0,brightness,4,0.8939,0.868,0.7082,0.8325
pdraw_wave,efficientnet_b0,V08HO01,0,brightness,5,0.595,0.6214,0.5511,0.5176
pdraw_wave,efficientnet_b0,V08HO01,0,shadow,1,0.9918,0.9317,0.8632,0.9644
pdraw_wave,efficientnet_b0,V08HO01,0,shadow,2,0.9726,0.912,0.7528,0.9446
pdraw_wave,efficientnet_b0,V08HO01,0,shadow,3,0.9489,0.8869,0.6979,0.887
pdraw_wave,efficientnet_b0,V08HO01,0,shadow,4,0.9128,0.8685,0.6429,0.7804
pdraw_wave,efficientnet_b0,V08HO01,0,shadow,5,0.853,0.8327,0.5559,0.634
pdraw_wave,efficientnet_b0,V08HO01,0,perspective,1,0.8672,0.8705,0.7744,0.6406
pdraw_wave,efficientnet_b0,V08HO01,0,perspective,2,0.8635,0.8712,0.7759,0.6083
pdraw_wave,efficientnet_b0,V08HO01,0,perspective,3,0.8395,0.842,0.6875,0.5452
pdraw_wave,efficientnet_b0,V08HO01,0,perspective,4,0.8217,0.8117,0.7108,0.5348
pdraw_wave,efficientnet_b0,V08HO01,0,perspective,5,0.8554,0.857,0.7147,0.5831
pdraw_wave,efficientnet_b0,V08HO01,0,rotation,1,0.8427,0.869,0.6282,0.4952
pdraw_wave,efficientnet_b0,V08HO01,0,rotation,2,0.81,0.754,0.6573,0.6092
pdraw_wave,efficientnet_b0,V08HO01,0,rotation,3,0.2713,0.4885,0.2987,0.0733
pdraw_wave,efficientnet_b0,V08HO01,0,rotation,4,0.6365,0.572,0.4423,0.4884
pdraw_wave,efficientnet_b0,V08HO01,0,rotation,5,0.0048,0.2158,0.1847,0.038
pdraw_wave,efficientnet_b0,V07HO01,0,jpeg_compression,1,0.9974,0.9999,0.9973,0.9727
pdraw_wave,efficientnet_b0,V07HO01,0,jpeg_compression,2,0.9981,0.9497,0.9718,0.9035
pdraw_wave,efficientnet_b0,V07HO01,0,jpeg_compression,3,0.9942,0.8805,0.946,0.8755
pdraw_wave,efficientnet_b0,V07HO01,0,jpeg_compression,4,0.9703,0.8205,0.8596,0.829
pdraw_wave,efficientnet_b0,V07HO01,0,jpeg_compression,5,0.8853,0.7695,0.8567,0.749
pdraw_wave,efficientnet_b0,V07HO01,0,gaussian_blur,1,0.9978,0.9186,0.965,0.9539
pdraw_wave,efficientnet_b0,V07HO01,0,gaussian_blur,2,0.9969,0.9181,0.9626,0.9554
pdraw_wave,efficientnet_b0,V07HO01,0,gaussian_blur,3,0.9959,0.9554,0.9862,0.9775
pdraw_wave,efficientnet_b0,V07HO01,0,gaussian_blur,4,0.9855,0.9459,0.9747,0.9051
pdraw_wave,efficientnet_b0,V07HO01,0,gaussian_blur,5,0.9704,0.9455,0.9691,0.9051
pdraw_wave,efficientnet_b0,V07HO01,0,gaussian_noise,1,0.9996,0.9555,0.9888,0.9795
pdraw_wave,efficientnet_b0,V07HO01,0,gaussian_noise,2,0.9748,0.9458,0.9475,0.912
pdraw_wave,efficientnet_b0,V07HO01,0,gaussian_noise,3,0.9428,0.945,0.9178,0.912
pdraw_wave,efficientnet_b0,V07HO01,0,gaussian_noise,4,0.9816,0.946,0.9641,0.9089
pdraw_wave,efficientnet_b0,V07HO01,0,gaussian_noise,5,0.9709,0.9452,0.9401,0.912
pdraw_wave,efficientnet_b0,V07HO01,0,contrast,1,0.9819,0.9456,0.9449,0.912
pdraw_wave,efficientnet_b0,V07HO01,0,contrast,2,0.9945,0.9998,0.9826,0.9378
pdraw_wave,efficientnet_b0,V07HO01,0,contrast,3,0.9968,0.9998,0.9959,0.9675
pdraw_wave,efficientnet_b0,V07HO01,0,contrast,4,0.9984,0.9999,0.9965,0.9653
pdraw_wave,efficientnet_b0,V07HO01,0,contrast,5,0.9955,0.937,0.9813,0.9542
pdraw_wave,efficientnet_b0,V07HO01,0,brightness,1,0.9749,0.807,0.8741,0.7607
pdraw_wave,efficientnet_b0,V07HO01,0,brightness,2,0.9722,0.8048,0.838,0.7717
pdraw_wave,efficientnet_b0,V07HO01,0,brightness,3,0.9878,0.8512,0.8972,0.8535
pdraw_wave,efficientnet_b0,V07HO01,0,brightness,4,,,0.7794,0.2022
pdraw_wave,efficientnet_b0,V07HO01,0,brightness,5,0.3301,0.233,0.5735,0.2063
pdraw_wave,efficientnet_b0,V07HO01,0,shadow,1,0.9836,0.8261,0.8697,0.807
pdraw_wave,efficientnet_b0,V07HO01,0,shadow,2,0.9375,0.738,0.7442,0.6743
pdraw_wave,efficientnet_b0,V07HO01,0,shadow,3,0.881,0.7004,0.5837,0.6834
pdraw_wave,efficientnet_b0,V07HO01,0,shadow,4,0.8336,0.7033,0.563,0.7321
pdraw_wave,efficientnet_b0,V07HO01,0,shadow,5,0.7763,0.6986,0.557,0.66
pdraw_wave,efficientnet_b0,V07HO01,0,perspective,1,0.6863,0.7103,0.8176,0.5602
pdraw_wave,efficientnet_b0,V07HO01,0,perspective,2,0.4764,0.6988,0.7956,0.5905
pdraw_wave,efficientnet_b0,V07HO01,0,perspective,3,0.4323,0.5959,0.792,0.4649
pdraw_wave,efficientnet_b0,V07HO01,0,perspective,4,0.4238,0.5409,0.741,0.327
pdraw_wave,efficientnet_b0,V07HO01,0,perspective,5,0.4977,0.5871,0.637,0.3978
pdraw_wave,efficientnet_b0,V07HO01,0,rotation,1,0.6728,0.6495,0.709,0.4681
pdraw_wave,efficientnet_b0,V07HO01,0,rotation,2,0.2013,0.2135,0.4899,0.0879
pdraw_wave,efficientnet_b0,V07HO01,0,rotation,3,0.3611,0.5056,0.3963,0.2549
pdraw_wave,efficientnet_b0,V07HO01,0,rotation,4,-0.1636,-0.1245,0.3486,0.0257
pdraw_wave,efficientnet_b0,V07HO01,0,rotation,5,-0.0306,0.2374,0.2853,0.1131
pdraw_wave,efficientnet_b0,V55HO11,0,jpeg_compression,1,0.9996,0.9811,0.9907,0.9795
pdraw_wave,efficientnet_b0,V55HO11,0,jpeg_compression,2,0.9912,0.9823,0.9213,0.8773
pdraw_wave,efficientnet_b0,V55HO11,0,jpeg_compression,3,0.9706,0.9107,0.8867,0.8583
pdraw_wave,efficientnet_b0,V55HO11,0,jpeg_compression,4,0.901,0.7876,0.691,0.7733
pdraw_wave,efficientnet_b0,V55HO11,0,jpeg_compression,5,0.6238,0.7472,0.623,0.4091
pdraw_wave,efficientnet_b0,V55HO11,0,gaussian_blur,1,0.9762,0.9135,0.7964,0.8196
pdraw_wave,efficientnet_b0,V55HO11,0,gaussian_blur,2,0.9449,0.8311,0.6772,0.7661
pdraw_wave,efficientnet_b0,V55HO11,0,gaussian_blur,3,0.9083,0.7883,0.7499,0.6998
pdraw_wave,efficientnet_b0,V55HO11,0,gaussian_blur,4,0.8767,0.6959,0.7688,0.6888
pdraw_wave,efficientnet_b0,V55HO11,0,gaussian_blur,5,0.8716,0.724,0.7814,0.6429
pdraw_wave,efficientnet_b0,V55HO11,0,gaussian_noise,1,0.9988,0.9711,0.9849,0.9625
pdraw_wave,efficientnet_b0,V55HO11,0,gaussian_noise,2,0.9836,0.9516,0.9352,0.8889
pdraw_wave,efficientnet_b0,V55HO11,0,gaussian_noise,3,0.9743,0.9496,0.9369,0.7683
pdraw_wave,efficientnet_b0,V55HO11,0,gaussian_noise,4,0.9158,0.7961,0.8327,0.6798
pdraw_wave,efficientnet_b0,V55HO11,0,gaussian_noise,5,0.9276,0.9185,0.8678,0.6449
pdraw_wave,efficientnet_b0,V55HO11,0,contrast,1,0.9832,0.91,0.9333,0.8092
pdraw_wave,efficientnet_b0,V55HO11,0,contrast,2,0.9921,0.9056,0.9244,0.8783
pdraw_wave,efficientnet_b0,V55HO11,0,contrast,3,0.9976,0.919,0.9475,0.9446
pdraw_wave,efficientnet_b0,V55HO11,0,contrast,4,0.99,0.9806,0.9126,0.9281
pdraw_wave,efficientnet_b0,V55HO11,0,contrast,5,0.9771,0.9748,0.8715,0.8727
pdraw_wave,efficientnet_b0,V55HO11,0,brightness,1,0.9664,0.9735,0.8652,0.8699
pdraw_wave,efficientnet_b0,V55HO11,0,brightness,2,0.9738,0.9444,0.9024,0.8613
pdraw_wave,efficientnet_b0,V55HO11,0,brightness,3,0.9904,0.997,0.9684,0.9026
pdraw_wave,efficientnet_b0,V55HO11,0,brightness,4,0.6839,0.596,0.6322,0.4052
pdraw_wave,efficientnet_b0,V55HO11,0,brightness,5,0.6749,0.568,0.6154,0.386
pdraw_wave,efficientnet_b0,V55HO11,0,shadow,1,0.9928,0.9403,0.9291,0.9403
pdraw_wave,efficientnet_b0,V55HO11,0,shadow,2,0.9765,0.9094,0.8547,0.8804
pdraw_wave,efficientnet_b0,V55HO11,0,shadow,3,0.9378,0.8259,0.6534,0.8322
pdraw_wave,efficientnet_b0,V55HO11,0,shadow,4,0.8865,0.77,0.574,0.7883
pdraw_wave,efficientnet_b0,V55HO11,0,shadow,5,0.8468,0.7456,0.5376,0.7155
pdraw_wave,efficientnet_b0,V55HO11,0,perspective,1,0.6938,0.6727,0.5842,0.3463
pdraw_wave,efficientnet_b0,V55HO11,0,perspective,2,0.5819,0.722,0.5798,0.2711
pdraw_wave,efficientnet_b0,V55HO11,0,perspective,3,0.3927,0.5876,0.4679,0.228
pdraw_wave,efficientnet_b0,V55HO11,0,perspective,4,0.4926,0.6834,0.5835,0.3043
pdraw_wave,efficientnet_b0,V55HO11,0,perspective,5,0.3887,0.6036,0.5302,0.3095
pdraw_wave,efficientnet_b0,V55HO11,0,rotation,1,0.2588,0.3609,0.4811,0.1865
pdraw_wave,efficientnet_b0,V55HO11,0,rotation,2,0.4011,0.6013,0.372,0.253
pdraw_wave,efficientnet_b0,V55HO11,0,rotation,3,0.0888,0.072,0.2249,0.1367
pdraw_wave,efficientnet_b0,V55HO11,0,rotation,4,-0.0724,0.1118,0.1381,0.0432
pdraw_wave,efficientnet_b0,V55HO11,0,rotation,5,-0.2723,-0.3638,0.151,0.0152
pdraw_wave,efficientnet_b0,V03PO01,1,jpeg_compression,1,0.9977,0.9974,0.9948,0.925
pdraw_wave,efficientnet_b0,V03PO01,1,jpeg_compression,2,0.9878,0.9848,0.9891,0.811
pdraw_wave,efficientnet_b0,V03PO01,1,jpeg_compression,3,0.9851,0.9816,0.9659,0.8513
pdraw_wave,efficientnet_b0,V03PO01,1,jpeg_compression,4,0.8974,0.873,0.9115,0.8209
pdraw_wave,efficientnet_b0,V03PO01,1,jpeg_compression,5,0.7389,0.727,0.7456,0.5217
pdraw_wave,efficientnet_b0,V03PO01,1,gaussian_blur,1,0.9787,0.9761,0.9538,0.8394
pdraw_wave,efficientnet_b0,V03PO01,1,gaussian_blur,2,0.944,0.9358,0.9256,0.7829
pdraw_wave,efficientnet_b0,V03PO01,1,gaussian_blur,3,0.9214,0.9092,0.8934,0.7621
pdraw_wave,efficientnet_b0,V03PO01,1,gaussian_blur,4,0.8815,0.8632,0.8646,0.6238
pdraw_wave,efficientnet_b0,V03PO01,1,gaussian_blur,5,0.8318,0.8043,0.8479,0.4763
pdraw_wave,efficientnet_b0,V03PO01,1,gaussian_noise,1,0.9951,0.9937,0.9774,0.8673
pdraw_wave,efficientnet_b0,V03PO01,1,gaussian_noise,2,0.9684,0.962,0.8799,0.6424
pdraw_wave,efficientnet_b0,V03PO01,1,gaussian_noise,3,0.9796,0.9825,0.9218,0.7149
pdraw_wave,efficientnet_b0,V03PO01,1,gaussian_noise,4,0.9583,0.9508,0.8681,0.7545
pdraw_wave,efficientnet_b0,V03PO01,1,gaussian_noise,5,0.9368,0.9257,0.6696,0.4885
pdraw_wave,efficientnet_b0,V03PO01,1,contrast,1,0.9814,0.9798,0.9565,0.7336
pdraw_wave,efficientnet_b0,V03PO01,1,contrast,2,0.9937,0.9929,0.9837,0.8384
pdraw_wave,efficientnet_b0,V03PO01,1,contrast,3,0.9973,0.9962,0.9912,0.935
pdraw_wave,efficientnet_b0,V03PO01,1,contrast,4,0.993,0.9905,0.989,0.7838
pdraw_wave,efficientnet_b0,V03PO01,1,contrast,5,0.987,0.9842,0.9727,0.768
pdraw_wave,efficientnet_b0,V03PO01,1,brightness,1,0.8599,0.8383,0.8569,0.7116
pdraw_wave,efficientnet_b0,V03PO01,1,brightness,2,0.9296,0.9175,0.8563,0.7324
pdraw_wave,efficientnet_b0,V03PO01,1,brightness,3,0.9658,0.9623,0.9463,0.716
pdraw_wave,efficientnet_b0,V03PO01,1,brightness,4,0.7909,0.8456,0.3906,0.5012
pdraw_wave,efficientnet_b0,V03PO01,1,brightness,5,0.6862,0.6354,0.1759,0.3491
pdraw_wave,efficientnet_b0,V03PO01,1,shadow,1,0.9685,0.9624,0.9617,0.6381
pdraw_wave,efficientnet_b0,V03PO01,1,shadow,2,0.9457,0.9314,0.9087,0.6004
pdraw_wave,efficientnet_b0,V03PO01,1,shadow,3,0.8918,0.8763,0.8644,0.3762
pdraw_wave,efficientnet_b0,V03PO01,1,shadow,4,0.8028,0.8162,0.8304,0.2578
pdraw_wave,efficientnet_b0,V03PO01,1,shadow,5,0.6824,0.7479,0.8275,0.1872
pdraw_wave,efficientnet_b0,V03PO01,1,perspective,1,0.8394,0.8051,0.7804,0.3277
pdraw_wave,efficientnet_b0,V03PO01,1,perspective,2,0.7305,0.7457,0.6665,0.2147
pdraw_wave,efficientnet_b0,V03PO01,1,perspective,3,0.6404,0.647,0.6836,0.1844
pdraw_wave,efficientnet_b0,V03PO01,1,perspective,4,0.5975,0.6398,0.6519,0.1077
pdraw_wave,efficientnet_b0,V03PO01,1,perspective,5,0.5513,0.621,0.6156,0.1823
pdraw_wave,efficientnet_b0,V03PO01,1,rotation,1,0.3676,0.3974,0.5442,0.1971
pdraw_wave,efficientnet_b0,V03PO01,1,rotation,2,0.5726,0.6226,0.6014,0.1978
pdraw_wave,efficientnet_b0,V03PO01,1,rotation,3,0.1726,0.171,0.4749,0.1385
pdraw_wave,efficientnet_b0,V03PO01,1,rotation,4,0.0189,0.0955,0.3956,0.0596
pdraw_wave,efficientnet_b0,V03PO01,1,rotation,5,-0.2449,-0.2216,0.4124,0.1088
pdraw_wave,efficientnet_b0,V11PO01,1,jpeg_compression,1,0.9977,0.9986,0.9791,0.8893
pdraw_wave,efficientnet_b0,V11PO01,1,jpeg_compression,2,0.9918,0.9853,0.9427,0.8873
pdraw_wave,efficientnet_b0,V11PO01,1,jpeg_compression,3,0.9705,0.9508,0.89,0.7547
pdraw_wave,efficientnet_b0,V11PO01,1,jpeg_compression,4,0.9225,0.873,0.8259,0.6945
pdraw_wave,efficientnet_b0,V11PO01,1,jpeg_compression,5,0.8254,0.8833,0.6908,0.5986
pdraw_wave,efficientnet_b0,V11PO01,1,gaussian_blur,1,0.9654,0.9017,0.816,0.8217
pdraw_wave,efficientnet_b0,V11PO01,1,gaussian_blur,2,0.9391,0.8527,0.7546,0.7599
pdraw_wave,efficientnet_b0,V11PO01,1,gaussian_blur,3,0.9403,0.8459,0.6865,0.7293
pdraw_wave,efficientnet_b0,V11PO01,1,gaussian_blur,4,0.9304,0.8228,0.681,0.691
pdraw_wave,efficientnet_b0,V11PO01,1,gaussian_blur,5,0.9129,0.8331,0.7023,0.6565
pdraw_wave,efficientnet_b0,V11PO01,1,gaussian_noise,1,0.9958,0.9808,0.9543,0.933
pdraw_wave,efficientnet_b0,V11PO01,1,gaussian_noise,2,0.9886,0.9318,0.915,0.8783
pdraw_wave,efficientnet_b0,V11PO01,1,gaussian_noise,3,0.9878,0.9727,0.951,0.8558
pdraw_wave,efficientnet_b0,V11PO01,1,gaussian_noise,4,0.9586,0.9206,0.8723,0.7311
pdraw_wave,efficientnet_b0,V11PO01,1,gaussian_noise,5,0.9783,0.9606,0.8979,0.8
pdraw_wave,efficientnet_b0,V11PO01,1,contrast,1,0.9755,0.9454,0.9069,0.858
pdraw_wave,efficientnet_b0,V11PO01,1,contrast,2,0.9878,0.967,0.9455,0.9031
pdraw_wave,efficientnet_b0,V11PO01,1,contrast,3,0.9971,0.987,0.9724,0.9337
pdraw_wave,efficientnet_b0,V11PO01,1,contrast,4,0.9942,0.9901,0.9635,0.9036
pdraw_wave,efficientnet_b0,V11PO01,1,contrast,5,0.9877,0.9667,0.9049,0.8746
pdraw_wave,efficientnet_b0,V11PO01,1,brightness,1,0.9029,0.9064,0.6441,0.8842
pdraw_wave,efficientnet_b0,V11PO01,1,brightness,2,0.9219,0.91,0.6732,0.8585
pdraw_wave,efficientnet_b0,V11PO01,1,brightness,3,0.951,0.93,0.7348,0.8403
pdraw_wave,efficientnet_b0,V11PO01,1,brightness,4,0.457,0.6113,0.5298,0.3197
pdraw_wave,efficientnet_b0,V11PO01,1,brightness,5,0.7788,0.7841,0.6992,0.6918
pdraw_wave,efficientnet_b0,V11PO01,1,shadow,1,0.9381,0.9599,0.8251,0.696
pdraw_wave,efficientnet_b0,V11PO01,1,shadow,2,0.9005,0.9236,0.6325,0.7066
pdraw_wave,efficientnet_b0,V11PO01,1,shadow,3,0.8621,0.902,0.5008,0.7186
pdraw_wave,efficientnet_b0,V11PO01,1,shadow,4,0.8275,0.8867,0.3547,0.7683
pdraw_wave,efficientnet_b0,V11PO01,1,shadow,5,0.7715,0.8476,0.2958,0.7008
pdraw_wave,efficientnet_b0,V11PO01,1,perspective,1,0.7905,0.719,0.6581,0.5609
pdraw_wave,efficientnet_b0,V11PO01,1,perspective,2,0.8713,0.7536,0.6921,0.596
pdraw_wave,efficientnet_b0,V11PO01,1,perspective,3,0.7514,0.7136,0.6417,0.5168
pdraw_wave,efficientnet_b0,V11PO01,1,perspective,4,0.7407,0.644,0.6601,0.4966
pdraw_wave,efficientnet_b0,V11PO01,1,perspective,5,0.7382,0.6781,0.6105,0.4944
pdraw_wave,efficientnet_b0,V11PO01,1,rotation,1,0.677,0.6592,0.439,0.47
pdraw_wave,efficientnet_b0,V11PO01,1,rotation,2,0.51,0.6326,0.4394,0.2719
pdraw_wave,efficientnet_b0,V11PO01,1,rotation,3,0.0583,0.1983,0.1649,0.0836
pdraw_wave,efficientnet_b0,V11PO01,1,rotation,4,-0.1009,-0.0754,0.2328,0.0533
pdraw_wave,efficientnet_b0,V11PO01,1,rotation,5,-0.317,-0.2931,0.1238,0.027
pdraw_wave,efficientnet_b0,V08PO01,1,jpeg_compression,1,0.9988,0.9831,0.9872,0.975
pdraw_wave,efficientnet_b0,V08PO01,1,jpeg_compression,2,0.9987,0.9998,0.9905,0.96
pdraw_wave,efficientnet_b0,V08PO01,1,jpeg_compression,3,0.995,0.9164,0.9156,0.9278
pdraw_wave,efficientnet_b0,V08PO01,1,jpeg_compression,4,0.9754,0.8904,0.8542,0.805
pdraw_wave,efficientnet_b0,V08PO01,1,jpeg_compression,5,0.9358,0.6772,0.7631,0.5401
pdraw_wave,efficientnet_b0,V08PO01,1,gaussian_blur,1,0.9878,0.8898,0.8576,0.8065
pdraw_wave,efficientnet_b0,V08PO01,1,gaussian_blur,2,0.966,0.8422,0.8065,0.6456
pdraw_wave,efficientnet_b0,V08PO01,1,gaussian_blur,3,0.9366,0.7361,0.7646,0.5545
pdraw_wave,efficientnet_b0,V08PO01,1,gaussian_blur,4,0.918,0.6909,0.7768,0.5403
pdraw_wave,efficientnet_b0,V08PO01,1,gaussian_blur,5,0.899,0.6842,0.7667,0.5059
pdraw_wave,efficientnet_b0,V08PO01,1,gaussian_noise,1,0.9964,0.9829,0.974,0.981
pdraw_wave,efficientnet_b0,V08PO01,1,gaussian_noise,2,0.9836,0.9291,0.8902,0.7793
pdraw_wave,efficientnet_b0,V08PO01,1,gaussian_noise,3,0.9764,0.8816,0.9128,0.7528
pdraw_wave,efficientnet_b0,V08PO01,1,gaussian_noise,4,0.9841,0.8513,0.8732,0.7574
pdraw_wave,efficientnet_b0,V08PO01,1,gaussian_noise,5,0.9805,0.7973,0.8515,0.7435
pdraw_wave,efficientnet_b0,V08PO01,1,contrast,1,0.9829,0.9634,0.9264,0.8425
pdraw_wave,efficientnet_b0,V08PO01,1,contrast,2,0.9981,0.966,0.9775,0.9577
pdraw_wave,efficientnet_b0,V08PO01,1,contrast,3,0.9997,0.9999,0.9977,0.9671
pdraw_wave,efficientnet_b0,V08PO01,1,contrast,4,0.9994,0.9407,0.9825,0.9715
pdraw_wave,efficientnet_b0,V08PO01,1,contrast,5,0.9983,0.9327,0.9605,0.9393
pdraw_wave,efficientnet_b0,V08PO01,1,brightness,1,0.9803,0.8781,0.8677,0.8746
pdraw_wave,efficientnet_b0,V08PO01,1,brightness,2,0.9844,0.8799,0.8736,0.9306
pdraw_wave,efficientnet_b0,V08PO01,1,brightness,3,0.9906,0.9062,0.8979,0.9665
pdraw_wave,efficientnet_b0,V08PO01,1,brightness,4,0.871,0.689,0.7769,0.6544
pdraw_wave,efficientnet_b0,V08PO01,1,brightness,5,0.8846,0.6266,0.7689,0.7417
pdraw_wave,efficientnet_b0,V08PO01,1,shadow,1,0.9829,0.9016,0.8821,0.8913
pdraw_wave,efficientnet_b0,V08PO01,1,shadow,2,0.939,0.8291,0.7119,0.8027
pdraw_wave,efficientnet_b0,V08PO01,1,shadow,3,0.8907,0.7963,0.6081,0.7123
pdraw_wave,efficientnet_b0,V08PO01,1,shadow,4,0.8493,0.7623,0.5474,0.6052
pdraw_wave,efficientnet_b0,V08PO01,1,shadow,5,0.8115,0.7196,0.4934,0.5562
pdraw_wave,efficientnet_b0,V08PO01,1,perspective,1,0.8753,0.8084,0.8055,0.5701
pdraw_wave,efficientnet_b0,V08PO01,1,perspective,2,0.8385,0.7467,0.7441,0.5015
pdraw_wave,efficientnet_b0,V08PO01,1,perspective,3,0.7876,0.7105,0.7471,0.5007
pdraw_wave,efficientnet_b0,V08PO01,1,perspective,4,0.648,0.7148,0.722,0.4871
pdraw_wave,efficientnet_b0,V08PO01,1,perspective,5,0.6739,0.5488,0.6895,0.4894
pdraw_wave,efficientnet_b0,V08PO01,1,rotation,1,0.7798,0.6612,0.6448,0.5499
pdraw_wave,efficientnet_b0,V08PO01,1,rotation,2,0.5953,0.5937,0.4872,0.5052
pdraw_wave,efficientnet_b0,V08PO01,1,rotation,3,0.4017,0.6062,0.3951,0.3814
pdraw_wave,efficientnet_b0,V08PO01,1,rotation,4,-0.1745,-0.0956,0.2331,0.0189
pdraw_wave,efficientnet_b0,V08PO01,1,rotation,5,-0.2344,-0.0773,0.231,0.0269
pdraw_wave,efficientnet_b0,V06PO01,1,jpeg_compression,1,0.9979,0.9977,0.986,0.9307
pdraw_wave,efficientnet_b0,V06PO01,1,jpeg_compression,2,0.9838,0.9846,0.9731,0.7475
pdraw_wave,efficientnet_b0,V06PO01,1,jpeg_compression,3,0.9598,0.9453,0.965,0.5849
pdraw_wave,efficientnet_b0,V06PO01,1,jpeg_compression,4,0.9373,0.9321,0.9153,0.5924
pdraw_wave,efficientnet_b0,V06PO01,1,jpeg_compression,5,0.6558,0.6583,0.7522,0.4009
pdraw_wave,efficientnet_b0,V06PO01,1,gaussian_blur,1,0.9568,0.9434,0.9466,0.5424
pdraw_wave,efficientnet_b0,V06PO01,1,gaussian_blur,2,0.8978,0.8752,0.9043,0.4308
pdraw_wave,efficientnet_b0,V06PO01,1,gaussian_blur,3,0.793,0.7873,0.8252,0.3389
pdraw_wave,efficientnet_b0,V06PO01,1,gaussian_blur,4,0.7526,0.7495,0.7886,0.3169
pdraw_wave,efficientnet_b0,V06PO01,1,gaussian_blur,5,0.7517,0.7406,0.7815,0.3263
pdraw_wave,efficientnet_b0,V06PO01,1,gaussian_noise,1,0.9921,0.9917,0.9838,0.8063
pdraw_wave,efficientnet_b0,V06PO01,1,gaussian_noise,2,0.9432,0.9411,0.8877,0.6086
pdraw_wave,efficientnet_b0,V06PO01,1,gaussian_noise,3,0.8736,0.859,0.8923,0.5682
pdraw_wave,efficientnet_b0,V06PO01,1,gaussian_noise,4,0.8656,0.8607,0.8389,0.4384
pdraw_wave,efficientnet_b0,V06PO01,1,gaussian_noise,5,0.7653,0.746,0.8224,0.4594
pdraw_wave,efficientnet_b0,V06PO01,1,contrast,1,0.9162,0.919,0.7982,0.5798
pdraw_wave,efficientnet_b0,V06PO01,1,contrast,2,0.9836,0.9773,0.9684,0.6617
pdraw_wave,efficientnet_b0,V06PO01,1,contrast,3,0.9959,0.9956,0.9917,0.9065
pdraw_wave,efficientnet_b0,V06PO01,1,contrast,4,0.9893,0.9916,0.9734,0.8287
pdraw_wave,efficientnet_b0,V06PO01,1,contrast,5,0.9721,0.9793,0.9602,0.6915
pdraw_wave,efficientnet_b0,V06PO01,1,brightness,1,0.8986,0.8992,0.8883,0.5853
pdraw_wave,efficientnet_b0,V06PO01,1,brightness,2,0.926,0.9326,0.898,0.6066
pdraw_wave,efficientnet_b0,V06PO01,1,brightness,3,0.9578,0.9588,0.9401,0.6523
pdraw_wave,efficientnet_b0,V06PO01,1,brightness,4,0.5953,0.5284,0.4148,0.3517
pdraw_wave,efficientnet_b0,V06PO01,1,brightness,5,0.574,0.5279,0.4224,0.3352
pdraw_wave,efficientnet_b0,V06PO01,1,shadow,1,0.9596,0.9649,0.9498,0.7039
pdraw_wave,efficientnet_b0,V06PO01,1,shadow,2,0.9181,0.9223,0.9044,0.6561
pdraw_wave,efficientnet_b0,V06PO01,1,shadow,3,0.7906,0.8022,0.8483,0.4333
pdraw_wave,efficientnet_b0,V06PO01,1,shadow,4,0.6375,0.6407,0.7824,0.3305
pdraw_wave,efficientnet_b0,V06PO01,1,shadow,5,0.5143,0.5061,0.7017,0.2996
pdraw_wave,efficientnet_b0,V06PO01,1,perspective,1,0.5581,0.5499,0.6235,0.4273
pdraw_wave,efficientnet_b0,V06PO01,1,perspective,2,0.4286,0.4168,0.5694,0.3131
pdraw_wave,efficientnet_b0,V06PO01,1,perspective,3,0.3626,0.3691,0.51,0.2544
pdraw_wave,efficientnet_b0,V06PO01,1,perspective,4,0.332,0.3507,0.4511,0.1932
pdraw_wave,efficientnet_b0,V06PO01,1,perspective,5,0.2725,0.3249,0.4144,0.2431
pdraw_wave,efficientnet_b0,V06PO01,1,rotation,1,0.725,0.7258,0.725,0.4913
pdraw_wave,efficientnet_b0,V06PO01,1,rotation,2,0.412,0.3723,0.6144,0.2236
pdraw_wave,efficientnet_b0,V06PO01,1,rotation,3,0.6298,0.6219,0.6012,0.4577
pdraw_wave,efficientnet_b0,V06PO01,1,rotation,4,-0.2168,-0.2378,0.3945,0.0358
pdraw_wave,efficientnet_b0,V06PO01,1,rotation,5,0.3193,0.3287,0.4371,0.1517
pdraw_wave,efficientnet_b0,V03PO07,1,jpeg_compression,1,0.9986,0.9987,0.9962,0.881
pdraw_wave,efficientnet_b0,V03PO07,1,jpeg_compression,2,0.9869,0.9862,0.981,0.7819
pdraw_wave,efficientnet_b0,V03PO07,1,jpeg_compression,3,0.9757,0.9827,0.9683,0.7384
pdraw_wave,efficientnet_b0,V03PO07,1,jpeg_compression,4,0.9256,0.9324,0.8839,0.6192
pdraw_wave,efficientnet_b0,V03PO07,1,jpeg_compression,5,0.7294,0.7329,0.7652,0.3239
pdraw_wave,efficientnet_b0,V03PO07,1,gaussian_blur,1,0.9885,0.9885,0.9819,0.8049
pdraw_wave,efficientnet_b0,V03PO07,1,gaussian_blur,2,0.9648,0.9662,0.9514,0.7389
pdraw_wave,efficientnet_b0,V03PO07,1,gaussian_blur,3,0.9107,0.9241,0.893,0.5877
pdraw_wave,efficientnet_b0,V03PO07,1,gaussian_blur,4,0.8867,0.9072,0.8657,0.5375
pdraw_wave,efficientnet_b0,V03PO07,1,gaussian_blur,5,0.859,0.8838,0.8393,0.5377
pdraw_wave,efficientnet_b0,V03PO07,1,gaussian_noise,1,0.9861,0.9843,0.979,0.9484
pdraw_wave,efficientnet_b0,V03PO07,1,gaussian_noise,2,0.9411,0.9422,0.9035,0.768
pdraw_wave,efficientnet_b0,V03PO07,1,gaussian_noise,3,0.9027,0.9013,0.8763,0.7692
pdraw_wave,efficientnet_b0,V03PO07,1,gaussian_noise,4,0.8522,0.9171,0.8944,0.5018
pdraw_wave,efficientnet_b0,V03PO07,1,gaussian_noise,5,0.8667,0.8947,0.821,0.6606
pdraw_wave,efficientnet_b0,V03PO07,1,contrast,1,0.9538,0.964,0.8984,0.8264
pdraw_wave,efficientnet_b0,V03PO07,1,contrast,2,0.9867,0.9851,0.9487,0.9142
pdraw_wave,efficientnet_b0,V03PO07,1,contrast,3,0.9949,0.9953,0.9697,0.9244
pdraw_wave,efficientnet_b0,V03PO07,1,contrast,4,0.9825,0.9849,0.9625,0.8857
pdraw_wave,efficientnet_b0,V03PO07,1,contrast,5,0.9543,0.9654,0.9208,0.8374
pdraw_wave,efficientnet_b0,V03PO07,1,brightness,1,0.9455,0.9432,0.914,0.7722
pdraw_wave,efficientnet_b0,V03PO07,1,brightness,2,0.9296,0.9261,0.9305,0.7296
pdraw_wave,efficientnet_b0,V03PO07,1,brightness,3,0.9393,0.9357,0.941,0.7582
pdraw_wave,efficientnet_b0,V03PO07,1,brightness,4,0.7311,0.7542,0.7122,0.3427
pdraw_wave,efficientnet_b0,V03PO07,1,brightness,5,0.6399,0.6364,0.682,0.3445
pdraw_wave,efficientnet_b0,V03PO07,1,shadow,1,0.9513,0.9527,0.9588,0.7061
pdraw_wave,efficientnet_b0,V03PO07,1,shadow,2,0.8944,0.9015,0.9211,0.595
pdraw_wave,efficientnet_b0,V03PO07,1,shadow,3,0.8288,0.8533,0.8344,0.4788
pdraw_wave,efficientnet_b0,V03PO07,1,shadow,4,0.7133,0.7647,0.804,0.295
pdraw_wave,efficientnet_b0,V03PO07,1,shadow,5,0.568,0.6606,0.7994,0.1656
pdraw_wave,efficientnet_b0,V03PO07,1,perspective,1,0.4049,0.4138,0.618,0.2443
pdraw_wave,efficientnet_b0,V03PO07,1,perspective,2,0.1751,0.1935,0.557,0.183
pdraw_wave,efficientnet_b0,V03PO07,1,perspective,3,0.2063,0.2255,0.5778,0.17
pdraw_wave,efficientnet_b0,V03PO07,1,perspective,4,0.0152,0.0672,0.5533,0.0891
pdraw_wave,efficientnet_b0,V03PO07,1,perspective,5,0.0618,0.117,0.5287,0.1063
pdraw_wave,efficientnet_b0,V03PO07,1,rotation,1,0.1316,0.1897,0.5475,0.1814
pdraw_wave,efficientnet_b0,V03PO07,1,rotation,2,-0.0171,0.018,0.4497,0.096
pdraw_wave,efficientnet_b0,V03PO07,1,rotation,3,-0.428,-0.4064,0.4141,0.0013
pdraw_wave,efficientnet_b0,V03PO07,1,rotation,4,0.0832,0.1344,0.3623,0.0732
pdraw_wave,efficientnet_b0,V03PO07,1,rotation,5,-0.5257,-0.5494,0.4109,0.0
pdraw_wave,mobilenet_v3_large,V09HO01,0,jpeg_compression,1,0.9943,0.9636,0.9484,0.9501
pdraw_wave,mobilenet_v3_large,V09HO01,0,jpeg_compression,2,0.979,0.8734,0.8454,0.8532
pdraw_wave,mobilenet_v3_large,V09HO01,0,jpeg_compression,3,0.9472,0.8293,0.8074,0.7767
pdraw_wave,mobilenet_v3_large,V09HO01,0,jpeg_compression,4,0.8549,0.8193,0.6658,0.7199
pdraw_wave,mobilenet_v3_large,V09HO01,0,jpeg_compression,5,0.5418,0.5512,0.5205,0.3554
pdraw_wave,mobilenet_v3_large,V09HO01,0,gaussian_blur,1,0.9512,0.8894,0.8,0.8047
pdraw_wave,mobilenet_v3_large,V09HO01,0,gaussian_blur,2,0.8415,0.7523,0.6628,0.688
pdraw_wave,mobilenet_v3_large,V09HO01,0,gaussian_blur,3,0.7817,0.7288,0.6222,0.6421
pdraw_wave,mobilenet_v3_large,V09HO01,0,gaussian_blur,4,0.7638,0.6839,0.605,0.6318
pdraw_wave,mobilenet_v3_large,V09HO01,0,gaussian_blur,5,0.7201,0.7251,0.6004,0.606
pdraw_wave,mobilenet_v3_large,V09HO01,0,gaussian_noise,1,0.9861,0.9397,0.8858,0.8857
pdraw_wave,mobilenet_v3_large,V09HO01,0,gaussian_noise,2,0.9315,0.8204,0.7378,0.8106
pdraw_wave,mobilenet_v3_large,V09HO01,0,gaussian_noise,3,0.8248,0.7217,0.6399,0.575
pdraw_wave,mobilenet_v3_large,V09HO01,0,gaussian_noise,4,0.915,0.7977,0.6981,0.7428
pdraw_wave,mobilenet_v3_large,V09HO01,0,gaussian_noise,5,0.5907,0.6108,0.5187,0.4046
pdraw_wave,mobilenet_v3_large,V09HO01,0,contrast,1,0.9251,0.845,0.762,0.7877
pdraw_wave,mobilenet_v3_large,V09HO01,0,contrast,2,0.9729,0.8928,0.8321,0.8132
pdraw_wave,mobilenet_v3_large,V09HO01,0,contrast,3,0.9887,0.9282,0.8998,0.8929
pdraw_wave,mobilenet_v3_large,V09HO01,0,contrast,4,0.9907,0.9476,0.8909,0.8599
pdraw_wave,mobilenet_v3_large,V09HO01,0,contrast,5,0.9803,0.9319,0.8626,0.8284
pdraw_wave,mobilenet_v3_large,V09HO01,0,brightness,1,0.9104,0.8866,0.7784,0.7068
pdraw_wave,mobilenet_v3_large,V09HO01,0,brightness,2,0.9739,0.929,0.8717,0.8237
pdraw_wave,mobilenet_v3_large,V09HO01,0,brightness,3,0.9829,0.93,0.8765,0.8537
pdraw_wave,mobilenet_v3_large,V09HO01,0,brightness,4,0.4959,0.5413,0.5332,0.4816
pdraw_wave,mobilenet_v3_large,V09HO01,0,brightness,5,0.4894,0.4922,0.5039,0.3449
pdraw_wave,mobilenet_v3_large,V09HO01,0,shadow,1,0.9857,0.9468,0.9044,0.8594
pdraw_wave,mobilenet_v3_large,V09HO01,0,shadow,2,0.9653,0.8985,0.8336,0.8379
pdraw_wave,mobilenet_v3_large,V09HO01,0,shadow,3,0.8857,0.8921,0.727,0.6243
pdraw_wave,mobilenet_v3_large,V09HO01,0,shadow,4,0.7888,0.8054,0.6225,0.5239
pdraw_wave,mobilenet_v3_large,V09HO01,0,shadow,5,0.7121,0.7247,0.5555,0.4753
pdraw_wave,mobilenet_v3_large,V09HO01,0,perspective,1,0.965,0.8648,0.8003,0.7649
pdraw_wave,mobilenet_v3_large,V09HO01,0,perspective,2,0.8719,0.8093,0.7295,0.6962
pdraw_wave,mobilenet_v3_large,V09HO01,0,perspective,3,0.8445,0.7517,0.678,0.6263
pdraw_wave,mobilenet_v3_large,V09HO01,0,perspective,4,0.8216,0.7728,0.6688,0.6607
pdraw_wave,mobilenet_v3_large,V09HO01,0,perspective,5,0.7399,0.7959,0.6452,0.5567
pdraw_wave,mobilenet_v3_large,V09HO01,0,rotation,1,0.7832,0.5989,0.5526,0.6401
pdraw_wave,mobilenet_v3_large,V09HO01,0,rotation,2,0.3248,0.5284,0.4972,0.3695
pdraw_wave,mobilenet_v3_large,V09HO01,0,rotation,3,0.3438,0.4544,0.4658,0.2633
pdraw_wave,mobilenet_v3_large,V09HO01,0,rotation,4,0.487,0.5593,0.5006,0.4234
pdraw_wave,mobilenet_v3_large,V09HO01,0,rotation,5,0.2062,0.4494,0.4731,0.2498
pdraw_wave,mobilenet_v3_large,V55HO10,0,jpeg_compression,1,0.9905,0.9877,0.9653,0.9123
pdraw_wave,mobilenet_v3_large,V55HO10,0,jpeg_compression,2,0.9764,0.9831,0.9367,0.8169
pdraw_wave,mobilenet_v3_large,V55HO10,0,jpeg_compression,3,0.9298,0.9715,0.8872,0.7269
pdraw_wave,mobilenet_v3_large,V55HO10,0,jpeg_compression,4,0.7751,0.8312,0.7035,0.5794
pdraw_wave,mobilenet_v3_large,V55HO10,0,jpeg_compression,5,0.4696,0.6853,0.5147,0.3381
pdraw_wave,mobilenet_v3_large,V55HO10,0,gaussian_blur,1,0.8404,0.7917,0.7772,0.7302
pdraw_wave,mobilenet_v3_large,V55HO10,0,gaussian_blur,2,0.8287,0.783,0.7606,0.7219
pdraw_wave,mobilenet_v3_large,V55HO10,0,gaussian_blur,3,0.7891,0.8129,0.7611,0.669
pdraw_wave,mobilenet_v3_large,V55HO10,0,gaussian_blur,4,0.6738,0.6942,0.6692,0.4785
pdraw_wave,mobilenet_v3_large,V55HO10,0,gaussian_blur,5,0.6681,0.7914,0.7289,0.4719
pdraw_wave,mobilenet_v3_large,V55HO10,0,gaussian_noise,1,0.8171,0.8417,0.7502,0.4987
pdraw_wave,mobilenet_v3_large,V55HO10,0,gaussian_noise,2,0.9373,0.8663,0.7926,0.6767
pdraw_wave,mobilenet_v3_large,V55HO10,0,gaussian_noise,3,0.8652,0.8237,0.7996,0.7518
pdraw_wave,mobilenet_v3_large,V55HO10,0,gaussian_noise,4,0.79,0.8421,0.7885,0.5863
pdraw_wave,mobilenet_v3_large,V55HO10,0,gaussian_noise,5,0.6096,0.8136,0.7142,0.3926
pdraw_wave,mobilenet_v3_large,V55HO10,0,contrast,1,0.9197,0.7911,0.7971,0.6915
pdraw_wave,mobilenet_v3_large,V55HO10,0,contrast,2,0.9872,0.9716,0.9545,0.8578
pdraw_wave,mobilenet_v3_large,V55HO10,0,contrast,3,0.9909,0.9967,0.9626,0.8897
pdraw_wave,mobilenet_v3_large,V55HO10,0,contrast,4,0.9847,0.9818,0.9545,0.8462
pdraw_wave,mobilenet_v3_large,V55HO10,0,contrast,5,0.9682,0.9741,0.9317,0.7952
pdraw_wave,mobilenet_v3_large,V55HO10,0,brightness,1,0.926,0.9825,0.9137,0.7374
pdraw_wave,mobilenet_v3_large,V55HO10,0,brightness,2,0.9381,0.9187,0.8831,0.7594
pdraw_wave,mobilenet_v3_large,V55HO10,0,brightness,3,0.958,0.9886,0.8869,0.8426
pdraw_wave,mobilenet_v3_large,V55HO10,0,brightness,4,0.471,0.707,0.6031,0.3522
pdraw_wave,mobilenet_v3_large,V55HO10,0,brightness,5,0.5481,0.75,0.6541,0.3247
pdraw_wave,mobilenet_v3_large,V55HO10,0,shadow,1,0.9606,0.9854,0.9571,0.8304
pdraw_wave,mobilenet_v3_large,V55HO10,0,shadow,2,0.8514,0.9694,0.8211,0.6463
pdraw_wave,mobilenet_v3_large,V55HO10,0,shadow,3,0.7252,0.8252,0.7158,0.5159
pdraw_wave,mobilenet_v3_large,V55HO10,0,shadow,4,0.5912,0.6986,0.5938,0.38
pdraw_wave,mobilenet_v3_large,V55HO10,0,shadow,5,0.5551,0.6558,0.5369,0.3782
pdraw_wave,mobilenet_v3_large,V55HO10,0,perspective,1,0.7373,0.7811,0.6665,0.5973
pdraw_wave,mobilenet_v3_large,V55HO10,0,perspective,2,0.5882,0.7182,0.6568,0.3876
pdraw_wave,mobilenet_v3_large,V55HO10,0,perspective,3,0.4994,0.5814,0.5407,0.3632
pdraw_wave,mobilenet_v3_large,V55HO10,0,perspective,4,0.5293,0.6396,0.5863,0.356
pdraw_wave,mobilenet_v3_large,V55HO10,0,perspective,5,0.4675,0.5272,0.5228,0.3162
pdraw_wave,mobilenet_v3_large,V55HO10,0,rotation,1,0.5221,0.4472,0.6155,0.3392
pdraw_wave,mobilenet_v3_large,V55HO10,0,rotation,2,0.0615,0.3268,0.5373,0.2484
pdraw_wave,mobilenet_v3_large,V55HO10,0,rotation,3,0.1081,0.3254,0.5483,0.246
pdraw_wave,mobilenet_v3_large,V55HO10,0,rotation,4,-0.071,0.0497,0.4449,0.1371
pdraw_wave,mobilenet_v3_large,V55HO10,0,rotation,5,0.214,0.2223,0.5289,0.203
pdraw_wave,mobilenet_v3_large,V08HO01,0,jpeg_compression,1,0.9958,0.9983,0.9823,0.9376
pdraw_wave,mobilenet_v3_large,V08HO01,0,jpeg_compression,2,0.9741,0.9804,0.9288,0.7992
pdraw_wave,mobilenet_v3_large,V08HO01,0,jpeg_compression,3,0.9519,0.9686,0.8402,0.7789
pdraw_wave,mobilenet_v3_large,V08HO01,0,jpeg_compression,4,0.8854,0.9154,0.6855,0.621
pdraw_wave,mobilenet_v3_large,V08HO01,0,jpeg_compression,5,0.3444,0.5222,0.4328,0.127
pdraw_wave,mobilenet_v3_large,V08HO01,0,gaussian_blur,1,0.958,0.9724,0.89,0.8109
pdraw_wave,mobilenet_v3_large,V08HO01,0,gaussian_blur,2,0.938,0.9504,0.8544,0.7982
pdraw_wave,mobilenet_v3_large,V08HO01,0,gaussian_blur,3,0.9057,0.9206,0.7891,0.7417
pdraw_wave,mobilenet_v3_large,V08HO01,0,gaussian_blur,4,0.8883,0.908,0.7776,0.7119
pdraw_wave,mobilenet_v3_large,V08HO01,0,gaussian_blur,5,0.8784,0.9257,0.8051,0.6569
pdraw_wave,mobilenet_v3_large,V08HO01,0,gaussian_noise,1,0.9801,0.971,0.9244,0.8539
pdraw_wave,mobilenet_v3_large,V08HO01,0,gaussian_noise,2,0.9388,0.9752,0.8824,0.7226
pdraw_wave,mobilenet_v3_large,V08HO01,0,gaussian_noise,3,0.8939,0.9363,0.8171,0.7011
pdraw_wave,mobilenet_v3_large,V08HO01,0,gaussian_noise,4,0.6955,0.8652,0.7126,0.4062
pdraw_wave,mobilenet_v3_large,V08HO01,0,gaussian_noise,5,0.9235,0.8571,0.7263,0.7166
pdraw_wave,mobilenet_v3_large,V08HO01,0,contrast,1,0.9219,0.9191,0.8327,0.7039
pdraw_wave,mobilenet_v3_large,V08HO01,0,contrast,2,0.9721,0.9686,0.9196,0.8486
pdraw_wave,mobilenet_v3_large,V08HO01,0,contrast,3,0.9934,0.9956,0.9722,0.9401
pdraw_wave,mobilenet_v3_large,V08HO01,0,contrast,4,0.9798,0.9642,0.9157,0.7915
pdraw_wave,mobilenet_v3_large,V08HO01,0,contrast,5,0.9657,0.9423,0.8499,0.7199
pdraw_wave,mobilenet_v3_large,V08HO01,0,brightness,1,0.8723,0.92,0.7904,0.6268
pdraw_wave,mobilenet_v3_large,V08HO01,0,brightness,2,0.9103,0.925,0.7917,0.7219
pdraw_wave,mobilenet_v3_large,V08HO01,0,brightness,3,0.9734,0.9733,0.9269,0.862
pdraw_wave,mobilenet_v3_large,V08HO01,0,brightness,4,0.8311,0.7179,0.6476,0.682
pdraw_wave,mobilenet_v3_large,V08HO01,0,brightness,5,0.7087,0.7475,0.5488,0.5799
pdraw_wave,mobilenet_v3_large,V08HO01,0,shadow,1,0.9893,0.9821,0.935,0.8925
pdraw_wave,mobilenet_v3_large,V08HO01,0,shadow,2,0.9714,0.9861,0.9246,0.8666
pdraw_wave,mobilenet_v3_large,V08HO01,0,shadow,3,0.9342,0.9685,0.8391,0.7627
pdraw_wave,mobilenet_v3_large,V08HO01,0,shadow,4,0.8696,0.8997,0.7638,0.5819
pdraw_wave,mobilenet_v3_large,V08HO01,0,shadow,5,0.7922,0.8657,0.7207,0.4792
pdraw_wave,mobilenet_v3_large,V08HO01,0,perspective,1,0.9006,0.9083,0.7513,0.6605
pdraw_wave,mobilenet_v3_large,V08HO01,0,perspective,2,0.7388,0.7832,0.6325,0.4925
pdraw_wave,mobilenet_v3_large,V08HO01,0,perspective,3,0.6671,0.7572,0.5497,0.3269
pdraw_wave,mobilenet_v3_large,V08HO01,0,perspective,4,0.7213,0.8111,0.6202,0.3967
pdraw_wave,mobilenet_v3_large,V08HO01,0,perspective,5,0.6765,0.8058,0.6647,0.4752
pdraw_wave,mobilenet_v3_large,V08HO01,0,rotation,1,0.7607,0.852,0.681,0.4748
pdraw_wave,mobilenet_v3_large,V08HO01,0,rotation,2,0.4613,0.391,0.4285,0.4005
pdraw_wave,mobilenet_v3_large,V08HO01,0,rotation,3,0.167,0.3109,0.3997,0.3377
pdraw_wave,mobilenet_v3_large,V08HO01,0,rotation,4,0.4168,0.3413,0.4386,0.3606
pdraw_wave,mobilenet_v3_large,V08HO01,0,rotation,5,0.0936,0.2338,0.442,0.2109
pdraw_wave,mobilenet_v3_large,V07HO01,0,jpeg_compression,1,0.9934,0.9987,0.9806,0.8625
pdraw_wave,mobilenet_v3_large,V07HO01,0,jpeg_compression,2,0.9782,0.996,0.9713,0.8764
pdraw_wave,mobilenet_v3_large,V07HO01,0,jpeg_compression,3,0.9428,0.9881,0.9206,0.6819
pdraw_wave,mobilenet_v3_large,V07HO01,0,jpeg_compression,4,0.8956,0.8709,0.839,0.7155
pdraw_wave,mobilenet_v3_large,V07HO01,0,jpeg_compression,5,0.2412,0.421,0.369,0.2006
pdraw_wave,mobilenet_v3_large,V07HO01,0,gaussian_blur,1,0.9633,0.8887,0.9012,0.7678
pdraw_wave,mobilenet_v3_large,V07HO01,0,gaussian_blur,2,0.9582,0.8246,0.8749,0.7653
pdraw_wave,mobilenet_v3_large,V07HO01,0,gaussian_blur,3,0.9156,0.7731,0.8323,0.7272
pdraw_wave,mobilenet_v3_large,V07HO01,0,gaussian_blur,4,0.8801,0.8854,0.8566,0.7049
pdraw_wave,mobilenet_v3_large,V07HO01,0,gaussian_blur,5,0.841,0.8104,0.7623,0.6587
pdraw_wave,mobilenet_v3_large,V07HO01,0,gaussian_noise,1,0.961,0.9943,0.947,0.7802
pdraw_wave,mobilenet_v3_large,V07HO01,0,gaussian_noise,2,0.9266,0.9219,0.8852,0.7457
pdraw_wave,mobilenet_v3_large,V07HO01,0,gaussian_noise,3,0.8534,0.837,0.7179,0.6334
pdraw_wave,mobilenet_v3_large,V07HO01,0,gaussian_noise,4,0.7152,0.8073,0.722,0.5787
pdraw_wave,mobilenet_v3_large,V07HO01,0,gaussian_noise,5,0.8352,0.8665,0.8374,0.6104
pdraw_wave,mobilenet_v3_large,V07HO01,0,contrast,1,0.9567,0.8236,0.8528,0.7164
pdraw_wave,mobilenet_v3_large,V07HO01,0,contrast,2,0.9923,0.9695,0.9498,0.8359
pdraw_wave,mobilenet_v3_large,V07HO01,0,contrast,3,0.9987,0.9996,0.9913,0.9609
pdraw_wave,mobilenet_v3_large,V07HO01,0,contrast,4,0.9861,0.9334,0.943,0.8913
pdraw_wave,mobilenet_v3_large,V07HO01,0,contrast,5,0.9756,0.9216,0.9227,0.8339
pdraw_wave,mobilenet_v3_large,V07HO01,0,brightness,1,0.7682,0.5762,0.6982,0.3355
pdraw_wave,mobilenet_v3_large,V07HO01,0,brightness,2,0.9671,0.9208,0.922,0.7789
pdraw_wave,mobilenet_v3_large,V07HO01,0,brightness,3,0.9819,0.9657,0.9419,0.8245
pdraw_wave,mobilenet_v3_large,V07HO01,0,brightness,4,0.6567,0.6784,0.734,0.4526
pdraw_wave,mobilenet_v3_large,V07HO01,0,brightness,5,0.4429,0.3247,0.4611,0.3618
pdraw_wave,mobilenet_v3_large,V07HO01,0,shadow,1,0.9774,0.9229,0.9265,0.7633
pdraw_wave,mobilenet_v3_large,V07HO01,0,shadow,2,0.9491,0.8381,0.8727,0.696
pdraw_wave,mobilenet_v3_large,V07HO01,0,shadow,3,0.9251,0.7882,0.8603,0.7094
pdraw_wave,mobilenet_v3_large,V07HO01,0,shadow,4,0.8148,0.6963,0.7596,0.537
pdraw_wave,mobilenet_v3_large,V07HO01,0,shadow,5,0.6939,0.6432,0.7198,0.3753
pdraw_wave,mobilenet_v3_large,V07HO01,0,perspective,1,0.7207,0.7347,0.692,0.5062
pdraw_wave,mobilenet_v3_large,V07HO01,0,perspective,2,0.7394,0.4282,0.6163,0.3586
pdraw_wave,mobilenet_v3_large,V07HO01,0,perspective,3,0.5682,0.621,0.7143,0.3872
pdraw_wave,mobilenet_v3_large,V07HO01,0,perspective,4,0.5226,0.6548,0.7109,0.3738
pdraw_wave,mobilenet_v3_large,V07HO01,0,perspective,5,0.5951,0.6526,0.6668,0.3262
pdraw_wave,mobilenet_v3_large,V07HO01,0,rotation,1,0.8604,0.6714,0.752,0.479
pdraw_wave,mobilenet_v3_large,V07HO01,0,rotation,2,0.3187,0.6505,0.702,0.4589
pdraw_wave,mobilenet_v3_large,V07HO01,0,rotation,3,0.8849,0.7584,0.8041,0.5924
pdraw_wave,mobilenet_v3_large,V07HO01,0,rotation,4,0.6747,0.5612,0.7033,0.3625
pdraw_wave,mobilenet_v3_large,V07HO01,0,rotation,5,0.6075,0.6111,0.6962,0.4521
pdraw_wave,mobilenet_v3_large,V55HO11,0,jpeg_compression,1,0.9817,0.9937,0.9595,0.8656
pdraw_wave,mobilenet_v3_large,V55HO11,0,jpeg_compression,2,0.9669,0.9757,0.9166,0.7588
pdraw_wave,mobilenet_v3_large,V55HO11,0,jpeg_compression,3,0.9082,0.9026,0.8208,0.6528
pdraw_wave,mobilenet_v3_large,V55HO11,0,jpeg_compression,4,0.8702,0.835,0.7623,0.5016
pdraw_wave,mobilenet_v3_large,V55HO11,0,jpeg_compression,5,0.7961,0.7406,0.6396,0.4783
pdraw_wave,mobilenet_v3_large,V55HO11,0,gaussian_blur,1,0.8919,0.889,0.8431,0.5484
pdraw_wave,mobilenet_v3_large,V55HO11,0,gaussian_blur,2,0.7846,0.6901,0.6824,0.4024
pdraw_wave,mobilenet_v3_large,V55HO11,0,gaussian_blur,3,0.7465,0.6623,0.63,0.3932
pdraw_wave,mobilenet_v3_large,V55HO11,0,gaussian_blur,4,0.6949,0.6807,0.6103,0.3709
pdraw_wave,mobilenet_v3_large,V55HO11,0,gaussian_blur,5,0.6443,0.6452,0.5987,0.3313
pdraw_wave,mobilenet_v3_large,V55HO11,0,gaussian_noise,1,0.9508,0.9626,0.8748,0.7461
pdraw_wave,mobilenet_v3_large,V55HO11,0,gaussian_noise,2,0.9349,0.935,0.8444,0.6627
pdraw_wave,mobilenet_v3_large,V55HO11,0,gaussian_noise,3,0.8872,0.9122,0.8392,0.5287
pdraw_wave,mobilenet_v3_large,V55HO11,0,gaussian_noise,4,0.8362,0.8632,0.8113,0.5136
pdraw_wave,mobilenet_v3_large,V55HO11,0,gaussian_noise,5,0.8745,0.907,0.8211,0.5767
pdraw_wave,mobilenet_v3_large,V55HO11,0,contrast,1,0.818,0.8101,0.76,0.5295
pdraw_wave,mobilenet_v3_large,V55HO11,0,contrast,2,0.9165,0.9161,0.8778,0.5848
pdraw_wave,mobilenet_v3_large,V55HO11,0,contrast,3,0.982,0.9728,0.9454,0.8169
pdraw_wave,mobilenet_v3_large,V55HO11,0,contrast,4,0.9495,0.8876,0.8421,0.8099
pdraw_wave,mobilenet_v3_large,V55HO11,0,contrast,5,0.933,0.8541,0.8167,0.7775
pdraw_wave,mobilenet_v3_large,V55HO11,0,brightness,1,0.8279,0.7061,0.6713,0.5561
pdraw_wave,mobilenet_v3_large,V55HO11,0,brightness,2,0.8651,0.7935,0.7721,0.5972
pdraw_wave,mobilenet_v3_large,V55HO11,0,brightness,3,0.936,0.8799,0.817,0.6576
pdraw_wave,mobilenet_v3_large,V55HO11,0,brightness,4,0.6429,0.6428,0.6505,0.3131
pdraw_wave,mobilenet_v3_large,V55HO11,0,brightness,5,0.5661,0.6019,0.6393,0.2442
pdraw_wave,mobilenet_v3_large,V55HO11,0,shadow,1,0.9502,0.9495,0.8952,0.6944
pdraw_wave,mobilenet_v3_large,V55HO11,0,shadow,2,0.8839,0.8075,0.7745,0.6333
pdraw_wave,mobilenet_v3_large,V55HO11,0,shadow,3,0.8033,0.7492,0.7467,0.5202
pdraw_wave,mobilenet_v3_large,V55HO11,0,shadow,4,0.7474,0.7916,0.6702,0.4419
pdraw_wave,mobilenet_v3_large,V55HO11,0,shadow,5,0.6792,0.6912,0.5931,0.381
pdraw_wave,mobilenet_v3_large,V55HO11,0,perspective,1,0.76,0.7778,0.726,0.5535
pdraw_wave,mobilenet_v3_large,V55HO11,0,perspective,2,0.7427,0.7608,0.697,0.4824
pdraw_wave,mobilenet_v3_large,V55HO11,0,perspective,3,0.7096,0.7581,0.6612,0.4949
pdraw_wave,mobilenet_v3_large,V55HO11,0,perspective,4,0.6982,0.783,0.6852,0.5498
pdraw_wave,mobilenet_v3_large,V55HO11,0,perspective,5,0.5121,0.6438,0.59,0.4158
pdraw_wave,mobilenet_v3_large,V55HO11,0,rotation,1,0.4773,0.5125,0.5068,0.2221
pdraw_wave,mobilenet_v3_large,V55HO11,0,rotation,2,0.2613,0.3606,0.3084,0.2212
pdraw_wave,mobilenet_v3_large,V55HO11,0,rotation,3,-0.1209,-0.0045,0.2615,0.0527
pdraw_wave,mobilenet_v3_large,V55HO11,0,rotation,4,0.3415,0.2623,0.2751,0.2116
pdraw_wave,mobilenet_v3_large,V55HO11,0,rotation,5,0.0182,0.2389,0.3907,0.0622
pdraw_wave,mobilenet_v3_large,V03PO01,1,jpeg_compression,1,0.9897,0.9891,0.971,0.9369
pdraw_wave,mobilenet_v3_large,V03PO01,1,jpeg_compression,2,0.9706,0.9704,0.9323,0.7463
pdraw_wave,mobilenet_v3_large,V03PO01,1,jpeg_compression,3,0.9458,0.9449,0.9024,0.6039
pdraw_wave,mobilenet_v3_large,V03PO01,1,jpeg_compression,4,0.9216,0.9204,0.8668,0.7335
pdraw_wave,mobilenet_v3_large,V03PO01,1,jpeg_compression,5,0.4928,0.456,0.7132,0.2515
pdraw_wave,mobilenet_v3_large,V03PO01,1,gaussian_blur,1,0.9201,0.9278,0.836,0.7739
pdraw_wave,mobilenet_v3_large,V03PO01,1,gaussian_blur,2,0.8801,0.901,0.7698,0.6965
pdraw_wave,mobilenet_v3_large,V03PO01,1,gaussian_blur,3,0.8174,0.8358,0.7501,0.4661
pdraw_wave,mobilenet_v3_large,V03PO01,1,gaussian_blur,4,0.7461,0.7788,0.6917,0.3577
pdraw_wave,mobilenet_v3_large,V03PO01,1,gaussian_blur,5,0.7129,0.753,0.6753,0.3653
pdraw_wave,mobilenet_v3_large,V03PO01,1,gaussian_noise,1,0.9583,0.9552,0.9286,0.7293
pdraw_wave,mobilenet_v3_large,V03PO01,1,gaussian_noise,2,0.874,0.8726,0.8058,0.53
pdraw_wave,mobilenet_v3_large,V03PO01,1,gaussian_noise,3,0.8903,0.8999,0.839,0.4974
pdraw_wave,mobilenet_v3_large,V03PO01,1,gaussian_noise,4,0.8967,0.9095,0.8505,0.4687
pdraw_wave,mobilenet_v3_large,V03PO01,1,gaussian_noise,5,0.8734,0.8847,0.7574,0.6159
pdraw_wave,mobilenet_v3_large,V03PO01,1,contrast,1,0.9406,0.9397,0.8828,0.6348
pdraw_wave,mobilenet_v3_large,V03PO01,1,contrast,2,0.9894,0.99,0.9765,0.7859
pdraw_wave,mobilenet_v3_large,V03PO01,1,contrast,3,0.9956,0.9962,0.9868,0.9293
pdraw_wave,mobilenet_v3_large,V03PO01,1,contrast,4,0.966,0.9629,0.9202,0.8362
pdraw_wave,mobilenet_v3_large,V03PO01,1,contrast,5,0.9587,0.9553,0.896,0.7875
pdraw_wave,mobilenet_v3_large,V03PO01,1,brightness,1,0.9276,0.9338,0.8907,0.5989
pdraw_wave,mobilenet_v3_large,V03PO01,1,brightness,2,0.9605,0.9624,0.9276,0.6759
pdraw_wave,mobilenet_v3_large,V03PO01,1,brightness,3,0.9761,0.978,0.9533,0.7889
pdraw_wave,mobilenet_v3_large,V03PO01,1,brightness,4,0.7664,0.7304,0.567,0.5291
pdraw_wave,mobilenet_v3_large,V03PO01,1,brightness,5,0.6051,0.5532,0.4161,0.3394
pdraw_wave,mobilenet_v3_large,V03PO01,1,shadow,1,0.9723,0.9747,0.9692,0.7404
pdraw_wave,mobilenet_v3_large,V03PO01,1,shadow,2,0.9475,0.9478,0.9405,0.5523
pdraw_wave,mobilenet_v3_large,V03PO01,1,shadow,3,0.897,0.8968,0.8582,0.52
pdraw_wave,mobilenet_v3_large,V03PO01,1,shadow,4,0.8262,0.8388,0.7834,0.4413
pdraw_wave,mobilenet_v3_large,V03PO01,1,shadow,5,0.7818,0.7919,0.7915,0.3988
pdraw_wave,mobilenet_v3_large,V03PO01,1,perspective,1,0.8691,0.8955,0.8478,0.4527
pdraw_wave,mobilenet_v3_large,V03PO01,1,perspective,2,0.8321,0.8406,0.7706,0.4288
pdraw_wave,mobilenet_v3_large,V03PO01,1,perspective,3,0.7508,0.7465,0.7253,0.3874
pdraw_wave,mobilenet_v3_large,V03PO01,1,perspective,4,0.6677,0.659,0.6341,0.2975
pdraw_wave,mobilenet_v3_large,V03PO01,1,perspective,5,0.5999,0.5749,0.6208,0.2597
pdraw_wave,mobilenet_v3_large,V03PO01,1,rotation,1,0.5322,0.4937,0.5877,0.3
pdraw_wave,mobilenet_v3_large,V03PO01,1,rotation,2,0.2813,0.4367,0.1757,0.3091
pdraw_wave,mobilenet_v3_large,V03PO01,1,rotation,3,0.0037,0.0075,0.1002,0.1869
pdraw_wave,mobilenet_v3_large,V03PO01,1,rotation,4,0.2417,0.2346,0.081,0.294
pdraw_wave,mobilenet_v3_large,V03PO01,1,rotation,5,0.1799,0.2446,0.1562,0.2189
pdraw_wave,mobilenet_v3_large,V11PO01,1,jpeg_compression,1,0.9957,0.9963,0.9798,0.8889
pdraw_wave,mobilenet_v3_large,V11PO01,1,jpeg_compression,2,0.9663,0.9527,0.8162,0.7921
pdraw_wave,mobilenet_v3_large,V11PO01,1,jpeg_compression,3,0.9488,0.9482,0.8011,0.6587
pdraw_wave,mobilenet_v3_large,V11PO01,1,jpeg_compression,4,0.8361,0.8792,0.7301,0.3956
pdraw_wave,mobilenet_v3_large,V11PO01,1,jpeg_compression,5,0.6768,0.7131,0.6184,0.3321
pdraw_wave,mobilenet_v3_large,V11PO01,1,gaussian_blur,1,0.9,0.9114,0.8006,0.6657
pdraw_wave,mobilenet_v3_large,V11PO01,1,gaussian_blur,2,0.7911,0.7957,0.7451,0.6066
pdraw_wave,mobilenet_v3_large,V11PO01,1,gaussian_blur,3,0.6625,0.6586,0.5815,0.4686
pdraw_wave,mobilenet_v3_large,V11PO01,1,gaussian_blur,4,0.6845,0.6365,0.5703,0.5291
pdraw_wave,mobilenet_v3_large,V11PO01,1,gaussian_blur,5,0.6806,0.6249,0.5761,0.4879
pdraw_wave,mobilenet_v3_large,V11PO01,1,gaussian_noise,1,0.9823,0.9809,0.9449,0.7892
pdraw_wave,mobilenet_v3_large,V11PO01,1,gaussian_noise,2,0.921,0.9343,0.833,0.6175
pdraw_wave,mobilenet_v3_large,V11PO01,1,gaussian_noise,3,0.9315,0.9173,0.8071,0.5908
pdraw_wave,mobilenet_v3_large,V11PO01,1,gaussian_noise,4,0.9085,0.9094,0.7254,0.6342
pdraw_wave,mobilenet_v3_large,V11PO01,1,gaussian_noise,5,0.9055,0.9253,0.7712,0.5983
pdraw_wave,mobilenet_v3_large,V11PO01,1,contrast,1,0.9265,0.9566,0.851,0.636
pdraw_wave,mobilenet_v3_large,V11PO01,1,contrast,2,0.9648,0.9572,0.8807,0.7381
pdraw_wave,mobilenet_v3_large,V11PO01,1,contrast,3,0.9944,0.9951,0.9837,0.8703
pdraw_wave,mobilenet_v3_large,V11PO01,1,contrast,4,0.989,0.9855,0.9218,0.8592
pdraw_wave,mobilenet_v3_large,V11PO01,1,contrast,5,0.9814,0.9605,0.9007,0.8292
pdraw_wave,mobilenet_v3_large,V11PO01,1,brightness,1,0.926,0.9384,0.8707,0.6502
pdraw_wave,mobilenet_v3_large,V11PO01,1,brightness,2,0.9214,0.8864,0.757,0.7136
pdraw_wave,mobilenet_v3_large,V11PO01,1,brightness,3,0.9648,0.9712,0.88,0.8057
pdraw_wave,mobilenet_v3_large,V11PO01,1,brightness,4,0.7013,0.7719,0.5538,0.3308
pdraw_wave,mobilenet_v3_large,V11PO01,1,brightness,5,0.4351,0.5801,0.3084,0.3638
pdraw_wave,mobilenet_v3_large,V11PO01,1,shadow,1,0.9637,0.9601,0.9349,0.805
pdraw_wave,mobilenet_v3_large,V11PO01,1,shadow,2,0.9438,0.9232,0.8653,0.747
pdraw_wave,mobilenet_v3_large,V11PO01,1,shadow,3,0.8977,0.8794,0.7999,0.6656
pdraw_wave,mobilenet_v3_large,V11PO01,1,shadow,4,0.8433,0.8504,0.7027,0.5946
pdraw_wave,mobilenet_v3_large,V11PO01,1,shadow,5,0.813,0.8288,0.6516,0.5709
pdraw_wave,mobilenet_v3_large,V11PO01,1,perspective,1,0.8547,0.8757,0.7866,0.4371
pdraw_wave,mobilenet_v3_large,V11PO01,1,perspective,2,0.6974,0.8258,0.7473,0.3241
pdraw_wave,mobilenet_v3_large,V11PO01,1,perspective,3,0.7376,0.8061,0.6998,0.429
pdraw_wave,mobilenet_v3_large,V11PO01,1,perspective,4,0.6008,0.6731,0.6172,0.2709
pdraw_wave,mobilenet_v3_large,V11PO01,1,perspective,5,0.6787,0.6689,0.6276,0.3547
pdraw_wave,mobilenet_v3_large,V11PO01,1,rotation,1,0.4763,0.6379,0.4657,0.3101
pdraw_wave,mobilenet_v3_large,V11PO01,1,rotation,2,0.3385,0.2508,0.3199,0.17
pdraw_wave,mobilenet_v3_large,V11PO01,1,rotation,3,0.3277,0.5383,0.3298,0.2883
pdraw_wave,mobilenet_v3_large,V11PO01,1,rotation,4,0.3161,0.4372,0.2795,0.2743
pdraw_wave,mobilenet_v3_large,V11PO01,1,rotation,5,0.432,0.3643,0.2346,0.314
pdraw_wave,mobilenet_v3_large,V08PO01,1,jpeg_compression,1,0.9933,0.9802,0.9467,0.868
pdraw_wave,mobilenet_v3_large,V08PO01,1,jpeg_compression,2,0.9736,0.9812,0.924,0.7976
pdraw_wave,mobilenet_v3_large,V08PO01,1,jpeg_compression,3,0.9501,0.9352,0.8369,0.8138
pdraw_wave,mobilenet_v3_large,V08PO01,1,jpeg_compression,4,0.9186,0.9531,0.8344,0.6558
pdraw_wave,mobilenet_v3_large,V08PO01,1,jpeg_compression,5,0.7233,0.7832,0.5084,0.4866
pdraw_wave,mobilenet_v3_large,V08PO01,1,gaussian_blur,1,0.9113,0.8406,0.7604,0.6364
pdraw_wave,mobilenet_v3_large,V08PO01,1,gaussian_blur,2,0.7407,0.7922,0.5883,0.4557
pdraw_wave,mobilenet_v3_large,V08PO01,1,gaussian_blur,3,0.5851,0.7901,0.5774,0.418
pdraw_wave,mobilenet_v3_large,V08PO01,1,gaussian_blur,4,0.3368,0.6629,0.4923,0.3761
pdraw_wave,mobilenet_v3_large,V08PO01,1,gaussian_blur,5,0.5497,0.7858,0.5749,0.4821
pdraw_wave,mobilenet_v3_large,V08PO01,1,gaussian_noise,1,0.9626,0.9258,0.7993,0.8101
pdraw_wave,mobilenet_v3_large,V08PO01,1,gaussian_noise,2,0.8634,0.8676,0.7402,0.7029
pdraw_wave,mobilenet_v3_large,V08PO01,1,gaussian_noise,3,0.9304,0.8724,0.7874,0.7916
pdraw_wave,mobilenet_v3_large,V08PO01,1,gaussian_noise,4,0.8217,0.8133,0.6996,0.6326
pdraw_wave,mobilenet_v3_large,V08PO01,1,gaussian_noise,5,0.8318,0.8494,0.7186,0.6719
pdraw_wave,mobilenet_v3_large,V08PO01,1,contrast,1,0.9268,0.9413,0.8367,0.725
pdraw_wave,mobilenet_v3_large,V08PO01,1,contrast,2,0.9868,0.982,0.952,0.8822
pdraw_wave,mobilenet_v3_large,V08PO01,1,contrast,3,0.993,0.9883,0.9707,0.9063
pdraw_wave,mobilenet_v3_large,V08PO01,1,contrast,4,0.9909,0.9762,0.9247,0.8651
pdraw_wave,mobilenet_v3_large,V08PO01,1,contrast,5,0.9646,0.9473,0.8659,0.7717
pdraw_wave,mobilenet_v3_large,V08PO01,1,brightness,1,0.8846,0.9228,0.7836,0.7619
pdraw_wave,mobilenet_v3_large,V08PO01,1,brightness,2,0.938,0.9604,0.8774,0.7767
pdraw_wave,mobilenet_v3_large,V08PO01,1,brightness,3,0.9781,0.9941,0.9637,0.8224
pdraw_wave,mobilenet_v3_large,V08PO01,1,brightness,4,0.4833,0.5353,0.5155,0.3202
pdraw_wave,mobilenet_v3_large,V08PO01,1,brightness,5,0.2474,0.2294,0.3695,0.281
pdraw_wave,mobilenet_v3_large,V08PO01,1,shadow,1,0.9816,0.9908,0.9486,0.8819
pdraw_wave,mobilenet_v3_large,V08PO01,1,shadow,2,0.938,0.9225,0.789,0.7987
pdraw_wave,mobilenet_v3_large,V08PO01,1,shadow,3,0.884,0.8719,0.708,0.7293
pdraw_wave,mobilenet_v3_large,V08PO01,1,shadow,4,0.8024,0.7611,0.6543,0.6542
pdraw_wave,mobilenet_v3_large,V08PO01,1,shadow,5,0.7683,0.726,0.6175,0.5949
pdraw_wave,mobilenet_v3_large,V08PO01,1,perspective,1,0.6642,0.7623,0.6402,0.4114
pdraw_wave,mobilenet_v3_large,V08PO01,1,perspective,2,0.5139,0.6123,0.5843,0.3043
pdraw_wave,mobilenet_v3_large,V08PO01,1,perspective,3,0.4853,0.6033,0.516,0.2731
pdraw_wave,mobilenet_v3_large,V08PO01,1,perspective,4,0.5513,0.7296,0.6253,0.2757
pdraw_wave,mobilenet_v3_large,V08PO01,1,perspective,5,0.5198,0.5779,0.536,0.3102
pdraw_wave,mobilenet_v3_large,V08PO01,1,rotation,1,0.4186,0.3981,0.4476,0.3972
pdraw_wave,mobilenet_v3_large,V08PO01,1,rotation,2,0.3049,0.4689,0.4548,0.3562
pdraw_wave,mobilenet_v3_large,V08PO01,1,rotation,3,0.498,0.4381,0.4424,0.428
pdraw_wave,mobilenet_v3_large,V08PO01,1,rotation,4,0.381,0.4064,0.4644,0.3288
pdraw_wave,mobilenet_v3_large,V08PO01,1,rotation,5,0.4145,0.2897,0.4436,0.3562
pdraw_wave,mobilenet_v3_large,V06PO01,1,jpeg_compression,1,0.9858,0.9861,0.9356,0.8806
pdraw_wave,mobilenet_v3_large,V06PO01,1,jpeg_compression,2,0.987,0.9878,0.9669,0.701
pdraw_wave,mobilenet_v3_large,V06PO01,1,jpeg_compression,3,0.9318,0.9309,0.8915,0.607
pdraw_wave,mobilenet_v3_large,V06PO01,1,jpeg_compression,4,0.8931,0.8911,0.8535,0.4542
pdraw_wave,mobilenet_v3_large,V06PO01,1,jpeg_compression,5,0.6456,0.6594,0.6838,0.3601
pdraw_wave,mobilenet_v3_large,V06PO01,1,gaussian_blur,1,0.9047,0.9237,0.8112,0.5527
pdraw_wave,mobilenet_v3_large,V06PO01,1,gaussian_blur,2,0.7335,0.7949,0.7299,0.2735
pdraw_wave,mobilenet_v3_large,V06PO01,1,gaussian_blur,3,0.5217,0.6144,0.5791,0.2195
pdraw_wave,mobilenet_v3_large,V06PO01,1,gaussian_blur,4,0.3983,0.4788,0.5133,0.1703
pdraw_wave,mobilenet_v3_large,V06PO01,1,gaussian_blur,5,0.407,0.4899,0.503,0.1438
pdraw_wave,mobilenet_v3_large,V06PO01,1,gaussian_noise,1,0.9754,0.9759,0.9183,0.7782
pdraw_wave,mobilenet_v3_large,V06PO01,1,gaussian_noise,2,0.9379,0.9419,0.8823,0.6525
pdraw_wave,mobilenet_v3_large,V06PO01,1,gaussian_noise,3,0.8601,0.8574,0.8382,0.4982
pdraw_wave,mobilenet_v3_large,V06PO01,1,gaussian_noise,4,0.8883,0.8838,0.8474,0.5281
pdraw_wave,mobilenet_v3_large,V06PO01,1,gaussian_noise,5,0.8497,0.8396,0.8483,0.4643
pdraw_wave,mobilenet_v3_large,V06PO01,1,contrast,1,0.9512,0.9483,0.9095,0.615
pdraw_wave,mobilenet_v3_large,V06PO01,1,contrast,2,0.9731,0.9718,0.959,0.7625
pdraw_wave,mobilenet_v3_large,V06PO01,1,contrast,3,0.9945,0.9911,0.9529,0.8911
pdraw_wave,mobilenet_v3_large,V06PO01,1,contrast,4,0.9905,0.9915,0.9775,0.7759
pdraw_wave,mobilenet_v3_large,V06PO01,1,contrast,5,0.982,0.9826,0.9512,0.6905
pdraw_wave,mobilenet_v3_large,V06PO01,1,brightness,1,0.9296,0.9267,0.8554,0.6089
pdraw_wave,mobilenet_v3_large,V06PO01,1,brightness,2,0.9327,0.9193,0.8064,0.6317
pdraw_wave,mobilenet_v3_large,V06PO01,1,brightness,3,0.9813,0.9817,0.9519,0.727
pdraw_wave,mobilenet_v3_large,V06PO01,1,brightness,4,0.7173,0.641,0.6206,0.4286
pdraw_wave,mobilenet_v3_large,V06PO01,1,brightness,5,0.5633,0.5088,0.4412,0.3912
pdraw_wave,mobilenet_v3_large,V06PO01,1,shadow,1,0.981,0.9869,0.9724,0.6494
pdraw_wave,mobilenet_v3_large,V06PO01,1,shadow,2,0.9438,0.9555,0.9124,0.5988
pdraw_wave,mobilenet_v3_large,V06PO01,1,shadow,3,0.847,0.8788,0.7327,0.4618
pdraw_wave,mobilenet_v3_large,V06PO01,1,shadow,4,0.7394,0.7915,0.6188,0.3809
pdraw_wave,mobilenet_v3_large,V06PO01,1,shadow,5,0.7437,0.8157,0.5898,0.3785
pdraw_wave,mobilenet_v3_large,V06PO01,1,perspective,1,0.9166,0.9145,0.8855,0.5222
pdraw_wave,mobilenet_v3_large,V06PO01,1,perspective,2,0.6946,0.6971,0.7193,0.3574
pdraw_wave,mobilenet_v3_large,V06PO01,1,perspective,3,0.7043,0.6836,0.7097,0.3321
pdraw_wave,mobilenet_v3_large,V06PO01,1,perspective,4,0.575,0.541,0.5903,0.2686
pdraw_wave,mobilenet_v3_large,V06PO01,1,perspective,5,0.5554,0.5261,0.6158,0.228
pdraw_wave,mobilenet_v3_large,V06PO01,1,rotation,1,0.7897,0.7457,0.6436,0.4409
pdraw_wave,mobilenet_v3_large,V06PO01,1,rotation,2,0.2318,0.2812,0.2626,0.1754
pdraw_wave,mobilenet_v3_large,V06PO01,1,rotation,3,0.2649,0.434,0.2703,0.2082
pdraw_wave,mobilenet_v3_large,V06PO01,1,rotation,4,0.0068,0.1887,0.1566,0.1501
pdraw_wave,mobilenet_v3_large,V06PO01,1,rotation,5,0.3527,0.494,0.2514,0.2803
pdraw_wave,mobilenet_v3_large,V03PO07,1,jpeg_compression,1,0.9793,0.9704,0.9389,0.8934
pdraw_wave,mobilenet_v3_large,V03PO07,1,jpeg_compression,2,0.9754,0.9741,0.9307,0.8229
pdraw_wave,mobilenet_v3_large,V03PO07,1,jpeg_compression,3,0.9511,0.9378,0.8809,0.7214
pdraw_wave,mobilenet_v3_large,V03PO07,1,jpeg_compression,4,0.9395,0.9307,0.9082,0.5862
pdraw_wave,mobilenet_v3_large,V03PO07,1,jpeg_compression,5,0.6716,0.6188,0.6989,0.3815
pdraw_wave,mobilenet_v3_large,V03PO07,1,gaussian_blur,1,0.9516,0.9416,0.9339,0.6561
pdraw_wave,mobilenet_v3_large,V03PO07,1,gaussian_blur,2,0.9359,0.9281,0.9157,0.5301
pdraw_wave,mobilenet_v3_large,V03PO07,1,gaussian_blur,3,0.9256,0.9177,0.9041,0.4966
pdraw_wave,mobilenet_v3_large,V03PO07,1,gaussian_blur,4,0.9152,0.9103,0.8817,0.4896
pdraw_wave,mobilenet_v3_large,V03PO07,1,gaussian_blur,5,0.9062,0.8965,0.8574,0.4994
pdraw_wave,mobilenet_v3_large,V03PO07,1,gaussian_noise,1,0.9665,0.965,0.8997,0.8032
pdraw_wave,mobilenet_v3_large,V03PO07,1,gaussian_noise,2,0.9519,0.9448,0.9007,0.8037
pdraw_wave,mobilenet_v3_large,V03PO07,1,gaussian_noise,3,0.9287,0.9299,0.8803,0.686
pdraw_wave,mobilenet_v3_large,V03PO07,1,gaussian_noise,4,0.9159,0.9054,0.8603,0.624
pdraw_wave,mobilenet_v3_large,V03PO07,1,gaussian_noise,5,0.8598,0.8814,0.8423,0.5948
pdraw_wave,mobilenet_v3_large,V03PO07,1,contrast,1,0.923,0.9141,0.8886,0.7561
pdraw_wave,mobilenet_v3_large,V03PO07,1,contrast,2,0.9739,0.9699,0.9371,0.8831
pdraw_wave,mobilenet_v3_large,V03PO07,1,contrast,3,0.9871,0.9834,0.9737,0.8954
pdraw_wave,mobilenet_v3_large,V03PO07,1,contrast,4,0.9843,0.9768,0.9524,0.9114
pdraw_wave,mobilenet_v3_large,V03PO07,1,contrast,5,0.9794,0.9752,0.8945,0.8666
pdraw_wave,mobilenet_v3_large,V03PO07,1,brightness,1,0.9054,0.9121,0.8438,0.5816
pdraw_wave,mobilenet_v3_large,V03PO07,1,brightness,2,0.92,0.9309,0.863,0.565
pdraw_wave,mobilenet_v3_large,V03PO07,1,brightness,3,0.958,0.9589,0.869,0.7584
pdraw_wave,mobilenet_v3_large,V03PO07,1,brightness,4,0.6571,0.6053,0.6444,0.3764
pdraw_wave,mobilenet_v3_large,V03PO07,1,brightness,5,0.8683,0.8913,0.7698,0.5504
pdraw_wave,mobilenet_v3_large,V03PO07,1,shadow,1,0.9635,0.9591,0.9147,0.79
pdraw_wave,mobilenet_v3_large,V03PO07,1,shadow,2,0.9226,0.9225,0.8837,0.6064
pdraw_wave,mobilenet_v3_large,V03PO07,1,shadow,3,0.8874,0.8845,0.8633,0.4835
pdraw_wave,mobilenet_v3_large,V03PO07,1,shadow,4,0.8357,0.8474,0.8033,0.3942
pdraw_wave,mobilenet_v3_large,V03PO07,1,shadow,5,0.7559,0.7901,0.7616,0.2828
pdraw_wave,mobilenet_v3_large,V03PO07,1,perspective,1,0.8506,0.8748,0.8161,0.4073
pdraw_wave,mobilenet_v3_large,V03PO07,1,perspective,2,0.6924,0.7282,0.69,0.327
pdraw_wave,mobilenet_v3_large,V03PO07,1,perspective,3,0.6545,0.6795,0.663,0.3164
pdraw_wave,mobilenet_v3_large,V03PO07,1,perspective,4,0.6347,0.6418,0.6535,0.3331
pdraw_wave,mobilenet_v3_large,V03PO07,1,perspective,5,0.5718,0.5726,0.6296,0.3121
pdraw_wave,mobilenet_v3_large,V03PO07,1,rotation,1,0.6495,0.5908,0.4867,0.4337
pdraw_wave,mobilenet_v3_large,V03PO07,1,rotation,2,0.3283,0.3247,0.3208,0.2259
pdraw_wave,mobilenet_v3_large,V03PO07,1,rotation,3,0.1533,0.3725,0.1278,0.2681
pdraw_wave,mobilenet_v3_large,V03PO07,1,rotation,4,0.2234,0.3409,0.1367,0.2168
pdraw_wave,mobilenet_v3_large,V03PO07,1,rotation,5,0.258,0.2586,0.2598,0.1682
