dataset,model,corruption,level,path,y_true,y_prob,y_pred
pdraw_spiral,resnet50,clean,0,C:\Users\ramti\Desktop\ramtin legion pc\article_project\data\raw\pdraw_spiral\test\healthy\V01HE01.png,0,0.609532,1
pdraw_spiral,resnet50,clean,0,C:\Users\ramti\Desktop\ramtin legion pc\article_project\data\raw\pdraw_spiral\test\healthy\V02HE01.png,0,0.579753,1
pdraw_spiral,resnet50,clean,0,C:\Users\ramti\Desktop\ramtin legion pc\article_project\data\raw\pdraw_spiral\test\healthy\V03HE1.png,0,0.542905,1
pdraw_spiral,resnet50,clean,0,C:\Users\ramti\Desktop\ramtin legion pc\article_project\data\raw\pdraw_spiral\test\healthy\V04HE01.png,0,0.412924,0
pdraw_spiral,resnet50,clean,0,C:\Users\ramti\Desktop\ramtin legion pc\article_project\data\raw\pdraw_spiral\test\healthy\V05HE01.png,0,0.487841,0
pdraw_spiral,resnet50,clean,0,C:\Users\ramti\Desktop\ramtin legion pc\article_project\data\raw\pdraw_spiral\test\healthy\V06HE01.png,0,0.563881,1
pdraw_spiral,resnet50,clean,0,C:\Users\ramti\Desktop\ramtin legion pc\article_project\data\raw\pdraw_spiral\test\healthy\V07HE01.png,0,0.481926,0
pdraw_spiral,resnet50,clean,0,C:\Users\ramti\Desktop\ramtin legion pc\article_project\data\raw\pdraw_spiral\test\healthy\V08HE01.png,0,0.457263,0
pdraw_spiral,resnet50,clean,0,C:\Users\ramti\Desktop\ramtin legion pc\article_project\data\raw\pdraw_spiral\test\healthy\V09HE01.png,0,0.553865,1
pdraw_spiral,resnet50,clean,0,C:\Users\ramti\Desktop\ramtin legion pc\article_project\data\raw\pdraw_spiral\test\healthy\V10HE01.png,0,0.425732,0
pdraw_spiral,resnet50,clean,0,C:\Users\ramti\Desktop\ramtin legion pc\article_project\data\raw\pdraw_spiral\test\healthy\V11HE01.png,0,0.469382,0
pdraw_spiral,resnet50,clean,0,C:\Users\ramti\Desktop\ramtin legion pc\article_project\data\raw\pdraw_spiral\test\healthy\V55HE12.png,0,0.365879,0
pdraw_spiral,resnet50,clean,0,C:\Users\ramti\Desktop\ramtin legion pc\article_project\data\raw\pdraw_spiral\test\healthy\V55HE13.png,0,0.427739,0
pdraw_spiral,resnet50,clean,0,C:\Users\ramti\Desktop\ramtin legion pc\article_project\data\raw\pdraw_spiral\test\healthy\V55HE14.png,0,0.365171,0
pdraw_spiral,resnet50,clean,0,C:\Users\ramti\Desktop\ramtin legion pc\article_project\data\raw\pdraw_spiral\test\healthy\V55HE15.png,0,0.361014,0
pdraw_spiral,resnet50,clean,0,C:\Users\ramti\Desktop\ramtin legion pc\article_project\data\raw\pdraw_spiral\test\parkinson\V01PE01.png,1,0.551819,1
pdraw_spiral,resnet50,clean,0,C:\Users\ramti\Desktop\ramtin legion pc\article_project\data\raw\pdraw_spiral\test\parkinson\V02PE01.png,1,0.629678,1
pdraw_spiral,resnet50,clean,0,C:\Users\ramti\Desktop\ramtin legion pc\article_project\data\raw\pdraw_spiral\test\parkinson\V03PE01.png,1,0.846702,1
pdraw_spiral,resnet50,clean,0,C:\Users\ramti\Desktop\ramtin legion pc\article_project\data\raw\pdraw_spiral\test\parkinson\V03PE04.png,1,0.807926,1
pdraw_spiral,resnet50,clean,0,C:\Users\ramti\Desktop\ramtin legion pc\article_project\data\raw\pdraw_spiral\test\parkinson\V03PE07.png,1,0.766762,1
pdraw_spiral,resnet50,clean,0,C:\Users\ramti\Desktop\ramtin legion pc\article_project\data\raw\pdraw_spiral\test\parkinson\V04PE01.png,1,0.701474,1
pdraw_spiral,resnet50,clean,0,C:\Users\ramti\Desktop\ramtin legion pc\article_project\data\raw\pdraw_spiral\test\parkinson\V05PE01.png,1,0.753335,1
pdraw_spiral,resnet50,clean,0,C:\Users\ramti\Desktop\ramtin legion pc\article_project\data\raw\pdraw_spiral\test\parkinson\V06PE01.png,1,0.668967,1
pdraw_spiral,resnet50,clean,0,C:\Users\ramti\Desktop\ramtin legion pc\article_project\data\raw\pdraw_spiral\test\parkinson\V07PE01.png,1,0.834484,1
pdraw_spiral,resnet50,clean,0,C:\Users\ramti\Desktop\ramtin legion pc\article_project\data\raw\pdraw_spiral\test\parkinson\V08PE01.png,1,0.477307,0
pdraw_spiral,resnet50,clean,0,C:\Users\ramti\Desktop\ramtin legion pc\article_project\data\raw\pdraw_spiral\test\parkinson\V09PE01.png,1,0.690980,1
pdraw_spiral,resnet50,clean,0,C:\Users\ramti\Desktop\ramtin legion pc\article_project\data\raw\pdraw_spiral\test\parkinson\V10PE03.png,1,0.583832,1
pdraw_spiral,resnet50,clean,0,C:\Users\ramti\Desktop\ramtin legion pc\article_project\data\raw\pdraw_spiral\test\parkinson\V11PE03.png,1,0.606106,1
pdraw_spiral,resnet50,clean,0,C:\Users\ramti\Desktop\ramtin legion pc\article_project\data\raw\pdraw_spiral\test\parkinson\V14PE03.png,1,0.830153,1
pdraw_spiral,resnet50,clean,0,C:\Users\ramti\Desktop\ramtin legion pc\article_project\data\raw\pdraw_spiral\test\parkinson\V15PE01.png,1,0.707076,1
pdraw_spiral,resnet50,jpeg_compression,1,C:\Users\ramti\Desktop\ramtin legion pc\article_project\data\raw\pdraw_spiral\test\healthy\V01HE01.png,0,0.627003,1
pdraw_spiral,resnet50,jpeg_compression,1,C:\Users\ramti\Desktop\ramtin legion pc\article_project\data\raw\pdraw_spiral\test\healthy\V02HE01.png,0,0.593285,1
pdraw_spiral,resnet50,jpeg_compression,1,C:\Users\ramti\Desktop\ramtin legion pc\article_project\data\raw\pdraw_spiral\test\healthy\V03HE1.png,0,0.577054,1
pdraw_spiral,resnet50,jpeg_compression,1,C:\Users\ramti\Desktop\ramtin legion pc\article_project\data\raw\pdraw_spiral\test\healthy\V04HE01.png,0,0.474650,0
pdraw_spiral,resnet50,jpeg_compression,1,C:\Users\ramti\Desktop\ramtin legion pc\article_project\data\raw\pdraw_spiral\test\healthy\V05HE01.png,0,0.491948,0
pdraw_spiral,resnet50,jpeg_compression,1,C:\Users\ramti\Desktop\ramtin legion pc\article_project\data\raw\pdraw_spiral\test\healthy\V06HE01.png,0,0.641996,1
pdraw_spiral,resnet50,jpeg_compression,1,C:\Users\ramti\Desktop\ramtin legion pc\article_project\data\raw\pdraw_spiral\test\healthy\V07HE01.png,0,0.533489,1
pdraw_spiral,resnet50,jpeg_compression,1,C:\Users\ramti\Desktop\ramtin legion pc\article_project\data\raw\pdraw_spiral\test\healthy\V08HE01.png,0,0.533836,1
pdraw_spiral,resnet50,jpeg_compression,1,C:\Users\ramti\Desktop\ramtin legion pc\article_project\data\raw\pdraw_spiral\test\healthy\V09HE01.png,0,0.647049,1
pdraw_spiral,resnet50,jpeg_compression,1,C:\Users\ramti\Desktop\ramtin legion pc\article_project\data\raw\pdraw_spiral\test\healthy\V10HE01.png,0,0.467826,0
pdraw_spiral,resnet50,jpeg_compression,1,C:\Users\ramti\Desktop\ramtin legion pc\article_project\data\raw\pdraw_spiral\test\healthy\V11HE01.png,0,0.471797,0
pdraw_spiral,resnet50,jpeg_compression,1,C:\Users\ramti\Desktop\ramtin legion pc\article_project\data\raw\pdraw_spiral\test\healthy\V55HE12.png,0,0.367823,0
pdraw_spiral,resnet50,jpeg_compression,1,C:\Users\ramti\Desktop\ramtin legion pc\article_project\data\raw\pdraw_spiral\test\healthy\V55HE13.png,0,0.453568,0
pdraw_spiral,resnet50,jpeg_compression,1,C:\Users\ramti\Desktop\ramtin legion pc\article_project\data\raw\pdraw_spiral\test\healthy\V55HE14.png,0,0.382193,0
pdraw_spiral,resnet50,jpeg_compression,1,C:\Users\ramti\Desktop\ramtin legion pc\article_project\data\raw\pdraw_spiral\test\healthy\V55HE15.png,0,0.364299,0
pdraw_spiral,resnet50,jpeg_compression,1,C:\Users\ramti\Desktop\ramtin legion pc\article_project\data\raw\pdraw_spiral\test\parkinson\V01PE01.png,1,0.637164,1
pdraw_spiral,resnet50,jpeg_compression,1,C:\Users\ramti\Desktop\ramtin legion pc\article_project\data\raw\pdraw_spiral\test\parkinson\V02PE01.png,1,0.648157,1
pdraw_spiral,resnet50,jpeg_compression,1,C:\Users\ramti\Desktop\ramtin legion pc\article_project\data\raw\pdraw_spiral\test\parkinson\V03PE01.png,1,0.856079,1
pdraw_spiral,resnet50,jpeg_compression,1,C:\Users\ramti\Desktop\ramtin legion pc\article_project\data\raw\pdraw_spiral\test\parkinson\V03PE04.png,1,0.831487,1
pdraw_spiral,resnet50,jpeg_compression,1,C:\Users\ramti\Desktop\ramtin legion pc\article_project\data\raw\pdraw_spiral\test\parkinson\V03PE07.png,1,0.789999,1
pdraw_spiral,resnet50,jpeg_compression,1,C:\Users\ramti\Desktop\ramtin legion pc\article_project\data\raw\pdraw_spiral\test\parkinson\V04PE01.png,1,0.709484,1
pdraw_spiral,resnet50,jpeg_compression,1,C:\Users\ramti\Desktop\ramtin legion pc\article_project\data\raw\pdraw_spiral\test\parkinson\V05PE01.png,1,0.777356,1
pdraw_spiral,resnet50,jpeg_compression,1,C:\Users\ramti\Desktop\ramtin legion pc\article_project\data\raw\pdraw_spiral\test\parkinson\V06PE01.png,1,0.742563,1
pdraw_spiral,resnet50,jpeg_compression,1,C:\Users\ramti\Desktop\ramtin legion pc\article_project\data\raw\pdraw_spiral\test\parkinson\V07PE01.png,1,0.848665,1
pdraw_spiral,resnet50,jpeg_compression,1,C:\Users\ramti\Desktop\ramtin legion pc\article_project\data\raw\pdraw_spiral\test\parkinson\V08PE01.png,1,0.497679,0
pdraw_spiral,resnet50,jpeg_compression,1,C:\Users\ramti\Desktop\ramtin legion pc\article_project\data\raw\pdraw_spiral\test\parkinson\V09PE01.png,1,0.762814,1
pdraw_spiral,resnet50,jpeg_compression,1,C:\Users\ramti\Desktop\ramtin legion pc\article_project\data\raw\pdraw_spiral\test\parkinson\V10PE03.png,1,0.638851,1
pdraw_spiral,resnet50,jpeg_compression,1,C:\Users\ramti\Desktop\ramtin legion pc\article_project\data\raw\pdraw_spiral\test\parkinson\V11PE03.png,1,0.656859,1
pdraw_spiral,resnet50,jpeg_compression,1,C:\Users\ramti\Desktop\ramtin legion pc\article_project\data\raw\pdraw_spiral\test\parkinson\V14PE03.png,1,0.856582,1
pdraw_spiral,resnet50,jpeg_compression,1,C:\Users\ramti\Desktop\ramtin legion pc\article_project\data\raw\pdraw_spiral\test\parkinson\V15PE01.png,1,0.744553,1
pdraw_spiral,resnet50,jpeg_compression,2,C:\Users\ramti\Desktop\ramtin legion pc\article_project\data\raw\pdraw_spiral\test\healthy\V01HE01.png,0,0.655536,1
pdraw_spiral,resnet50,jpeg_compression,2,C:\Users\ramti\Desktop\ramtin legion pc\article_project\data\raw\pdraw_spiral\test\healthy\V02HE01.png,0,0.725849,1
pdraw_spiral,resnet50,jpeg_compression,2,C:\Users\ramti\Desktop\ramtin legion pc\article_project\data\raw\pdraw_spiral\test\healthy\V03HE1.png,0,0.585751,1
pdraw_spiral,resnet50,jpeg_compression,2,C:\Users\ramti\Desktop\ramtin legion pc\article_project\data\raw\pdraw_spiral\test\healthy\V04HE01.png,0,0.506549,1
pdraw_spiral,resnet50,jpeg_compression,2,C:\Users\ramti\Desktop\ramtin legion pc\article_project\data\raw\pdraw_spiral\test\healthy\V05HE01.png,0,0.530733,1
pdraw_spiral,resnet50,jpeg_compression,2,C:\Users\ramti\Desktop\ramtin legion pc\article_project\data\raw\pdraw_spiral\test\healthy\V06HE01.png,0,0.630787,1
pdraw_spiral,resnet50,jpeg_compression,2,C:\Users\ramti\Desktop\ramtin legion pc\article_project\data\raw\pdraw_spiral\test\healthy\V07HE01.png,0,0.618201,1
pdraw_spiral,resnet50,jpeg_compression,2,C:\Users\ramti\Desktop\ramtin legion pc\article_project\data\raw\pdraw_spiral\test\healthy\V08HE01.png,0,0.565789,1
pdraw_spiral,resnet50,jpeg_compression,2,C:\Users\ramti\Desktop\ramtin legion pc\article_project\data\raw\pdraw_spiral\test\healthy\V09HE01.png,0,0.670746,1
pdraw_spiral,resnet50,jpeg_compression,2,C:\Users\ramti\Desktop\ramtin legion pc\article_project\data\raw\pdraw_spiral\test\healthy\V10HE01.png,0,0.553858,1
pdraw_spiral,resnet50,jpeg_compression,2,C:\Users\ramti\Desktop\ramtin legion pc\article_project\data\raw\pdraw_spiral\test\healthy\V11HE01.png,0,0.468145,0
pdraw_spiral,resnet50,jpeg_compression,2,C:\Users\ramti\Desktop\ramtin legion pc\article_project\data\raw\pdraw_spiral\test\healthy\V55HE12.png,0,0.393541,0
pdraw_spiral,resnet50,jpeg_compression,2,C:\Users\ramti\Desktop\ramtin legion pc\article_project\data\raw\pdraw_spiral\test\healthy\V55HE13.png,0,0.507982,1
pdraw_spiral,resnet50,jpeg_compression,2,C:\Users\ramti\Desktop\ramtin legion pc\article_project\data\raw\pdraw_spiral\test\healthy\V55HE14.png,0,0.387716,0
pdraw_spiral,resnet50,jpeg_compression,2,C:\Users\ramti\Desktop\ramtin legion pc\article_project\data\raw\pdraw_spiral\test\healthy\V55HE15.png,0,0.394752,0
pdraw_spiral,resnet50,jpeg_compression,2,C:\Users\ramti\Desktop\ramtin legion pc\article_project\data\raw\pdraw_spiral\test\parkinson\V01PE01.png,1,0.623777,1
pdraw_spiral,resnet50,jpeg_compression,2,C:\Users\ramti\Desktop\ramtin legion pc\article_project\data\raw\pdraw_spiral\test\parkinson\V02PE01.png,1,0.689653,1
pdraw_spiral,resnet50,jpeg_compression,2,C:\Users\ramti\Desktop\ramtin legion pc\article_project\data\raw\pdraw_spiral\test\parkinson\V03PE01.png,1,0.867313,1
pdraw_spiral,resnet50,jpeg_compression,2,C:\Users\ramti\Desktop\ramtin legion pc\article_project\data\raw\pdraw_spiral\test\parkinson\V03PE04.png,1,0.852909,1
pdraw_spiral,resnet50,jpeg_compression,2,C:\Users\ramti\Desktop\ramtin legion pc\article_project\data\raw\pdraw_spiral\test\parkinson\V03PE07.png,1,0.839149,1
pdraw_spiral,resnet50,jpeg_compression,2,C:\Users\ramti\Desktop\ramtin legion pc\article_project\data\raw\pdraw_spiral\test\parkinson\V04PE01.png,1,0.740592,1
pdraw_spiral,resnet50,jpeg_compression,2,C:\Users\ramti\Desktop\ramtin legion pc\article_project\data\raw\pdraw_spiral\test\parkinson\V05PE01.png,1,0.804164,1
pdraw_spiral,resnet50,jpeg_compression,2,C:\Users\ramti\Desktop\ramtin legion pc\article_project\data\raw\pdraw_spiral\test\parkinson\V06PE01.png,1,0.786469,1
pdraw_spiral,resnet50,jpeg_compression,2,C:\Users\ramti\Desktop\ramtin legion pc\article_project\data\raw\pdraw_spiral\test\parkinson\V07PE01.png,1,0.856488,1
pdraw_spiral,resnet50,jpeg_compression,2,C:\Users\ramti\Desktop\ramtin legion pc\article_project\data\raw\pdraw_spiral\test\parkinson\V08PE01.png,1,0.531849,1
pdraw_spiral,resnet50,jpeg_compression,2,C:\Users\ramti\Desktop\ramtin legion pc\article_project\data\raw\pdraw_spiral\test\parkinson\V09PE01.png,1,0.788864,1
pdraw_spiral,resnet50,jpeg_compression,2,C:\Users\ramti\Desktop\ramtin legion pc\article_project\data\raw\pdraw_spiral\test\parkinson\V10PE03.png,1,0.660185,1
pdraw_spiral,resnet50,jpeg_compression,2,C:\Users\ramti\Desktop\ramtin legion pc\article_project\data\raw\pdraw_spiral\test\parkinson\V11PE03.png,1,0.661937,1
pdraw_spiral,resnet50,jpeg_compression,2,C:\Users\ramti\Desktop\ramtin legion pc\article_project\data\raw\pdraw_spiral\test\parkinson\V14PE03.png,1,0.858838,1
pdraw_spiral,resnet50,jpeg_compression,2,C:\Users\ramti\Desktop\ramtin legion pc\article_project\data\raw\pdraw_spiral\test\parkinson\V15PE01.png,1,0.778055,1
pdraw_spiral,resnet50,jpeg_compression,3,C:\Users\ramti\Desktop\ramtin legion pc\article_project\data\raw\pdraw_spiral\test\healthy\V01HE01.png,0,0.683860,1
pdraw_spiral,resnet50,jpeg_compression,3,C:\Users\ramti\Desktop\ramtin legion pc\article_project\data\raw\pdraw_spiral\test\healthy\V02HE01.png,0,0.769359,1
pdraw_spiral,resnet50,jpeg_compression,3,C:\Users\ramti\Desktop\ramtin legion pc\article_project\data\raw\pdraw_spiral\test\healthy\V03HE1.png,0,0.672088,1
pdraw_spiral,resnet50,jpeg_compression,3,C:\Users\ramti\Desktop\ramtin legion pc\article_project\data\raw\pdraw_spiral\test\healthy\V04HE01.png,0,0.510876,1
pdraw_spiral,resnet50,jpeg_compression,3,C:\Users\ramti\Desktop\ramtin legion pc\article_project\data\raw\pdraw_spiral\test\healthy\V05HE01.png,0,0.568750,1
pdraw_spiral,resnet50,jpeg_compression,3,C:\Users\ramti\Desktop\ramtin legion pc\article_project\data\raw\pdraw_spiral\test\healthy\V06HE01.png,0,0.661615,1
pdraw_spiral,resnet50,jpeg_compression,3,C:\Users\ramti\Desktop\ramtin legion pc\article_project\data\raw\pdraw_spiral\test\healthy\V07HE01.png,0,0.547803,1
pdraw_spiral,resnet50,jpeg_compression,3,C:\Users\ramti\Desktop\ramtin legion pc\article_project\data\raw\pdraw_spiral\test\healthy\V08HE01.png,0,0.600446,1
pdraw_spiral,resnet50,jpeg_compression,3,C:\Users\ramti\Desktop\ramtin legion pc\article_project\data\raw\pdraw_spiral\test\healthy\V09HE01.png,0,0.662401,1
pdraw_spiral,resnet50,jpeg_compression,3,C:\Users\ramti\Desktop\ramtin legion pc\article_project\data\raw\pdraw_spiral\test\healthy\V10HE01.png,0,0.511126,1
pdraw_spiral,resnet50,jpeg_compression,3,C:\Users\ramti\Desktop\ramtin legion pc\article_project\data\raw\pdraw_spiral\test\healthy\V11HE01.png,0,0.506613,1
pdraw_spiral,resnet50,jpeg_compression,3,C:\Users\ramti\Desktop\ramtin legion pc\article_project\data\raw\pdraw_spiral\test\healthy\V55HE12.png,0,0.398592,0
pdraw_spiral,resnet50,jpeg_compression,3,C:\Users\ramti\Desktop\ramtin legion pc\article_project\data\raw\pdraw_spiral\test\healthy\V55HE13.png,0,0.526338,1
pdraw_spiral,resnet50,jpeg_compression,3,C:\Users\ramti\Desktop\ramtin legion pc\article_project\data\raw\pdraw_spiral\test\healthy\V55HE14.png,0,0.399088,0
pdraw_spiral,resnet50,jpeg_compression,3,C:\Users\ramti\Desktop\ramtin legion pc\article_project\data\raw\pdraw_spiral\test\healthy\V55HE15.png,0,0.421262,0
pdraw_spiral,resnet50,jpeg_compression,3,C:\Users\ramti\Desktop\ramtin legion pc\article_project\data\raw\pdraw_spiral\test\parkinson\V01PE01.png,1,0.603936,1
pdraw_spiral,resnet50,jpeg_compression,3,C:\Users\ramti\Desktop\ramtin legion pc\article_project\data\raw\pdraw_spiral\test\parkinson\V02PE01.png,1,0.750835,1
pdraw_spiral,resnet50,jpeg_compression,3,C:\Users\ramti\Desktop\ramtin legion pc\article_project\data\raw\pdraw_spiral\test\parkinson\V03PE01.png,1,0.864413,1
pdraw_spiral,resnet50,jpeg_compression,3,C:\Users\ramti\Desktop\ramtin legion pc\article_project\data\raw\pdraw_spiral\test\parkinson\V03PE04.png,1,0.860047,1
pdraw_spiral,resnet50,jpeg_compression,3,C:\Users\ramti\Desktop\ramtin legion pc\article_project\data\raw\pdraw_spiral\test\parkinson\V03PE07.png,1,0.861938,1
pdraw_spiral,resnet50,jpeg_compression,3,C:\Users\ramti\Desktop\ramtin legion pc\article_project\data\raw\pdraw_spiral\test\parkinson\V04PE01.png,1,0.765142,1
pdraw_spiral,resnet50,jpeg_compression,3,C:\Users\ramti\Desktop\ramtin legion pc\article_project\data\raw\pdraw_spiral\test\parkinson\V05PE01.png,1,0.785048,1
pdraw_spiral,resnet50,jpeg_compression,3,C:\Users\ramti\Desktop\ramtin legion pc\article_project\data\raw\pdraw_spiral\test\parkinson\V06PE01.png,1,0.805028,1
pdraw_spiral,resnet50,jpeg_compression,3,C:\Users\ramti\Desktop\ramtin legion pc\article_project\data\raw\pdraw_spiral\test\parkinson\V07PE01.png,1,0.854508,1
pdraw_spiral,resnet50,jpeg_compression,3,C:\Users\ramti\Desktop\ramtin legion pc\article_project\data\raw\pdraw_spiral\test\parkinson\V08PE01.png,1,0.573497,1
pdraw_spiral,resnet50,jpeg_compression,3,C:\Users\ramti\Desktop\ramtin legion pc\article_project\data\raw\pdraw_spiral\test\parkinson\V09PE01.png,1,0.797826,1
pdraw_spiral,resnet50,jpeg_compression,3,C:\Users\ramti\Desktop\ramtin legion pc\article_project\data\raw\pdraw_spiral\test\parkinson\V10PE03.png,1,0.728141,1
pdraw_spiral,resnet50,jpeg_compression,3,C:\Users\ramti\Desktop\ramtin legion pc\article_project\data\raw\pdraw_spiral\test\parkinson\V11PE03.png,1,0.662304,1
pdraw_spiral,resnet50,jpeg_compression,3,C:\Users\ramti\Desktop\ramtin legion pc\article_project\data\raw\pdraw_spiral\test\parkinson\V14PE03.png,1,0.860266,1
pdraw_spiral,resnet50,jpeg_compression,3,C:\Users\ramti\Desktop\ramtin legion pc\article_project\data\raw\pdraw_spiral\test\parkinson\V15PE01.png,1,0.770226,1
pdraw_spiral,resnet50,jpeg_compression,4,C:\Users\ramti\Desktop\ramtin legion pc\article_project\data\raw\pdraw_spiral\test\healthy\V01HE01.png,0,0.703890,1
pdraw_spiral,resnet50,jpeg_compression,4,C:\Users\ramti\Desktop\ramtin legion pc\article_project\data\raw\pdraw_spiral\test\healthy\V02HE01.png,0,0.760227,1
pdraw_spiral,resnet50,jpeg_compression,4,C:\Users\ramti\Desktop\ramtin legion pc\article_project\data\raw\pdraw_spiral\test\healthy\V03HE1.png,0,0.664393,1
pdraw_spiral,resnet50,jpeg_compression,4,C:\Users\ramti\Desktop\ramtin legion pc\article_project\data\raw\pdraw_spiral\test\healthy\V04HE01.png,0,0.537648,1
pdraw_spiral,resnet50,jpeg_compression,4,C:\Users\ramti\Desktop\ramtin legion pc\article_project\data\raw\pdraw_spiral\test\healthy\V05HE01.png,0,0.565452,1
pdraw_spiral,resnet50,jpeg_compression,4,C:\Users\ramti\Desktop\ramtin legion pc\article_project\data\raw\pdraw_spiral\test\healthy\V06HE01.png,0,0.649881,1
pdraw_spiral,resnet50,jpeg_compression,4,C:\Users\ramti\Desktop\ramtin legion pc\article_project\data\raw\pdraw_spiral\test\healthy\V07HE01.png,0,0.619414,1
pdraw_spiral,resnet50,jpeg_compression,4,C:\Users\ramti\Desktop\ramtin legion pc\article_project\data\raw\pdraw_spiral\test\healthy\V08HE01.png,0,0.588232,1
pdraw_spiral,resnet50,jpeg_compression,4,C:\Users\ramti\Desktop\ramtin legion pc\article_project\data\raw\pdraw_spiral\test\healthy\V09HE01.png,0,0.648169,1
pdraw_spiral,resnet50,jpeg_compression,4,C:\Users\ramti\Desktop\ramtin legion pc\article_project\data\raw\pdraw_spiral\test\healthy\V10HE01.png,0,0.503434,1
pdraw_spiral,resnet50,jpeg_compression,4,C:\Users\ramti\Desktop\ramtin legion pc\article_project\data\raw\pdraw_spiral\test\healthy\V11HE01.png,0,0.524825,1
pdraw_spiral,resnet50,jpeg_compression,4,C:\Users\ramti\Desktop\ramtin legion pc\article_project\data\raw\pdraw_spiral\test\healthy\V55HE12.png,0,0.413431,0
pdraw_spiral,resnet50,jpeg_compression,4,C:\Users\ramti\Desktop\ramtin legion pc\article_project\data\raw\pdraw_spiral\test\healthy\V55HE13.png,0,0.497833,0
pdraw_spiral,resnet50,jpeg_compression,4,C:\Users\ramti\Desktop\ramtin legion pc\article_project\data\raw\pdraw_spiral\test\healthy\V55HE14.png,0,0.427531,0
pdraw_spiral,resnet50,jpeg_compression,4,C:\Users\ramti\Desktop\ramtin legion pc\article_project\data\raw\pdraw_spiral\test\healthy\V55HE15.png,0,0.459966,0
pdraw_spiral,resnet50,jpeg_compression,4,C:\Users\ramti\Desktop\ramtin legion pc\article_project\data\raw\pdraw_spiral\test\parkinson\V01PE01.png,1,0.624321,1
pdraw_spiral,resnet50,jpeg_compression,4,C:\Users\ramti\Desktop\ramtin legion pc\article_project\data\raw\pdraw_spiral\test\parkinson\V02PE01.png,1,0.757849,1
pdraw_spiral,resnet50,jpeg_compression,4,C:\Users\ramti\Desktop\ramtin legion pc\article_project\data\raw\pdraw_spiral\test\parkinson\V03PE01.png,1,0.852179,1
pdraw_spiral,resnet50,jpeg_compression,4,C:\Users\ramti\Desktop\ramtin legion pc\article_project\data\raw\pdraw_spiral\test\parkinson\V03PE04.png,1,0.872909,1
pdraw_spiral,resnet50,jpeg_compression,4,C:\Users\ramti\Desktop\ramtin legion pc\article_project\data\raw\pdraw_spiral\test\parkinson\V03PE07.png,1,0.860393,1
pdraw_spiral,resnet50,jpeg_compression,4,C:\Users\ramti\Desktop\ramtin legion pc\article_project\data\raw\pdraw_spiral\test\parkinson\V04PE01.png,1,0.793764,1
pdraw_spiral,resnet50,jpeg_compression,4,C:\Users\ramti\Desktop\ramtin legion pc\article_project\data\raw\pdraw_spiral\test\parkinson\V05PE01.png,1,0.801694,1
pdraw_spiral,resnet50,jpeg_compression,4,C:\Users\ramti\Desktop\ramtin legion pc\article_project\data\raw\pdraw_spiral\test\parkinson\V06PE01.png,1,0.815807,1
pdraw_spiral,resnet50,jpeg_compression,4,C:\Users\ramti\Desktop\ramtin legion pc\article_project\data\raw\pdraw_spiral\test\parkinson\V07PE01.png,1,0.864646,1
pdraw_spiral,resnet50,jpeg_compression,4,C:\Users\ramti\Desktop\ramtin legion pc\article_project\data\raw\pdraw_spiral\test\parkinson\V08PE01.png,1,0.609566,1
pdraw_spiral,resnet50,jpeg_compression,4,C:\Users\ramti\Desktop\ramtin legion pc\article_project\data\raw\pdraw_spiral\test\parkinson\V09PE01.png,1,0.785607,1
pdraw_spiral,resnet50,jpeg_compression,4,C:\Users\ramti\Desktop\ramtin legion pc\article_project\data\raw\pdraw_spiral\test\parkinson\V10PE03.png,1,0.754209,1
pdraw_spiral,resnet50,jpeg_compression,4,C:\Users\ramti\Desktop\ramtin legion pc\article_project\data\raw\pdraw_spiral\test\parkinson\V11PE03.png,1,0.700140,1
pdraw_spiral,resnet50,jpeg_compression,4,C:\Users\ramti\Desktop\ramtin legion pc\article_project\data\raw\pdraw_spiral\test\parkinson\V14PE03.png,1,0.864731,1
pdraw_spiral,resnet50,jpeg_compression,4,C:\Users\ramti\Desktop\ramtin legion pc\article_project\data\raw\pdraw_spiral\test\parkinson\V15PE01.png,1,0.756090,1
pdraw_spiral,resnet50,jpeg_compression,5,C:\Users\ramti\Desktop\ramtin legion pc\article_project\data\raw\pdraw_spiral\test\healthy\V01HE01.png,0,0.724470,1
pdraw_spiral,resnet50,jpeg_compression,5,C:\Users\ramti\Desktop\ramtin legion pc\article_project\data\raw\pdraw_spiral\test\healthy\V02HE01.png,0,0.723154,1
pdraw_spiral,resnet50,jpeg_compression,5,C:\Users\ramti\Desktop\ramtin legion pc\article_project\data\raw\pdraw_spiral\test\healthy\V03HE1.png,0,0.663729,1
pdraw_spiral,resnet50,jpeg_compression,5,C:\Users\ramti\Desktop\ramtin legion pc\article_project\data\raw\pdraw_spiral\test\healthy\V04HE01.png,0,0.669143,1
pdraw_spiral,resnet50,jpeg_compression,5,C:\Users\ramti\Desktop\ramtin legion pc\article_project\data\raw\pdraw_spiral\test\healthy\V05HE01.png,0,0.728831,1
pdraw_spiral,resnet50,jpeg_compression,5,C:\Users\ramti\Desktop\ramtin legion pc\article_project\data\raw\pdraw_spiral\test\healthy\V06HE01.png,0,0.704749,1
pdraw_spiral,resnet50,jpeg_compression,5,C:\Users\ramti\Desktop\ramtin legion pc\article_project\data\raw\pdraw_spiral\test\healthy\V07HE01.png,0,0.682176,1
pdraw_spiral,resnet50,jpeg_compression,5,C:\Users\ramti\Desktop\ramtin legion pc\article_project\data\raw\pdraw_spiral\test\healthy\V08HE01.png,0,0.643000,1
pdraw_spiral,resnet50,jpeg_compression,5,C:\Users\ramti\Desktop\ramtin legion pc\article_project\data\raw\pdraw_spiral\test\healthy\V09HE01.png,0,0.706245,1
pdraw_spiral,resnet50,jpeg_compression,5,C:\Users\ramti\Desktop\ramtin legion pc\article_project\data\raw\pdraw_spiral\test\healthy\V10HE01.png,0,0.675954,1
pdraw_spiral,resnet50,jpeg_compression,5,C:\Users\ramti\Desktop\ramtin legion pc\article_project\data\raw\pdraw_spiral\test\healthy\V11HE01.png,0,0.550982,1
pdraw_spiral,resnet50,jpeg_compression,5,C:\Users\ramti\Desktop\ramtin legion pc\article_project\data\raw\pdraw_spiral\test\healthy\V55HE12.png,0,0.497041,0
pdraw_spiral,resnet50,jpeg_compression,5,C:\Users\ramti\Desktop\ramtin legion pc\article_project\data\raw\pdraw_spiral\test\healthy\V55HE13.png,0,0.613457,1
pdraw_spiral,resnet50,jpeg_compression,5,C:\Users\ramti\Desktop\ramtin legion pc\article_project\data\raw\pdraw_spiral\test\healthy\V55HE14.png,0,0.582913,1
pdraw_spiral,resnet50,jpeg_compression,5,C:\Users\ramti\Desktop\ramtin legion pc\article_project\data\raw\pdraw_spiral\test\healthy\V55HE15.png,0,0.621089,1
pdraw_spiral,resnet50,jpeg_compression,5,C:\Users\ramti\Desktop\ramtin legion pc\article_project\data\raw\pdraw_spiral\test\parkinson\V01PE01.png,1,0.753492,1
pdraw_spiral,resnet50,jpeg_compression,5,C:\Users\ramti\Desktop\ramtin legion pc\article_project\data\raw\pdraw_spiral\test\parkinson\V02PE01.png,1,0.768544,1
pdraw_spiral,resnet50,jpeg_compression,5,C:\Users\ramti\Desktop\ramtin legion pc\article_project\data\raw\pdraw_spiral\test\parkinson\V03PE01.png,1,0.823318,1
pdraw_spiral,resnet50,jpeg_compression,5,C:\Users\ramti\Desktop\ramtin legion pc\article_project\data\raw\pdraw_spiral\test\parkinson\V03PE04.png,1,0.823289,1
pdraw_spiral,resnet50,jpeg_compression,5,C:\Users\ramti\Desktop\ramtin legion pc\article_project\data\raw\pdraw_spiral\test\parkinson\V03PE07.png,1,0.852017,1
pdraw_spiral,resnet50,jpeg_compression,5,C:\Users\ramti\Desktop\ramtin legion pc\article_project\data\raw\pdraw_spiral\test\parkinson\V04PE01.png,1,0.814494,1
pdraw_spiral,resnet50,jpeg_compression,5,C:\Users\ramti\Desktop\ramtin legion pc\article_project\data\raw\pdraw_spiral\test\parkinson\V05PE01.png,1,0.819399,1
pdraw_spiral,resnet50,jpeg_compression,5,C:\Users\ramti\Desktop\ramtin legion pc\article_project\data\raw\pdraw_spiral\test\parkinson\V06PE01.png,1,0.786685,1
pdraw_spiral,resnet50,jpeg_compression,5,C:\Users\ramti\Desktop\ramtin legion pc\article_project\data\raw\pdraw_spiral\test\parkinson\V07PE01.png,1,0.874911,1
pdraw_spiral,resnet50,jpeg_compression,5,C:\Users\ramti\Desktop\ramtin legion pc\article_project\data\raw\pdraw_spiral\test\parkinson\V08PE01.png,1,0.610831,1
pdraw_spiral,resnet50,jpeg_compression,5,C:\Users\ramti\Desktop\ramtin legion pc\article_project\data\raw\pdraw_spiral\test\parkinson\V09PE01.png,1,0.786787,1
pdraw_spiral,resnet50,jpeg_compression,5,C:\Users\ramti\Desktop\ramtin legion pc\article_project\data\raw\pdraw_spiral\test\parkinson\V10PE03.png,1,0.793623,1
pdraw_spiral,resnet50,jpeg_compression,5,C:\Users\ramti\Desktop\ramtin legion pc\article_project\data\raw\pdraw_spiral\test\parkinson\V11PE03.png,1,0.780475,1
pdraw_spiral,resnet50,jpeg_compression,5,C:\Users\ramti\Desktop\ramtin legion pc\article_project\data\raw\pdraw_spiral\test\parkinson\V14PE03.png,1,0.862786,1
pdraw_spiral,resnet50,jpeg_compression,5,C:\Users\ramti\Desktop\ramtin legion pc\article_project\data\raw\pdraw_spiral\test\parkinson\V15PE01.png,1,0.776914,1
pdraw_spiral,resnet50,gaussian_blur,1,C:\Users\ramti\Desktop\ramtin legion pc\article_project\data\raw\pdraw_spiral\test\healthy\V01HE01.png,0,0.626809,1
pdraw_spiral,resnet50,gaussian_blur,1,C:\Users\ramti\Desktop\ramtin legion pc\article_project\data\raw\pdraw_spiral\test\healthy\V02HE01.png,0,0.666103,1
pdraw_spiral,resnet50,gaussian_blur,1,C:\Users\ramti\Desktop\ramtin legion pc\article_project\data\raw\pdraw_spiral\test\healthy\V03HE1.png,0,0.605542,1
pdraw_spiral,resnet50,gaussian_blur,1,C:\Users\ramti\Desktop\ramtin legion pc\article_project\data\raw\pdraw_spiral\test\healthy\V04HE01.png,0,0.431331,0
pdraw_spiral,resnet50,gaussian_blur,1,C:\Users\ramti\Desktop\ramtin legion pc\article_project\data\raw\pdraw_spiral\test\healthy\V05HE01.png,0,0.496398,0
pdraw_spiral,resnet50,gaussian_blur,1,C:\Users\ramti\Desktop\ramtin legion pc\article_project\data\raw\pdraw_spiral\test\healthy\V06HE01.png,0,0.558738,1
pdraw_spiral,resnet50,gaussian_blur,1,C:\Users\ramti\Desktop\ramtin legion pc\article_project\data\raw\pdraw_spiral\test\healthy\V07HE01.png,0,0.472658,0
pdraw_spiral,resnet50,gaussian_blur,1,C:\Users\ramti\Desktop\ramtin legion pc\article_project\data\raw\pdraw_spiral\test\healthy\V08HE01.png,0,0.457564,0
pdraw_spiral,resnet50,gaussian_blur,1,C:\Users\ramti\Desktop\ramtin legion pc\article_project\data\raw\pdraw_spiral\test\healthy\V09HE01.png,0,0.537671,1
pdraw_spiral,resnet50,gaussian_blur,1,C:\Users\ramti\Desktop\ramtin legion pc\article_project\data\raw\pdraw_spiral\test\healthy\V10HE01.png,0,0.432821,0
pdraw_spiral,resnet50,gaussian_blur,1,C:\Users\ramti\Desktop\ramtin legion pc\article_project\data\raw\pdraw_spiral\test\healthy\V11HE01.png,0,0.470452,0
pdraw_spiral,resnet50,gaussian_blur,1,C:\Users\ramti\Desktop\ramtin legion pc\article_project\data\raw\pdraw_spiral\test\healthy\V55HE12.png,0,0.373969,0
pdraw_spiral,resnet50,gaussian_blur,1,C:\Users\ramti\Desktop\ramtin legion pc\article_project\data\raw\pdraw_spiral\test\healthy\V55HE13.png,0,0.430687,0
pdraw_spiral,resnet50,gaussian_blur,1,C:\Users\ramti\Desktop\ramtin legion pc\article_project\data\raw\pdraw_spiral\test\healthy\V55HE14.png,0,0.377392,0
pdraw_spiral,resnet50,gaussian_blur,1,C:\Users\ramti\Desktop\ramtin legion pc\article_project\data\raw\pdraw_spiral\test\healthy\V55HE15.png,0,0.388591,0
pdraw_spiral,resnet50,gaussian_blur,1,C:\Users\ramti\Desktop\ramtin legion pc\article_project\data\raw\pdraw_spiral\test\parkinson\V01PE01.png,1,0.595399,1
pdraw_spiral,resnet50,gaussian_blur,1,C:\Users\ramti\Desktop\ramtin legion pc\article_project\data\raw\pdraw_spiral\test\parkinson\V02PE01.png,1,0.653361,1
pdraw_spiral,resnet50,gaussian_blur,1,C:\Users\ramti\Desktop\ramtin legion pc\article_project\data\raw\pdraw_spiral\test\parkinson\V03PE01.png,1,0.839668,1
pdraw_spiral,resnet50,gaussian_blur,1,C:\Users\ramti\Desktop\ramtin legion pc\article_project\data\raw\pdraw_spiral\test\parkinson\V03PE04.png,1,0.791917,1
pdraw_spiral,resnet50,gaussian_blur,1,C:\Users\ramti\Desktop\ramtin legion pc\article_project\data\raw\pdraw_spiral\test\parkinson\V03PE07.png,1,0.778234,1
pdraw_spiral,resnet50,gaussian_blur,1,C:\Users\ramti\Desktop\ramtin legion pc\article_project\data\raw\pdraw_spiral\test\parkinson\V04PE01.png,1,0.675284,1
pdraw_spiral,resnet50,gaussian_blur,1,C:\Users\ramti\Desktop\ramtin legion pc\article_project\data\raw\pdraw_spiral\test\parkinson\V05PE01.png,1,0.752382,1
pdraw_spiral,resnet50,gaussian_blur,1,C:\Users\ramti\Desktop\ramtin legion pc\article_project\data\raw\pdraw_spiral\test\parkinson\V06PE01.png,1,0.677760,1
pdraw_spiral,resnet50,gaussian_blur,1,C:\Users\ramti\Desktop\ramtin legion pc\article_project\data\raw\pdraw_spiral\test\parkinson\V07PE01.png,1,0.829783,1
pdraw_spiral,resnet50,gaussian_blur,1,C:\Users\ramti\Desktop\ramtin legion pc\article_project\data\raw\pdraw_spiral\test\parkinson\V08PE01.png,1,0.484865,0
pdraw_spiral,resnet50,gaussian_blur,1,C:\Users\ramti\Desktop\ramtin legion pc\article_project\data\raw\pdraw_spiral\test\parkinson\V09PE01.png,1,0.691838,1
pdraw_spiral,resnet50,gaussian_blur,1,C:\Users\ramti\Desktop\ramtin legion pc\article_project\data\raw\pdraw_spiral\test\parkinson\V10PE03.png,1,0.582952,1
pdraw_spiral,resnet50,gaussian_blur,1,C:\Users\ramti\Desktop\ramtin legion pc\article_project\data\raw\pdraw_spiral\test\parkinson\V11PE03.png,1,0.594202,1
pdraw_spiral,resnet50,gaussian_blur,1,C:\Users\ramti\Desktop\ramtin legion pc\article_project\data\raw\pdraw_spiral\test\parkinson\V14PE03.png,1,0.808667,1
pdraw_spiral,resnet50,gaussian_blur,1,C:\Users\ramti\Desktop\ramtin legion pc\article_project\data\raw\pdraw_spiral\test\parkinson\V15PE01.png,1,0.723086,1
pdraw_spiral,resnet50,gaussian_blur,2,C:\Users\ramti\Desktop\ramtin legion pc\article_project\data\raw\pdraw_spiral\test\healthy\V01HE01.png,0,0.676666,1
pdraw_spiral,resnet50,gaussian_blur,2,C:\Users\ramti\Desktop\ramtin legion pc\article_project\data\raw\pdraw_spiral\test\healthy\V02HE01.png,0,0.648589,1
pdraw_spiral,resnet50,gaussian_blur,2,C:\Users\ramti\Desktop\ramtin legion pc\article_project\data\raw\pdraw_spiral\test\healthy\V03HE1.png,0,0.634441,1
pdraw_spiral,resnet50,gaussian_blur,2,C:\Users\ramti\Desktop\ramtin legion pc\article_project\data\raw\pdraw_spiral\test\healthy\V04HE01.png,0,0.469568,0
pdraw_spiral,resnet50,gaussian_blur,2,C:\Users\ramti\Desktop\ramtin legion pc\article_project\data\raw\pdraw_spiral\test\healthy\V05HE01.png,0,0.510437,1
pdraw_spiral,resnet50,gaussian_blur,2,C:\Users\ramti\Desktop\ramtin legion pc\article_project\data\raw\pdraw_spiral\test\healthy\V06HE01.png,0,0.586263,1
pdraw_spiral,resnet50,gaussian_blur,2,C:\Users\ramti\Desktop\ramtin legion pc\article_project\data\raw\pdraw_spiral\test\healthy\V07HE01.png,0,0.484078,0
pdraw_spiral,resnet50,gaussian_blur,2,C:\Users\ramti\Desktop\ramtin legion pc\article_project\data\raw\pdraw_spiral\test\healthy\V08HE01.png,0,0.472859,0
pdraw_spiral,resnet50,gaussian_blur,2,C:\Users\ramti\Desktop\ramtin legion pc\article_project\data\raw\pdraw_spiral\test\healthy\V09HE01.png,0,0.545275,1
pdraw_spiral,resnet50,gaussian_blur,2,C:\Users\ramti\Desktop\ramtin legion pc\article_project\data\raw\pdraw_spiral\test\healthy\V10HE01.png,0,0.480360,0
pdraw_spiral,resnet50,gaussian_blur,2,C:\Users\ramti\Desktop\ramtin legion pc\article_project\data\raw\pdraw_spiral\test\healthy\V11HE01.png,0,0.489080,0
pdraw_spiral,resnet50,gaussian_blur,2,C:\Users\ramti\Desktop\ramtin legion pc\article_project\data\raw\pdraw_spiral\test\healthy\V55HE12.png,0,0.384509,0
pdraw_spiral,resnet50,gaussian_blur,2,C:\Users\ramti\Desktop\ramtin legion pc\article_project\data\raw\pdraw_spiral\test\healthy\V55HE13.png,0,0.444474,0
pdraw_spiral,resnet50,gaussian_blur,2,C:\Users\ramti\Desktop\ramtin legion pc\article_project\data\raw\pdraw_spiral\test\healthy\V55HE14.png,0,0.396953,0
pdraw_spiral,resnet50,gaussian_blur,2,C:\Users\ramti\Desktop\ramtin legion pc\article_project\data\raw\pdraw_spiral\test\healthy\V55HE15.png,0,0.414393,0
pdraw_spiral,resnet50,gaussian_blur,2,C:\Users\ramti\Desktop\ramtin legion pc\article_project\data\raw\pdraw_spiral\test\parkinson\V01PE01.png,1,0.604878,1
pdraw_spiral,resnet50,gaussian_blur,2,C:\Users\ramti\Desktop\ramtin legion pc\article_project\data\raw\pdraw_spiral\test\parkinson\V02PE01.png,1,0.678124,1
pdraw_spiral,resnet50,gaussian_blur,2,C:\Users\ramti\Desktop\ramtin legion pc\article_project\data\raw\pdraw_spiral\test\parkinson\V03PE01.png,1,0.850103,1
pdraw_spiral,resnet50,gaussian_blur,2,C:\Users\ramti\Desktop\ramtin legion pc\article_project\data\raw\pdraw_spiral\test\parkinson\V03PE04.png,1,0.810089,1
pdraw_spiral,resnet50,gaussian_blur,2,C:\Users\ramti\Desktop\ramtin legion pc\article_project\data\raw\pdraw_spiral\test\parkinson\V03PE07.png,1,0.770193,1
pdraw_spiral,resnet50,gaussian_blur,2,C:\Users\ramti\Desktop\ramtin legion pc\article_project\data\raw\pdraw_spiral\test\parkinson\V04PE01.png,1,0.696806,1
pdraw_spiral,resnet50,gaussian_blur,2,C:\Users\ramti\Desktop\ramtin legion pc\article_project\data\raw\pdraw_spiral\test\parkinson\V05PE01.png,1,0.752846,1
pdraw_spiral,resnet50,gaussian_blur,2,C:\Users\ramti\Desktop\ramtin legion pc\article_project\data\raw\pdraw_spiral\test\parkinson\V06PE01.png,1,0.712032,1
pdraw_spiral,resnet50,gaussian_blur,2,C:\Users\ramti\Desktop\ramtin legion pc\article_project\data\raw\pdraw_spiral\test\parkinson\V07PE01.png,1,0.852065,1
pdraw_spiral,resnet50,gaussian_blur,2,C:\Users\ramti\Desktop\ramtin legion pc\article_project\data\raw\pdraw_spiral\test\parkinson\V08PE01.png,1,0.518644,1
pdraw_spiral,resnet50,gaussian_blur,2,C:\Users\ramti\Desktop\ramtin legion pc\article_project\data\raw\pdraw_spiral\test\parkinson\V09PE01.png,1,0.720746,1
pdraw_spiral,resnet50,gaussian_blur,2,C:\Users\ramti\Desktop\ramtin legion pc\article_project\data\raw\pdraw_spiral\test\parkinson\V10PE03.png,1,0.594523,1
pdraw_spiral,resnet50,gaussian_blur,2,C:\Users\ramti\Desktop\ramtin legion pc\article_project\data\raw\pdraw_spiral\test\parkinson\V11PE03.png,1,0.612669,1
pdraw_spiral,resnet50,gaussian_blur,2,C:\Users\ramti\Desktop\ramtin legion pc\article_project\data\raw\pdraw_spiral\test\parkinson\V14PE03.png,1,0.815686,1
pdraw_spiral,resnet50,gaussian_blur,2,C:\Users\ramti\Desktop\ramtin legion pc\article_project\data\raw\pdraw_spiral\test\parkinson\V15PE01.png,1,0.719368,1
pdraw_spiral,resnet50,gaussian_blur,3,C:\Users\ramti\Desktop\ramtin legion pc\article_project\data\raw\pdraw_spiral\test\healthy\V01HE01.png,0,0.704442,1
pdraw_spiral,resnet50,gaussian_blur,3,C:\Users\ramti\Desktop\ramtin legion pc\article_project\data\raw\pdraw_spiral\test\healthy\V02HE01.png,0,0.678399,1
pdraw_spiral,resnet50,gaussian_blur,3,C:\Users\ramti\Desktop\ramtin legion pc\article_project\data\raw\pdraw_spiral\test\healthy\V03HE1.png,0,0.651641,1
pdraw_spiral,resnet50,gaussian_blur,3,C:\Users\ramti\Desktop\ramtin legion pc\article_project\data\raw\pdraw_spiral\test\healthy\V04HE01.png,0,0.507943,1
pdraw_spiral,resnet50,gaussian_blur,3,C:\Users\ramti\Desktop\ramtin legion pc\article_project\data\raw\pdraw_spiral\test\healthy\V05HE01.png,0,0.566976,1
pdraw_spiral,resnet50,gaussian_blur,3,C:\Users\ramti\Desktop\ramtin legion pc\article_project\data\raw\pdraw_spiral\test\healthy\V06HE01.png,0,0.634854,1
pdraw_spiral,resnet50,gaussian_blur,3,C:\Users\ramti\Desktop\ramtin legion pc\article_project\data\raw\pdraw_spiral\test\healthy\V07HE01.png,0,0.561173,1
pdraw_spiral,resnet50,gaussian_blur,3,C:\Users\ramti\Desktop\ramtin legion pc\article_project\data\raw\pdraw_spiral\test\healthy\V08HE01.png,0,0.528136,1
pdraw_spiral,resnet50,gaussian_blur,3,C:\Users\ramti\Desktop\ramtin legion pc\article_project\data\raw\pdraw_spiral\test\healthy\V09HE01.png,0,0.610917,1
pdraw_spiral,resnet50,gaussian_blur,3,C:\Users\ramti\Desktop\ramtin legion pc\article_project\data\raw\pdraw_spiral\test\healthy\V10HE01.png,0,0.544781,1
pdraw_spiral,resnet50,gaussian_blur,3,C:\Users\ramti\Desktop\ramtin legion pc\article_project\data\raw\pdraw_spiral\test\healthy\V11HE01.png,0,0.525487,1
pdraw_spiral,resnet50,gaussian_blur,3,C:\Users\ramti\Desktop\ramtin legion pc\article_project\data\raw\pdraw_spiral\test\healthy\V55HE12.png,0,0.423889,0
pdraw_spiral,resnet50,gaussian_blur,3,C:\Users\ramti\Desktop\ramtin legion pc\article_project\data\raw\pdraw_spiral\test\healthy\V55HE13.png,0,0.478138,0
pdraw_spiral,resnet50,gaussian_blur,3,C:\Users\ramti\Desktop\ramtin legion pc\article_project\data\raw\pdraw_spiral\test\healthy\V55HE14.png,0,0.430148,0
pdraw_spiral,resnet50,gaussian_blur,3,C:\Users\ramti\Desktop\ramtin legion pc\article_project\data\raw\pdraw_spiral\test\healthy\V55HE15.png,0,0.457740,0
pdraw_spiral,resnet50,gaussian_blur,3,C:\Users\ramti\Desktop\ramtin legion pc\article_project\data\raw\pdraw_spiral\test\parkinson\V01PE01.png,1,0.633870,1
pdraw_spiral,resnet50,gaussian_blur,3,C:\Users\ramti\Desktop\ramtin legion pc\article_project\data\raw\pdraw_spiral\test\parkinson\V02PE01.png,1,0.719222,1
pdraw_spiral,resnet50,gaussian_blur,3,C:\Users\ramti\Desktop\ramtin legion pc\article_project\data\raw\pdraw_spiral\test\parkinson\V03PE01.png,1,0.866115,1
pdraw_spiral,resnet50,gaussian_blur,3,C:\Users\ramti\Desktop\ramtin legion pc\article_project\data\raw\pdraw_spiral\test\parkinson\V03PE04.png,1,0.837406,1
pdraw_spiral,resnet50,gaussian_blur,3,C:\Users\ramti\Desktop\ramtin legion pc\article_project\data\raw\pdraw_spiral\test\parkinson\V03PE07.png,1,0.822284,1
pdraw_spiral,resnet50,gaussian_blur,3,C:\Users\ramti\Desktop\ramtin legion pc\article_project\data\raw\pdraw_spiral\test\parkinson\V04PE01.png,1,0.756693,1
pdraw_spiral,resnet50,gaussian_blur,3,C:\Users\ramti\Desktop\ramtin legion pc\article_project\data\raw\pdraw_spiral\test\parkinson\V05PE01.png,1,0.782889,1
pdraw_spiral,resnet50,gaussian_blur,3,C:\Users\ramti\Desktop\ramtin legion pc\article_project\data\raw\pdraw_spiral\test\parkinson\V06PE01.png,1,0.756284,1
pdraw_spiral,resnet50,gaussian_blur,3,C:\Users\ramti\Desktop\ramtin legion pc\article_project\data\raw\pdraw_spiral\test\parkinson\V07PE01.png,1,0.858598,1
pdraw_spiral,resnet50,gaussian_blur,3,C:\Users\ramti\Desktop\ramtin legion pc\article_project\data\raw\pdraw_spiral\test\parkinson\V08PE01.png,1,0.583235,1
pdraw_spiral,resnet50,gaussian_blur,3,C:\Users\ramti\Desktop\ramtin legion pc\article_project\data\raw\pdraw_spiral\test\parkinson\V09PE01.png,1,0.754030,1
pdraw_spiral,resnet50,gaussian_blur,3,C:\Users\ramti\Desktop\ramtin legion pc\article_project\data\raw\pdraw_spiral\test\parkinson\V10PE03.png,1,0.644251,1
pdraw_spiral,resnet50,gaussian_blur,3,C:\Users\ramti\Desktop\ramtin legion pc\article_project\data\raw\pdraw_spiral\test\parkinson\V11PE03.png,1,0.663191,1
pdraw_spiral,resnet50,gaussian_blur,3,C:\Users\ramti\Desktop\ramtin legion pc\article_project\data\raw\pdraw_spiral\test\parkinson\V14PE03.png,1,0.840220,1
pdraw_spiral,resnet50,gaussian_blur,3,C:\Users\ramti\Desktop\ramtin legion pc\article_project\data\raw\pdraw_spiral\test\parkinson\V15PE01.png,1,0.740657,1
pdraw_spiral,resnet50,gaussian_blur,4,C:\Users\ramti\Desktop\ramtin legion pc\article_project\data\raw\pdraw_spiral\test\healthy\V01HE01.png,0,0.719817,1
pdraw_spiral,resnet50,gaussian_blur,4,C:\Users\ramti\Desktop\ramtin legion pc\article_project\data\raw\pdraw_spiral\test\healthy\V02HE01.png,0,0.719224,1
pdraw_spiral,resnet50,gaussian_blur,4,C:\Users\ramti\Desktop\ramtin legion pc\article_project\data\raw\pdraw_spiral\test\healthy\V03HE1.png,0,0.664254,1
pdraw_spiral,resnet50,gaussian_blur,4,C:\Users\ramti\Desktop\ramtin legion pc\article_project\data\raw\pdraw_spiral\test\healthy\V04HE01.png,0,0.519250,1
pdraw_spiral,resnet50,gaussian_blur,4,C:\Users\ramti\Desktop\ramtin legion pc\article_project\data\raw\pdraw_spiral\test\healthy\V05HE01.png,0,0.616914,1
pdraw_spiral,resnet50,gaussian_blur,4,C:\Users\ramti\Desktop\ramtin legion pc\article_project\data\raw\pdraw_spiral\test\healthy\V06HE01.png,0,0.643732,1
pdraw_spiral,resnet50,gaussian_blur,4,C:\Users\ramti\Desktop\ramtin legion pc\article_project\data\raw\pdraw_spiral\test\healthy\V07HE01.png,0,0.619614,1
pdraw_spiral,resnet50,gaussian_blur,4,C:\Users\ramti\Desktop\ramtin legion pc\article_project\data\raw\pdraw_spiral\test\healthy\V08HE01.png,0,0.567888,1
pdraw_spiral,resnet50,gaussian_blur,4,C:\Users\ramti\Desktop\ramtin legion pc\article_project\data\raw\pdraw_spiral\test\healthy\V09HE01.png,0,0.633216,1
pdraw_spiral,resnet50,gaussian_blur,4,C:\Users\ramti\Desktop\ramtin legion pc\article_project\data\raw\pdraw_spiral\test\healthy\V10HE01.png,0,0.566184,1
pdraw_spiral,resnet50,gaussian_blur,4,C:\Users\ramti\Desktop\ramtin legion pc\article_project\data\raw\pdraw_spiral\test\healthy\V11HE01.png,0,0.536191,1
pdraw_spiral,resnet50,gaussian_blur,4,C:\Users\ramti\Desktop\ramtin legion pc\article_project\data\raw\pdraw_spiral\test\healthy\V55HE12.png,0,0.440832,0
pdraw_spiral,resnet50,gaussian_blur,4,C:\Users\ramti\Desktop\ramtin legion pc\article_project\data\raw\pdraw_spiral\test\healthy\V55HE13.png,0,0.510789,1
pdraw_spiral,resnet50,gaussian_blur,4,C:\Users\ramti\Desktop\ramtin legion pc\article_project\data\raw\pdraw_spiral\test\healthy\V55HE14.png,0,0.439904,0
pdraw_spiral,resnet50,gaussian_blur,4,C:\Users\ramti\Desktop\ramtin legion pc\article_project\data\raw\pdraw_spiral\test\healthy\V55HE15.png,0,0.475348,0
pdraw_spiral,resnet50,gaussian_blur,4,C:\Users\ramti\Desktop\ramtin legion pc\article_project\data\raw\pdraw_spiral\test\parkinson\V01PE01.png,1,0.649126,1
pdraw_spiral,resnet50,gaussian_blur,4,C:\Users\ramti\Desktop\ramtin legion pc\article_project\data\raw\pdraw_spiral\test\parkinson\V02PE01.png,1,0.753246,1
pdraw_spiral,resnet50,gaussian_blur,4,C:\Users\ramti\Desktop\ramtin legion pc\article_project\data\raw\pdraw_spiral\test\parkinson\V03PE01.png,1,0.869690,1
pdraw_spiral,resnet50,gaussian_blur,4,C:\Users\ramti\Desktop\ramtin legion pc\article_project\data\raw\pdraw_spiral\test\parkinson\V03PE04.png,1,0.849209,1
pdraw_spiral,resnet50,gaussian_blur,4,C:\Users\ramti\Desktop\ramtin legion pc\article_project\data\raw\pdraw_spiral\test\parkinson\V03PE07.png,1,0.845012,1
pdraw_spiral,resnet50,gaussian_blur,4,C:\Users\ramti\Desktop\ramtin legion pc\article_project\data\raw\pdraw_spiral\test\parkinson\V04PE01.png,1,0.783884,1
pdraw_spiral,resnet50,gaussian_blur,4,C:\Users\ramti\Desktop\ramtin legion pc\article_project\data\raw\pdraw_spiral\test\parkinson\V05PE01.png,1,0.803081,1
pdraw_spiral,resnet50,gaussian_blur,4,C:\Users\ramti\Desktop\ramtin legion pc\article_project\data\raw\pdraw_spiral\test\parkinson\V06PE01.png,1,0.777504,1
pdraw_spiral,resnet50,gaussian_blur,4,C:\Users\ramti\Desktop\ramtin legion pc\article_project\data\raw\pdraw_spiral\test\parkinson\V07PE01.png,1,0.863818,1
pdraw_spiral,resnet50,gaussian_blur,4,C:\Users\ramti\Desktop\ramtin legion pc\article_project\data\raw\pdraw_spiral\test\parkinson\V08PE01.png,1,0.601795,1
pdraw_spiral,resnet50,gaussian_blur,4,C:\Users\ramti\Desktop\ramtin legion pc\article_project\data\raw\pdraw_spiral\test\parkinson\V09PE01.png,1,0.782422,1
pdraw_spiral,resnet50,gaussian_blur,4,C:\Users\ramti\Desktop\ramtin legion pc\article_project\data\raw\pdraw_spiral\test\parkinson\V10PE03.png,1,0.667550,1
pdraw_spiral,resnet50,gaussian_blur,4,C:\Users\ramti\Desktop\ramtin legion pc\article_project\data\raw\pdraw_spiral\test\parkinson\V11PE03.png,1,0.679072,1
pdraw_spiral,resnet50,gaussian_blur,4,C:\Users\ramti\Desktop\ramtin legion pc\article_project\data\raw\pdraw_spiral\test\parkinson\V14PE03.png,1,0.837089,1
pdraw_spiral,resnet50,gaussian_blur,4,C:\Users\ramti\Desktop\ramtin legion pc\article_project\data\raw\pdraw_spiral\test\parkinson\V15PE01.png,1,0.769889,1
pdraw_spiral,resnet50,gaussian_blur,5,C:\Users\ramti\Desktop\ramtin legion pc\article_project\data\raw\pdraw_spiral\test\healthy\V01HE01.png,0,0.709579,1
pdraw_spiral,resnet50,gaussian_blur,5,C:\Users\ramti\Desktop\ramtin legion pc\article_project\data\raw\pdraw_spiral\test\healthy\V02HE01.png,0,0.714142,1
pdraw_spiral,resnet50,gaussian_blur,5,C:\Users\ramti\Desktop\ramtin legion pc\article_project\data\raw\pdraw_spiral\test\healthy\V03HE1.png,0,0.663731,1
pdraw_spiral,resnet50,gaussian_blur,5,C:\Users\ramti\Desktop\ramtin legion pc\article_project\data\raw\pdraw_spiral\test\healthy\V04HE01.png,0,0.532976,1
pdraw_spiral,resnet50,gaussian_blur,5,C:\Users\ramti\Desktop\ramtin legion pc\article_project\data\raw\pdraw_spiral\test\healthy\V05HE01.png,0,0.645586,1
pdraw_spiral,resnet50,gaussian_blur,5,C:\Users\ramti\Desktop\ramtin legion pc\article_project\data\raw\pdraw_spiral\test\healthy\V06HE01.png,0,0.673930,1
pdraw_spiral,resnet50,gaussian_blur,5,C:\Users\ramti\Desktop\ramtin legion pc\article_project\data\raw\pdraw_spiral\test\healthy\V07HE01.png,0,0.674023,1
pdraw_spiral,resnet50,gaussian_blur,5,C:\Users\ramti\Desktop\ramtin legion pc\article_project\data\raw\pdraw_spiral\test\healthy\V08HE01.png,0,0.608156,1
pdraw_spiral,resnet50,gaussian_blur,5,C:\Users\ramti\Desktop\ramtin legion pc\article_project\data\raw\pdraw_spiral\test\healthy\V09HE01.png,0,0.667405,1
pdraw_spiral,resnet50,gaussian_blur,5,C:\Users\ramti\Desktop\ramtin legion pc\article_project\data\raw\pdraw_spiral\test\healthy\V10HE01.png,0,0.585471,1
pdraw_spiral,resnet50,gaussian_blur,5,C:\Users\ramti\Desktop\ramtin legion pc\article_project\data\raw\pdraw_spiral\test\healthy\V11HE01.png,0,0.540214,1
pdraw_spiral,resnet50,gaussian_blur,5,C:\Users\ramti\Desktop\ramtin legion pc\article_project\data\raw\pdraw_spiral\test\healthy\V55HE12.png,0,0.456239,0
pdraw_spiral,resnet50,gaussian_blur,5,C:\Users\ramti\Desktop\ramtin legion pc\article_project\data\raw\pdraw_spiral\test\healthy\V55HE13.png,0,0.550645,1
pdraw_spiral,resnet50,gaussian_blur,5,C:\Users\ramti\Desktop\ramtin legion pc\article_project\data\raw\pdraw_spiral\test\healthy\V55HE14.png,0,0.446856,0
pdraw_spiral,resnet50,gaussian_blur,5,C:\Users\ramti\Desktop\ramtin legion pc\article_project\data\raw\pdraw_spiral\test\healthy\V55HE15.png,0,0.505509,1
pdraw_spiral,resnet50,gaussian_blur,5,C:\Users\ramti\Desktop\ramtin legion pc\article_project\data\raw\pdraw_spiral\test\parkinson\V01PE01.png,1,0.656612,1
pdraw_spiral,resnet50,gaussian_blur,5,C:\Users\ramti\Desktop\ramtin legion pc\article_project\data\raw\pdraw_spiral\test\parkinson\V02PE01.png,1,0.775526,1
pdraw_spiral,resnet50,gaussian_blur,5,C:\Users\ramti\Desktop\ramtin legion pc\article_project\data\raw\pdraw_spiral\test\parkinson\V03PE01.png,1,0.868287,1
pdraw_spiral,resnet50,gaussian_blur,5,C:\Users\ramti\Desktop\ramtin legion pc\article_project\data\raw\pdraw_spiral\test\parkinson\V03PE04.png,1,0.846581,1
pdraw_spiral,resnet50,gaussian_blur,5,C:\Users\ramti\Desktop\ramtin legion pc\article_project\data\raw\pdraw_spiral\test\parkinson\V03PE07.png,1,0.853476,1
pdraw_spiral,resnet50,gaussian_blur,5,C:\Users\ramti\Desktop\ramtin legion pc\article_project\data\raw\pdraw_spiral\test\parkinson\V04PE01.png,1,0.787063,1
pdraw_spiral,resnet50,gaussian_blur,5,C:\Users\ramti\Desktop\ramtin legion pc\article_project\data\raw\pdraw_spiral\test\parkinson\V05PE01.png,1,0.803350,1
pdraw_spiral,resnet50,gaussian_blur,5,C:\Users\ramti\Desktop\ramtin legion pc\article_project\data\raw\pdraw_spiral\test\parkinson\V06PE01.png,1,0.784009,1
pdraw_spiral,resnet50,gaussian_blur,5,C:\Users\ramti\Desktop\ramtin legion pc\article_project\data\raw\pdraw_spiral\test\parkinson\V07PE01.png,1,0.868988,1
pdraw_spiral,resnet50,gaussian_blur,5,C:\Users\ramti\Desktop\ramtin legion pc\article_project\data\raw\pdraw_spiral\test\parkinson\V08PE01.png,1,0.614813,1
pdraw_spiral,resnet50,gaussian_blur,5,C:\Users\ramti\Desktop\ramtin legion pc\article_project\data\raw\pdraw_spiral\test\parkinson\V09PE01.png,1,0.789306,1
pdraw_spiral,resnet50,gaussian_blur,5,C:\Users\ramti\Desktop\ramtin legion pc\article_project\data\raw\pdraw_spiral\test\parkinson\V10PE03.png,1,0.693298,1
pdraw_spiral,resnet50,gaussian_blur,5,C:\Users\ramti\Desktop\ramtin legion pc\article_project\data\raw\pdraw_spiral\test\parkinson\V11PE03.png,1,0.705647,1
pdraw_spiral,resnet50,gaussian_blur,5,C:\Users\ramti\Desktop\ramtin legion pc\article_project\data\raw\pdraw_spiral\test\parkinson\V14PE03.png,1,0.833385,1
pdraw_spiral,resnet50,gaussian_blur,5,C:\Users\ramti\Desktop\ramtin legion pc\article_project\data\raw\pdraw_spiral\test\parkinson\V15PE01.png,1,0.770902,1
pdraw_spiral,resnet50,gaussian_noise,1,C:\Users\ramti\Desktop\ramtin legion pc\article_project\data\raw\pdraw_spiral\test\healthy\V01HE01.png,0,0.568259,1
pdraw_spiral,resnet50,gaussian_noise,1,C:\Users\ramti\Desktop\ramtin legion pc\article_project\data\raw\pdraw_spiral\test\healthy\V02HE01.png,0,0.557156,1
pdraw_spiral,resnet50,gaussian_noise,1,C:\Users\ramti\Desktop\ramtin legion pc\article_project\data\raw\pdraw_spiral\test\healthy\V03HE1.png,0,0.503448,1
pdraw_spiral,resnet50,gaussian_noise,1,C:\Users\ramti\Desktop\ramtin legion pc\article_project\data\raw\pdraw_spiral\test\healthy\V04HE01.png,0,0.413745,0
pdraw_spiral,resnet50,gaussian_noise,1,C:\Users\ramti\Desktop\ramtin legion pc\article_project\data\raw\pdraw_spiral\test\healthy\V05HE01.png,0,0.483693,0
pdraw_spiral,resnet50,gaussian_noise,1,C:\Users\ramti\Desktop\ramtin legion pc\article_project\data\raw\pdraw_spiral\test\healthy\V06HE01.png,0,0.553025,1
pdraw_spiral,resnet50,gaussian_noise,1,C:\Users\ramti\Desktop\ramtin legion pc\article_project\data\raw\pdraw_spiral\test\healthy\V07HE01.png,0,0.448249,0
pdraw_spiral,resnet50,gaussian_noise,1,C:\Users\ramti\Desktop\ramtin legion pc\article_project\data\raw\pdraw_spiral\test\healthy\V08HE01.png,0,0.468177,0
pdraw_spiral,resnet50,gaussian_noise,1,C:\Users\ramti\Desktop\ramtin legion pc\article_project\data\raw\pdraw_spiral\test\healthy\V09HE01.png,0,0.538319,1
pdraw_spiral,resnet50,gaussian_noise,1,C:\Users\ramti\Desktop\ramtin legion pc\article_project\data\raw\pdraw_spiral\test\healthy\V10HE01.png,0,0.426754,0
pdraw_spiral,resnet50,gaussian_noise,1,C:\Users\ramti\Desktop\ramtin legion pc\article_project\data\raw\pdraw_spiral\test\healthy\V11HE01.png,0,0.465271,0
pdraw_spiral,resnet50,gaussian_noise,1,C:\Users\ramti\Desktop\ramtin legion pc\article_project\data\raw\pdraw_spiral\test\healthy\V55HE12.png,0,0.365099,0
pdraw_spiral,resnet50,gaussian_noise,1,C:\Users\ramti\Desktop\ramtin legion pc\article_project\data\raw\pdraw_spiral\test\healthy\V55HE13.png,0,0.424922,0
pdraw_spiral,resnet50,gaussian_noise,1,C:\Users\ramti\Desktop\ramtin legion pc\article_project\data\raw\pdraw_spiral\test\healthy\V55HE14.png,0,0.357244,0
pdraw_spiral,resnet50,gaussian_noise,1,C:\Users\ramti\Desktop\ramtin legion pc\article_project\data\raw\pdraw_spiral\test\healthy\V55HE15.png,0,0.356515,0
pdraw_spiral,resnet50,gaussian_noise,1,C:\Users\ramti\Desktop\ramtin legion pc\article_project\data\raw\pdraw_spiral\test\parkinson\V01PE01.png,1,0.525377,1
pdraw_spiral,resnet50,gaussian_noise,1,C:\Users\ramti\Desktop\ramtin legion pc\article_project\data\raw\pdraw_spiral\test\parkinson\V02PE01.png,1,0.580061,1
pdraw_spiral,resnet50,gaussian_noise,1,C:\Users\ramti\Desktop\ramtin legion pc\article_project\data\raw\pdraw_spiral\test\parkinson\V03PE01.png,1,0.834940,1
pdraw_spiral,resnet50,gaussian_noise,1,C:\Users\ramti\Desktop\ramtin legion pc\article_project\data\raw\pdraw_spiral\test\parkinson\V03PE04.png,1,0.782811,1
pdraw_spiral,resnet50,gaussian_noise,1,C:\Users\ramti\Desktop\ramtin legion pc\article_project\data\raw\pdraw_spiral\test\parkinson\V03PE07.png,1,0.744840,1
pdraw_spiral,resnet50,gaussian_noise,1,C:\Users\ramti\Desktop\ramtin legion pc\article_project\data\raw\pdraw_spiral\test\parkinson\V04PE01.png,1,0.662536,1
pdraw_spiral,resnet50,gaussian_noise,1,C:\Users\ramti\Desktop\ramtin legion pc\article_project\data\raw\pdraw_spiral\test\parkinson\V05PE01.png,1,0.742641,1
pdraw_spiral,resnet50,gaussian_noise,1,C:\Users\ramti\Desktop\ramtin legion pc\article_project\data\raw\pdraw_spiral\test\parkinson\V06PE01.png,1,0.621764,1
pdraw_spiral,resnet50,gaussian_noise,1,C:\Users\ramti\Desktop\ramtin legion pc\article_project\data\raw\pdraw_spiral\test\parkinson\V07PE01.png,1,0.814629,1
pdraw_spiral,resnet50,gaussian_noise,1,C:\Users\ramti\Desktop\ramtin legion pc\article_project\data\raw\pdraw_spiral\test\parkinson\V08PE01.png,1,0.471463,0
pdraw_spiral,resnet50,gaussian_noise,1,C:\Users\ramti\Desktop\ramtin legion pc\article_project\data\raw\pdraw_spiral\test\parkinson\V09PE01.png,1,0.693834,1
pdraw_spiral,resnet50,gaussian_noise,1,C:\Users\ramti\Desktop\ramtin legion pc\article_project\data\raw\pdraw_spiral\test\parkinson\V10PE03.png,1,0.548200,1
pdraw_spiral,resnet50,gaussian_noise,1,C:\Users\ramti\Desktop\ramtin legion pc\article_project\data\raw\pdraw_spiral\test\parkinson\V11PE03.png,1,0.600102,1
pdraw_spiral,resnet50,gaussian_noise,1,C:\Users\ramti\Desktop\ramtin legion pc\article_project\data\raw\pdraw_spiral\test\parkinson\V14PE03.png,1,0.844129,1
pdraw_spiral,resnet50,gaussian_noise,1,C:\Users\ramti\Desktop\ramtin legion pc\article_project\data\raw\pdraw_spiral\test\parkinson\V15PE01.png,1,0.679755,1
pdraw_spiral,resnet50,gaussian_noise,2,C:\Users\ramti\Desktop\ramtin legion pc\article_project\data\raw\pdraw_spiral\test\healthy\V01HE01.png,0,0.599650,1
pdraw_spiral,resnet50,gaussian_noise,2,C:\Users\ramti\Desktop\ramtin legion pc\article_project\data\raw\pdraw_spiral\test\healthy\V02HE01.png,0,0.561954,1
pdraw_spiral,resnet50,gaussian_noise,2,C:\Users\ramti\Desktop\ramtin legion pc\article_project\data\raw\pdraw_spiral\test\healthy\V03HE1.png,0,0.563084,1
pdraw_spiral,resnet50,gaussian_noise,2,C:\Users\ramti\Desktop\ramtin legion pc\article_project\data\raw\pdraw_spiral\test\healthy\V04HE01.png,0,0.446672,0
pdraw_spiral,resnet50,gaussian_noise,2,C:\Users\ramti\Desktop\ramtin legion pc\article_project\data\raw\pdraw_spiral\test\healthy\V05HE01.png,0,0.492881,0
pdraw_spiral,resnet50,gaussian_noise,2,C:\Users\ramti\Desktop\ramtin legion pc\article_project\data\raw\pdraw_spiral\test\healthy\V06HE01.png,0,0.626343,1
pdraw_spiral,resnet50,gaussian_noise,2,C:\Users\ramti\Desktop\ramtin legion pc\article_project\data\raw\pdraw_spiral\test\healthy\V07HE01.png,0,0.517926,1
pdraw_spiral,resnet50,gaussian_noise,2,C:\Users\ramti\Desktop\ramtin legion pc\article_project\data\raw\pdraw_spiral\test\healthy\V08HE01.png,0,0.509832,1
pdraw_spiral,resnet50,gaussian_noise,2,C:\Users\ramti\Desktop\ramtin legion pc\article_project\data\raw\pdraw_spiral\test\healthy\V09HE01.png,0,0.543284,1
pdraw_spiral,resnet50,gaussian_noise,2,C:\Users\ramti\Desktop\ramtin legion pc\article_project\data\raw\pdraw_spiral\test\healthy\V10HE01.png,0,0.445702,0
pdraw_spiral,resnet50,gaussian_noise,2,C:\Users\ramti\Desktop\ramtin legion pc\article_project\data\raw\pdraw_spiral\test\healthy\V11HE01.png,0,0.467038,0
pdraw_spiral,resnet50,gaussian_noise,2,C:\Users\ramti\Desktop\ramtin legion pc\article_project\data\raw\pdraw_spiral\test\healthy\V55HE12.png,0,0.372173,0
pdraw_spiral,resnet50,gaussian_noise,2,C:\Users\ramti\Desktop\ramtin legion pc\article_project\data\raw\pdraw_spiral\test\healthy\V55HE13.png,0,0.444370,0
pdraw_spiral,resnet50,gaussian_noise,2,C:\Users\ramti\Desktop\ramtin legion pc\article_project\data\raw\pdraw_spiral\test\healthy\V55HE14.png,0,0.370053,0
pdraw_spiral,resnet50,gaussian_noise,2,C:\Users\ramti\Desktop\ramtin legion pc\article_project\data\raw\pdraw_spiral\test\healthy\V55HE15.png,0,0.382075,0
pdraw_spiral,resnet50,gaussian_noise,2,C:\Users\ramti\Desktop\ramtin legion pc\article_project\data\raw\pdraw_spiral\test\parkinson\V01PE01.png,1,0.534647,1
pdraw_spiral,resnet50,gaussian_noise,2,C:\Users\ramti\Desktop\ramtin legion pc\article_project\data\raw\pdraw_spiral\test\parkinson\V02PE01.png,1,0.617633,1
pdraw_spiral,resnet50,gaussian_noise,2,C:\Users\ramti\Desktop\ramtin legion pc\article_project\data\raw\pdraw_spiral\test\parkinson\V03PE01.png,1,0.831467,1
pdraw_spiral,resnet50,gaussian_noise,2,C:\Users\ramti\Desktop\ramtin legion pc\article_project\data\raw\pdraw_spiral\test\parkinson\V03PE04.png,1,0.820988,1
pdraw_spiral,resnet50,gaussian_noise,2,C:\Users\ramti\Desktop\ramtin legion pc\article_project\data\raw\pdraw_spiral\test\parkinson\V03PE07.png,1,0.824219,1
pdraw_spiral,resnet50,gaussian_noise,2,C:\Users\ramti\Desktop\ramtin legion pc\article_project\data\raw\pdraw_spiral\test\parkinson\V04PE01.png,1,0.744366,1
pdraw_spiral,resnet50,gaussian_noise,2,C:\Users\ramti\Desktop\ramtin legion pc\article_project\data\raw\pdraw_spiral\test\parkinson\V05PE01.png,1,0.751857,1
pdraw_spiral,resnet50,gaussian_noise,2,C:\Users\ramti\Desktop\ramtin legion pc\article_project\data\raw\pdraw_spiral\test\parkinson\V06PE01.png,1,0.717772,1
pdraw_spiral,resnet50,gaussian_noise,2,C:\Users\ramti\Desktop\ramtin legion pc\article_project\data\raw\pdraw_spiral\test\parkinson\V07PE01.png,1,0.799301,1
pdraw_spiral,resnet50,gaussian_noise,2,C:\Users\ramti\Desktop\ramtin legion pc\article_project\data\raw\pdraw_spiral\test\parkinson\V08PE01.png,1,0.532431,1
pdraw_spiral,resnet50,gaussian_noise,2,C:\Users\ramti\Desktop\ramtin legion pc\article_project\data\raw\pdraw_spiral\test\parkinson\V09PE01.png,1,0.728890,1
pdraw_spiral,resnet50,gaussian_noise,2,C:\Users\ramti\Desktop\ramtin legion pc\article_project\data\raw\pdraw_spiral\test\parkinson\V10PE03.png,1,0.645154,1
pdraw_spiral,resnet50,gaussian_noise,2,C:\Users\ramti\Desktop\ramtin legion pc\article_project\data\raw\pdraw_spiral\test\parkinson\V11PE03.png,1,0.637905,1
pdraw_spiral,resnet50,gaussian_noise,2,C:\Users\ramti\Desktop\ramtin legion pc\article_project\data\raw\pdraw_spiral\test\parkinson\V14PE03.png,1,0.828831,1
pdraw_spiral,resnet50,gaussian_noise,2,C:\Users\ramti\Desktop\ramtin legion pc\article_project\data\raw\pdraw_spiral\test\parkinson\V15PE01.png,1,0.652645,1
pdraw_spiral,resnet50,gaussian_noise,3,C:\Users\ramti\Desktop\ramtin legion pc\article_project\data\raw\pdraw_spiral\test\healthy\V01HE01.png,0,0.646001,1
pdraw_spiral,resnet50,gaussian_noise,3,C:\Users\ramti\Desktop\ramtin legion pc\article_project\data\raw\pdraw_spiral\test\healthy\V02HE01.png,0,0.602200,1
pdraw_spiral,resnet50,gaussian_noise,3,C:\Users\ramti\Desktop\ramtin legion pc\article_project\data\raw\pdraw_spiral\test\healthy\V03HE1.png,0,0.588162,1
pdraw_spiral,resnet50,gaussian_noise,3,C:\Users\ramti\Desktop\ramtin legion pc\article_project\data\raw\pdraw_spiral\test\healthy\V04HE01.png,0,0.442377,0
pdraw_spiral,resnet50,gaussian_noise,3,C:\Users\ramti\Desktop\ramtin legion pc\article_project\data\raw\pdraw_spiral\test\healthy\V05HE01.png,0,0.545704,1
pdraw_spiral,resnet50,gaussian_noise,3,C:\Users\ramti\Desktop\ramtin legion pc\article_project\data\raw\pdraw_spiral\test\healthy\V06HE01.png,0,0.604707,1
pdraw_spiral,resnet50,gaussian_noise,3,C:\Users\ramti\Desktop\ramtin legion pc\article_project\data\raw\pdraw_spiral\test\healthy\V07HE01.png,0,0.571577,1
pdraw_spiral,resnet50,gaussian_noise,3,C:\Users\ramti\Desktop\ramtin legion pc\article_project\data\raw\pdraw_spiral\test\healthy\V08HE01.png,0,0.515043,1
pdraw_spiral,resnet50,gaussian_noise,3,C:\Users\ramti\Desktop\ramtin legion pc\article_project\data\raw\pdraw_spiral\test\healthy\V09HE01.png,0,0.586591,1
pdraw_spiral,resnet50,gaussian_noise,3,C:\Users\ramti\Desktop\ramtin legion pc\article_project\data\raw\pdraw_spiral\test\healthy\V10HE01.png,0,0.477881,0
pdraw_spiral,resnet50,gaussian_noise,3,C:\Users\ramti\Desktop\ramtin legion pc\article_project\data\raw\pdraw_spiral\test\healthy\V11HE01.png,0,0.503421,1
pdraw_spiral,resnet50,gaussian_noise,3,C:\Users\ramti\Desktop\ramtin legion pc\article_project\data\raw\pdraw_spiral\test\healthy\V55HE12.png,0,0.400884,0
pdraw_spiral,resnet50,gaussian_noise,3,C:\Users\ramti\Desktop\ramtin legion pc\article_project\data\raw\pdraw_spiral\test\healthy\V55HE13.png,0,0.459781,0
pdraw_spiral,resnet50,gaussian_noise,3,C:\Users\ramti\Desktop\ramtin legion pc\article_project\data\raw\pdraw_spiral\test\healthy\V55HE14.png,0,0.395438,0
pdraw_spiral,resnet50,gaussian_noise,3,C:\Users\ramti\Desktop\ramtin legion pc\article_project\data\raw\pdraw_spiral\test\healthy\V55HE15.png,0,0.408417,0
pdraw_spiral,resnet50,gaussian_noise,3,C:\Users\ramti\Desktop\ramtin legion pc\article_project\data\raw\pdraw_spiral\test\parkinson\V01PE01.png,1,0.546114,1
pdraw_spiral,resnet50,gaussian_noise,3,C:\Users\ramti\Desktop\ramtin legion pc\article_project\data\raw\pdraw_spiral\test\parkinson\V02PE01.png,1,0.694784,1
pdraw_spiral,resnet50,gaussian_noise,3,C:\Users\ramti\Desktop\ramtin legion pc\article_project\data\raw\pdraw_spiral\test\parkinson\V03PE01.png,1,0.856108,1
pdraw_spiral,resnet50,gaussian_noise,3,C:\Users\ramti\Desktop\ramtin legion pc\article_project\data\raw\pdraw_spiral\test\parkinson\V03PE04.png,1,0.850095,1
pdraw_spiral,resnet50,gaussian_noise,3,C:\Users\ramti\Desktop\ramtin legion pc\article_project\data\raw\pdraw_spiral\test\parkinson\V03PE07.png,1,0.840055,1
pdraw_spiral,resnet50,gaussian_noise,3,C:\Users\ramti\Desktop\ramtin legion pc\article_project\data\raw\pdraw_spiral\test\parkinson\V04PE01.png,1,0.778545,1
pdraw_spiral,resnet50,gaussian_noise,3,C:\Users\ramti\Desktop\ramtin legion pc\article_project\data\raw\pdraw_spiral\test\parkinson\V05PE01.png,1,0.780389,1
pdraw_spiral,resnet50,gaussian_noise,3,C:\Users\ramti\Desktop\ramtin legion pc\article_project\data\raw\pdraw_spiral\test\parkinson\V06PE01.png,1,0.738756,1
pdraw_spiral,resnet50,gaussian_noise,3,C:\Users\ramti\Desktop\ramtin legion pc\article_project\data\raw\pdraw_spiral\test\parkinson\V07PE01.png,1,0.797811,1
pdraw_spiral,resnet50,gaussian_noise,3,C:\Users\ramti\Desktop\ramtin legion pc\article_project\data\raw\pdraw_spiral\test\parkinson\V08PE01.png,1,0.578159,1
pdraw_spiral,resnet50,gaussian_noise,3,C:\Users\ramti\Desktop\ramtin legion pc\article_project\data\raw\pdraw_spiral\test\parkinson\V09PE01.png,1,0.759167,1
pdraw_spiral,resnet50,gaussian_noise,3,C:\Users\ramti\Desktop\ramtin legion pc\article_project\data\raw\pdraw_spiral\test\parkinson\V10PE03.png,1,0.707865,1
pdraw_spiral,resnet50,gaussian_noise,3,C:\Users\ramti\Desktop\ramtin legion pc\article_project\data\raw\pdraw_spiral\test\parkinson\V11PE03.png,1,0.675169,1
pdraw_spiral,resnet50,gaussian_noise,3,C:\Users\ramti\Desktop\ramtin legion pc\article_project\data\raw\pdraw_spiral\test\parkinson\V14PE03.png,1,0.814566,1
pdraw_spiral,resnet50,gaussian_noise,3,C:\Users\ramti\Desktop\ramtin legion pc\article_project\data\raw\pdraw_spiral\test\parkinson\V15PE01.png,1,0.659563,1
pdraw_spiral,resnet50,gaussian_noise,4,C:\Users\ramti\Desktop\ramtin legion pc\article_project\data\raw\pdraw_spiral\test\healthy\V01HE01.png,0,0.645768,1
pdraw_spiral,resnet50,gaussian_noise,4,C:\Users\ramti\Desktop\ramtin legion pc\article_project\data\raw\pdraw_spiral\test\healthy\V02HE01.png,0,0.566679,1
pdraw_spiral,resnet50,gaussian_noise,4,C:\Users\ramti\Desktop\ramtin legion pc\article_project\data\raw\pdraw_spiral\test\healthy\V03HE1.png,0,0.557163,1
pdraw_spiral,resnet50,gaussian_noise,4,C:\Users\ramti\Desktop\ramtin legion pc\article_project\data\raw\pdraw_spiral\test\healthy\V04HE01.png,0,0.447951,0
pdraw_spiral,resnet50,gaussian_noise,4,C:\Users\ramti\Desktop\ramtin legion pc\article_project\data\raw\pdraw_spiral\test\healthy\V05HE01.png,0,0.614793,1
pdraw_spiral,resnet50,gaussian_noise,4,C:\Users\ramti\Desktop\ramtin legion pc\article_project\data\raw\pdraw_spiral\test\healthy\V06HE01.png,0,0.580758,1
pdraw_spiral,resnet50,gaussian_noise,4,C:\Users\ramti\Desktop\ramtin legion pc\article_project\data\raw\pdraw_spiral\test\healthy\V07HE01.png,0,0.561646,1
pdraw_spiral,resnet50,gaussian_noise,4,C:\Users\ramti\Desktop\ramtin legion pc\article_project\data\raw\pdraw_spiral\test\healthy\V08HE01.png,0,0.512673,1
pdraw_spiral,resnet50,gaussian_noise,4,C:\Users\ramti\Desktop\ramtin legion pc\article_project\data\raw\pdraw_spiral\test\healthy\V09HE01.png,0,0.625625,1
pdraw_spiral,resnet50,gaussian_noise,4,C:\Users\ramti\Desktop\ramtin legion pc\article_project\data\raw\pdraw_spiral\test\healthy\V10HE01.png,0,0.522571,1
pdraw_spiral,resnet50,gaussian_noise,4,C:\Users\ramti\Desktop\ramtin legion pc\article_project\data\raw\pdraw_spiral\test\healthy\V11HE01.png,0,0.523727,1
pdraw_spiral,resnet50,gaussian_noise,4,C:\Users\ramti\Desktop\ramtin legion pc\article_project\data\raw\pdraw_spiral\test\healthy\V55HE12.png,0,0.384306,0
pdraw_spiral,resnet50,gaussian_noise,4,C:\Users\ramti\Desktop\ramtin legion pc\article_project\data\raw\pdraw_spiral\test\healthy\V55HE13.png,0,0.517690,1
pdraw_spiral,resnet50,gaussian_noise,4,C:\Users\ramti\Desktop\ramtin legion pc\article_project\data\raw\pdraw_spiral\test\healthy\V55HE14.png,0,0.428355,0
pdraw_spiral,resnet50,gaussian_noise,4,C:\Users\ramti\Desktop\ramtin legion pc\article_project\data\raw\pdraw_spiral\test\healthy\V55HE15.png,0,0.437305,0
pdraw_spiral,resnet50,gaussian_noise,4,C:\Users\ramti\Desktop\ramtin legion pc\article_project\data\raw\pdraw_spiral\test\parkinson\V01PE01.png,1,0.554103,1
pdraw_spiral,resnet50,gaussian_noise,4,C:\Users\ramti\Desktop\ramtin legion pc\article_project\data\raw\pdraw_spiral\test\parkinson\V02PE01.png,1,0.724745,1
pdraw_spiral,resnet50,gaussian_noise,4,C:\Users\ramti\Desktop\ramtin legion pc\article_project\data\raw\pdraw_spiral\test\parkinson\V03PE01.png,1,0.837889,1
pdraw_spiral,resnet50,gaussian_noise,4,C:\Users\ramti\Desktop\ramtin legion pc\article_project\data\raw\pdraw_spiral\test\parkinson\V03PE04.png,1,0.807426,1
pdraw_spiral,resnet50,gaussian_noise,4,C:\Users\ramti\Desktop\ramtin legion pc\article_project\data\raw\pdraw_spiral\test\parkinson\V03PE07.png,1,0.837511,1
pdraw_spiral,resnet50,gaussian_noise,4,C:\Users\ramti\Desktop\ramtin legion pc\article_project\data\raw\pdraw_spiral\test\parkinson\V04PE01.png,1,0.807519,1
pdraw_spiral,resnet50,gaussian_noise,4,C:\Users\ramti\Desktop\ramtin legion pc\article_project\data\raw\pdraw_spiral\test\parkinson\V05PE01.png,1,0.807864,1
pdraw_spiral,resnet50,gaussian_noise,4,C:\Users\ramti\Desktop\ramtin legion pc\article_project\data\raw\pdraw_spiral\test\parkinson\V06PE01.png,1,0.756293,1
pdraw_spiral,resnet50,gaussian_noise,4,C:\Users\ramti\Desktop\ramtin legion pc\article_project\data\raw\pdraw_spiral\test\parkinson\V07PE01.png,1,0.808428,1
pdraw_spiral,resnet50,gaussian_noise,4,C:\Users\ramti\Desktop\ramtin legion pc\article_project\data\raw\pdraw_spiral\test\parkinson\V08PE01.png,1,0.552538,1
pdraw_spiral,resnet50,gaussian_noise,4,C:\Users\ramti\Desktop\ramtin legion pc\article_project\data\raw\pdraw_spiral\test\parkinson\V09PE01.png,1,0.781031,1
pdraw_spiral,resnet50,gaussian_noise,4,C:\Users\ramti\Desktop\ramtin legion pc\article_project\data\raw\pdraw_spiral\test\parkinson\V10PE03.png,1,0.714370,1
pdraw_spiral,resnet50,gaussian_noise,4,C:\Users\ramti\Desktop\ramtin legion pc\article_project\data\raw\pdraw_spiral\test\parkinson\V11PE03.png,1,0.659035,1
pdraw_spiral,resnet50,gaussian_noise,4,C:\Users\ramti\Desktop\ramtin legion pc\article_project\data\raw\pdraw_spiral\test\parkinson\V14PE03.png,1,0.804136,1
pdraw_spiral,resnet50,gaussian_noise,4,C:\Users\ramti\Desktop\ramtin legion pc\article_project\data\raw\pdraw_spiral\test\parkinson\V15PE01.png,1,0.604411,1
pdraw_spiral,resnet50,gaussian_noise,5,C:\Users\ramti\Desktop\ramtin legion pc\article_project\data\raw\pdraw_spiral\test\healthy\V01HE01.png,0,0.649635,1
pdraw_spiral,resnet50,gaussian_noise,5,C:\Users\ramti\Desktop\ramtin legion pc\article_project\data\raw\pdraw_spiral\test\healthy\V02HE01.png,0,0.642392,1
pdraw_spiral,resnet50,gaussian_noise,5,C:\Users\ramti\Desktop\ramtin legion pc\article_project\data\raw\pdraw_spiral\test\healthy\V03HE1.png,0,0.546390,1
pdraw_spiral,resnet50,gaussian_noise,5,C:\Users\ramti\Desktop\ramtin legion pc\article_project\data\raw\pdraw_spiral\test\healthy\V04HE01.png,0,0.436758,0
pdraw_spiral,resnet50,gaussian_noise,5,C:\Users\ramti\Desktop\ramtin legion pc\article_project\data\raw\pdraw_spiral\test\healthy\V05HE01.png,0,0.625911,1
pdraw_spiral,resnet50,gaussian_noise,5,C:\Users\ramti\Desktop\ramtin legion pc\article_project\data\raw\pdraw_spiral\test\healthy\V06HE01.png,0,0.614001,1
pdraw_spiral,resnet50,gaussian_noise,5,C:\Users\ramti\Desktop\ramtin legion pc\article_project\data\raw\pdraw_spiral\test\healthy\V07HE01.png,0,0.545361,1
pdraw_spiral,resnet50,gaussian_noise,5,C:\Users\ramti\Desktop\ramtin legion pc\article_project\data\raw\pdraw_spiral\test\healthy\V08HE01.png,0,0.509311,1
pdraw_spiral,resnet50,gaussian_noise,5,C:\Users\ramti\Desktop\ramtin legion pc\article_project\data\raw\pdraw_spiral\test\healthy\V09HE01.png,0,0.644807,1
pdraw_spiral,resnet50,gaussian_noise,5,C:\Users\ramti\Desktop\ramtin legion pc\article_project\data\raw\pdraw_spiral\test\healthy\V10HE01.png,0,0.448115,0
pdraw_spiral,resnet50,gaussian_noise,5,C:\Users\ramti\Desktop\ramtin legion pc\article_project\data\raw\pdraw_spiral\test\healthy\V11HE01.png,0,0.518246,1
pdraw_spiral,resnet50,gaussian_noise,5,C:\Users\ramti\Desktop\ramtin legion pc\article_project\data\raw\pdraw_spiral\test\healthy\V55HE12.png,0,0.371504,0
pdraw_spiral,resnet50,gaussian_noise,5,C:\Users\ramti\Desktop\ramtin legion pc\article_project\data\raw\pdraw_spiral\test\healthy\V55HE13.png,0,0.506137,1
pdraw_spiral,resnet50,gaussian_noise,5,C:\Users\ramti\Desktop\ramtin legion pc\article_project\data\raw\pdraw_spiral\test\healthy\V55HE14.png,0,0.401315,0
pdraw_spiral,resnet50,gaussian_noise,5,C:\Users\ramti\Desktop\ramtin legion pc\article_project\data\raw\pdraw_spiral\test\healthy\V55HE15.png,0,0.403644,0
pdraw_spiral,resnet50,gaussian_noise,5,C:\Users\ramti\Desktop\ramtin legion pc\article_project\data\raw\pdraw_spiral\test\parkinson\V01PE01.png,1,0.527196,1
pdraw_spiral,resnet50,gaussian_noise,5,C:\Users\ramti\Desktop\ramtin legion pc\article_project\data\raw\pdraw_spiral\test\parkinson\V02PE01.png,1,0.722188,1
pdraw_spiral,resnet50,gaussian_noise,5,C:\Users\ramti\Desktop\ramtin legion pc\article_project\data\raw\pdraw_spiral\test\parkinson\V03PE01.png,1,0.863348,1
pdraw_spiral,resnet50,gaussian_noise,5,C:\Users\ramti\Desktop\ramtin legion pc\article_project\data\raw\pdraw_spiral\test\parkinson\V03PE04.png,1,0.807935,1
pdraw_spiral,resnet50,gaussian_noise,5,C:\Users\ramti\Desktop\ramtin legion pc\article_project\data\raw\pdraw_spiral\test\parkinson\V03PE07.png,1,0.833318,1
pdraw_spiral,resnet50,gaussian_noise,5,C:\Users\ramti\Desktop\ramtin legion pc\article_project\data\raw\pdraw_spiral\test\parkinson\V04PE01.png,1,0.803410,1
pdraw_spiral,resnet50,gaussian_noise,5,C:\Users\ramti\Desktop\ramtin legion pc\article_project\data\raw\pdraw_spiral\test\parkinson\V05PE01.png,1,0.792009,1
pdraw_spiral,resnet50,gaussian_noise,5,C:\Users\ramti\Desktop\ramtin legion pc\article_project\data\raw\pdraw_spiral\test\parkinson\V06PE01.png,1,0.750146,1
pdraw_spiral,resnet50,gaussian_noise,5,C:\Users\ramti\Desktop\ramtin legion pc\article_project\data\raw\pdraw_spiral\test\parkinson\V07PE01.png,1,0.792258,1
pdraw_spiral,resnet50,gaussian_noise,5,C:\Users\ramti\Desktop\ramtin legion pc\article_project\data\raw\pdraw_spiral\test\parkinson\V08PE01.png,1,0.556203,1
pdraw_spiral,resnet50,gaussian_noise,5,C:\Users\ramti\Desktop\ramtin legion pc\article_project\data\raw\pdraw_spiral\test\parkinson\V09PE01.png,1,0.760206,1
pdraw_spiral,resnet50,gaussian_noise,5,C:\Users\ramti\Desktop\ramtin legion pc\article_project\data\raw\pdraw_spiral\test\parkinson\V10PE03.png,1,0.707056,1
pdraw_spiral,resnet50,gaussian_noise,5,C:\Users\ramti\Desktop\ramtin legion pc\article_project\data\raw\pdraw_spiral\test\parkinson\V11PE03.png,1,0.642587,1
pdraw_spiral,resnet50,gaussian_noise,5,C:\Users\ramti\Desktop\ramtin legion pc\article_project\data\raw\pdraw_spiral\test\parkinson\V14PE03.png,1,0.804336,1
pdraw_spiral,resnet50,gaussian_noise,5,C:\Users\ramti\Desktop\ramtin legion pc\article_project\data\raw\pdraw_spiral\test\parkinson\V15PE01.png,1,0.619654,1
pdraw_spiral,resnet50,contrast,1,C:\Users\ramti\Desktop\ramtin legion pc\article_project\data\raw\pdraw_spiral\test\healthy\V01HE01.png,0,0.540503,1
pdraw_spiral,resnet50,contrast,1,C:\Users\ramti\Desktop\ramtin legion pc\article_project\data\raw\pdraw_spiral\test\healthy\V02HE01.png,0,0.648839,1
pdraw_spiral,resnet50,contrast,1,C:\Users\ramti\Desktop\ramtin legion pc\article_project\data\raw\pdraw_spiral\test\healthy\V03HE1.png,0,0.539177,1
pdraw_spiral,resnet50,contrast,1,C:\Users\ramti\Desktop\ramtin legion pc\article_project\data\raw\pdraw_spiral\test\healthy\V04HE01.png,0,0.412279,0
pdraw_spiral,resnet50,contrast,1,C:\Users\ramti\Desktop\ramtin legion pc\article_project\data\raw\pdraw_spiral\test\healthy\V05HE01.png,0,0.485978,0
pdraw_spiral,resnet50,contrast,1,C:\Users\ramti\Desktop\ramtin legion pc\article_project\data\raw\pdraw_spiral\test\healthy\V06HE01.png,0,0.588592,1
pdraw_spiral,resnet50,contrast,1,C:\Users\ramti\Desktop\ramtin legion pc\article_project\data\raw\pdraw_spiral\test\healthy\V07HE01.png,0,0.479883,0
pdraw_spiral,resnet50,contrast,1,C:\Users\ramti\Desktop\ramtin legion pc\article_project\data\raw\pdraw_spiral\test\healthy\V08HE01.png,0,0.446866,0
pdraw_spiral,resnet50,contrast,1,C:\Users\ramti\Desktop\ramtin legion pc\article_project\data\raw\pdraw_spiral\test\healthy\V09HE01.png,0,0.525881,1
pdraw_spiral,resnet50,contrast,1,C:\Users\ramti\Desktop\ramtin legion pc\article_project\data\raw\pdraw_spiral\test\healthy\V10HE01.png,0,0.442505,0
pdraw_spiral,resnet50,contrast,1,C:\Users\ramti\Desktop\ramtin legion pc\article_project\data\raw\pdraw_spiral\test\healthy\V11HE01.png,0,0.456992,0
pdraw_spiral,resnet50,contrast,1,C:\Users\ramti\Desktop\ramtin legion pc\article_project\data\raw\pdraw_spiral\test\healthy\V55HE12.png,0,0.365986,0
pdraw_spiral,resnet50,contrast,1,C:\Users\ramti\Desktop\ramtin legion pc\article_project\data\raw\pdraw_spiral\test\healthy\V55HE13.png,0,0.425280,0
pdraw_spiral,resnet50,contrast,1,C:\Users\ramti\Desktop\ramtin legion pc\article_project\data\raw\pdraw_spiral\test\healthy\V55HE14.png,0,0.360524,0
pdraw_spiral,resnet50,contrast,1,C:\Users\ramti\Desktop\ramtin legion pc\article_project\data\raw\pdraw_spiral\test\healthy\V55HE15.png,0,0.368853,0
pdraw_spiral,resnet50,contrast,1,C:\Users\ramti\Desktop\ramtin legion pc\article_project\data\raw\pdraw_spiral\test\parkinson\V01PE01.png,1,0.547981,1
pdraw_spiral,resnet50,contrast,1,C:\Users\ramti\Desktop\ramtin legion pc\article_project\data\raw\pdraw_spiral\test\parkinson\V02PE01.png,1,0.611454,1
pdraw_spiral,resnet50,contrast,1,C:\Users\ramti\Desktop\ramtin legion pc\article_project\data\raw\pdraw_spiral\test\parkinson\V03PE01.png,1,0.822080,1
pdraw_spiral,resnet50,contrast,1,C:\Users\ramti\Desktop\ramtin legion pc\article_project\data\raw\pdraw_spiral\test\parkinson\V03PE04.png,1,0.805782,1
pdraw_spiral,resnet50,contrast,1,C:\Users\ramti\Desktop\ramtin legion pc\article_project\data\raw\pdraw_spiral\test\parkinson\V03PE07.png,1,0.779821,1
pdraw_spiral,resnet50,contrast,1,C:\Users\ramti\Desktop\ramtin legion pc\article_project\data\raw\pdraw_spiral\test\parkinson\V04PE01.png,1,0.744980,1
pdraw_spiral,resnet50,contrast,1,C:\Users\ramti\Desktop\ramtin legion pc\article_project\data\raw\pdraw_spiral\test\parkinson\V05PE01.png,1,0.762748,1
pdraw_spiral,resnet50,contrast,1,C:\Users\ramti\Desktop\ramtin legion pc\article_project\data\raw\pdraw_spiral\test\parkinson\V06PE01.png,1,0.670417,1
pdraw_spiral,resnet50,contrast,1,C:\Users\ramti\Desktop\ramtin legion pc\article_project\data\raw\pdraw_spiral\test\parkinson\V07PE01.png,1,0.834351,1
pdraw_spiral,resnet50,contrast,1,C:\Users\ramti\Desktop\ramtin legion pc\article_project\data\raw\pdraw_spiral\test\parkinson\V08PE01.png,1,0.472156,0
pdraw_spiral,resnet50,contrast,1,C:\Users\ramti\Desktop\ramtin legion pc\article_project\data\raw\pdraw_spiral\test\parkinson\V09PE01.png,1,0.711410,1
pdraw_spiral,resnet50,contrast,1,C:\Users\ramti\Desktop\ramtin legion pc\article_project\data\raw\pdraw_spiral\test\parkinson\V10PE03.png,1,0.641581,1
pdraw_spiral,resnet50,contrast,1,C:\Users\ramti\Desktop\ramtin legion pc\article_project\data\raw\pdraw_spiral\test\parkinson\V11PE03.png,1,0.590557,1
pdraw_spiral,resnet50,contrast,1,C:\Users\ramti\Desktop\ramtin legion pc\article_project\data\raw\pdraw_spiral\test\parkinson\V14PE03.png,1,0.833745,1
pdraw_spiral,resnet50,contrast,1,C:\Users\ramti\Desktop\ramtin legion pc\article_project\data\raw\pdraw_spiral\test\parkinson\V15PE01.png,1,0.680611,1
pdraw_spiral,resnet50,contrast,2,C:\Users\ramti\Desktop\ramtin legion pc\article_project\data\raw\pdraw_spiral\test\healthy\V01HE01.png,0,0.566700,1
pdraw_spiral,resnet50,contrast,2,C:\Users\ramti\Desktop\ramtin legion pc\article_project\data\raw\pdraw_spiral\test\healthy\V02HE01.png,0,0.613050,1
pdraw_spiral,resnet50,contrast,2,C:\Users\ramti\Desktop\ramtin legion pc\article_project\data\raw\pdraw_spiral\test\healthy\V03HE1.png,0,0.531920,1
pdraw_spiral,resnet50,contrast,2,C:\Users\ramti\Desktop\ramtin legion pc\article_project\data\raw\pdraw_spiral\test\healthy\V04HE01.png,0,0.412377,0
pdraw_spiral,resnet50,contrast,2,C:\Users\ramti\Desktop\ramtin legion pc\article_project\data\raw\pdraw_spiral\test\healthy\V05HE01.png,0,0.483142,0
pdraw_spiral,resnet50,contrast,2,C:\Users\ramti\Desktop\ramtin legion pc\article_project\data\raw\pdraw_spiral\test\healthy\V06HE01.png,0,0.566435,1
pdraw_spiral,resnet50,contrast,2,C:\Users\ramti\Desktop\ramtin legion pc\article_project\data\raw\pdraw_spiral\test\healthy\V07HE01.png,0,0.477625,0
pdraw_spiral,resnet50,contrast,2,C:\Users\ramti\Desktop\ramtin legion pc\article_project\data\raw\pdraw_spiral\test\healthy\V08HE01.png,0,0.444853,0
pdraw_spiral,resnet50,contrast,2,C:\Users\ramti\Desktop\ramtin legion pc\article_project\data\raw\pdraw_spiral\test\healthy\V09HE01.png,0,0.533059,1
pdraw_spiral,resnet50,contrast,2,C:\Users\ramti\Desktop\ramtin legion pc\article_project\data\raw\pdraw_spiral\test\healthy\V10HE01.png,0,0.423157,0
pdraw_spiral,resnet50,contrast,2,C:\Users\ramti\Desktop\ramtin legion pc\article_project\data\raw\pdraw_spiral\test\healthy\V11HE01.png,0,0.453840,0
pdraw_spiral,resnet50,contrast,2,C:\Users\ramti\Desktop\ramtin legion pc\article_project\data\raw\pdraw_spiral\test\healthy\V55HE12.png,0,0.361735,0
pdraw_spiral,resnet50,contrast,2,C:\Users\ramti\Desktop\ramtin legion pc\article_project\data\raw\pdraw_spiral\test\healthy\V55HE13.png,0,0.416484,0
pdraw_spiral,resnet50,contrast,2,C:\Users\ramti\Desktop\ramtin legion pc\article_project\data\raw\pdraw_spiral\test\healthy\V55HE14.png,0,0.351947,0
pdraw_spiral,resnet50,contrast,2,C:\Users\ramti\Desktop\ramtin legion pc\article_project\data\raw\pdraw_spiral\test\healthy\V55HE15.png,0,0.355452,0
pdraw_spiral,resnet50,contrast,2,C:\Users\ramti\Desktop\ramtin legion pc\article_project\data\raw\pdraw_spiral\test\parkinson\V01PE01.png,1,0.540804,1
pdraw_spiral,resnet50,contrast,2,C:\Users\ramti\Desktop\ramtin legion pc\article_project\data\raw\pdraw_spiral\test\parkinson\V02PE01.png,1,0.613627,1
pdraw_spiral,resnet50,contrast,2,C:\Users\ramti\Desktop\ramtin legion pc\article_project\data\raw\pdraw_spiral\test\parkinson\V03PE01.png,1,0.830475,1
pdraw_spiral,resnet50,contrast,2,C:\Users\ramti\Desktop\ramtin legion pc\article_project\data\raw\pdraw_spiral\test\parkinson\V03PE04.png,1,0.800743,1
pdraw_spiral,resnet50,contrast,2,C:\Users\ramti\Desktop\ramtin legion pc\article_project\data\raw\pdraw_spiral\test\parkinson\V03PE07.png,1,0.766968,1
pdraw_spiral,resnet50,contrast,2,C:\Users\ramti\Desktop\ramtin legion pc\article_project\data\raw\pdraw_spiral\test\parkinson\V04PE01.png,1,0.710179,1
pdraw_spiral,resnet50,contrast,2,C:\Users\ramti\Desktop\ramtin legion pc\article_project\data\raw\pdraw_spiral\test\parkinson\V05PE01.png,1,0.757672,1
pdraw_spiral,resnet50,contrast,2,C:\Users\ramti\Desktop\ramtin legion pc\article_project\data\raw\pdraw_spiral\test\parkinson\V06PE01.png,1,0.649655,1
pdraw_spiral,resnet50,contrast,2,C:\Users\ramti\Desktop\ramtin legion pc\article_project\data\raw\pdraw_spiral\test\parkinson\V07PE01.png,1,0.828138,1
pdraw_spiral,resnet50,contrast,2,C:\Users\ramti\Desktop\ramtin legion pc\article_project\data\raw\pdraw_spiral\test\parkinson\V08PE01.png,1,0.482770,0
pdraw_spiral,resnet50,contrast,2,C:\Users\ramti\Desktop\ramtin legion pc\article_project\data\raw\pdraw_spiral\test\parkinson\V09PE01.png,1,0.700992,1
pdraw_spiral,resnet50,contrast,2,C:\Users\ramti\Desktop\ramtin legion pc\article_project\data\raw\pdraw_spiral\test\parkinson\V10PE03.png,1,0.603809,1
pdraw_spiral,resnet50,contrast,2,C:\Users\ramti\Desktop\ramtin legion pc\article_project\data\raw\pdraw_spiral\test\parkinson\V11PE03.png,1,0.589494,1
pdraw_spiral,resnet50,contrast,2,C:\Users\ramti\Desktop\ramtin legion pc\article_project\data\raw\pdraw_spiral\test\parkinson\V14PE03.png,1,0.830387,1
pdraw_spiral,resnet50,contrast,2,C:\Users\ramti\Desktop\ramtin legion pc\article_project\data\raw\pdraw_spiral\test\parkinson\V15PE01.png,1,0.706945,1
pdraw_spiral,resnet50,contrast,3,C:\Users\ramti\Desktop\ramtin legion pc\article_project\data\raw\pdraw_spiral\test\healthy\V01HE01.png,0,0.595069,1
pdraw_spiral,resnet50,contrast,3,C:\Users\ramti\Desktop\ramtin legion pc\article_project\data\raw\pdraw_spiral\test\healthy\V02HE01.png,0,0.587986,1
pdraw_spiral,resnet50,contrast,3,C:\Users\ramti\Desktop\ramtin legion pc\article_project\data\raw\pdraw_spiral\test\healthy\V03HE1.png,0,0.541974,1
pdraw_spiral,resnet50,contrast,3,C:\Users\ramti\Desktop\ramtin legion pc\article_project\data\raw\pdraw_spiral\test\healthy\V04HE01.png,0,0.409449,0
pdraw_spiral,resnet50,contrast,3,C:\Users\ramti\Desktop\ramtin legion pc\article_project\data\raw\pdraw_spiral\test\healthy\V05HE01.png,0,0.484565,0
pdraw_spiral,resnet50,contrast,3,C:\Users\ramti\Desktop\ramtin legion pc\article_project\data\raw\pdraw_spiral\test\healthy\V06HE01.png,0,0.561002,1
pdraw_spiral,resnet50,contrast,3,C:\Users\ramti\Desktop\ramtin legion pc\article_project\data\raw\pdraw_spiral\test\healthy\V07HE01.png,0,0.475666,0
pdraw_spiral,resnet50,contrast,3,C:\Users\ramti\Desktop\ramtin legion pc\article_project\data\raw\pdraw_spiral\test\healthy\V08HE01.png,0,0.446657,0
pdraw_spiral,resnet50,contrast,3,C:\Users\ramti\Desktop\ramtin legion pc\article_project\data\raw\pdraw_spiral\test\healthy\V09HE01.png,0,0.542674,1
pdraw_spiral,resnet50,contrast,3,C:\Users\ramti\Desktop\ramtin legion pc\article_project\data\raw\pdraw_spiral\test\healthy\V10HE01.png,0,0.424630,0
pdraw_spiral,resnet50,contrast,3,C:\Users\ramti\Desktop\ramtin legion pc\article_project\data\raw\pdraw_spiral\test\healthy\V11HE01.png,0,0.464271,0
pdraw_spiral,resnet50,contrast,3,C:\Users\ramti\Desktop\ramtin legion pc\article_project\data\raw\pdraw_spiral\test\healthy\V55HE12.png,0,0.362295,0
pdraw_spiral,resnet50,contrast,3,C:\Users\ramti\Desktop\ramtin legion pc\article_project\data\raw\pdraw_spiral\test\healthy\V55HE13.png,0,0.417400,0
pdraw_spiral,resnet50,contrast,3,C:\Users\ramti\Desktop\ramtin legion pc\article_project\data\raw\pdraw_spiral\test\healthy\V55HE14.png,0,0.354102,0
pdraw_spiral,resnet50,contrast,3,C:\Users\ramti\Desktop\ramtin legion pc\article_project\data\raw\pdraw_spiral\test\healthy\V55HE15.png,0,0.349226,0
pdraw_spiral,resnet50,contrast,3,C:\Users\ramti\Desktop\ramtin legion pc\article_project\data\raw\pdraw_spiral\test\parkinson\V01PE01.png,1,0.543917,1
pdraw_spiral,resnet50,contrast,3,C:\Users\ramti\Desktop\ramtin legion pc\article_project\data\raw\pdraw_spiral\test\parkinson\V02PE01.png,1,0.621606,1
pdraw_spiral,resnet50,contrast,3,C:\Users\ramti\Desktop\ramtin legion pc\article_project\data\raw\pdraw_spiral\test\parkinson\V03PE01.png,1,0.840950,1
pdraw_spiral,resnet50,contrast,3,C:\Users\ramti\Desktop\ramtin legion pc\article_project\data\raw\pdraw_spiral\test\parkinson\V03PE04.png,1,0.805741,1
pdraw_spiral,resnet50,contrast,3,C:\Users\ramti\Desktop\ramtin legion pc\article_project\data\raw\pdraw_spiral\test\parkinson\V03PE07.png,1,0.759112,1
pdraw_spiral,resnet50,contrast,3,C:\Users\ramti\Desktop\ramtin legion pc\article_project\data\raw\pdraw_spiral\test\parkinson\V04PE01.png,1,0.701843,1
pdraw_spiral,resnet50,contrast,3,C:\Users\ramti\Desktop\ramtin legion pc\article_project\data\raw\pdraw_spiral\test\parkinson\V05PE01.png,1,0.750368,1
pdraw_spiral,resnet50,contrast,3,C:\Users\ramti\Desktop\ramtin legion pc\article_project\data\raw\pdraw_spiral\test\parkinson\V06PE01.png,1,0.655113,1
pdraw_spiral,resnet50,contrast,3,C:\Users\ramti\Desktop\ramtin legion pc\article_project\data\raw\pdraw_spiral\test\parkinson\V07PE01.png,1,0.830413,1
pdraw_spiral,resnet50,contrast,3,C:\Users\ramti\Desktop\ramtin legion pc\article_project\data\raw\pdraw_spiral\test\parkinson\V08PE01.png,1,0.479135,0
pdraw_spiral,resnet50,contrast,3,C:\Users\ramti\Desktop\ramtin legion pc\article_project\data\raw\pdraw_spiral\test\parkinson\V09PE01.png,1,0.695714,1
pdraw_spiral,resnet50,contrast,3,C:\Users\ramti\Desktop\ramtin legion pc\article_project\data\raw\pdraw_spiral\test\parkinson\V10PE03.png,1,0.591602,1
pdraw_spiral,resnet50,contrast,3,C:\Users\ramti\Desktop\ramtin legion pc\article_project\data\raw\pdraw_spiral\test\parkinson\V11PE03.png,1,0.594318,1
pdraw_spiral,resnet50,contrast,3,C:\Users\ramti\Desktop\ramtin legion pc\article_project\data\raw\pdraw_spiral\test\parkinson\V14PE03.png,1,0.827923,1
pdraw_spiral,resnet50,contrast,3,C:\Users\ramti\Desktop\ramtin legion pc\article_project\data\raw\pdraw_spiral\test\parkinson\V15PE01.png,1,0.706347,1
pdraw_spiral,resnet50,contrast,4,C:\Users\ramti\Desktop\ramtin legion pc\article_project\data\raw\pdraw_spiral\test\healthy\V01HE01.png,0,0.644883,1
pdraw_spiral,resnet50,contrast,4,C:\Users\ramti\Desktop\ramtin legion pc\article_project\data\raw\pdraw_spiral\test\healthy\V02HE01.png,0,0.561577,1
pdraw_spiral,resnet50,contrast,4,C:\Users\ramti\Desktop\ramtin legion pc\article_project\data\raw\pdraw_spiral\test\healthy\V03HE1.png,0,0.576326,1
pdraw_spiral,resnet50,contrast,4,C:\Users\ramti\Desktop\ramtin legion pc\article_project\data\raw\pdraw_spiral\test\healthy\V04HE01.png,0,0.424533,0
pdraw_spiral,resnet50,contrast,4,C:\Users\ramti\Desktop\ramtin legion pc\article_project\data\raw\pdraw_spiral\test\healthy\V05HE01.png,0,0.500521,1
pdraw_spiral,resnet50,contrast,4,C:\Users\ramti\Desktop\ramtin legion pc\article_project\data\raw\pdraw_spiral\test\healthy\V06HE01.png,0,0.572475,1
pdraw_spiral,resnet50,contrast,4,C:\Users\ramti\Desktop\ramtin legion pc\article_project\data\raw\pdraw_spiral\test\healthy\V07HE01.png,0,0.485517,0
pdraw_spiral,resnet50,contrast,4,C:\Users\ramti\Desktop\ramtin legion pc\article_project\data\raw\pdraw_spiral\test\healthy\V08HE01.png,0,0.485584,0
pdraw_spiral,resnet50,contrast,4,C:\Users\ramti\Desktop\ramtin legion pc\article_project\data\raw\pdraw_spiral\test\healthy\V09HE01.png,0,0.581539,1
pdraw_spiral,resnet50,contrast,4,C:\Users\ramti\Desktop\ramtin legion pc\article_project\data\raw\pdraw_spiral\test\healthy\V10HE01.png,0,0.438748,0
pdraw_spiral,resnet50,contrast,4,C:\Users\ramti\Desktop\ramtin legion pc\article_project\data\raw\pdraw_spiral\test\healthy\V11HE01.png,0,0.483205,0
pdraw_spiral,resnet50,contrast,4,C:\Users\ramti\Desktop\ramtin legion pc\article_project\data\raw\pdraw_spiral\test\healthy\V55HE12.png,0,0.378575,0
pdraw_spiral,resnet50,contrast,4,C:\Users\ramti\Desktop\ramtin legion pc\article_project\data\raw\pdraw_spiral\test\healthy\V55HE13.png,0,0.457317,0
pdraw_spiral,resnet50,contrast,4,C:\Users\ramti\Desktop\ramtin legion pc\article_project\data\raw\pdraw_spiral\test\healthy\V55HE14.png,0,0.379514,0
pdraw_spiral,resnet50,contrast,4,C:\Users\ramti\Desktop\ramtin legion pc\article_project\data\raw\pdraw_spiral\test\healthy\V55HE15.png,0,0.373560,0
pdraw_spiral,resnet50,contrast,4,C:\Users\ramti\Desktop\ramtin legion pc\article_project\data\raw\pdraw_spiral\test\parkinson\V01PE01.png,1,0.568412,1
pdraw_spiral,resnet50,contrast,4,C:\Users\ramti\Desktop\ramtin legion pc\article_project\data\raw\pdraw_spiral\test\parkinson\V02PE01.png,1,0.635299,1
pdraw_spiral,resnet50,contrast,4,C:\Users\ramti\Desktop\ramtin legion pc\article_project\data\raw\pdraw_spiral\test\parkinson\V03PE01.png,1,0.849095,1
pdraw_spiral,resnet50,contrast,4,C:\Users\ramti\Desktop\ramtin legion pc\article_project\data\raw\pdraw_spiral\test\parkinson\V03PE04.png,1,0.830813,1
pdraw_spiral,resnet50,contrast,4,C:\Users\ramti\Desktop\ramtin legion pc\article_project\data\raw\pdraw_spiral\test\parkinson\V03PE07.png,1,0.779835,1
pdraw_spiral,resnet50,contrast,4,C:\Users\ramti\Desktop\ramtin legion pc\article_project\data\raw\pdraw_spiral\test\parkinson\V04PE01.png,1,0.721419,1
pdraw_spiral,resnet50,contrast,4,C:\Users\ramti\Desktop\ramtin legion pc\article_project\data\raw\pdraw_spiral\test\parkinson\V05PE01.png,1,0.755906,1
pdraw_spiral,resnet50,contrast,4,C:\Users\ramti\Desktop\ramtin legion pc\article_project\data\raw\pdraw_spiral\test\parkinson\V06PE01.png,1,0.702731,1
pdraw_spiral,resnet50,contrast,4,C:\Users\ramti\Desktop\ramtin legion pc\article_project\data\raw\pdraw_spiral\test\parkinson\V07PE01.png,1,0.839022,1
pdraw_spiral,resnet50,contrast,4,C:\Users\ramti\Desktop\ramtin legion pc\article_project\data\raw\pdraw_spiral\test\parkinson\V08PE01.png,1,0.475030,0
pdraw_spiral,resnet50,contrast,4,C:\Users\ramti\Desktop\ramtin legion pc\article_project\data\raw\pdraw_spiral\test\parkinson\V09PE01.png,1,0.687900,1
pdraw_spiral,resnet50,contrast,4,C:\Users\ramti\Desktop\ramtin legion pc\article_project\data\raw\pdraw_spiral\test\parkinson\V10PE03.png,1,0.581966,1
pdraw_spiral,resnet50,contrast,4,C:\Users\ramti\Desktop\ramtin legion pc\article_project\data\raw\pdraw_spiral\test\parkinson\V11PE03.png,1,0.634083,1
pdraw_spiral,resnet50,contrast,4,C:\Users\ramti\Desktop\ramtin legion pc\article_project\data\raw\pdraw_spiral\test\parkinson\V14PE03.png,1,0.834097,1
pdraw_spiral,resnet50,contrast,4,C:\Users\ramti\Desktop\ramtin legion pc\article_project\data\raw\pdraw_spiral\test\parkinson\V15PE01.png,1,0.677173,1
pdraw_spiral,resnet50,contrast,5,C:\Users\ramti\Desktop\ramtin legion pc\article_project\data\raw\pdraw_spiral\test\healthy\V01HE01.png,0,0.666425,1
pdraw_spiral,resnet50,contrast,5,C:\Users\ramti\Desktop\ramtin legion pc\article_project\data\raw\pdraw_spiral\test\healthy\V02HE01.png,0,0.563528,1
pdraw_spiral,resnet50,contrast,5,C:\Users\ramti\Desktop\ramtin legion pc\article_project\data\raw\pdraw_spiral\test\healthy\V03HE1.png,0,0.593534,1
pdraw_spiral,resnet50,contrast,5,C:\Users\ramti\Desktop\ramtin legion pc\article_project\data\raw\pdraw_spiral\test\healthy\V04HE01.png,0,0.439897,0
pdraw_spiral,resnet50,contrast,5,C:\Users\ramti\Desktop\ramtin legion pc\article_project\data\raw\pdraw_spiral\test\healthy\V05HE01.png,0,0.505794,1
pdraw_spiral,resnet50,contrast,5,C:\Users\ramti\Desktop\ramtin legion pc\article_project\data\raw\pdraw_spiral\test\healthy\V06HE01.png,0,0.575965,1
pdraw_spiral,resnet50,contrast,5,C:\Users\ramti\Desktop\ramtin legion pc\article_project\data\raw\pdraw_spiral\test\healthy\V07HE01.png,0,0.495311,0
pdraw_spiral,resnet50,contrast,5,C:\Users\ramti\Desktop\ramtin legion pc\article_project\data\raw\pdraw_spiral\test\healthy\V08HE01.png,0,0.500411,1
pdraw_spiral,resnet50,contrast,5,C:\Users\ramti\Desktop\ramtin legion pc\article_project\data\raw\pdraw_spiral\test\healthy\V09HE01.png,0,0.586913,1
pdraw_spiral,resnet50,contrast,5,C:\Users\ramti\Desktop\ramtin legion pc\article_project\data\raw\pdraw_spiral\test\healthy\V10HE01.png,0,0.450463,0
pdraw_spiral,resnet50,contrast,5,C:\Users\ramti\Desktop\ramtin legion pc\article_project\data\raw\pdraw_spiral\test\healthy\V11HE01.png,0,0.487260,0
pdraw_spiral,resnet50,contrast,5,C:\Users\ramti\Desktop\ramtin legion pc\article_project\data\raw\pdraw_spiral\test\healthy\V55HE12.png,0,0.387979,0
pdraw_spiral,resnet50,contrast,5,C:\Users\ramti\Desktop\ramtin legion pc\article_project\data\raw\pdraw_spiral\test\healthy\V55HE13.png,0,0.469182,0
pdraw_spiral,resnet50,contrast,5,C:\Users\ramti\Desktop\ramtin legion pc\article_project\data\raw\pdraw_spiral\test\healthy\V55HE14.png,0,0.394523,0
pdraw_spiral,resnet50,contrast,5,C:\Users\ramti\Desktop\ramtin legion pc\article_project\data\raw\pdraw_spiral\test\healthy\V55HE15.png,0,0.385057,0
pdraw_spiral,resnet50,contrast,5,C:\Users\ramti\Desktop\ramtin legion pc\article_project\data\raw\pdraw_spiral\test\parkinson\V01PE01.png,1,0.582141,1
pdraw_spiral,resnet50,contrast,5,C:\Users\ramti\Desktop\ramtin legion pc\article_project\data\raw\pdraw_spiral\test\parkinson\V02PE01.png,1,0.637143,1
pdraw_spiral,resnet50,contrast,5,C:\Users\ramti\Desktop\ramtin legion pc\article_project\data\raw\pdraw_spiral\test\parkinson\V03PE01.png,1,0.850056,1
pdraw_spiral,resnet50,contrast,5,C:\Users\ramti\Desktop\ramtin legion pc\article_project\data\raw\pdraw_spiral\test\parkinson\V03PE04.png,1,0.839515,1
pdraw_spiral,resnet50,contrast,5,C:\Users\ramti\Desktop\ramtin legion pc\article_project\data\raw\pdraw_spiral\test\parkinson\V03PE07.png,1,0.796645,1
pdraw_spiral,resnet50,contrast,5,C:\Users\ramti\Desktop\ramtin legion pc\article_project\data\raw\pdraw_spiral\test\parkinson\V04PE01.png,1,0.727799,1
pdraw_spiral,resnet50,contrast,5,C:\Users\ramti\Desktop\ramtin legion pc\article_project\data\raw\pdraw_spiral\test\parkinson\V05PE01.png,1,0.772717,1
pdraw_spiral,resnet50,contrast,5,C:\Users\ramti\Desktop\ramtin legion pc\article_project\data\raw\pdraw_spiral\test\parkinson\V06PE01.png,1,0.737883,1
pdraw_spiral,resnet50,contrast,5,C:\Users\ramti\Desktop\ramtin legion pc\article_project\data\raw\pdraw_spiral\test\parkinson\V07PE01.png,1,0.844320,1
pdraw_spiral,resnet50,contrast,5,C:\Users\ramti\Desktop\ramtin legion pc\article_project\data\raw\pdraw_spiral\test\parkinson\V08PE01.png,1,0.468572,0
pdraw_spiral,resnet50,contrast,5,C:\Users\ramti\Desktop\ramtin legion pc\article_project\data\raw\pdraw_spiral\test\parkinson\V09PE01.png,1,0.705495,1
pdraw_spiral,resnet50,contrast,5,C:\Users\ramti\Desktop\ramtin legion pc\article_project\data\raw\pdraw_spiral\test\parkinson\V10PE03.png,1,0.592651,1
pdraw_spiral,resnet50,contrast,5,C:\Users\ramti\Desktop\ramtin legion pc\article_project\data\raw\pdraw_spiral\test\parkinson\V11PE03.png,1,0.640698,1
pdraw_spiral,resnet50,contrast,5,C:\Users\ramti\Desktop\ramtin legion pc\article_project\data\raw\pdraw_spiral\test\parkinson\V14PE03.png,1,0.833688,1
pdraw_spiral,resnet50,contrast,5,C:\Users\ramti\Desktop\ramtin legion pc\article_project\data\raw\pdraw_spiral\test\parkinson\V15PE01.png,1,0.659697,1
pdraw_spiral,resnet50,brightness,1,C:\Users\ramti\Desktop\ramtin legion pc\article_project\data\raw\pdraw_spiral\test\healthy\V01HE01.png,0,0.564075,1
pdraw_spiral,resnet50,brightness,1,C:\Users\ramti\Desktop\ramtin legion pc\article_project\data\raw\pdraw_spiral\test\healthy\V02HE01.png,0,0.501993,1
pdraw_spiral,resnet50,brightness,1,C:\Users\ramti\Desktop\ramtin legion pc\article_project\data\raw\pdraw_spiral\test\healthy\V03HE1.png,0,0.488340,0
pdraw_spiral,resnet50,brightness,1,C:\Users\ramti\Desktop\ramtin legion pc\article_project\data\raw\pdraw_spiral\test\healthy\V04HE01.png,0,0.408820,0
pdraw_spiral,resnet50,brightness,1,C:\Users\ramti\Desktop\ramtin legion pc\article_project\data\raw\pdraw_spiral\test\healthy\V05HE01.png,0,0.501506,1
pdraw_spiral,resnet50,brightness,1,C:\Users\ramti\Desktop\ramtin legion pc\article_project\data\raw\pdraw_spiral\test\healthy\V06HE01.png,0,0.521383,1
pdraw_spiral,resnet50,brightness,1,C:\Users\ramti\Desktop\ramtin legion pc\article_project\data\raw\pdraw_spiral\test\healthy\V07HE01.png,0,0.457463,0
pdraw_spiral,resnet50,brightness,1,C:\Users\ramti\Desktop\ramtin legion pc\article_project\data\raw\pdraw_spiral\test\healthy\V08HE01.png,0,0.439666,0
pdraw_spiral,resnet50,brightness,1,C:\Users\ramti\Desktop\ramtin legion pc\article_project\data\raw\pdraw_spiral\test\healthy\V09HE01.png,0,0.457840,0
pdraw_spiral,resnet50,brightness,1,C:\Users\ramti\Desktop\ramtin legion pc\article_project\data\raw\pdraw_spiral\test\healthy\V10HE01.png,0,0.455057,0
pdraw_spiral,resnet50,brightness,1,C:\Users\ramti\Desktop\ramtin legion pc\article_project\data\raw\pdraw_spiral\test\healthy\V11HE01.png,0,0.466469,0
pdraw_spiral,resnet50,brightness,1,C:\Users\ramti\Desktop\ramtin legion pc\article_project\data\raw\pdraw_spiral\test\healthy\V55HE12.png,0,0.406458,0
pdraw_spiral,resnet50,brightness,1,C:\Users\ramti\Desktop\ramtin legion pc\article_project\data\raw\pdraw_spiral\test\healthy\V55HE13.png,0,0.448531,0
pdraw_spiral,resnet50,brightness,1,C:\Users\ramti\Desktop\ramtin legion pc\article_project\data\raw\pdraw_spiral\test\healthy\V55HE14.png,0,0.402914,0
pdraw_spiral,resnet50,brightness,1,C:\Users\ramti\Desktop\ramtin legion pc\article_project\data\raw\pdraw_spiral\test\healthy\V55HE15.png,0,0.401695,0
pdraw_spiral,resnet50,brightness,1,C:\Users\ramti\Desktop\ramtin legion pc\article_project\data\raw\pdraw_spiral\test\parkinson\V01PE01.png,1,0.551590,1
pdraw_spiral,resnet50,brightness,1,C:\Users\ramti\Desktop\ramtin legion pc\article_project\data\raw\pdraw_spiral\test\parkinson\V02PE01.png,1,0.585912,1
pdraw_spiral,resnet50,brightness,1,C:\Users\ramti\Desktop\ramtin legion pc\article_project\data\raw\pdraw_spiral\test\parkinson\V03PE01.png,1,0.769126,1
pdraw_spiral,resnet50,brightness,1,C:\Users\ramti\Desktop\ramtin legion pc\article_project\data\raw\pdraw_spiral\test\parkinson\V03PE04.png,1,0.779587,1
pdraw_spiral,resnet50,brightness,1,C:\Users\ramti\Desktop\ramtin legion pc\article_project\data\raw\pdraw_spiral\test\parkinson\V03PE07.png,1,0.733524,1
pdraw_spiral,resnet50,brightness,1,C:\Users\ramti\Desktop\ramtin legion pc\article_project\data\raw\pdraw_spiral\test\parkinson\V04PE01.png,1,0.680663,1
pdraw_spiral,resnet50,brightness,1,C:\Users\ramti\Desktop\ramtin legion pc\article_project\data\raw\pdraw_spiral\test\parkinson\V05PE01.png,1,0.671416,1
pdraw_spiral,resnet50,brightness,1,C:\Users\ramti\Desktop\ramtin legion pc\article_project\data\raw\pdraw_spiral\test\parkinson\V06PE01.png,1,0.576131,1
pdraw_spiral,resnet50,brightness,1,C:\Users\ramti\Desktop\ramtin legion pc\article_project\data\raw\pdraw_spiral\test\parkinson\V07PE01.png,1,0.844211,1
pdraw_spiral,resnet50,brightness,1,C:\Users\ramti\Desktop\ramtin legion pc\article_project\data\raw\pdraw_spiral\test\parkinson\V08PE01.png,1,0.480329,0
pdraw_spiral,resnet50,brightness,1,C:\Users\ramti\Desktop\ramtin legion pc\article_project\data\raw\pdraw_spiral\test\parkinson\V09PE01.png,1,0.599116,1
pdraw_spiral,resnet50,brightness,1,C:\Users\ramti\Desktop\ramtin legion pc\article_project\data\raw\pdraw_spiral\test\parkinson\V10PE03.png,1,0.549668,1
pdraw_spiral,resnet50,brightness,1,C:\Users\ramti\Desktop\ramtin legion pc\article_project\data\raw\pdraw_spiral\test\parkinson\V11PE03.png,1,0.537199,1
pdraw_spiral,resnet50,brightness,1,C:\Users\ramti\Desktop\ramtin legion pc\article_project\data\raw\pdraw_spiral\test\parkinson\V14PE03.png,1,0.807474,1
pdraw_spiral,resnet50,brightness,1,C:\Users\ramti\Desktop\ramtin legion pc\article_project\data\raw\pdraw_spiral\test\parkinson\V15PE01.png,1,0.556216,1
pdraw_spiral,resnet50,brightness,2,C:\Users\ramti\Desktop\ramtin legion pc\article_project\data\raw\pdraw_spiral\test\healthy\V01HE01.png,0,0.585957,1
pdraw_spiral,resnet50,brightness,2,C:\Users\ramti\Desktop\ramtin legion pc\article_project\data\raw\pdraw_spiral\test\healthy\V02HE01.png,0,0.515200,1
pdraw_spiral,resnet50,brightness,2,C:\Users\ramti\Desktop\ramtin legion pc\article_project\data\raw\pdraw_spiral\test\healthy\V03HE1.png,0,0.509838,1
pdraw_spiral,resnet50,brightness,2,C:\Users\ramti\Desktop\ramtin legion pc\article_project\data\raw\pdraw_spiral\test\healthy\V04HE01.png,0,0.412993,0
pdraw_spiral,resnet50,brightness,2,C:\Users\ramti\Desktop\ramtin legion pc\article_project\data\raw\pdraw_spiral\test\healthy\V05HE01.png,0,0.502514,1
pdraw_spiral,resnet50,brightness,2,C:\Users\ramti\Desktop\ramtin legion pc\article_project\data\raw\pdraw_spiral\test\healthy\V06HE01.png,0,0.553346,1
pdraw_spiral,resnet50,brightness,2,C:\Users\ramti\Desktop\ramtin legion pc\article_project\data\raw\pdraw_spiral\test\healthy\V07HE01.png,0,0.463364,0
pdraw_spiral,resnet50,brightness,2,C:\Users\ramti\Desktop\ramtin legion pc\article_project\data\raw\pdraw_spiral\test\healthy\V08HE01.png,0,0.446479,0
pdraw_spiral,resnet50,brightness,2,C:\Users\ramti\Desktop\ramtin legion pc\article_project\data\raw\pdraw_spiral\test\healthy\V09HE01.png,0,0.489608,0
pdraw_spiral,resnet50,brightness,2,C:\Users\ramti\Desktop\ramtin legion pc\article_project\data\raw\pdraw_spiral\test\healthy\V10HE01.png,0,0.450516,0
pdraw_spiral,resnet50,brightness,2,C:\Users\ramti\Desktop\ramtin legion pc\article_project\data\raw\pdraw_spiral\test\healthy\V11HE01.png,0,0.474018,0
pdraw_spiral,resnet50,brightness,2,C:\Users\ramti\Desktop\ramtin legion pc\article_project\data\raw\pdraw_spiral\test\healthy\V55HE12.png,0,0.403921,0
pdraw_spiral,resnet50,brightness,2,C:\Users\ramti\Desktop\ramtin legion pc\article_project\data\raw\pdraw_spiral\test\healthy\V55HE13.png,0,0.461824,0
pdraw_spiral,resnet50,brightness,2,C:\Users\ramti\Desktop\ramtin legion pc\article_project\data\raw\pdraw_spiral\test\healthy\V55HE14.png,0,0.390883,0
pdraw_spiral,resnet50,brightness,2,C:\Users\ramti\Desktop\ramtin legion pc\article_project\data\raw\pdraw_spiral\test\healthy\V55HE15.png,0,0.398656,0
pdraw_spiral,resnet50,brightness,2,C:\Users\ramti\Desktop\ramtin legion pc\article_project\data\raw\pdraw_spiral\test\parkinson\V01PE01.png,1,0.561609,1
pdraw_spiral,resnet50,brightness,2,C:\Users\ramti\Desktop\ramtin legion pc\article_project\data\raw\pdraw_spiral\test\parkinson\V02PE01.png,1,0.585568,1
pdraw_spiral,resnet50,brightness,2,C:\Users\ramti\Desktop\ramtin legion pc\article_project\data\raw\pdraw_spiral\test\parkinson\V03PE01.png,1,0.796391,1
pdraw_spiral,resnet50,brightness,2,C:\Users\ramti\Desktop\ramtin legion pc\article_project\data\raw\pdraw_spiral\test\parkinson\V03PE04.png,1,0.797295,1
pdraw_spiral,resnet50,brightness,2,C:\Users\ramti\Desktop\ramtin legion pc\article_project\data\raw\pdraw_spiral\test\parkinson\V03PE07.png,1,0.751741,1
pdraw_spiral,resnet50,brightness,2,C:\Users\ramti\Desktop\ramtin legion pc\article_project\data\raw\pdraw_spiral\test\parkinson\V04PE01.png,1,0.709353,1
pdraw_spiral,resnet50,brightness,2,C:\Users\ramti\Desktop\ramtin legion pc\article_project\data\raw\pdraw_spiral\test\parkinson\V05PE01.png,1,0.696189,1
pdraw_spiral,resnet50,brightness,2,C:\Users\ramti\Desktop\ramtin legion pc\article_project\data\raw\pdraw_spiral\test\parkinson\V06PE01.png,1,0.614301,1
pdraw_spiral,resnet50,brightness,2,C:\Users\ramti\Desktop\ramtin legion pc\article_project\data\raw\pdraw_spiral\test\parkinson\V07PE01.png,1,0.836989,1
pdraw_spiral,resnet50,brightness,2,C:\Users\ramti\Desktop\ramtin legion pc\article_project\data\raw\pdraw_spiral\test\parkinson\V08PE01.png,1,0.487673,0
pdraw_spiral,resnet50,brightness,2,C:\Users\ramti\Desktop\ramtin legion pc\article_project\data\raw\pdraw_spiral\test\parkinson\V09PE01.png,1,0.632806,1
pdraw_spiral,resnet50,brightness,2,C:\Users\ramti\Desktop\ramtin legion pc\article_project\data\raw\pdraw_spiral\test\parkinson\V10PE03.png,1,0.585261,1
pdraw_spiral,resnet50,brightness,2,C:\Users\ramti\Desktop\ramtin legion pc\article_project\data\raw\pdraw_spiral\test\parkinson\V11PE03.png,1,0.571077,1
pdraw_spiral,resnet50,brightness,2,C:\Users\ramti\Desktop\ramtin legion pc\article_project\data\raw\pdraw_spiral\test\parkinson\V14PE03.png,1,0.817571,1
pdraw_spiral,resnet50,brightness,2,C:\Users\ramti\Desktop\ramtin legion pc\article_project\data\raw\pdraw_spiral\test\parkinson\V15PE01.png,1,0.601969,1
pdraw_spiral,resnet50,brightness,3,C:\Users\ramti\Desktop\ramtin legion pc\article_project\data\raw\pdraw_spiral\test\healthy\V01HE01.png,0,0.586493,1
pdraw_spiral,resnet50,brightness,3,C:\Users\ramti\Desktop\ramtin legion pc\article_project\data\raw\pdraw_spiral\test\healthy\V02HE01.png,0,0.524647,1
pdraw_spiral,resnet50,brightness,3,C:\Users\ramti\Desktop\ramtin legion pc\article_project\data\raw\pdraw_spiral\test\healthy\V03HE1.png,0,0.518786,1
pdraw_spiral,resnet50,brightness,3,C:\Users\ramti\Desktop\ramtin legion pc\article_project\data\raw\pdraw_spiral\test\healthy\V04HE01.png,0,0.413829,0
pdraw_spiral,resnet50,brightness,3,C:\Users\ramti\Desktop\ramtin legion pc\article_project\data\raw\pdraw_spiral\test\healthy\V05HE01.png,0,0.496396,0
pdraw_spiral,resnet50,brightness,3,C:\Users\ramti\Desktop\ramtin legion pc\article_project\data\raw\pdraw_spiral\test\healthy\V06HE01.png,0,0.554683,1
pdraw_spiral,resnet50,brightness,3,C:\Users\ramti\Desktop\ramtin legion pc\article_project\data\raw\pdraw_spiral\test\healthy\V07HE01.png,0,0.463555,0
pdraw_spiral,resnet50,brightness,3,C:\Users\ramti\Desktop\ramtin legion pc\article_project\data\raw\pdraw_spiral\test\healthy\V08HE01.png,0,0.437921,0
pdraw_spiral,resnet50,brightness,3,C:\Users\ramti\Desktop\ramtin legion pc\article_project\data\raw\pdraw_spiral\test\healthy\V09HE01.png,0,0.507821,1
pdraw_spiral,resnet50,brightness,3,C:\Users\ramti\Desktop\ramtin legion pc\article_project\data\raw\pdraw_spiral\test\healthy\V10HE01.png,0,0.433803,0
pdraw_spiral,resnet50,brightness,3,C:\Users\ramti\Desktop\ramtin legion pc\article_project\data\raw\pdraw_spiral\test\healthy\V11HE01.png,0,0.472035,0
pdraw_spiral,resnet50,brightness,3,C:\Users\ramti\Desktop\ramtin legion pc\article_project\data\raw\pdraw_spiral\test\healthy\V55HE12.png,0,0.390270,0
pdraw_spiral,resnet50,brightness,3,C:\Users\ramti\Desktop\ramtin legion pc\article_project\data\raw\pdraw_spiral\test\healthy\V55HE13.png,0,0.455133,0
pdraw_spiral,resnet50,brightness,3,C:\Users\ramti\Desktop\ramtin legion pc\article_project\data\raw\pdraw_spiral\test\healthy\V55HE14.png,0,0.383154,0
pdraw_spiral,resnet50,brightness,3,C:\Users\ramti\Desktop\ramtin legion pc\article_project\data\raw\pdraw_spiral\test\healthy\V55HE15.png,0,0.380298,0
pdraw_spiral,resnet50,brightness,3,C:\Users\ramti\Desktop\ramtin legion pc\article_project\data\raw\pdraw_spiral\test\parkinson\V01PE01.png,1,0.549000,1
pdraw_spiral,resnet50,brightness,3,C:\Users\ramti\Desktop\ramtin legion pc\article_project\data\raw\pdraw_spiral\test\parkinson\V02PE01.png,1,0.594433,1
pdraw_spiral,resnet50,brightness,3,C:\Users\ramti\Desktop\ramtin legion pc\article_project\data\raw\pdraw_spiral\test\parkinson\V03PE01.png,1,0.817904,1
pdraw_spiral,resnet50,brightness,3,C:\Users\ramti\Desktop\ramtin legion pc\article_project\data\raw\pdraw_spiral\test\parkinson\V03PE04.png,1,0.793533,1
pdraw_spiral,resnet50,brightness,3,C:\Users\ramti\Desktop\ramtin legion pc\article_project\data\raw\pdraw_spiral\test\parkinson\V03PE07.png,1,0.745194,1
pdraw_spiral,resnet50,brightness,3,C:\Users\ramti\Desktop\ramtin legion pc\article_project\data\raw\pdraw_spiral\test\parkinson\V04PE01.png,1,0.696005,1
pdraw_spiral,resnet50,brightness,3,C:\Users\ramti\Desktop\ramtin legion pc\article_project\data\raw\pdraw_spiral\test\parkinson\V05PE01.png,1,0.715690,1
pdraw_spiral,resnet50,brightness,3,C:\Users\ramti\Desktop\ramtin legion pc\article_project\data\raw\pdraw_spiral\test\parkinson\V06PE01.png,1,0.645309,1
pdraw_spiral,resnet50,brightness,3,C:\Users\ramti\Desktop\ramtin legion pc\article_project\data\raw\pdraw_spiral\test\parkinson\V07PE01.png,1,0.833856,1
pdraw_spiral,resnet50,brightness,3,C:\Users\ramti\Desktop\ramtin legion pc\article_project\data\raw\pdraw_spiral\test\parkinson\V08PE01.png,1,0.481830,0
pdraw_spiral,resnet50,brightness,3,C:\Users\ramti\Desktop\ramtin legion pc\article_project\data\raw\pdraw_spiral\test\parkinson\V09PE01.png,1,0.662168,1
pdraw_spiral,resnet50,brightness,3,C:\Users\ramti\Desktop\ramtin legion pc\article_project\data\raw\pdraw_spiral\test\parkinson\V10PE03.png,1,0.596502,1
pdraw_spiral,resnet50,brightness,3,C:\Users\ramti\Desktop\ramtin legion pc\article_project\data\raw\pdraw_spiral\test\parkinson\V11PE03.png,1,0.584518,1
pdraw_spiral,resnet50,brightness,3,C:\Users\ramti\Desktop\ramtin legion pc\article_project\data\raw\pdraw_spiral\test\parkinson\V14PE03.png,1,0.821306,1
pdraw_spiral,resnet50,brightness,3,C:\Users\ramti\Desktop\ramtin legion pc\article_project\data\raw\pdraw_spiral\test\parkinson\V15PE01.png,1,0.633381,1
pdraw_spiral,resnet50,brightness,4,C:\Users\ramti\Desktop\ramtin legion pc\article_project\data\raw\pdraw_spiral\test\healthy\V01HE01.png,0,0.773764,1
pdraw_spiral,resnet50,brightness,4,C:\Users\ramti\Desktop\ramtin legion pc\article_project\data\raw\pdraw_spiral\test\healthy\V02HE01.png,0,0.566701,1
pdraw_spiral,resnet50,brightness,4,C:\Users\ramti\Desktop\ramtin legion pc\article_project\data\raw\pdraw_spiral\test\healthy\V03HE1.png,0,0.612612,1
pdraw_spiral,resnet50,brightness,4,C:\Users\ramti\Desktop\ramtin legion pc\article_project\data\raw\pdraw_spiral\test\healthy\V04HE01.png,0,0.565057,1
pdraw_spiral,resnet50,brightness,4,C:\Users\ramti\Desktop\ramtin legion pc\article_project\data\raw\pdraw_spiral\test\healthy\V05HE01.png,0,0.577262,1
pdraw_spiral,resnet50,brightness,4,C:\Users\ramti\Desktop\ramtin legion pc\article_project\data\raw\pdraw_spiral\test\healthy\V06HE01.png,0,0.631804,1
pdraw_spiral,resnet50,brightness,4,C:\Users\ramti\Desktop\ramtin legion pc\article_project\data\raw\pdraw_spiral\test\healthy\V07HE01.png,0,0.510316,1
pdraw_spiral,resnet50,brightness,4,C:\Users\ramti\Desktop\ramtin legion pc\article_project\data\raw\pdraw_spiral\test\healthy\V08HE01.png,0,0.524685,1
pdraw_spiral,resnet50,brightness,4,C:\Users\ramti\Desktop\ramtin legion pc\article_project\data\raw\pdraw_spiral\test\healthy\V09HE01.png,0,0.585733,1
pdraw_spiral,resnet50,brightness,4,C:\Users\ramti\Desktop\ramtin legion pc\article_project\data\raw\pdraw_spiral\test\healthy\V10HE01.png,0,0.503394,1
pdraw_spiral,resnet50,brightness,4,C:\Users\ramti\Desktop\ramtin legion pc\article_project\data\raw\pdraw_spiral\test\healthy\V11HE01.png,0,0.518574,1
pdraw_spiral,resnet50,brightness,4,C:\Users\ramti\Desktop\ramtin legion pc\article_project\data\raw\pdraw_spiral\test\healthy\V55HE12.png,0,0.453297,0
pdraw_spiral,resnet50,brightness,4,C:\Users\ramti\Desktop\ramtin legion pc\article_project\data\raw\pdraw_spiral\test\healthy\V55HE13.png,0,0.546900,1
pdraw_spiral,resnet50,brightness,4,C:\Users\ramti\Desktop\ramtin legion pc\article_project\data\raw\pdraw_spiral\test\healthy\V55HE14.png,0,0.458305,0
pdraw_spiral,resnet50,brightness,4,C:\Users\ramti\Desktop\ramtin legion pc\article_project\data\raw\pdraw_spiral\test\healthy\V55HE15.png,0,0.472210,0
pdraw_spiral,resnet50,brightness,4,C:\Users\ramti\Desktop\ramtin legion pc\article_project\data\raw\pdraw_spiral\test\parkinson\V01PE01.png,1,0.536211,1
pdraw_spiral,resnet50,brightness,4,C:\Users\ramti\Desktop\ramtin legion pc\article_project\data\raw\pdraw_spiral\test\parkinson\V02PE01.png,1,0.657635,1
pdraw_spiral,resnet50,brightness,4,C:\Users\ramti\Desktop\ramtin legion pc\article_project\data\raw\pdraw_spiral\test\parkinson\V03PE01.png,1,0.715614,1
pdraw_spiral,resnet50,brightness,4,C:\Users\ramti\Desktop\ramtin legion pc\article_project\data\raw\pdraw_spiral\test\parkinson\V03PE04.png,1,0.745008,1
pdraw_spiral,resnet50,brightness,4,C:\Users\ramti\Desktop\ramtin legion pc\article_project\data\raw\pdraw_spiral\test\parkinson\V03PE07.png,1,0.797253,1
pdraw_spiral,resnet50,brightness,4,C:\Users\ramti\Desktop\ramtin legion pc\article_project\data\raw\pdraw_spiral\test\parkinson\V04PE01.png,1,0.781894,1
pdraw_spiral,resnet50,brightness,4,C:\Users\ramti\Desktop\ramtin legion pc\article_project\data\raw\pdraw_spiral\test\parkinson\V05PE01.png,1,0.729544,1
pdraw_spiral,resnet50,brightness,4,C:\Users\ramti\Desktop\ramtin legion pc\article_project\data\raw\pdraw_spiral\test\parkinson\V06PE01.png,1,0.778391,1
pdraw_spiral,resnet50,brightness,4,C:\Users\ramti\Desktop\ramtin legion pc\article_project\data\raw\pdraw_spiral\test\parkinson\V07PE01.png,1,0.829566,1
pdraw_spiral,resnet50,brightness,4,C:\Users\ramti\Desktop\ramtin legion pc\article_project\data\raw\pdraw_spiral\test\parkinson\V08PE01.png,1,0.563907,1
pdraw_spiral,resnet50,brightness,4,C:\Users\ramti\Desktop\ramtin legion pc\article_project\data\raw\pdraw_spiral\test\parkinson\V09PE01.png,1,0.697560,1
pdraw_spiral,resnet50,brightness,4,C:\Users\ramti\Desktop\ramtin legion pc\article_project\data\raw\pdraw_spiral\test\parkinson\V10PE03.png,1,0.653667,1
pdraw_spiral,resnet50,brightness,4,C:\Users\ramti\Desktop\ramtin legion pc\article_project\data\raw\pdraw_spiral\test\parkinson\V11PE03.png,1,0.667900,1
pdraw_spiral,resnet50,brightness,4,C:\Users\ramti\Desktop\ramtin legion pc\article_project\data\raw\pdraw_spiral\test\parkinson\V14PE03.png,1,0.811132,1
pdraw_spiral,resnet50,brightness,4,C:\Users\ramti\Desktop\ramtin legion pc\article_project\data\raw\pdraw_spiral\test\parkinson\V15PE01.png,1,0.615521,1
pdraw_spiral,resnet50,brightness,5,C:\Users\ramti\Desktop\ramtin legion pc\article_project\data\raw\pdraw_spiral\test\healthy\V01HE01.png,0,0.764783,1
pdraw_spiral,resnet50,brightness,5,C:\Users\ramti\Desktop\ramtin legion pc\article_project\data\raw\pdraw_spiral\test\healthy\V02HE01.png,0,0.651599,1
pdraw_spiral,resnet50,brightness,5,C:\Users\ramti\Desktop\ramtin legion pc\article_project\data\raw\pdraw_spiral\test\healthy\V03HE1.png,0,0.554439,1
pdraw_spiral,resnet50,brightness,5,C:\Users\ramti\Desktop\ramtin legion pc\article_project\data\raw\pdraw_spiral\test\healthy\V04HE01.png,0,0.489758,0
pdraw_spiral,resnet50,brightness,5,C:\Users\ramti\Desktop\ramtin legion pc\article_project\data\raw\pdraw_spiral\test\healthy\V05HE01.png,0,0.552796,1
pdraw_spiral,resnet50,brightness,5,C:\Users\ramti\Desktop\ramtin legion pc\article_project\data\raw\pdraw_spiral\test\healthy\V06HE01.png,0,0.611792,1
pdraw_spiral,resnet50,brightness,5,C:\Users\ramti\Desktop\ramtin legion pc\article_project\data\raw\pdraw_spiral\test\healthy\V07HE01.png,0,0.473866,0
pdraw_spiral,resnet50,brightness,5,C:\Users\ramti\Desktop\ramtin legion pc\article_project\data\raw\pdraw_spiral\test\healthy\V08HE01.png,0,0.477049,0
pdraw_spiral,resnet50,brightness,5,C:\Users\ramti\Desktop\ramtin legion pc\article_project\data\raw\pdraw_spiral\test\healthy\V09HE01.png,0,0.536969,1
pdraw_spiral,resnet50,brightness,5,C:\Users\ramti\Desktop\ramtin legion pc\article_project\data\raw\pdraw_spiral\test\healthy\V10HE01.png,0,0.606915,1
pdraw_spiral,resnet50,brightness,5,C:\Users\ramti\Desktop\ramtin legion pc\article_project\data\raw\pdraw_spiral\test\healthy\V11HE01.png,0,0.508289,1
pdraw_spiral,resnet50,brightness,5,C:\Users\ramti\Desktop\ramtin legion pc\article_project\data\raw\pdraw_spiral\test\healthy\V55HE12.png,0,0.447686,0
pdraw_spiral,resnet50,brightness,5,C:\Users\ramti\Desktop\ramtin legion pc\article_project\data\raw\pdraw_spiral\test\healthy\V55HE13.png,0,0.494333,0
pdraw_spiral,resnet50,brightness,5,C:\Users\ramti\Desktop\ramtin legion pc\article_project\data\raw\pdraw_spiral\test\healthy\V55HE14.png,0,0.423899,0
pdraw_spiral,resnet50,brightness,5,C:\Users\ramti\Desktop\ramtin legion pc\article_project\data\raw\pdraw_spiral\test\healthy\V55HE15.png,0,0.412979,0
pdraw_spiral,resnet50,brightness,5,C:\Users\ramti\Desktop\ramtin legion pc\article_project\data\raw\pdraw_spiral\test\parkinson\V01PE01.png,1,0.428630,0
pdraw_spiral,resnet50,brightness,5,C:\Users\ramti\Desktop\ramtin legion pc\article_project\data\raw\pdraw_spiral\test\parkinson\V02PE01.png,1,0.623603,1
pdraw_spiral,resnet50,brightness,5,C:\Users\ramti\Desktop\ramtin legion pc\article_project\data\raw\pdraw_spiral\test\parkinson\V03PE01.png,1,0.761822,1
pdraw_spiral,resnet50,brightness,5,C:\Users\ramti\Desktop\ramtin legion pc\article_project\data\raw\pdraw_spiral\test\parkinson\V03PE04.png,1,0.745480,1
pdraw_spiral,resnet50,brightness,5,C:\Users\ramti\Desktop\ramtin legion pc\article_project\data\raw\pdraw_spiral\test\parkinson\V03PE07.png,1,0.791991,1
pdraw_spiral,resnet50,brightness,5,C:\Users\ramti\Desktop\ramtin legion pc\article_project\data\raw\pdraw_spiral\test\parkinson\V04PE01.png,1,0.761222,1
pdraw_spiral,resnet50,brightness,5,C:\Users\ramti\Desktop\ramtin legion pc\article_project\data\raw\pdraw_spiral\test\parkinson\V05PE01.png,1,0.721777,1
pdraw_spiral,resnet50,brightness,5,C:\Users\ramti\Desktop\ramtin legion pc\article_project\data\raw\pdraw_spiral\test\parkinson\V06PE01.png,1,0.767892,1
pdraw_spiral,resnet50,brightness,5,C:\Users\ramti\Desktop\ramtin legion pc\article_project\data\raw\pdraw_spiral\test\parkinson\V07PE01.png,1,0.874307,1
pdraw_spiral,resnet50,brightness,5,C:\Users\ramti\Desktop\ramtin legion pc\article_project\data\raw\pdraw_spiral\test\parkinson\V08PE01.png,1,0.532950,1
pdraw_spiral,resnet50,brightness,5,C:\Users\ramti\Desktop\ramtin legion pc\article_project\data\raw\pdraw_spiral\test\parkinson\V09PE01.png,1,0.656721,1
pdraw_spiral,resnet50,brightness,5,C:\Users\ramti\Desktop\ramtin legion pc\article_project\data\raw\pdraw_spiral\test\parkinson\V10PE03.png,1,0.627335,1
pdraw_spiral,resnet50,brightness,5,C:\Users\ramti\Desktop\ramtin legion pc\article_project\data\raw\pdraw_spiral\test\parkinson\V11PE03.png,1,0.640903,1
pdraw_spiral,resnet50,brightness,5,C:\Users\ramti\Desktop\ramtin legion pc\article_project\data\raw\pdraw_spiral\test\parkinson\V14PE03.png,1,0.810004,1
pdraw_spiral,resnet50,brightness,5,C:\Users\ramti\Desktop\ramtin legion pc\article_project\data\raw\pdraw_spiral\test\parkinson\V15PE01.png,1,0.605206,1
pdraw_spiral,resnet50,shadow,1,C:\Users\ramti\Desktop\ramtin legion pc\article_project\data\raw\pdraw_spiral\test\healthy\V01HE01.png,0,0.572806,1
pdraw_spiral,resnet50,shadow,1,C:\Users\ramti\Desktop\ramtin legion pc\article_project\data\raw\pdraw_spiral\test\healthy\V02HE01.png,0,0.568738,1
pdraw_spiral,resnet50,shadow,1,C:\Users\ramti\Desktop\ramtin legion pc\article_project\data\raw\pdraw_spiral\test\healthy\V03HE1.png,0,0.530945,1
pdraw_spiral,resnet50,shadow,1,C:\Users\ramti\Desktop\ramtin legion pc\article_project\data\raw\pdraw_spiral\test\healthy\V04HE01.png,0,0.416832,0
pdraw_spiral,resnet50,shadow,1,C:\Users\ramti\Desktop\ramtin legion pc\article_project\data\raw\pdraw_spiral\test\healthy\V05HE01.png,0,0.487885,0
pdraw_spiral,resnet50,shadow,1,C:\Users\ramti\Desktop\ramtin legion pc\article_project\data\raw\pdraw_spiral\test\healthy\V06HE01.png,0,0.558405,1
pdraw_spiral,resnet50,shadow,1,C:\Users\ramti\Desktop\ramtin legion pc\article_project\data\raw\pdraw_spiral\test\healthy\V07HE01.png,0,0.467955,0
pdraw_spiral,resnet50,shadow,1,C:\Users\ramti\Desktop\ramtin legion pc\article_project\data\raw\pdraw_spiral\test\healthy\V08HE01.png,0,0.435885,0
pdraw_spiral,resnet50,shadow,1,C:\Users\ramti\Desktop\ramtin legion pc\article_project\data\raw\pdraw_spiral\test\healthy\V09HE01.png,0,0.507236,1
pdraw_spiral,resnet50,shadow,1,C:\Users\ramti\Desktop\ramtin legion pc\article_project\data\raw\pdraw_spiral\test\healthy\V10HE01.png,0,0.430837,0
pdraw_spiral,resnet50,shadow,1,C:\Users\ramti\Desktop\ramtin legion pc\article_project\data\raw\pdraw_spiral\test\healthy\V11HE01.png,0,0.465948,0
pdraw_spiral,resnet50,shadow,1,C:\Users\ramti\Desktop\ramtin legion pc\article_project\data\raw\pdraw_spiral\test\healthy\V55HE12.png,0,0.380189,0
pdraw_spiral,resnet50,shadow,1,C:\Users\ramti\Desktop\ramtin legion pc\article_project\data\raw\pdraw_spiral\test\healthy\V55HE13.png,0,0.432144,0
pdraw_spiral,resnet50,shadow,1,C:\Users\ramti\Desktop\ramtin legion pc\article_project\data\raw\pdraw_spiral\test\healthy\V55HE14.png,0,0.371819,0
pdraw_spiral,resnet50,shadow,1,C:\Users\ramti\Desktop\ramtin legion pc\article_project\data\raw\pdraw_spiral\test\healthy\V55HE15.png,0,0.366856,0
pdraw_spiral,resnet50,shadow,1,C:\Users\ramti\Desktop\ramtin legion pc\article_project\data\raw\pdraw_spiral\test\parkinson\V01PE01.png,1,0.554227,1
pdraw_spiral,resnet50,shadow,1,C:\Users\ramti\Desktop\ramtin legion pc\article_project\data\raw\pdraw_spiral\test\parkinson\V02PE01.png,1,0.625518,1
pdraw_spiral,resnet50,shadow,1,C:\Users\ramti\Desktop\ramtin legion pc\article_project\data\raw\pdraw_spiral\test\parkinson\V03PE01.png,1,0.832338,1
pdraw_spiral,resnet50,shadow,1,C:\Users\ramti\Desktop\ramtin legion pc\article_project\data\raw\pdraw_spiral\test\parkinson\V03PE04.png,1,0.804410,1
pdraw_spiral,resnet50,shadow,1,C:\Users\ramti\Desktop\ramtin legion pc\article_project\data\raw\pdraw_spiral\test\parkinson\V03PE07.png,1,0.742309,1
pdraw_spiral,resnet50,shadow,1,C:\Users\ramti\Desktop\ramtin legion pc\article_project\data\raw\pdraw_spiral\test\parkinson\V04PE01.png,1,0.699489,1
pdraw_spiral,resnet50,shadow,1,C:\Users\ramti\Desktop\ramtin legion pc\article_project\data\raw\pdraw_spiral\test\parkinson\V05PE01.png,1,0.743746,1
pdraw_spiral,resnet50,shadow,1,C:\Users\ramti\Desktop\ramtin legion pc\article_project\data\raw\pdraw_spiral\test\parkinson\V06PE01.png,1,0.649544,1
pdraw_spiral,resnet50,shadow,1,C:\Users\ramti\Desktop\ramtin legion pc\article_project\data\raw\pdraw_spiral\test\parkinson\V07PE01.png,1,0.830940,1
pdraw_spiral,resnet50,shadow,1,C:\Users\ramti\Desktop\ramtin legion pc\article_project\data\raw\pdraw_spiral\test\parkinson\V08PE01.png,1,0.472637,0
pdraw_spiral,resnet50,shadow,1,C:\Users\ramti\Desktop\ramtin legion pc\article_project\data\raw\pdraw_spiral\test\parkinson\V09PE01.png,1,0.681007,1
pdraw_spiral,resnet50,shadow,1,C:\Users\ramti\Desktop\ramtin legion pc\article_project\data\raw\pdraw_spiral\test\parkinson\V10PE03.png,1,0.592114,1
pdraw_spiral,resnet50,shadow,1,C:\Users\ramti\Desktop\ramtin legion pc\article_project\data\raw\pdraw_spiral\test\parkinson\V11PE03.png,1,0.582664,1
pdraw_spiral,resnet50,shadow,1,C:\Users\ramti\Desktop\ramtin legion pc\article_project\data\raw\pdraw_spiral\test\parkinson\V14PE03.png,1,0.822589,1
pdraw_spiral,resnet50,shadow,1,C:\Users\ramti\Desktop\ramtin legion pc\article_project\data\raw\pdraw_spiral\test\parkinson\V15PE01.png,1,0.671787,1
pdraw_spiral,resnet50,shadow,2,C:\Users\ramti\Desktop\ramtin legion pc\article_project\data\raw\pdraw_spiral\test\healthy\V01HE01.png,0,0.572323,1
pdraw_spiral,resnet50,shadow,2,C:\Users\ramti\Desktop\ramtin legion pc\article_project\data\raw\pdraw_spiral\test\healthy\V02HE01.png,0,0.620207,1
pdraw_spiral,resnet50,shadow,2,C:\Users\ramti\Desktop\ramtin legion pc\article_project\data\raw\pdraw_spiral\test\healthy\V03HE1.png,0,0.541112,1
pdraw_spiral,resnet50,shadow,2,C:\Users\ramti\Desktop\ramtin legion pc\article_project\data\raw\pdraw_spiral\test\healthy\V04HE01.png,0,0.447118,0
pdraw_spiral,resnet50,shadow,2,C:\Users\ramti\Desktop\ramtin legion pc\article_project\data\raw\pdraw_spiral\test\healthy\V05HE01.png,0,0.505269,1
pdraw_spiral,resnet50,shadow,2,C:\Users\ramti\Desktop\ramtin legion pc\article_project\data\raw\pdraw_spiral\test\healthy\V06HE01.png,0,0.592955,1
pdraw_spiral,resnet50,shadow,2,C:\Users\ramti\Desktop\ramtin legion pc\article_project\data\raw\pdraw_spiral\test\healthy\V07HE01.png,0,0.486789,0
pdraw_spiral,resnet50,shadow,2,C:\Users\ramti\Desktop\ramtin legion pc\article_project\data\raw\pdraw_spiral\test\healthy\V08HE01.png,0,0.450113,0
pdraw_spiral,resnet50,shadow,2,C:\Users\ramti\Desktop\ramtin legion pc\article_project\data\raw\pdraw_spiral\test\healthy\V09HE01.png,0,0.514282,1
pdraw_spiral,resnet50,shadow,2,C:\Users\ramti\Desktop\ramtin legion pc\article_project\data\raw\pdraw_spiral\test\healthy\V10HE01.png,0,0.459919,0
pdraw_spiral,resnet50,shadow,2,C:\Users\ramti\Desktop\ramtin legion pc\article_project\data\raw\pdraw_spiral\test\healthy\V11HE01.png,0,0.472894,0
pdraw_spiral,resnet50,shadow,2,C:\Users\ramti\Desktop\ramtin legion pc\article_project\data\raw\pdraw_spiral\test\healthy\V55HE12.png,0,0.409598,0
pdraw_spiral,resnet50,shadow,2,C:\Users\ramti\Desktop\ramtin legion pc\article_project\data\raw\pdraw_spiral\test\healthy\V55HE13.png,0,0.463840,0
pdraw_spiral,resnet50,shadow,2,C:\Users\ramti\Desktop\ramtin legion pc\article_project\data\raw\pdraw_spiral\test\healthy\V55HE14.png,0,0.406314,0
pdraw_spiral,resnet50,shadow,2,C:\Users\ramti\Desktop\ramtin legion pc\article_project\data\raw\pdraw_spiral\test\healthy\V55HE15.png,0,0.401820,0
pdraw_spiral,resnet50,shadow,2,C:\Users\ramti\Desktop\ramtin legion pc\article_project\data\raw\pdraw_spiral\test\parkinson\V01PE01.png,1,0.580336,1
pdraw_spiral,resnet50,shadow,2,C:\Users\ramti\Desktop\ramtin legion pc\article_project\data\raw\pdraw_spiral\test\parkinson\V02PE01.png,1,0.667589,1
pdraw_spiral,resnet50,shadow,2,C:\Users\ramti\Desktop\ramtin legion pc\article_project\data\raw\pdraw_spiral\test\parkinson\V03PE01.png,1,0.834502,1
pdraw_spiral,resnet50,shadow,2,C:\Users\ramti\Desktop\ramtin legion pc\article_project\data\raw\pdraw_spiral\test\parkinson\V03PE04.png,1,0.819264,1
pdraw_spiral,resnet50,shadow,2,C:\Users\ramti\Desktop\ramtin legion pc\article_project\data\raw\pdraw_spiral\test\parkinson\V03PE07.png,1,0.772222,1
pdraw_spiral,resnet50,shadow,2,C:\Users\ramti\Desktop\ramtin legion pc\article_project\data\raw\pdraw_spiral\test\parkinson\V04PE01.png,1,0.724805,1
pdraw_spiral,resnet50,shadow,2,C:\Users\ramti\Desktop\ramtin legion pc\article_project\data\raw\pdraw_spiral\test\parkinson\V05PE01.png,1,0.774195,1
pdraw_spiral,resnet50,shadow,2,C:\Users\ramti\Desktop\ramtin legion pc\article_project\data\raw\pdraw_spiral\test\parkinson\V06PE01.png,1,0.675447,1
pdraw_spiral,resnet50,shadow,2,C:\Users\ramti\Desktop\ramtin legion pc\article_project\data\raw\pdraw_spiral\test\parkinson\V07PE01.png,1,0.821808,1
pdraw_spiral,resnet50,shadow,2,C:\Users\ramti\Desktop\ramtin legion pc\article_project\data\raw\pdraw_spiral\test\parkinson\V08PE01.png,1,0.481519,0
pdraw_spiral,resnet50,shadow,2,C:\Users\ramti\Desktop\ramtin legion pc\article_project\data\raw\pdraw_spiral\test\parkinson\V09PE01.png,1,0.697684,1
pdraw_spiral,resnet50,shadow,2,C:\Users\ramti\Desktop\ramtin legion pc\article_project\data\raw\pdraw_spiral\test\parkinson\V10PE03.png,1,0.619469,1
pdraw_spiral,resnet50,shadow,2,C:\Users\ramti\Desktop\ramtin legion pc\article_project\data\raw\pdraw_spiral\test\parkinson\V11PE03.png,1,0.591792,1
pdraw_spiral,resnet50,shadow,2,C:\Users\ramti\Desktop\ramtin legion pc\article_project\data\raw\pdraw_spiral\test\parkinson\V14PE03.png,1,0.823690,1
pdraw_spiral,resnet50,shadow,2,C:\Users\ramti\Desktop\ramtin legion pc\article_project\data\raw\pdraw_spiral\test\parkinson\V15PE01.png,1,0.699426,1
pdraw_spiral,resnet50,shadow,3,C:\Users\ramti\Desktop\ramtin legion pc\article_project\data\raw\pdraw_spiral\test\healthy\V01HE01.png,0,0.581693,1
pdraw_spiral,resnet50,shadow,3,C:\Users\ramti\Desktop\ramtin legion pc\article_project\data\raw\pdraw_spiral\test\healthy\V02HE01.png,0,0.670786,1
pdraw_spiral,resnet50,shadow,3,C:\Users\ramti\Desktop\ramtin legion pc\article_project\data\raw\pdraw_spiral\test\healthy\V03HE1.png,0,0.588410,1
pdraw_spiral,resnet50,shadow,3,C:\Users\ramti\Desktop\ramtin legion pc\article_project\data\raw\pdraw_spiral\test\healthy\V04HE01.png,0,0.477511,0
pdraw_spiral,resnet50,shadow,3,C:\Users\ramti\Desktop\ramtin legion pc\article_project\data\raw\pdraw_spiral\test\healthy\V05HE01.png,0,0.544926,1
pdraw_spiral,resnet50,shadow,3,C:\Users\ramti\Desktop\ramtin legion pc\article_project\data\raw\pdraw_spiral\test\healthy\V06HE01.png,0,0.622935,1
pdraw_spiral,resnet50,shadow,3,C:\Users\ramti\Desktop\ramtin legion pc\article_project\data\raw\pdraw_spiral\test\healthy\V07HE01.png,0,0.515969,1
pdraw_spiral,resnet50,shadow,3,C:\Users\ramti\Desktop\ramtin legion pc\article_project\data\raw\pdraw_spiral\test\healthy\V08HE01.png,0,0.472227,0
pdraw_spiral,resnet50,shadow,3,C:\Users\ramti\Desktop\ramtin legion pc\article_project\data\raw\pdraw_spiral\test\healthy\V09HE01.png,0,0.530756,1
pdraw_spiral,resnet50,shadow,3,C:\Users\ramti\Desktop\ramtin legion pc\article_project\data\raw\pdraw_spiral\test\healthy\V10HE01.png,0,0.496493,0
pdraw_spiral,resnet50,shadow,3,C:\Users\ramti\Desktop\ramtin legion pc\article_project\data\raw\pdraw_spiral\test\healthy\V11HE01.png,0,0.497690,0
pdraw_spiral,resnet50,shadow,3,C:\Users\ramti\Desktop\ramtin legion pc\article_project\data\raw\pdraw_spiral\test\healthy\V55HE12.png,0,0.441215,0
pdraw_spiral,resnet50,shadow,3,C:\Users\ramti\Desktop\ramtin legion pc\article_project\data\raw\pdraw_spiral\test\healthy\V55HE13.png,0,0.522703,1
pdraw_spiral,resnet50,shadow,3,C:\Users\ramti\Desktop\ramtin legion pc\article_project\data\raw\pdraw_spiral\test\healthy\V55HE14.png,0,0.459162,0
pdraw_spiral,resnet50,shadow,3,C:\Users\ramti\Desktop\ramtin legion pc\article_project\data\raw\pdraw_spiral\test\healthy\V55HE15.png,0,0.453100,0
pdraw_spiral,resnet50,shadow,3,C:\Users\ramti\Desktop\ramtin legion pc\article_project\data\raw\pdraw_spiral\test\parkinson\V01PE01.png,1,0.589842,1
pdraw_spiral,resnet50,shadow,3,C:\Users\ramti\Desktop\ramtin legion pc\article_project\data\raw\pdraw_spiral\test\parkinson\V02PE01.png,1,0.721019,1
pdraw_spiral,resnet50,shadow,3,C:\Users\ramti\Desktop\ramtin legion pc\article_project\data\raw\pdraw_spiral\test\parkinson\V03PE01.png,1,0.829089,1
pdraw_spiral,resnet50,shadow,3,C:\Users\ramti\Desktop\ramtin legion pc\article_project\data\raw\pdraw_spiral\test\parkinson\V03PE04.png,1,0.830024,1
pdraw_spiral,resnet50,shadow,3,C:\Users\ramti\Desktop\ramtin legion pc\article_project\data\raw\pdraw_spiral\test\parkinson\V03PE07.png,1,0.809361,1
pdraw_spiral,resnet50,shadow,3,C:\Users\ramti\Desktop\ramtin legion pc\article_project\data\raw\pdraw_spiral\test\parkinson\V04PE01.png,1,0.745558,1
pdraw_spiral,resnet50,shadow,3,C:\Users\ramti\Desktop\ramtin legion pc\article_project\data\raw\pdraw_spiral\test\parkinson\V05PE01.png,1,0.809476,1
pdraw_spiral,resnet50,shadow,3,C:\Users\ramti\Desktop\ramtin legion pc\article_project\data\raw\pdraw_spiral\test\parkinson\V06PE01.png,1,0.689154,1
pdraw_spiral,resnet50,shadow,3,C:\Users\ramti\Desktop\ramtin legion pc\article_project\data\raw\pdraw_spiral\test\parkinson\V07PE01.png,1,0.813203,1
pdraw_spiral,resnet50,shadow,3,C:\Users\ramti\Desktop\ramtin legion pc\article_project\data\raw\pdraw_spiral\test\parkinson\V08PE01.png,1,0.509447,1
pdraw_spiral,resnet50,shadow,3,C:\Users\ramti\Desktop\ramtin legion pc\article_project\data\raw\pdraw_spiral\test\parkinson\V09PE01.png,1,0.699385,1
pdraw_spiral,resnet50,shadow,3,C:\Users\ramti\Desktop\ramtin legion pc\article_project\data\raw\pdraw_spiral\test\parkinson\V10PE03.png,1,0.644867,1
pdraw_spiral,resnet50,shadow,3,C:\Users\ramti\Desktop\ramtin legion pc\article_project\data\raw\pdraw_spiral\test\parkinson\V11PE03.png,1,0.602202,1
pdraw_spiral,resnet50,shadow,3,C:\Users\ramti\Desktop\ramtin legion pc\article_project\data\raw\pdraw_spiral\test\parkinson\V14PE03.png,1,0.826420,1
pdraw_spiral,resnet50,shadow,3,C:\Users\ramti\Desktop\ramtin legion pc\article_project\data\raw\pdraw_spiral\test\parkinson\V15PE01.png,1,0.699053,1
pdraw_spiral,resnet50,shadow,4,C:\Users\ramti\Desktop\ramtin legion pc\article_project\data\raw\pdraw_spiral\test\healthy\V01HE01.png,0,0.590194,1
pdraw_spiral,resnet50,shadow,4,C:\Users\ramti\Desktop\ramtin legion pc\article_project\data\raw\pdraw_spiral\test\healthy\V02HE01.png,0,0.683539,1
pdraw_spiral,resnet50,shadow,4,C:\Users\ramti\Desktop\ramtin legion pc\article_project\data\raw\pdraw_spiral\test\healthy\V03HE1.png,0,0.608596,1
pdraw_spiral,resnet50,shadow,4,C:\Users\ramti\Desktop\ramtin legion pc\article_project\data\raw\pdraw_spiral\test\healthy\V04HE01.png,0,0.498649,0
pdraw_spiral,resnet50,shadow,4,C:\Users\ramti\Desktop\ramtin legion pc\article_project\data\raw\pdraw_spiral\test\healthy\V05HE01.png,0,0.560798,1
pdraw_spiral,resnet50,shadow,4,C:\Users\ramti\Desktop\ramtin legion pc\article_project\data\raw\pdraw_spiral\test\healthy\V06HE01.png,0,0.622477,1
pdraw_spiral,resnet50,shadow,4,C:\Users\ramti\Desktop\ramtin legion pc\article_project\data\raw\pdraw_spiral\test\healthy\V07HE01.png,0,0.533539,1
pdraw_spiral,resnet50,shadow,4,C:\Users\ramti\Desktop\ramtin legion pc\article_project\data\raw\pdraw_spiral\test\healthy\V08HE01.png,0,0.486690,0
pdraw_spiral,resnet50,shadow,4,C:\Users\ramti\Desktop\ramtin legion pc\article_project\data\raw\pdraw_spiral\test\healthy\V09HE01.png,0,0.536684,1
pdraw_spiral,resnet50,shadow,4,C:\Users\ramti\Desktop\ramtin legion pc\article_project\data\raw\pdraw_spiral\test\healthy\V10HE01.png,0,0.519944,1
pdraw_spiral,resnet50,shadow,4,C:\Users\ramti\Desktop\ramtin legion pc\article_project\data\raw\pdraw_spiral\test\healthy\V11HE01.png,0,0.516754,1
pdraw_spiral,resnet50,shadow,4,C:\Users\ramti\Desktop\ramtin legion pc\article_project\data\raw\pdraw_spiral\test\healthy\V55HE12.png,0,0.472443,0
pdraw_spiral,resnet50,shadow,4,C:\Users\ramti\Desktop\ramtin legion pc\article_project\data\raw\pdraw_spiral\test\healthy\V55HE13.png,0,0.555431,1
pdraw_spiral,resnet50,shadow,4,C:\Users\ramti\Desktop\ramtin legion pc\article_project\data\raw\pdraw_spiral\test\healthy\V55HE14.png,0,0.490923,0
pdraw_spiral,resnet50,shadow,4,C:\Users\ramti\Desktop\ramtin legion pc\article_project\data\raw\pdraw_spiral\test\healthy\V55HE15.png,0,0.482631,0
pdraw_spiral,resnet50,shadow,4,C:\Users\ramti\Desktop\ramtin legion pc\article_project\data\raw\pdraw_spiral\test\parkinson\V01PE01.png,1,0.582586,1
pdraw_spiral,resnet50,shadow,4,C:\Users\ramti\Desktop\ramtin legion pc\article_project\data\raw\pdraw_spiral\test\parkinson\V02PE01.png,1,0.741056,1
pdraw_spiral,resnet50,shadow,4,C:\Users\ramti\Desktop\ramtin legion pc\article_project\data\raw\pdraw_spiral\test\parkinson\V03PE01.png,1,0.832512,1
pdraw_spiral,resnet50,shadow,4,C:\Users\ramti\Desktop\ramtin legion pc\article_project\data\raw\pdraw_spiral\test\parkinson\V03PE04.png,1,0.832979,1
pdraw_spiral,resnet50,shadow,4,C:\Users\ramti\Desktop\ramtin legion pc\article_project\data\raw\pdraw_spiral\test\parkinson\V03PE07.png,1,0.818842,1
pdraw_spiral,resnet50,shadow,4,C:\Users\ramti\Desktop\ramtin legion pc\article_project\data\raw\pdraw_spiral\test\parkinson\V04PE01.png,1,0.753052,1
pdraw_spiral,resnet50,shadow,4,C:\Users\ramti\Desktop\ramtin legion pc\article_project\data\raw\pdraw_spiral\test\parkinson\V05PE01.png,1,0.826297,1
pdraw_spiral,resnet50,shadow,4,C:\Users\ramti\Desktop\ramtin legion pc\article_project\data\raw\pdraw_spiral\test\parkinson\V06PE01.png,1,0.695098,1
pdraw_spiral,resnet50,shadow,4,C:\Users\ramti\Desktop\ramtin legion pc\article_project\data\raw\pdraw_spiral\test\parkinson\V07PE01.png,1,0.812105,1
pdraw_spiral,resnet50,shadow,4,C:\Users\ramti\Desktop\ramtin legion pc\article_project\data\raw\pdraw_spiral\test\parkinson\V08PE01.png,1,0.535879,1
pdraw_spiral,resnet50,shadow,4,C:\Users\ramti\Desktop\ramtin legion pc\article_project\data\raw\pdraw_spiral\test\parkinson\V09PE01.png,1,0.693537,1
pdraw_spiral,resnet50,shadow,4,C:\Users\ramti\Desktop\ramtin legion pc\article_project\data\raw\pdraw_spiral\test\parkinson\V10PE03.png,1,0.658175,1
pdraw_spiral,resnet50,shadow,4,C:\Users\ramti\Desktop\ramtin legion pc\article_project\data\raw\pdraw_spiral\test\parkinson\V11PE03.png,1,0.613573,1
pdraw_spiral,resnet50,shadow,4,C:\Users\ramti\Desktop\ramtin legion pc\article_project\data\raw\pdraw_spiral\test\parkinson\V14PE03.png,1,0.827357,1
pdraw_spiral,resnet50,shadow,4,C:\Users\ramti\Desktop\ramtin legion pc\article_project\data\raw\pdraw_spiral\test\parkinson\V15PE01.png,1,0.684304,1
pdraw_spiral,resnet50,shadow,5,C:\Users\ramti\Desktop\ramtin legion pc\article_project\data\raw\pdraw_spiral\test\healthy\V01HE01.png,0,0.601173,1
pdraw_spiral,resnet50,shadow,5,C:\Users\ramti\Desktop\ramtin legion pc\article_project\data\raw\pdraw_spiral\test\healthy\V02HE01.png,0,0.695766,1
pdraw_spiral,resnet50,shadow,5,C:\Users\ramti\Desktop\ramtin legion pc\article_project\data\raw\pdraw_spiral\test\healthy\V03HE1.png,0,0.627014,1
pdraw_spiral,resnet50,shadow,5,C:\Users\ramti\Desktop\ramtin legion pc\article_project\data\raw\pdraw_spiral\test\healthy\V04HE01.png,0,0.509844,1
pdraw_spiral,resnet50,shadow,5,C:\Users\ramti\Desktop\ramtin legion pc\article_project\data\raw\pdraw_spiral\test\healthy\V05HE01.png,0,0.578958,1
pdraw_spiral,resnet50,shadow,5,C:\Users\ramti\Desktop\ramtin legion pc\article_project\data\raw\pdraw_spiral\test\healthy\V06HE01.png,0,0.625107,1
pdraw_spiral,resnet50,shadow,5,C:\Users\ramti\Desktop\ramtin legion pc\article_project\data\raw\pdraw_spiral\test\healthy\V07HE01.png,0,0.543428,1
pdraw_spiral,resnet50,shadow,5,C:\Users\ramti\Desktop\ramtin legion pc\article_project\data\raw\pdraw_spiral\test\healthy\V08HE01.png,0,0.500119,1
pdraw_spiral,resnet50,shadow,5,C:\Users\ramti\Desktop\ramtin legion pc\article_project\data\raw\pdraw_spiral\test\healthy\V09HE01.png,0,0.551496,1
pdraw_spiral,resnet50,shadow,5,C:\Users\ramti\Desktop\ramtin legion pc\article_project\data\raw\pdraw_spiral\test\healthy\V10HE01.png,0,0.538701,1
pdraw_spiral,resnet50,shadow,5,C:\Users\ramti\Desktop\ramtin legion pc\article_project\data\raw\pdraw_spiral\test\healthy\V11HE01.png,0,0.531816,1
pdraw_spiral,resnet50,shadow,5,C:\Users\ramti\Desktop\ramtin legion pc\article_project\data\raw\pdraw_spiral\test\healthy\V55HE12.png,0,0.492928,0
pdraw_spiral,resnet50,shadow,5,C:\Users\ramti\Desktop\ramtin legion pc\article_project\data\raw\pdraw_spiral\test\healthy\V55HE13.png,0,0.573597,1
pdraw_spiral,resnet50,shadow,5,C:\Users\ramti\Desktop\ramtin legion pc\article_project\data\raw\pdraw_spiral\test\healthy\V55HE14.png,0,0.516051,1
pdraw_spiral,resnet50,shadow,5,C:\Users\ramti\Desktop\ramtin legion pc\article_project\data\raw\pdraw_spiral\test\healthy\V55HE15.png,0,0.501234,1
pdraw_spiral,resnet50,shadow,5,C:\Users\ramti\Desktop\ramtin legion pc\article_project\data\raw\pdraw_spiral\test\parkinson\V01PE01.png,1,0.571127,1
pdraw_spiral,resnet50,shadow,5,C:\Users\ramti\Desktop\ramtin legion pc\article_project\data\raw\pdraw_spiral\test\parkinson\V02PE01.png,1,0.740614,1
pdraw_spiral,resnet50,shadow,5,C:\Users\ramti\Desktop\ramtin legion pc\article_project\data\raw\pdraw_spiral\test\parkinson\V03PE01.png,1,0.831057,1
pdraw_spiral,resnet50,shadow,5,C:\Users\ramti\Desktop\ramtin legion pc\article_project\data\raw\pdraw_spiral\test\parkinson\V03PE04.png,1,0.841145,1
pdraw_spiral,resnet50,shadow,5,C:\Users\ramti\Desktop\ramtin legion pc\article_project\data\raw\pdraw_spiral\test\parkinson\V03PE07.png,1,0.829021,1
pdraw_spiral,resnet50,shadow,5,C:\Users\ramti\Desktop\ramtin legion pc\article_project\data\raw\pdraw_spiral\test\parkinson\V04PE01.png,1,0.753480,1
pdraw_spiral,resnet50,shadow,5,C:\Users\ramti\Desktop\ramtin legion pc\article_project\data\raw\pdraw_spiral\test\parkinson\V05PE01.png,1,0.835127,1
pdraw_spiral,resnet50,shadow,5,C:\Users\ramti\Desktop\ramtin legion pc\article_project\data\raw\pdraw_spiral\test\parkinson\V06PE01.png,1,0.696224,1
pdraw_spiral,resnet50,shadow,5,C:\Users\ramti\Desktop\ramtin legion pc\article_project\data\raw\pdraw_spiral\test\parkinson\V07PE01.png,1,0.814062,1
pdraw_spiral,resnet50,shadow,5,C:\Users\ramti\Desktop\ramtin legion pc\article_project\data\raw\pdraw_spiral\test\parkinson\V08PE01.png,1,0.548298,1
pdraw_spiral,resnet50,shadow,5,C:\Users\ramti\Desktop\ramtin legion pc\article_project\data\raw\pdraw_spiral\test\parkinson\V09PE01.png,1,0.685464,1
pdraw_spiral,resnet50,shadow,5,C:\Users\ramti\Desktop\ramtin legion pc\article_project\data\raw\pdraw_spiral\test\parkinson\V10PE03.png,1,0.673117,1
pdraw_spiral,resnet50,shadow,5,C:\Users\ramti\Desktop\ramtin legion pc\article_project\data\raw\pdraw_spiral\test\parkinson\V11PE03.png,1,0.621868,1
pdraw_spiral,resnet50,shadow,5,C:\Users\ramti\Desktop\ramtin legion pc\article_project\data\raw\pdraw_spiral\test\parkinson\V14PE03.png,1,0.826629,1
pdraw_spiral,resnet50,shadow,5,C:\Users\ramti\Desktop\ramtin legion pc\article_project\data\raw\pdraw_spiral\test\parkinson\V15PE01.png,1,0.672760,1
pdraw_spiral,resnet50,perspective,1,C:\Users\ramti\Desktop\ramtin legion pc\article_project\data\raw\pdraw_spiral\test\healthy\V01HE01.png,0,0.590405,1
pdraw_spiral,resnet50,perspective,1,C:\Users\ramti\Desktop\ramtin legion pc\article_project\data\raw\pdraw_spiral\test\healthy\V02HE01.png,0,0.605516,1
pdraw_spiral,resnet50,perspective,1,C:\Users\ramti\Desktop\ramtin legion pc\article_project\data\raw\pdraw_spiral\test\healthy\V03HE1.png,0,0.525881,1
pdraw_spiral,resnet50,perspective,1,C:\Users\ramti\Desktop\ramtin legion pc\article_project\data\raw\pdraw_spiral\test\healthy\V04HE01.png,0,0.385153,0
pdraw_spiral,resnet50,perspective,1,C:\Users\ramti\Desktop\ramtin legion pc\article_project\data\raw\pdraw_spiral\test\healthy\V05HE01.png,0,0.469103,0
pdraw_spiral,resnet50,perspective,1,C:\Users\ramti\Desktop\ramtin legion pc\article_project\data\raw\pdraw_spiral\test\healthy\V06HE01.png,0,0.530709,1
pdraw_spiral,resnet50,perspective,1,C:\Users\ramti\Desktop\ramtin legion pc\article_project\data\raw\pdraw_spiral\test\healthy\V07HE01.png,0,0.474008,0
pdraw_spiral,resnet50,perspective,1,C:\Users\ramti\Desktop\ramtin legion pc\article_project\data\raw\pdraw_spiral\test\healthy\V08HE01.png,0,0.437964,0
pdraw_spiral,resnet50,perspective,1,C:\Users\ramti\Desktop\ramtin legion pc\article_project\data\raw\pdraw_spiral\test\healthy\V09HE01.png,0,0.526597,1
pdraw_spiral,resnet50,perspective,1,C:\Users\ramti\Desktop\ramtin legion pc\article_project\data\raw\pdraw_spiral\test\healthy\V10HE01.png,0,0.419873,0
pdraw_spiral,resnet50,perspective,1,C:\Users\ramti\Desktop\ramtin legion pc\article_project\data\raw\pdraw_spiral\test\healthy\V11HE01.png,0,0.442198,0
pdraw_spiral,resnet50,perspective,1,C:\Users\ramti\Desktop\ramtin legion pc\article_project\data\raw\pdraw_spiral\test\healthy\V55HE12.png,0,0.364656,0
pdraw_spiral,resnet50,perspective,1,C:\Users\ramti\Desktop\ramtin legion pc\article_project\data\raw\pdraw_spiral\test\healthy\V55HE13.png,0,0.423368,0
pdraw_spiral,resnet50,perspective,1,C:\Users\ramti\Desktop\ramtin legion pc\article_project\data\raw\pdraw_spiral\test\healthy\V55HE14.png,0,0.366475,0
pdraw_spiral,resnet50,perspective,1,C:\Users\ramti\Desktop\ramtin legion pc\article_project\data\raw\pdraw_spiral\test\healthy\V55HE15.png,0,0.365357,0
pdraw_spiral,resnet50,perspective,1,C:\Users\ramti\Desktop\ramtin legion pc\article_project\data\raw\pdraw_spiral\test\parkinson\V01PE01.png,1,0.517844,1
pdraw_spiral,resnet50,perspective,1,C:\Users\ramti\Desktop\ramtin legion pc\article_project\data\raw\pdraw_spiral\test\parkinson\V02PE01.png,1,0.633367,1
pdraw_spiral,resnet50,perspective,1,C:\Users\ramti\Desktop\ramtin legion pc\article_project\data\raw\pdraw_spiral\test\parkinson\V03PE01.png,1,0.813401,1
pdraw_spiral,resnet50,perspective,1,C:\Users\ramti\Desktop\ramtin legion pc\article_project\data\raw\pdraw_spiral\test\parkinson\V03PE04.png,1,0.789920,1
pdraw_spiral,resnet50,perspective,1,C:\Users\ramti\Desktop\ramtin legion pc\article_project\data\raw\pdraw_spiral\test\parkinson\V03PE07.png,1,0.749186,1
pdraw_spiral,resnet50,perspective,1,C:\Users\ramti\Desktop\ramtin legion pc\article_project\data\raw\pdraw_spiral\test\parkinson\V04PE01.png,1,0.727922,1
pdraw_spiral,resnet50,perspective,1,C:\Users\ramti\Desktop\ramtin legion pc\article_project\data\raw\pdraw_spiral\test\parkinson\V05PE01.png,1,0.740461,1
pdraw_spiral,resnet50,perspective,1,C:\Users\ramti\Desktop\ramtin legion pc\article_project\data\raw\pdraw_spiral\test\parkinson\V06PE01.png,1,0.640791,1
pdraw_spiral,resnet50,perspective,1,C:\Users\ramti\Desktop\ramtin legion pc\article_project\data\raw\pdraw_spiral\test\parkinson\V07PE01.png,1,0.810276,1
pdraw_spiral,resnet50,perspective,1,C:\Users\ramti\Desktop\ramtin legion pc\article_project\data\raw\pdraw_spiral\test\parkinson\V08PE01.png,1,0.472541,0
pdraw_spiral,resnet50,perspective,1,C:\Users\ramti\Desktop\ramtin legion pc\article_project\data\raw\pdraw_spiral\test\parkinson\V09PE01.png,1,0.683670,1
pdraw_spiral,resnet50,perspective,1,C:\Users\ramti\Desktop\ramtin legion pc\article_project\data\raw\pdraw_spiral\test\parkinson\V10PE03.png,1,0.575575,1
pdraw_spiral,resnet50,perspective,1,C:\Users\ramti\Desktop\ramtin legion pc\article_project\data\raw\pdraw_spiral\test\parkinson\V11PE03.png,1,0.605306,1
pdraw_spiral,resnet50,perspective,1,C:\Users\ramti\Desktop\ramtin legion pc\article_project\data\raw\pdraw_spiral\test\parkinson\V14PE03.png,1,0.838336,1
pdraw_spiral,resnet50,perspective,1,C:\Users\ramti\Desktop\ramtin legion pc\article_project\data\raw\pdraw_spiral\test\parkinson\V15PE01.png,1,0.717510,1
pdraw_spiral,resnet50,perspective,2,C:\Users\ramti\Desktop\ramtin legion pc\article_project\data\raw\pdraw_spiral\test\healthy\V01HE01.png,0,0.632090,1
pdraw_spiral,resnet50,perspective,2,C:\Users\ramti\Desktop\ramtin legion pc\article_project\data\raw\pdraw_spiral\test\healthy\V02HE01.png,0,0.612562,1
pdraw_spiral,resnet50,perspective,2,C:\Users\ramti\Desktop\ramtin legion pc\article_project\data\raw\pdraw_spiral\test\healthy\V03HE1.png,0,0.559817,1
pdraw_spiral,resnet50,perspective,2,C:\Users\ramti\Desktop\ramtin legion pc\article_project\data\raw\pdraw_spiral\test\healthy\V04HE01.png,0,0.393403,0
pdraw_spiral,resnet50,perspective,2,C:\Users\ramti\Desktop\ramtin legion pc\article_project\data\raw\pdraw_spiral\test\healthy\V05HE01.png,0,0.490931,0
pdraw_spiral,resnet50,perspective,2,C:\Users\ramti\Desktop\ramtin legion pc\article_project\data\raw\pdraw_spiral\test\healthy\V06HE01.png,0,0.528317,1
pdraw_spiral,resnet50,perspective,2,C:\Users\ramti\Desktop\ramtin legion pc\article_project\data\raw\pdraw_spiral\test\healthy\V07HE01.png,0,0.498277,0
pdraw_spiral,resnet50,perspective,2,C:\Users\ramti\Desktop\ramtin legion pc\article_project\data\raw\pdraw_spiral\test\healthy\V08HE01.png,0,0.477232,0
pdraw_spiral,resnet50,perspective,2,C:\Users\ramti\Desktop\ramtin legion pc\article_project\data\raw\pdraw_spiral\test\healthy\V09HE01.png,0,0.530547,1
pdraw_spiral,resnet50,perspective,2,C:\Users\ramti\Desktop\ramtin legion pc\article_project\data\raw\pdraw_spiral\test\healthy\V10HE01.png,0,0.443934,0
pdraw_spiral,resnet50,perspective,2,C:\Users\ramti\Desktop\ramtin legion pc\article_project\data\raw\pdraw_spiral\test\healthy\V11HE01.png,0,0.427799,0
pdraw_spiral,resnet50,perspective,2,C:\Users\ramti\Desktop\ramtin legion pc\article_project\data\raw\pdraw_spiral\test\healthy\V55HE12.png,0,0.362512,0
pdraw_spiral,resnet50,perspective,2,C:\Users\ramti\Desktop\ramtin legion pc\article_project\data\raw\pdraw_spiral\test\healthy\V55HE13.png,0,0.437594,0
pdraw_spiral,resnet50,perspective,2,C:\Users\ramti\Desktop\ramtin legion pc\article_project\data\raw\pdraw_spiral\test\healthy\V55HE14.png,0,0.381701,0
pdraw_spiral,resnet50,perspective,2,C:\Users\ramti\Desktop\ramtin legion pc\article_project\data\raw\pdraw_spiral\test\healthy\V55HE15.png,0,0.374973,0
pdraw_spiral,resnet50,perspective,2,C:\Users\ramti\Desktop\ramtin legion pc\article_project\data\raw\pdraw_spiral\test\parkinson\V01PE01.png,1,0.501187,1
pdraw_spiral,resnet50,perspective,2,C:\Users\ramti\Desktop\ramtin legion pc\article_project\data\raw\pdraw_spiral\test\parkinson\V02PE01.png,1,0.638359,1
pdraw_spiral,resnet50,perspective,2,C:\Users\ramti\Desktop\ramtin legion pc\article_project\data\raw\pdraw_spiral\test\parkinson\V03PE01.png,1,0.825937,1
pdraw_spiral,resnet50,perspective,2,C:\Users\ramti\Desktop\ramtin legion pc\article_project\data\raw\pdraw_spiral\test\parkinson\V03PE04.png,1,0.792114,1
pdraw_spiral,resnet50,perspective,2,C:\Users\ramti\Desktop\ramtin legion pc\article_project\data\raw\pdraw_spiral\test\parkinson\V03PE07.png,1,0.729945,1
pdraw_spiral,resnet50,perspective,2,C:\Users\ramti\Desktop\ramtin legion pc\article_project\data\raw\pdraw_spiral\test\parkinson\V04PE01.png,1,0.728585,1
pdraw_spiral,resnet50,perspective,2,C:\Users\ramti\Desktop\ramtin legion pc\article_project\data\raw\pdraw_spiral\test\parkinson\V05PE01.png,1,0.723775,1
pdraw_spiral,resnet50,perspective,2,C:\Users\ramti\Desktop\ramtin legion pc\article_project\data\raw\pdraw_spiral\test\parkinson\V06PE01.png,1,0.656279,1
pdraw_spiral,resnet50,perspective,2,C:\Users\ramti\Desktop\ramtin legion pc\article_project\data\raw\pdraw_spiral\test\parkinson\V07PE01.png,1,0.810932,1
pdraw_spiral,resnet50,perspective,2,C:\Users\ramti\Desktop\ramtin legion pc\article_project\data\raw\pdraw_spiral\test\parkinson\V08PE01.png,1,0.475746,0
pdraw_spiral,resnet50,perspective,2,C:\Users\ramti\Desktop\ramtin legion pc\article_project\data\raw\pdraw_spiral\test\parkinson\V09PE01.png,1,0.695010,1
pdraw_spiral,resnet50,perspective,2,C:\Users\ramti\Desktop\ramtin legion pc\article_project\data\raw\pdraw_spiral\test\parkinson\V10PE03.png,1,0.633279,1
pdraw_spiral,resnet50,perspective,2,C:\Users\ramti\Desktop\ramtin legion pc\article_project\data\raw\pdraw_spiral\test\parkinson\V11PE03.png,1,0.615071,1
pdraw_spiral,resnet50,perspective,2,C:\Users\ramti\Desktop\ramtin legion pc\article_project\data\raw\pdraw_spiral\test\parkinson\V14PE03.png,1,0.841817,1
pdraw_spiral,resnet50,perspective,2,C:\Users\ramti\Desktop\ramtin legion pc\article_project\data\raw\pdraw_spiral\test\parkinson\V15PE01.png,1,0.725067,1
pdraw_spiral,resnet50,perspective,3,C:\Users\ramti\Desktop\ramtin legion pc\article_project\data\raw\pdraw_spiral\test\healthy\V01HE01.png,0,0.595977,1
pdraw_spiral,resnet50,perspective,3,C:\Users\ramti\Desktop\ramtin legion pc\article_project\data\raw\pdraw_spiral\test\healthy\V02HE01.png,0,0.627180,1
pdraw_spiral,resnet50,perspective,3,C:\Users\ramti\Desktop\ramtin legion pc\article_project\data\raw\pdraw_spiral\test\healthy\V03HE1.png,0,0.530776,1
pdraw_spiral,resnet50,perspective,3,C:\Users\ramti\Desktop\ramtin legion pc\article_project\data\raw\pdraw_spiral\test\healthy\V04HE01.png,0,0.387742,0
pdraw_spiral,resnet50,perspective,3,C:\Users\ramti\Desktop\ramtin legion pc\article_project\data\raw\pdraw_spiral\test\healthy\V05HE01.png,0,0.480101,0
pdraw_spiral,resnet50,perspective,3,C:\Users\ramti\Desktop\ramtin legion pc\article_project\data\raw\pdraw_spiral\test\healthy\V06HE01.png,0,0.546937,1
pdraw_spiral,resnet50,perspective,3,C:\Users\ramti\Desktop\ramtin legion pc\article_project\data\raw\pdraw_spiral\test\healthy\V07HE01.png,0,0.484498,0
pdraw_spiral,resnet50,perspective,3,C:\Users\ramti\Desktop\ramtin legion pc\article_project\data\raw\pdraw_spiral\test\healthy\V08HE01.png,0,0.475717,0
pdraw_spiral,resnet50,perspective,3,C:\Users\ramti\Desktop\ramtin legion pc\article_project\data\raw\pdraw_spiral\test\healthy\V09HE01.png,0,0.540196,1
pdraw_spiral,resnet50,perspective,3,C:\Users\ramti\Desktop\ramtin legion pc\article_project\data\raw\pdraw_spiral\test\healthy\V10HE01.png,0,0.426809,0
pdraw_spiral,resnet50,perspective,3,C:\Users\ramti\Desktop\ramtin legion pc\article_project\data\raw\pdraw_spiral\test\healthy\V11HE01.png,0,0.433933,0
pdraw_spiral,resnet50,perspective,3,C:\Users\ramti\Desktop\ramtin legion pc\article_project\data\raw\pdraw_spiral\test\healthy\V55HE12.png,0,0.377965,0
pdraw_spiral,resnet50,perspective,3,C:\Users\ramti\Desktop\ramtin legion pc\article_project\data\raw\pdraw_spiral\test\healthy\V55HE13.png,0,0.425802,0
pdraw_spiral,resnet50,perspective,3,C:\Users\ramti\Desktop\ramtin legion pc\article_project\data\raw\pdraw_spiral\test\healthy\V55HE14.png,0,0.375872,0
pdraw_spiral,resnet50,perspective,3,C:\Users\ramti\Desktop\ramtin legion pc\article_project\data\raw\pdraw_spiral\test\healthy\V55HE15.png,0,0.375158,0
pdraw_spiral,resnet50,perspective,3,C:\Users\ramti\Desktop\ramtin legion pc\article_project\data\raw\pdraw_spiral\test\parkinson\V01PE01.png,1,0.505852,1
pdraw_spiral,resnet50,perspective,3,C:\Users\ramti\Desktop\ramtin legion pc\article_project\data\raw\pdraw_spiral\test\parkinson\V02PE01.png,1,0.655077,1
pdraw_spiral,resnet50,perspective,3,C:\Users\ramti\Desktop\ramtin legion pc\article_project\data\raw\pdraw_spiral\test\parkinson\V03PE01.png,1,0.846115,1
pdraw_spiral,resnet50,perspective,3,C:\Users\ramti\Desktop\ramtin legion pc\article_project\data\raw\pdraw_spiral\test\parkinson\V03PE04.png,1,0.799162,1
pdraw_spiral,resnet50,perspective,3,C:\Users\ramti\Desktop\ramtin legion pc\article_project\data\raw\pdraw_spiral\test\parkinson\V03PE07.png,1,0.713995,1
pdraw_spiral,resnet50,perspective,3,C:\Users\ramti\Desktop\ramtin legion pc\article_project\data\raw\pdraw_spiral\test\parkinson\V04PE01.png,1,0.732730,1
pdraw_spiral,resnet50,perspective,3,C:\Users\ramti\Desktop\ramtin legion pc\article_project\data\raw\pdraw_spiral\test\parkinson\V05PE01.png,1,0.780441,1
pdraw_spiral,resnet50,perspective,3,C:\Users\ramti\Desktop\ramtin legion pc\article_project\data\raw\pdraw_spiral\test\parkinson\V06PE01.png,1,0.628304,1
pdraw_spiral,resnet50,perspective,3,C:\Users\ramti\Desktop\ramtin legion pc\article_project\data\raw\pdraw_spiral\test\parkinson\V07PE01.png,1,0.806537,1
pdraw_spiral,resnet50,perspective,3,C:\Users\ramti\Desktop\ramtin legion pc\article_project\data\raw\pdraw_spiral\test\parkinson\V08PE01.png,1,0.495696,0
pdraw_spiral,resnet50,perspective,3,C:\Users\ramti\Desktop\ramtin legion pc\article_project\data\raw\pdraw_spiral\test\parkinson\V09PE01.png,1,0.694436,1
pdraw_spiral,resnet50,perspective,3,C:\Users\ramti\Desktop\ramtin legion pc\article_project\data\raw\pdraw_spiral\test\parkinson\V10PE03.png,1,0.606338,1
pdraw_spiral,resnet50,perspective,3,C:\Users\ramti\Desktop\ramtin legion pc\article_project\data\raw\pdraw_spiral\test\parkinson\V11PE03.png,1,0.597823,1
pdraw_spiral,resnet50,perspective,3,C:\Users\ramti\Desktop\ramtin legion pc\article_project\data\raw\pdraw_spiral\test\parkinson\V14PE03.png,1,0.842260,1
pdraw_spiral,resnet50,perspective,3,C:\Users\ramti\Desktop\ramtin legion pc\article_project\data\raw\pdraw_spiral\test\parkinson\V15PE01.png,1,0.706878,1
pdraw_spiral,resnet50,perspective,4,C:\Users\ramti\Desktop\ramtin legion pc\article_project\data\raw\pdraw_spiral\test\healthy\V01HE01.png,0,0.609448,1
pdraw_spiral,resnet50,perspective,4,C:\Users\ramti\Desktop\ramtin legion pc\article_project\data\raw\pdraw_spiral\test\healthy\V02HE01.png,0,0.637356,1
pdraw_spiral,resnet50,perspective,4,C:\Users\ramti\Desktop\ramtin legion pc\article_project\data\raw\pdraw_spiral\test\healthy\V03HE1.png,0,0.565665,1
pdraw_spiral,resnet50,perspective,4,C:\Users\ramti\Desktop\ramtin legion pc\article_project\data\raw\pdraw_spiral\test\healthy\V04HE01.png,0,0.383936,0
pdraw_spiral,resnet50,perspective,4,C:\Users\ramti\Desktop\ramtin legion pc\article_project\data\raw\pdraw_spiral\test\healthy\V05HE01.png,0,0.460725,0
pdraw_spiral,resnet50,perspective,4,C:\Users\ramti\Desktop\ramtin legion pc\article_project\data\raw\pdraw_spiral\test\healthy\V06HE01.png,0,0.540041,1
pdraw_spiral,resnet50,perspective,4,C:\Users\ramti\Desktop\ramtin legion pc\article_project\data\raw\pdraw_spiral\test\healthy\V07HE01.png,0,0.490766,0
pdraw_spiral,resnet50,perspective,4,C:\Users\ramti\Desktop\ramtin legion pc\article_project\data\raw\pdraw_spiral\test\healthy\V08HE01.png,0,0.448533,0
pdraw_spiral,resnet50,perspective,4,C:\Users\ramti\Desktop\ramtin legion pc\article_project\data\raw\pdraw_spiral\test\healthy\V09HE01.png,0,0.496036,0
pdraw_spiral,resnet50,perspective,4,C:\Users\ramti\Desktop\ramtin legion pc\article_project\data\raw\pdraw_spiral\test\healthy\V10HE01.png,0,0.424243,0
pdraw_spiral,resnet50,perspective,4,C:\Users\ramti\Desktop\ramtin legion pc\article_project\data\raw\pdraw_spiral\test\healthy\V11HE01.png,0,0.424719,0
pdraw_spiral,resnet50,perspective,4,C:\Users\ramti\Desktop\ramtin legion pc\article_project\data\raw\pdraw_spiral\test\healthy\V55HE12.png,0,0.360971,0
pdraw_spiral,resnet50,perspective,4,C:\Users\ramti\Desktop\ramtin legion pc\article_project\data\raw\pdraw_spiral\test\healthy\V55HE13.png,0,0.418584,0
pdraw_spiral,resnet50,perspective,4,C:\Users\ramti\Desktop\ramtin legion pc\article_project\data\raw\pdraw_spiral\test\healthy\V55HE14.png,0,0.379500,0
pdraw_spiral,resnet50,perspective,4,C:\Users\ramti\Desktop\ramtin legion pc\article_project\data\raw\pdraw_spiral\test\healthy\V55HE15.png,0,0.387643,0
pdraw_spiral,resnet50,perspective,4,C:\Users\ramti\Desktop\ramtin legion pc\article_project\data\raw\pdraw_spiral\test\parkinson\V01PE01.png,1,0.514839,1
pdraw_spiral,resnet50,perspective,4,C:\Users\ramti\Desktop\ramtin legion pc\article_project\data\raw\pdraw_spiral\test\parkinson\V02PE01.png,1,0.643800,1
pdraw_spiral,resnet50,perspective,4,C:\Users\ramti\Desktop\ramtin legion pc\article_project\data\raw\pdraw_spiral\test\parkinson\V03PE01.png,1,0.826772,1
pdraw_spiral,resnet50,perspective,4,C:\Users\ramti\Desktop\ramtin legion pc\article_project\data\raw\pdraw_spiral\test\parkinson\V03PE04.png,1,0.776204,1
pdraw_spiral,resnet50,perspective,4,C:\Users\ramti\Desktop\ramtin legion pc\article_project\data\raw\pdraw_spiral\test\parkinson\V03PE07.png,1,0.745787,1
pdraw_spiral,resnet50,perspective,4,C:\Users\ramti\Desktop\ramtin legion pc\article_project\data\raw\pdraw_spiral\test\parkinson\V04PE01.png,1,0.753429,1
pdraw_spiral,resnet50,perspective,4,C:\Users\ramti\Desktop\ramtin legion pc\article_project\data\raw\pdraw_spiral\test\parkinson\V05PE01.png,1,0.763184,1
pdraw_spiral,resnet50,perspective,4,C:\Users\ramti\Desktop\ramtin legion pc\article_project\data\raw\pdraw_spiral\test\parkinson\V06PE01.png,1,0.683161,1
pdraw_spiral,resnet50,perspective,4,C:\Users\ramti\Desktop\ramtin legion pc\article_project\data\raw\pdraw_spiral\test\parkinson\V07PE01.png,1,0.790684,1
pdraw_spiral,resnet50,perspective,4,C:\Users\ramti\Desktop\ramtin legion pc\article_project\data\raw\pdraw_spiral\test\parkinson\V08PE01.png,1,0.486623,0
pdraw_spiral,resnet50,perspective,4,C:\Users\ramti\Desktop\ramtin legion pc\article_project\data\raw\pdraw_spiral\test\parkinson\V09PE01.png,1,0.686068,1
pdraw_spiral,resnet50,perspective,4,C:\Users\ramti\Desktop\ramtin legion pc\article_project\data\raw\pdraw_spiral\test\parkinson\V10PE03.png,1,0.595809,1
pdraw_spiral,resnet50,perspective,4,C:\Users\ramti\Desktop\ramtin legion pc\article_project\data\raw\pdraw_spiral\test\parkinson\V11PE03.png,1,0.591802,1
pdraw_spiral,resnet50,perspective,4,C:\Users\ramti\Desktop\ramtin legion pc\article_project\data\raw\pdraw_spiral\test\parkinson\V14PE03.png,1,0.847104,1
pdraw_spiral,resnet50,perspective,4,C:\Users\ramti\Desktop\ramtin legion pc\article_project\data\raw\pdraw_spiral\test\parkinson\V15PE01.png,1,0.678538,1
pdraw_spiral,resnet50,perspective,5,C:\Users\ramti\Desktop\ramtin legion pc\article_project\data\raw\pdraw_spiral\test\healthy\V01HE01.png,0,0.599830,1
pdraw_spiral,resnet50,perspective,5,C:\Users\ramti\Desktop\ramtin legion pc\article_project\data\raw\pdraw_spiral\test\healthy\V02HE01.png,0,0.619251,1
pdraw_spiral,resnet50,perspective,5,C:\Users\ramti\Desktop\ramtin legion pc\article_project\data\raw\pdraw_spiral\test\healthy\V03HE1.png,0,0.572817,1
pdraw_spiral,resnet50,perspective,5,C:\Users\ramti\Desktop\ramtin legion pc\article_project\data\raw\pdraw_spiral\test\healthy\V04HE01.png,0,0.370273,0
pdraw_spiral,resnet50,perspective,5,C:\Users\ramti\Desktop\ramtin legion pc\article_project\data\raw\pdraw_spiral\test\healthy\V05HE01.png,0,0.491936,0
pdraw_spiral,resnet50,perspective,5,C:\Users\ramti\Desktop\ramtin legion pc\article_project\data\raw\pdraw_spiral\test\healthy\V06HE01.png,0,0.506586,1
pdraw_spiral,resnet50,perspective,5,C:\Users\ramti\Desktop\ramtin legion pc\article_project\data\raw\pdraw_spiral\test\healthy\V07HE01.png,0,0.535606,1
pdraw_spiral,resnet50,perspective,5,C:\Users\ramti\Desktop\ramtin legion pc\article_project\data\raw\pdraw_spiral\test\healthy\V08HE01.png,0,0.477712,0
pdraw_spiral,resnet50,perspective,5,C:\Users\ramti\Desktop\ramtin legion pc\article_project\data\raw\pdraw_spiral\test\healthy\V09HE01.png,0,0.523962,1
pdraw_spiral,resnet50,perspective,5,C:\Users\ramti\Desktop\ramtin legion pc\article_project\data\raw\pdraw_spiral\test\healthy\V10HE01.png,0,0.456432,0
pdraw_spiral,resnet50,perspective,5,C:\Users\ramti\Desktop\ramtin legion pc\article_project\data\raw\pdraw_spiral\test\healthy\V11HE01.png,0,0.416019,0
pdraw_spiral,resnet50,perspective,5,C:\Users\ramti\Desktop\ramtin legion pc\article_project\data\raw\pdraw_spiral\test\healthy\V55HE12.png,0,0.351083,0
pdraw_spiral,resnet50,perspective,5,C:\Users\ramti\Desktop\ramtin legion pc\article_project\data\raw\pdraw_spiral\test\healthy\V55HE13.png,0,0.411467,0
pdraw_spiral,resnet50,perspective,5,C:\Users\ramti\Desktop\ramtin legion pc\article_project\data\raw\pdraw_spiral\test\healthy\V55HE14.png,0,0.371002,0
pdraw_spiral,resnet50,perspective,5,C:\Users\ramti\Desktop\ramtin legion pc\article_project\data\raw\pdraw_spiral\test\healthy\V55HE15.png,0,0.381534,0
pdraw_spiral,resnet50,perspective,5,C:\Users\ramti\Desktop\ramtin legion pc\article_project\data\raw\pdraw_spiral\test\parkinson\V01PE01.png,1,0.505033,1
pdraw_spiral,resnet50,perspective,5,C:\Users\ramti\Desktop\ramtin legion pc\article_project\data\raw\pdraw_spiral\test\parkinson\V02PE01.png,1,0.633381,1
pdraw_spiral,resnet50,perspective,5,C:\Users\ramti\Desktop\ramtin legion pc\article_project\data\raw\pdraw_spiral\test\parkinson\V03PE01.png,1,0.832055,1
pdraw_spiral,resnet50,perspective,5,C:\Users\ramti\Desktop\ramtin legion pc\article_project\data\raw\pdraw_spiral\test\parkinson\V03PE04.png,1,0.792114,1
pdraw_spiral,resnet50,perspective,5,C:\Users\ramti\Desktop\ramtin legion pc\article_project\data\raw\pdraw_spiral\test\parkinson\V03PE07.png,1,0.746910,1
pdraw_spiral,resnet50,perspective,5,C:\Users\ramti\Desktop\ramtin legion pc\article_project\data\raw\pdraw_spiral\test\parkinson\V04PE01.png,1,0.721168,1
pdraw_spiral,resnet50,perspective,5,C:\Users\ramti\Desktop\ramtin legion pc\article_project\data\raw\pdraw_spiral\test\parkinson\V05PE01.png,1,0.776887,1
pdraw_spiral,resnet50,perspective,5,C:\Users\ramti\Desktop\ramtin legion pc\article_project\data\raw\pdraw_spiral\test\parkinson\V06PE01.png,1,0.689329,1
pdraw_spiral,resnet50,perspective,5,C:\Users\ramti\Desktop\ramtin legion pc\article_project\data\raw\pdraw_spiral\test\parkinson\V07PE01.png,1,0.790272,1
pdraw_spiral,resnet50,perspective,5,C:\Users\ramti\Desktop\ramtin legion pc\article_project\data\raw\pdraw_spiral\test\parkinson\V08PE01.png,1,0.493836,0
pdraw_spiral,resnet50,perspective,5,C:\Users\ramti\Desktop\ramtin legion pc\article_project\data\raw\pdraw_spiral\test\parkinson\V09PE01.png,1,0.690013,1
pdraw_spiral,resnet50,perspective,5,C:\Users\ramti\Desktop\ramtin legion pc\article_project\data\raw\pdraw_spiral\test\parkinson\V10PE03.png,1,0.582481,1
pdraw_spiral,resnet50,perspective,5,C:\Users\ramti\Desktop\ramtin legion pc\article_project\data\raw\pdraw_spiral\test\parkinson\V11PE03.png,1,0.588988,1
pdraw_spiral,resnet50,perspective,5,C:\Users\ramti\Desktop\ramtin legion pc\article_project\data\raw\pdraw_spiral\test\parkinson\V14PE03.png,1,0.844653,1
pdraw_spiral,resnet50,perspective,5,C:\Users\ramti\Desktop\ramtin legion pc\article_project\data\raw\pdraw_spiral\test\parkinson\V15PE01.png,1,0.720836,1
pdraw_spiral,resnet50,rotation,1,C:\Users\ramti\Desktop\ramtin legion pc\article_project\data\raw\pdraw_spiral\test\healthy\V01HE01.png,0,0.608797,1
pdraw_spiral,resnet50,rotation,1,C:\Users\ramti\Desktop\ramtin legion pc\article_project\data\raw\pdraw_spiral\test\healthy\V02HE01.png,0,0.644094,1
pdraw_spiral,resnet50,rotation,1,C:\Users\ramti\Desktop\ramtin legion pc\article_project\data\raw\pdraw_spiral\test\healthy\V03HE1.png,0,0.515668,1
pdraw_spiral,resnet50,rotation,1,C:\Users\ramti\Desktop\ramtin legion pc\article_project\data\raw\pdraw_spiral\test\healthy\V04HE01.png,0,0.363011,0
pdraw_spiral,resnet50,rotation,1,C:\Users\ramti\Desktop\ramtin legion pc\article_project\data\raw\pdraw_spiral\test\healthy\V05HE01.png,0,0.495477,0
pdraw_spiral,resnet50,rotation,1,C:\Users\ramti\Desktop\ramtin legion pc\article_project\data\raw\pdraw_spiral\test\healthy\V06HE01.png,0,0.532781,1
pdraw_spiral,resnet50,rotation,1,C:\Users\ramti\Desktop\ramtin legion pc\article_project\data\raw\pdraw_spiral\test\healthy\V07HE01.png,0,0.473519,0
pdraw_spiral,resnet50,rotation,1,C:\Users\ramti\Desktop\ramtin legion pc\article_project\data\raw\pdraw_spiral\test\healthy\V08HE01.png,0,0.445341,0
pdraw_spiral,resnet50,rotation,1,C:\Users\ramti\Desktop\ramtin legion pc\article_project\data\raw\pdraw_spiral\test\healthy\V09HE01.png,0,0.505558,1
pdraw_spiral,resnet50,rotation,1,C:\Users\ramti\Desktop\ramtin legion pc\article_project\data\raw\pdraw_spiral\test\healthy\V10HE01.png,0,0.437470,0
pdraw_spiral,resnet50,rotation,1,C:\Users\ramti\Desktop\ramtin legion pc\article_project\data\raw\pdraw_spiral\test\healthy\V11HE01.png,0,0.450578,0
pdraw_spiral,resnet50,rotation,1,C:\Users\ramti\Desktop\ramtin legion pc\article_project\data\raw\pdraw_spiral\test\healthy\V55HE12.png,0,0.354312,0
pdraw_spiral,resnet50,rotation,1,C:\Users\ramti\Desktop\ramtin legion pc\article_project\data\raw\pdraw_spiral\test\healthy\V55HE13.png,0,0.428237,0
pdraw_spiral,resnet50,rotation,1,C:\Users\ramti\Desktop\ramtin legion pc\article_project\data\raw\pdraw_spiral\test\healthy\V55HE14.png,0,0.353252,0
pdraw_spiral,resnet50,rotation,1,C:\Users\ramti\Desktop\ramtin legion pc\article_project\data\raw\pdraw_spiral\test\healthy\V55HE15.png,0,0.367454,0
pdraw_spiral,resnet50,rotation,1,C:\Users\ramti\Desktop\ramtin legion pc\article_project\data\raw\pdraw_spiral\test\parkinson\V01PE01.png,1,0.517946,1
pdraw_spiral,resnet50,rotation,1,C:\Users\ramti\Desktop\ramtin legion pc\article_project\data\raw\pdraw_spiral\test\parkinson\V02PE01.png,1,0.639826,1
pdraw_spiral,resnet50,rotation,1,C:\Users\ramti\Desktop\ramtin legion pc\article_project\data\raw\pdraw_spiral\test\parkinson\V03PE01.png,1,0.815507,1
pdraw_spiral,resnet50,rotation,1,C:\Users\ramti\Desktop\ramtin legion pc\article_project\data\raw\pdraw_spiral\test\parkinson\V03PE04.png,1,0.785848,1
pdraw_spiral,resnet50,rotation,1,C:\Users\ramti\Desktop\ramtin legion pc\article_project\data\raw\pdraw_spiral\test\parkinson\V03PE07.png,1,0.767307,1
pdraw_spiral,resnet50,rotation,1,C:\Users\ramti\Desktop\ramtin legion pc\article_project\data\raw\pdraw_spiral\test\parkinson\V04PE01.png,1,0.736579,1
pdraw_spiral,resnet50,rotation,1,C:\Users\ramti\Desktop\ramtin legion pc\article_project\data\raw\pdraw_spiral\test\parkinson\V05PE01.png,1,0.776298,1
pdraw_spiral,resnet50,rotation,1,C:\Users\ramti\Desktop\ramtin legion pc\article_project\data\raw\pdraw_spiral\test\parkinson\V06PE01.png,1,0.638093,1
pdraw_spiral,resnet50,rotation,1,C:\Users\ramti\Desktop\ramtin legion pc\article_project\data\raw\pdraw_spiral\test\parkinson\V07PE01.png,1,0.795713,1
pdraw_spiral,resnet50,rotation,1,C:\Users\ramti\Desktop\ramtin legion pc\article_project\data\raw\pdraw_spiral\test\parkinson\V08PE01.png,1,0.473951,0
pdraw_spiral,resnet50,rotation,1,C:\Users\ramti\Desktop\ramtin legion pc\article_project\data\raw\pdraw_spiral\test\parkinson\V09PE01.png,1,0.688964,1
pdraw_spiral,resnet50,rotation,1,C:\Users\ramti\Desktop\ramtin legion pc\article_project\data\raw\pdraw_spiral\test\parkinson\V10PE03.png,1,0.567031,1
pdraw_spiral,resnet50,rotation,1,C:\Users\ramti\Desktop\ramtin legion pc\article_project\data\raw\pdraw_spiral\test\parkinson\V11PE03.png,1,0.545394,1
pdraw_spiral,resnet50,rotation,1,C:\Users\ramti\Desktop\ramtin legion pc\article_project\data\raw\pdraw_spiral\test\parkinson\V14PE03.png,1,0.820217,1
pdraw_spiral,resnet50,rotation,1,C:\Users\ramti\Desktop\ramtin legion pc\article_project\data\raw\pdraw_spiral\test\parkinson\V15PE01.png,1,0.721237,1
pdraw_spiral,resnet50,rotation,2,C:\Users\ramti\Desktop\ramtin legion pc\article_project\data\raw\pdraw_spiral\test\healthy\V01HE01.png,0,0.578235,1
pdraw_spiral,resnet50,rotation,2,C:\Users\ramti\Desktop\ramtin legion pc\article_project\data\raw\pdraw_spiral\test\healthy\V02HE01.png,0,0.709220,1
pdraw_spiral,resnet50,rotation,2,C:\Users\ramti\Desktop\ramtin legion pc\article_project\data\raw\pdraw_spiral\test\healthy\V03HE1.png,0,0.563133,1
pdraw_spiral,resnet50,rotation,2,C:\Users\ramti\Desktop\ramtin legion pc\article_project\data\raw\pdraw_spiral\test\healthy\V04HE01.png,0,0.405191,0
pdraw_spiral,resnet50,rotation,2,C:\Users\ramti\Desktop\ramtin legion pc\article_project\data\raw\pdraw_spiral\test\healthy\V05HE01.png,0,0.484649,0
pdraw_spiral,resnet50,rotation,2,C:\Users\ramti\Desktop\ramtin legion pc\article_project\data\raw\pdraw_spiral\test\healthy\V06HE01.png,0,0.614753,1
pdraw_spiral,resnet50,rotation,2,C:\Users\ramti\Desktop\ramtin legion pc\article_project\data\raw\pdraw_spiral\test\healthy\V07HE01.png,0,0.495481,0
pdraw_spiral,resnet50,rotation,2,C:\Users\ramti\Desktop\ramtin legion pc\article_project\data\raw\pdraw_spiral\test\healthy\V08HE01.png,0,0.467815,0
pdraw_spiral,resnet50,rotation,2,C:\Users\ramti\Desktop\ramtin legion pc\article_project\data\raw\pdraw_spiral\test\healthy\V09HE01.png,0,0.551413,1
pdraw_spiral,resnet50,rotation,2,C:\Users\ramti\Desktop\ramtin legion pc\article_project\data\raw\pdraw_spiral\test\healthy\V10HE01.png,0,0.471089,0
pdraw_spiral,resnet50,rotation,2,C:\Users\ramti\Desktop\ramtin legion pc\article_project\data\raw\pdraw_spiral\test\healthy\V11HE01.png,0,0.460170,0
pdraw_spiral,resnet50,rotation,2,C:\Users\ramti\Desktop\ramtin legion pc\article_project\data\raw\pdraw_spiral\test\healthy\V55HE12.png,0,0.374782,0
pdraw_spiral,resnet50,rotation,2,C:\Users\ramti\Desktop\ramtin legion pc\article_project\data\raw\pdraw_spiral\test\healthy\V55HE13.png,0,0.483385,0
pdraw_spiral,resnet50,rotation,2,C:\Users\ramti\Desktop\ramtin legion pc\article_project\data\raw\pdraw_spiral\test\healthy\V55HE14.png,0,0.400492,0
pdraw_spiral,resnet50,rotation,2,C:\Users\ramti\Desktop\ramtin legion pc\article_project\data\raw\pdraw_spiral\test\healthy\V55HE15.png,0,0.408735,0
pdraw_spiral,resnet50,rotation,2,C:\Users\ramti\Desktop\ramtin legion pc\article_project\data\raw\pdraw_spiral\test\parkinson\V01PE01.png,1,0.521209,1
pdraw_spiral,resnet50,rotation,2,C:\Users\ramti\Desktop\ramtin legion pc\article_project\data\raw\pdraw_spiral\test\parkinson\V02PE01.png,1,0.711681,1
pdraw_spiral,resnet50,rotation,2,C:\Users\ramti\Desktop\ramtin legion pc\article_project\data\raw\pdraw_spiral\test\parkinson\V03PE01.png,1,0.847082,1
pdraw_spiral,resnet50,rotation,2,C:\Users\ramti\Desktop\ramtin legion pc\article_project\data\raw\pdraw_spiral\test\parkinson\V03PE04.png,1,0.803901,1
pdraw_spiral,resnet50,rotation,2,C:\Users\ramti\Desktop\ramtin legion pc\article_project\data\raw\pdraw_spiral\test\parkinson\V03PE07.png,1,0.745871,1
pdraw_spiral,resnet50,rotation,2,C:\Users\ramti\Desktop\ramtin legion pc\article_project\data\raw\pdraw_spiral\test\parkinson\V04PE01.png,1,0.756970,1
pdraw_spiral,resnet50,rotation,2,C:\Users\ramti\Desktop\ramtin legion pc\article_project\data\raw\pdraw_spiral\test\parkinson\V05PE01.png,1,0.801210,1
pdraw_spiral,resnet50,rotation,2,C:\Users\ramti\Desktop\ramtin legion pc\article_project\data\raw\pdraw_spiral\test\parkinson\V06PE01.png,1,0.665330,1
pdraw_spiral,resnet50,rotation,2,C:\Users\ramti\Desktop\ramtin legion pc\article_project\data\raw\pdraw_spiral\test\parkinson\V07PE01.png,1,0.774474,1
pdraw_spiral,resnet50,rotation,2,C:\Users\ramti\Desktop\ramtin legion pc\article_project\data\raw\pdraw_spiral\test\parkinson\V08PE01.png,1,0.530426,1
pdraw_spiral,resnet50,rotation,2,C:\Users\ramti\Desktop\ramtin legion pc\article_project\data\raw\pdraw_spiral\test\parkinson\V09PE01.png,1,0.650594,1
pdraw_spiral,resnet50,rotation,2,C:\Users\ramti\Desktop\ramtin legion pc\article_project\data\raw\pdraw_spiral\test\parkinson\V10PE03.png,1,0.550983,1
pdraw_spiral,resnet50,rotation,2,C:\Users\ramti\Desktop\ramtin legion pc\article_project\data\raw\pdraw_spiral\test\parkinson\V11PE03.png,1,0.565210,1
pdraw_spiral,resnet50,rotation,2,C:\Users\ramti\Desktop\ramtin legion pc\article_project\data\raw\pdraw_spiral\test\parkinson\V14PE03.png,1,0.844837,1
pdraw_spiral,resnet50,rotation,2,C:\Users\ramti\Desktop\ramtin legion pc\article_project\data\raw\pdraw_spiral\test\parkinson\V15PE01.png,1,0.722882,1
pdraw_spiral,resnet50,rotation,3,C:\Users\ramti\Desktop\ramtin legion pc\article_project\data\raw\pdraw_spiral\test\healthy\V01HE01.png,0,0.587021,1
pdraw_spiral,resnet50,rotation,3,C:\Users\ramti\Desktop\ramtin legion pc\article_project\data\raw\pdraw_spiral\test\healthy\V02HE01.png,0,0.771406,1
pdraw_spiral,resnet50,rotation,3,C:\Users\ramti\Desktop\ramtin legion pc\article_project\data\raw\pdraw_spiral\test\healthy\V03HE1.png,0,0.645256,1
pdraw_spiral,resnet50,rotation,3,C:\Users\ramti\Desktop\ramtin legion pc\article_project\data\raw\pdraw_spiral\test\healthy\V04HE01.png,0,0.397743,0
pdraw_spiral,resnet50,rotation,3,C:\Users\ramti\Desktop\ramtin legion pc\article_project\data\raw\pdraw_spiral\test\healthy\V05HE01.png,0,0.568484,1
pdraw_spiral,resnet50,rotation,3,C:\Users\ramti\Desktop\ramtin legion pc\article_project\data\raw\pdraw_spiral\test\healthy\V06HE01.png,0,0.675845,1
pdraw_spiral,resnet50,rotation,3,C:\Users\ramti\Desktop\ramtin legion pc\article_project\data\raw\pdraw_spiral\test\healthy\V07HE01.png,0,0.543294,1
pdraw_spiral,resnet50,rotation,3,C:\Users\ramti\Desktop\ramtin legion pc\article_project\data\raw\pdraw_spiral\test\healthy\V08HE01.png,0,0.494189,0
pdraw_spiral,resnet50,rotation,3,C:\Users\ramti\Desktop\ramtin legion pc\article_project\data\raw\pdraw_spiral\test\healthy\V09HE01.png,0,0.546527,1
pdraw_spiral,resnet50,rotation,3,C:\Users\ramti\Desktop\ramtin legion pc\article_project\data\raw\pdraw_spiral\test\healthy\V10HE01.png,0,0.522150,1
pdraw_spiral,resnet50,rotation,3,C:\Users\ramti\Desktop\ramtin legion pc\article_project\data\raw\pdraw_spiral\test\healthy\V11HE01.png,0,0.470778,0
pdraw_spiral,resnet50,rotation,3,C:\Users\ramti\Desktop\ramtin legion pc\article_project\data\raw\pdraw_spiral\test\healthy\V55HE12.png,0,0.373634,0
pdraw_spiral,resnet50,rotation,3,C:\Users\ramti\Desktop\ramtin legion pc\article_project\data\raw\pdraw_spiral\test\healthy\V55HE13.png,0,0.492272,0
pdraw_spiral,resnet50,rotation,3,C:\Users\ramti\Desktop\ramtin legion pc\article_project\data\raw\pdraw_spiral\test\healthy\V55HE14.png,0,0.412128,0
pdraw_spiral,resnet50,rotation,3,C:\Users\ramti\Desktop\ramtin legion pc\article_project\data\raw\pdraw_spiral\test\healthy\V55HE15.png,0,0.419078,0
pdraw_spiral,resnet50,rotation,3,C:\Users\ramti\Desktop\ramtin legion pc\article_project\data\raw\pdraw_spiral\test\parkinson\V01PE01.png,1,0.530366,1
pdraw_spiral,resnet50,rotation,3,C:\Users\ramti\Desktop\ramtin legion pc\article_project\data\raw\pdraw_spiral\test\parkinson\V02PE01.png,1,0.644796,1
pdraw_spiral,resnet50,rotation,3,C:\Users\ramti\Desktop\ramtin legion pc\article_project\data\raw\pdraw_spiral\test\parkinson\V03PE01.png,1,0.829285,1
pdraw_spiral,resnet50,rotation,3,C:\Users\ramti\Desktop\ramtin legion pc\article_project\data\raw\pdraw_spiral\test\parkinson\V03PE04.png,1,0.761013,1
pdraw_spiral,resnet50,rotation,3,C:\Users\ramti\Desktop\ramtin legion pc\article_project\data\raw\pdraw_spiral\test\parkinson\V03PE07.png,1,0.777891,1
pdraw_spiral,resnet50,rotation,3,C:\Users\ramti\Desktop\ramtin legion pc\article_project\data\raw\pdraw_spiral\test\parkinson\V04PE01.png,1,0.767444,1
pdraw_spiral,resnet50,rotation,3,C:\Users\ramti\Desktop\ramtin legion pc\article_project\data\raw\pdraw_spiral\test\parkinson\V05PE01.png,1,0.791740,1
pdraw_spiral,resnet50,rotation,3,C:\Users\ramti\Desktop\ramtin legion pc\article_project\data\raw\pdraw_spiral\test\parkinson\V06PE01.png,1,0.739287,1
pdraw_spiral,resnet50,rotation,3,C:\Users\ramti\Desktop\ramtin legion pc\article_project\data\raw\pdraw_spiral\test\parkinson\V07PE01.png,1,0.800228,1
pdraw_spiral,resnet50,rotation,3,C:\Users\ramti\Desktop\ramtin legion pc\article_project\data\raw\pdraw_spiral\test\parkinson\V08PE01.png,1,0.522561,1
pdraw_spiral,resnet50,rotation,3,C:\Users\ramti\Desktop\ramtin legion pc\article_project\data\raw\pdraw_spiral\test\parkinson\V09PE01.png,1,0.708945,1
pdraw_spiral,resnet50,rotation,3,C:\Users\ramti\Desktop\ramtin legion pc\article_project\data\raw\pdraw_spiral\test\parkinson\V10PE03.png,1,0.568411,1
pdraw_spiral,resnet50,rotation,3,C:\Users\ramti\Desktop\ramtin legion pc\article_project\data\raw\pdraw_spiral\test\parkinson\V11PE03.png,1,0.580226,1
pdraw_spiral,resnet50,rotation,3,C:\Users\ramti\Desktop\ramtin legion pc\article_project\data\raw\pdraw_spiral\test\parkinson\V14PE03.png,1,0.824666,1
pdraw_spiral,resnet50,rotation,3,C:\Users\ramti\Desktop\ramtin legion pc\article_project\data\raw\pdraw_spiral\test\parkinson\V15PE01.png,1,0.768566,1
pdraw_spiral,resnet50,rotation,4,C:\Users\ramti\Desktop\ramtin legion pc\article_project\data\raw\pdraw_spiral\test\healthy\V01HE01.png,0,0.589247,1
pdraw_spiral,resnet50,rotation,4,C:\Users\ramti\Desktop\ramtin legion pc\article_project\data\raw\pdraw_spiral\test\healthy\V02HE01.png,0,0.696650,1
pdraw_spiral,resnet50,rotation,4,C:\Users\ramti\Desktop\ramtin legion pc\article_project\data\raw\pdraw_spiral\test\healthy\V03HE1.png,0,0.570167,1
pdraw_spiral,resnet50,rotation,4,C:\Users\ramti\Desktop\ramtin legion pc\article_project\data\raw\pdraw_spiral\test\healthy\V04HE01.png,0,0.480329,0
pdraw_spiral,resnet50,rotation,4,C:\Users\ramti\Desktop\ramtin legion pc\article_project\data\raw\pdraw_spiral\test\healthy\V05HE01.png,0,0.509220,1
pdraw_spiral,resnet50,rotation,4,C:\Users\ramti\Desktop\ramtin legion pc\article_project\data\raw\pdraw_spiral\test\healthy\V06HE01.png,0,0.614895,1
pdraw_spiral,resnet50,rotation,4,C:\Users\ramti\Desktop\ramtin legion pc\article_project\data\raw\pdraw_spiral\test\healthy\V07HE01.png,0,0.569149,1
pdraw_spiral,resnet50,rotation,4,C:\Users\ramti\Desktop\ramtin legion pc\article_project\data\raw\pdraw_spiral\test\healthy\V08HE01.png,0,0.519971,1
pdraw_spiral,resnet50,rotation,4,C:\Users\ramti\Desktop\ramtin legion pc\article_project\data\raw\pdraw_spiral\test\healthy\V09HE01.png,0,0.539782,1
pdraw_spiral,resnet50,rotation,4,C:\Users\ramti\Desktop\ramtin legion pc\article_project\data\raw\pdraw_spiral\test\healthy\V10HE01.png,0,0.504685,1
pdraw_spiral,resnet50,rotation,4,C:\Users\ramti\Desktop\ramtin legion pc\article_project\data\raw\pdraw_spiral\test\healthy\V11HE01.png,0,0.507113,1
pdraw_spiral,resnet50,rotation,4,C:\Users\ramti\Desktop\ramtin legion pc\article_project\data\raw\pdraw_spiral\test\healthy\V55HE12.png,0,0.412785,0
pdraw_spiral,resnet50,rotation,4,C:\Users\ramti\Desktop\ramtin legion pc\article_project\data\raw\pdraw_spiral\test\healthy\V55HE13.png,0,0.525601,1
pdraw_spiral,resnet50,rotation,4,C:\Users\ramti\Desktop\ramtin legion pc\article_project\data\raw\pdraw_spiral\test\healthy\V55HE14.png,0,0.413719,0
pdraw_spiral,resnet50,rotation,4,C:\Users\ramti\Desktop\ramtin legion pc\article_project\data\raw\pdraw_spiral\test\healthy\V55HE15.png,0,0.435710,0
pdraw_spiral,resnet50,rotation,4,C:\Users\ramti\Desktop\ramtin legion pc\article_project\data\raw\pdraw_spiral\test\parkinson\V01PE01.png,1,0.553158,1
pdraw_spiral,resnet50,rotation,4,C:\Users\ramti\Desktop\ramtin legion pc\article_project\data\raw\pdraw_spiral\test\parkinson\V02PE01.png,1,0.713995,1
pdraw_spiral,resnet50,rotation,4,C:\Users\ramti\Desktop\ramtin legion pc\article_project\data\raw\pdraw_spiral\test\parkinson\V03PE01.png,1,0.860260,1
pdraw_spiral,resnet50,rotation,4,C:\Users\ramti\Desktop\ramtin legion pc\article_project\data\raw\pdraw_spiral\test\parkinson\V03PE04.png,1,0.802799,1
pdraw_spiral,resnet50,rotation,4,C:\Users\ramti\Desktop\ramtin legion pc\article_project\data\raw\pdraw_spiral\test\parkinson\V03PE07.png,1,0.756164,1
pdraw_spiral,resnet50,rotation,4,C:\Users\ramti\Desktop\ramtin legion pc\article_project\data\raw\pdraw_spiral\test\parkinson\V04PE01.png,1,0.743823,1
pdraw_spiral,resnet50,rotation,4,C:\Users\ramti\Desktop\ramtin legion pc\article_project\data\raw\pdraw_spiral\test\parkinson\V05PE01.png,1,0.798692,1
pdraw_spiral,resnet50,rotation,4,C:\Users\ramti\Desktop\ramtin legion pc\article_project\data\raw\pdraw_spiral\test\parkinson\V06PE01.png,1,0.707101,1
pdraw_spiral,resnet50,rotation,4,C:\Users\ramti\Desktop\ramtin legion pc\article_project\data\raw\pdraw_spiral\test\parkinson\V07PE01.png,1,0.793080,1
pdraw_spiral,resnet50,rotation,4,C:\Users\ramti\Desktop\ramtin legion pc\article_project\data\raw\pdraw_spiral\test\parkinson\V08PE01.png,1,0.535716,1
pdraw_spiral,resnet50,rotation,4,C:\Users\ramti\Desktop\ramtin legion pc\article_project\data\raw\pdraw_spiral\test\parkinson\V09PE01.png,1,0.681232,1
pdraw_spiral,resnet50,rotation,4,C:\Users\ramti\Desktop\ramtin legion pc\article_project\data\raw\pdraw_spiral\test\parkinson\V10PE03.png,1,0.629877,1
pdraw_spiral,resnet50,rotation,4,C:\Users\ramti\Desktop\ramtin legion pc\article_project\data\raw\pdraw_spiral\test\parkinson\V11PE03.png,1,0.634256,1
pdraw_spiral,resnet50,rotation,4,C:\Users\ramti\Desktop\ramtin legion pc\article_project\data\raw\pdraw_spiral\test\parkinson\V14PE03.png,1,0.832850,1
pdraw_spiral,resnet50,rotation,4,C:\Users\ramti\Desktop\ramtin legion pc\article_project\data\raw\pdraw_spiral\test\parkinson\V15PE01.png,1,0.761917,1
pdraw_spiral,resnet50,rotation,5,C:\Users\ramti\Desktop\ramtin legion pc\article_project\data\raw\pdraw_spiral\test\healthy\V01HE01.png,0,0.647552,1
pdraw_spiral,resnet50,rotation,5,C:\Users\ramti\Desktop\ramtin legion pc\article_project\data\raw\pdraw_spiral\test\healthy\V02HE01.png,0,0.837649,1
pdraw_spiral,resnet50,rotation,5,C:\Users\ramti\Desktop\ramtin legion pc\article_project\data\raw\pdraw_spiral\test\healthy\V03HE1.png,0,0.601279,1
pdraw_spiral,resnet50,rotation,5,C:\Users\ramti\Desktop\ramtin legion pc\article_project\data\raw\pdraw_spiral\test\healthy\V04HE01.png,0,0.417645,0
pdraw_spiral,resnet50,rotation,5,C:\Users\ramti\Desktop\ramtin legion pc\article_project\data\raw\pdraw_spiral\test\healthy\V05HE01.png,0,0.591309,1
pdraw_spiral,resnet50,rotation,5,C:\Users\ramti\Desktop\ramtin legion pc\article_project\data\raw\pdraw_spiral\test\healthy\V06HE01.png,0,0.742685,1
pdraw_spiral,resnet50,rotation,5,C:\Users\ramti\Desktop\ramtin legion pc\article_project\data\raw\pdraw_spiral\test\healthy\V07HE01.png,0,0.596179,1
pdraw_spiral,resnet50,rotation,5,C:\Users\ramti\Desktop\ramtin legion pc\article_project\data\raw\pdraw_spiral\test\healthy\V08HE01.png,0,0.576355,1
pdraw_spiral,resnet50,rotation,5,C:\Users\ramti\Desktop\ramtin legion pc\article_project\data\raw\pdraw_spiral\test\healthy\V09HE01.png,0,0.621433,1
pdraw_spiral,resnet50,rotation,5,C:\Users\ramti\Desktop\ramtin legion pc\article_project\data\raw\pdraw_spiral\test\healthy\V10HE01.png,0,0.602830,1
pdraw_spiral,resnet50,rotation,5,C:\Users\ramti\Desktop\ramtin legion pc\article_project\data\raw\pdraw_spiral\test\healthy\V11HE01.png,0,0.474297,0
pdraw_spiral,resnet50,rotation,5,C:\Users\ramti\Desktop\ramtin legion pc\article_project\data\raw\pdraw_spiral\test\healthy\V55HE12.png,0,0.429532,0
pdraw_spiral,resnet50,rotation,5,C:\Users\ramti\Desktop\ramtin legion pc\article_project\data\raw\pdraw_spiral\test\healthy\V55HE13.png,0,0.474547,0
pdraw_spiral,resnet50,rotation,5,C:\Users\ramti\Desktop\ramtin legion pc\article_project\data\raw\pdraw_spiral\test\healthy\V55HE14.png,0,0.445632,0
pdraw_spiral,resnet50,rotation,5,C:\Users\ramti\Desktop\ramtin legion pc\article_project\data\raw\pdraw_spiral\test\healthy\V55HE15.png,0,0.435466,0
pdraw_spiral,resnet50,rotation,5,C:\Users\ramti\Desktop\ramtin legion pc\article_project\data\raw\pdraw_spiral\test\parkinson\V01PE01.png,1,0.620457,1
pdraw_spiral,resnet50,rotation,5,C:\Users\ramti\Desktop\ramtin legion pc\article_project\data\raw\pdraw_spiral\test\parkinson\V02PE01.png,1,0.667442,1
pdraw_spiral,resnet50,rotation,5,C:\Users\ramti\Desktop\ramtin legion pc\article_project\data\raw\pdraw_spiral\test\parkinson\V03PE01.png,1,0.846566,1
pdraw_spiral,resnet50,rotation,5,C:\Users\ramti\Desktop\ramtin legion pc\article_project\data\raw\pdraw_spiral\test\parkinson\V03PE04.png,1,0.768289,1
pdraw_spiral,resnet50,rotation,5,C:\Users\ramti\Desktop\ramtin legion pc\article_project\data\raw\pdraw_spiral\test\parkinson\V03PE07.png,1,0.747143,1
pdraw_spiral,resnet50,rotation,5,C:\Users\ramti\Desktop\ramtin legion pc\article_project\data\raw\pdraw_spiral\test\parkinson\V04PE01.png,1,0.807206,1
pdraw_spiral,resnet50,rotation,5,C:\Users\ramti\Desktop\ramtin legion pc\article_project\data\raw\pdraw_spiral\test\parkinson\V05PE01.png,1,0.800525,1
pdraw_spiral,resnet50,rotation,5,C:\Users\ramti\Desktop\ramtin legion pc\article_project\data\raw\pdraw_spiral\test\parkinson\V06PE01.png,1,0.780621,1
pdraw_spiral,resnet50,rotation,5,C:\Users\ramti\Desktop\ramtin legion pc\article_project\data\raw\pdraw_spiral\test\parkinson\V07PE01.png,1,0.800221,1
pdraw_spiral,resnet50,rotation,5,C:\Users\ramti\Desktop\ramtin legion pc\article_project\data\raw\pdraw_spiral\test\parkinson\V08PE01.png,1,0.559739,1
pdraw_spiral,resnet50,rotation,5,C:\Users\ramti\Desktop\ramtin legion pc\article_project\data\raw\pdraw_spiral\test\parkinson\V09PE01.png,1,0.722163,1
pdraw_spiral,resnet50,rotation,5,C:\Users\ramti\Desktop\ramtin legion pc\article_project\data\raw\pdraw_spiral\test\parkinson\V10PE03.png,1,0.585994,1
pdraw_spiral,resnet50,rotation,5,C:\Users\ramti\Desktop\ramtin legion pc\article_project\data\raw\pdraw_spiral\test\parkinson\V11PE03.png,1,0.652294,1
pdraw_spiral,resnet50,rotation,5,C:\Users\ramti\Desktop\ramtin legion pc\article_project\data\raw\pdraw_spiral\test\parkinson\V14PE03.png,1,0.841652,1
pdraw_spiral,resnet50,rotation,5,C:\Users\ramti\Desktop\ramtin legion pc\article_project\data\raw\pdraw_spiral\test\parkinson\V15PE01.png,1,0.776238,1
pdraw_spiral,vgg16,clean,0,C:\Users\ramti\Desktop\ramtin legion pc\article_project\data\raw\pdraw_spiral\test\healthy\V01HE01.png,0,0.419722,0
pdraw_spiral,vgg16,clean,0,C:\Users\ramti\Desktop\ramtin legion pc\article_project\data\raw\pdraw_spiral\test\healthy\V02HE01.png,0,0.490219,0
pdraw_spiral,vgg16,clean,0,C:\Users\ramti\Desktop\ramtin legion pc\article_project\data\raw\pdraw_spiral\test\healthy\V03HE1.png,0,0.419667,0
pdraw_spiral,vgg16,clean,0,C:\Users\ramti\Desktop\ramtin legion pc\article_project\data\raw\pdraw_spiral\test\healthy\V04HE01.png,0,0.423709,0
pdraw_spiral,vgg16,clean,0,C:\Users\ramti\Desktop\ramtin legion pc\article_project\data\raw\pdraw_spiral\test\healthy\V05HE01.png,0,0.447869,0
pdraw_spiral,vgg16,clean,0,C:\Users\ramti\Desktop\ramtin legion pc\article_project\data\raw\pdraw_spiral\test\healthy\V06HE01.png,0,0.423551,0
pdraw_spiral,vgg16,clean,0,C:\Users\ramti\Desktop\ramtin legion pc\article_project\data\raw\pdraw_spiral\test\healthy\V07HE01.png,0,0.428263,0
pdraw_spiral,vgg16,clean,0,C:\Users\ramti\Desktop\ramtin legion pc\article_project\data\raw\pdraw_spiral\test\healthy\V08HE01.png,0,0.410263,0
pdraw_spiral,vgg16,clean,0,C:\Users\ramti\Desktop\ramtin legion pc\article_project\data\raw\pdraw_spiral\test\healthy\V09HE01.png,0,0.421534,0
pdraw_spiral,vgg16,clean,0,C:\Users\ramti\Desktop\ramtin legion pc\article_project\data\raw\pdraw_spiral\test\healthy\V10HE01.png,0,0.427417,0
pdraw_spiral,vgg16,clean,0,C:\Users\ramti\Desktop\ramtin legion pc\article_project\data\raw\pdraw_spiral\test\healthy\V11HE01.png,0,0.438661,0
pdraw_spiral,vgg16,clean,0,C:\Users\ramti\Desktop\ramtin legion pc\article_project\data\raw\pdraw_spiral\test\healthy\V55HE12.png,0,0.416675,0
pdraw_spiral,vgg16,clean,0,C:\Users\ramti\Desktop\ramtin legion pc\article_project\data\raw\pdraw_spiral\test\healthy\V55HE13.png,0,0.401393,0
pdraw_spiral,vgg16,clean,0,C:\Users\ramti\Desktop\ramtin legion pc\article_project\data\raw\pdraw_spiral\test\healthy\V55HE14.png,0,0.421281,0
pdraw_spiral,vgg16,clean,0,C:\Users\ramti\Desktop\ramtin legion pc\article_project\data\raw\pdraw_spiral\test\healthy\V55HE15.png,0,0.436985,0
pdraw_spiral,vgg16,clean,0,C:\Users\ramti\Desktop\ramtin legion pc\article_project\data\raw\pdraw_spiral\test\parkinson\V01PE01.png,1,0.440197,0
pdraw_spiral,vgg16,clean,0,C:\Users\ramti\Desktop\ramtin legion pc\article_project\data\raw\pdraw_spiral\test\parkinson\V02PE01.png,1,0.492275,0
pdraw_spiral,vgg16,clean,0,C:\Users\ramti\Desktop\ramtin legion pc\article_project\data\raw\pdraw_spiral\test\parkinson\V03PE01.png,1,0.532719,1
pdraw_spiral,vgg16,clean,0,C:\Users\ramti\Desktop\ramtin legion pc\article_project\data\raw\pdraw_spiral\test\parkinson\V03PE04.png,1,0.570176,1
pdraw_spiral,vgg16,clean,0,C:\Users\ramti\Desktop\ramtin legion pc\article_project\data\raw\pdraw_spiral\test\parkinson\V03PE07.png,1,0.546402,1
pdraw_spiral,vgg16,clean,0,C:\Users\ramti\Desktop\ramtin legion pc\article_project\data\raw\pdraw_spiral\test\parkinson\V04PE01.png,1,0.488244,0
pdraw_spiral,vgg16,clean,0,C:\Users\ramti\Desktop\ramtin legion pc\article_project\data\raw\pdraw_spiral\test\parkinson\V05PE01.png,1,0.529898,1
pdraw_spiral,vgg16,clean,0,C:\Users\ramti\Desktop\ramtin legion pc\article_project\data\raw\pdraw_spiral\test\parkinson\V06PE01.png,1,0.445984,0
pdraw_spiral,vgg16,clean,0,C:\Users\ramti\Desktop\ramtin legion pc\article_project\data\raw\pdraw_spiral\test\parkinson\V07PE01.png,1,0.523733,1
pdraw_spiral,vgg16,clean,0,C:\Users\ramti\Desktop\ramtin legion pc\article_project\data\raw\pdraw_spiral\test\parkinson\V08PE01.png,1,0.385250,0
pdraw_spiral,vgg16,clean,0,C:\Users\ramti\Desktop\ramtin legion pc\article_project\data\raw\pdraw_spiral\test\parkinson\V09PE01.png,1,0.464597,0
pdraw_spiral,vgg16,clean,0,C:\Users\ramti\Desktop\ramtin legion pc\article_project\data\raw\pdraw_spiral\test\parkinson\V10PE03.png,1,0.436408,0
pdraw_spiral,vgg16,clean,0,C:\Users\ramti\Desktop\ramtin legion pc\article_project\data\raw\pdraw_spiral\test\parkinson\V11PE03.png,1,0.432008,0
pdraw_spiral,vgg16,clean,0,C:\Users\ramti\Desktop\ramtin legion pc\article_project\data\raw\pdraw_spiral\test\parkinson\V14PE03.png,1,0.502198,1
pdraw_spiral,vgg16,clean,0,C:\Users\ramti\Desktop\ramtin legion pc\article_project\data\raw\pdraw_spiral\test\parkinson\V15PE01.png,1,0.420290,0
pdraw_spiral,vgg16,jpeg_compression,1,C:\Users\ramti\Desktop\ramtin legion pc\article_project\data\raw\pdraw_spiral\test\healthy\V01HE01.png,0,0.417666,0
pdraw_spiral,vgg16,jpeg_compression,1,C:\Users\ramti\Desktop\ramtin legion pc\article_project\data\raw\pdraw_spiral\test\healthy\V02HE01.png,0,0.485139,0
pdraw_spiral,vgg16,jpeg_compression,1,C:\Users\ramti\Desktop\ramtin legion pc\article_project\data\raw\pdraw_spiral\test\healthy\V03HE1.png,0,0.419122,0
pdraw_spiral,vgg16,jpeg_compression,1,C:\Users\ramti\Desktop\ramtin legion pc\article_project\data\raw\pdraw_spiral\test\healthy\V04HE01.png,0,0.428097,0
pdraw_spiral,vgg16,jpeg_compression,1,C:\Users\ramti\Desktop\ramtin legion pc\article_project\data\raw\pdraw_spiral\test\healthy\V05HE01.png,0,0.443923,0
pdraw_spiral,vgg16,jpeg_compression,1,C:\Users\ramti\Desktop\ramtin legion pc\article_project\data\raw\pdraw_spiral\test\healthy\V06HE01.png,0,0.419709,0
pdraw_spiral,vgg16,jpeg_compression,1,C:\Users\ramti\Desktop\ramtin legion pc\article_project\data\raw\pdraw_spiral\test\healthy\V07HE01.png,0,0.428318,0
pdraw_spiral,vgg16,jpeg_compression,1,C:\Users\ramti\Desktop\ramtin legion pc\article_project\data\raw\pdraw_spiral\test\healthy\V08HE01.png,0,0.408267,0
pdraw_spiral,vgg16,jpeg_compression,1,C:\Users\ramti\Desktop\ramtin legion pc\article_project\data\raw\pdraw_spiral\test\healthy\V09HE01.png,0,0.420096,0
pdraw_spiral,vgg16,jpeg_compression,1,C:\Users\ramti\Desktop\ramtin legion pc\article_project\data\raw\pdraw_spiral\test\healthy\V10HE01.png,0,0.422759,0
pdraw_spiral,vgg16,jpeg_compression,1,C:\Users\ramti\Desktop\ramtin legion pc\article_project\data\raw\pdraw_spiral\test\healthy\V11HE01.png,0,0.436390,0
pdraw_spiral,vgg16,jpeg_compression,1,C:\Users\ramti\Desktop\ramtin legion pc\article_project\data\raw\pdraw_spiral\test\healthy\V55HE12.png,0,0.413855,0
pdraw_spiral,vgg16,jpeg_compression,1,C:\Users\ramti\Desktop\ramtin legion pc\article_project\data\raw\pdraw_spiral\test\healthy\V55HE13.png,0,0.407398,0
pdraw_spiral,vgg16,jpeg_compression,1,C:\Users\ramti\Desktop\ramtin legion pc\article_project\data\raw\pdraw_spiral\test\healthy\V55HE14.png,0,0.421761,0
pdraw_spiral,vgg16,jpeg_compression,1,C:\Users\ramti\Desktop\ramtin legion pc\article_project\data\raw\pdraw_spiral\test\healthy\V55HE15.png,0,0.435623,0
pdraw_spiral,vgg16,jpeg_compression,1,C:\Users\ramti\Desktop\ramtin legion pc\article_project\data\raw\pdraw_spiral\test\parkinson\V01PE01.png,1,0.440642,0
pdraw_spiral,vgg16,jpeg_compression,1,C:\Users\ramti\Desktop\ramtin legion pc\article_project\data\raw\pdraw_spiral\test\parkinson\V02PE01.png,1,0.492495,0
pdraw_spiral,vgg16,jpeg_compression,1,C:\Users\ramti\Desktop\ramtin legion pc\article_project\data\raw\pdraw_spiral\test\parkinson\V03PE01.png,1,0.531074,1
pdraw_spiral,vgg16,jpeg_compression,1,C:\Users\ramti\Desktop\ramtin legion pc\article_project\data\raw\pdraw_spiral\test\parkinson\V03PE04.png,1,0.569224,1
pdraw_spiral,vgg16,jpeg_compression,1,C:\Users\ramti\Desktop\ramtin legion pc\article_project\data\raw\pdraw_spiral\test\parkinson\V03PE07.png,1,0.549104,1
pdraw_spiral,vgg16,jpeg_compression,1,C:\Users\ramti\Desktop\ramtin legion pc\article_project\data\raw\pdraw_spiral\test\parkinson\V04PE01.png,1,0.488488,0
pdraw_spiral,vgg16,jpeg_compression,1,C:\Users\ramti\Desktop\ramtin legion pc\article_project\data\raw\pdraw_spiral\test\parkinson\V05PE01.png,1,0.529225,1
pdraw_spiral,vgg16,jpeg_compression,1,C:\Users\ramti\Desktop\ramtin legion pc\article_project\data\raw\pdraw_spiral\test\parkinson\V06PE01.png,1,0.441965,0
pdraw_spiral,vgg16,jpeg_compression,1,C:\Users\ramti\Desktop\ramtin legion pc\article_project\data\raw\pdraw_spiral\test\parkinson\V07PE01.png,1,0.522427,1
pdraw_spiral,vgg16,jpeg_compression,1,C:\Users\ramti\Desktop\ramtin legion pc\article_project\data\raw\pdraw_spiral\test\parkinson\V08PE01.png,1,0.383121,0
pdraw_spiral,vgg16,jpeg_compression,1,C:\Users\ramti\Desktop\ramtin legion pc\article_project\data\raw\pdraw_spiral\test\parkinson\V09PE01.png,1,0.464148,0
pdraw_spiral,vgg16,jpeg_compression,1,C:\Users\ramti\Desktop\ramtin legion pc\article_project\data\raw\pdraw_spiral\test\parkinson\V10PE03.png,1,0.437645,0
pdraw_spiral,vgg16,jpeg_compression,1,C:\Users\ramti\Desktop\ramtin legion pc\article_project\data\raw\pdraw_spiral\test\parkinson\V11PE03.png,1,0.433489,0
pdraw_spiral,vgg16,jpeg_compression,1,C:\Users\ramti\Desktop\ramtin legion pc\article_project\data\raw\pdraw_spiral\test\parkinson\V14PE03.png,1,0.502313,1
pdraw_spiral,vgg16,jpeg_compression,1,C:\Users\ramti\Desktop\ramtin legion pc\article_project\data\raw\pdraw_spiral\test\parkinson\V15PE01.png,1,0.419464,0
pdraw_spiral,vgg16,jpeg_compression,2,C:\Users\ramti\Desktop\ramtin legion pc\article_project\data\raw\pdraw_spiral\test\healthy\V01HE01.png,0,0.416875,0
pdraw_spiral,vgg16,jpeg_compression,2,C:\Users\ramti\Desktop\ramtin legion pc\article_project\data\raw\pdraw_spiral\test\healthy\V02HE01.png,0,0.486179,0
pdraw_spiral,vgg16,jpeg_compression,2,C:\Users\ramti\Desktop\ramtin legion pc\article_project\data\raw\pdraw_spiral\test\healthy\V03HE1.png,0,0.419868,0
pdraw_spiral,vgg16,jpeg_compression,2,C:\Users\ramti\Desktop\ramtin legion pc\article_project\data\raw\pdraw_spiral\test\healthy\V04HE01.png,0,0.431751,0
pdraw_spiral,vgg16,jpeg_compression,2,C:\Users\ramti\Desktop\ramtin legion pc\article_project\data\raw\pdraw_spiral\test\healthy\V05HE01.png,0,0.444889,0
pdraw_spiral,vgg16,jpeg_compression,2,C:\Users\ramti\Desktop\ramtin legion pc\article_project\data\raw\pdraw_spiral\test\healthy\V06HE01.png,0,0.423866,0
pdraw_spiral,vgg16,jpeg_compression,2,C:\Users\ramti\Desktop\ramtin legion pc\article_project\data\raw\pdraw_spiral\test\healthy\V07HE01.png,0,0.435071,0
pdraw_spiral,vgg16,jpeg_compression,2,C:\Users\ramti\Desktop\ramtin legion pc\article_project\data\raw\pdraw_spiral\test\healthy\V08HE01.png,0,0.423033,0
pdraw_spiral,vgg16,jpeg_compression,2,C:\Users\ramti\Desktop\ramtin legion pc\article_project\data\raw\pdraw_spiral\test\healthy\V09HE01.png,0,0.428634,0
pdraw_spiral,vgg16,jpeg_compression,2,C:\Users\ramti\Desktop\ramtin legion pc\article_project\data\raw\pdraw_spiral\test\healthy\V10HE01.png,0,0.429515,0
pdraw_spiral,vgg16,jpeg_compression,2,C:\Users\ramti\Desktop\ramtin legion pc\article_project\data\raw\pdraw_spiral\test\healthy\V11HE01.png,0,0.444152,0
pdraw_spiral,vgg16,jpeg_compression,2,C:\Users\ramti\Desktop\ramtin legion pc\article_project\data\raw\pdraw_spiral\test\healthy\V55HE12.png,0,0.414893,0
pdraw_spiral,vgg16,jpeg_compression,2,C:\Users\ramti\Desktop\ramtin legion pc\article_project\data\raw\pdraw_spiral\test\healthy\V55HE13.png,0,0.428339,0
pdraw_spiral,vgg16,jpeg_compression,2,C:\Users\ramti\Desktop\ramtin legion pc\article_project\data\raw\pdraw_spiral\test\healthy\V55HE14.png,0,0.422812,0
pdraw_spiral,vgg16,jpeg_compression,2,C:\Users\ramti\Desktop\ramtin legion pc\article_project\data\raw\pdraw_spiral\test\healthy\V55HE15.png,0,0.438083,0
pdraw_spiral,vgg16,jpeg_compression,2,C:\Users\ramti\Desktop\ramtin legion pc\article_project\data\raw\pdraw_spiral\test\parkinson\V01PE01.png,1,0.439570,0
pdraw_spiral,vgg16,jpeg_compression,2,C:\Users\ramti\Desktop\ramtin legion pc\article_project\data\raw\pdraw_spiral\test\parkinson\V02PE01.png,1,0.489816,0
pdraw_spiral,vgg16,jpeg_compression,2,C:\Users\ramti\Desktop\ramtin legion pc\article_project\data\raw\pdraw_spiral\test\parkinson\V03PE01.png,1,0.532571,1
pdraw_spiral,vgg16,jpeg_compression,2,C:\Users\ramti\Desktop\ramtin legion pc\article_project\data\raw\pdraw_spiral\test\parkinson\V03PE04.png,1,0.560493,1
pdraw_spiral,vgg16,jpeg_compression,2,C:\Users\ramti\Desktop\ramtin legion pc\article_project\data\raw\pdraw_spiral\test\parkinson\V03PE07.png,1,0.542123,1
pdraw_spiral,vgg16,jpeg_compression,2,C:\Users\ramti\Desktop\ramtin legion pc\article_project\data\raw\pdraw_spiral\test\parkinson\V04PE01.png,1,0.489867,0
pdraw_spiral,vgg16,jpeg_compression,2,C:\Users\ramti\Desktop\ramtin legion pc\article_project\data\raw\pdraw_spiral\test\parkinson\V05PE01.png,1,0.530438,1
pdraw_spiral,vgg16,jpeg_compression,2,C:\Users\ramti\Desktop\ramtin legion pc\article_project\data\raw\pdraw_spiral\test\parkinson\V06PE01.png,1,0.447402,0
pdraw_spiral,vgg16,jpeg_compression,2,C:\Users\ramti\Desktop\ramtin legion pc\article_project\data\raw\pdraw_spiral\test\parkinson\V07PE01.png,1,0.515209,1
pdraw_spiral,vgg16,jpeg_compression,2,C:\Users\ramti\Desktop\ramtin legion pc\article_project\data\raw\pdraw_spiral\test\parkinson\V08PE01.png,1,0.400526,0
pdraw_spiral,vgg16,jpeg_compression,2,C:\Users\ramti\Desktop\ramtin legion pc\article_project\data\raw\pdraw_spiral\test\parkinson\V09PE01.png,1,0.471026,0
pdraw_spiral,vgg16,jpeg_compression,2,C:\Users\ramti\Desktop\ramtin legion pc\article_project\data\raw\pdraw_spiral\test\parkinson\V10PE03.png,1,0.444769,0
pdraw_spiral,vgg16,jpeg_compression,2,C:\Users\ramti\Desktop\ramtin legion pc\article_project\data\raw\pdraw_spiral\test\parkinson\V11PE03.png,1,0.439236,0
pdraw_spiral,vgg16,jpeg_compression,2,C:\Users\ramti\Desktop\ramtin legion pc\article_project\data\raw\pdraw_spiral\test\parkinson\V14PE03.png,1,0.502503,1
pdraw_spiral,vgg16,jpeg_compression,2,C:\Users\ramti\Desktop\ramtin legion pc\article_project\data\raw\pdraw_spiral\test\parkinson\V15PE01.png,1,0.434091,0
pdraw_spiral,vgg16,jpeg_compression,3,C:\Users\ramti\Desktop\ramtin legion pc\article_project\data\raw\pdraw_spiral\test\healthy\V01HE01.png,0,0.430421,0
pdraw_spiral,vgg16,jpeg_compression,3,C:\Users\ramti\Desktop\ramtin legion pc\article_project\data\raw\pdraw_spiral\test\healthy\V02HE01.png,0,0.482022,0
pdraw_spiral,vgg16,jpeg_compression,3,C:\Users\ramti\Desktop\ramtin legion pc\article_project\data\raw\pdraw_spiral\test\healthy\V03HE1.png,0,0.419770,0
pdraw_spiral,vgg16,jpeg_compression,3,C:\Users\ramti\Desktop\ramtin legion pc\article_project\data\raw\pdraw_spiral\test\healthy\V04HE01.png,0,0.443395,0
pdraw_spiral,vgg16,jpeg_compression,3,C:\Users\ramti\Desktop\ramtin legion pc\article_project\data\raw\pdraw_spiral\test\healthy\V05HE01.png,0,0.446738,0
pdraw_spiral,vgg16,jpeg_compression,3,C:\Users\ramti\Desktop\ramtin legion pc\article_project\data\raw\pdraw_spiral\test\healthy\V06HE01.png,0,0.429130,0
pdraw_spiral,vgg16,jpeg_compression,3,C:\Users\ramti\Desktop\ramtin legion pc\article_project\data\raw\pdraw_spiral\test\healthy\V07HE01.png,0,0.441413,0
pdraw_spiral,vgg16,jpeg_compression,3,C:\Users\ramti\Desktop\ramtin legion pc\article_project\data\raw\pdraw_spiral\test\healthy\V08HE01.png,0,0.438468,0
pdraw_spiral,vgg16,jpeg_compression,3,C:\Users\ramti\Desktop\ramtin legion pc\article_project\data\raw\pdraw_spiral\test\healthy\V09HE01.png,0,0.441281,0
pdraw_spiral,vgg16,jpeg_compression,3,C:\Users\ramti\Desktop\ramtin legion pc\article_project\data\raw\pdraw_spiral\test\healthy\V10HE01.png,0,0.445068,0
pdraw_spiral,vgg16,jpeg_compression,3,C:\Users\ramti\Desktop\ramtin legion pc\article_project\data\raw\pdraw_spiral\test\healthy\V11HE01.png,0,0.445889,0
pdraw_spiral,vgg16,jpeg_compression,3,C:\Users\ramti\Desktop\ramtin legion pc\article_project\data\raw\pdraw_spiral\test\healthy\V55HE12.png,0,0.418207,0
pdraw_spiral,vgg16,jpeg_compression,3,C:\Users\ramti\Desktop\ramtin legion pc\article_project\data\raw\pdraw_spiral\test\healthy\V55HE13.png,0,0.430905,0
pdraw_spiral,vgg16,jpeg_compression,3,C:\Users\ramti\Desktop\ramtin legion pc\article_project\data\raw\pdraw_spiral\test\healthy\V55HE14.png,0,0.429629,0
pdraw_spiral,vgg16,jpeg_compression,3,C:\Users\ramti\Desktop\ramtin legion pc\article_project\data\raw\pdraw_spiral\test\healthy\V55HE15.png,0,0.441825,0
pdraw_spiral,vgg16,jpeg_compression,3,C:\Users\ramti\Desktop\ramtin legion pc\article_project\data\raw\pdraw_spiral\test\parkinson\V01PE01.png,1,0.452455,0
pdraw_spiral,vgg16,jpeg_compression,3,C:\Users\ramti\Desktop\ramtin legion pc\article_project\data\raw\pdraw_spiral\test\parkinson\V02PE01.png,1,0.485679,0
pdraw_spiral,vgg16,jpeg_compression,3,C:\Users\ramti\Desktop\ramtin legion pc\article_project\data\raw\pdraw_spiral\test\parkinson\V03PE01.png,1,0.533489,1
pdraw_spiral,vgg16,jpeg_compression,3,C:\Users\ramti\Desktop\ramtin legion pc\article_project\data\raw\pdraw_spiral\test\parkinson\V03PE04.png,1,0.553319,1
pdraw_spiral,vgg16,jpeg_compression,3,C:\Users\ramti\Desktop\ramtin legion pc\article_project\data\raw\pdraw_spiral\test\parkinson\V03PE07.png,1,0.530793,1
pdraw_spiral,vgg16,jpeg_compression,3,C:\Users\ramti\Desktop\ramtin legion pc\article_project\data\raw\pdraw_spiral\test\parkinson\V04PE01.png,1,0.493004,0
pdraw_spiral,vgg16,jpeg_compression,3,C:\Users\ramti\Desktop\ramtin legion pc\article_project\data\raw\pdraw_spiral\test\parkinson\V05PE01.png,1,0.535484,1
pdraw_spiral,vgg16,jpeg_compression,3,C:\Users\ramti\Desktop\ramtin legion pc\article_project\data\raw\pdraw_spiral\test\parkinson\V06PE01.png,1,0.458096,0
pdraw_spiral,vgg16,jpeg_compression,3,C:\Users\ramti\Desktop\ramtin legion pc\article_project\data\raw\pdraw_spiral\test\parkinson\V07PE01.png,1,0.513258,1
pdraw_spiral,vgg16,jpeg_compression,3,C:\Users\ramti\Desktop\ramtin legion pc\article_project\data\raw\pdraw_spiral\test\parkinson\V08PE01.png,1,0.409781,0
pdraw_spiral,vgg16,jpeg_compression,3,C:\Users\ramti\Desktop\ramtin legion pc\article_project\data\raw\pdraw_spiral\test\parkinson\V09PE01.png,1,0.474343,0
pdraw_spiral,vgg16,jpeg_compression,3,C:\Users\ramti\Desktop\ramtin legion pc\article_project\data\raw\pdraw_spiral\test\parkinson\V10PE03.png,1,0.451850,0
pdraw_spiral,vgg16,jpeg_compression,3,C:\Users\ramti\Desktop\ramtin legion pc\article_project\data\raw\pdraw_spiral\test\parkinson\V11PE03.png,1,0.446288,0
pdraw_spiral,vgg16,jpeg_compression,3,C:\Users\ramti\Desktop\ramtin legion pc\article_project\data\raw\pdraw_spiral\test\parkinson\V14PE03.png,1,0.496793,0
pdraw_spiral,vgg16,jpeg_compression,3,C:\Users\ramti\Desktop\ramtin legion pc\article_project\data\raw\pdraw_spiral\test\parkinson\V15PE01.png,1,0.447877,0
pdraw_spiral,vgg16,jpeg_compression,4,C:\Users\ramti\Desktop\ramtin legion pc\article_project\data\raw\pdraw_spiral\test\healthy\V01HE01.png,0,0.455230,0
pdraw_spiral,vgg16,jpeg_compression,4,C:\Users\ramti\Desktop\ramtin legion pc\article_project\data\raw\pdraw_spiral\test\healthy\V02HE01.png,0,0.487741,0
pdraw_spiral,vgg16,jpeg_compression,4,C:\Users\ramti\Desktop\ramtin legion pc\article_project\data\raw\pdraw_spiral\test\healthy\V03HE1.png,0,0.425141,0
pdraw_spiral,vgg16,jpeg_compression,4,C:\Users\ramti\Desktop\ramtin legion pc\article_project\data\raw\pdraw_spiral\test\healthy\V04HE01.png,0,0.434667,0
pdraw_spiral,vgg16,jpeg_compression,4,C:\Users\ramti\Desktop\ramtin legion pc\article_project\data\raw\pdraw_spiral\test\healthy\V05HE01.png,0,0.450981,0
pdraw_spiral,vgg16,jpeg_compression,4,C:\Users\ramti\Desktop\ramtin legion pc\article_project\data\raw\pdraw_spiral\test\healthy\V06HE01.png,0,0.439853,0
pdraw_spiral,vgg16,jpeg_compression,4,C:\Users\ramti\Desktop\ramtin legion pc\article_project\data\raw\pdraw_spiral\test\healthy\V07HE01.png,0,0.450746,0
pdraw_spiral,vgg16,jpeg_compression,4,C:\Users\ramti\Desktop\ramtin legion pc\article_project\data\raw\pdraw_spiral\test\healthy\V08HE01.png,0,0.440578,0
pdraw_spiral,vgg16,jpeg_compression,4,C:\Users\ramti\Desktop\ramtin legion pc\article_project\data\raw\pdraw_spiral\test\healthy\V09HE01.png,0,0.455264,0
pdraw_spiral,vgg16,jpeg_compression,4,C:\Users\ramti\Desktop\ramtin legion pc\article_project\data\raw\pdraw_spiral\test\healthy\V10HE01.png,0,0.438402,0
pdraw_spiral,vgg16,jpeg_compression,4,C:\Users\ramti\Desktop\ramtin legion pc\article_project\data\raw\pdraw_spiral\test\healthy\V11HE01.png,0,0.454898,0
pdraw_spiral,vgg16,jpeg_compression,4,C:\Users\ramti\Desktop\ramtin legion pc\article_project\data\raw\pdraw_spiral\test\healthy\V55HE12.png,0,0.424244,0
pdraw_spiral,vgg16,jpeg_compression,4,C:\Users\ramti\Desktop\ramtin legion pc\article_project\data\raw\pdraw_spiral\test\healthy\V55HE13.png,0,0.441967,0
pdraw_spiral,vgg16,jpeg_compression,4,C:\Users\ramti\Desktop\ramtin legion pc\article_project\data\raw\pdraw_spiral\test\healthy\V55HE14.png,0,0.431028,0
pdraw_spiral,vgg16,jpeg_compression,4,C:\Users\ramti\Desktop\ramtin legion pc\article_project\data\raw\pdraw_spiral\test\healthy\V55HE15.png,0,0.442682,0
pdraw_spiral,vgg16,jpeg_compression,4,C:\Users\ramti\Desktop\ramtin legion pc\article_project\data\raw\pdraw_spiral\test\parkinson\V01PE01.png,1,0.450409,0
pdraw_spiral,vgg16,jpeg_compression,4,C:\Users\ramti\Desktop\ramtin legion pc\article_project\data\raw\pdraw_spiral\test\parkinson\V02PE01.png,1,0.485449,0
pdraw_spiral,vgg16,jpeg_compression,4,C:\Users\ramti\Desktop\ramtin legion pc\article_project\data\raw\pdraw_spiral\test\parkinson\V03PE01.png,1,0.528259,1
pdraw_spiral,vgg16,jpeg_compression,4,C:\Users\ramti\Desktop\ramtin legion pc\article_project\data\raw\pdraw_spiral\test\parkinson\V03PE04.png,1,0.549349,1
pdraw_spiral,vgg16,jpeg_compression,4,C:\Users\ramti\Desktop\ramtin legion pc\article_project\data\raw\pdraw_spiral\test\parkinson\V03PE07.png,1,0.527005,1
pdraw_spiral,vgg16,jpeg_compression,4,C:\Users\ramti\Desktop\ramtin legion pc\article_project\data\raw\pdraw_spiral\test\parkinson\V04PE01.png,1,0.497783,0
pdraw_spiral,vgg16,jpeg_compression,4,C:\Users\ramti\Desktop\ramtin legion pc\article_project\data\raw\pdraw_spiral\test\parkinson\V05PE01.png,1,0.533168,1
pdraw_spiral,vgg16,jpeg_compression,4,C:\Users\ramti\Desktop\ramtin legion pc\article_project\data\raw\pdraw_spiral\test\parkinson\V06PE01.png,1,0.462466,0
pdraw_spiral,vgg16,jpeg_compression,4,C:\Users\ramti\Desktop\ramtin legion pc\article_project\data\raw\pdraw_spiral\test\parkinson\V07PE01.png,1,0.508218,1
pdraw_spiral,vgg16,jpeg_compression,4,C:\Users\ramti\Desktop\ramtin legion pc\article_project\data\raw\pdraw_spiral\test\parkinson\V08PE01.png,1,0.416217,0
pdraw_spiral,vgg16,jpeg_compression,4,C:\Users\ramti\Desktop\ramtin legion pc\article_project\data\raw\pdraw_spiral\test\parkinson\V09PE01.png,1,0.471239,0
pdraw_spiral,vgg16,jpeg_compression,4,C:\Users\ramti\Desktop\ramtin legion pc\article_project\data\raw\pdraw_spiral\test\parkinson\V10PE03.png,1,0.457239,0
pdraw_spiral,vgg16,jpeg_compression,4,C:\Users\ramti\Desktop\ramtin legion pc\article_project\data\raw\pdraw_spiral\test\parkinson\V11PE03.png,1,0.454501,0
pdraw_spiral,vgg16,jpeg_compression,4,C:\Users\ramti\Desktop\ramtin legion pc\article_project\data\raw\pdraw_spiral\test\parkinson\V14PE03.png,1,0.499842,0
pdraw_spiral,vgg16,jpeg_compression,4,C:\Users\ramti\Desktop\ramtin legion pc\article_project\data\raw\pdraw_spiral\test\parkinson\V15PE01.png,1,0.457527,0
pdraw_spiral,vgg16,jpeg_compression,5,C:\Users\ramti\Desktop\ramtin legion pc\article_project\data\raw\pdraw_spiral\test\healthy\V01HE01.png,0,0.457153,0
pdraw_spiral,vgg16,jpeg_compression,5,C:\Users\ramti\Desktop\ramtin legion pc\article_project\data\raw\pdraw_spiral\test\healthy\V02HE01.png,0,0.484583,0
pdraw_spiral,vgg16,jpeg_compression,5,C:\Users\ramti\Desktop\ramtin legion pc\article_project\data\raw\pdraw_spiral\test\healthy\V03HE1.png,0,0.442589,0
pdraw_spiral,vgg16,jpeg_compression,5,C:\Users\ramti\Desktop\ramtin legion pc\article_project\data\raw\pdraw_spiral\test\healthy\V04HE01.png,0,0.445761,0
pdraw_spiral,vgg16,jpeg_compression,5,C:\Users\ramti\Desktop\ramtin legion pc\article_project\data\raw\pdraw_spiral\test\healthy\V05HE01.png,0,0.467767,0
pdraw_spiral,vgg16,jpeg_compression,5,C:\Users\ramti\Desktop\ramtin legion pc\article_project\data\raw\pdraw_spiral\test\healthy\V06HE01.png,0,0.458248,0
pdraw_spiral,vgg16,jpeg_compression,5,C:\Users\ramti\Desktop\ramtin legion pc\article_project\data\raw\pdraw_spiral\test\healthy\V07HE01.png,0,0.454123,0
pdraw_spiral,vgg16,jpeg_compression,5,C:\Users\ramti\Desktop\ramtin legion pc\article_project\data\raw\pdraw_spiral\test\healthy\V08HE01.png,0,0.441845,0
pdraw_spiral,vgg16,jpeg_compression,5,C:\Users\ramti\Desktop\ramtin legion pc\article_project\data\raw\pdraw_spiral\test\healthy\V09HE01.png,0,0.464661,0
pdraw_spiral,vgg16,jpeg_compression,5,C:\Users\ramti\Desktop\ramtin legion pc\article_project\data\raw\pdraw_spiral\test\healthy\V10HE01.png,0,0.454737,0
pdraw_spiral,vgg16,jpeg_compression,5,C:\Users\ramti\Desktop\ramtin legion pc\article_project\data\raw\pdraw_spiral\test\healthy\V11HE01.png,0,0.462711,0
pdraw_spiral,vgg16,jpeg_compression,5,C:\Users\ramti\Desktop\ramtin legion pc\article_project\data\raw\pdraw_spiral\test\healthy\V55HE12.png,0,0.440336,0
pdraw_spiral,vgg16,jpeg_compression,5,C:\Users\ramti\Desktop\ramtin legion pc\article_project\data\raw\pdraw_spiral\test\healthy\V55HE13.png,0,0.450265,0
pdraw_spiral,vgg16,jpeg_compression,5,C:\Users\ramti\Desktop\ramtin legion pc\article_project\data\raw\pdraw_spiral\test\healthy\V55HE14.png,0,0.440574,0
pdraw_spiral,vgg16,jpeg_compression,5,C:\Users\ramti\Desktop\ramtin legion pc\article_project\data\raw\pdraw_spiral\test\healthy\V55HE15.png,0,0.452757,0
pdraw_spiral,vgg16,jpeg_compression,5,C:\Users\ramti\Desktop\ramtin legion pc\article_project\data\raw\pdraw_spiral\test\parkinson\V01PE01.png,1,0.448761,0
pdraw_spiral,vgg16,jpeg_compression,5,C:\Users\ramti\Desktop\ramtin legion pc\article_project\data\raw\pdraw_spiral\test\parkinson\V02PE01.png,1,0.510724,1
pdraw_spiral,vgg16,jpeg_compression,5,C:\Users\ramti\Desktop\ramtin legion pc\article_project\data\raw\pdraw_spiral\test\parkinson\V03PE01.png,1,0.522711,1
pdraw_spiral,vgg16,jpeg_compression,5,C:\Users\ramti\Desktop\ramtin legion pc\article_project\data\raw\pdraw_spiral\test\parkinson\V03PE04.png,1,0.526985,1
pdraw_spiral,vgg16,jpeg_compression,5,C:\Users\ramti\Desktop\ramtin legion pc\article_project\data\raw\pdraw_spiral\test\parkinson\V03PE07.png,1,0.515939,1
pdraw_spiral,vgg16,jpeg_compression,5,C:\Users\ramti\Desktop\ramtin legion pc\article_project\data\raw\pdraw_spiral\test\parkinson\V04PE01.png,1,0.517836,1
pdraw_spiral,vgg16,jpeg_compression,5,C:\Users\ramti\Desktop\ramtin legion pc\article_project\data\raw\pdraw_spiral\test\parkinson\V05PE01.png,1,0.506921,1
pdraw_spiral,vgg16,jpeg_compression,5,C:\Users\ramti\Desktop\ramtin legion pc\article_project\data\raw\pdraw_spiral\test\parkinson\V06PE01.png,1,0.469823,0
pdraw_spiral,vgg16,jpeg_compression,5,C:\Users\ramti\Desktop\ramtin legion pc\article_project\data\raw\pdraw_spiral\test\parkinson\V07PE01.png,1,0.513057,1
pdraw_spiral,vgg16,jpeg_compression,5,C:\Users\ramti\Desktop\ramtin legion pc\article_project\data\raw\pdraw_spiral\test\parkinson\V08PE01.png,1,0.438469,0
pdraw_spiral,vgg16,jpeg_compression,5,C:\Users\ramti\Desktop\ramtin legion pc\article_project\data\raw\pdraw_spiral\test\parkinson\V09PE01.png,1,0.503320,1
pdraw_spiral,vgg16,jpeg_compression,5,C:\Users\ramti\Desktop\ramtin legion pc\article_project\data\raw\pdraw_spiral\test\parkinson\V10PE03.png,1,0.483796,0
pdraw_spiral,vgg16,jpeg_compression,5,C:\Users\ramti\Desktop\ramtin legion pc\article_project\data\raw\pdraw_spiral\test\parkinson\V11PE03.png,1,0.473293,0
pdraw_spiral,vgg16,jpeg_compression,5,C:\Users\ramti\Desktop\ramtin legion pc\article_project\data\raw\pdraw_spiral\test\parkinson\V14PE03.png,1,0.506113,1
pdraw_spiral,vgg16,jpeg_compression,5,C:\Users\ramti\Desktop\ramtin legion pc\article_project\data\raw\pdraw_spiral\test\parkinson\V15PE01.png,1,0.466507,0
pdraw_spiral,vgg16,gaussian_blur,1,C:\Users\ramti\Desktop\ramtin legion pc\article_project\data\raw\pdraw_spiral\test\healthy\V01HE01.png,0,0.431433,0
pdraw_spiral,vgg16,gaussian_blur,1,C:\Users\ramti\Desktop\ramtin legion pc\article_project\data\raw\pdraw_spiral\test\healthy\V02HE01.png,0,0.488806,0
pdraw_spiral,vgg16,gaussian_blur,1,C:\Users\ramti\Desktop\ramtin legion pc\article_project\data\raw\pdraw_spiral\test\healthy\V03HE1.png,0,0.435626,0
pdraw_spiral,vgg16,gaussian_blur,1,C:\Users\ramti\Desktop\ramtin legion pc\article_project\data\raw\pdraw_spiral\test\healthy\V04HE01.png,0,0.429172,0
pdraw_spiral,vgg16,gaussian_blur,1,C:\Users\ramti\Desktop\ramtin legion pc\article_project\data\raw\pdraw_spiral\test\healthy\V05HE01.png,0,0.451974,0
pdraw_spiral,vgg16,gaussian_blur,1,C:\Users\ramti\Desktop\ramtin legion pc\article_project\data\raw\pdraw_spiral\test\healthy\V06HE01.png,0,0.436002,0
pdraw_spiral,vgg16,gaussian_blur,1,C:\Users\ramti\Desktop\ramtin legion pc\article_project\data\raw\pdraw_spiral\test\healthy\V07HE01.png,0,0.435559,0
pdraw_spiral,vgg16,gaussian_blur,1,C:\Users\ramti\Desktop\ramtin legion pc\article_project\data\raw\pdraw_spiral\test\healthy\V08HE01.png,0,0.418841,0
pdraw_spiral,vgg16,gaussian_blur,1,C:\Users\ramti\Desktop\ramtin legion pc\article_project\data\raw\pdraw_spiral\test\healthy\V09HE01.png,0,0.428089,0
pdraw_spiral,vgg16,gaussian_blur,1,C:\Users\ramti\Desktop\ramtin legion pc\article_project\data\raw\pdraw_spiral\test\healthy\V10HE01.png,0,0.438338,0
pdraw_spiral,vgg16,gaussian_blur,1,C:\Users\ramti\Desktop\ramtin legion pc\article_project\data\raw\pdraw_spiral\test\healthy\V11HE01.png,0,0.456689,0
pdraw_spiral,vgg16,gaussian_blur,1,C:\Users\ramti\Desktop\ramtin legion pc\article_project\data\raw\pdraw_spiral\test\healthy\V55HE12.png,0,0.428488,0
pdraw_spiral,vgg16,gaussian_blur,1,C:\Users\ramti\Desktop\ramtin legion pc\article_project\data\raw\pdraw_spiral\test\healthy\V55HE13.png,0,0.427369,0
pdraw_spiral,vgg16,gaussian_blur,1,C:\Users\ramti\Desktop\ramtin legion pc\article_project\data\raw\pdraw_spiral\test\healthy\V55HE14.png,0,0.431273,0
pdraw_spiral,vgg16,gaussian_blur,1,C:\Users\ramti\Desktop\ramtin legion pc\article_project\data\raw\pdraw_spiral\test\healthy\V55HE15.png,0,0.434680,0
pdraw_spiral,vgg16,gaussian_blur,1,C:\Users\ramti\Desktop\ramtin legion pc\article_project\data\raw\pdraw_spiral\test\parkinson\V01PE01.png,1,0.442436,0
pdraw_spiral,vgg16,gaussian_blur,1,C:\Users\ramti\Desktop\ramtin legion pc\article_project\data\raw\pdraw_spiral\test\parkinson\V02PE01.png,1,0.497349,0
pdraw_spiral,vgg16,gaussian_blur,1,C:\Users\ramti\Desktop\ramtin legion pc\article_project\data\raw\pdraw_spiral\test\parkinson\V03PE01.png,1,0.542308,1
pdraw_spiral,vgg16,gaussian_blur,1,C:\Users\ramti\Desktop\ramtin legion pc\article_project\data\raw\pdraw_spiral\test\parkinson\V03PE04.png,1,0.570188,1
pdraw_spiral,vgg16,gaussian_blur,1,C:\Users\ramti\Desktop\ramtin legion pc\article_project\data\raw\pdraw_spiral\test\parkinson\V03PE07.png,1,0.545121,1
pdraw_spiral,vgg16,gaussian_blur,1,C:\Users\ramti\Desktop\ramtin legion pc\article_project\data\raw\pdraw_spiral\test\parkinson\V04PE01.png,1,0.504209,1
pdraw_spiral,vgg16,gaussian_blur,1,C:\Users\ramti\Desktop\ramtin legion pc\article_project\data\raw\pdraw_spiral\test\parkinson\V05PE01.png,1,0.540583,1
pdraw_spiral,vgg16,gaussian_blur,1,C:\Users\ramti\Desktop\ramtin legion pc\article_project\data\raw\pdraw_spiral\test\parkinson\V06PE01.png,1,0.451361,0
pdraw_spiral,vgg16,gaussian_blur,1,C:\Users\ramti\Desktop\ramtin legion pc\article_project\data\raw\pdraw_spiral\test\parkinson\V07PE01.png,1,0.524692,1
pdraw_spiral,vgg16,gaussian_blur,1,C:\Users\ramti\Desktop\ramtin legion pc\article_project\data\raw\pdraw_spiral\test\parkinson\V08PE01.png,1,0.418873,0
pdraw_spiral,vgg16,gaussian_blur,1,C:\Users\ramti\Desktop\ramtin legion pc\article_project\data\raw\pdraw_spiral\test\parkinson\V09PE01.png,1,0.470522,0
pdraw_spiral,vgg16,gaussian_blur,1,C:\Users\ramti\Desktop\ramtin legion pc\article_project\data\raw\pdraw_spiral\test\parkinson\V10PE03.png,1,0.448586,0
pdraw_spiral,vgg16,gaussian_blur,1,C:\Users\ramti\Desktop\ramtin legion pc\article_project\data\raw\pdraw_spiral\test\parkinson\V11PE03.png,1,0.443602,0
pdraw_spiral,vgg16,gaussian_blur,1,C:\Users\ramti\Desktop\ramtin legion pc\article_project\data\raw\pdraw_spiral\test\parkinson\V14PE03.png,1,0.498679,0
pdraw_spiral,vgg16,gaussian_blur,1,C:\Users\ramti\Desktop\ramtin legion pc\article_project\data\raw\pdraw_spiral\test\parkinson\V15PE01.png,1,0.435769,0
pdraw_spiral,vgg16,gaussian_blur,2,C:\Users\ramti\Desktop\ramtin legion pc\article_project\data\raw\pdraw_spiral\test\healthy\V01HE01.png,0,0.433193,0
pdraw_spiral,vgg16,gaussian_blur,2,C:\Users\ramti\Desktop\ramtin legion pc\article_project\data\raw\pdraw_spiral\test\healthy\V02HE01.png,0,0.482227,0
pdraw_spiral,vgg16,gaussian_blur,2,C:\Users\ramti\Desktop\ramtin legion pc\article_project\data\raw\pdraw_spiral\test\healthy\V03HE1.png,0,0.431271,0
pdraw_spiral,vgg16,gaussian_blur,2,C:\Users\ramti\Desktop\ramtin legion pc\article_project\data\raw\pdraw_spiral\test\healthy\V04HE01.png,0,0.433093,0
pdraw_spiral,vgg16,gaussian_blur,2,C:\Users\ramti\Desktop\ramtin legion pc\article_project\data\raw\pdraw_spiral\test\healthy\V05HE01.png,0,0.452529,0
pdraw_spiral,vgg16,gaussian_blur,2,C:\Users\ramti\Desktop\ramtin legion pc\article_project\data\raw\pdraw_spiral\test\healthy\V06HE01.png,0,0.439158,0
pdraw_spiral,vgg16,gaussian_blur,2,C:\Users\ramti\Desktop\ramtin legion pc\article_project\data\raw\pdraw_spiral\test\healthy\V07HE01.png,0,0.442868,0
pdraw_spiral,vgg16,gaussian_blur,2,C:\Users\ramti\Desktop\ramtin legion pc\article_project\data\raw\pdraw_spiral\test\healthy\V08HE01.png,0,0.421321,0
pdraw_spiral,vgg16,gaussian_blur,2,C:\Users\ramti\Desktop\ramtin legion pc\article_project\data\raw\pdraw_spiral\test\healthy\V09HE01.png,0,0.428963,0
pdraw_spiral,vgg16,gaussian_blur,2,C:\Users\ramti\Desktop\ramtin legion pc\article_project\data\raw\pdraw_spiral\test\healthy\V10HE01.png,0,0.438787,0
pdraw_spiral,vgg16,gaussian_blur,2,C:\Users\ramti\Desktop\ramtin legion pc\article_project\data\raw\pdraw_spiral\test\healthy\V11HE01.png,0,0.454907,0
pdraw_spiral,vgg16,gaussian_blur,2,C:\Users\ramti\Desktop\ramtin legion pc\article_project\data\raw\pdraw_spiral\test\healthy\V55HE12.png,0,0.429163,0
pdraw_spiral,vgg16,gaussian_blur,2,C:\Users\ramti\Desktop\ramtin legion pc\article_project\data\raw\pdraw_spiral\test\healthy\V55HE13.png,0,0.432234,0
pdraw_spiral,vgg16,gaussian_blur,2,C:\Users\ramti\Desktop\ramtin legion pc\article_project\data\raw\pdraw_spiral\test\healthy\V55HE14.png,0,0.429054,0
pdraw_spiral,vgg16,gaussian_blur,2,C:\Users\ramti\Desktop\ramtin legion pc\article_project\data\raw\pdraw_spiral\test\healthy\V55HE15.png,0,0.433385,0
pdraw_spiral,vgg16,gaussian_blur,2,C:\Users\ramti\Desktop\ramtin legion pc\article_project\data\raw\pdraw_spiral\test\parkinson\V01PE01.png,1,0.447319,0
pdraw_spiral,vgg16,gaussian_blur,2,C:\Users\ramti\Desktop\ramtin legion pc\article_project\data\raw\pdraw_spiral\test\parkinson\V02PE01.png,1,0.495203,0
pdraw_spiral,vgg16,gaussian_blur,2,C:\Users\ramti\Desktop\ramtin legion pc\article_project\data\raw\pdraw_spiral\test\parkinson\V03PE01.png,1,0.538874,1
pdraw_spiral,vgg16,gaussian_blur,2,C:\Users\ramti\Desktop\ramtin legion pc\article_project\data\raw\pdraw_spiral\test\parkinson\V03PE04.png,1,0.564063,1
pdraw_spiral,vgg16,gaussian_blur,2,C:\Users\ramti\Desktop\ramtin legion pc\article_project\data\raw\pdraw_spiral\test\parkinson\V03PE07.png,1,0.540048,1
pdraw_spiral,vgg16,gaussian_blur,2,C:\Users\ramti\Desktop\ramtin legion pc\article_project\data\raw\pdraw_spiral\test\parkinson\V04PE01.png,1,0.505080,1
pdraw_spiral,vgg16,gaussian_blur,2,C:\Users\ramti\Desktop\ramtin legion pc\article_project\data\raw\pdraw_spiral\test\parkinson\V05PE01.png,1,0.541013,1
pdraw_spiral,vgg16,gaussian_blur,2,C:\Users\ramti\Desktop\ramtin legion pc\article_project\data\raw\pdraw_spiral\test\parkinson\V06PE01.png,1,0.454323,0
pdraw_spiral,vgg16,gaussian_blur,2,C:\Users\ramti\Desktop\ramtin legion pc\article_project\data\raw\pdraw_spiral\test\parkinson\V07PE01.png,1,0.520896,1
pdraw_spiral,vgg16,gaussian_blur,2,C:\Users\ramti\Desktop\ramtin legion pc\article_project\data\raw\pdraw_spiral\test\parkinson\V08PE01.png,1,0.430310,0
pdraw_spiral,vgg16,gaussian_blur,2,C:\Users\ramti\Desktop\ramtin legion pc\article_project\data\raw\pdraw_spiral\test\parkinson\V09PE01.png,1,0.471265,0
pdraw_spiral,vgg16,gaussian_blur,2,C:\Users\ramti\Desktop\ramtin legion pc\article_project\data\raw\pdraw_spiral\test\parkinson\V10PE03.png,1,0.448411,0
pdraw_spiral,vgg16,gaussian_blur,2,C:\Users\ramti\Desktop\ramtin legion pc\article_project\data\raw\pdraw_spiral\test\parkinson\V11PE03.png,1,0.441683,0
pdraw_spiral,vgg16,gaussian_blur,2,C:\Users\ramti\Desktop\ramtin legion pc\article_project\data\raw\pdraw_spiral\test\parkinson\V14PE03.png,1,0.498270,0
pdraw_spiral,vgg16,gaussian_blur,2,C:\Users\ramti\Desktop\ramtin legion pc\article_project\data\raw\pdraw_spiral\test\parkinson\V15PE01.png,1,0.441800,0
pdraw_spiral,vgg16,gaussian_blur,3,C:\Users\ramti\Desktop\ramtin legion pc\article_project\data\raw\pdraw_spiral\test\healthy\V01HE01.png,0,0.443564,0
pdraw_spiral,vgg16,gaussian_blur,3,C:\Users\ramti\Desktop\ramtin legion pc\article_project\data\raw\pdraw_spiral\test\healthy\V02HE01.png,0,0.482678,0
pdraw_spiral,vgg16,gaussian_blur,3,C:\Users\ramti\Desktop\ramtin legion pc\article_project\data\raw\pdraw_spiral\test\healthy\V03HE1.png,0,0.439233,0
pdraw_spiral,vgg16,gaussian_blur,3,C:\Users\ramti\Desktop\ramtin legion pc\article_project\data\raw\pdraw_spiral\test\healthy\V04HE01.png,0,0.444122,0
pdraw_spiral,vgg16,gaussian_blur,3,C:\Users\ramti\Desktop\ramtin legion pc\article_project\data\raw\pdraw_spiral\test\healthy\V05HE01.png,0,0.450846,0
pdraw_spiral,vgg16,gaussian_blur,3,C:\Users\ramti\Desktop\ramtin legion pc\article_project\data\raw\pdraw_spiral\test\healthy\V06HE01.png,0,0.445553,0
pdraw_spiral,vgg16,gaussian_blur,3,C:\Users\ramti\Desktop\ramtin legion pc\article_project\data\raw\pdraw_spiral\test\healthy\V07HE01.png,0,0.451416,0
pdraw_spiral,vgg16,gaussian_blur,3,C:\Users\ramti\Desktop\ramtin legion pc\article_project\data\raw\pdraw_spiral\test\healthy\V08HE01.png,0,0.429691,0
pdraw_spiral,vgg16,gaussian_blur,3,C:\Users\ramti\Desktop\ramtin legion pc\article_project\data\raw\pdraw_spiral\test\healthy\V09HE01.png,0,0.441186,0
pdraw_spiral,vgg16,gaussian_blur,3,C:\Users\ramti\Desktop\ramtin legion pc\article_project\data\raw\pdraw_spiral\test\healthy\V10HE01.png,0,0.444713,0
pdraw_spiral,vgg16,gaussian_blur,3,C:\Users\ramti\Desktop\ramtin legion pc\article_project\data\raw\pdraw_spiral\test\healthy\V11HE01.png,0,0.455787,0
pdraw_spiral,vgg16,gaussian_blur,3,C:\Users\ramti\Desktop\ramtin legion pc\article_project\data\raw\pdraw_spiral\test\healthy\V55HE12.png,0,0.436906,0
pdraw_spiral,vgg16,gaussian_blur,3,C:\Users\ramti\Desktop\ramtin legion pc\article_project\data\raw\pdraw_spiral\test\healthy\V55HE13.png,0,0.442272,0
pdraw_spiral,vgg16,gaussian_blur,3,C:\Users\ramti\Desktop\ramtin legion pc\article_project\data\raw\pdraw_spiral\test\healthy\V55HE14.png,0,0.432851,0
pdraw_spiral,vgg16,gaussian_blur,3,C:\Users\ramti\Desktop\ramtin legion pc\article_project\data\raw\pdraw_spiral\test\healthy\V55HE15.png,0,0.438137,0
pdraw_spiral,vgg16,gaussian_blur,3,C:\Users\ramti\Desktop\ramtin legion pc\article_project\data\raw\pdraw_spiral\test\parkinson\V01PE01.png,1,0.456373,0
pdraw_spiral,vgg16,gaussian_blur,3,C:\Users\ramti\Desktop\ramtin legion pc\article_project\data\raw\pdraw_spiral\test\parkinson\V02PE01.png,1,0.491407,0
pdraw_spiral,vgg16,gaussian_blur,3,C:\Users\ramti\Desktop\ramtin legion pc\article_project\data\raw\pdraw_spiral\test\parkinson\V03PE01.png,1,0.532790,1
pdraw_spiral,vgg16,gaussian_blur,3,C:\Users\ramti\Desktop\ramtin legion pc\article_project\data\raw\pdraw_spiral\test\parkinson\V03PE04.png,1,0.553314,1
pdraw_spiral,vgg16,gaussian_blur,3,C:\Users\ramti\Desktop\ramtin legion pc\article_project\data\raw\pdraw_spiral\test\parkinson\V03PE07.png,1,0.533779,1
pdraw_spiral,vgg16,gaussian_blur,3,C:\Users\ramti\Desktop\ramtin legion pc\article_project\data\raw\pdraw_spiral\test\parkinson\V04PE01.png,1,0.500108,1
pdraw_spiral,vgg16,gaussian_blur,3,C:\Users\ramti\Desktop\ramtin legion pc\article_project\data\raw\pdraw_spiral\test\parkinson\V05PE01.png,1,0.532308,1
pdraw_spiral,vgg16,gaussian_blur,3,C:\Users\ramti\Desktop\ramtin legion pc\article_project\data\raw\pdraw_spiral\test\parkinson\V06PE01.png,1,0.466174,0
pdraw_spiral,vgg16,gaussian_blur,3,C:\Users\ramti\Desktop\ramtin legion pc\article_project\data\raw\pdraw_spiral\test\parkinson\V07PE01.png,1,0.512880,1
pdraw_spiral,vgg16,gaussian_blur,3,C:\Users\ramti\Desktop\ramtin legion pc\article_project\data\raw\pdraw_spiral\test\parkinson\V08PE01.png,1,0.441370,0
pdraw_spiral,vgg16,gaussian_blur,3,C:\Users\ramti\Desktop\ramtin legion pc\article_project\data\raw\pdraw_spiral\test\parkinson\V09PE01.png,1,0.475992,0
pdraw_spiral,vgg16,gaussian_blur,3,C:\Users\ramti\Desktop\ramtin legion pc\article_project\data\raw\pdraw_spiral\test\parkinson\V10PE03.png,1,0.450213,0
pdraw_spiral,vgg16,gaussian_blur,3,C:\Users\ramti\Desktop\ramtin legion pc\article_project\data\raw\pdraw_spiral\test\parkinson\V11PE03.png,1,0.448740,0
pdraw_spiral,vgg16,gaussian_blur,3,C:\Users\ramti\Desktop\ramtin legion pc\article_project\data\raw\pdraw_spiral\test\parkinson\V14PE03.png,1,0.503670,1
pdraw_spiral,vgg16,gaussian_blur,3,C:\Users\ramti\Desktop\ramtin legion pc\article_project\data\raw\pdraw_spiral\test\parkinson\V15PE01.png,1,0.455165,0
pdraw_spiral,vgg16,gaussian_blur,4,C:\Users\ramti\Desktop\ramtin legion pc\article_project\data\raw\pdraw_spiral\test\healthy\V01HE01.png,0,0.448247,0
pdraw_spiral,vgg16,gaussian_blur,4,C:\Users\ramti\Desktop\ramtin legion pc\article_project\data\raw\pdraw_spiral\test\healthy\V02HE01.png,0,0.481679,0
pdraw_spiral,vgg16,gaussian_blur,4,C:\Users\ramti\Desktop\ramtin legion pc\article_project\data\raw\pdraw_spiral\test\healthy\V03HE1.png,0,0.442482,0
pdraw_spiral,vgg16,gaussian_blur,4,C:\Users\ramti\Desktop\ramtin legion pc\article_project\data\raw\pdraw_spiral\test\healthy\V04HE01.png,0,0.447944,0
pdraw_spiral,vgg16,gaussian_blur,4,C:\Users\ramti\Desktop\ramtin legion pc\article_project\data\raw\pdraw_spiral\test\healthy\V05HE01.png,0,0.451479,0
pdraw_spiral,vgg16,gaussian_blur,4,C:\Users\ramti\Desktop\ramtin legion pc\article_project\data\raw\pdraw_spiral\test\healthy\V06HE01.png,0,0.447365,0
pdraw_spiral,vgg16,gaussian_blur,4,C:\Users\ramti\Desktop\ramtin legion pc\article_project\data\raw\pdraw_spiral\test\healthy\V07HE01.png,0,0.453745,0
pdraw_spiral,vgg16,gaussian_blur,4,C:\Users\ramti\Desktop\ramtin legion pc\article_project\data\raw\pdraw_spiral\test\healthy\V08HE01.png,0,0.434740,0
pdraw_spiral,vgg16,gaussian_blur,4,C:\Users\ramti\Desktop\ramtin legion pc\article_project\data\raw\pdraw_spiral\test\healthy\V09HE01.png,0,0.445512,0
pdraw_spiral,vgg16,gaussian_blur,4,C:\Users\ramti\Desktop\ramtin legion pc\article_project\data\raw\pdraw_spiral\test\healthy\V10HE01.png,0,0.446699,0
pdraw_spiral,vgg16,gaussian_blur,4,C:\Users\ramti\Desktop\ramtin legion pc\article_project\data\raw\pdraw_spiral\test\healthy\V11HE01.png,0,0.457731,0
pdraw_spiral,vgg16,gaussian_blur,4,C:\Users\ramti\Desktop\ramtin legion pc\article_project\data\raw\pdraw_spiral\test\healthy\V55HE12.png,0,0.440630,0
pdraw_spiral,vgg16,gaussian_blur,4,C:\Users\ramti\Desktop\ramtin legion pc\article_project\data\raw\pdraw_spiral\test\healthy\V55HE13.png,0,0.445593,0
pdraw_spiral,vgg16,gaussian_blur,4,C:\Users\ramti\Desktop\ramtin legion pc\article_project\data\raw\pdraw_spiral\test\healthy\V55HE14.png,0,0.433368,0
pdraw_spiral,vgg16,gaussian_blur,4,C:\Users\ramti\Desktop\ramtin legion pc\article_project\data\raw\pdraw_spiral\test\healthy\V55HE15.png,0,0.439510,0
pdraw_spiral,vgg16,gaussian_blur,4,C:\Users\ramti\Desktop\ramtin legion pc\article_project\data\raw\pdraw_spiral\test\parkinson\V01PE01.png,1,0.459584,0
pdraw_spiral,vgg16,gaussian_blur,4,C:\Users\ramti\Desktop\ramtin legion pc\article_project\data\raw\pdraw_spiral\test\parkinson\V02PE01.png,1,0.489784,0
pdraw_spiral,vgg16,gaussian_blur,4,C:\Users\ramti\Desktop\ramtin legion pc\article_project\data\raw\pdraw_spiral\test\parkinson\V03PE01.png,1,0.528544,1
pdraw_spiral,vgg16,gaussian_blur,4,C:\Users\ramti\Desktop\ramtin legion pc\article_project\data\raw\pdraw_spiral\test\parkinson\V03PE04.png,1,0.545155,1
pdraw_spiral,vgg16,gaussian_blur,4,C:\Users\ramti\Desktop\ramtin legion pc\article_project\data\raw\pdraw_spiral\test\parkinson\V03PE07.png,1,0.529312,1
pdraw_spiral,vgg16,gaussian_blur,4,C:\Users\ramti\Desktop\ramtin legion pc\article_project\data\raw\pdraw_spiral\test\parkinson\V04PE01.png,1,0.500753,1
pdraw_spiral,vgg16,gaussian_blur,4,C:\Users\ramti\Desktop\ramtin legion pc\article_project\data\raw\pdraw_spiral\test\parkinson\V05PE01.png,1,0.524770,1
pdraw_spiral,vgg16,gaussian_blur,4,C:\Users\ramti\Desktop\ramtin legion pc\article_project\data\raw\pdraw_spiral\test\parkinson\V06PE01.png,1,0.470564,0
pdraw_spiral,vgg16,gaussian_blur,4,C:\Users\ramti\Desktop\ramtin legion pc\article_project\data\raw\pdraw_spiral\test\parkinson\V07PE01.png,1,0.508884,1
pdraw_spiral,vgg16,gaussian_blur,4,C:\Users\ramti\Desktop\ramtin legion pc\article_project\data\raw\pdraw_spiral\test\parkinson\V08PE01.png,1,0.444272,0
pdraw_spiral,vgg16,gaussian_blur,4,C:\Users\ramti\Desktop\ramtin legion pc\article_project\data\raw\pdraw_spiral\test\parkinson\V09PE01.png,1,0.477087,0
pdraw_spiral,vgg16,gaussian_blur,4,C:\Users\ramti\Desktop\ramtin legion pc\article_project\data\raw\pdraw_spiral\test\parkinson\V10PE03.png,1,0.453690,0
pdraw_spiral,vgg16,gaussian_blur,4,C:\Users\ramti\Desktop\ramtin legion pc\article_project\data\raw\pdraw_spiral\test\parkinson\V11PE03.png,1,0.455593,0
pdraw_spiral,vgg16,gaussian_blur,4,C:\Users\ramti\Desktop\ramtin legion pc\article_project\data\raw\pdraw_spiral\test\parkinson\V14PE03.png,1,0.505975,1
pdraw_spiral,vgg16,gaussian_blur,4,C:\Users\ramti\Desktop\ramtin legion pc\article_project\data\raw\pdraw_spiral\test\parkinson\V15PE01.png,1,0.460967,0
pdraw_spiral,vgg16,gaussian_blur,5,C:\Users\ramti\Desktop\ramtin legion pc\article_project\data\raw\pdraw_spiral\test\healthy\V01HE01.png,0,0.451143,0
pdraw_spiral,vgg16,gaussian_blur,5,C:\Users\ramti\Desktop\ramtin legion pc\article_project\data\raw\pdraw_spiral\test\healthy\V02HE01.png,0,0.476379,0
pdraw_spiral,vgg16,gaussian_blur,5,C:\Users\ramti\Desktop\ramtin legion pc\article_project\data\raw\pdraw_spiral\test\healthy\V03HE1.png,0,0.443050,0
pdraw_spiral,vgg16,gaussian_blur,5,C:\Users\ramti\Desktop\ramtin legion pc\article_project\data\raw\pdraw_spiral\test\healthy\V04HE01.png,0,0.448908,0
pdraw_spiral,vgg16,gaussian_blur,5,C:\Users\ramti\Desktop\ramtin legion pc\article_project\data\raw\pdraw_spiral\test\healthy\V05HE01.png,0,0.453184,0
pdraw_spiral,vgg16,gaussian_blur,5,C:\Users\ramti\Desktop\ramtin legion pc\article_project\data\raw\pdraw_spiral\test\healthy\V06HE01.png,0,0.449944,0
pdraw_spiral,vgg16,gaussian_blur,5,C:\Users\ramti\Desktop\ramtin legion pc\article_project\data\raw\pdraw_spiral\test\healthy\V07HE01.png,0,0.453515,0
pdraw_spiral,vgg16,gaussian_blur,5,C:\Users\ramti\Desktop\ramtin legion pc\article_project\data\raw\pdraw_spiral\test\healthy\V08HE01.png,0,0.438809,0
pdraw_spiral,vgg16,gaussian_blur,5,C:\Users\ramti\Desktop\ramtin legion pc\article_project\data\raw\pdraw_spiral\test\healthy\V09HE01.png,0,0.446503,0
pdraw_spiral,vgg16,gaussian_blur,5,C:\Users\ramti\Desktop\ramtin legion pc\article_project\data\raw\pdraw_spiral\test\healthy\V10HE01.png,0,0.446563,0
pdraw_spiral,vgg16,gaussian_blur,5,C:\Users\ramti\Desktop\ramtin legion pc\article_project\data\raw\pdraw_spiral\test\healthy\V11HE01.png,0,0.456107,0
pdraw_spiral,vgg16,gaussian_blur,5,C:\Users\ramti\Desktop\ramtin legion pc\article_project\data\raw\pdraw_spiral\test\healthy\V55HE12.png,0,0.440085,0
pdraw_spiral,vgg16,gaussian_blur,5,C:\Users\ramti\Desktop\ramtin legion pc\article_project\data\raw\pdraw_spiral\test\healthy\V55HE13.png,0,0.448622,0
pdraw_spiral,vgg16,gaussian_blur,5,C:\Users\ramti\Desktop\ramtin legion pc\article_project\data\raw\pdraw_spiral\test\healthy\V55HE14.png,0,0.434543,0
pdraw_spiral,vgg16,gaussian_blur,5,C:\Users\ramti\Desktop\ramtin legion pc\article_project\data\raw\pdraw_spiral\test\healthy\V55HE15.png,0,0.439818,0
pdraw_spiral,vgg16,gaussian_blur,5,C:\Users\ramti\Desktop\ramtin legion pc\article_project\data\raw\pdraw_spiral\test\parkinson\V01PE01.png,1,0.458596,0
pdraw_spiral,vgg16,gaussian_blur,5,C:\Users\ramti\Desktop\ramtin legion pc\article_project\data\raw\pdraw_spiral\test\parkinson\V02PE01.png,1,0.488907,0
pdraw_spiral,vgg16,gaussian_blur,5,C:\Users\ramti\Desktop\ramtin legion pc\article_project\data\raw\pdraw_spiral\test\parkinson\V03PE01.png,1,0.522166,1
pdraw_spiral,vgg16,gaussian_blur,5,C:\Users\ramti\Desktop\ramtin legion pc\article_project\data\raw\pdraw_spiral\test\parkinson\V03PE04.png,1,0.539455,1
pdraw_spiral,vgg16,gaussian_blur,5,C:\Users\ramti\Desktop\ramtin legion pc\article_project\data\raw\pdraw_spiral\test\parkinson\V03PE07.png,1,0.519305,1
pdraw_spiral,vgg16,gaussian_blur,5,C:\Users\ramti\Desktop\ramtin legion pc\article_project\data\raw\pdraw_spiral\test\parkinson\V04PE01.png,1,0.501610,1
pdraw_spiral,vgg16,gaussian_blur,5,C:\Users\ramti\Desktop\ramtin legion pc\article_project\data\raw\pdraw_spiral\test\parkinson\V05PE01.png,1,0.518109,1
pdraw_spiral,vgg16,gaussian_blur,5,C:\Users\ramti\Desktop\ramtin legion pc\article_project\data\raw\pdraw_spiral\test\parkinson\V06PE01.png,1,0.469982,0
pdraw_spiral,vgg16,gaussian_blur,5,C:\Users\ramti\Desktop\ramtin legion pc\article_project\data\raw\pdraw_spiral\test\parkinson\V07PE01.png,1,0.505748,1
pdraw_spiral,vgg16,gaussian_blur,5,C:\Users\ramti\Desktop\ramtin legion pc\article_project\data\raw\pdraw_spiral\test\parkinson\V08PE01.png,1,0.446615,0
pdraw_spiral,vgg16,gaussian_blur,5,C:\Users\ramti\Desktop\ramtin legion pc\article_project\data\raw\pdraw_spiral\test\parkinson\V09PE01.png,1,0.476013,0
pdraw_spiral,vgg16,gaussian_blur,5,C:\Users\ramti\Desktop\ramtin legion pc\article_project\data\raw\pdraw_spiral\test\parkinson\V10PE03.png,1,0.456896,0
pdraw_spiral,vgg16,gaussian_blur,5,C:\Users\ramti\Desktop\ramtin legion pc\article_project\data\raw\pdraw_spiral\test\parkinson\V11PE03.png,1,0.457870,0
pdraw_spiral,vgg16,gaussian_blur,5,C:\Users\ramti\Desktop\ramtin legion pc\article_project\data\raw\pdraw_spiral\test\parkinson\V14PE03.png,1,0.508026,1
pdraw_spiral,vgg16,gaussian_blur,5,C:\Users\ramti\Desktop\ramtin legion pc\article_project\data\raw\pdraw_spiral\test\parkinson\V15PE01.png,1,0.464973,0
pdraw_spiral,vgg16,gaussian_noise,1,C:\Users\ramti\Desktop\ramtin legion pc\article_project\data\raw\pdraw_spiral\test\healthy\V01HE01.png,0,0.417357,0
pdraw_spiral,vgg16,gaussian_noise,1,C:\Users\ramti\Desktop\ramtin legion pc\article_project\data\raw\pdraw_spiral\test\healthy\V02HE01.png,0,0.491182,0
pdraw_spiral,vgg16,gaussian_noise,1,C:\Users\ramti\Desktop\ramtin legion pc\article_project\data\raw\pdraw_spiral\test\healthy\V03HE1.png,0,0.422476,0
pdraw_spiral,vgg16,gaussian_noise,1,C:\Users\ramti\Desktop\ramtin legion pc\article_project\data\raw\pdraw_spiral\test\healthy\V04HE01.png,0,0.423128,0
pdraw_spiral,vgg16,gaussian_noise,1,C:\Users\ramti\Desktop\ramtin legion pc\article_project\data\raw\pdraw_spiral\test\healthy\V05HE01.png,0,0.450118,0
pdraw_spiral,vgg16,gaussian_noise,1,C:\Users\ramti\Desktop\ramtin legion pc\article_project\data\raw\pdraw_spiral\test\healthy\V06HE01.png,0,0.420992,0
pdraw_spiral,vgg16,gaussian_noise,1,C:\Users\ramti\Desktop\ramtin legion pc\article_project\data\raw\pdraw_spiral\test\healthy\V07HE01.png,0,0.428144,0
pdraw_spiral,vgg16,gaussian_noise,1,C:\Users\ramti\Desktop\ramtin legion pc\article_project\data\raw\pdraw_spiral\test\healthy\V08HE01.png,0,0.412153,0
pdraw_spiral,vgg16,gaussian_noise,1,C:\Users\ramti\Desktop\ramtin legion pc\article_project\data\raw\pdraw_spiral\test\healthy\V09HE01.png,0,0.419939,0
pdraw_spiral,vgg16,gaussian_noise,1,C:\Users\ramti\Desktop\ramtin legion pc\article_project\data\raw\pdraw_spiral\test\healthy\V10HE01.png,0,0.423129,0
pdraw_spiral,vgg16,gaussian_noise,1,C:\Users\ramti\Desktop\ramtin legion pc\article_project\data\raw\pdraw_spiral\test\healthy\V11HE01.png,0,0.438514,0
pdraw_spiral,vgg16,gaussian_noise,1,C:\Users\ramti\Desktop\ramtin legion pc\article_project\data\raw\pdraw_spiral\test\healthy\V55HE12.png,0,0.421409,0
pdraw_spiral,vgg16,gaussian_noise,1,C:\Users\ramti\Desktop\ramtin legion pc\article_project\data\raw\pdraw_spiral\test\healthy\V55HE13.png,0,0.404331,0
pdraw_spiral,vgg16,gaussian_noise,1,C:\Users\ramti\Desktop\ramtin legion pc\article_project\data\raw\pdraw_spiral\test\healthy\V55HE14.png,0,0.426471,0
pdraw_spiral,vgg16,gaussian_noise,1,C:\Users\ramti\Desktop\ramtin legion pc\article_project\data\raw\pdraw_spiral\test\healthy\V55HE15.png,0,0.436004,0
pdraw_spiral,vgg16,gaussian_noise,1,C:\Users\ramti\Desktop\ramtin legion pc\article_project\data\raw\pdraw_spiral\test\parkinson\V01PE01.png,1,0.433647,0
pdraw_spiral,vgg16,gaussian_noise,1,C:\Users\ramti\Desktop\ramtin legion pc\article_project\data\raw\pdraw_spiral\test\parkinson\V02PE01.png,1,0.491555,0
pdraw_spiral,vgg16,gaussian_noise,1,C:\Users\ramti\Desktop\ramtin legion pc\article_project\data\raw\pdraw_spiral\test\parkinson\V03PE01.png,1,0.525325,1
pdraw_spiral,vgg16,gaussian_noise,1,C:\Users\ramti\Desktop\ramtin legion pc\article_project\data\raw\pdraw_spiral\test\parkinson\V03PE04.png,1,0.563112,1
pdraw_spiral,vgg16,gaussian_noise,1,C:\Users\ramti\Desktop\ramtin legion pc\article_project\data\raw\pdraw_spiral\test\parkinson\V03PE07.png,1,0.540276,1
pdraw_spiral,vgg16,gaussian_noise,1,C:\Users\ramti\Desktop\ramtin legion pc\article_project\data\raw\pdraw_spiral\test\parkinson\V04PE01.png,1,0.485050,0
pdraw_spiral,vgg16,gaussian_noise,1,C:\Users\ramti\Desktop\ramtin legion pc\article_project\data\raw\pdraw_spiral\test\parkinson\V05PE01.png,1,0.526440,1
pdraw_spiral,vgg16,gaussian_noise,1,C:\Users\ramti\Desktop\ramtin legion pc\article_project\data\raw\pdraw_spiral\test\parkinson\V06PE01.png,1,0.442486,0
pdraw_spiral,vgg16,gaussian_noise,1,C:\Users\ramti\Desktop\ramtin legion pc\article_project\data\raw\pdraw_spiral\test\parkinson\V07PE01.png,1,0.517677,1
pdraw_spiral,vgg16,gaussian_noise,1,C:\Users\ramti\Desktop\ramtin legion pc\article_project\data\raw\pdraw_spiral\test\parkinson\V08PE01.png,1,0.390553,0
pdraw_spiral,vgg16,gaussian_noise,1,C:\Users\ramti\Desktop\ramtin legion pc\article_project\data\raw\pdraw_spiral\test\parkinson\V09PE01.png,1,0.462572,0
pdraw_spiral,vgg16,gaussian_noise,1,C:\Users\ramti\Desktop\ramtin legion pc\article_project\data\raw\pdraw_spiral\test\parkinson\V10PE03.png,1,0.432791,0
pdraw_spiral,vgg16,gaussian_noise,1,C:\Users\ramti\Desktop\ramtin legion pc\article_project\data\raw\pdraw_spiral\test\parkinson\V11PE03.png,1,0.430136,0
pdraw_spiral,vgg16,gaussian_noise,1,C:\Users\ramti\Desktop\ramtin legion pc\article_project\data\raw\pdraw_spiral\test\parkinson\V14PE03.png,1,0.501410,1
pdraw_spiral,vgg16,gaussian_noise,1,C:\Users\ramti\Desktop\ramtin legion pc\article_project\data\raw\pdraw_spiral\test\parkinson\V15PE01.png,1,0.422857,0
pdraw_spiral,vgg16,gaussian_noise,2,C:\Users\ramti\Desktop\ramtin legion pc\article_project\data\raw\pdraw_spiral\test\healthy\V01HE01.png,0,0.411749,0
pdraw_spiral,vgg16,gaussian_noise,2,C:\Users\ramti\Desktop\ramtin legion pc\article_project\data\raw\pdraw_spiral\test\healthy\V02HE01.png,0,0.479943,0
pdraw_spiral,vgg16,gaussian_noise,2,C:\Users\ramti\Desktop\ramtin legion pc\article_project\data\raw\pdraw_spiral\test\healthy\V03HE1.png,0,0.419604,0
pdraw_spiral,vgg16,gaussian_noise,2,C:\Users\ramti\Desktop\ramtin legion pc\article_project\data\raw\pdraw_spiral\test\healthy\V04HE01.png,0,0.425582,0
pdraw_spiral,vgg16,gaussian_noise,2,C:\Users\ramti\Desktop\ramtin legion pc\article_project\data\raw\pdraw_spiral\test\healthy\V05HE01.png,0,0.433491,0
pdraw_spiral,vgg16,gaussian_noise,2,C:\Users\ramti\Desktop\ramtin legion pc\article_project\data\raw\pdraw_spiral\test\healthy\V06HE01.png,0,0.418109,0
pdraw_spiral,vgg16,gaussian_noise,2,C:\Users\ramti\Desktop\ramtin legion pc\article_project\data\raw\pdraw_spiral\test\healthy\V07HE01.png,0,0.425710,0
pdraw_spiral,vgg16,gaussian_noise,2,C:\Users\ramti\Desktop\ramtin legion pc\article_project\data\raw\pdraw_spiral\test\healthy\V08HE01.png,0,0.417553,0
pdraw_spiral,vgg16,gaussian_noise,2,C:\Users\ramti\Desktop\ramtin legion pc\article_project\data\raw\pdraw_spiral\test\healthy\V09HE01.png,0,0.414079,0
pdraw_spiral,vgg16,gaussian_noise,2,C:\Users\ramti\Desktop\ramtin legion pc\article_project\data\raw\pdraw_spiral\test\healthy\V10HE01.png,0,0.421738,0
pdraw_spiral,vgg16,gaussian_noise,2,C:\Users\ramti\Desktop\ramtin legion pc\article_project\data\raw\pdraw_spiral\test\healthy\V11HE01.png,0,0.436542,0
pdraw_spiral,vgg16,gaussian_noise,2,C:\Users\ramti\Desktop\ramtin legion pc\article_project\data\raw\pdraw_spiral\test\healthy\V55HE12.png,0,0.411277,0
pdraw_spiral,vgg16,gaussian_noise,2,C:\Users\ramti\Desktop\ramtin legion pc\article_project\data\raw\pdraw_spiral\test\healthy\V55HE13.png,0,0.410479,0
pdraw_spiral,vgg16,gaussian_noise,2,C:\Users\ramti\Desktop\ramtin legion pc\article_project\data\raw\pdraw_spiral\test\healthy\V55HE14.png,0,0.408927,0
pdraw_spiral,vgg16,gaussian_noise,2,C:\Users\ramti\Desktop\ramtin legion pc\article_project\data\raw\pdraw_spiral\test\healthy\V55HE15.png,0,0.416962,0
pdraw_spiral,vgg16,gaussian_noise,2,C:\Users\ramti\Desktop\ramtin legion pc\article_project\data\raw\pdraw_spiral\test\parkinson\V01PE01.png,1,0.432309,0
pdraw_spiral,vgg16,gaussian_noise,2,C:\Users\ramti\Desktop\ramtin legion pc\article_project\data\raw\pdraw_spiral\test\parkinson\V02PE01.png,1,0.481266,0
pdraw_spiral,vgg16,gaussian_noise,2,C:\Users\ramti\Desktop\ramtin legion pc\article_project\data\raw\pdraw_spiral\test\parkinson\V03PE01.png,1,0.528776,1
pdraw_spiral,vgg16,gaussian_noise,2,C:\Users\ramti\Desktop\ramtin legion pc\article_project\data\raw\pdraw_spiral\test\parkinson\V03PE04.png,1,0.560116,1
pdraw_spiral,vgg16,gaussian_noise,2,C:\Users\ramti\Desktop\ramtin legion pc\article_project\data\raw\pdraw_spiral\test\parkinson\V03PE07.png,1,0.537073,1
pdraw_spiral,vgg16,gaussian_noise,2,C:\Users\ramti\Desktop\ramtin legion pc\article_project\data\raw\pdraw_spiral\test\parkinson\V04PE01.png,1,0.483444,0
pdraw_spiral,vgg16,gaussian_noise,2,C:\Users\ramti\Desktop\ramtin legion pc\article_project\data\raw\pdraw_spiral\test\parkinson\V05PE01.png,1,0.529339,1
pdraw_spiral,vgg16,gaussian_noise,2,C:\Users\ramti\Desktop\ramtin legion pc\article_project\data\raw\pdraw_spiral\test\parkinson\V06PE01.png,1,0.433824,0
pdraw_spiral,vgg16,gaussian_noise,2,C:\Users\ramti\Desktop\ramtin legion pc\article_project\data\raw\pdraw_spiral\test\parkinson\V07PE01.png,1,0.526017,1
pdraw_spiral,vgg16,gaussian_noise,2,C:\Users\ramti\Desktop\ramtin legion pc\article_project\data\raw\pdraw_spiral\test\parkinson\V08PE01.png,1,0.396177,0
pdraw_spiral,vgg16,gaussian_noise,2,C:\Users\ramti\Desktop\ramtin legion pc\article_project\data\raw\pdraw_spiral\test\parkinson\V09PE01.png,1,0.458309,0
pdraw_spiral,vgg16,gaussian_noise,2,C:\Users\ramti\Desktop\ramtin legion pc\article_project\data\raw\pdraw_spiral\test\parkinson\V10PE03.png,1,0.430857,0
pdraw_spiral,vgg16,gaussian_noise,2,C:\Users\ramti\Desktop\ramtin legion pc\article_project\data\raw\pdraw_spiral\test\parkinson\V11PE03.png,1,0.430966,0
pdraw_spiral,vgg16,gaussian_noise,2,C:\Users\ramti\Desktop\ramtin legion pc\article_project\data\raw\pdraw_spiral\test\parkinson\V14PE03.png,1,0.501028,1
pdraw_spiral,vgg16,gaussian_noise,2,C:\Users\ramti\Desktop\ramtin legion pc\article_project\data\raw\pdraw_spiral\test\parkinson\V15PE01.png,1,0.425962,0
pdraw_spiral,vgg16,gaussian_noise,3,C:\Users\ramti\Desktop\ramtin legion pc\article_project\data\raw\pdraw_spiral\test\healthy\V01HE01.png,0,0.401155,0
pdraw_spiral,vgg16,gaussian_noise,3,C:\Users\ramti\Desktop\ramtin legion pc\article_project\data\raw\pdraw_spiral\test\healthy\V02HE01.png,0,0.497300,0
pdraw_spiral,vgg16,gaussian_noise,3,C:\Users\ramti\Desktop\ramtin legion pc\article_project\data\raw\pdraw_spiral\test\healthy\V03HE1.png,0,0.420113,0
pdraw_spiral,vgg16,gaussian_noise,3,C:\Users\ramti\Desktop\ramtin legion pc\article_project\data\raw\pdraw_spiral\test\healthy\V04HE01.png,0,0.424795,0
pdraw_spiral,vgg16,gaussian_noise,3,C:\Users\ramti\Desktop\ramtin legion pc\article_project\data\raw\pdraw_spiral\test\healthy\V05HE01.png,0,0.432764,0
pdraw_spiral,vgg16,gaussian_noise,3,C:\Users\ramti\Desktop\ramtin legion pc\article_project\data\raw\pdraw_spiral\test\healthy\V06HE01.png,0,0.428309,0
pdraw_spiral,vgg16,gaussian_noise,3,C:\Users\ramti\Desktop\ramtin legion pc\article_project\data\raw\pdraw_spiral\test\healthy\V07HE01.png,0,0.425941,0
pdraw_spiral,vgg16,gaussian_noise,3,C:\Users\ramti\Desktop\ramtin legion pc\article_project\data\raw\pdraw_spiral\test\healthy\V08HE01.png,0,0.410854,0
pdraw_spiral,vgg16,gaussian_noise,3,C:\Users\ramti\Desktop\ramtin legion pc\article_project\data\raw\pdraw_spiral\test\healthy\V09HE01.png,0,0.427859,0
pdraw_spiral,vgg16,gaussian_noise,3,C:\Users\ramti\Desktop\ramtin legion pc\article_project\data\raw\pdraw_spiral\test\healthy\V10HE01.png,0,0.413997,0
pdraw_spiral,vgg16,gaussian_noise,3,C:\Users\ramti\Desktop\ramtin legion pc\article_project\data\raw\pdraw_spiral\test\healthy\V11HE01.png,0,0.434782,0
pdraw_spiral,vgg16,gaussian_noise,3,C:\Users\ramti\Desktop\ramtin legion pc\article_project\data\raw\pdraw_spiral\test\healthy\V55HE12.png,0,0.412819,0
pdraw_spiral,vgg16,gaussian_noise,3,C:\Users\ramti\Desktop\ramtin legion pc\article_project\data\raw\pdraw_spiral\test\healthy\V55HE13.png,0,0.424738,0
pdraw_spiral,vgg16,gaussian_noise,3,C:\Users\ramti\Desktop\ramtin legion pc\article_project\data\raw\pdraw_spiral\test\healthy\V55HE14.png,0,0.401546,0
pdraw_spiral,vgg16,gaussian_noise,3,C:\Users\ramti\Desktop\ramtin legion pc\article_project\data\raw\pdraw_spiral\test\healthy\V55HE15.png,0,0.416085,0
pdraw_spiral,vgg16,gaussian_noise,3,C:\Users\ramti\Desktop\ramtin legion pc\article_project\data\raw\pdraw_spiral\test\parkinson\V01PE01.png,1,0.430960,0
pdraw_spiral,vgg16,gaussian_noise,3,C:\Users\ramti\Desktop\ramtin legion pc\article_project\data\raw\pdraw_spiral\test\parkinson\V02PE01.png,1,0.482468,0
pdraw_spiral,vgg16,gaussian_noise,3,C:\Users\ramti\Desktop\ramtin legion pc\article_project\data\raw\pdraw_spiral\test\parkinson\V03PE01.png,1,0.535458,1
pdraw_spiral,vgg16,gaussian_noise,3,C:\Users\ramti\Desktop\ramtin legion pc\article_project\data\raw\pdraw_spiral\test\parkinson\V03PE04.png,1,0.568254,1
pdraw_spiral,vgg16,gaussian_noise,3,C:\Users\ramti\Desktop\ramtin legion pc\article_project\data\raw\pdraw_spiral\test\parkinson\V03PE07.png,1,0.538805,1
pdraw_spiral,vgg16,gaussian_noise,3,C:\Users\ramti\Desktop\ramtin legion pc\article_project\data\raw\pdraw_spiral\test\parkinson\V04PE01.png,1,0.493469,0
pdraw_spiral,vgg16,gaussian_noise,3,C:\Users\ramti\Desktop\ramtin legion pc\article_project\data\raw\pdraw_spiral\test\parkinson\V05PE01.png,1,0.532239,1
pdraw_spiral,vgg16,gaussian_noise,3,C:\Users\ramti\Desktop\ramtin legion pc\article_project\data\raw\pdraw_spiral\test\parkinson\V06PE01.png,1,0.437659,0
pdraw_spiral,vgg16,gaussian_noise,3,C:\Users\ramti\Desktop\ramtin legion pc\article_project\data\raw\pdraw_spiral\test\parkinson\V07PE01.png,1,0.524828,1
pdraw_spiral,vgg16,gaussian_noise,3,C:\Users\ramti\Desktop\ramtin legion pc\article_project\data\raw\pdraw_spiral\test\parkinson\V08PE01.png,1,0.398003,0
pdraw_spiral,vgg16,gaussian_noise,3,C:\Users\ramti\Desktop\ramtin legion pc\article_project\data\raw\pdraw_spiral\test\parkinson\V09PE01.png,1,0.461358,0
pdraw_spiral,vgg16,gaussian_noise,3,C:\Users\ramti\Desktop\ramtin legion pc\article_project\data\raw\pdraw_spiral\test\parkinson\V10PE03.png,1,0.431579,0
pdraw_spiral,vgg16,gaussian_noise,3,C:\Users\ramti\Desktop\ramtin legion pc\article_project\data\raw\pdraw_spiral\test\parkinson\V11PE03.png,1,0.429493,0
pdraw_spiral,vgg16,gaussian_noise,3,C:\Users\ramti\Desktop\ramtin legion pc\article_project\data\raw\pdraw_spiral\test\parkinson\V14PE03.png,1,0.500263,1
pdraw_spiral,vgg16,gaussian_noise,3,C:\Users\ramti\Desktop\ramtin legion pc\article_project\data\raw\pdraw_spiral\test\parkinson\V15PE01.png,1,0.432828,0
pdraw_spiral,vgg16,gaussian_noise,4,C:\Users\ramti\Desktop\ramtin legion pc\article_project\data\raw\pdraw_spiral\test\healthy\V01HE01.png,0,0.412130,0
pdraw_spiral,vgg16,gaussian_noise,4,C:\Users\ramti\Desktop\ramtin legion pc\article_project\data\raw\pdraw_spiral\test\healthy\V02HE01.png,0,0.482274,0
pdraw_spiral,vgg16,gaussian_noise,4,C:\Users\ramti\Desktop\ramtin legion pc\article_project\data\raw\pdraw_spiral\test\healthy\V03HE1.png,0,0.427653,0
pdraw_spiral,vgg16,gaussian_noise,4,C:\Users\ramti\Desktop\ramtin legion pc\article_project\data\raw\pdraw_spiral\test\healthy\V04HE01.png,0,0.425213,0
pdraw_spiral,vgg16,gaussian_noise,4,C:\Users\ramti\Desktop\ramtin legion pc\article_project\data\raw\pdraw_spiral\test\healthy\V05HE01.png,0,0.444604,0
pdraw_spiral,vgg16,gaussian_noise,4,C:\Users\ramti\Desktop\ramtin legion pc\article_project\data\raw\pdraw_spiral\test\healthy\V06HE01.png,0,0.425504,0
pdraw_spiral,vgg16,gaussian_noise,4,C:\Users\ramti\Desktop\ramtin legion pc\article_project\data\raw\pdraw_spiral\test\healthy\V07HE01.png,0,0.434452,0
pdraw_spiral,vgg16,gaussian_noise,4,C:\Users\ramti\Desktop\ramtin legion pc\article_project\data\raw\pdraw_spiral\test\healthy\V08HE01.png,0,0.412434,0
pdraw_spiral,vgg16,gaussian_noise,4,C:\Users\ramti\Desktop\ramtin legion pc\article_project\data\raw\pdraw_spiral\test\healthy\V09HE01.png,0,0.421811,0
pdraw_spiral,vgg16,gaussian_noise,4,C:\Users\ramti\Desktop\ramtin legion pc\article_project\data\raw\pdraw_spiral\test\healthy\V10HE01.png,0,0.423794,0
pdraw_spiral,vgg16,gaussian_noise,4,C:\Users\ramti\Desktop\ramtin legion pc\article_project\data\raw\pdraw_spiral\test\healthy\V11HE01.png,0,0.428755,0
pdraw_spiral,vgg16,gaussian_noise,4,C:\Users\ramti\Desktop\ramtin legion pc\article_project\data\raw\pdraw_spiral\test\healthy\V55HE12.png,0,0.411616,0
pdraw_spiral,vgg16,gaussian_noise,4,C:\Users\ramti\Desktop\ramtin legion pc\article_project\data\raw\pdraw_spiral\test\healthy\V55HE13.png,0,0.422631,0
pdraw_spiral,vgg16,gaussian_noise,4,C:\Users\ramti\Desktop\ramtin legion pc\article_project\data\raw\pdraw_spiral\test\healthy\V55HE14.png,0,0.407902,0
pdraw_spiral,vgg16,gaussian_noise,4,C:\Users\ramti\Desktop\ramtin legion pc\article_project\data\raw\pdraw_spiral\test\healthy\V55HE15.png,0,0.419607,0
pdraw_spiral,vgg16,gaussian_noise,4,C:\Users\ramti\Desktop\ramtin legion pc\article_project\data\raw\pdraw_spiral\test\parkinson\V01PE01.png,1,0.437393,0
pdraw_spiral,vgg16,gaussian_noise,4,C:\Users\ramti\Desktop\ramtin legion pc\article_project\data\raw\pdraw_spiral\test\parkinson\V02PE01.png,1,0.472614,0
pdraw_spiral,vgg16,gaussian_noise,4,C:\Users\ramti\Desktop\ramtin legion pc\article_project\data\raw\pdraw_spiral\test\parkinson\V03PE01.png,1,0.532388,1
pdraw_spiral,vgg16,gaussian_noise,4,C:\Users\ramti\Desktop\ramtin legion pc\article_project\data\raw\pdraw_spiral\test\parkinson\V03PE04.png,1,0.565775,1
pdraw_spiral,vgg16,gaussian_noise,4,C:\Users\ramti\Desktop\ramtin legion pc\article_project\data\raw\pdraw_spiral\test\parkinson\V03PE07.png,1,0.546790,1
pdraw_spiral,vgg16,gaussian_noise,4,C:\Users\ramti\Desktop\ramtin legion pc\article_project\data\raw\pdraw_spiral\test\parkinson\V04PE01.png,1,0.494465,0
pdraw_spiral,vgg16,gaussian_noise,4,C:\Users\ramti\Desktop\ramtin legion pc\article_project\data\raw\pdraw_spiral\test\parkinson\V05PE01.png,1,0.538921,1
pdraw_spiral,vgg16,gaussian_noise,4,C:\Users\ramti\Desktop\ramtin legion pc\article_project\data\raw\pdraw_spiral\test\parkinson\V06PE01.png,1,0.436485,0
pdraw_spiral,vgg16,gaussian_noise,4,C:\Users\ramti\Desktop\ramtin legion pc\article_project\data\raw\pdraw_spiral\test\parkinson\V07PE01.png,1,0.512200,1
pdraw_spiral,vgg16,gaussian_noise,4,C:\Users\ramti\Desktop\ramtin legion pc\article_project\data\raw\pdraw_spiral\test\parkinson\V08PE01.png,1,0.395097,0
pdraw_spiral,vgg16,gaussian_noise,4,C:\Users\ramti\Desktop\ramtin legion pc\article_project\data\raw\pdraw_spiral\test\parkinson\V09PE01.png,1,0.468632,0
pdraw_spiral,vgg16,gaussian_noise,4,C:\Users\ramti\Desktop\ramtin legion pc\article_project\data\raw\pdraw_spiral\test\parkinson\V10PE03.png,1,0.447607,0
pdraw_spiral,vgg16,gaussian_noise,4,C:\Users\ramti\Desktop\ramtin legion pc\article_project\data\raw\pdraw_spiral\test\parkinson\V11PE03.png,1,0.428161,0
pdraw_spiral,vgg16,gaussian_noise,4,C:\Users\ramti\Desktop\ramtin legion pc\article_project\data\raw\pdraw_spiral\test\parkinson\V14PE03.png,1,0.504663,1
pdraw_spiral,vgg16,gaussian_noise,4,C:\Users\ramti\Desktop\ramtin legion pc\article_project\data\raw\pdraw_spiral\test\parkinson\V15PE01.png,1,0.428338,0
pdraw_spiral,vgg16,gaussian_noise,5,C:\Users\ramti\Desktop\ramtin legion pc\article_project\data\raw\pdraw_spiral\test\healthy\V01HE01.png,0,0.414513,0
pdraw_spiral,vgg16,gaussian_noise,5,C:\Users\ramti\Desktop\ramtin legion pc\article_project\data\raw\pdraw_spiral\test\healthy\V02HE01.png,0,0.475153,0
pdraw_spiral,vgg16,gaussian_noise,5,C:\Users\ramti\Desktop\ramtin legion pc\article_project\data\raw\pdraw_spiral\test\healthy\V03HE1.png,0,0.430758,0
pdraw_spiral,vgg16,gaussian_noise,5,C:\Users\ramti\Desktop\ramtin legion pc\article_project\data\raw\pdraw_spiral\test\healthy\V04HE01.png,0,0.425377,0
pdraw_spiral,vgg16,gaussian_noise,5,C:\Users\ramti\Desktop\ramtin legion pc\article_project\data\raw\pdraw_spiral\test\healthy\V05HE01.png,0,0.438769,0
pdraw_spiral,vgg16,gaussian_noise,5,C:\Users\ramti\Desktop\ramtin legion pc\article_project\data\raw\pdraw_spiral\test\healthy\V06HE01.png,0,0.446665,0
pdraw_spiral,vgg16,gaussian_noise,5,C:\Users\ramti\Desktop\ramtin legion pc\article_project\data\raw\pdraw_spiral\test\healthy\V07HE01.png,0,0.435386,0
pdraw_spiral,vgg16,gaussian_noise,5,C:\Users\ramti\Desktop\ramtin legion pc\article_project\data\raw\pdraw_spiral\test\healthy\V08HE01.png,0,0.426330,0
pdraw_spiral,vgg16,gaussian_noise,5,C:\Users\ramti\Desktop\ramtin legion pc\article_project\data\raw\pdraw_spiral\test\healthy\V09HE01.png,0,0.424952,0
pdraw_spiral,vgg16,gaussian_noise,5,C:\Users\ramti\Desktop\ramtin legion pc\article_project\data\raw\pdraw_spiral\test\healthy\V10HE01.png,0,0.426565,0
pdraw_spiral,vgg16,gaussian_noise,5,C:\Users\ramti\Desktop\ramtin legion pc\article_project\data\raw\pdraw_spiral\test\healthy\V11HE01.png,0,0.437441,0
pdraw_spiral,vgg16,gaussian_noise,5,C:\Users\ramti\Desktop\ramtin legion pc\article_project\data\raw\pdraw_spiral\test\healthy\V55HE12.png,0,0.418419,0
pdraw_spiral,vgg16,gaussian_noise,5,C:\Users\ramti\Desktop\ramtin legion pc\article_project\data\raw\pdraw_spiral\test\healthy\V55HE13.png,0,0.428619,0
pdraw_spiral,vgg16,gaussian_noise,5,C:\Users\ramti\Desktop\ramtin legion pc\article_project\data\raw\pdraw_spiral\test\healthy\V55HE14.png,0,0.408576,0
pdraw_spiral,vgg16,gaussian_noise,5,C:\Users\ramti\Desktop\ramtin legion pc\article_project\data\raw\pdraw_spiral\test\healthy\V55HE15.png,0,0.426026,0
pdraw_spiral,vgg16,gaussian_noise,5,C:\Users\ramti\Desktop\ramtin legion pc\article_project\data\raw\pdraw_spiral\test\parkinson\V01PE01.png,1,0.436530,0
pdraw_spiral,vgg16,gaussian_noise,5,C:\Users\ramti\Desktop\ramtin legion pc\article_project\data\raw\pdraw_spiral\test\parkinson\V02PE01.png,1,0.470440,0
pdraw_spiral,vgg16,gaussian_noise,5,C:\Users\ramti\Desktop\ramtin legion pc\article_project\data\raw\pdraw_spiral\test\parkinson\V03PE01.png,1,0.521516,1
pdraw_spiral,vgg16,gaussian_noise,5,C:\Users\ramti\Desktop\ramtin legion pc\article_project\data\raw\pdraw_spiral\test\parkinson\V03PE04.png,1,0.564235,1
pdraw_spiral,vgg16,gaussian_noise,5,C:\Users\ramti\Desktop\ramtin legion pc\article_project\data\raw\pdraw_spiral\test\parkinson\V03PE07.png,1,0.538010,1
pdraw_spiral,vgg16,gaussian_noise,5,C:\Users\ramti\Desktop\ramtin legion pc\article_project\data\raw\pdraw_spiral\test\parkinson\V04PE01.png,1,0.498588,0
pdraw_spiral,vgg16,gaussian_noise,5,C:\Users\ramti\Desktop\ramtin legion pc\article_project\data\raw\pdraw_spiral\test\parkinson\V05PE01.png,1,0.532476,1
pdraw_spiral,vgg16,gaussian_noise,5,C:\Users\ramti\Desktop\ramtin legion pc\article_project\data\raw\pdraw_spiral\test\parkinson\V06PE01.png,1,0.442443,0
pdraw_spiral,vgg16,gaussian_noise,5,C:\Users\ramti\Desktop\ramtin legion pc\article_project\data\raw\pdraw_spiral\test\parkinson\V07PE01.png,1,0.516267,1
pdraw_spiral,vgg16,gaussian_noise,5,C:\Users\ramti\Desktop\ramtin legion pc\article_project\data\raw\pdraw_spiral\test\parkinson\V08PE01.png,1,0.392993,0
pdraw_spiral,vgg16,gaussian_noise,5,C:\Users\ramti\Desktop\ramtin legion pc\article_project\data\raw\pdraw_spiral\test\parkinson\V09PE01.png,1,0.472673,0
pdraw_spiral,vgg16,gaussian_noise,5,C:\Users\ramti\Desktop\ramtin legion pc\article_project\data\raw\pdraw_spiral\test\parkinson\V10PE03.png,1,0.454291,0
pdraw_spiral,vgg16,gaussian_noise,5,C:\Users\ramti\Desktop\ramtin legion pc\article_project\data\raw\pdraw_spiral\test\parkinson\V11PE03.png,1,0.432750,0
pdraw_spiral,vgg16,gaussian_noise,5,C:\Users\ramti\Desktop\ramtin legion pc\article_project\data\raw\pdraw_spiral\test\parkinson\V14PE03.png,1,0.504250,1
pdraw_spiral,vgg16,gaussian_noise,5,C:\Users\ramti\Desktop\ramtin legion pc\article_project\data\raw\pdraw_spiral\test\parkinson\V15PE01.png,1,0.428582,0
pdraw_spiral,vgg16,contrast,1,C:\Users\ramti\Desktop\ramtin legion pc\article_project\data\raw\pdraw_spiral\test\healthy\V01HE01.png,0,0.428643,0
pdraw_spiral,vgg16,contrast,1,C:\Users\ramti\Desktop\ramtin legion pc\article_project\data\raw\pdraw_spiral\test\healthy\V02HE01.png,0,0.496316,0
pdraw_spiral,vgg16,contrast,1,C:\Users\ramti\Desktop\ramtin legion pc\article_project\data\raw\pdraw_spiral\test\healthy\V03HE1.png,0,0.423875,0
pdraw_spiral,vgg16,contrast,1,C:\Users\ramti\Desktop\ramtin legion pc\article_project\data\raw\pdraw_spiral\test\healthy\V04HE01.png,0,0.430140,0
pdraw_spiral,vgg16,contrast,1,C:\Users\ramti\Desktop\ramtin legion pc\article_project\data\raw\pdraw_spiral\test\healthy\V05HE01.png,0,0.451742,0
pdraw_spiral,vgg16,contrast,1,C:\Users\ramti\Desktop\ramtin legion pc\article_project\data\raw\pdraw_spiral\test\healthy\V06HE01.png,0,0.424401,0
pdraw_spiral,vgg16,contrast,1,C:\Users\ramti\Desktop\ramtin legion pc\article_project\data\raw\pdraw_spiral\test\healthy\V07HE01.png,0,0.435025,0
pdraw_spiral,vgg16,contrast,1,C:\Users\ramti\Desktop\ramtin legion pc\article_project\data\raw\pdraw_spiral\test\healthy\V08HE01.png,0,0.418021,0
pdraw_spiral,vgg16,contrast,1,C:\Users\ramti\Desktop\ramtin legion pc\article_project\data\raw\pdraw_spiral\test\healthy\V09HE01.png,0,0.425075,0
pdraw_spiral,vgg16,contrast,1,C:\Users\ramti\Desktop\ramtin legion pc\article_project\data\raw\pdraw_spiral\test\healthy\V10HE01.png,0,0.429760,0
pdraw_spiral,vgg16,contrast,1,C:\Users\ramti\Desktop\ramtin legion pc\article_project\data\raw\pdraw_spiral\test\healthy\V11HE01.png,0,0.449283,0
pdraw_spiral,vgg16,contrast,1,C:\Users\ramti\Desktop\ramtin legion pc\article_project\data\raw\pdraw_spiral\test\healthy\V55HE12.png,0,0.427675,0
pdraw_spiral,vgg16,contrast,1,C:\Users\ramti\Desktop\ramtin legion pc\article_project\data\raw\pdraw_spiral\test\healthy\V55HE13.png,0,0.419054,0
pdraw_spiral,vgg16,contrast,1,C:\Users\ramti\Desktop\ramtin legion pc\article_project\data\raw\pdraw_spiral\test\healthy\V55HE14.png,0,0.431923,0
pdraw_spiral,vgg16,contrast,1,C:\Users\ramti\Desktop\ramtin legion pc\article_project\data\raw\pdraw_spiral\test\healthy\V55HE15.png,0,0.442591,0
pdraw_spiral,vgg16,contrast,1,C:\Users\ramti\Desktop\ramtin legion pc\article_project\data\raw\pdraw_spiral\test\parkinson\V01PE01.png,1,0.436604,0
pdraw_spiral,vgg16,contrast,1,C:\Users\ramti\Desktop\ramtin legion pc\article_project\data\raw\pdraw_spiral\test\parkinson\V02PE01.png,1,0.496093,0
pdraw_spiral,vgg16,contrast,1,C:\Users\ramti\Desktop\ramtin legion pc\article_project\data\raw\pdraw_spiral\test\parkinson\V03PE01.png,1,0.526009,1
pdraw_spiral,vgg16,contrast,1,C:\Users\ramti\Desktop\ramtin legion pc\article_project\data\raw\pdraw_spiral\test\parkinson\V03PE04.png,1,0.555378,1
pdraw_spiral,vgg16,contrast,1,C:\Users\ramti\Desktop\ramtin legion pc\article_project\data\raw\pdraw_spiral\test\parkinson\V03PE07.png,1,0.534830,1
pdraw_spiral,vgg16,contrast,1,C:\Users\ramti\Desktop\ramtin legion pc\article_project\data\raw\pdraw_spiral\test\parkinson\V04PE01.png,1,0.491354,0
pdraw_spiral,vgg16,contrast,1,C:\Users\ramti\Desktop\ramtin legion pc\article_project\data\raw\pdraw_spiral\test\parkinson\V05PE01.png,1,0.526316,1
pdraw_spiral,vgg16,contrast,1,C:\Users\ramti\Desktop\ramtin legion pc\article_project\data\raw\pdraw_spiral\test\parkinson\V06PE01.png,1,0.446374,0
pdraw_spiral,vgg16,contrast,1,C:\Users\ramti\Desktop\ramtin legion pc\article_project\data\raw\pdraw_spiral\test\parkinson\V07PE01.png,1,0.519272,1
pdraw_spiral,vgg16,contrast,1,C:\Users\ramti\Desktop\ramtin legion pc\article_project\data\raw\pdraw_spiral\test\parkinson\V08PE01.png,1,0.410651,0
pdraw_spiral,vgg16,contrast,1,C:\Users\ramti\Desktop\ramtin legion pc\article_project\data\raw\pdraw_spiral\test\parkinson\V09PE01.png,1,0.467363,0
pdraw_spiral,vgg16,contrast,1,C:\Users\ramti\Desktop\ramtin legion pc\article_project\data\raw\pdraw_spiral\test\parkinson\V10PE03.png,1,0.440653,0
pdraw_spiral,vgg16,contrast,1,C:\Users\ramti\Desktop\ramtin legion pc\article_project\data\raw\pdraw_spiral\test\parkinson\V11PE03.png,1,0.438249,0
pdraw_spiral,vgg16,contrast,1,C:\Users\ramti\Desktop\ramtin legion pc\article_project\data\raw\pdraw_spiral\test\parkinson\V14PE03.png,1,0.505031,1
pdraw_spiral,vgg16,contrast,1,C:\Users\ramti\Desktop\ramtin legion pc\article_project\data\raw\pdraw_spiral\test\parkinson\V15PE01.png,1,0.426978,0
pdraw_spiral,vgg16,contrast,2,C:\Users\ramti\Desktop\ramtin legion pc\article_project\data\raw\pdraw_spiral\test\healthy\V01HE01.png,0,0.425186,0
pdraw_spiral,vgg16,contrast,2,C:\Users\ramti\Desktop\ramtin legion pc\article_project\data\raw\pdraw_spiral\test\healthy\V02HE01.png,0,0.493225,0
pdraw_spiral,vgg16,contrast,2,C:\Users\ramti\Desktop\ramtin legion pc\article_project\data\raw\pdraw_spiral\test\healthy\V03HE1.png,0,0.422986,0
pdraw_spiral,vgg16,contrast,2,C:\Users\ramti\Desktop\ramtin legion pc\article_project\data\raw\pdraw_spiral\test\healthy\V04HE01.png,0,0.425833,0
pdraw_spiral,vgg16,contrast,2,C:\Users\ramti\Desktop\ramtin legion pc\article_project\data\raw\pdraw_spiral\test\healthy\V05HE01.png,0,0.449803,0
pdraw_spiral,vgg16,contrast,2,C:\Users\ramti\Desktop\ramtin legion pc\article_project\data\raw\pdraw_spiral\test\healthy\V06HE01.png,0,0.424219,0
pdraw_spiral,vgg16,contrast,2,C:\Users\ramti\Desktop\ramtin legion pc\article_project\data\raw\pdraw_spiral\test\healthy\V07HE01.png,0,0.432744,0
pdraw_spiral,vgg16,contrast,2,C:\Users\ramti\Desktop\ramtin legion pc\article_project\data\raw\pdraw_spiral\test\healthy\V08HE01.png,0,0.414346,0
pdraw_spiral,vgg16,contrast,2,C:\Users\ramti\Desktop\ramtin legion pc\article_project\data\raw\pdraw_spiral\test\healthy\V09HE01.png,0,0.424320,0
pdraw_spiral,vgg16,contrast,2,C:\Users\ramti\Desktop\ramtin legion pc\article_project\data\raw\pdraw_spiral\test\healthy\V10HE01.png,0,0.429606,0
pdraw_spiral,vgg16,contrast,2,C:\Users\ramti\Desktop\ramtin legion pc\article_project\data\raw\pdraw_spiral\test\healthy\V11HE01.png,0,0.445861,0
pdraw_spiral,vgg16,contrast,2,C:\Users\ramti\Desktop\ramtin legion pc\article_project\data\raw\pdraw_spiral\test\healthy\V55HE12.png,0,0.421626,0
pdraw_spiral,vgg16,contrast,2,C:\Users\ramti\Desktop\ramtin legion pc\article_project\data\raw\pdraw_spiral\test\healthy\V55HE13.png,0,0.411147,0
pdraw_spiral,vgg16,contrast,2,C:\Users\ramti\Desktop\ramtin legion pc\article_project\data\raw\pdraw_spiral\test\healthy\V55HE14.png,0,0.430415,0
pdraw_spiral,vgg16,contrast,2,C:\Users\ramti\Desktop\ramtin legion pc\article_project\data\raw\pdraw_spiral\test\healthy\V55HE15.png,0,0.441962,0
pdraw_spiral,vgg16,contrast,2,C:\Users\ramti\Desktop\ramtin legion pc\article_project\data\raw\pdraw_spiral\test\parkinson\V01PE01.png,1,0.437510,0
pdraw_spiral,vgg16,contrast,2,C:\Users\ramti\Desktop\ramtin legion pc\article_project\data\raw\pdraw_spiral\test\parkinson\V02PE01.png,1,0.496081,0
pdraw_spiral,vgg16,contrast,2,C:\Users\ramti\Desktop\ramtin legion pc\article_project\data\raw\pdraw_spiral\test\parkinson\V03PE01.png,1,0.531715,1
pdraw_spiral,vgg16,contrast,2,C:\Users\ramti\Desktop\ramtin legion pc\article_project\data\raw\pdraw_spiral\test\parkinson\V03PE04.png,1,0.561964,1
pdraw_spiral,vgg16,contrast,2,C:\Users\ramti\Desktop\ramtin legion pc\article_project\data\raw\pdraw_spiral\test\parkinson\V03PE07.png,1,0.542355,1
pdraw_spiral,vgg16,contrast,2,C:\Users\ramti\Desktop\ramtin legion pc\article_project\data\raw\pdraw_spiral\test\parkinson\V04PE01.png,1,0.489237,0
pdraw_spiral,vgg16,contrast,2,C:\Users\ramti\Desktop\ramtin legion pc\article_project\data\raw\pdraw_spiral\test\parkinson\V05PE01.png,1,0.527574,1
pdraw_spiral,vgg16,contrast,2,C:\Users\ramti\Desktop\ramtin legion pc\article_project\data\raw\pdraw_spiral\test\parkinson\V06PE01.png,1,0.449004,0
pdraw_spiral,vgg16,contrast,2,C:\Users\ramti\Desktop\ramtin legion pc\article_project\data\raw\pdraw_spiral\test\parkinson\V07PE01.png,1,0.521925,1
pdraw_spiral,vgg16,contrast,2,C:\Users\ramti\Desktop\ramtin legion pc\article_project\data\raw\pdraw_spiral\test\parkinson\V08PE01.png,1,0.399349,0
pdraw_spiral,vgg16,contrast,2,C:\Users\ramti\Desktop\ramtin legion pc\article_project\data\raw\pdraw_spiral\test\parkinson\V09PE01.png,1,0.466558,0
pdraw_spiral,vgg16,contrast,2,C:\Users\ramti\Desktop\ramtin legion pc\article_project\data\raw\pdraw_spiral\test\parkinson\V10PE03.png,1,0.441507,0
pdraw_spiral,vgg16,contrast,2,C:\Users\ramti\Desktop\ramtin legion pc\article_project\data\raw\pdraw_spiral\test\parkinson\V11PE03.png,1,0.437092,0
pdraw_spiral,vgg16,contrast,2,C:\Users\ramti\Desktop\ramtin legion pc\article_project\data\raw\pdraw_spiral\test\parkinson\V14PE03.png,1,0.504146,1
pdraw_spiral,vgg16,contrast,2,C:\Users\ramti\Desktop\ramtin legion pc\article_project\data\raw\pdraw_spiral\test\parkinson\V15PE01.png,1,0.426526,0
pdraw_spiral,vgg16,contrast,3,C:\Users\ramti\Desktop\ramtin legion pc\article_project\data\raw\pdraw_spiral\test\healthy\V01HE01.png,0,0.422706,0
pdraw_spiral,vgg16,contrast,3,C:\Users\ramti\Desktop\ramtin legion pc\article_project\data\raw\pdraw_spiral\test\healthy\V02HE01.png,0,0.491954,0
pdraw_spiral,vgg16,contrast,3,C:\Users\ramti\Desktop\ramtin legion pc\article_project\data\raw\pdraw_spiral\test\healthy\V03HE1.png,0,0.422657,0
pdraw_spiral,vgg16,contrast,3,C:\Users\ramti\Desktop\ramtin legion pc\article_project\data\raw\pdraw_spiral\test\healthy\V04HE01.png,0,0.424879,0
pdraw_spiral,vgg16,contrast,3,C:\Users\ramti\Desktop\ramtin legion pc\article_project\data\raw\pdraw_spiral\test\healthy\V05HE01.png,0,0.448063,0
pdraw_spiral,vgg16,contrast,3,C:\Users\ramti\Desktop\ramtin legion pc\article_project\data\raw\pdraw_spiral\test\healthy\V06HE01.png,0,0.423569,0
pdraw_spiral,vgg16,contrast,3,C:\Users\ramti\Desktop\ramtin legion pc\article_project\data\raw\pdraw_spiral\test\healthy\V07HE01.png,0,0.430944,0
pdraw_spiral,vgg16,contrast,3,C:\Users\ramti\Desktop\ramtin legion pc\article_project\data\raw\pdraw_spiral\test\healthy\V08HE01.png,0,0.410882,0
pdraw_spiral,vgg16,contrast,3,C:\Users\ramti\Desktop\ramtin legion pc\article_project\data\raw\pdraw_spiral\test\healthy\V09HE01.png,0,0.422168,0
pdraw_spiral,vgg16,contrast,3,C:\Users\ramti\Desktop\ramtin legion pc\article_project\data\raw\pdraw_spiral\test\healthy\V10HE01.png,0,0.428647,0
pdraw_spiral,vgg16,contrast,3,C:\Users\ramti\Desktop\ramtin legion pc\article_project\data\raw\pdraw_spiral\test\healthy\V11HE01.png,0,0.441712,0
pdraw_spiral,vgg16,contrast,3,C:\Users\ramti\Desktop\ramtin legion pc\article_project\data\raw\pdraw_spiral\test\healthy\V55HE12.png,0,0.420256,0
pdraw_spiral,vgg16,contrast,3,C:\Users\ramti\Desktop\ramtin legion pc\article_project\data\raw\pdraw_spiral\test\healthy\V55HE13.png,0,0.406256,0
pdraw_spiral,vgg16,contrast,3,C:\Users\ramti\Desktop\ramtin legion pc\article_project\data\raw\pdraw_spiral\test\healthy\V55HE14.png,0,0.427045,0
pdraw_spiral,vgg16,contrast,3,C:\Users\ramti\Desktop\ramtin legion pc\article_project\data\raw\pdraw_spiral\test\healthy\V55HE15.png,0,0.439830,0
pdraw_spiral,vgg16,contrast,3,C:\Users\ramti\Desktop\ramtin legion pc\article_project\data\raw\pdraw_spiral\test\parkinson\V01PE01.png,1,0.438515,0
pdraw_spiral,vgg16,contrast,3,C:\Users\ramti\Desktop\ramtin legion pc\article_project\data\raw\pdraw_spiral\test\parkinson\V02PE01.png,1,0.494907,0
pdraw_spiral,vgg16,contrast,3,C:\Users\ramti\Desktop\ramtin legion pc\article_project\data\raw\pdraw_spiral\test\parkinson\V03PE01.png,1,0.532682,1
pdraw_spiral,vgg16,contrast,3,C:\Users\ramti\Desktop\ramtin legion pc\article_project\data\raw\pdraw_spiral\test\parkinson\V03PE04.png,1,0.566819,1
pdraw_spiral,vgg16,contrast,3,C:\Users\ramti\Desktop\ramtin legion pc\article_project\data\raw\pdraw_spiral\test\parkinson\V03PE07.png,1,0.544011,1
pdraw_spiral,vgg16,contrast,3,C:\Users\ramti\Desktop\ramtin legion pc\article_project\data\raw\pdraw_spiral\test\parkinson\V04PE01.png,1,0.488878,0
pdraw_spiral,vgg16,contrast,3,C:\Users\ramti\Desktop\ramtin legion pc\article_project\data\raw\pdraw_spiral\test\parkinson\V05PE01.png,1,0.528417,1
pdraw_spiral,vgg16,contrast,3,C:\Users\ramti\Desktop\ramtin legion pc\article_project\data\raw\pdraw_spiral\test\parkinson\V06PE01.png,1,0.448477,0
pdraw_spiral,vgg16,contrast,3,C:\Users\ramti\Desktop\ramtin legion pc\article_project\data\raw\pdraw_spiral\test\parkinson\V07PE01.png,1,0.522828,1
pdraw_spiral,vgg16,contrast,3,C:\Users\ramti\Desktop\ramtin legion pc\article_project\data\raw\pdraw_spiral\test\parkinson\V08PE01.png,1,0.391389,0
pdraw_spiral,vgg16,contrast,3,C:\Users\ramti\Desktop\ramtin legion pc\article_project\data\raw\pdraw_spiral\test\parkinson\V09PE01.png,1,0.464499,0
pdraw_spiral,vgg16,contrast,3,C:\Users\ramti\Desktop\ramtin legion pc\article_project\data\raw\pdraw_spiral\test\parkinson\V10PE03.png,1,0.440804,0
pdraw_spiral,vgg16,contrast,3,C:\Users\ramti\Desktop\ramtin legion pc\article_project\data\raw\pdraw_spiral\test\parkinson\V11PE03.png,1,0.433654,0
pdraw_spiral,vgg16,contrast,3,C:\Users\ramti\Desktop\ramtin legion pc\article_project\data\raw\pdraw_spiral\test\parkinson\V14PE03.png,1,0.502797,1
pdraw_spiral,vgg16,contrast,3,C:\Users\ramti\Desktop\ramtin legion pc\article_project\data\raw\pdraw_spiral\test\parkinson\V15PE01.png,1,0.423023,0
pdraw_spiral,vgg16,contrast,4,C:\Users\ramti\Desktop\ramtin legion pc\article_project\data\raw\pdraw_spiral\test\healthy\V01HE01.png,0,0.414608,0
pdraw_spiral,vgg16,contrast,4,C:\Users\ramti\Desktop\ramtin legion pc\article_project\data\raw\pdraw_spiral\test\healthy\V02HE01.png,0,0.489772,0
pdraw_spiral,vgg16,contrast,4,C:\Users\ramti\Desktop\ramtin legion pc\article_project\data\raw\pdraw_spiral\test\healthy\V03HE1.png,0,0.414401,0
pdraw_spiral,vgg16,contrast,4,C:\Users\ramti\Desktop\ramtin legion pc\article_project\data\raw\pdraw_spiral\test\healthy\V04HE01.png,0,0.422479,0
pdraw_spiral,vgg16,contrast,4,C:\Users\ramti\Desktop\ramtin legion pc\article_project\data\raw\pdraw_spiral\test\healthy\V05HE01.png,0,0.443110,0
pdraw_spiral,vgg16,contrast,4,C:\Users\ramti\Desktop\ramtin legion pc\article_project\data\raw\pdraw_spiral\test\healthy\V06HE01.png,0,0.420545,0
pdraw_spiral,vgg16,contrast,4,C:\Users\ramti\Desktop\ramtin legion pc\article_project\data\raw\pdraw_spiral\test\healthy\V07HE01.png,0,0.423762,0
pdraw_spiral,vgg16,contrast,4,C:\Users\ramti\Desktop\ramtin legion pc\article_project\data\raw\pdraw_spiral\test\healthy\V08HE01.png,0,0.407308,0
pdraw_spiral,vgg16,contrast,4,C:\Users\ramti\Desktop\ramtin legion pc\article_project\data\raw\pdraw_spiral\test\healthy\V09HE01.png,0,0.418562,0
pdraw_spiral,vgg16,contrast,4,C:\Users\ramti\Desktop\ramtin legion pc\article_project\data\raw\pdraw_spiral\test\healthy\V10HE01.png,0,0.423143,0
pdraw_spiral,vgg16,contrast,4,C:\Users\ramti\Desktop\ramtin legion pc\article_project\data\raw\pdraw_spiral\test\healthy\V11HE01.png,0,0.431696,0
pdraw_spiral,vgg16,contrast,4,C:\Users\ramti\Desktop\ramtin legion pc\article_project\data\raw\pdraw_spiral\test\healthy\V55HE12.png,0,0.412780,0
pdraw_spiral,vgg16,contrast,4,C:\Users\ramti\Desktop\ramtin legion pc\article_project\data\raw\pdraw_spiral\test\healthy\V55HE13.png,0,0.391489,0
pdraw_spiral,vgg16,contrast,4,C:\Users\ramti\Desktop\ramtin legion pc\article_project\data\raw\pdraw_spiral\test\healthy\V55HE14.png,0,0.413975,0
pdraw_spiral,vgg16,contrast,4,C:\Users\ramti\Desktop\ramtin legion pc\article_project\data\raw\pdraw_spiral\test\healthy\V55HE15.png,0,0.431631,0
pdraw_spiral,vgg16,contrast,4,C:\Users\ramti\Desktop\ramtin legion pc\article_project\data\raw\pdraw_spiral\test\parkinson\V01PE01.png,1,0.438617,0
pdraw_spiral,vgg16,contrast,4,C:\Users\ramti\Desktop\ramtin legion pc\article_project\data\raw\pdraw_spiral\test\parkinson\V02PE01.png,1,0.486017,0
pdraw_spiral,vgg16,contrast,4,C:\Users\ramti\Desktop\ramtin legion pc\article_project\data\raw\pdraw_spiral\test\parkinson\V03PE01.png,1,0.534900,1
pdraw_spiral,vgg16,contrast,4,C:\Users\ramti\Desktop\ramtin legion pc\article_project\data\raw\pdraw_spiral\test\parkinson\V03PE04.png,1,0.574856,1
pdraw_spiral,vgg16,contrast,4,C:\Users\ramti\Desktop\ramtin legion pc\article_project\data\raw\pdraw_spiral\test\parkinson\V03PE07.png,1,0.550068,1
pdraw_spiral,vgg16,contrast,4,C:\Users\ramti\Desktop\ramtin legion pc\article_project\data\raw\pdraw_spiral\test\parkinson\V04PE01.png,1,0.487949,0
pdraw_spiral,vgg16,contrast,4,C:\Users\ramti\Desktop\ramtin legion pc\article_project\data\raw\pdraw_spiral\test\parkinson\V05PE01.png,1,0.533151,1
pdraw_spiral,vgg16,contrast,4,C:\Users\ramti\Desktop\ramtin legion pc\article_project\data\raw\pdraw_spiral\test\parkinson\V06PE01.png,1,0.438983,0
pdraw_spiral,vgg16,contrast,4,C:\Users\ramti\Desktop\ramtin legion pc\article_project\data\raw\pdraw_spiral\test\parkinson\V07PE01.png,1,0.525694,1
pdraw_spiral,vgg16,contrast,4,C:\Users\ramti\Desktop\ramtin legion pc\article_project\data\raw\pdraw_spiral\test\parkinson\V08PE01.png,1,0.371748,0
pdraw_spiral,vgg16,contrast,4,C:\Users\ramti\Desktop\ramtin legion pc\article_project\data\raw\pdraw_spiral\test\parkinson\V09PE01.png,1,0.463173,0
pdraw_spiral,vgg16,contrast,4,C:\Users\ramti\Desktop\ramtin legion pc\article_project\data\raw\pdraw_spiral\test\parkinson\V10PE03.png,1,0.428497,0
pdraw_spiral,vgg16,contrast,4,C:\Users\ramti\Desktop\ramtin legion pc\article_project\data\raw\pdraw_spiral\test\parkinson\V11PE03.png,1,0.428059,0
pdraw_spiral,vgg16,contrast,4,C:\Users\ramti\Desktop\ramtin legion pc\article_project\data\raw\pdraw_spiral\test\parkinson\V14PE03.png,1,0.503139,1
pdraw_spiral,vgg16,contrast,4,C:\Users\ramti\Desktop\ramtin legion pc\article_project\data\raw\pdraw_spiral\test\parkinson\V15PE01.png,1,0.415771,0
pdraw_spiral,vgg16,contrast,5,C:\Users\ramti\Desktop\ramtin legion pc\article_project\data\raw\pdraw_spiral\test\healthy\V01HE01.png,0,0.411937,0
pdraw_spiral,vgg16,contrast,5,C:\Users\ramti\Desktop\ramtin legion pc\article_project\data\raw\pdraw_spiral\test\healthy\V02HE01.png,0,0.488986,0
pdraw_spiral,vgg16,contrast,5,C:\Users\ramti\Desktop\ramtin legion pc\article_project\data\raw\pdraw_spiral\test\healthy\V03HE1.png,0,0.410339,0
pdraw_spiral,vgg16,contrast,5,C:\Users\ramti\Desktop\ramtin legion pc\article_project\data\raw\pdraw_spiral\test\healthy\V04HE01.png,0,0.420968,0
pdraw_spiral,vgg16,contrast,5,C:\Users\ramti\Desktop\ramtin legion pc\article_project\data\raw\pdraw_spiral\test\healthy\V05HE01.png,0,0.439553,0
pdraw_spiral,vgg16,contrast,5,C:\Users\ramti\Desktop\ramtin legion pc\article_project\data\raw\pdraw_spiral\test\healthy\V06HE01.png,0,0.419340,0
pdraw_spiral,vgg16,contrast,5,C:\Users\ramti\Desktop\ramtin legion pc\article_project\data\raw\pdraw_spiral\test\healthy\V07HE01.png,0,0.422003,0
pdraw_spiral,vgg16,contrast,5,C:\Users\ramti\Desktop\ramtin legion pc\article_project\data\raw\pdraw_spiral\test\healthy\V08HE01.png,0,0.404572,0
pdraw_spiral,vgg16,contrast,5,C:\Users\ramti\Desktop\ramtin legion pc\article_project\data\raw\pdraw_spiral\test\healthy\V09HE01.png,0,0.416529,0
pdraw_spiral,vgg16,contrast,5,C:\Users\ramti\Desktop\ramtin legion pc\article_project\data\raw\pdraw_spiral\test\healthy\V10HE01.png,0,0.421606,0
pdraw_spiral,vgg16,contrast,5,C:\Users\ramti\Desktop\ramtin legion pc\article_project\data\raw\pdraw_spiral\test\healthy\V11HE01.png,0,0.426104,0
pdraw_spiral,vgg16,contrast,5,C:\Users\ramti\Desktop\ramtin legion pc\article_project\data\raw\pdraw_spiral\test\healthy\V55HE12.png,0,0.410496,0
pdraw_spiral,vgg16,contrast,5,C:\Users\ramti\Desktop\ramtin legion pc\article_project\data\raw\pdraw_spiral\test\healthy\V55HE13.png,0,0.385152,0
pdraw_spiral,vgg16,contrast,5,C:\Users\ramti\Desktop\ramtin legion pc\article_project\data\raw\pdraw_spiral\test\healthy\V55HE14.png,0,0.408978,0
pdraw_spiral,vgg16,contrast,5,C:\Users\ramti\Desktop\ramtin legion pc\article_project\data\raw\pdraw_spiral\test\healthy\V55HE15.png,0,0.428248,0
pdraw_spiral,vgg16,contrast,5,C:\Users\ramti\Desktop\ramtin legion pc\article_project\data\raw\pdraw_spiral\test\parkinson\V01PE01.png,1,0.438155,0
pdraw_spiral,vgg16,contrast,5,C:\Users\ramti\Desktop\ramtin legion pc\article_project\data\raw\pdraw_spiral\test\parkinson\V02PE01.png,1,0.480143,0
pdraw_spiral,vgg16,contrast,5,C:\Users\ramti\Desktop\ramtin legion pc\article_project\data\raw\pdraw_spiral\test\parkinson\V03PE01.png,1,0.535906,1
pdraw_spiral,vgg16,contrast,5,C:\Users\ramti\Desktop\ramtin legion pc\article_project\data\raw\pdraw_spiral\test\parkinson\V03PE04.png,1,0.577354,1
pdraw_spiral,vgg16,contrast,5,C:\Users\ramti\Desktop\ramtin legion pc\article_project\data\raw\pdraw_spiral\test\parkinson\V03PE07.png,1,0.551309,1
pdraw_spiral,vgg16,contrast,5,C:\Users\ramti\Desktop\ramtin legion pc\article_project\data\raw\pdraw_spiral\test\parkinson\V04PE01.png,1,0.492056,0
pdraw_spiral,vgg16,contrast,5,C:\Users\ramti\Desktop\ramtin legion pc\article_project\data\raw\pdraw_spiral\test\parkinson\V05PE01.png,1,0.535596,1
pdraw_spiral,vgg16,contrast,5,C:\Users\ramti\Desktop\ramtin legion pc\article_project\data\raw\pdraw_spiral\test\parkinson\V06PE01.png,1,0.434694,0
pdraw_spiral,vgg16,contrast,5,C:\Users\ramti\Desktop\ramtin legion pc\article_project\data\raw\pdraw_spiral\test\parkinson\V07PE01.png,1,0.528017,1
pdraw_spiral,vgg16,contrast,5,C:\Users\ramti\Desktop\ramtin legion pc\article_project\data\raw\pdraw_spiral\test\parkinson\V08PE01.png,1,0.368395,0
pdraw_spiral,vgg16,contrast,5,C:\Users\ramti\Desktop\ramtin legion pc\article_project\data\raw\pdraw_spiral\test\parkinson\V09PE01.png,1,0.461957,0
pdraw_spiral,vgg16,contrast,5,C:\Users\ramti\Desktop\ramtin legion pc\article_project\data\raw\pdraw_spiral\test\parkinson\V10PE03.png,1,0.424795,0
pdraw_spiral,vgg16,contrast,5,C:\Users\ramti\Desktop\ramtin legion pc\article_project\data\raw\pdraw_spiral\test\parkinson\V11PE03.png,1,0.425562,0
pdraw_spiral,vgg16,contrast,5,C:\Users\ramti\Desktop\ramtin legion pc\article_project\data\raw\pdraw_spiral\test\parkinson\V14PE03.png,1,0.503947,1
pdraw_spiral,vgg16,contrast,5,C:\Users\ramti\Desktop\ramtin legion pc\article_project\data\raw\pdraw_spiral\test\parkinson\V15PE01.png,1,0.414148,0
pdraw_spiral,vgg16,brightness,1,C:\Users\ramti\Desktop\ramtin legion pc\article_project\data\raw\pdraw_spiral\test\healthy\V01HE01.png,0,0.438717,0
pdraw_spiral,vgg16,brightness,1,C:\Users\ramti\Desktop\ramtin legion pc\article_project\data\raw\pdraw_spiral\test\healthy\V02HE01.png,0,0.514944,1
pdraw_spiral,vgg16,brightness,1,C:\Users\ramti\Desktop\ramtin legion pc\article_project\data\raw\pdraw_spiral\test\healthy\V03HE1.png,0,0.443229,0
pdraw_spiral,vgg16,brightness,1,C:\Users\ramti\Desktop\ramtin legion pc\article_project\data\raw\pdraw_spiral\test\healthy\V04HE01.png,0,0.433716,0
pdraw_spiral,vgg16,brightness,1,C:\Users\ramti\Desktop\ramtin legion pc\article_project\data\raw\pdraw_spiral\test\healthy\V05HE01.png,0,0.456875,0
pdraw_spiral,vgg16,brightness,1,C:\Users\ramti\Desktop\ramtin legion pc\article_project\data\raw\pdraw_spiral\test\healthy\V06HE01.png,0,0.443108,0
pdraw_spiral,vgg16,brightness,1,C:\Users\ramti\Desktop\ramtin legion pc\article_project\data\raw\pdraw_spiral\test\healthy\V07HE01.png,0,0.448894,0
pdraw_spiral,vgg16,brightness,1,C:\Users\ramti\Desktop\ramtin legion pc\article_project\data\raw\pdraw_spiral\test\healthy\V08HE01.png,0,0.431681,0
pdraw_spiral,vgg16,brightness,1,C:\Users\ramti\Desktop\ramtin legion pc\article_project\data\raw\pdraw_spiral\test\healthy\V09HE01.png,0,0.436421,0
pdraw_spiral,vgg16,brightness,1,C:\Users\ramti\Desktop\ramtin legion pc\article_project\data\raw\pdraw_spiral\test\healthy\V10HE01.png,0,0.458104,0
pdraw_spiral,vgg16,brightness,1,C:\Users\ramti\Desktop\ramtin legion pc\article_project\data\raw\pdraw_spiral\test\healthy\V11HE01.png,0,0.450097,0
pdraw_spiral,vgg16,brightness,1,C:\Users\ramti\Desktop\ramtin legion pc\article_project\data\raw\pdraw_spiral\test\healthy\V55HE12.png,0,0.446404,0
pdraw_spiral,vgg16,brightness,1,C:\Users\ramti\Desktop\ramtin legion pc\article_project\data\raw\pdraw_spiral\test\healthy\V55HE13.png,0,0.428868,0
pdraw_spiral,vgg16,brightness,1,C:\Users\ramti\Desktop\ramtin legion pc\article_project\data\raw\pdraw_spiral\test\healthy\V55HE14.png,0,0.444989,0
pdraw_spiral,vgg16,brightness,1,C:\Users\ramti\Desktop\ramtin legion pc\article_project\data\raw\pdraw_spiral\test\healthy\V55HE15.png,0,0.453521,0
pdraw_spiral,vgg16,brightness,1,C:\Users\ramti\Desktop\ramtin legion pc\article_project\data\raw\pdraw_spiral\test\parkinson\V01PE01.png,1,0.441331,0
pdraw_spiral,vgg16,brightness,1,C:\Users\ramti\Desktop\ramtin legion pc\article_project\data\raw\pdraw_spiral\test\parkinson\V02PE01.png,1,0.504533,1
pdraw_spiral,vgg16,brightness,1,C:\Users\ramti\Desktop\ramtin legion pc\article_project\data\raw\pdraw_spiral\test\parkinson\V03PE01.png,1,0.523358,1
pdraw_spiral,vgg16,brightness,1,C:\Users\ramti\Desktop\ramtin legion pc\article_project\data\raw\pdraw_spiral\test\parkinson\V03PE04.png,1,0.552199,1
pdraw_spiral,vgg16,brightness,1,C:\Users\ramti\Desktop\ramtin legion pc\article_project\data\raw\pdraw_spiral\test\parkinson\V03PE07.png,1,0.531041,1
pdraw_spiral,vgg16,brightness,1,C:\Users\ramti\Desktop\ramtin legion pc\article_project\data\raw\pdraw_spiral\test\parkinson\V04PE01.png,1,0.494447,0
pdraw_spiral,vgg16,brightness,1,C:\Users\ramti\Desktop\ramtin legion pc\article_project\data\raw\pdraw_spiral\test\parkinson\V05PE01.png,1,0.517650,1
pdraw_spiral,vgg16,brightness,1,C:\Users\ramti\Desktop\ramtin legion pc\article_project\data\raw\pdraw_spiral\test\parkinson\V06PE01.png,1,0.450813,0
pdraw_spiral,vgg16,brightness,1,C:\Users\ramti\Desktop\ramtin legion pc\article_project\data\raw\pdraw_spiral\test\parkinson\V07PE01.png,1,0.521619,1
pdraw_spiral,vgg16,brightness,1,C:\Users\ramti\Desktop\ramtin legion pc\article_project\data\raw\pdraw_spiral\test\parkinson\V08PE01.png,1,0.423148,0
pdraw_spiral,vgg16,brightness,1,C:\Users\ramti\Desktop\ramtin legion pc\article_project\data\raw\pdraw_spiral\test\parkinson\V09PE01.png,1,0.480807,0
pdraw_spiral,vgg16,brightness,1,C:\Users\ramti\Desktop\ramtin legion pc\article_project\data\raw\pdraw_spiral\test\parkinson\V10PE03.png,1,0.451277,0
pdraw_spiral,vgg16,brightness,1,C:\Users\ramti\Desktop\ramtin legion pc\article_project\data\raw\pdraw_spiral\test\parkinson\V11PE03.png,1,0.446367,0
pdraw_spiral,vgg16,brightness,1,C:\Users\ramti\Desktop\ramtin legion pc\article_project\data\raw\pdraw_spiral\test\parkinson\V14PE03.png,1,0.507225,1
pdraw_spiral,vgg16,brightness,1,C:\Users\ramti\Desktop\ramtin legion pc\article_project\data\raw\pdraw_spiral\test\parkinson\V15PE01.png,1,0.446766,0
pdraw_spiral,vgg16,brightness,2,C:\Users\ramti\Desktop\ramtin legion pc\article_project\data\raw\pdraw_spiral\test\healthy\V01HE01.png,0,0.433573,0
pdraw_spiral,vgg16,brightness,2,C:\Users\ramti\Desktop\ramtin legion pc\article_project\data\raw\pdraw_spiral\test\healthy\V02HE01.png,0,0.514309,1
pdraw_spiral,vgg16,brightness,2,C:\Users\ramti\Desktop\ramtin legion pc\article_project\data\raw\pdraw_spiral\test\healthy\V03HE1.png,0,0.436897,0
pdraw_spiral,vgg16,brightness,2,C:\Users\ramti\Desktop\ramtin legion pc\article_project\data\raw\pdraw_spiral\test\healthy\V04HE01.png,0,0.432577,0
pdraw_spiral,vgg16,brightness,2,C:\Users\ramti\Desktop\ramtin legion pc\article_project\data\raw\pdraw_spiral\test\healthy\V05HE01.png,0,0.456044,0
pdraw_spiral,vgg16,brightness,2,C:\Users\ramti\Desktop\ramtin legion pc\article_project\data\raw\pdraw_spiral\test\healthy\V06HE01.png,0,0.438377,0
pdraw_spiral,vgg16,brightness,2,C:\Users\ramti\Desktop\ramtin legion pc\article_project\data\raw\pdraw_spiral\test\healthy\V07HE01.png,0,0.446776,0
pdraw_spiral,vgg16,brightness,2,C:\Users\ramti\Desktop\ramtin legion pc\article_project\data\raw\pdraw_spiral\test\healthy\V08HE01.png,0,0.426419,0
pdraw_spiral,vgg16,brightness,2,C:\Users\ramti\Desktop\ramtin legion pc\article_project\data\raw\pdraw_spiral\test\healthy\V09HE01.png,0,0.431048,0
pdraw_spiral,vgg16,brightness,2,C:\Users\ramti\Desktop\ramtin legion pc\article_project\data\raw\pdraw_spiral\test\healthy\V10HE01.png,0,0.450358,0
pdraw_spiral,vgg16,brightness,2,C:\Users\ramti\Desktop\ramtin legion pc\article_project\data\raw\pdraw_spiral\test\healthy\V11HE01.png,0,0.445949,0
pdraw_spiral,vgg16,brightness,2,C:\Users\ramti\Desktop\ramtin legion pc\article_project\data\raw\pdraw_spiral\test\healthy\V55HE12.png,0,0.439806,0
pdraw_spiral,vgg16,brightness,2,C:\Users\ramti\Desktop\ramtin legion pc\article_project\data\raw\pdraw_spiral\test\healthy\V55HE13.png,0,0.423069,0
pdraw_spiral,vgg16,brightness,2,C:\Users\ramti\Desktop\ramtin legion pc\article_project\data\raw\pdraw_spiral\test\healthy\V55HE14.png,0,0.441000,0
pdraw_spiral,vgg16,brightness,2,C:\Users\ramti\Desktop\ramtin legion pc\article_project\data\raw\pdraw_spiral\test\healthy\V55HE15.png,0,0.454588,0
pdraw_spiral,vgg16,brightness,2,C:\Users\ramti\Desktop\ramtin legion pc\article_project\data\raw\pdraw_spiral\test\parkinson\V01PE01.png,1,0.439836,0
pdraw_spiral,vgg16,brightness,2,C:\Users\ramti\Desktop\ramtin legion pc\article_project\data\raw\pdraw_spiral\test\parkinson\V02PE01.png,1,0.505249,1
pdraw_spiral,vgg16,brightness,2,C:\Users\ramti\Desktop\ramtin legion pc\article_project\data\raw\pdraw_spiral\test\parkinson\V03PE01.png,1,0.526731,1
pdraw_spiral,vgg16,brightness,2,C:\Users\ramti\Desktop\ramtin legion pc\article_project\data\raw\pdraw_spiral\test\parkinson\V03PE04.png,1,0.563529,1
pdraw_spiral,vgg16,brightness,2,C:\Users\ramti\Desktop\ramtin legion pc\article_project\data\raw\pdraw_spiral\test\parkinson\V03PE07.png,1,0.538633,1
pdraw_spiral,vgg16,brightness,2,C:\Users\ramti\Desktop\ramtin legion pc\article_project\data\raw\pdraw_spiral\test\parkinson\V04PE01.png,1,0.493282,0
pdraw_spiral,vgg16,brightness,2,C:\Users\ramti\Desktop\ramtin legion pc\article_project\data\raw\pdraw_spiral\test\parkinson\V05PE01.png,1,0.524125,1
pdraw_spiral,vgg16,brightness,2,C:\Users\ramti\Desktop\ramtin legion pc\article_project\data\raw\pdraw_spiral\test\parkinson\V06PE01.png,1,0.449538,0
pdraw_spiral,vgg16,brightness,2,C:\Users\ramti\Desktop\ramtin legion pc\article_project\data\raw\pdraw_spiral\test\parkinson\V07PE01.png,1,0.525333,1
pdraw_spiral,vgg16,brightness,2,C:\Users\ramti\Desktop\ramtin legion pc\article_project\data\raw\pdraw_spiral\test\parkinson\V08PE01.png,1,0.413836,0
pdraw_spiral,vgg16,brightness,2,C:\Users\ramti\Desktop\ramtin legion pc\article_project\data\raw\pdraw_spiral\test\parkinson\V09PE01.png,1,0.480065,0
pdraw_spiral,vgg16,brightness,2,C:\Users\ramti\Desktop\ramtin legion pc\article_project\data\raw\pdraw_spiral\test\parkinson\V10PE03.png,1,0.452152,0
pdraw_spiral,vgg16,brightness,2,C:\Users\ramti\Desktop\ramtin legion pc\article_project\data\raw\pdraw_spiral\test\parkinson\V11PE03.png,1,0.445416,0
pdraw_spiral,vgg16,brightness,2,C:\Users\ramti\Desktop\ramtin legion pc\article_project\data\raw\pdraw_spiral\test\parkinson\V14PE03.png,1,0.506941,1
pdraw_spiral,vgg16,brightness,2,C:\Users\ramti\Desktop\ramtin legion pc\article_project\data\raw\pdraw_spiral\test\parkinson\V15PE01.png,1,0.436571,0
pdraw_spiral,vgg16,brightness,3,C:\Users\ramti\Desktop\ramtin legion pc\article_project\data\raw\pdraw_spiral\test\healthy\V01HE01.png,0,0.430208,0
pdraw_spiral,vgg16,brightness,3,C:\Users\ramti\Desktop\ramtin legion pc\article_project\data\raw\pdraw_spiral\test\healthy\V02HE01.png,0,0.511479,1
pdraw_spiral,vgg16,brightness,3,C:\Users\ramti\Desktop\ramtin legion pc\article_project\data\raw\pdraw_spiral\test\healthy\V03HE1.png,0,0.429058,0
pdraw_spiral,vgg16,brightness,3,C:\Users\ramti\Desktop\ramtin legion pc\article_project\data\raw\pdraw_spiral\test\healthy\V04HE01.png,0,0.428686,0
pdraw_spiral,vgg16,brightness,3,C:\Users\ramti\Desktop\ramtin legion pc\article_project\data\raw\pdraw_spiral\test\healthy\V05HE01.png,0,0.453954,0
pdraw_spiral,vgg16,brightness,3,C:\Users\ramti\Desktop\ramtin legion pc\article_project\data\raw\pdraw_spiral\test\healthy\V06HE01.png,0,0.431626,0
pdraw_spiral,vgg16,brightness,3,C:\Users\ramti\Desktop\ramtin legion pc\article_project\data\raw\pdraw_spiral\test\healthy\V07HE01.png,0,0.442397,0
pdraw_spiral,vgg16,brightness,3,C:\Users\ramti\Desktop\ramtin legion pc\article_project\data\raw\pdraw_spiral\test\healthy\V08HE01.png,0,0.419799,0
pdraw_spiral,vgg16,brightness,3,C:\Users\ramti\Desktop\ramtin legion pc\article_project\data\raw\pdraw_spiral\test\healthy\V09HE01.png,0,0.426240,0
pdraw_spiral,vgg16,brightness,3,C:\Users\ramti\Desktop\ramtin legion pc\article_project\data\raw\pdraw_spiral\test\healthy\V10HE01.png,0,0.441152,0
pdraw_spiral,vgg16,brightness,3,C:\Users\ramti\Desktop\ramtin legion pc\article_project\data\raw\pdraw_spiral\test\healthy\V11HE01.png,0,0.442339,0
pdraw_spiral,vgg16,brightness,3,C:\Users\ramti\Desktop\ramtin legion pc\article_project\data\raw\pdraw_spiral\test\healthy\V55HE12.png,0,0.430775,0
pdraw_spiral,vgg16,brightness,3,C:\Users\ramti\Desktop\ramtin legion pc\article_project\data\raw\pdraw_spiral\test\healthy\V55HE13.png,0,0.416610,0
pdraw_spiral,vgg16,brightness,3,C:\Users\ramti\Desktop\ramtin legion pc\article_project\data\raw\pdraw_spiral\test\healthy\V55HE14.png,0,0.434223,0
pdraw_spiral,vgg16,brightness,3,C:\Users\ramti\Desktop\ramtin legion pc\article_project\data\raw\pdraw_spiral\test\healthy\V55HE15.png,0,0.452334,0
pdraw_spiral,vgg16,brightness,3,C:\Users\ramti\Desktop\ramtin legion pc\article_project\data\raw\pdraw_spiral\test\parkinson\V01PE01.png,1,0.438562,0
pdraw_spiral,vgg16,brightness,3,C:\Users\ramti\Desktop\ramtin legion pc\article_project\data\raw\pdraw_spiral\test\parkinson\V02PE01.png,1,0.502657,1
pdraw_spiral,vgg16,brightness,3,C:\Users\ramti\Desktop\ramtin legion pc\article_project\data\raw\pdraw_spiral\test\parkinson\V03PE01.png,1,0.534553,1
pdraw_spiral,vgg16,brightness,3,C:\Users\ramti\Desktop\ramtin legion pc\article_project\data\raw\pdraw_spiral\test\parkinson\V03PE04.png,1,0.571707,1
pdraw_spiral,vgg16,brightness,3,C:\Users\ramti\Desktop\ramtin legion pc\article_project\data\raw\pdraw_spiral\test\parkinson\V03PE07.png,1,0.543655,1
pdraw_spiral,vgg16,brightness,3,C:\Users\ramti\Desktop\ramtin legion pc\article_project\data\raw\pdraw_spiral\test\parkinson\V04PE01.png,1,0.490503,0
pdraw_spiral,vgg16,brightness,3,C:\Users\ramti\Desktop\ramtin legion pc\article_project\data\raw\pdraw_spiral\test\parkinson\V05PE01.png,1,0.528244,1
pdraw_spiral,vgg16,brightness,3,C:\Users\ramti\Desktop\ramtin legion pc\article_project\data\raw\pdraw_spiral\test\parkinson\V06PE01.png,1,0.446114,0
pdraw_spiral,vgg16,brightness,3,C:\Users\ramti\Desktop\ramtin legion pc\article_project\data\raw\pdraw_spiral\test\parkinson\V07PE01.png,1,0.529903,1
pdraw_spiral,vgg16,brightness,3,C:\Users\ramti\Desktop\ramtin legion pc\article_project\data\raw\pdraw_spiral\test\parkinson\V08PE01.png,1,0.401719,0
pdraw_spiral,vgg16,brightness,3,C:\Users\ramti\Desktop\ramtin legion pc\article_project\data\raw\pdraw_spiral\test\parkinson\V09PE01.png,1,0.476722,0
pdraw_spiral,vgg16,brightness,3,C:\Users\ramti\Desktop\ramtin legion pc\article_project\data\raw\pdraw_spiral\test\parkinson\V10PE03.png,1,0.447277,0
pdraw_spiral,vgg16,brightness,3,C:\Users\ramti\Desktop\ramtin legion pc\article_project\data\raw\pdraw_spiral\test\parkinson\V11PE03.png,1,0.440848,0
pdraw_spiral,vgg16,brightness,3,C:\Users\ramti\Desktop\ramtin legion pc\article_project\data\raw\pdraw_spiral\test\parkinson\V14PE03.png,1,0.505105,1
pdraw_spiral,vgg16,brightness,3,C:\Users\ramti\Desktop\ramtin legion pc\article_project\data\raw\pdraw_spiral\test\parkinson\V15PE01.png,1,0.426527,0
pdraw_spiral,vgg16,brightness,4,C:\Users\ramti\Desktop\ramtin legion pc\article_project\data\raw\pdraw_spiral\test\healthy\V01HE01.png,0,0.444271,0
pdraw_spiral,vgg16,brightness,4,C:\Users\ramti\Desktop\ramtin legion pc\article_project\data\raw\pdraw_spiral\test\healthy\V02HE01.png,0,0.449185,0
pdraw_spiral,vgg16,brightness,4,C:\Users\ramti\Desktop\ramtin legion pc\article_project\data\raw\pdraw_spiral\test\healthy\V03HE1.png,0,0.436464,0
pdraw_spiral,vgg16,brightness,4,C:\Users\ramti\Desktop\ramtin legion pc\article_project\data\raw\pdraw_spiral\test\healthy\V04HE01.png,0,0.420224,0
pdraw_spiral,vgg16,brightness,4,C:\Users\ramti\Desktop\ramtin legion pc\article_project\data\raw\pdraw_spiral\test\healthy\V05HE01.png,0,0.440215,0
pdraw_spiral,vgg16,brightness,4,C:\Users\ramti\Desktop\ramtin legion pc\article_project\data\raw\pdraw_spiral\test\healthy\V06HE01.png,0,0.434273,0
pdraw_spiral,vgg16,brightness,4,C:\Users\ramti\Desktop\ramtin legion pc\article_project\data\raw\pdraw_spiral\test\healthy\V07HE01.png,0,0.420573,0
pdraw_spiral,vgg16,brightness,4,C:\Users\ramti\Desktop\ramtin legion pc\article_project\data\raw\pdraw_spiral\test\healthy\V08HE01.png,0,0.428815,0
pdraw_spiral,vgg16,brightness,4,C:\Users\ramti\Desktop\ramtin legion pc\article_project\data\raw\pdraw_spiral\test\healthy\V09HE01.png,0,0.431957,0
pdraw_spiral,vgg16,brightness,4,C:\Users\ramti\Desktop\ramtin legion pc\article_project\data\raw\pdraw_spiral\test\healthy\V10HE01.png,0,0.423701,0
pdraw_spiral,vgg16,brightness,4,C:\Users\ramti\Desktop\ramtin legion pc\article_project\data\raw\pdraw_spiral\test\healthy\V11HE01.png,0,0.428783,0
pdraw_spiral,vgg16,brightness,4,C:\Users\ramti\Desktop\ramtin legion pc\article_project\data\raw\pdraw_spiral\test\healthy\V55HE12.png,0,0.401267,0
pdraw_spiral,vgg16,brightness,4,C:\Users\ramti\Desktop\ramtin legion pc\article_project\data\raw\pdraw_spiral\test\healthy\V55HE13.png,0,0.419334,0
pdraw_spiral,vgg16,brightness,4,C:\Users\ramti\Desktop\ramtin legion pc\article_project\data\raw\pdraw_spiral\test\healthy\V55HE14.png,0,0.430484,0
pdraw_spiral,vgg16,brightness,4,C:\Users\ramti\Desktop\ramtin legion pc\article_project\data\raw\pdraw_spiral\test\healthy\V55HE15.png,0,0.435244,0
pdraw_spiral,vgg16,brightness,4,C:\Users\ramti\Desktop\ramtin legion pc\article_project\data\raw\pdraw_spiral\test\parkinson\V01PE01.png,1,0.416135,0
pdraw_spiral,vgg16,brightness,4,C:\Users\ramti\Desktop\ramtin legion pc\article_project\data\raw\pdraw_spiral\test\parkinson\V02PE01.png,1,0.484257,0
pdraw_spiral,vgg16,brightness,4,C:\Users\ramti\Desktop\ramtin legion pc\article_project\data\raw\pdraw_spiral\test\parkinson\V03PE01.png,1,0.489229,0
pdraw_spiral,vgg16,brightness,4,C:\Users\ramti\Desktop\ramtin legion pc\article_project\data\raw\pdraw_spiral\test\parkinson\V03PE04.png,1,0.533592,1
pdraw_spiral,vgg16,brightness,4,C:\Users\ramti\Desktop\ramtin legion pc\article_project\data\raw\pdraw_spiral\test\parkinson\V03PE07.png,1,0.503955,1
pdraw_spiral,vgg16,brightness,4,C:\Users\ramti\Desktop\ramtin legion pc\article_project\data\raw\pdraw_spiral\test\parkinson\V04PE01.png,1,0.488408,0
pdraw_spiral,vgg16,brightness,4,C:\Users\ramti\Desktop\ramtin legion pc\article_project\data\raw\pdraw_spiral\test\parkinson\V05PE01.png,1,0.512900,1
pdraw_spiral,vgg16,brightness,4,C:\Users\ramti\Desktop\ramtin legion pc\article_project\data\raw\pdraw_spiral\test\parkinson\V06PE01.png,1,0.453556,0
pdraw_spiral,vgg16,brightness,4,C:\Users\ramti\Desktop\ramtin legion pc\article_project\data\raw\pdraw_spiral\test\parkinson\V07PE01.png,1,0.497141,0
pdraw_spiral,vgg16,brightness,4,C:\Users\ramti\Desktop\ramtin legion pc\article_project\data\raw\pdraw_spiral\test\parkinson\V08PE01.png,1,0.417382,0
pdraw_spiral,vgg16,brightness,4,C:\Users\ramti\Desktop\ramtin legion pc\article_project\data\raw\pdraw_spiral\test\parkinson\V09PE01.png,1,0.468283,0
pdraw_spiral,vgg16,brightness,4,C:\Users\ramti\Desktop\ramtin legion pc\article_project\data\raw\pdraw_spiral\test\parkinson\V10PE03.png,1,0.457435,0
pdraw_spiral,vgg16,brightness,4,C:\Users\ramti\Desktop\ramtin legion pc\article_project\data\raw\pdraw_spiral\test\parkinson\V11PE03.png,1,0.435138,0
pdraw_spiral,vgg16,brightness,4,C:\Users\ramti\Desktop\ramtin legion pc\article_project\data\raw\pdraw_spiral\test\parkinson\V14PE03.png,1,0.497294,0
pdraw_spiral,vgg16,brightness,4,C:\Users\ramti\Desktop\ramtin legion pc\article_project\data\raw\pdraw_spiral\test\parkinson\V15PE01.png,1,0.416567,0
pdraw_spiral,vgg16,brightness,5,C:\Users\ramti\Desktop\ramtin legion pc\article_project\data\raw\pdraw_spiral\test\healthy\V01HE01.png,0,0.438388,0
pdraw_spiral,vgg16,brightness,5,C:\Users\ramti\Desktop\ramtin legion pc\article_project\data\raw\pdraw_spiral\test\healthy\V02HE01.png,0,0.451509,0
pdraw_spiral,vgg16,brightness,5,C:\Users\ramti\Desktop\ramtin legion pc\article_project\data\raw\pdraw_spiral\test\healthy\V03HE1.png,0,0.423105,0
pdraw_spiral,vgg16,brightness,5,C:\Users\ramti\Desktop\ramtin legion pc\article_project\data\raw\pdraw_spiral\test\healthy\V04HE01.png,0,0.411004,0
pdraw_spiral,vgg16,brightness,5,C:\Users\ramti\Desktop\ramtin legion pc\article_project\data\raw\pdraw_spiral\test\healthy\V05HE01.png,0,0.433883,0
pdraw_spiral,vgg16,brightness,5,C:\Users\ramti\Desktop\ramtin legion pc\article_project\data\raw\pdraw_spiral\test\healthy\V06HE01.png,0,0.446848,0
pdraw_spiral,vgg16,brightness,5,C:\Users\ramti\Desktop\ramtin legion pc\article_project\data\raw\pdraw_spiral\test\healthy\V07HE01.png,0,0.438616,0
pdraw_spiral,vgg16,brightness,5,C:\Users\ramti\Desktop\ramtin legion pc\article_project\data\raw\pdraw_spiral\test\healthy\V08HE01.png,0,0.410207,0
pdraw_spiral,vgg16,brightness,5,C:\Users\ramti\Desktop\ramtin legion pc\article_project\data\raw\pdraw_spiral\test\healthy\V09HE01.png,0,0.418203,0
pdraw_spiral,vgg16,brightness,5,C:\Users\ramti\Desktop\ramtin legion pc\article_project\data\raw\pdraw_spiral\test\healthy\V10HE01.png,0,0.458784,0
pdraw_spiral,vgg16,brightness,5,C:\Users\ramti\Desktop\ramtin legion pc\article_project\data\raw\pdraw_spiral\test\healthy\V11HE01.png,0,0.423314,0
pdraw_spiral,vgg16,brightness,5,C:\Users\ramti\Desktop\ramtin legion pc\article_project\data\raw\pdraw_spiral\test\healthy\V55HE12.png,0,0.437458,0
pdraw_spiral,vgg16,brightness,5,C:\Users\ramti\Desktop\ramtin legion pc\article_project\data\raw\pdraw_spiral\test\healthy\V55HE13.png,0,0.413138,0
pdraw_spiral,vgg16,brightness,5,C:\Users\ramti\Desktop\ramtin legion pc\article_project\data\raw\pdraw_spiral\test\healthy\V55HE14.png,0,0.415354,0
pdraw_spiral,vgg16,brightness,5,C:\Users\ramti\Desktop\ramtin legion pc\article_project\data\raw\pdraw_spiral\test\healthy\V55HE15.png,0,0.410211,0
pdraw_spiral,vgg16,brightness,5,C:\Users\ramti\Desktop\ramtin legion pc\article_project\data\raw\pdraw_spiral\test\parkinson\V01PE01.png,1,0.409458,0
pdraw_spiral,vgg16,brightness,5,C:\Users\ramti\Desktop\ramtin legion pc\article_project\data\raw\pdraw_spiral\test\parkinson\V02PE01.png,1,0.465908,0
pdraw_spiral,vgg16,brightness,5,C:\Users\ramti\Desktop\ramtin legion pc\article_project\data\raw\pdraw_spiral\test\parkinson\V03PE01.png,1,0.474004,0
pdraw_spiral,vgg16,brightness,5,C:\Users\ramti\Desktop\ramtin legion pc\article_project\data\raw\pdraw_spiral\test\parkinson\V03PE04.png,1,0.520272,1
pdraw_spiral,vgg16,brightness,5,C:\Users\ramti\Desktop\ramtin legion pc\article_project\data\raw\pdraw_spiral\test\parkinson\V03PE07.png,1,0.476081,0
pdraw_spiral,vgg16,brightness,5,C:\Users\ramti\Desktop\ramtin legion pc\article_project\data\raw\pdraw_spiral\test\parkinson\V04PE01.png,1,0.476823,0
pdraw_spiral,vgg16,brightness,5,C:\Users\ramti\Desktop\ramtin legion pc\article_project\data\raw\pdraw_spiral\test\parkinson\V05PE01.png,1,0.493220,0
pdraw_spiral,vgg16,brightness,5,C:\Users\ramti\Desktop\ramtin legion pc\article_project\data\raw\pdraw_spiral\test\parkinson\V06PE01.png,1,0.447408,0
pdraw_spiral,vgg16,brightness,5,C:\Users\ramti\Desktop\ramtin legion pc\article_project\data\raw\pdraw_spiral\test\parkinson\V07PE01.png,1,0.493996,0
pdraw_spiral,vgg16,brightness,5,C:\Users\ramti\Desktop\ramtin legion pc\article_project\data\raw\pdraw_spiral\test\parkinson\V08PE01.png,1,0.415267,0
pdraw_spiral,vgg16,brightness,5,C:\Users\ramti\Desktop\ramtin legion pc\article_project\data\raw\pdraw_spiral\test\parkinson\V09PE01.png,1,0.450746,0
pdraw_spiral,vgg16,brightness,5,C:\Users\ramti\Desktop\ramtin legion pc\article_project\data\raw\pdraw_spiral\test\parkinson\V10PE03.png,1,0.446182,0
pdraw_spiral,vgg16,brightness,5,C:\Users\ramti\Desktop\ramtin legion pc\article_project\data\raw\pdraw_spiral\test\parkinson\V11PE03.png,1,0.420930,0
pdraw_spiral,vgg16,brightness,5,C:\Users\ramti\Desktop\ramtin legion pc\article_project\data\raw\pdraw_spiral\test\parkinson\V14PE03.png,1,0.477528,0
pdraw_spiral,vgg16,brightness,5,C:\Users\ramti\Desktop\ramtin legion pc\article_project\data\raw\pdraw_spiral\test\parkinson\V15PE01.png,1,0.437883,0
pdraw_spiral,vgg16,shadow,1,C:\Users\ramti\Desktop\ramtin legion pc\article_project\data\raw\pdraw_spiral\test\healthy\V01HE01.png,0,0.424805,0
pdraw_spiral,vgg16,shadow,1,C:\Users\ramti\Desktop\ramtin legion pc\article_project\data\raw\pdraw_spiral\test\healthy\V02HE01.png,0,0.501687,1
pdraw_spiral,vgg16,shadow,1,C:\Users\ramti\Desktop\ramtin legion pc\article_project\data\raw\pdraw_spiral\test\healthy\V03HE1.png,0,0.422779,0
pdraw_spiral,vgg16,shadow,1,C:\Users\ramti\Desktop\ramtin legion pc\article_project\data\raw\pdraw_spiral\test\healthy\V04HE01.png,0,0.426953,0
pdraw_spiral,vgg16,shadow,1,C:\Users\ramti\Desktop\ramtin legion pc\article_project\data\raw\pdraw_spiral\test\healthy\V05HE01.png,0,0.449494,0
pdraw_spiral,vgg16,shadow,1,C:\Users\ramti\Desktop\ramtin legion pc\article_project\data\raw\pdraw_spiral\test\healthy\V06HE01.png,0,0.426893,0
pdraw_spiral,vgg16,shadow,1,C:\Users\ramti\Desktop\ramtin legion pc\article_project\data\raw\pdraw_spiral\test\healthy\V07HE01.png,0,0.436652,0
pdraw_spiral,vgg16,shadow,1,C:\Users\ramti\Desktop\ramtin legion pc\article_project\data\raw\pdraw_spiral\test\healthy\V08HE01.png,0,0.416624,0
pdraw_spiral,vgg16,shadow,1,C:\Users\ramti\Desktop\ramtin legion pc\article_project\data\raw\pdraw_spiral\test\healthy\V09HE01.png,0,0.423330,0
pdraw_spiral,vgg16,shadow,1,C:\Users\ramti\Desktop\ramtin legion pc\article_project\data\raw\pdraw_spiral\test\healthy\V10HE01.png,0,0.432862,0
pdraw_spiral,vgg16,shadow,1,C:\Users\ramti\Desktop\ramtin legion pc\article_project\data\raw\pdraw_spiral\test\healthy\V11HE01.png,0,0.441190,0
pdraw_spiral,vgg16,shadow,1,C:\Users\ramti\Desktop\ramtin legion pc\article_project\data\raw\pdraw_spiral\test\healthy\V55HE12.png,0,0.422034,0
pdraw_spiral,vgg16,shadow,1,C:\Users\ramti\Desktop\ramtin legion pc\article_project\data\raw\pdraw_spiral\test\healthy\V55HE13.png,0,0.408982,0
pdraw_spiral,vgg16,shadow,1,C:\Users\ramti\Desktop\ramtin legion pc\article_project\data\raw\pdraw_spiral\test\healthy\V55HE14.png,0,0.429538,0
pdraw_spiral,vgg16,shadow,1,C:\Users\ramti\Desktop\ramtin legion pc\article_project\data\raw\pdraw_spiral\test\healthy\V55HE15.png,0,0.447908,0
pdraw_spiral,vgg16,shadow,1,C:\Users\ramti\Desktop\ramtin legion pc\article_project\data\raw\pdraw_spiral\test\parkinson\V01PE01.png,1,0.439117,0
pdraw_spiral,vgg16,shadow,1,C:\Users\ramti\Desktop\ramtin legion pc\article_project\data\raw\pdraw_spiral\test\parkinson\V02PE01.png,1,0.498434,0
pdraw_spiral,vgg16,shadow,1,C:\Users\ramti\Desktop\ramtin legion pc\article_project\data\raw\pdraw_spiral\test\parkinson\V03PE01.png,1,0.533015,1
pdraw_spiral,vgg16,shadow,1,C:\Users\ramti\Desktop\ramtin legion pc\article_project\data\raw\pdraw_spiral\test\parkinson\V03PE04.png,1,0.571836,1
pdraw_spiral,vgg16,shadow,1,C:\Users\ramti\Desktop\ramtin legion pc\article_project\data\raw\pdraw_spiral\test\parkinson\V03PE07.png,1,0.543002,1
pdraw_spiral,vgg16,shadow,1,C:\Users\ramti\Desktop\ramtin legion pc\article_project\data\raw\pdraw_spiral\test\parkinson\V04PE01.png,1,0.487458,0
pdraw_spiral,vgg16,shadow,1,C:\Users\ramti\Desktop\ramtin legion pc\article_project\data\raw\pdraw_spiral\test\parkinson\V05PE01.png,1,0.525965,1
pdraw_spiral,vgg16,shadow,1,C:\Users\ramti\Desktop\ramtin legion pc\article_project\data\raw\pdraw_spiral\test\parkinson\V06PE01.png,1,0.447130,0
pdraw_spiral,vgg16,shadow,1,C:\Users\ramti\Desktop\ramtin legion pc\article_project\data\raw\pdraw_spiral\test\parkinson\V07PE01.png,1,0.526847,1
pdraw_spiral,vgg16,shadow,1,C:\Users\ramti\Desktop\ramtin legion pc\article_project\data\raw\pdraw_spiral\test\parkinson\V08PE01.png,1,0.393167,0
pdraw_spiral,vgg16,shadow,1,C:\Users\ramti\Desktop\ramtin legion pc\article_project\data\raw\pdraw_spiral\test\parkinson\V09PE01.png,1,0.471431,0
pdraw_spiral,vgg16,shadow,1,C:\Users\ramti\Desktop\ramtin legion pc\article_project\data\raw\pdraw_spiral\test\parkinson\V10PE03.png,1,0.441734,0
pdraw_spiral,vgg16,shadow,1,C:\Users\ramti\Desktop\ramtin legion pc\article_project\data\raw\pdraw_spiral\test\parkinson\V11PE03.png,1,0.435190,0
pdraw_spiral,vgg16,shadow,1,C:\Users\ramti\Desktop\ramtin legion pc\article_project\data\raw\pdraw_spiral\test\parkinson\V14PE03.png,1,0.503073,1
pdraw_spiral,vgg16,shadow,1,C:\Users\ramti\Desktop\ramtin legion pc\article_project\data\raw\pdraw_spiral\test\parkinson\V15PE01.png,1,0.419996,0
pdraw_spiral,vgg16,shadow,2,C:\Users\ramti\Desktop\ramtin legion pc\article_project\data\raw\pdraw_spiral\test\healthy\V01HE01.png,0,0.428977,0
pdraw_spiral,vgg16,shadow,2,C:\Users\ramti\Desktop\ramtin legion pc\article_project\data\raw\pdraw_spiral\test\healthy\V02HE01.png,0,0.507543,1
pdraw_spiral,vgg16,shadow,2,C:\Users\ramti\Desktop\ramtin legion pc\article_project\data\raw\pdraw_spiral\test\healthy\V03HE1.png,0,0.427999,0
pdraw_spiral,vgg16,shadow,2,C:\Users\ramti\Desktop\ramtin legion pc\article_project\data\raw\pdraw_spiral\test\healthy\V04HE01.png,0,0.429518,0
pdraw_spiral,vgg16,shadow,2,C:\Users\ramti\Desktop\ramtin legion pc\article_project\data\raw\pdraw_spiral\test\healthy\V05HE01.png,0,0.451672,0
pdraw_spiral,vgg16,shadow,2,C:\Users\ramti\Desktop\ramtin legion pc\article_project\data\raw\pdraw_spiral\test\healthy\V06HE01.png,0,0.430475,0
pdraw_spiral,vgg16,shadow,2,C:\Users\ramti\Desktop\ramtin legion pc\article_project\data\raw\pdraw_spiral\test\healthy\V07HE01.png,0,0.440425,0
pdraw_spiral,vgg16,shadow,2,C:\Users\ramti\Desktop\ramtin legion pc\article_project\data\raw\pdraw_spiral\test\healthy\V08HE01.png,0,0.422132,0
pdraw_spiral,vgg16,shadow,2,C:\Users\ramti\Desktop\ramtin legion pc\article_project\data\raw\pdraw_spiral\test\healthy\V09HE01.png,0,0.426645,0
pdraw_spiral,vgg16,shadow,2,C:\Users\ramti\Desktop\ramtin legion pc\article_project\data\raw\pdraw_spiral\test\healthy\V10HE01.png,0,0.436919,0
pdraw_spiral,vgg16,shadow,2,C:\Users\ramti\Desktop\ramtin legion pc\article_project\data\raw\pdraw_spiral\test\healthy\V11HE01.png,0,0.443453,0
pdraw_spiral,vgg16,shadow,2,C:\Users\ramti\Desktop\ramtin legion pc\article_project\data\raw\pdraw_spiral\test\healthy\V55HE12.png,0,0.427132,0
pdraw_spiral,vgg16,shadow,2,C:\Users\ramti\Desktop\ramtin legion pc\article_project\data\raw\pdraw_spiral\test\healthy\V55HE13.png,0,0.414054,0
pdraw_spiral,vgg16,shadow,2,C:\Users\ramti\Desktop\ramtin legion pc\article_project\data\raw\pdraw_spiral\test\healthy\V55HE14.png,0,0.434762,0
pdraw_spiral,vgg16,shadow,2,C:\Users\ramti\Desktop\ramtin legion pc\article_project\data\raw\pdraw_spiral\test\healthy\V55HE15.png,0,0.451561,0
pdraw_spiral,vgg16,shadow,2,C:\Users\ramti\Desktop\ramtin legion pc\article_project\data\raw\pdraw_spiral\test\parkinson\V01PE01.png,1,0.439984,0
pdraw_spiral,vgg16,shadow,2,C:\Users\ramti\Desktop\ramtin legion pc\article_project\data\raw\pdraw_spiral\test\parkinson\V02PE01.png,1,0.501875,1
pdraw_spiral,vgg16,shadow,2,C:\Users\ramti\Desktop\ramtin legion pc\article_project\data\raw\pdraw_spiral\test\parkinson\V03PE01.png,1,0.527889,1
pdraw_spiral,vgg16,shadow,2,C:\Users\ramti\Desktop\ramtin legion pc\article_project\data\raw\pdraw_spiral\test\parkinson\V03PE04.png,1,0.567752,1
pdraw_spiral,vgg16,shadow,2,C:\Users\ramti\Desktop\ramtin legion pc\article_project\data\raw\pdraw_spiral\test\parkinson\V03PE07.png,1,0.541980,1
pdraw_spiral,vgg16,shadow,2,C:\Users\ramti\Desktop\ramtin legion pc\article_project\data\raw\pdraw_spiral\test\parkinson\V04PE01.png,1,0.488820,0
pdraw_spiral,vgg16,shadow,2,C:\Users\ramti\Desktop\ramtin legion pc\article_project\data\raw\pdraw_spiral\test\parkinson\V05PE01.png,1,0.524112,1
pdraw_spiral,vgg16,shadow,2,C:\Users\ramti\Desktop\ramtin legion pc\article_project\data\raw\pdraw_spiral\test\parkinson\V06PE01.png,1,0.446827,0
pdraw_spiral,vgg16,shadow,2,C:\Users\ramti\Desktop\ramtin legion pc\article_project\data\raw\pdraw_spiral\test\parkinson\V07PE01.png,1,0.529046,1
pdraw_spiral,vgg16,shadow,2,C:\Users\ramti\Desktop\ramtin legion pc\article_project\data\raw\pdraw_spiral\test\parkinson\V08PE01.png,1,0.402666,0
pdraw_spiral,vgg16,shadow,2,C:\Users\ramti\Desktop\ramtin legion pc\article_project\data\raw\pdraw_spiral\test\parkinson\V09PE01.png,1,0.473530,0
pdraw_spiral,vgg16,shadow,2,C:\Users\ramti\Desktop\ramtin legion pc\article_project\data\raw\pdraw_spiral\test\parkinson\V10PE03.png,1,0.445603,0
pdraw_spiral,vgg16,shadow,2,C:\Users\ramti\Desktop\ramtin legion pc\article_project\data\raw\pdraw_spiral\test\parkinson\V11PE03.png,1,0.437560,0
pdraw_spiral,vgg16,shadow,2,C:\Users\ramti\Desktop\ramtin legion pc\article_project\data\raw\pdraw_spiral\test\parkinson\V14PE03.png,1,0.503723,1
pdraw_spiral,vgg16,shadow,2,C:\Users\ramti\Desktop\ramtin legion pc\article_project\data\raw\pdraw_spiral\test\parkinson\V15PE01.png,1,0.424838,0
pdraw_spiral,vgg16,shadow,3,C:\Users\ramti\Desktop\ramtin legion pc\article_project\data\raw\pdraw_spiral\test\healthy\V01HE01.png,0,0.431866,0
pdraw_spiral,vgg16,shadow,3,C:\Users\ramti\Desktop\ramtin legion pc\article_project\data\raw\pdraw_spiral\test\healthy\V02HE01.png,0,0.511105,1
pdraw_spiral,vgg16,shadow,3,C:\Users\ramti\Desktop\ramtin legion pc\article_project\data\raw\pdraw_spiral\test\healthy\V03HE1.png,0,0.431870,0
pdraw_spiral,vgg16,shadow,3,C:\Users\ramti\Desktop\ramtin legion pc\article_project\data\raw\pdraw_spiral\test\healthy\V04HE01.png,0,0.430183,0
pdraw_spiral,vgg16,shadow,3,C:\Users\ramti\Desktop\ramtin legion pc\article_project\data\raw\pdraw_spiral\test\healthy\V05HE01.png,0,0.452659,0
pdraw_spiral,vgg16,shadow,3,C:\Users\ramti\Desktop\ramtin legion pc\article_project\data\raw\pdraw_spiral\test\healthy\V06HE01.png,0,0.435362,0
pdraw_spiral,vgg16,shadow,3,C:\Users\ramti\Desktop\ramtin legion pc\article_project\data\raw\pdraw_spiral\test\healthy\V07HE01.png,0,0.443184,0
pdraw_spiral,vgg16,shadow,3,C:\Users\ramti\Desktop\ramtin legion pc\article_project\data\raw\pdraw_spiral\test\healthy\V08HE01.png,0,0.424034,0
pdraw_spiral,vgg16,shadow,3,C:\Users\ramti\Desktop\ramtin legion pc\article_project\data\raw\pdraw_spiral\test\healthy\V09HE01.png,0,0.428242,0
pdraw_spiral,vgg16,shadow,3,C:\Users\ramti\Desktop\ramtin legion pc\article_project\data\raw\pdraw_spiral\test\healthy\V10HE01.png,0,0.444563,0
pdraw_spiral,vgg16,shadow,3,C:\Users\ramti\Desktop\ramtin legion pc\article_project\data\raw\pdraw_spiral\test\healthy\V11HE01.png,0,0.442990,0
pdraw_spiral,vgg16,shadow,3,C:\Users\ramti\Desktop\ramtin legion pc\article_project\data\raw\pdraw_spiral\test\healthy\V55HE12.png,0,0.430805,0
pdraw_spiral,vgg16,shadow,3,C:\Users\ramti\Desktop\ramtin legion pc\article_project\data\raw\pdraw_spiral\test\healthy\V55HE13.png,0,0.417940,0
pdraw_spiral,vgg16,shadow,3,C:\Users\ramti\Desktop\ramtin legion pc\article_project\data\raw\pdraw_spiral\test\healthy\V55HE14.png,0,0.437384,0
pdraw_spiral,vgg16,shadow,3,C:\Users\ramti\Desktop\ramtin legion pc\article_project\data\raw\pdraw_spiral\test\healthy\V55HE15.png,0,0.452208,0
pdraw_spiral,vgg16,shadow,3,C:\Users\ramti\Desktop\ramtin legion pc\article_project\data\raw\pdraw_spiral\test\parkinson\V01PE01.png,1,0.442654,0
pdraw_spiral,vgg16,shadow,3,C:\Users\ramti\Desktop\ramtin legion pc\article_project\data\raw\pdraw_spiral\test\parkinson\V02PE01.png,1,0.503851,1
pdraw_spiral,vgg16,shadow,3,C:\Users\ramti\Desktop\ramtin legion pc\article_project\data\raw\pdraw_spiral\test\parkinson\V03PE01.png,1,0.522891,1
pdraw_spiral,vgg16,shadow,3,C:\Users\ramti\Desktop\ramtin legion pc\article_project\data\raw\pdraw_spiral\test\parkinson\V03PE04.png,1,0.564050,1
pdraw_spiral,vgg16,shadow,3,C:\Users\ramti\Desktop\ramtin legion pc\article_project\data\raw\pdraw_spiral\test\parkinson\V03PE07.png,1,0.538649,1
pdraw_spiral,vgg16,shadow,3,C:\Users\ramti\Desktop\ramtin legion pc\article_project\data\raw\pdraw_spiral\test\parkinson\V04PE01.png,1,0.490869,0
pdraw_spiral,vgg16,shadow,3,C:\Users\ramti\Desktop\ramtin legion pc\article_project\data\raw\pdraw_spiral\test\parkinson\V05PE01.png,1,0.522188,1
pdraw_spiral,vgg16,shadow,3,C:\Users\ramti\Desktop\ramtin legion pc\article_project\data\raw\pdraw_spiral\test\parkinson\V06PE01.png,1,0.448048,0
pdraw_spiral,vgg16,shadow,3,C:\Users\ramti\Desktop\ramtin legion pc\article_project\data\raw\pdraw_spiral\test\parkinson\V07PE01.png,1,0.527504,1
pdraw_spiral,vgg16,shadow,3,C:\Users\ramti\Desktop\ramtin legion pc\article_project\data\raw\pdraw_spiral\test\parkinson\V08PE01.png,1,0.409062,0
pdraw_spiral,vgg16,shadow,3,C:\Users\ramti\Desktop\ramtin legion pc\article_project\data\raw\pdraw_spiral\test\parkinson\V09PE01.png,1,0.476212,0
pdraw_spiral,vgg16,shadow,3,C:\Users\ramti\Desktop\ramtin legion pc\article_project\data\raw\pdraw_spiral\test\parkinson\V10PE03.png,1,0.447926,0
pdraw_spiral,vgg16,shadow,3,C:\Users\ramti\Desktop\ramtin legion pc\article_project\data\raw\pdraw_spiral\test\parkinson\V11PE03.png,1,0.439319,0
pdraw_spiral,vgg16,shadow,3,C:\Users\ramti\Desktop\ramtin legion pc\article_project\data\raw\pdraw_spiral\test\parkinson\V14PE03.png,1,0.504347,1
pdraw_spiral,vgg16,shadow,3,C:\Users\ramti\Desktop\ramtin legion pc\article_project\data\raw\pdraw_spiral\test\parkinson\V15PE01.png,1,0.429673,0
pdraw_spiral,vgg16,shadow,4,C:\Users\ramti\Desktop\ramtin legion pc\article_project\data\raw\pdraw_spiral\test\healthy\V01HE01.png,0,0.432054,0
pdraw_spiral,vgg16,shadow,4,C:\Users\ramti\Desktop\ramtin legion pc\article_project\data\raw\pdraw_spiral\test\healthy\V02HE01.png,0,0.510783,1
pdraw_spiral,vgg16,shadow,4,C:\Users\ramti\Desktop\ramtin legion pc\article_project\data\raw\pdraw_spiral\test\healthy\V03HE1.png,0,0.433663,0
pdraw_spiral,vgg16,shadow,4,C:\Users\ramti\Desktop\ramtin legion pc\article_project\data\raw\pdraw_spiral\test\healthy\V04HE01.png,0,0.430931,0
pdraw_spiral,vgg16,shadow,4,C:\Users\ramti\Desktop\ramtin legion pc\article_project\data\raw\pdraw_spiral\test\healthy\V05HE01.png,0,0.452407,0
pdraw_spiral,vgg16,shadow,4,C:\Users\ramti\Desktop\ramtin legion pc\article_project\data\raw\pdraw_spiral\test\healthy\V06HE01.png,0,0.438063,0
pdraw_spiral,vgg16,shadow,4,C:\Users\ramti\Desktop\ramtin legion pc\article_project\data\raw\pdraw_spiral\test\healthy\V07HE01.png,0,0.445035,0
pdraw_spiral,vgg16,shadow,4,C:\Users\ramti\Desktop\ramtin legion pc\article_project\data\raw\pdraw_spiral\test\healthy\V08HE01.png,0,0.426081,0
pdraw_spiral,vgg16,shadow,4,C:\Users\ramti\Desktop\ramtin legion pc\article_project\data\raw\pdraw_spiral\test\healthy\V09HE01.png,0,0.429324,0
pdraw_spiral,vgg16,shadow,4,C:\Users\ramti\Desktop\ramtin legion pc\article_project\data\raw\pdraw_spiral\test\healthy\V10HE01.png,0,0.449388,0
pdraw_spiral,vgg16,shadow,4,C:\Users\ramti\Desktop\ramtin legion pc\article_project\data\raw\pdraw_spiral\test\healthy\V11HE01.png,0,0.445044,0
pdraw_spiral,vgg16,shadow,4,C:\Users\ramti\Desktop\ramtin legion pc\article_project\data\raw\pdraw_spiral\test\healthy\V55HE12.png,0,0.434183,0
pdraw_spiral,vgg16,shadow,4,C:\Users\ramti\Desktop\ramtin legion pc\article_project\data\raw\pdraw_spiral\test\healthy\V55HE13.png,0,0.420873,0
pdraw_spiral,vgg16,shadow,4,C:\Users\ramti\Desktop\ramtin legion pc\article_project\data\raw\pdraw_spiral\test\healthy\V55HE14.png,0,0.440001,0
pdraw_spiral,vgg16,shadow,4,C:\Users\ramti\Desktop\ramtin legion pc\article_project\data\raw\pdraw_spiral\test\healthy\V55HE15.png,0,0.452338,0
pdraw_spiral,vgg16,shadow,4,C:\Users\ramti\Desktop\ramtin legion pc\article_project\data\raw\pdraw_spiral\test\parkinson\V01PE01.png,1,0.442743,0
pdraw_spiral,vgg16,shadow,4,C:\Users\ramti\Desktop\ramtin legion pc\article_project\data\raw\pdraw_spiral\test\parkinson\V02PE01.png,1,0.504114,1
pdraw_spiral,vgg16,shadow,4,C:\Users\ramti\Desktop\ramtin legion pc\article_project\data\raw\pdraw_spiral\test\parkinson\V03PE01.png,1,0.521994,1
pdraw_spiral,vgg16,shadow,4,C:\Users\ramti\Desktop\ramtin legion pc\article_project\data\raw\pdraw_spiral\test\parkinson\V03PE04.png,1,0.560299,1
pdraw_spiral,vgg16,shadow,4,C:\Users\ramti\Desktop\ramtin legion pc\article_project\data\raw\pdraw_spiral\test\parkinson\V03PE07.png,1,0.535597,1
pdraw_spiral,vgg16,shadow,4,C:\Users\ramti\Desktop\ramtin legion pc\article_project\data\raw\pdraw_spiral\test\parkinson\V04PE01.png,1,0.489979,0
pdraw_spiral,vgg16,shadow,4,C:\Users\ramti\Desktop\ramtin legion pc\article_project\data\raw\pdraw_spiral\test\parkinson\V05PE01.png,1,0.519958,1
pdraw_spiral,vgg16,shadow,4,C:\Users\ramti\Desktop\ramtin legion pc\article_project\data\raw\pdraw_spiral\test\parkinson\V06PE01.png,1,0.450070,0
pdraw_spiral,vgg16,shadow,4,C:\Users\ramti\Desktop\ramtin legion pc\article_project\data\raw\pdraw_spiral\test\parkinson\V07PE01.png,1,0.527479,1
pdraw_spiral,vgg16,shadow,4,C:\Users\ramti\Desktop\ramtin legion pc\article_project\data\raw\pdraw_spiral\test\parkinson\V08PE01.png,1,0.413464,0
pdraw_spiral,vgg16,shadow,4,C:\Users\ramti\Desktop\ramtin legion pc\article_project\data\raw\pdraw_spiral\test\parkinson\V09PE01.png,1,0.477745,0
pdraw_spiral,vgg16,shadow,4,C:\Users\ramti\Desktop\ramtin legion pc\article_project\data\raw\pdraw_spiral\test\parkinson\V10PE03.png,1,0.447224,0
pdraw_spiral,vgg16,shadow,4,C:\Users\ramti\Desktop\ramtin legion pc\article_project\data\raw\pdraw_spiral\test\parkinson\V11PE03.png,1,0.441374,0
pdraw_spiral,vgg16,shadow,4,C:\Users\ramti\Desktop\ramtin legion pc\article_project\data\raw\pdraw_spiral\test\parkinson\V14PE03.png,1,0.504309,1
pdraw_spiral,vgg16,shadow,4,C:\Users\ramti\Desktop\ramtin legion pc\article_project\data\raw\pdraw_spiral\test\parkinson\V15PE01.png,1,0.437571,0
pdraw_spiral,vgg16,shadow,5,C:\Users\ramti\Desktop\ramtin legion pc\article_project\data\raw\pdraw_spiral\test\healthy\V01HE01.png,0,0.434679,0
pdraw_spiral,vgg16,shadow,5,C:\Users\ramti\Desktop\ramtin legion pc\article_project\data\raw\pdraw_spiral\test\healthy\V02HE01.png,0,0.509794,1
pdraw_spiral,vgg16,shadow,5,C:\Users\ramti\Desktop\ramtin legion pc\article_project\data\raw\pdraw_spiral\test\healthy\V03HE1.png,0,0.433133,0
pdraw_spiral,vgg16,shadow,5,C:\Users\ramti\Desktop\ramtin legion pc\article_project\data\raw\pdraw_spiral\test\healthy\V04HE01.png,0,0.430189,0
pdraw_spiral,vgg16,shadow,5,C:\Users\ramti\Desktop\ramtin legion pc\article_project\data\raw\pdraw_spiral\test\healthy\V05HE01.png,0,0.452711,0
pdraw_spiral,vgg16,shadow,5,C:\Users\ramti\Desktop\ramtin legion pc\article_project\data\raw\pdraw_spiral\test\healthy\V06HE01.png,0,0.437335,0
pdraw_spiral,vgg16,shadow,5,C:\Users\ramti\Desktop\ramtin legion pc\article_project\data\raw\pdraw_spiral\test\healthy\V07HE01.png,0,0.445636,0
pdraw_spiral,vgg16,shadow,5,C:\Users\ramti\Desktop\ramtin legion pc\article_project\data\raw\pdraw_spiral\test\healthy\V08HE01.png,0,0.424259,0
pdraw_spiral,vgg16,shadow,5,C:\Users\ramti\Desktop\ramtin legion pc\article_project\data\raw\pdraw_spiral\test\healthy\V09HE01.png,0,0.430126,0
pdraw_spiral,vgg16,shadow,5,C:\Users\ramti\Desktop\ramtin legion pc\article_project\data\raw\pdraw_spiral\test\healthy\V10HE01.png,0,0.450695,0
pdraw_spiral,vgg16,shadow,5,C:\Users\ramti\Desktop\ramtin legion pc\article_project\data\raw\pdraw_spiral\test\healthy\V11HE01.png,0,0.442610,0
pdraw_spiral,vgg16,shadow,5,C:\Users\ramti\Desktop\ramtin legion pc\article_project\data\raw\pdraw_spiral\test\healthy\V55HE12.png,0,0.435878,0
pdraw_spiral,vgg16,shadow,5,C:\Users\ramti\Desktop\ramtin legion pc\article_project\data\raw\pdraw_spiral\test\healthy\V55HE13.png,0,0.423298,0
pdraw_spiral,vgg16,shadow,5,C:\Users\ramti\Desktop\ramtin legion pc\article_project\data\raw\pdraw_spiral\test\healthy\V55HE14.png,0,0.439657,0
pdraw_spiral,vgg16,shadow,5,C:\Users\ramti\Desktop\ramtin legion pc\article_project\data\raw\pdraw_spiral\test\healthy\V55HE15.png,0,0.451621,0
pdraw_spiral,vgg16,shadow,5,C:\Users\ramti\Desktop\ramtin legion pc\article_project\data\raw\pdraw_spiral\test\parkinson\V01PE01.png,1,0.440077,0
pdraw_spiral,vgg16,shadow,5,C:\Users\ramti\Desktop\ramtin legion pc\article_project\data\raw\pdraw_spiral\test\parkinson\V02PE01.png,1,0.505513,1
pdraw_spiral,vgg16,shadow,5,C:\Users\ramti\Desktop\ramtin legion pc\article_project\data\raw\pdraw_spiral\test\parkinson\V03PE01.png,1,0.521409,1
pdraw_spiral,vgg16,shadow,5,C:\Users\ramti\Desktop\ramtin legion pc\article_project\data\raw\pdraw_spiral\test\parkinson\V03PE04.png,1,0.558631,1
pdraw_spiral,vgg16,shadow,5,C:\Users\ramti\Desktop\ramtin legion pc\article_project\data\raw\pdraw_spiral\test\parkinson\V03PE07.png,1,0.532664,1
pdraw_spiral,vgg16,shadow,5,C:\Users\ramti\Desktop\ramtin legion pc\article_project\data\raw\pdraw_spiral\test\parkinson\V04PE01.png,1,0.489247,0
pdraw_spiral,vgg16,shadow,5,C:\Users\ramti\Desktop\ramtin legion pc\article_project\data\raw\pdraw_spiral\test\parkinson\V05PE01.png,1,0.519692,1
pdraw_spiral,vgg16,shadow,5,C:\Users\ramti\Desktop\ramtin legion pc\article_project\data\raw\pdraw_spiral\test\parkinson\V06PE01.png,1,0.450677,0
pdraw_spiral,vgg16,shadow,5,C:\Users\ramti\Desktop\ramtin legion pc\article_project\data\raw\pdraw_spiral\test\parkinson\V07PE01.png,1,0.527975,1
pdraw_spiral,vgg16,shadow,5,C:\Users\ramti\Desktop\ramtin legion pc\article_project\data\raw\pdraw_spiral\test\parkinson\V08PE01.png,1,0.414587,0
pdraw_spiral,vgg16,shadow,5,C:\Users\ramti\Desktop\ramtin legion pc\article_project\data\raw\pdraw_spiral\test\parkinson\V09PE01.png,1,0.479024,0
pdraw_spiral,vgg16,shadow,5,C:\Users\ramti\Desktop\ramtin legion pc\article_project\data\raw\pdraw_spiral\test\parkinson\V10PE03.png,1,0.446502,0
pdraw_spiral,vgg16,shadow,5,C:\Users\ramti\Desktop\ramtin legion pc\article_project\data\raw\pdraw_spiral\test\parkinson\V11PE03.png,1,0.443015,0
pdraw_spiral,vgg16,shadow,5,C:\Users\ramti\Desktop\ramtin legion pc\article_project\data\raw\pdraw_spiral\test\parkinson\V14PE03.png,1,0.505874,1
pdraw_spiral,vgg16,shadow,5,C:\Users\ramti\Desktop\ramtin legion pc\article_project\data\raw\pdraw_spiral\test\parkinson\V15PE01.png,1,0.442924,0
pdraw_spiral,vgg16,perspective,1,C:\Users\ramti\Desktop\ramtin legion pc\article_project\data\raw\pdraw_spiral\test\healthy\V01HE01.png,0,0.424375,0
pdraw_spiral,vgg16,perspective,1,C:\Users\ramti\Desktop\ramtin legion pc\article_project\data\raw\pdraw_spiral\test\healthy\V02HE01.png,0,0.489084,0
pdraw_spiral,vgg16,perspective,1,C:\Users\ramti\Desktop\ramtin legion pc\article_project\data\raw\pdraw_spiral\test\healthy\V03HE1.png,0,0.422777,0
pdraw_spiral,vgg16,perspective,1,C:\Users\ramti\Desktop\ramtin legion pc\article_project\data\raw\pdraw_spiral\test\healthy\V04HE01.png,0,0.422312,0
pdraw_spiral,vgg16,perspective,1,C:\Users\ramti\Desktop\ramtin legion pc\article_project\data\raw\pdraw_spiral\test\healthy\V05HE01.png,0,0.447924,0
pdraw_spiral,vgg16,perspective,1,C:\Users\ramti\Desktop\ramtin legion pc\article_project\data\raw\pdraw_spiral\test\healthy\V06HE01.png,0,0.425995,0
pdraw_spiral,vgg16,perspective,1,C:\Users\ramti\Desktop\ramtin legion pc\article_project\data\raw\pdraw_spiral\test\healthy\V07HE01.png,0,0.422005,0
pdraw_spiral,vgg16,perspective,1,C:\Users\ramti\Desktop\ramtin legion pc\article_project\data\raw\pdraw_spiral\test\healthy\V08HE01.png,0,0.415077,0
pdraw_spiral,vgg16,perspective,1,C:\Users\ramti\Desktop\ramtin legion pc\article_project\data\raw\pdraw_spiral\test\healthy\V09HE01.png,0,0.432448,0
pdraw_spiral,vgg16,perspective,1,C:\Users\ramti\Desktop\ramtin legion pc\article_project\data\raw\pdraw_spiral\test\healthy\V10HE01.png,0,0.431710,0
pdraw_spiral,vgg16,perspective,1,C:\Users\ramti\Desktop\ramtin legion pc\article_project\data\raw\pdraw_spiral\test\healthy\V11HE01.png,0,0.445816,0
pdraw_spiral,vgg16,perspective,1,C:\Users\ramti\Desktop\ramtin legion pc\article_project\data\raw\pdraw_spiral\test\healthy\V55HE12.png,0,0.422103,0
pdraw_spiral,vgg16,perspective,1,C:\Users\ramti\Desktop\ramtin legion pc\article_project\data\raw\pdraw_spiral\test\healthy\V55HE13.png,0,0.415789,0
pdraw_spiral,vgg16,perspective,1,C:\Users\ramti\Desktop\ramtin legion pc\article_project\data\raw\pdraw_spiral\test\healthy\V55HE14.png,0,0.425287,0
pdraw_spiral,vgg16,perspective,1,C:\Users\ramti\Desktop\ramtin legion pc\article_project\data\raw\pdraw_spiral\test\healthy\V55HE15.png,0,0.431268,0
pdraw_spiral,vgg16,perspective,1,C:\Users\ramti\Desktop\ramtin legion pc\article_project\data\raw\pdraw_spiral\test\parkinson\V01PE01.png,1,0.430121,0
pdraw_spiral,vgg16,perspective,1,C:\Users\ramti\Desktop\ramtin legion pc\article_project\data\raw\pdraw_spiral\test\parkinson\V02PE01.png,1,0.492849,0
pdraw_spiral,vgg16,perspective,1,C:\Users\ramti\Desktop\ramtin legion pc\article_project\data\raw\pdraw_spiral\test\parkinson\V03PE01.png,1,0.534431,1
pdraw_spiral,vgg16,perspective,1,C:\Users\ramti\Desktop\ramtin legion pc\article_project\data\raw\pdraw_spiral\test\parkinson\V03PE04.png,1,0.564741,1
pdraw_spiral,vgg16,perspective,1,C:\Users\ramti\Desktop\ramtin legion pc\article_project\data\raw\pdraw_spiral\test\parkinson\V03PE07.png,1,0.537532,1
pdraw_spiral,vgg16,perspective,1,C:\Users\ramti\Desktop\ramtin legion pc\article_project\data\raw\pdraw_spiral\test\parkinson\V04PE01.png,1,0.497689,0
pdraw_spiral,vgg16,perspective,1,C:\Users\ramti\Desktop\ramtin legion pc\article_project\data\raw\pdraw_spiral\test\parkinson\V05PE01.png,1,0.522119,1
pdraw_spiral,vgg16,perspective,1,C:\Users\ramti\Desktop\ramtin legion pc\article_project\data\raw\pdraw_spiral\test\parkinson\V06PE01.png,1,0.442715,0
pdraw_spiral,vgg16,perspective,1,C:\Users\ramti\Desktop\ramtin legion pc\article_project\data\raw\pdraw_spiral\test\parkinson\V07PE01.png,1,0.517620,1
pdraw_spiral,vgg16,perspective,1,C:\Users\ramti\Desktop\ramtin legion pc\article_project\data\raw\pdraw_spiral\test\parkinson\V08PE01.png,1,0.399489,0
pdraw_spiral,vgg16,perspective,1,C:\Users\ramti\Desktop\ramtin legion pc\article_project\data\raw\pdraw_spiral\test\parkinson\V09PE01.png,1,0.465526,0
pdraw_spiral,vgg16,perspective,1,C:\Users\ramti\Desktop\ramtin legion pc\article_project\data\raw\pdraw_spiral\test\parkinson\V10PE03.png,1,0.438055,0
pdraw_spiral,vgg16,perspective,1,C:\Users\ramti\Desktop\ramtin legion pc\article_project\data\raw\pdraw_spiral\test\parkinson\V11PE03.png,1,0.437099,0
pdraw_spiral,vgg16,perspective,1,C:\Users\ramti\Desktop\ramtin legion pc\article_project\data\raw\pdraw_spiral\test\parkinson\V14PE03.png,1,0.503856,1
pdraw_spiral,vgg16,perspective,1,C:\Users\ramti\Desktop\ramtin legion pc\article_project\data\raw\pdraw_spiral\test\parkinson\V15PE01.png,1,0.430047,0
pdraw_spiral,vgg16,perspective,2,C:\Users\ramti\Desktop\ramtin legion pc\article_project\data\raw\pdraw_spiral\test\healthy\V01HE01.png,0,0.428451,0
pdraw_spiral,vgg16,perspective,2,C:\Users\ramti\Desktop\ramtin legion pc\article_project\data\raw\pdraw_spiral\test\healthy\V02HE01.png,0,0.480879,0
pdraw_spiral,vgg16,perspective,2,C:\Users\ramti\Desktop\ramtin legion pc\article_project\data\raw\pdraw_spiral\test\healthy\V03HE1.png,0,0.417794,0
pdraw_spiral,vgg16,perspective,2,C:\Users\ramti\Desktop\ramtin legion pc\article_project\data\raw\pdraw_spiral\test\healthy\V04HE01.png,0,0.421872,0
pdraw_spiral,vgg16,perspective,2,C:\Users\ramti\Desktop\ramtin legion pc\article_project\data\raw\pdraw_spiral\test\healthy\V05HE01.png,0,0.457276,0
pdraw_spiral,vgg16,perspective,2,C:\Users\ramti\Desktop\ramtin legion pc\article_project\data\raw\pdraw_spiral\test\healthy\V06HE01.png,0,0.426816,0
pdraw_spiral,vgg16,perspective,2,C:\Users\ramti\Desktop\ramtin legion pc\article_project\data\raw\pdraw_spiral\test\healthy\V07HE01.png,0,0.422354,0
pdraw_spiral,vgg16,perspective,2,C:\Users\ramti\Desktop\ramtin legion pc\article_project\data\raw\pdraw_spiral\test\healthy\V08HE01.png,0,0.415869,0
pdraw_spiral,vgg16,perspective,2,C:\Users\ramti\Desktop\ramtin legion pc\article_project\data\raw\pdraw_spiral\test\healthy\V09HE01.png,0,0.435942,0
pdraw_spiral,vgg16,perspective,2,C:\Users\ramti\Desktop\ramtin legion pc\article_project\data\raw\pdraw_spiral\test\healthy\V10HE01.png,0,0.435242,0
pdraw_spiral,vgg16,perspective,2,C:\Users\ramti\Desktop\ramtin legion pc\article_project\data\raw\pdraw_spiral\test\healthy\V11HE01.png,0,0.446879,0
pdraw_spiral,vgg16,perspective,2,C:\Users\ramti\Desktop\ramtin legion pc\article_project\data\raw\pdraw_spiral\test\healthy\V55HE12.png,0,0.420379,0
pdraw_spiral,vgg16,perspective,2,C:\Users\ramti\Desktop\ramtin legion pc\article_project\data\raw\pdraw_spiral\test\healthy\V55HE13.png,0,0.415907,0
pdraw_spiral,vgg16,perspective,2,C:\Users\ramti\Desktop\ramtin legion pc\article_project\data\raw\pdraw_spiral\test\healthy\V55HE14.png,0,0.424466,0
pdraw_spiral,vgg16,perspective,2,C:\Users\ramti\Desktop\ramtin legion pc\article_project\data\raw\pdraw_spiral\test\healthy\V55HE15.png,0,0.431028,0
pdraw_spiral,vgg16,perspective,2,C:\Users\ramti\Desktop\ramtin legion pc\article_project\data\raw\pdraw_spiral\test\parkinson\V01PE01.png,1,0.424515,0
pdraw_spiral,vgg16,perspective,2,C:\Users\ramti\Desktop\ramtin legion pc\article_project\data\raw\pdraw_spiral\test\parkinson\V02PE01.png,1,0.494201,0
pdraw_spiral,vgg16,perspective,2,C:\Users\ramti\Desktop\ramtin legion pc\article_project\data\raw\pdraw_spiral\test\parkinson\V03PE01.png,1,0.525600,1
pdraw_spiral,vgg16,perspective,2,C:\Users\ramti\Desktop\ramtin legion pc\article_project\data\raw\pdraw_spiral\test\parkinson\V03PE04.png,1,0.560412,1
pdraw_spiral,vgg16,perspective,2,C:\Users\ramti\Desktop\ramtin legion pc\article_project\data\raw\pdraw_spiral\test\parkinson\V03PE07.png,1,0.533646,1
pdraw_spiral,vgg16,perspective,2,C:\Users\ramti\Desktop\ramtin legion pc\article_project\data\raw\pdraw_spiral\test\parkinson\V04PE01.png,1,0.497573,0
pdraw_spiral,vgg16,perspective,2,C:\Users\ramti\Desktop\ramtin legion pc\article_project\data\raw\pdraw_spiral\test\parkinson\V05PE01.png,1,0.521678,1
pdraw_spiral,vgg16,perspective,2,C:\Users\ramti\Desktop\ramtin legion pc\article_project\data\raw\pdraw_spiral\test\parkinson\V06PE01.png,1,0.442522,0
pdraw_spiral,vgg16,perspective,2,C:\Users\ramti\Desktop\ramtin legion pc\article_project\data\raw\pdraw_spiral\test\parkinson\V07PE01.png,1,0.519059,1
pdraw_spiral,vgg16,perspective,2,C:\Users\ramti\Desktop\ramtin legion pc\article_project\data\raw\pdraw_spiral\test\parkinson\V08PE01.png,1,0.405224,0
pdraw_spiral,vgg16,perspective,2,C:\Users\ramti\Desktop\ramtin legion pc\article_project\data\raw\pdraw_spiral\test\parkinson\V09PE01.png,1,0.463516,0
pdraw_spiral,vgg16,perspective,2,C:\Users\ramti\Desktop\ramtin legion pc\article_project\data\raw\pdraw_spiral\test\parkinson\V10PE03.png,1,0.445191,0
pdraw_spiral,vgg16,perspective,2,C:\Users\ramti\Desktop\ramtin legion pc\article_project\data\raw\pdraw_spiral\test\parkinson\V11PE03.png,1,0.435689,0
pdraw_spiral,vgg16,perspective,2,C:\Users\ramti\Desktop\ramtin legion pc\article_project\data\raw\pdraw_spiral\test\parkinson\V14PE03.png,1,0.502181,1
pdraw_spiral,vgg16,perspective,2,C:\Users\ramti\Desktop\ramtin legion pc\article_project\data\raw\pdraw_spiral\test\parkinson\V15PE01.png,1,0.432473,0
pdraw_spiral,vgg16,perspective,3,C:\Users\ramti\Desktop\ramtin legion pc\article_project\data\raw\pdraw_spiral\test\healthy\V01HE01.png,0,0.419071,0
pdraw_spiral,vgg16,perspective,3,C:\Users\ramti\Desktop\ramtin legion pc\article_project\data\raw\pdraw_spiral\test\healthy\V02HE01.png,0,0.486858,0
pdraw_spiral,vgg16,perspective,3,C:\Users\ramti\Desktop\ramtin legion pc\article_project\data\raw\pdraw_spiral\test\healthy\V03HE1.png,0,0.418565,0
pdraw_spiral,vgg16,perspective,3,C:\Users\ramti\Desktop\ramtin legion pc\article_project\data\raw\pdraw_spiral\test\healthy\V04HE01.png,0,0.423616,0
pdraw_spiral,vgg16,perspective,3,C:\Users\ramti\Desktop\ramtin legion pc\article_project\data\raw\pdraw_spiral\test\healthy\V05HE01.png,0,0.451491,0
pdraw_spiral,vgg16,perspective,3,C:\Users\ramti\Desktop\ramtin legion pc\article_project\data\raw\pdraw_spiral\test\healthy\V06HE01.png,0,0.428023,0
pdraw_spiral,vgg16,perspective,3,C:\Users\ramti\Desktop\ramtin legion pc\article_project\data\raw\pdraw_spiral\test\healthy\V07HE01.png,0,0.421711,0
pdraw_spiral,vgg16,perspective,3,C:\Users\ramti\Desktop\ramtin legion pc\article_project\data\raw\pdraw_spiral\test\healthy\V08HE01.png,0,0.419653,0
pdraw_spiral,vgg16,perspective,3,C:\Users\ramti\Desktop\ramtin legion pc\article_project\data\raw\pdraw_spiral\test\healthy\V09HE01.png,0,0.426901,0
pdraw_spiral,vgg16,perspective,3,C:\Users\ramti\Desktop\ramtin legion pc\article_project\data\raw\pdraw_spiral\test\healthy\V10HE01.png,0,0.431589,0
pdraw_spiral,vgg16,perspective,3,C:\Users\ramti\Desktop\ramtin legion pc\article_project\data\raw\pdraw_spiral\test\healthy\V11HE01.png,0,0.448995,0
pdraw_spiral,vgg16,perspective,3,C:\Users\ramti\Desktop\ramtin legion pc\article_project\data\raw\pdraw_spiral\test\healthy\V55HE12.png,0,0.424568,0
pdraw_spiral,vgg16,perspective,3,C:\Users\ramti\Desktop\ramtin legion pc\article_project\data\raw\pdraw_spiral\test\healthy\V55HE13.png,0,0.416012,0
pdraw_spiral,vgg16,perspective,3,C:\Users\ramti\Desktop\ramtin legion pc\article_project\data\raw\pdraw_spiral\test\healthy\V55HE14.png,0,0.423496,0
pdraw_spiral,vgg16,perspective,3,C:\Users\ramti\Desktop\ramtin legion pc\article_project\data\raw\pdraw_spiral\test\healthy\V55HE15.png,0,0.429773,0
pdraw_spiral,vgg16,perspective,3,C:\Users\ramti\Desktop\ramtin legion pc\article_project\data\raw\pdraw_spiral\test\parkinson\V01PE01.png,1,0.428004,0
pdraw_spiral,vgg16,perspective,3,C:\Users\ramti\Desktop\ramtin legion pc\article_project\data\raw\pdraw_spiral\test\parkinson\V02PE01.png,1,0.494168,0
pdraw_spiral,vgg16,perspective,3,C:\Users\ramti\Desktop\ramtin legion pc\article_project\data\raw\pdraw_spiral\test\parkinson\V03PE01.png,1,0.521971,1
pdraw_spiral,vgg16,perspective,3,C:\Users\ramti\Desktop\ramtin legion pc\article_project\data\raw\pdraw_spiral\test\parkinson\V03PE04.png,1,0.557545,1
pdraw_spiral,vgg16,perspective,3,C:\Users\ramti\Desktop\ramtin legion pc\article_project\data\raw\pdraw_spiral\test\parkinson\V03PE07.png,1,0.531711,1
pdraw_spiral,vgg16,perspective,3,C:\Users\ramti\Desktop\ramtin legion pc\article_project\data\raw\pdraw_spiral\test\parkinson\V04PE01.png,1,0.499110,0
pdraw_spiral,vgg16,perspective,3,C:\Users\ramti\Desktop\ramtin legion pc\article_project\data\raw\pdraw_spiral\test\parkinson\V05PE01.png,1,0.517819,1
pdraw_spiral,vgg16,perspective,3,C:\Users\ramti\Desktop\ramtin legion pc\article_project\data\raw\pdraw_spiral\test\parkinson\V06PE01.png,1,0.445335,0
pdraw_spiral,vgg16,perspective,3,C:\Users\ramti\Desktop\ramtin legion pc\article_project\data\raw\pdraw_spiral\test\parkinson\V07PE01.png,1,0.519954,1
pdraw_spiral,vgg16,perspective,3,C:\Users\ramti\Desktop\ramtin legion pc\article_project\data\raw\pdraw_spiral\test\parkinson\V08PE01.png,1,0.402744,0
pdraw_spiral,vgg16,perspective,3,C:\Users\ramti\Desktop\ramtin legion pc\article_project\data\raw\pdraw_spiral\test\parkinson\V09PE01.png,1,0.468473,0
pdraw_spiral,vgg16,perspective,3,C:\Users\ramti\Desktop\ramtin legion pc\article_project\data\raw\pdraw_spiral\test\parkinson\V10PE03.png,1,0.437900,0
pdraw_spiral,vgg16,perspective,3,C:\Users\ramti\Desktop\ramtin legion pc\article_project\data\raw\pdraw_spiral\test\parkinson\V11PE03.png,1,0.439459,0
pdraw_spiral,vgg16,perspective,3,C:\Users\ramti\Desktop\ramtin legion pc\article_project\data\raw\pdraw_spiral\test\parkinson\V14PE03.png,1,0.505827,1
pdraw_spiral,vgg16,perspective,3,C:\Users\ramti\Desktop\ramtin legion pc\article_project\data\raw\pdraw_spiral\test\parkinson\V15PE01.png,1,0.427908,0
pdraw_spiral,vgg16,perspective,4,C:\Users\ramti\Desktop\ramtin legion pc\article_project\data\raw\pdraw_spiral\test\healthy\V01HE01.png,0,0.421694,0
pdraw_spiral,vgg16,perspective,4,C:\Users\ramti\Desktop\ramtin legion pc\article_project\data\raw\pdraw_spiral\test\healthy\V02HE01.png,0,0.481910,0
pdraw_spiral,vgg16,perspective,4,C:\Users\ramti\Desktop\ramtin legion pc\article_project\data\raw\pdraw_spiral\test\healthy\V03HE1.png,0,0.407198,0
pdraw_spiral,vgg16,perspective,4,C:\Users\ramti\Desktop\ramtin legion pc\article_project\data\raw\pdraw_spiral\test\healthy\V04HE01.png,0,0.417207,0
pdraw_spiral,vgg16,perspective,4,C:\Users\ramti\Desktop\ramtin legion pc\article_project\data\raw\pdraw_spiral\test\healthy\V05HE01.png,0,0.451621,0
pdraw_spiral,vgg16,perspective,4,C:\Users\ramti\Desktop\ramtin legion pc\article_project\data\raw\pdraw_spiral\test\healthy\V06HE01.png,0,0.422226,0
pdraw_spiral,vgg16,perspective,4,C:\Users\ramti\Desktop\ramtin legion pc\article_project\data\raw\pdraw_spiral\test\healthy\V07HE01.png,0,0.427761,0
pdraw_spiral,vgg16,perspective,4,C:\Users\ramti\Desktop\ramtin legion pc\article_project\data\raw\pdraw_spiral\test\healthy\V08HE01.png,0,0.412429,0
pdraw_spiral,vgg16,perspective,4,C:\Users\ramti\Desktop\ramtin legion pc\article_project\data\raw\pdraw_spiral\test\healthy\V09HE01.png,0,0.431524,0
pdraw_spiral,vgg16,perspective,4,C:\Users\ramti\Desktop\ramtin legion pc\article_project\data\raw\pdraw_spiral\test\healthy\V10HE01.png,0,0.432959,0
pdraw_spiral,vgg16,perspective,4,C:\Users\ramti\Desktop\ramtin legion pc\article_project\data\raw\pdraw_spiral\test\healthy\V11HE01.png,0,0.451303,0
pdraw_spiral,vgg16,perspective,4,C:\Users\ramti\Desktop\ramtin legion pc\article_project\data\raw\pdraw_spiral\test\healthy\V55HE12.png,0,0.425023,0
pdraw_spiral,vgg16,perspective,4,C:\Users\ramti\Desktop\ramtin legion pc\article_project\data\raw\pdraw_spiral\test\healthy\V55HE13.png,0,0.416233,0
pdraw_spiral,vgg16,perspective,4,C:\Users\ramti\Desktop\ramtin legion pc\article_project\data\raw\pdraw_spiral\test\healthy\V55HE14.png,0,0.423845,0
pdraw_spiral,vgg16,perspective,4,C:\Users\ramti\Desktop\ramtin legion pc\article_project\data\raw\pdraw_spiral\test\healthy\V55HE15.png,0,0.428406,0
pdraw_spiral,vgg16,perspective,4,C:\Users\ramti\Desktop\ramtin legion pc\article_project\data\raw\pdraw_spiral\test\parkinson\V01PE01.png,1,0.434846,0
pdraw_spiral,vgg16,perspective,4,C:\Users\ramti\Desktop\ramtin legion pc\article_project\data\raw\pdraw_spiral\test\parkinson\V02PE01.png,1,0.498242,0
pdraw_spiral,vgg16,perspective,4,C:\Users\ramti\Desktop\ramtin legion pc\article_project\data\raw\pdraw_spiral\test\parkinson\V03PE01.png,1,0.527485,1
pdraw_spiral,vgg16,perspective,4,C:\Users\ramti\Desktop\ramtin legion pc\article_project\data\raw\pdraw_spiral\test\parkinson\V03PE04.png,1,0.556853,1
pdraw_spiral,vgg16,perspective,4,C:\Users\ramti\Desktop\ramtin legion pc\article_project\data\raw\pdraw_spiral\test\parkinson\V03PE07.png,1,0.538324,1
pdraw_spiral,vgg16,perspective,4,C:\Users\ramti\Desktop\ramtin legion pc\article_project\data\raw\pdraw_spiral\test\parkinson\V04PE01.png,1,0.501108,1
pdraw_spiral,vgg16,perspective,4,C:\Users\ramti\Desktop\ramtin legion pc\article_project\data\raw\pdraw_spiral\test\parkinson\V05PE01.png,1,0.515046,1
pdraw_spiral,vgg16,perspective,4,C:\Users\ramti\Desktop\ramtin legion pc\article_project\data\raw\pdraw_spiral\test\parkinson\V06PE01.png,1,0.447274,0
pdraw_spiral,vgg16,perspective,4,C:\Users\ramti\Desktop\ramtin legion pc\article_project\data\raw\pdraw_spiral\test\parkinson\V07PE01.png,1,0.518243,1
pdraw_spiral,vgg16,perspective,4,C:\Users\ramti\Desktop\ramtin legion pc\article_project\data\raw\pdraw_spiral\test\parkinson\V08PE01.png,1,0.412366,0
pdraw_spiral,vgg16,perspective,4,C:\Users\ramti\Desktop\ramtin legion pc\article_project\data\raw\pdraw_spiral\test\parkinson\V09PE01.png,1,0.467937,0
pdraw_spiral,vgg16,perspective,4,C:\Users\ramti\Desktop\ramtin legion pc\article_project\data\raw\pdraw_spiral\test\parkinson\V10PE03.png,1,0.442680,0
pdraw_spiral,vgg16,perspective,4,C:\Users\ramti\Desktop\ramtin legion pc\article_project\data\raw\pdraw_spiral\test\parkinson\V11PE03.png,1,0.435412,0
pdraw_spiral,vgg16,perspective,4,C:\Users\ramti\Desktop\ramtin legion pc\article_project\data\raw\pdraw_spiral\test\parkinson\V14PE03.png,1,0.506315,1
pdraw_spiral,vgg16,perspective,4,C:\Users\ramti\Desktop\ramtin legion pc\article_project\data\raw\pdraw_spiral\test\parkinson\V15PE01.png,1,0.431054,0
pdraw_spiral,vgg16,perspective,5,C:\Users\ramti\Desktop\ramtin legion pc\article_project\data\raw\pdraw_spiral\test\healthy\V01HE01.png,0,0.418125,0
pdraw_spiral,vgg16,perspective,5,C:\Users\ramti\Desktop\ramtin legion pc\article_project\data\raw\pdraw_spiral\test\healthy\V02HE01.png,0,0.483279,0
pdraw_spiral,vgg16,perspective,5,C:\Users\ramti\Desktop\ramtin legion pc\article_project\data\raw\pdraw_spiral\test\healthy\V03HE1.png,0,0.408413,0
pdraw_spiral,vgg16,perspective,5,C:\Users\ramti\Desktop\ramtin legion pc\article_project\data\raw\pdraw_spiral\test\healthy\V04HE01.png,0,0.421215,0
pdraw_spiral,vgg16,perspective,5,C:\Users\ramti\Desktop\ramtin legion pc\article_project\data\raw\pdraw_spiral\test\healthy\V05HE01.png,0,0.447425,0
pdraw_spiral,vgg16,perspective,5,C:\Users\ramti\Desktop\ramtin legion pc\article_project\data\raw\pdraw_spiral\test\healthy\V06HE01.png,0,0.427639,0
pdraw_spiral,vgg16,perspective,5,C:\Users\ramti\Desktop\ramtin legion pc\article_project\data\raw\pdraw_spiral\test\healthy\V07HE01.png,0,0.424722,0
pdraw_spiral,vgg16,perspective,5,C:\Users\ramti\Desktop\ramtin legion pc\article_project\data\raw\pdraw_spiral\test\healthy\V08HE01.png,0,0.414461,0
pdraw_spiral,vgg16,perspective,5,C:\Users\ramti\Desktop\ramtin legion pc\article_project\data\raw\pdraw_spiral\test\healthy\V09HE01.png,0,0.433023,0
pdraw_spiral,vgg16,perspective,5,C:\Users\ramti\Desktop\ramtin legion pc\article_project\data\raw\pdraw_spiral\test\healthy\V10HE01.png,0,0.437762,0
pdraw_spiral,vgg16,perspective,5,C:\Users\ramti\Desktop\ramtin legion pc\article_project\data\raw\pdraw_spiral\test\healthy\V11HE01.png,0,0.452621,0
pdraw_spiral,vgg16,perspective,5,C:\Users\ramti\Desktop\ramtin legion pc\article_project\data\raw\pdraw_spiral\test\healthy\V55HE12.png,0,0.422725,0
pdraw_spiral,vgg16,perspective,5,C:\Users\ramti\Desktop\ramtin legion pc\article_project\data\raw\pdraw_spiral\test\healthy\V55HE13.png,0,0.424517,0
pdraw_spiral,vgg16,perspective,5,C:\Users\ramti\Desktop\ramtin legion pc\article_project\data\raw\pdraw_spiral\test\healthy\V55HE14.png,0,0.423029,0
pdraw_spiral,vgg16,perspective,5,C:\Users\ramti\Desktop\ramtin legion pc\article_project\data\raw\pdraw_spiral\test\healthy\V55HE15.png,0,0.433531,0
pdraw_spiral,vgg16,perspective,5,C:\Users\ramti\Desktop\ramtin legion pc\article_project\data\raw\pdraw_spiral\test\parkinson\V01PE01.png,1,0.432806,0
pdraw_spiral,vgg16,perspective,5,C:\Users\ramti\Desktop\ramtin legion pc\article_project\data\raw\pdraw_spiral\test\parkinson\V02PE01.png,1,0.497363,0
pdraw_spiral,vgg16,perspective,5,C:\Users\ramti\Desktop\ramtin legion pc\article_project\data\raw\pdraw_spiral\test\parkinson\V03PE01.png,1,0.529966,1
pdraw_spiral,vgg16,perspective,5,C:\Users\ramti\Desktop\ramtin legion pc\article_project\data\raw\pdraw_spiral\test\parkinson\V03PE04.png,1,0.553422,1
pdraw_spiral,vgg16,perspective,5,C:\Users\ramti\Desktop\ramtin legion pc\article_project\data\raw\pdraw_spiral\test\parkinson\V03PE07.png,1,0.538696,1
pdraw_spiral,vgg16,perspective,5,C:\Users\ramti\Desktop\ramtin legion pc\article_project\data\raw\pdraw_spiral\test\parkinson\V04PE01.png,1,0.502966,1
pdraw_spiral,vgg16,perspective,5,C:\Users\ramti\Desktop\ramtin legion pc\article_project\data\raw\pdraw_spiral\test\parkinson\V05PE01.png,1,0.515808,1
pdraw_spiral,vgg16,perspective,5,C:\Users\ramti\Desktop\ramtin legion pc\article_project\data\raw\pdraw_spiral\test\parkinson\V06PE01.png,1,0.442501,0
pdraw_spiral,vgg16,perspective,5,C:\Users\ramti\Desktop\ramtin legion pc\article_project\data\raw\pdraw_spiral\test\parkinson\V07PE01.png,1,0.519747,1
pdraw_spiral,vgg16,perspective,5,C:\Users\ramti\Desktop\ramtin legion pc\article_project\data\raw\pdraw_spiral\test\parkinson\V08PE01.png,1,0.413053,0
pdraw_spiral,vgg16,perspective,5,C:\Users\ramti\Desktop\ramtin legion pc\article_project\data\raw\pdraw_spiral\test\parkinson\V09PE01.png,1,0.466786,0
pdraw_spiral,vgg16,perspective,5,C:\Users\ramti\Desktop\ramtin legion pc\article_project\data\raw\pdraw_spiral\test\parkinson\V10PE03.png,1,0.444703,0
pdraw_spiral,vgg16,perspective,5,C:\Users\ramti\Desktop\ramtin legion pc\article_project\data\raw\pdraw_spiral\test\parkinson\V11PE03.png,1,0.436614,0
pdraw_spiral,vgg16,perspective,5,C:\Users\ramti\Desktop\ramtin legion pc\article_project\data\raw\pdraw_spiral\test\parkinson\V14PE03.png,1,0.507231,1
pdraw_spiral,vgg16,perspective,5,C:\Users\ramti\Desktop\ramtin legion pc\article_project\data\raw\pdraw_spiral\test\parkinson\V15PE01.png,1,0.429689,0
pdraw_spiral,vgg16,rotation,1,C:\Users\ramti\Desktop\ramtin legion pc\article_project\data\raw\pdraw_spiral\test\healthy\V01HE01.png,0,0.423320,0
pdraw_spiral,vgg16,rotation,1,C:\Users\ramti\Desktop\ramtin legion pc\article_project\data\raw\pdraw_spiral\test\healthy\V02HE01.png,0,0.491702,0
pdraw_spiral,vgg16,rotation,1,C:\Users\ramti\Desktop\ramtin legion pc\article_project\data\raw\pdraw_spiral\test\healthy\V03HE1.png,0,0.422645,0
pdraw_spiral,vgg16,rotation,1,C:\Users\ramti\Desktop\ramtin legion pc\article_project\data\raw\pdraw_spiral\test\healthy\V04HE01.png,0,0.430599,0
pdraw_spiral,vgg16,rotation,1,C:\Users\ramti\Desktop\ramtin legion pc\article_project\data\raw\pdraw_spiral\test\healthy\V05HE01.png,0,0.446695,0
pdraw_spiral,vgg16,rotation,1,C:\Users\ramti\Desktop\ramtin legion pc\article_project\data\raw\pdraw_spiral\test\healthy\V06HE01.png,0,0.424728,0
pdraw_spiral,vgg16,rotation,1,C:\Users\ramti\Desktop\ramtin legion pc\article_project\data\raw\pdraw_spiral\test\healthy\V07HE01.png,0,0.439160,0
pdraw_spiral,vgg16,rotation,1,C:\Users\ramti\Desktop\ramtin legion pc\article_project\data\raw\pdraw_spiral\test\healthy\V08HE01.png,0,0.419035,0
pdraw_spiral,vgg16,rotation,1,C:\Users\ramti\Desktop\ramtin legion pc\article_project\data\raw\pdraw_spiral\test\healthy\V09HE01.png,0,0.434660,0
pdraw_spiral,vgg16,rotation,1,C:\Users\ramti\Desktop\ramtin legion pc\article_project\data\raw\pdraw_spiral\test\healthy\V10HE01.png,0,0.439945,0
pdraw_spiral,vgg16,rotation,1,C:\Users\ramti\Desktop\ramtin legion pc\article_project\data\raw\pdraw_spiral\test\healthy\V11HE01.png,0,0.443510,0
pdraw_spiral,vgg16,rotation,1,C:\Users\ramti\Desktop\ramtin legion pc\article_project\data\raw\pdraw_spiral\test\healthy\V55HE12.png,0,0.423594,0
pdraw_spiral,vgg16,rotation,1,C:\Users\ramti\Desktop\ramtin legion pc\article_project\data\raw\pdraw_spiral\test\healthy\V55HE13.png,0,0.414197,0
pdraw_spiral,vgg16,rotation,1,C:\Users\ramti\Desktop\ramtin legion pc\article_project\data\raw\pdraw_spiral\test\healthy\V55HE14.png,0,0.430232,0
pdraw_spiral,vgg16,rotation,1,C:\Users\ramti\Desktop\ramtin legion pc\article_project\data\raw\pdraw_spiral\test\healthy\V55HE15.png,0,0.441313,0
pdraw_spiral,vgg16,rotation,1,C:\Users\ramti\Desktop\ramtin legion pc\article_project\data\raw\pdraw_spiral\test\parkinson\V01PE01.png,1,0.438271,0
pdraw_spiral,vgg16,rotation,1,C:\Users\ramti\Desktop\ramtin legion pc\article_project\data\raw\pdraw_spiral\test\parkinson\V02PE01.png,1,0.497642,0
pdraw_spiral,vgg16,rotation,1,C:\Users\ramti\Desktop\ramtin legion pc\article_project\data\raw\pdraw_spiral\test\parkinson\V03PE01.png,1,0.540167,1
pdraw_spiral,vgg16,rotation,1,C:\Users\ramti\Desktop\ramtin legion pc\article_project\data\raw\pdraw_spiral\test\parkinson\V03PE04.png,1,0.562726,1
pdraw_spiral,vgg16,rotation,1,C:\Users\ramti\Desktop\ramtin legion pc\article_project\data\raw\pdraw_spiral\test\parkinson\V03PE07.png,1,0.540810,1
pdraw_spiral,vgg16,rotation,1,C:\Users\ramti\Desktop\ramtin legion pc\article_project\data\raw\pdraw_spiral\test\parkinson\V04PE01.png,1,0.494754,0
pdraw_spiral,vgg16,rotation,1,C:\Users\ramti\Desktop\ramtin legion pc\article_project\data\raw\pdraw_spiral\test\parkinson\V05PE01.png,1,0.528695,1
pdraw_spiral,vgg16,rotation,1,C:\Users\ramti\Desktop\ramtin legion pc\article_project\data\raw\pdraw_spiral\test\parkinson\V06PE01.png,1,0.446226,0
pdraw_spiral,vgg16,rotation,1,C:\Users\ramti\Desktop\ramtin legion pc\article_project\data\raw\pdraw_spiral\test\parkinson\V07PE01.png,1,0.517947,1
pdraw_spiral,vgg16,rotation,1,C:\Users\ramti\Desktop\ramtin legion pc\article_project\data\raw\pdraw_spiral\test\parkinson\V08PE01.png,1,0.401472,0
pdraw_spiral,vgg16,rotation,1,C:\Users\ramti\Desktop\ramtin legion pc\article_project\data\raw\pdraw_spiral\test\parkinson\V09PE01.png,1,0.473384,0
pdraw_spiral,vgg16,rotation,1,C:\Users\ramti\Desktop\ramtin legion pc\article_project\data\raw\pdraw_spiral\test\parkinson\V10PE03.png,1,0.442520,0
pdraw_spiral,vgg16,rotation,1,C:\Users\ramti\Desktop\ramtin legion pc\article_project\data\raw\pdraw_spiral\test\parkinson\V11PE03.png,1,0.434421,0
pdraw_spiral,vgg16,rotation,1,C:\Users\ramti\Desktop\ramtin legion pc\article_project\data\raw\pdraw_spiral\test\parkinson\V14PE03.png,1,0.505997,1
pdraw_spiral,vgg16,rotation,1,C:\Users\ramti\Desktop\ramtin legion pc\article_project\data\raw\pdraw_spiral\test\parkinson\V15PE01.png,1,0.423802,0
pdraw_spiral,vgg16,rotation,2,C:\Users\ramti\Desktop\ramtin legion pc\article_project\data\raw\pdraw_spiral\test\healthy\V01HE01.png,0,0.418630,0
pdraw_spiral,vgg16,rotation,2,C:\Users\ramti\Desktop\ramtin legion pc\article_project\data\raw\pdraw_spiral\test\healthy\V02HE01.png,0,0.485772,0
pdraw_spiral,vgg16,rotation,2,C:\Users\ramti\Desktop\ramtin legion pc\article_project\data\raw\pdraw_spiral\test\healthy\V03HE1.png,0,0.412799,0
pdraw_spiral,vgg16,rotation,2,C:\Users\ramti\Desktop\ramtin legion pc\article_project\data\raw\pdraw_spiral\test\healthy\V04HE01.png,0,0.426019,0
pdraw_spiral,vgg16,rotation,2,C:\Users\ramti\Desktop\ramtin legion pc\article_project\data\raw\pdraw_spiral\test\healthy\V05HE01.png,0,0.454747,0
pdraw_spiral,vgg16,rotation,2,C:\Users\ramti\Desktop\ramtin legion pc\article_project\data\raw\pdraw_spiral\test\healthy\V06HE01.png,0,0.420653,0
pdraw_spiral,vgg16,rotation,2,C:\Users\ramti\Desktop\ramtin legion pc\article_project\data\raw\pdraw_spiral\test\healthy\V07HE01.png,0,0.426081,0
pdraw_spiral,vgg16,rotation,2,C:\Users\ramti\Desktop\ramtin legion pc\article_project\data\raw\pdraw_spiral\test\healthy\V08HE01.png,0,0.416177,0
pdraw_spiral,vgg16,rotation,2,C:\Users\ramti\Desktop\ramtin legion pc\article_project\data\raw\pdraw_spiral\test\healthy\V09HE01.png,0,0.418145,0
pdraw_spiral,vgg16,rotation,2,C:\Users\ramti\Desktop\ramtin legion pc\article_project\data\raw\pdraw_spiral\test\healthy\V10HE01.png,0,0.431075,0
pdraw_spiral,vgg16,rotation,2,C:\Users\ramti\Desktop\ramtin legion pc\article_project\data\raw\pdraw_spiral\test\healthy\V11HE01.png,0,0.437048,0
pdraw_spiral,vgg16,rotation,2,C:\Users\ramti\Desktop\ramtin legion pc\article_project\data\raw\pdraw_spiral\test\healthy\V55HE12.png,0,0.422511,0
pdraw_spiral,vgg16,rotation,2,C:\Users\ramti\Desktop\ramtin legion pc\article_project\data\raw\pdraw_spiral\test\healthy\V55HE13.png,0,0.413958,0
pdraw_spiral,vgg16,rotation,2,C:\Users\ramti\Desktop\ramtin legion pc\article_project\data\raw\pdraw_spiral\test\healthy\V55HE14.png,0,0.431241,0
pdraw_spiral,vgg16,rotation,2,C:\Users\ramti\Desktop\ramtin legion pc\article_project\data\raw\pdraw_spiral\test\healthy\V55HE15.png,0,0.428596,0
pdraw_spiral,vgg16,rotation,2,C:\Users\ramti\Desktop\ramtin legion pc\article_project\data\raw\pdraw_spiral\test\parkinson\V01PE01.png,1,0.432249,0
pdraw_spiral,vgg16,rotation,2,C:\Users\ramti\Desktop\ramtin legion pc\article_project\data\raw\pdraw_spiral\test\parkinson\V02PE01.png,1,0.503441,1
pdraw_spiral,vgg16,rotation,2,C:\Users\ramti\Desktop\ramtin legion pc\article_project\data\raw\pdraw_spiral\test\parkinson\V03PE01.png,1,0.546302,1
pdraw_spiral,vgg16,rotation,2,C:\Users\ramti\Desktop\ramtin legion pc\article_project\data\raw\pdraw_spiral\test\parkinson\V03PE04.png,1,0.574702,1
pdraw_spiral,vgg16,rotation,2,C:\Users\ramti\Desktop\ramtin legion pc\article_project\data\raw\pdraw_spiral\test\parkinson\V03PE07.png,1,0.541743,1
pdraw_spiral,vgg16,rotation,2,C:\Users\ramti\Desktop\ramtin legion pc\article_project\data\raw\pdraw_spiral\test\parkinson\V04PE01.png,1,0.502138,1
pdraw_spiral,vgg16,rotation,2,C:\Users\ramti\Desktop\ramtin legion pc\article_project\data\raw\pdraw_spiral\test\parkinson\V05PE01.png,1,0.526034,1
pdraw_spiral,vgg16,rotation,2,C:\Users\ramti\Desktop\ramtin legion pc\article_project\data\raw\pdraw_spiral\test\parkinson\V06PE01.png,1,0.430024,0
pdraw_spiral,vgg16,rotation,2,C:\Users\ramti\Desktop\ramtin legion pc\article_project\data\raw\pdraw_spiral\test\parkinson\V07PE01.png,1,0.528786,1
pdraw_spiral,vgg16,rotation,2,C:\Users\ramti\Desktop\ramtin legion pc\article_project\data\raw\pdraw_spiral\test\parkinson\V08PE01.png,1,0.394755,0
pdraw_spiral,vgg16,rotation,2,C:\Users\ramti\Desktop\ramtin legion pc\article_project\data\raw\pdraw_spiral\test\parkinson\V09PE01.png,1,0.463189,0
pdraw_spiral,vgg16,rotation,2,C:\Users\ramti\Desktop\ramtin legion pc\article_project\data\raw\pdraw_spiral\test\parkinson\V10PE03.png,1,0.440151,0
pdraw_spiral,vgg16,rotation,2,C:\Users\ramti\Desktop\ramtin legion pc\article_project\data\raw\pdraw_spiral\test\parkinson\V11PE03.png,1,0.437410,0
pdraw_spiral,vgg16,rotation,2,C:\Users\ramti\Desktop\ramtin legion pc\article_project\data\raw\pdraw_spiral\test\parkinson\V14PE03.png,1,0.509129,1
pdraw_spiral,vgg16,rotation,2,C:\Users\ramti\Desktop\ramtin legion pc\article_project\data\raw\pdraw_spiral\test\parkinson\V15PE01.png,1,0.419166,0
pdraw_spiral,vgg16,rotation,3,C:\Users\ramti\Desktop\ramtin legion pc\article_project\data\raw\pdraw_spiral\test\healthy\V01HE01.png,0,0.415021,0
pdraw_spiral,vgg16,rotation,3,C:\Users\ramti\Desktop\ramtin legion pc\article_project\data\raw\pdraw_spiral\test\healthy\V02HE01.png,0,0.479355,0
pdraw_spiral,vgg16,rotation,3,C:\Users\ramti\Desktop\ramtin legion pc\article_project\data\raw\pdraw_spiral\test\healthy\V03HE1.png,0,0.422548,0
pdraw_spiral,vgg16,rotation,3,C:\Users\ramti\Desktop\ramtin legion pc\article_project\data\raw\pdraw_spiral\test\healthy\V04HE01.png,0,0.428296,0
pdraw_spiral,vgg16,rotation,3,C:\Users\ramti\Desktop\ramtin legion pc\article_project\data\raw\pdraw_spiral\test\healthy\V05HE01.png,0,0.447876,0
pdraw_spiral,vgg16,rotation,3,C:\Users\ramti\Desktop\ramtin legion pc\article_project\data\raw\pdraw_spiral\test\healthy\V06HE01.png,0,0.433433,0
pdraw_spiral,vgg16,rotation,3,C:\Users\ramti\Desktop\ramtin legion pc\article_project\data\raw\pdraw_spiral\test\healthy\V07HE01.png,0,0.437674,0
pdraw_spiral,vgg16,rotation,3,C:\Users\ramti\Desktop\ramtin legion pc\article_project\data\raw\pdraw_spiral\test\healthy\V08HE01.png,0,0.428033,0
pdraw_spiral,vgg16,rotation,3,C:\Users\ramti\Desktop\ramtin legion pc\article_project\data\raw\pdraw_spiral\test\healthy\V09HE01.png,0,0.444162,0
pdraw_spiral,vgg16,rotation,3,C:\Users\ramti\Desktop\ramtin legion pc\article_project\data\raw\pdraw_spiral\test\healthy\V10HE01.png,0,0.443071,0
pdraw_spiral,vgg16,rotation,3,C:\Users\ramti\Desktop\ramtin legion pc\article_project\data\raw\pdraw_spiral\test\healthy\V11HE01.png,0,0.434354,0
pdraw_spiral,vgg16,rotation,3,C:\Users\ramti\Desktop\ramtin legion pc\article_project\data\raw\pdraw_spiral\test\healthy\V55HE12.png,0,0.422084,0
pdraw_spiral,vgg16,rotation,3,C:\Users\ramti\Desktop\ramtin legion pc\article_project\data\raw\pdraw_spiral\test\healthy\V55HE13.png,0,0.416985,0
pdraw_spiral,vgg16,rotation,3,C:\Users\ramti\Desktop\ramtin legion pc\article_project\data\raw\pdraw_spiral\test\healthy\V55HE14.png,0,0.430285,0
pdraw_spiral,vgg16,rotation,3,C:\Users\ramti\Desktop\ramtin legion pc\article_project\data\raw\pdraw_spiral\test\healthy\V55HE15.png,0,0.434876,0
pdraw_spiral,vgg16,rotation,3,C:\Users\ramti\Desktop\ramtin legion pc\article_project\data\raw\pdraw_spiral\test\parkinson\V01PE01.png,1,0.436418,0
pdraw_spiral,vgg16,rotation,3,C:\Users\ramti\Desktop\ramtin legion pc\article_project\data\raw\pdraw_spiral\test\parkinson\V02PE01.png,1,0.502844,1
pdraw_spiral,vgg16,rotation,3,C:\Users\ramti\Desktop\ramtin legion pc\article_project\data\raw\pdraw_spiral\test\parkinson\V03PE01.png,1,0.538588,1
pdraw_spiral,vgg16,rotation,3,C:\Users\ramti\Desktop\ramtin legion pc\article_project\data\raw\pdraw_spiral\test\parkinson\V03PE04.png,1,0.569449,1
pdraw_spiral,vgg16,rotation,3,C:\Users\ramti\Desktop\ramtin legion pc\article_project\data\raw\pdraw_spiral\test\parkinson\V03PE07.png,1,0.543061,1
pdraw_spiral,vgg16,rotation,3,C:\Users\ramti\Desktop\ramtin legion pc\article_project\data\raw\pdraw_spiral\test\parkinson\V04PE01.png,1,0.493376,0
pdraw_spiral,vgg16,rotation,3,C:\Users\ramti\Desktop\ramtin legion pc\article_project\data\raw\pdraw_spiral\test\parkinson\V05PE01.png,1,0.534417,1
pdraw_spiral,vgg16,rotation,3,C:\Users\ramti\Desktop\ramtin legion pc\article_project\data\raw\pdraw_spiral\test\parkinson\V06PE01.png,1,0.455778,0
pdraw_spiral,vgg16,rotation,3,C:\Users\ramti\Desktop\ramtin legion pc\article_project\data\raw\pdraw_spiral\test\parkinson\V07PE01.png,1,0.524650,1
pdraw_spiral,vgg16,rotation,3,C:\Users\ramti\Desktop\ramtin legion pc\article_project\data\raw\pdraw_spiral\test\parkinson\V08PE01.png,1,0.409954,0
pdraw_spiral,vgg16,rotation,3,C:\Users\ramti\Desktop\ramtin legion pc\article_project\data\raw\pdraw_spiral\test\parkinson\V09PE01.png,1,0.479273,0
pdraw_spiral,vgg16,rotation,3,C:\Users\ramti\Desktop\ramtin legion pc\article_project\data\raw\pdraw_spiral\test\parkinson\V10PE03.png,1,0.438971,0
pdraw_spiral,vgg16,rotation,3,C:\Users\ramti\Desktop\ramtin legion pc\article_project\data\raw\pdraw_spiral\test\parkinson\V11PE03.png,1,0.447556,0
pdraw_spiral,vgg16,rotation,3,C:\Users\ramti\Desktop\ramtin legion pc\article_project\data\raw\pdraw_spiral\test\parkinson\V14PE03.png,1,0.504252,1
pdraw_spiral,vgg16,rotation,3,C:\Users\ramti\Desktop\ramtin legion pc\article_project\data\raw\pdraw_spiral\test\parkinson\V15PE01.png,1,0.427714,0
pdraw_spiral,vgg16,rotation,4,C:\Users\ramti\Desktop\ramtin legion pc\article_project\data\raw\pdraw_spiral\test\healthy\V01HE01.png,0,0.419282,0
pdraw_spiral,vgg16,rotation,4,C:\Users\ramti\Desktop\ramtin legion pc\article_project\data\raw\pdraw_spiral\test\healthy\V02HE01.png,0,0.491593,0
pdraw_spiral,vgg16,rotation,4,C:\Users\ramti\Desktop\ramtin legion pc\article_project\data\raw\pdraw_spiral\test\healthy\V03HE1.png,0,0.406069,0
pdraw_spiral,vgg16,rotation,4,C:\Users\ramti\Desktop\ramtin legion pc\article_project\data\raw\pdraw_spiral\test\healthy\V04HE01.png,0,0.433658,0
pdraw_spiral,vgg16,rotation,4,C:\Users\ramti\Desktop\ramtin legion pc\article_project\data\raw\pdraw_spiral\test\healthy\V05HE01.png,0,0.440484,0
pdraw_spiral,vgg16,rotation,4,C:\Users\ramti\Desktop\ramtin legion pc\article_project\data\raw\pdraw_spiral\test\healthy\V06HE01.png,0,0.411315,0
pdraw_spiral,vgg16,rotation,4,C:\Users\ramti\Desktop\ramtin legion pc\article_project\data\raw\pdraw_spiral\test\healthy\V07HE01.png,0,0.433334,0
pdraw_spiral,vgg16,rotation,4,C:\Users\ramti\Desktop\ramtin legion pc\article_project\data\raw\pdraw_spiral\test\healthy\V08HE01.png,0,0.425324,0
pdraw_spiral,vgg16,rotation,4,C:\Users\ramti\Desktop\ramtin legion pc\article_project\data\raw\pdraw_spiral\test\healthy\V09HE01.png,0,0.419352,0
pdraw_spiral,vgg16,rotation,4,C:\Users\ramti\Desktop\ramtin legion pc\article_project\data\raw\pdraw_spiral\test\healthy\V10HE01.png,0,0.424496,0
pdraw_spiral,vgg16,rotation,4,C:\Users\ramti\Desktop\ramtin legion pc\article_project\data\raw\pdraw_spiral\test\healthy\V11HE01.png,0,0.442732,0
pdraw_spiral,vgg16,rotation,4,C:\Users\ramti\Desktop\ramtin legion pc\article_project\data\raw\pdraw_spiral\test\healthy\V55HE12.png,0,0.426146,0
pdraw_spiral,vgg16,rotation,4,C:\Users\ramti\Desktop\ramtin legion pc\article_project\data\raw\pdraw_spiral\test\healthy\V55HE13.png,0,0.419537,0
pdraw_spiral,vgg16,rotation,4,C:\Users\ramti\Desktop\ramtin legion pc\article_project\data\raw\pdraw_spiral\test\healthy\V55HE14.png,0,0.432029,0
pdraw_spiral,vgg16,rotation,4,C:\Users\ramti\Desktop\ramtin legion pc\article_project\data\raw\pdraw_spiral\test\healthy\V55HE15.png,0,0.430191,0
pdraw_spiral,vgg16,rotation,4,C:\Users\ramti\Desktop\ramtin legion pc\article_project\data\raw\pdraw_spiral\test\parkinson\V01PE01.png,1,0.435679,0
pdraw_spiral,vgg16,rotation,4,C:\Users\ramti\Desktop\ramtin legion pc\article_project\data\raw\pdraw_spiral\test\parkinson\V02PE01.png,1,0.494243,0
pdraw_spiral,vgg16,rotation,4,C:\Users\ramti\Desktop\ramtin legion pc\article_project\data\raw\pdraw_spiral\test\parkinson\V03PE01.png,1,0.540089,1
pdraw_spiral,vgg16,rotation,4,C:\Users\ramti\Desktop\ramtin legion pc\article_project\data\raw\pdraw_spiral\test\parkinson\V03PE04.png,1,0.572313,1
pdraw_spiral,vgg16,rotation,4,C:\Users\ramti\Desktop\ramtin legion pc\article_project\data\raw\pdraw_spiral\test\parkinson\V03PE07.png,1,0.540436,1
pdraw_spiral,vgg16,rotation,4,C:\Users\ramti\Desktop\ramtin legion pc\article_project\data\raw\pdraw_spiral\test\parkinson\V04PE01.png,1,0.499180,0
pdraw_spiral,vgg16,rotation,4,C:\Users\ramti\Desktop\ramtin legion pc\article_project\data\raw\pdraw_spiral\test\parkinson\V05PE01.png,1,0.525193,1
pdraw_spiral,vgg16,rotation,4,C:\Users\ramti\Desktop\ramtin legion pc\article_project\data\raw\pdraw_spiral\test\parkinson\V06PE01.png,1,0.437432,0
pdraw_spiral,vgg16,rotation,4,C:\Users\ramti\Desktop\ramtin legion pc\article_project\data\raw\pdraw_spiral\test\parkinson\V07PE01.png,1,0.526856,1
pdraw_spiral,vgg16,rotation,4,C:\Users\ramti\Desktop\ramtin legion pc\article_project\data\raw\pdraw_spiral\test\parkinson\V08PE01.png,1,0.398764,0
pdraw_spiral,vgg16,rotation,4,C:\Users\ramti\Desktop\ramtin legion pc\article_project\data\raw\pdraw_spiral\test\parkinson\V09PE01.png,1,0.474834,0
pdraw_spiral,vgg16,rotation,4,C:\Users\ramti\Desktop\ramtin legion pc\article_project\data\raw\pdraw_spiral\test\parkinson\V10PE03.png,1,0.434484,0
pdraw_spiral,vgg16,rotation,4,C:\Users\ramti\Desktop\ramtin legion pc\article_project\data\raw\pdraw_spiral\test\parkinson\V11PE03.png,1,0.437511,0
pdraw_spiral,vgg16,rotation,4,C:\Users\ramti\Desktop\ramtin legion pc\article_project\data\raw\pdraw_spiral\test\parkinson\V14PE03.png,1,0.498623,0
pdraw_spiral,vgg16,rotation,4,C:\Users\ramti\Desktop\ramtin legion pc\article_project\data\raw\pdraw_spiral\test\parkinson\V15PE01.png,1,0.422551,0
pdraw_spiral,vgg16,rotation,5,C:\Users\ramti\Desktop\ramtin legion pc\article_project\data\raw\pdraw_spiral\test\healthy\V01HE01.png,0,0.417807,0
pdraw_spiral,vgg16,rotation,5,C:\Users\ramti\Desktop\ramtin legion pc\article_project\data\raw\pdraw_spiral\test\healthy\V02HE01.png,0,0.472288,0
pdraw_spiral,vgg16,rotation,5,C:\Users\ramti\Desktop\ramtin legion pc\article_project\data\raw\pdraw_spiral\test\healthy\V03HE1.png,0,0.433580,0
pdraw_spiral,vgg16,rotation,5,C:\Users\ramti\Desktop\ramtin legion pc\article_project\data\raw\pdraw_spiral\test\healthy\V04HE01.png,0,0.423021,0
pdraw_spiral,vgg16,rotation,5,C:\Users\ramti\Desktop\ramtin legion pc\article_project\data\raw\pdraw_spiral\test\healthy\V05HE01.png,0,0.451793,0
pdraw_spiral,vgg16,rotation,5,C:\Users\ramti\Desktop\ramtin legion pc\article_project\data\raw\pdraw_spiral\test\healthy\V06HE01.png,0,0.432141,0
pdraw_spiral,vgg16,rotation,5,C:\Users\ramti\Desktop\ramtin legion pc\article_project\data\raw\pdraw_spiral\test\healthy\V07HE01.png,0,0.433154,0
pdraw_spiral,vgg16,rotation,5,C:\Users\ramti\Desktop\ramtin legion pc\article_project\data\raw\pdraw_spiral\test\healthy\V08HE01.png,0,0.437213,0
pdraw_spiral,vgg16,rotation,5,C:\Users\ramti\Desktop\ramtin legion pc\article_project\data\raw\pdraw_spiral\test\healthy\V09HE01.png,0,0.442727,0
pdraw_spiral,vgg16,rotation,5,C:\Users\ramti\Desktop\ramtin legion pc\article_project\data\raw\pdraw_spiral\test\healthy\V10HE01.png,0,0.440285,0
pdraw_spiral,vgg16,rotation,5,C:\Users\ramti\Desktop\ramtin legion pc\article_project\data\raw\pdraw_spiral\test\healthy\V11HE01.png,0,0.449135,0
pdraw_spiral,vgg16,rotation,5,C:\Users\ramti\Desktop\ramtin legion pc\article_project\data\raw\pdraw_spiral\test\healthy\V55HE12.png,0,0.416739,0
pdraw_spiral,vgg16,rotation,5,C:\Users\ramti\Desktop\ramtin legion pc\article_project\data\raw\pdraw_spiral\test\healthy\V55HE13.png,0,0.425477,0
pdraw_spiral,vgg16,rotation,5,C:\Users\ramti\Desktop\ramtin legion pc\article_project\data\raw\pdraw_spiral\test\healthy\V55HE14.png,0,0.434078,0
pdraw_spiral,vgg16,rotation,5,C:\Users\ramti\Desktop\ramtin legion pc\article_project\data\raw\pdraw_spiral\test\healthy\V55HE15.png,0,0.429371,0
pdraw_spiral,vgg16,rotation,5,C:\Users\ramti\Desktop\ramtin legion pc\article_project\data\raw\pdraw_spiral\test\parkinson\V01PE01.png,1,0.436219,0
pdraw_spiral,vgg16,rotation,5,C:\Users\ramti\Desktop\ramtin legion pc\article_project\data\raw\pdraw_spiral\test\parkinson\V02PE01.png,1,0.510248,1
pdraw_spiral,vgg16,rotation,5,C:\Users\ramti\Desktop\ramtin legion pc\article_project\data\raw\pdraw_spiral\test\parkinson\V03PE01.png,1,0.535097,1
pdraw_spiral,vgg16,rotation,5,C:\Users\ramti\Desktop\ramtin legion pc\article_project\data\raw\pdraw_spiral\test\parkinson\V03PE04.png,1,0.562716,1
pdraw_spiral,vgg16,rotation,5,C:\Users\ramti\Desktop\ramtin legion pc\article_project\data\raw\pdraw_spiral\test\parkinson\V03PE07.png,1,0.547046,1
pdraw_spiral,vgg16,rotation,5,C:\Users\ramti\Desktop\ramtin legion pc\article_project\data\raw\pdraw_spiral\test\parkinson\V04PE01.png,1,0.492221,0
pdraw_spiral,vgg16,rotation,5,C:\Users\ramti\Desktop\ramtin legion pc\article_project\data\raw\pdraw_spiral\test\parkinson\V05PE01.png,1,0.539301,1
pdraw_spiral,vgg16,rotation,5,C:\Users\ramti\Desktop\ramtin legion pc\article_project\data\raw\pdraw_spiral\test\parkinson\V06PE01.png,1,0.458851,0
pdraw_spiral,vgg16,rotation,5,C:\Users\ramti\Desktop\ramtin legion pc\article_project\data\raw\pdraw_spiral\test\parkinson\V07PE01.png,1,0.520674,1
pdraw_spiral,vgg16,rotation,5,C:\Users\ramti\Desktop\ramtin legion pc\article_project\data\raw\pdraw_spiral\test\parkinson\V08PE01.png,1,0.429596,0
pdraw_spiral,vgg16,rotation,5,C:\Users\ramti\Desktop\ramtin legion pc\article_project\data\raw\pdraw_spiral\test\parkinson\V09PE01.png,1,0.477433,0
pdraw_spiral,vgg16,rotation,5,C:\Users\ramti\Desktop\ramtin legion pc\article_project\data\raw\pdraw_spiral\test\parkinson\V10PE03.png,1,0.447804,0
pdraw_spiral,vgg16,rotation,5,C:\Users\ramti\Desktop\ramtin legion pc\article_project\data\raw\pdraw_spiral\test\parkinson\V11PE03.png,1,0.439214,0
pdraw_spiral,vgg16,rotation,5,C:\Users\ramti\Desktop\ramtin legion pc\article_project\data\raw\pdraw_spiral\test\parkinson\V14PE03.png,1,0.511057,1
pdraw_spiral,vgg16,rotation,5,C:\Users\ramti\Desktop\ramtin legion pc\article_project\data\raw\pdraw_spiral\test\parkinson\V15PE01.png,1,0.442383,0
pdraw_spiral,efficientnet_b0,clean,0,C:\Users\ramti\Desktop\ramtin legion pc\article_project\data\raw\pdraw_spiral\test\healthy\V01HE01.png,0,0.440530,1
pdraw_spiral,efficientnet_b0,clean,0,C:\Users\ramti\Desktop\ramtin legion pc\article_project\data\raw\pdraw_spiral\test\healthy\V02HE01.png,0,0.875547,1
pdraw_spiral,efficientnet_b0,clean,0,C:\Users\ramti\Desktop\ramtin legion pc\article_project\data\raw\pdraw_spiral\test\healthy\V03HE1.png,0,0.596229,1
pdraw_spiral,efficientnet_b0,clean,0,C:\Users\ramti\Desktop\ramtin legion pc\article_project\data\raw\pdraw_spiral\test\healthy\V04HE01.png,0,0.220468,0
pdraw_spiral,efficientnet_b0,clean,0,C:\Users\ramti\Desktop\ramtin legion pc\article_project\data\raw\pdraw_spiral\test\healthy\V05HE01.png,0,0.559596,1
pdraw_spiral,efficientnet_b0,clean,0,C:\Users\ramti\Desktop\ramtin legion pc\article_project\data\raw\pdraw_spiral\test\healthy\V06HE01.png,0,0.469856,1
pdraw_spiral,efficientnet_b0,clean,0,C:\Users\ramti\Desktop\ramtin legion pc\article_project\data\raw\pdraw_spiral\test\healthy\V07HE01.png,0,0.462622,1
pdraw_spiral,efficientnet_b0,clean,0,C:\Users\ramti\Desktop\ramtin legion pc\article_project\data\raw\pdraw_spiral\test\healthy\V08HE01.png,0,0.203586,0
pdraw_spiral,efficientnet_b0,clean,0,C:\Users\ramti\Desktop\ramtin legion pc\article_project\data\raw\pdraw_spiral\test\healthy\V09HE01.png,0,0.305101,0
pdraw_spiral,efficientnet_b0,clean,0,C:\Users\ramti\Desktop\ramtin legion pc\article_project\data\raw\pdraw_spiral\test\healthy\V10HE01.png,0,0.409696,1
pdraw_spiral,efficientnet_b0,clean,0,C:\Users\ramti\Desktop\ramtin legion pc\article_project\data\raw\pdraw_spiral\test\healthy\V11HE01.png,0,0.451163,1
pdraw_spiral,efficientnet_b0,clean,0,C:\Users\ramti\Desktop\ramtin legion pc\article_project\data\raw\pdraw_spiral\test\healthy\V55HE12.png,0,0.129265,0
pdraw_spiral,efficientnet_b0,clean,0,C:\Users\ramti\Desktop\ramtin legion pc\article_project\data\raw\pdraw_spiral\test\healthy\V55HE13.png,0,0.109383,0
pdraw_spiral,efficientnet_b0,clean,0,C:\Users\ramti\Desktop\ramtin legion pc\article_project\data\raw\pdraw_spiral\test\healthy\V55HE14.png,0,0.136878,0
pdraw_spiral,efficientnet_b0,clean,0,C:\Users\ramti\Desktop\ramtin legion pc\article_project\data\raw\pdraw_spiral\test\healthy\V55HE15.png,0,0.137395,0
pdraw_spiral,efficientnet_b0,clean,0,C:\Users\ramti\Desktop\ramtin legion pc\article_project\data\raw\pdraw_spiral\test\parkinson\V01PE01.png,1,0.419105,1
pdraw_spiral,efficientnet_b0,clean,0,C:\Users\ramti\Desktop\ramtin legion pc\article_project\data\raw\pdraw_spiral\test\parkinson\V02PE01.png,1,0.840684,1
pdraw_spiral,efficientnet_b0,clean,0,C:\Users\ramti\Desktop\ramtin legion pc\article_project\data\raw\pdraw_spiral\test\parkinson\V03PE01.png,1,0.987523,1
pdraw_spiral,efficientnet_b0,clean,0,C:\Users\ramti\Desktop\ramtin legion pc\article_project\data\raw\pdraw_spiral\test\parkinson\V03PE04.png,1,0.991777,1
pdraw_spiral,efficientnet_b0,clean,0,C:\Users\ramti\Desktop\ramtin legion pc\article_project\data\raw\pdraw_spiral\test\parkinson\V03PE07.png,1,0.981991,1
pdraw_spiral,efficientnet_b0,clean,0,C:\Users\ramti\Desktop\ramtin legion pc\article_project\data\raw\pdraw_spiral\test\parkinson\V04PE01.png,1,0.957356,1
pdraw_spiral,efficientnet_b0,clean,0,C:\Users\ramti\Desktop\ramtin legion pc\article_project\data\raw\pdraw_spiral\test\parkinson\V05PE01.png,1,0.987980,1
pdraw_spiral,efficientnet_b0,clean,0,C:\Users\ramti\Desktop\ramtin legion pc\article_project\data\raw\pdraw_spiral\test\parkinson\V06PE01.png,1,0.809344,1
pdraw_spiral,efficientnet_b0,clean,0,C:\Users\ramti\Desktop\ramtin legion pc\article_project\data\raw\pdraw_spiral\test\parkinson\V07PE01.png,1,0.979068,1
pdraw_spiral,efficientnet_b0,clean,0,C:\Users\ramti\Desktop\ramtin legion pc\article_project\data\raw\pdraw_spiral\test\parkinson\V08PE01.png,1,0.405563,1
pdraw_spiral,efficientnet_b0,clean,0,C:\Users\ramti\Desktop\ramtin legion pc\article_project\data\raw\pdraw_spiral\test\parkinson\V09PE01.png,1,0.819236,1
pdraw_spiral,efficientnet_b0,clean,0,C:\Users\ramti\Desktop\ramtin legion pc\article_project\data\raw\pdraw_spiral\test\parkinson\V10PE03.png,1,0.362788,0
pdraw_spiral,efficientnet_b0,clean,0,C:\Users\ramti\Desktop\ramtin legion pc\article_project\data\raw\pdraw_spiral\test\parkinson\V11PE03.png,1,0.470703,1
pdraw_spiral,efficientnet_b0,clean,0,C:\Users\ramti\Desktop\ramtin legion pc\article_project\data\raw\pdraw_spiral\test\parkinson\V14PE03.png,1,0.983513,1
pdraw_spiral,efficientnet_b0,clean,0,C:\Users\ramti\Desktop\ramtin legion pc\article_project\data\raw\pdraw_spiral\test\parkinson\V15PE01.png,1,0.670976,1
pdraw_spiral,efficientnet_b0,jpeg_compression,1,C:\Users\ramti\Desktop\ramtin legion pc\article_project\data\raw\pdraw_spiral\test\healthy\V01HE01.png,0,0.449385,1
pdraw_spiral,efficientnet_b0,jpeg_compression,1,C:\Users\ramti\Desktop\ramtin legion pc\article_project\data\raw\pdraw_spiral\test\healthy\V02HE01.png,0,0.899864,1
pdraw_spiral,efficientnet_b0,jpeg_compression,1,C:\Users\ramti\Desktop\ramtin legion pc\article_project\data\raw\pdraw_spiral\test\healthy\V03HE1.png,0,0.608247,1
pdraw_spiral,efficientnet_b0,jpeg_compression,1,C:\Users\ramti\Desktop\ramtin legion pc\article_project\data\raw\pdraw_spiral\test\healthy\V04HE01.png,0,0.206810,0
pdraw_spiral,efficientnet_b0,jpeg_compression,1,C:\Users\ramti\Desktop\ramtin legion pc\article_project\data\raw\pdraw_spiral\test\healthy\V05HE01.png,0,0.555947,1
pdraw_spiral,efficientnet_b0,jpeg_compression,1,C:\Users\ramti\Desktop\ramtin legion pc\article_project\data\raw\pdraw_spiral\test\healthy\V06HE01.png,0,0.524148,1
pdraw_spiral,efficientnet_b0,jpeg_compression,1,C:\Users\ramti\Desktop\ramtin legion pc\article_project\data\raw\pdraw_spiral\test\healthy\V07HE01.png,0,0.493160,1
pdraw_spiral,efficientnet_b0,jpeg_compression,1,C:\Users\ramti\Desktop\ramtin legion pc\article_project\data\raw\pdraw_spiral\test\healthy\V08HE01.png,0,0.204925,0
pdraw_spiral,efficientnet_b0,jpeg_compression,1,C:\Users\ramti\Desktop\ramtin legion pc\article_project\data\raw\pdraw_spiral\test\healthy\V09HE01.png,0,0.330856,0
pdraw_spiral,efficientnet_b0,jpeg_compression,1,C:\Users\ramti\Desktop\ramtin legion pc\article_project\data\raw\pdraw_spiral\test\healthy\V10HE01.png,0,0.431241,1
pdraw_spiral,efficientnet_b0,jpeg_compression,1,C:\Users\ramti\Desktop\ramtin legion pc\article_project\data\raw\pdraw_spiral\test\healthy\V11HE01.png,0,0.434791,1
pdraw_spiral,efficientnet_b0,jpeg_compression,1,C:\Users\ramti\Desktop\ramtin legion pc\article_project\data\raw\pdraw_spiral\test\healthy\V55HE12.png,0,0.129190,0
pdraw_spiral,efficientnet_b0,jpeg_compression,1,C:\Users\ramti\Desktop\ramtin legion pc\article_project\data\raw\pdraw_spiral\test\healthy\V55HE13.png,0,0.114976,0
pdraw_spiral,efficientnet_b0,jpeg_compression,1,C:\Users\ramti\Desktop\ramtin legion pc\article_project\data\raw\pdraw_spiral\test\healthy\V55HE14.png,0,0.137996,0
pdraw_spiral,efficientnet_b0,jpeg_compression,1,C:\Users\ramti\Desktop\ramtin legion pc\article_project\data\raw\pdraw_spiral\test\healthy\V55HE15.png,0,0.135484,0
pdraw_spiral,efficientnet_b0,jpeg_compression,1,C:\Users\ramti\Desktop\ramtin legion pc\article_project\data\raw\pdraw_spiral\test\parkinson\V01PE01.png,1,0.388761,0
pdraw_spiral,efficientnet_b0,jpeg_compression,1,C:\Users\ramti\Desktop\ramtin legion pc\article_project\data\raw\pdraw_spiral\test\parkinson\V02PE01.png,1,0.857003,1
pdraw_spiral,efficientnet_b0,jpeg_compression,1,C:\Users\ramti\Desktop\ramtin legion pc\article_project\data\raw\pdraw_spiral\test\parkinson\V03PE01.png,1,0.988737,1
pdraw_spiral,efficientnet_b0,jpeg_compression,1,C:\Users\ramti\Desktop\ramtin legion pc\article_project\data\raw\pdraw_spiral\test\parkinson\V03PE04.png,1,0.992950,1
pdraw_spiral,efficientnet_b0,jpeg_compression,1,C:\Users\ramti\Desktop\ramtin legion pc\article_project\data\raw\pdraw_spiral\test\parkinson\V03PE07.png,1,0.983875,1
pdraw_spiral,efficientnet_b0,jpeg_compression,1,C:\Users\ramti\Desktop\ramtin legion pc\article_project\data\raw\pdraw_spiral\test\parkinson\V04PE01.png,1,0.960649,1
pdraw_spiral,efficientnet_b0,jpeg_compression,1,C:\Users\ramti\Desktop\ramtin legion pc\article_project\data\raw\pdraw_spiral\test\parkinson\V05PE01.png,1,0.988169,1
pdraw_spiral,efficientnet_b0,jpeg_compression,1,C:\Users\ramti\Desktop\ramtin legion pc\article_project\data\raw\pdraw_spiral\test\parkinson\V06PE01.png,1,0.805662,1
pdraw_spiral,efficientnet_b0,jpeg_compression,1,C:\Users\ramti\Desktop\ramtin legion pc\article_project\data\raw\pdraw_spiral\test\parkinson\V07PE01.png,1,0.980608,1
pdraw_spiral,efficientnet_b0,jpeg_compression,1,C:\Users\ramti\Desktop\ramtin legion pc\article_project\data\raw\pdraw_spiral\test\parkinson\V08PE01.png,1,0.422542,1
pdraw_spiral,efficientnet_b0,jpeg_compression,1,C:\Users\ramti\Desktop\ramtin legion pc\article_project\data\raw\pdraw_spiral\test\parkinson\V09PE01.png,1,0.876981,1
pdraw_spiral,efficientnet_b0,jpeg_compression,1,C:\Users\ramti\Desktop\ramtin legion pc\article_project\data\raw\pdraw_spiral\test\parkinson\V10PE03.png,1,0.405653,1
pdraw_spiral,efficientnet_b0,jpeg_compression,1,C:\Users\ramti\Desktop\ramtin legion pc\article_project\data\raw\pdraw_spiral\test\parkinson\V11PE03.png,1,0.540549,1
pdraw_spiral,efficientnet_b0,jpeg_compression,1,C:\Users\ramti\Desktop\ramtin legion pc\article_project\data\raw\pdraw_spiral\test\parkinson\V14PE03.png,1,0.984530,1
pdraw_spiral,efficientnet_b0,jpeg_compression,1,C:\Users\ramti\Desktop\ramtin legion pc\article_project\data\raw\pdraw_spiral\test\parkinson\V15PE01.png,1,0.709119,1
pdraw_spiral,efficientnet_b0,jpeg_compression,2,C:\Users\ramti\Desktop\ramtin legion pc\article_project\data\raw\pdraw_spiral\test\healthy\V01HE01.png,0,0.464969,1
pdraw_spiral,efficientnet_b0,jpeg_compression,2,C:\Users\ramti\Desktop\ramtin legion pc\article_project\data\raw\pdraw_spiral\test\healthy\V02HE01.png,0,0.835986,1
pdraw_spiral,efficientnet_b0,jpeg_compression,2,C:\Users\ramti\Desktop\ramtin legion pc\article_project\data\raw\pdraw_spiral\test\healthy\V03HE1.png,0,0.566286,1
pdraw_spiral,efficientnet_b0,jpeg_compression,2,C:\Users\ramti\Desktop\ramtin legion pc\article_project\data\raw\pdraw_spiral\test\healthy\V04HE01.png,0,0.166064,0
pdraw_spiral,efficientnet_b0,jpeg_compression,2,C:\Users\ramti\Desktop\ramtin legion pc\article_project\data\raw\pdraw_spiral\test\healthy\V05HE01.png,0,0.466140,1
pdraw_spiral,efficientnet_b0,jpeg_compression,2,C:\Users\ramti\Desktop\ramtin legion pc\article_project\data\raw\pdraw_spiral\test\healthy\V06HE01.png,0,0.488191,1
pdraw_spiral,efficientnet_b0,jpeg_compression,2,C:\Users\ramti\Desktop\ramtin legion pc\article_project\data\raw\pdraw_spiral\test\healthy\V07HE01.png,0,0.320294,0
pdraw_spiral,efficientnet_b0,jpeg_compression,2,C:\Users\ramti\Desktop\ramtin legion pc\article_project\data\raw\pdraw_spiral\test\healthy\V08HE01.png,0,0.211869,0
pdraw_spiral,efficientnet_b0,jpeg_compression,2,C:\Users\ramti\Desktop\ramtin legion pc\article_project\data\raw\pdraw_spiral\test\healthy\V09HE01.png,0,0.288975,0
pdraw_spiral,efficientnet_b0,jpeg_compression,2,C:\Users\ramti\Desktop\ramtin legion pc\article_project\data\raw\pdraw_spiral\test\healthy\V10HE01.png,0,0.301502,0
pdraw_spiral,efficientnet_b0,jpeg_compression,2,C:\Users\ramti\Desktop\ramtin legion pc\article_project\data\raw\pdraw_spiral\test\healthy\V11HE01.png,0,0.384469,0
pdraw_spiral,efficientnet_b0,jpeg_compression,2,C:\Users\ramti\Desktop\ramtin legion pc\article_project\data\raw\pdraw_spiral\test\healthy\V55HE12.png,0,0.107523,0
pdraw_spiral,efficientnet_b0,jpeg_compression,2,C:\Users\ramti\Desktop\ramtin legion pc\article_project\data\raw\pdraw_spiral\test\healthy\V55HE13.png,0,0.110400,0
pdraw_spiral,efficientnet_b0,jpeg_compression,2,C:\Users\ramti\Desktop\ramtin legion pc\article_project\data\raw\pdraw_spiral\test\healthy\V55HE14.png,0,0.115794,0
pdraw_spiral,efficientnet_b0,jpeg_compression,2,C:\Users\ramti\Desktop\ramtin legion pc\article_project\data\raw\pdraw_spiral\test\healthy\V55HE15.png,0,0.103150,0
pdraw_spiral,efficientnet_b0,jpeg_compression,2,C:\Users\ramti\Desktop\ramtin legion pc\article_project\data\raw\pdraw_spiral\test\parkinson\V01PE01.png,1,0.290047,0
pdraw_spiral,efficientnet_b0,jpeg_compression,2,C:\Users\ramti\Desktop\ramtin legion pc\article_project\data\raw\pdraw_spiral\test\parkinson\V02PE01.png,1,0.852351,1
pdraw_spiral,efficientnet_b0,jpeg_compression,2,C:\Users\ramti\Desktop\ramtin legion pc\article_project\data\raw\pdraw_spiral\test\parkinson\V03PE01.png,1,0.982936,1
pdraw_spiral,efficientnet_b0,jpeg_compression,2,C:\Users\ramti\Desktop\ramtin legion pc\article_project\data\raw\pdraw_spiral\test\parkinson\V03PE04.png,1,0.991162,1
pdraw_spiral,efficientnet_b0,jpeg_compression,2,C:\Users\ramti\Desktop\ramtin legion pc\article_project\data\raw\pdraw_spiral\test\parkinson\V03PE07.png,1,0.973700,1
pdraw_spiral,efficientnet_b0,jpeg_compression,2,C:\Users\ramti\Desktop\ramtin legion pc\article_project\data\raw\pdraw_spiral\test\parkinson\V04PE01.png,1,0.965492,1
pdraw_spiral,efficientnet_b0,jpeg_compression,2,C:\Users\ramti\Desktop\ramtin legion pc\article_project\data\raw\pdraw_spiral\test\parkinson\V05PE01.png,1,0.986963,1
pdraw_spiral,efficientnet_b0,jpeg_compression,2,C:\Users\ramti\Desktop\ramtin legion pc\article_project\data\raw\pdraw_spiral\test\parkinson\V06PE01.png,1,0.802860,1
pdraw_spiral,efficientnet_b0,jpeg_compression,2,C:\Users\ramti\Desktop\ramtin legion pc\article_project\data\raw\pdraw_spiral\test\parkinson\V07PE01.png,1,0.960457,1
pdraw_spiral,efficientnet_b0,jpeg_compression,2,C:\Users\ramti\Desktop\ramtin legion pc\article_project\data\raw\pdraw_spiral\test\parkinson\V08PE01.png,1,0.322582,0
pdraw_spiral,efficientnet_b0,jpeg_compression,2,C:\Users\ramti\Desktop\ramtin legion pc\article_project\data\raw\pdraw_spiral\test\parkinson\V09PE01.png,1,0.830895,1
pdraw_spiral,efficientnet_b0,jpeg_compression,2,C:\Users\ramti\Desktop\ramtin legion pc\article_project\data\raw\pdraw_spiral\test\parkinson\V10PE03.png,1,0.413721,1
pdraw_spiral,efficientnet_b0,jpeg_compression,2,C:\Users\ramti\Desktop\ramtin legion pc\article_project\data\raw\pdraw_spiral\test\parkinson\V11PE03.png,1,0.488277,1
pdraw_spiral,efficientnet_b0,jpeg_compression,2,C:\Users\ramti\Desktop\ramtin legion pc\article_project\data\raw\pdraw_spiral\test\parkinson\V14PE03.png,1,0.982824,1
pdraw_spiral,efficientnet_b0,jpeg_compression,2,C:\Users\ramti\Desktop\ramtin legion pc\article_project\data\raw\pdraw_spiral\test\parkinson\V15PE01.png,1,0.676328,1
pdraw_spiral,efficientnet_b0,jpeg_compression,3,C:\Users\ramti\Desktop\ramtin legion pc\article_project\data\raw\pdraw_spiral\test\healthy\V01HE01.png,0,0.431825,1
pdraw_spiral,efficientnet_b0,jpeg_compression,3,C:\Users\ramti\Desktop\ramtin legion pc\article_project\data\raw\pdraw_spiral\test\healthy\V02HE01.png,0,0.751196,1
pdraw_spiral,efficientnet_b0,jpeg_compression,3,C:\Users\ramti\Desktop\ramtin legion pc\article_project\data\raw\pdraw_spiral\test\healthy\V03HE1.png,0,0.521211,1
pdraw_spiral,efficientnet_b0,jpeg_compression,3,C:\Users\ramti\Desktop\ramtin legion pc\article_project\data\raw\pdraw_spiral\test\healthy\V04HE01.png,0,0.195390,0
pdraw_spiral,efficientnet_b0,jpeg_compression,3,C:\Users\ramti\Desktop\ramtin legion pc\article_project\data\raw\pdraw_spiral\test\healthy\V05HE01.png,0,0.536157,1
pdraw_spiral,efficientnet_b0,jpeg_compression,3,C:\Users\ramti\Desktop\ramtin legion pc\article_project\data\raw\pdraw_spiral\test\healthy\V06HE01.png,0,0.484241,1
pdraw_spiral,efficientnet_b0,jpeg_compression,3,C:\Users\ramti\Desktop\ramtin legion pc\article_project\data\raw\pdraw_spiral\test\healthy\V07HE01.png,0,0.402698,1
pdraw_spiral,efficientnet_b0,jpeg_compression,3,C:\Users\ramti\Desktop\ramtin legion pc\article_project\data\raw\pdraw_spiral\test\healthy\V08HE01.png,0,0.142384,0
pdraw_spiral,efficientnet_b0,jpeg_compression,3,C:\Users\ramti\Desktop\ramtin legion pc\article_project\data\raw\pdraw_spiral\test\healthy\V09HE01.png,0,0.314009,0
pdraw_spiral,efficientnet_b0,jpeg_compression,3,C:\Users\ramti\Desktop\ramtin legion pc\article_project\data\raw\pdraw_spiral\test\healthy\V10HE01.png,0,0.298518,0
pdraw_spiral,efficientnet_b0,jpeg_compression,3,C:\Users\ramti\Desktop\ramtin legion pc\article_project\data\raw\pdraw_spiral\test\healthy\V11HE01.png,0,0.328488,0
pdraw_spiral,efficientnet_b0,jpeg_compression,3,C:\Users\ramti\Desktop\ramtin legion pc\article_project\data\raw\pdraw_spiral\test\healthy\V55HE12.png,0,0.128680,0
pdraw_spiral,efficientnet_b0,jpeg_compression,3,C:\Users\ramti\Desktop\ramtin legion pc\article_project\data\raw\pdraw_spiral\test\healthy\V55HE13.png,0,0.122280,0
pdraw_spiral,efficientnet_b0,jpeg_compression,3,C:\Users\ramti\Desktop\ramtin legion pc\article_project\data\raw\pdraw_spiral\test\healthy\V55HE14.png,0,0.121008,0
pdraw_spiral,efficientnet_b0,jpeg_compression,3,C:\Users\ramti\Desktop\ramtin legion pc\article_project\data\raw\pdraw_spiral\test\healthy\V55HE15.png,0,0.138707,0
pdraw_spiral,efficientnet_b0,jpeg_compression,3,C:\Users\ramti\Desktop\ramtin legion pc\article_project\data\raw\pdraw_spiral\test\parkinson\V01PE01.png,1,0.236134,0
pdraw_spiral,efficientnet_b0,jpeg_compression,3,C:\Users\ramti\Desktop\ramtin legion pc\article_project\data\raw\pdraw_spiral\test\parkinson\V02PE01.png,1,0.881817,1
pdraw_spiral,efficientnet_b0,jpeg_compression,3,C:\Users\ramti\Desktop\ramtin legion pc\article_project\data\raw\pdraw_spiral\test\parkinson\V03PE01.png,1,0.984107,1
pdraw_spiral,efficientnet_b0,jpeg_compression,3,C:\Users\ramti\Desktop\ramtin legion pc\article_project\data\raw\pdraw_spiral\test\parkinson\V03PE04.png,1,0.987130,1
pdraw_spiral,efficientnet_b0,jpeg_compression,3,C:\Users\ramti\Desktop\ramtin legion pc\article_project\data\raw\pdraw_spiral\test\parkinson\V03PE07.png,1,0.969193,1
pdraw_spiral,efficientnet_b0,jpeg_compression,3,C:\Users\ramti\Desktop\ramtin legion pc\article_project\data\raw\pdraw_spiral\test\parkinson\V04PE01.png,1,0.963140,1
pdraw_spiral,efficientnet_b0,jpeg_compression,3,C:\Users\ramti\Desktop\ramtin legion pc\article_project\data\raw\pdraw_spiral\test\parkinson\V05PE01.png,1,0.987518,1
pdraw_spiral,efficientnet_b0,jpeg_compression,3,C:\Users\ramti\Desktop\ramtin legion pc\article_project\data\raw\pdraw_spiral\test\parkinson\V06PE01.png,1,0.809463,1
pdraw_spiral,efficientnet_b0,jpeg_compression,3,C:\Users\ramti\Desktop\ramtin legion pc\article_project\data\raw\pdraw_spiral\test\parkinson\V07PE01.png,1,0.958508,1
pdraw_spiral,efficientnet_b0,jpeg_compression,3,C:\Users\ramti\Desktop\ramtin legion pc\article_project\data\raw\pdraw_spiral\test\parkinson\V08PE01.png,1,0.320455,0
pdraw_spiral,efficientnet_b0,jpeg_compression,3,C:\Users\ramti\Desktop\ramtin legion pc\article_project\data\raw\pdraw_spiral\test\parkinson\V09PE01.png,1,0.848226,1
pdraw_spiral,efficientnet_b0,jpeg_compression,3,C:\Users\ramti\Desktop\ramtin legion pc\article_project\data\raw\pdraw_spiral\test\parkinson\V10PE03.png,1,0.612548,1
pdraw_spiral,efficientnet_b0,jpeg_compression,3,C:\Users\ramti\Desktop\ramtin legion pc\article_project\data\raw\pdraw_spiral\test\parkinson\V11PE03.png,1,0.526095,1
pdraw_spiral,efficientnet_b0,jpeg_compression,3,C:\Users\ramti\Desktop\ramtin legion pc\article_project\data\raw\pdraw_spiral\test\parkinson\V14PE03.png,1,0.979808,1
pdraw_spiral,efficientnet_b0,jpeg_compression,3,C:\Users\ramti\Desktop\ramtin legion pc\article_project\data\raw\pdraw_spiral\test\parkinson\V15PE01.png,1,0.689691,1
pdraw_spiral,efficientnet_b0,jpeg_compression,4,C:\Users\ramti\Desktop\ramtin legion pc\article_project\data\raw\pdraw_spiral\test\healthy\V01HE01.png,0,0.568828,1
pdraw_spiral,efficientnet_b0,jpeg_compression,4,C:\Users\ramti\Desktop\ramtin legion pc\article_project\data\raw\pdraw_spiral\test\healthy\V02HE01.png,0,0.848290,1
pdraw_spiral,efficientnet_b0,jpeg_compression,4,C:\Users\ramti\Desktop\ramtin legion pc\article_project\data\raw\pdraw_spiral\test\healthy\V03HE1.png,0,0.542490,1
pdraw_spiral,efficientnet_b0,jpeg_compression,4,C:\Users\ramti\Desktop\ramtin legion pc\article_project\data\raw\pdraw_spiral\test\healthy\V04HE01.png,0,0.194767,0
pdraw_spiral,efficientnet_b0,jpeg_compression,4,C:\Users\ramti\Desktop\ramtin legion pc\article_project\data\raw\pdraw_spiral\test\healthy\V05HE01.png,0,0.561228,1
pdraw_spiral,efficientnet_b0,jpeg_compression,4,C:\Users\ramti\Desktop\ramtin legion pc\article_project\data\raw\pdraw_spiral\test\healthy\V06HE01.png,0,0.563595,1
pdraw_spiral,efficientnet_b0,jpeg_compression,4,C:\Users\ramti\Desktop\ramtin legion pc\article_project\data\raw\pdraw_spiral\test\healthy\V07HE01.png,0,0.371881,0
pdraw_spiral,efficientnet_b0,jpeg_compression,4,C:\Users\ramti\Desktop\ramtin legion pc\article_project\data\raw\pdraw_spiral\test\healthy\V08HE01.png,0,0.220384,0
pdraw_spiral,efficientnet_b0,jpeg_compression,4,C:\Users\ramti\Desktop\ramtin legion pc\article_project\data\raw\pdraw_spiral\test\healthy\V09HE01.png,0,0.266256,0
pdraw_spiral,efficientnet_b0,jpeg_compression,4,C:\Users\ramti\Desktop\ramtin legion pc\article_project\data\raw\pdraw_spiral\test\healthy\V10HE01.png,0,0.446056,1
pdraw_spiral,efficientnet_b0,jpeg_compression,4,C:\Users\ramti\Desktop\ramtin legion pc\article_project\data\raw\pdraw_spiral\test\healthy\V11HE01.png,0,0.314279,0
pdraw_spiral,efficientnet_b0,jpeg_compression,4,C:\Users\ramti\Desktop\ramtin legion pc\article_project\data\raw\pdraw_spiral\test\healthy\V55HE12.png,0,0.149681,0
pdraw_spiral,efficientnet_b0,jpeg_compression,4,C:\Users\ramti\Desktop\ramtin legion pc\article_project\data\raw\pdraw_spiral\test\healthy\V55HE13.png,0,0.169278,0
pdraw_spiral,efficientnet_b0,jpeg_compression,4,C:\Users\ramti\Desktop\ramtin legion pc\article_project\data\raw\pdraw_spiral\test\healthy\V55HE14.png,0,0.141296,0
pdraw_spiral,efficientnet_b0,jpeg_compression,4,C:\Users\ramti\Desktop\ramtin legion pc\article_project\data\raw\pdraw_spiral\test\healthy\V55HE15.png,0,0.174216,0
pdraw_spiral,efficientnet_b0,jpeg_compression,4,C:\Users\ramti\Desktop\ramtin legion pc\article_project\data\raw\pdraw_spiral\test\parkinson\V01PE01.png,1,0.271850,0
pdraw_spiral,efficientnet_b0,jpeg_compression,4,C:\Users\ramti\Desktop\ramtin legion pc\article_project\data\raw\pdraw_spiral\test\parkinson\V02PE01.png,1,0.784533,1
pdraw_spiral,efficientnet_b0,jpeg_compression,4,C:\Users\ramti\Desktop\ramtin legion pc\article_project\data\raw\pdraw_spiral\test\parkinson\V03PE01.png,1,0.981240,1
pdraw_spiral,efficientnet_b0,jpeg_compression,4,C:\Users\ramti\Desktop\ramtin legion pc\article_project\data\raw\pdraw_spiral\test\parkinson\V03PE04.png,1,0.989055,1
pdraw_spiral,efficientnet_b0,jpeg_compression,4,C:\Users\ramti\Desktop\ramtin legion pc\article_project\data\raw\pdraw_spiral\test\parkinson\V03PE07.png,1,0.975928,1
pdraw_spiral,efficientnet_b0,jpeg_compression,4,C:\Users\ramti\Desktop\ramtin legion pc\article_project\data\raw\pdraw_spiral\test\parkinson\V04PE01.png,1,0.969340,1
pdraw_spiral,efficientnet_b0,jpeg_compression,4,C:\Users\ramti\Desktop\ramtin legion pc\article_project\data\raw\pdraw_spiral\test\parkinson\V05PE01.png,1,0.986726,1
pdraw_spiral,efficientnet_b0,jpeg_compression,4,C:\Users\ramti\Desktop\ramtin legion pc\article_project\data\raw\pdraw_spiral\test\parkinson\V06PE01.png,1,0.773000,1
pdraw_spiral,efficientnet_b0,jpeg_compression,4,C:\Users\ramti\Desktop\ramtin legion pc\article_project\data\raw\pdraw_spiral\test\parkinson\V07PE01.png,1,0.962410,1
pdraw_spiral,efficientnet_b0,jpeg_compression,4,C:\Users\ramti\Desktop\ramtin legion pc\article_project\data\raw\pdraw_spiral\test\parkinson\V08PE01.png,1,0.258451,0
pdraw_spiral,efficientnet_b0,jpeg_compression,4,C:\Users\ramti\Desktop\ramtin legion pc\article_project\data\raw\pdraw_spiral\test\parkinson\V09PE01.png,1,0.821540,1
pdraw_spiral,efficientnet_b0,jpeg_compression,4,C:\Users\ramti\Desktop\ramtin legion pc\article_project\data\raw\pdraw_spiral\test\parkinson\V10PE03.png,1,0.496843,1
pdraw_spiral,efficientnet_b0,jpeg_compression,4,C:\Users\ramti\Desktop\ramtin legion pc\article_project\data\raw\pdraw_spiral\test\parkinson\V11PE03.png,1,0.566028,1
pdraw_spiral,efficientnet_b0,jpeg_compression,4,C:\Users\ramti\Desktop\ramtin legion pc\article_project\data\raw\pdraw_spiral\test\parkinson\V14PE03.png,1,0.976972,1
pdraw_spiral,efficientnet_b0,jpeg_compression,4,C:\Users\ramti\Desktop\ramtin legion pc\article_project\data\raw\pdraw_spiral\test\parkinson\V15PE01.png,1,0.712676,1
pdraw_spiral,efficientnet_b0,jpeg_compression,5,C:\Users\ramti\Desktop\ramtin legion pc\article_project\data\raw\pdraw_spiral\test\healthy\V01HE01.png,0,0.675046,1
pdraw_spiral,efficientnet_b0,jpeg_compression,5,C:\Users\ramti\Desktop\ramtin legion pc\article_project\data\raw\pdraw_spiral\test\healthy\V02HE01.png,0,0.928638,1
pdraw_spiral,efficientnet_b0,jpeg_compression,5,C:\Users\ramti\Desktop\ramtin legion pc\article_project\data\raw\pdraw_spiral\test\healthy\V03HE1.png,0,0.467535,1
pdraw_spiral,efficientnet_b0,jpeg_compression,5,C:\Users\ramti\Desktop\ramtin legion pc\article_project\data\raw\pdraw_spiral\test\healthy\V04HE01.png,0,0.281964,0
pdraw_spiral,efficientnet_b0,jpeg_compression,5,C:\Users\ramti\Desktop\ramtin legion pc\article_project\data\raw\pdraw_spiral\test\healthy\V05HE01.png,0,0.829197,1
pdraw_spiral,efficientnet_b0,jpeg_compression,5,C:\Users\ramti\Desktop\ramtin legion pc\article_project\data\raw\pdraw_spiral\test\healthy\V06HE01.png,0,0.605192,1
pdraw_spiral,efficientnet_b0,jpeg_compression,5,C:\Users\ramti\Desktop\ramtin legion pc\article_project\data\raw\pdraw_spiral\test\healthy\V07HE01.png,0,0.657189,1
pdraw_spiral,efficientnet_b0,jpeg_compression,5,C:\Users\ramti\Desktop\ramtin legion pc\article_project\data\raw\pdraw_spiral\test\healthy\V08HE01.png,0,0.405759,1
pdraw_spiral,efficientnet_b0,jpeg_compression,5,C:\Users\ramti\Desktop\ramtin legion pc\article_project\data\raw\pdraw_spiral\test\healthy\V09HE01.png,0,0.458821,1
pdraw_spiral,efficientnet_b0,jpeg_compression,5,C:\Users\ramti\Desktop\ramtin legion pc\article_project\data\raw\pdraw_spiral\test\healthy\V10HE01.png,0,0.425641,1
pdraw_spiral,efficientnet_b0,jpeg_compression,5,C:\Users\ramti\Desktop\ramtin legion pc\article_project\data\raw\pdraw_spiral\test\healthy\V11HE01.png,0,0.284979,0
pdraw_spiral,efficientnet_b0,jpeg_compression,5,C:\Users\ramti\Desktop\ramtin legion pc\article_project\data\raw\pdraw_spiral\test\healthy\V55HE12.png,0,0.214765,0
pdraw_spiral,efficientnet_b0,jpeg_compression,5,C:\Users\ramti\Desktop\ramtin legion pc\article_project\data\raw\pdraw_spiral\test\healthy\V55HE13.png,0,0.414640,1
pdraw_spiral,efficientnet_b0,jpeg_compression,5,C:\Users\ramti\Desktop\ramtin legion pc\article_project\data\raw\pdraw_spiral\test\healthy\V55HE14.png,0,0.214114,0
pdraw_spiral,efficientnet_b0,jpeg_compression,5,C:\Users\ramti\Desktop\ramtin legion pc\article_project\data\raw\pdraw_spiral\test\healthy\V55HE15.png,0,0.425871,1
pdraw_spiral,efficientnet_b0,jpeg_compression,5,C:\Users\ramti\Desktop\ramtin legion pc\article_project\data\raw\pdraw_spiral\test\parkinson\V01PE01.png,1,0.296769,0
pdraw_spiral,efficientnet_b0,jpeg_compression,5,C:\Users\ramti\Desktop\ramtin legion pc\article_project\data\raw\pdraw_spiral\test\parkinson\V02PE01.png,1,0.903422,1
pdraw_spiral,efficientnet_b0,jpeg_compression,5,C:\Users\ramti\Desktop\ramtin legion pc\article_project\data\raw\pdraw_spiral\test\parkinson\V03PE01.png,1,0.968455,1
pdraw_spiral,efficientnet_b0,jpeg_compression,5,C:\Users\ramti\Desktop\ramtin legion pc\article_project\data\raw\pdraw_spiral\test\parkinson\V03PE04.png,1,0.980073,1
pdraw_spiral,efficientnet_b0,jpeg_compression,5,C:\Users\ramti\Desktop\ramtin legion pc\article_project\data\raw\pdraw_spiral\test\parkinson\V03PE07.png,1,0.968019,1
pdraw_spiral,efficientnet_b0,jpeg_compression,5,C:\Users\ramti\Desktop\ramtin legion pc\article_project\data\raw\pdraw_spiral\test\parkinson\V04PE01.png,1,0.970692,1
pdraw_spiral,efficientnet_b0,jpeg_compression,5,C:\Users\ramti\Desktop\ramtin legion pc\article_project\data\raw\pdraw_spiral\test\parkinson\V05PE01.png,1,0.979334,1
pdraw_spiral,efficientnet_b0,jpeg_compression,5,C:\Users\ramti\Desktop\ramtin legion pc\article_project\data\raw\pdraw_spiral\test\parkinson\V06PE01.png,1,0.872532,1
pdraw_spiral,efficientnet_b0,jpeg_compression,5,C:\Users\ramti\Desktop\ramtin legion pc\article_project\data\raw\pdraw_spiral\test\parkinson\V07PE01.png,1,0.933598,1
pdraw_spiral,efficientnet_b0,jpeg_compression,5,C:\Users\ramti\Desktop\ramtin legion pc\article_project\data\raw\pdraw_spiral\test\parkinson\V08PE01.png,1,0.712757,1
pdraw_spiral,efficientnet_b0,jpeg_compression,5,C:\Users\ramti\Desktop\ramtin legion pc\article_project\data\raw\pdraw_spiral\test\parkinson\V09PE01.png,1,0.865954,1
pdraw_spiral,efficientnet_b0,jpeg_compression,5,C:\Users\ramti\Desktop\ramtin legion pc\article_project\data\raw\pdraw_spiral\test\parkinson\V10PE03.png,1,0.662966,1
pdraw_spiral,efficientnet_b0,jpeg_compression,5,C:\Users\ramti\Desktop\ramtin legion pc\article_project\data\raw\pdraw_spiral\test\parkinson\V11PE03.png,1,0.628798,1
pdraw_spiral,efficientnet_b0,jpeg_compression,5,C:\Users\ramti\Desktop\ramtin legion pc\article_project\data\raw\pdraw_spiral\test\parkinson\V14PE03.png,1,0.965199,1
pdraw_spiral,efficientnet_b0,jpeg_compression,5,C:\Users\ramti\Desktop\ramtin legion pc\article_project\data\raw\pdraw_spiral\test\parkinson\V15PE01.png,1,0.738606,1
pdraw_spiral,efficientnet_b0,gaussian_blur,1,C:\Users\ramti\Desktop\ramtin legion pc\article_project\data\raw\pdraw_spiral\test\healthy\V01HE01.png,0,0.420305,1
pdraw_spiral,efficientnet_b0,gaussian_blur,1,C:\Users\ramti\Desktop\ramtin legion pc\article_project\data\raw\pdraw_spiral\test\healthy\V02HE01.png,0,0.918932,1
pdraw_spiral,efficientnet_b0,gaussian_blur,1,C:\Users\ramti\Desktop\ramtin legion pc\article_project\data\raw\pdraw_spiral\test\healthy\V03HE1.png,0,0.437378,1
pdraw_spiral,efficientnet_b0,gaussian_blur,1,C:\Users\ramti\Desktop\ramtin legion pc\article_project\data\raw\pdraw_spiral\test\healthy\V04HE01.png,0,0.161709,0
pdraw_spiral,efficientnet_b0,gaussian_blur,1,C:\Users\ramti\Desktop\ramtin legion pc\article_project\data\raw\pdraw_spiral\test\healthy\V05HE01.png,0,0.569949,1
pdraw_spiral,efficientnet_b0,gaussian_blur,1,C:\Users\ramti\Desktop\ramtin legion pc\article_project\data\raw\pdraw_spiral\test\healthy\V06HE01.png,0,0.393860,0
pdraw_spiral,efficientnet_b0,gaussian_blur,1,C:\Users\ramti\Desktop\ramtin legion pc\article_project\data\raw\pdraw_spiral\test\healthy\V07HE01.png,0,0.376607,0
pdraw_spiral,efficientnet_b0,gaussian_blur,1,C:\Users\ramti\Desktop\ramtin legion pc\article_project\data\raw\pdraw_spiral\test\healthy\V08HE01.png,0,0.205956,0
pdraw_spiral,efficientnet_b0,gaussian_blur,1,C:\Users\ramti\Desktop\ramtin legion pc\article_project\data\raw\pdraw_spiral\test\healthy\V09HE01.png,0,0.269657,0
pdraw_spiral,efficientnet_b0,gaussian_blur,1,C:\Users\ramti\Desktop\ramtin legion pc\article_project\data\raw\pdraw_spiral\test\healthy\V10HE01.png,0,0.412155,1
pdraw_spiral,efficientnet_b0,gaussian_blur,1,C:\Users\ramti\Desktop\ramtin legion pc\article_project\data\raw\pdraw_spiral\test\healthy\V11HE01.png,0,0.425159,1
pdraw_spiral,efficientnet_b0,gaussian_blur,1,C:\Users\ramti\Desktop\ramtin legion pc\article_project\data\raw\pdraw_spiral\test\healthy\V55HE12.png,0,0.124937,0
pdraw_spiral,efficientnet_b0,gaussian_blur,1,C:\Users\ramti\Desktop\ramtin legion pc\article_project\data\raw\pdraw_spiral\test\healthy\V55HE13.png,0,0.103292,0
pdraw_spiral,efficientnet_b0,gaussian_blur,1,C:\Users\ramti\Desktop\ramtin legion pc\article_project\data\raw\pdraw_spiral\test\healthy\V55HE14.png,0,0.114344,0
pdraw_spiral,efficientnet_b0,gaussian_blur,1,C:\Users\ramti\Desktop\ramtin legion pc\article_project\data\raw\pdraw_spiral\test\healthy\V55HE15.png,0,0.143532,0
pdraw_spiral,efficientnet_b0,gaussian_blur,1,C:\Users\ramti\Desktop\ramtin legion pc\article_project\data\raw\pdraw_spiral\test\parkinson\V01PE01.png,1,0.289305,0
pdraw_spiral,efficientnet_b0,gaussian_blur,1,C:\Users\ramti\Desktop\ramtin legion pc\article_project\data\raw\pdraw_spiral\test\parkinson\V02PE01.png,1,0.862245,1
pdraw_spiral,efficientnet_b0,gaussian_blur,1,C:\Users\ramti\Desktop\ramtin legion pc\article_project\data\raw\pdraw_spiral\test\parkinson\V03PE01.png,1,0.979976,1
pdraw_spiral,efficientnet_b0,gaussian_blur,1,C:\Users\ramti\Desktop\ramtin legion pc\article_project\data\raw\pdraw_spiral\test\parkinson\V03PE04.png,1,0.988190,1
pdraw_spiral,efficientnet_b0,gaussian_blur,1,C:\Users\ramti\Desktop\ramtin legion pc\article_project\data\raw\pdraw_spiral\test\parkinson\V03PE07.png,1,0.967854,1
pdraw_spiral,efficientnet_b0,gaussian_blur,1,C:\Users\ramti\Desktop\ramtin legion pc\article_project\data\raw\pdraw_spiral\test\parkinson\V04PE01.png,1,0.947968,1
pdraw_spiral,efficientnet_b0,gaussian_blur,1,C:\Users\ramti\Desktop\ramtin legion pc\article_project\data\raw\pdraw_spiral\test\parkinson\V05PE01.png,1,0.985649,1
pdraw_spiral,efficientnet_b0,gaussian_blur,1,C:\Users\ramti\Desktop\ramtin legion pc\article_project\data\raw\pdraw_spiral\test\parkinson\V06PE01.png,1,0.733672,1
pdraw_spiral,efficientnet_b0,gaussian_blur,1,C:\Users\ramti\Desktop\ramtin legion pc\article_project\data\raw\pdraw_spiral\test\parkinson\V07PE01.png,1,0.964938,1
pdraw_spiral,efficientnet_b0,gaussian_blur,1,C:\Users\ramti\Desktop\ramtin legion pc\article_project\data\raw\pdraw_spiral\test\parkinson\V08PE01.png,1,0.460291,1
pdraw_spiral,efficientnet_b0,gaussian_blur,1,C:\Users\ramti\Desktop\ramtin legion pc\article_project\data\raw\pdraw_spiral\test\parkinson\V09PE01.png,1,0.751900,1
pdraw_spiral,efficientnet_b0,gaussian_blur,1,C:\Users\ramti\Desktop\ramtin legion pc\article_project\data\raw\pdraw_spiral\test\parkinson\V10PE03.png,1,0.297661,0
pdraw_spiral,efficientnet_b0,gaussian_blur,1,C:\Users\ramti\Desktop\ramtin legion pc\article_project\data\raw\pdraw_spiral\test\parkinson\V11PE03.png,1,0.404286,1
pdraw_spiral,efficientnet_b0,gaussian_blur,1,C:\Users\ramti\Desktop\ramtin legion pc\article_project\data\raw\pdraw_spiral\test\parkinson\V14PE03.png,1,0.978451,1
pdraw_spiral,efficientnet_b0,gaussian_blur,1,C:\Users\ramti\Desktop\ramtin legion pc\article_project\data\raw\pdraw_spiral\test\parkinson\V15PE01.png,1,0.654748,1
pdraw_spiral,efficientnet_b0,gaussian_blur,2,C:\Users\ramti\Desktop\ramtin legion pc\article_project\data\raw\pdraw_spiral\test\healthy\V01HE01.png,0,0.376256,0
pdraw_spiral,efficientnet_b0,gaussian_blur,2,C:\Users\ramti\Desktop\ramtin legion pc\article_project\data\raw\pdraw_spiral\test\healthy\V02HE01.png,0,0.915226,1
pdraw_spiral,efficientnet_b0,gaussian_blur,2,C:\Users\ramti\Desktop\ramtin legion pc\article_project\data\raw\pdraw_spiral\test\healthy\V03HE1.png,0,0.405511,1
pdraw_spiral,efficientnet_b0,gaussian_blur,2,C:\Users\ramti\Desktop\ramtin legion pc\article_project\data\raw\pdraw_spiral\test\healthy\V04HE01.png,0,0.159659,0
pdraw_spiral,efficientnet_b0,gaussian_blur,2,C:\Users\ramti\Desktop\ramtin legion pc\article_project\data\raw\pdraw_spiral\test\healthy\V05HE01.png,0,0.604321,1
pdraw_spiral,efficientnet_b0,gaussian_blur,2,C:\Users\ramti\Desktop\ramtin legion pc\article_project\data\raw\pdraw_spiral\test\healthy\V06HE01.png,0,0.391491,0
pdraw_spiral,efficientnet_b0,gaussian_blur,2,C:\Users\ramti\Desktop\ramtin legion pc\article_project\data\raw\pdraw_spiral\test\healthy\V07HE01.png,0,0.338468,0
pdraw_spiral,efficientnet_b0,gaussian_blur,2,C:\Users\ramti\Desktop\ramtin legion pc\article_project\data\raw\pdraw_spiral\test\healthy\V08HE01.png,0,0.215065,0
pdraw_spiral,efficientnet_b0,gaussian_blur,2,C:\Users\ramti\Desktop\ramtin legion pc\article_project\data\raw\pdraw_spiral\test\healthy\V09HE01.png,0,0.224928,0
pdraw_spiral,efficientnet_b0,gaussian_blur,2,C:\Users\ramti\Desktop\ramtin legion pc\article_project\data\raw\pdraw_spiral\test\healthy\V10HE01.png,0,0.369203,0
pdraw_spiral,efficientnet_b0,gaussian_blur,2,C:\Users\ramti\Desktop\ramtin legion pc\article_project\data\raw\pdraw_spiral\test\healthy\V11HE01.png,0,0.400071,1
pdraw_spiral,efficientnet_b0,gaussian_blur,2,C:\Users\ramti\Desktop\ramtin legion pc\article_project\data\raw\pdraw_spiral\test\healthy\V55HE12.png,0,0.129830,0
pdraw_spiral,efficientnet_b0,gaussian_blur,2,C:\Users\ramti\Desktop\ramtin legion pc\article_project\data\raw\pdraw_spiral\test\healthy\V55HE13.png,0,0.105180,0
pdraw_spiral,efficientnet_b0,gaussian_blur,2,C:\Users\ramti\Desktop\ramtin legion pc\article_project\data\raw\pdraw_spiral\test\healthy\V55HE14.png,0,0.107802,0
pdraw_spiral,efficientnet_b0,gaussian_blur,2,C:\Users\ramti\Desktop\ramtin legion pc\article_project\data\raw\pdraw_spiral\test\healthy\V55HE15.png,0,0.156821,0
pdraw_spiral,efficientnet_b0,gaussian_blur,2,C:\Users\ramti\Desktop\ramtin legion pc\article_project\data\raw\pdraw_spiral\test\parkinson\V01PE01.png,1,0.282519,0
pdraw_spiral,efficientnet_b0,gaussian_blur,2,C:\Users\ramti\Desktop\ramtin legion pc\article_project\data\raw\pdraw_spiral\test\parkinson\V02PE01.png,1,0.861860,1
pdraw_spiral,efficientnet_b0,gaussian_blur,2,C:\Users\ramti\Desktop\ramtin legion pc\article_project\data\raw\pdraw_spiral\test\parkinson\V03PE01.png,1,0.973810,1
pdraw_spiral,efficientnet_b0,gaussian_blur,2,C:\Users\ramti\Desktop\ramtin legion pc\article_project\data\raw\pdraw_spiral\test\parkinson\V03PE04.png,1,0.986188,1
pdraw_spiral,efficientnet_b0,gaussian_blur,2,C:\Users\ramti\Desktop\ramtin legion pc\article_project\data\raw\pdraw_spiral\test\parkinson\V03PE07.png,1,0.968581,1
pdraw_spiral,efficientnet_b0,gaussian_blur,2,C:\Users\ramti\Desktop\ramtin legion pc\article_project\data\raw\pdraw_spiral\test\parkinson\V04PE01.png,1,0.951216,1
pdraw_spiral,efficientnet_b0,gaussian_blur,2,C:\Users\ramti\Desktop\ramtin legion pc\article_project\data\raw\pdraw_spiral\test\parkinson\V05PE01.png,1,0.983284,1
pdraw_spiral,efficientnet_b0,gaussian_blur,2,C:\Users\ramti\Desktop\ramtin legion pc\article_project\data\raw\pdraw_spiral\test\parkinson\V06PE01.png,1,0.720821,1
pdraw_spiral,efficientnet_b0,gaussian_blur,2,C:\Users\ramti\Desktop\ramtin legion pc\article_project\data\raw\pdraw_spiral\test\parkinson\V07PE01.png,1,0.966859,1
pdraw_spiral,efficientnet_b0,gaussian_blur,2,C:\Users\ramti\Desktop\ramtin legion pc\article_project\data\raw\pdraw_spiral\test\parkinson\V08PE01.png,1,0.466612,1
pdraw_spiral,efficientnet_b0,gaussian_blur,2,C:\Users\ramti\Desktop\ramtin legion pc\article_project\data\raw\pdraw_spiral\test\parkinson\V09PE01.png,1,0.751017,1
pdraw_spiral,efficientnet_b0,gaussian_blur,2,C:\Users\ramti\Desktop\ramtin legion pc\article_project\data\raw\pdraw_spiral\test\parkinson\V10PE03.png,1,0.303600,0
pdraw_spiral,efficientnet_b0,gaussian_blur,2,C:\Users\ramti\Desktop\ramtin legion pc\article_project\data\raw\pdraw_spiral\test\parkinson\V11PE03.png,1,0.407335,1
pdraw_spiral,efficientnet_b0,gaussian_blur,2,C:\Users\ramti\Desktop\ramtin legion pc\article_project\data\raw\pdraw_spiral\test\parkinson\V14PE03.png,1,0.973193,1
pdraw_spiral,efficientnet_b0,gaussian_blur,2,C:\Users\ramti\Desktop\ramtin legion pc\article_project\data\raw\pdraw_spiral\test\parkinson\V15PE01.png,1,0.633990,1
pdraw_spiral,efficientnet_b0,gaussian_blur,3,C:\Users\ramti\Desktop\ramtin legion pc\article_project\data\raw\pdraw_spiral\test\healthy\V01HE01.png,0,0.402812,1
pdraw_spiral,efficientnet_b0,gaussian_blur,3,C:\Users\ramti\Desktop\ramtin legion pc\article_project\data\raw\pdraw_spiral\test\healthy\V02HE01.png,0,0.905039,1
pdraw_spiral,efficientnet_b0,gaussian_blur,3,C:\Users\ramti\Desktop\ramtin legion pc\article_project\data\raw\pdraw_spiral\test\healthy\V03HE1.png,0,0.441224,1
pdraw_spiral,efficientnet_b0,gaussian_blur,3,C:\Users\ramti\Desktop\ramtin legion pc\article_project\data\raw\pdraw_spiral\test\healthy\V04HE01.png,0,0.235785,0
pdraw_spiral,efficientnet_b0,gaussian_blur,3,C:\Users\ramti\Desktop\ramtin legion pc\article_project\data\raw\pdraw_spiral\test\healthy\V05HE01.png,0,0.617398,1
pdraw_spiral,efficientnet_b0,gaussian_blur,3,C:\Users\ramti\Desktop\ramtin legion pc\article_project\data\raw\pdraw_spiral\test\healthy\V06HE01.png,0,0.447454,1
pdraw_spiral,efficientnet_b0,gaussian_blur,3,C:\Users\ramti\Desktop\ramtin legion pc\article_project\data\raw\pdraw_spiral\test\healthy\V07HE01.png,0,0.348971,0
pdraw_spiral,efficientnet_b0,gaussian_blur,3,C:\Users\ramti\Desktop\ramtin legion pc\article_project\data\raw\pdraw_spiral\test\healthy\V08HE01.png,0,0.275614,0
pdraw_spiral,efficientnet_b0,gaussian_blur,3,C:\Users\ramti\Desktop\ramtin legion pc\article_project\data\raw\pdraw_spiral\test\healthy\V09HE01.png,0,0.291273,0
pdraw_spiral,efficientnet_b0,gaussian_blur,3,C:\Users\ramti\Desktop\ramtin legion pc\article_project\data\raw\pdraw_spiral\test\healthy\V10HE01.png,0,0.336539,0
pdraw_spiral,efficientnet_b0,gaussian_blur,3,C:\Users\ramti\Desktop\ramtin legion pc\article_project\data\raw\pdraw_spiral\test\healthy\V11HE01.png,0,0.373872,0
pdraw_spiral,efficientnet_b0,gaussian_blur,3,C:\Users\ramti\Desktop\ramtin legion pc\article_project\data\raw\pdraw_spiral\test\healthy\V55HE12.png,0,0.158245,0
pdraw_spiral,efficientnet_b0,gaussian_blur,3,C:\Users\ramti\Desktop\ramtin legion pc\article_project\data\raw\pdraw_spiral\test\healthy\V55HE13.png,0,0.144134,0
pdraw_spiral,efficientnet_b0,gaussian_blur,3,C:\Users\ramti\Desktop\ramtin legion pc\article_project\data\raw\pdraw_spiral\test\healthy\V55HE14.png,0,0.116252,0
pdraw_spiral,efficientnet_b0,gaussian_blur,3,C:\Users\ramti\Desktop\ramtin legion pc\article_project\data\raw\pdraw_spiral\test\healthy\V55HE15.png,0,0.179260,0
pdraw_spiral,efficientnet_b0,gaussian_blur,3,C:\Users\ramti\Desktop\ramtin legion pc\article_project\data\raw\pdraw_spiral\test\parkinson\V01PE01.png,1,0.303964,0
pdraw_spiral,efficientnet_b0,gaussian_blur,3,C:\Users\ramti\Desktop\ramtin legion pc\article_project\data\raw\pdraw_spiral\test\parkinson\V02PE01.png,1,0.852775,1
pdraw_spiral,efficientnet_b0,gaussian_blur,3,C:\Users\ramti\Desktop\ramtin legion pc\article_project\data\raw\pdraw_spiral\test\parkinson\V03PE01.png,1,0.972314,1
pdraw_spiral,efficientnet_b0,gaussian_blur,3,C:\Users\ramti\Desktop\ramtin legion pc\article_project\data\raw\pdraw_spiral\test\parkinson\V03PE04.png,1,0.984331,1
pdraw_spiral,efficientnet_b0,gaussian_blur,3,C:\Users\ramti\Desktop\ramtin legion pc\article_project\data\raw\pdraw_spiral\test\parkinson\V03PE07.png,1,0.963237,1
pdraw_spiral,efficientnet_b0,gaussian_blur,3,C:\Users\ramti\Desktop\ramtin legion pc\article_project\data\raw\pdraw_spiral\test\parkinson\V04PE01.png,1,0.962770,1
pdraw_spiral,efficientnet_b0,gaussian_blur,3,C:\Users\ramti\Desktop\ramtin legion pc\article_project\data\raw\pdraw_spiral\test\parkinson\V05PE01.png,1,0.978647,1
pdraw_spiral,efficientnet_b0,gaussian_blur,3,C:\Users\ramti\Desktop\ramtin legion pc\article_project\data\raw\pdraw_spiral\test\parkinson\V06PE01.png,1,0.759394,1
pdraw_spiral,efficientnet_b0,gaussian_blur,3,C:\Users\ramti\Desktop\ramtin legion pc\article_project\data\raw\pdraw_spiral\test\parkinson\V07PE01.png,1,0.960661,1
pdraw_spiral,efficientnet_b0,gaussian_blur,3,C:\Users\ramti\Desktop\ramtin legion pc\article_project\data\raw\pdraw_spiral\test\parkinson\V08PE01.png,1,0.499781,1
pdraw_spiral,efficientnet_b0,gaussian_blur,3,C:\Users\ramti\Desktop\ramtin legion pc\article_project\data\raw\pdraw_spiral\test\parkinson\V09PE01.png,1,0.823091,1
pdraw_spiral,efficientnet_b0,gaussian_blur,3,C:\Users\ramti\Desktop\ramtin legion pc\article_project\data\raw\pdraw_spiral\test\parkinson\V10PE03.png,1,0.323156,0
pdraw_spiral,efficientnet_b0,gaussian_blur,3,C:\Users\ramti\Desktop\ramtin legion pc\article_project\data\raw\pdraw_spiral\test\parkinson\V11PE03.png,1,0.473792,1
pdraw_spiral,efficientnet_b0,gaussian_blur,3,C:\Users\ramti\Desktop\ramtin legion pc\article_project\data\raw\pdraw_spiral\test\parkinson\V14PE03.png,1,0.973129,1
pdraw_spiral,efficientnet_b0,gaussian_blur,3,C:\Users\ramti\Desktop\ramtin legion pc\article_project\data\raw\pdraw_spiral\test\parkinson\V15PE01.png,1,0.682673,1
pdraw_spiral,efficientnet_b0,gaussian_blur,4,C:\Users\ramti\Desktop\ramtin legion pc\article_project\data\raw\pdraw_spiral\test\healthy\V01HE01.png,0,0.394294,0
pdraw_spiral,efficientnet_b0,gaussian_blur,4,C:\Users\ramti\Desktop\ramtin legion pc\article_project\data\raw\pdraw_spiral\test\healthy\V02HE01.png,0,0.884984,1
pdraw_spiral,efficientnet_b0,gaussian_blur,4,C:\Users\ramti\Desktop\ramtin legion pc\article_project\data\raw\pdraw_spiral\test\healthy\V03HE1.png,0,0.381818,0
pdraw_spiral,efficientnet_b0,gaussian_blur,4,C:\Users\ramti\Desktop\ramtin legion pc\article_project\data\raw\pdraw_spiral\test\healthy\V04HE01.png,0,0.232822,0
pdraw_spiral,efficientnet_b0,gaussian_blur,4,C:\Users\ramti\Desktop\ramtin legion pc\article_project\data\raw\pdraw_spiral\test\healthy\V05HE01.png,0,0.623765,1
pdraw_spiral,efficientnet_b0,gaussian_blur,4,C:\Users\ramti\Desktop\ramtin legion pc\article_project\data\raw\pdraw_spiral\test\healthy\V06HE01.png,0,0.412807,1
pdraw_spiral,efficientnet_b0,gaussian_blur,4,C:\Users\ramti\Desktop\ramtin legion pc\article_project\data\raw\pdraw_spiral\test\healthy\V07HE01.png,0,0.308251,0
pdraw_spiral,efficientnet_b0,gaussian_blur,4,C:\Users\ramti\Desktop\ramtin legion pc\article_project\data\raw\pdraw_spiral\test\healthy\V08HE01.png,0,0.261661,0
pdraw_spiral,efficientnet_b0,gaussian_blur,4,C:\Users\ramti\Desktop\ramtin legion pc\article_project\data\raw\pdraw_spiral\test\healthy\V09HE01.png,0,0.312913,0
pdraw_spiral,efficientnet_b0,gaussian_blur,4,C:\Users\ramti\Desktop\ramtin legion pc\article_project\data\raw\pdraw_spiral\test\healthy\V10HE01.png,0,0.333288,0
pdraw_spiral,efficientnet_b0,gaussian_blur,4,C:\Users\ramti\Desktop\ramtin legion pc\article_project\data\raw\pdraw_spiral\test\healthy\V11HE01.png,0,0.365354,0
pdraw_spiral,efficientnet_b0,gaussian_blur,4,C:\Users\ramti\Desktop\ramtin legion pc\article_project\data\raw\pdraw_spiral\test\healthy\V55HE12.png,0,0.155616,0
pdraw_spiral,efficientnet_b0,gaussian_blur,4,C:\Users\ramti\Desktop\ramtin legion pc\article_project\data\raw\pdraw_spiral\test\healthy\V55HE13.png,0,0.179651,0
pdraw_spiral,efficientnet_b0,gaussian_blur,4,C:\Users\ramti\Desktop\ramtin legion pc\article_project\data\raw\pdraw_spiral\test\healthy\V55HE14.png,0,0.105826,0
pdraw_spiral,efficientnet_b0,gaussian_blur,4,C:\Users\ramti\Desktop\ramtin legion pc\article_project\data\raw\pdraw_spiral\test\healthy\V55HE15.png,0,0.173909,0
pdraw_spiral,efficientnet_b0,gaussian_blur,4,C:\Users\ramti\Desktop\ramtin legion pc\article_project\data\raw\pdraw_spiral\test\parkinson\V01PE01.png,1,0.275633,0
pdraw_spiral,efficientnet_b0,gaussian_blur,4,C:\Users\ramti\Desktop\ramtin legion pc\article_project\data\raw\pdraw_spiral\test\parkinson\V02PE01.png,1,0.840958,1
pdraw_spiral,efficientnet_b0,gaussian_blur,4,C:\Users\ramti\Desktop\ramtin legion pc\article_project\data\raw\pdraw_spiral\test\parkinson\V03PE01.png,1,0.967291,1
pdraw_spiral,efficientnet_b0,gaussian_blur,4,C:\Users\ramti\Desktop\ramtin legion pc\article_project\data\raw\pdraw_spiral\test\parkinson\V03PE04.png,1,0.979529,1
pdraw_spiral,efficientnet_b0,gaussian_blur,4,C:\Users\ramti\Desktop\ramtin legion pc\article_project\data\raw\pdraw_spiral\test\parkinson\V03PE07.png,1,0.947170,1
pdraw_spiral,efficientnet_b0,gaussian_blur,4,C:\Users\ramti\Desktop\ramtin legion pc\article_project\data\raw\pdraw_spiral\test\parkinson\V04PE01.png,1,0.961145,1
pdraw_spiral,efficientnet_b0,gaussian_blur,4,C:\Users\ramti\Desktop\ramtin legion pc\article_project\data\raw\pdraw_spiral\test\parkinson\V05PE01.png,1,0.973562,1
pdraw_spiral,efficientnet_b0,gaussian_blur,4,C:\Users\ramti\Desktop\ramtin legion pc\article_project\data\raw\pdraw_spiral\test\parkinson\V06PE01.png,1,0.744294,1
pdraw_spiral,efficientnet_b0,gaussian_blur,4,C:\Users\ramti\Desktop\ramtin legion pc\article_project\data\raw\pdraw_spiral\test\parkinson\V07PE01.png,1,0.934307,1
pdraw_spiral,efficientnet_b0,gaussian_blur,4,C:\Users\ramti\Desktop\ramtin legion pc\article_project\data\raw\pdraw_spiral\test\parkinson\V08PE01.png,1,0.508416,1
pdraw_spiral,efficientnet_b0,gaussian_blur,4,C:\Users\ramti\Desktop\ramtin legion pc\article_project\data\raw\pdraw_spiral\test\parkinson\V09PE01.png,1,0.825585,1
pdraw_spiral,efficientnet_b0,gaussian_blur,4,C:\Users\ramti\Desktop\ramtin legion pc\article_project\data\raw\pdraw_spiral\test\parkinson\V10PE03.png,1,0.336781,0
pdraw_spiral,efficientnet_b0,gaussian_blur,4,C:\Users\ramti\Desktop\ramtin legion pc\article_project\data\raw\pdraw_spiral\test\parkinson\V11PE03.png,1,0.460586,1
pdraw_spiral,efficientnet_b0,gaussian_blur,4,C:\Users\ramti\Desktop\ramtin legion pc\article_project\data\raw\pdraw_spiral\test\parkinson\V14PE03.png,1,0.968453,1
pdraw_spiral,efficientnet_b0,gaussian_blur,4,C:\Users\ramti\Desktop\ramtin legion pc\article_project\data\raw\pdraw_spiral\test\parkinson\V15PE01.png,1,0.698039,1
pdraw_spiral,efficientnet_b0,gaussian_blur,5,C:\Users\ramti\Desktop\ramtin legion pc\article_project\data\raw\pdraw_spiral\test\healthy\V01HE01.png,0,0.364352,0
pdraw_spiral,efficientnet_b0,gaussian_blur,5,C:\Users\ramti\Desktop\ramtin legion pc\article_project\data\raw\pdraw_spiral\test\healthy\V02HE01.png,0,0.803319,1
pdraw_spiral,efficientnet_b0,gaussian_blur,5,C:\Users\ramti\Desktop\ramtin legion pc\article_project\data\raw\pdraw_spiral\test\healthy\V03HE1.png,0,0.305576,0
pdraw_spiral,efficientnet_b0,gaussian_blur,5,C:\Users\ramti\Desktop\ramtin legion pc\article_project\data\raw\pdraw_spiral\test\healthy\V04HE01.png,0,0.218414,0
pdraw_spiral,efficientnet_b0,gaussian_blur,5,C:\Users\ramti\Desktop\ramtin legion pc\article_project\data\raw\pdraw_spiral\test\healthy\V05HE01.png,0,0.581994,1
pdraw_spiral,efficientnet_b0,gaussian_blur,5,C:\Users\ramti\Desktop\ramtin legion pc\article_project\data\raw\pdraw_spiral\test\healthy\V06HE01.png,0,0.372394,0
pdraw_spiral,efficientnet_b0,gaussian_blur,5,C:\Users\ramti\Desktop\ramtin legion pc\article_project\data\raw\pdraw_spiral\test\healthy\V07HE01.png,0,0.279007,0
pdraw_spiral,efficientnet_b0,gaussian_blur,5,C:\Users\ramti\Desktop\ramtin legion pc\article_project\data\raw\pdraw_spiral\test\healthy\V08HE01.png,0,0.222387,0
pdraw_spiral,efficientnet_b0,gaussian_blur,5,C:\Users\ramti\Desktop\ramtin legion pc\article_project\data\raw\pdraw_spiral\test\healthy\V09HE01.png,0,0.305610,0
pdraw_spiral,efficientnet_b0,gaussian_blur,5,C:\Users\ramti\Desktop\ramtin legion pc\article_project\data\raw\pdraw_spiral\test\healthy\V10HE01.png,0,0.326358,0
pdraw_spiral,efficientnet_b0,gaussian_blur,5,C:\Users\ramti\Desktop\ramtin legion pc\article_project\data\raw\pdraw_spiral\test\healthy\V11HE01.png,0,0.375250,0
pdraw_spiral,efficientnet_b0,gaussian_blur,5,C:\Users\ramti\Desktop\ramtin legion pc\article_project\data\raw\pdraw_spiral\test\healthy\V55HE12.png,0,0.147915,0
pdraw_spiral,efficientnet_b0,gaussian_blur,5,C:\Users\ramti\Desktop\ramtin legion pc\article_project\data\raw\pdraw_spiral\test\healthy\V55HE13.png,0,0.189634,0
pdraw_spiral,efficientnet_b0,gaussian_blur,5,C:\Users\ramti\Desktop\ramtin legion pc\article_project\data\raw\pdraw_spiral\test\healthy\V55HE14.png,0,0.098793,0
pdraw_spiral,efficientnet_b0,gaussian_blur,5,C:\Users\ramti\Desktop\ramtin legion pc\article_project\data\raw\pdraw_spiral\test\healthy\V55HE15.png,0,0.145123,0
pdraw_spiral,efficientnet_b0,gaussian_blur,5,C:\Users\ramti\Desktop\ramtin legion pc\article_project\data\raw\pdraw_spiral\test\parkinson\V01PE01.png,1,0.246337,0
pdraw_spiral,efficientnet_b0,gaussian_blur,5,C:\Users\ramti\Desktop\ramtin legion pc\article_project\data\raw\pdraw_spiral\test\parkinson\V02PE01.png,1,0.808890,1
pdraw_spiral,efficientnet_b0,gaussian_blur,5,C:\Users\ramti\Desktop\ramtin legion pc\article_project\data\raw\pdraw_spiral\test\parkinson\V03PE01.png,1,0.959331,1
pdraw_spiral,efficientnet_b0,gaussian_blur,5,C:\Users\ramti\Desktop\ramtin legion pc\article_project\data\raw\pdraw_spiral\test\parkinson\V03PE04.png,1,0.963840,1
pdraw_spiral,efficientnet_b0,gaussian_blur,5,C:\Users\ramti\Desktop\ramtin legion pc\article_project\data\raw\pdraw_spiral\test\parkinson\V03PE07.png,1,0.912564,1
pdraw_spiral,efficientnet_b0,gaussian_blur,5,C:\Users\ramti\Desktop\ramtin legion pc\article_project\data\raw\pdraw_spiral\test\parkinson\V04PE01.png,1,0.947714,1
pdraw_spiral,efficientnet_b0,gaussian_blur,5,C:\Users\ramti\Desktop\ramtin legion pc\article_project\data\raw\pdraw_spiral\test\parkinson\V05PE01.png,1,0.964998,1
pdraw_spiral,efficientnet_b0,gaussian_blur,5,C:\Users\ramti\Desktop\ramtin legion pc\article_project\data\raw\pdraw_spiral\test\parkinson\V06PE01.png,1,0.724638,1
pdraw_spiral,efficientnet_b0,gaussian_blur,5,C:\Users\ramti\Desktop\ramtin legion pc\article_project\data\raw\pdraw_spiral\test\parkinson\V07PE01.png,1,0.880786,1
pdraw_spiral,efficientnet_b0,gaussian_blur,5,C:\Users\ramti\Desktop\ramtin legion pc\article_project\data\raw\pdraw_spiral\test\parkinson\V08PE01.png,1,0.506666,1
pdraw_spiral,efficientnet_b0,gaussian_blur,5,C:\Users\ramti\Desktop\ramtin legion pc\article_project\data\raw\pdraw_spiral\test\parkinson\V09PE01.png,1,0.778167,1
pdraw_spiral,efficientnet_b0,gaussian_blur,5,C:\Users\ramti\Desktop\ramtin legion pc\article_project\data\raw\pdraw_spiral\test\parkinson\V10PE03.png,1,0.345011,0
pdraw_spiral,efficientnet_b0,gaussian_blur,5,C:\Users\ramti\Desktop\ramtin legion pc\article_project\data\raw\pdraw_spiral\test\parkinson\V11PE03.png,1,0.389471,0
pdraw_spiral,efficientnet_b0,gaussian_blur,5,C:\Users\ramti\Desktop\ramtin legion pc\article_project\data\raw\pdraw_spiral\test\parkinson\V14PE03.png,1,0.962846,1
pdraw_spiral,efficientnet_b0,gaussian_blur,5,C:\Users\ramti\Desktop\ramtin legion pc\article_project\data\raw\pdraw_spiral\test\parkinson\V15PE01.png,1,0.666828,1
pdraw_spiral,efficientnet_b0,gaussian_noise,1,C:\Users\ramti\Desktop\ramtin legion pc\article_project\data\raw\pdraw_spiral\test\healthy\V01HE01.png,0,0.441399,1
pdraw_spiral,efficientnet_b0,gaussian_noise,1,C:\Users\ramti\Desktop\ramtin legion pc\article_project\data\raw\pdraw_spiral\test\healthy\V02HE01.png,0,0.821894,1
pdraw_spiral,efficientnet_b0,gaussian_noise,1,C:\Users\ramti\Desktop\ramtin legion pc\article_project\data\raw\pdraw_spiral\test\healthy\V03HE1.png,0,0.448831,1
pdraw_spiral,efficientnet_b0,gaussian_noise,1,C:\Users\ramti\Desktop\ramtin legion pc\article_project\data\raw\pdraw_spiral\test\healthy\V04HE01.png,0,0.190768,0
pdraw_spiral,efficientnet_b0,gaussian_noise,1,C:\Users\ramti\Desktop\ramtin legion pc\article_project\data\raw\pdraw_spiral\test\healthy\V05HE01.png,0,0.498176,1
pdraw_spiral,efficientnet_b0,gaussian_noise,1,C:\Users\ramti\Desktop\ramtin legion pc\article_project\data\raw\pdraw_spiral\test\healthy\V06HE01.png,0,0.375634,0
pdraw_spiral,efficientnet_b0,gaussian_noise,1,C:\Users\ramti\Desktop\ramtin legion pc\article_project\data\raw\pdraw_spiral\test\healthy\V07HE01.png,0,0.374226,0
pdraw_spiral,efficientnet_b0,gaussian_noise,1,C:\Users\ramti\Desktop\ramtin legion pc\article_project\data\raw\pdraw_spiral\test\healthy\V08HE01.png,0,0.194517,0
pdraw_spiral,efficientnet_b0,gaussian_noise,1,C:\Users\ramti\Desktop\ramtin legion pc\article_project\data\raw\pdraw_spiral\test\healthy\V09HE01.png,0,0.270244,0
pdraw_spiral,efficientnet_b0,gaussian_noise,1,C:\Users\ramti\Desktop\ramtin legion pc\article_project\data\raw\pdraw_spiral\test\healthy\V10HE01.png,0,0.377420,0
pdraw_spiral,efficientnet_b0,gaussian_noise,1,C:\Users\ramti\Desktop\ramtin legion pc\article_project\data\raw\pdraw_spiral\test\healthy\V11HE01.png,0,0.395367,0
pdraw_spiral,efficientnet_b0,gaussian_noise,1,C:\Users\ramti\Desktop\ramtin legion pc\article_project\data\raw\pdraw_spiral\test\healthy\V55HE12.png,0,0.119791,0
pdraw_spiral,efficientnet_b0,gaussian_noise,1,C:\Users\ramti\Desktop\ramtin legion pc\article_project\data\raw\pdraw_spiral\test\healthy\V55HE13.png,0,0.098478,0
pdraw_spiral,efficientnet_b0,gaussian_noise,1,C:\Users\ramti\Desktop\ramtin legion pc\article_project\data\raw\pdraw_spiral\test\healthy\V55HE14.png,0,0.127675,0
pdraw_spiral,efficientnet_b0,gaussian_noise,1,C:\Users\ramti\Desktop\ramtin legion pc\article_project\data\raw\pdraw_spiral\test\healthy\V55HE15.png,0,0.131461,0
pdraw_spiral,efficientnet_b0,gaussian_noise,1,C:\Users\ramti\Desktop\ramtin legion pc\article_project\data\raw\pdraw_spiral\test\parkinson\V01PE01.png,1,0.327062,0
pdraw_spiral,efficientnet_b0,gaussian_noise,1,C:\Users\ramti\Desktop\ramtin legion pc\article_project\data\raw\pdraw_spiral\test\parkinson\V02PE01.png,1,0.796756,1
pdraw_spiral,efficientnet_b0,gaussian_noise,1,C:\Users\ramti\Desktop\ramtin legion pc\article_project\data\raw\pdraw_spiral\test\parkinson\V03PE01.png,1,0.986200,1
pdraw_spiral,efficientnet_b0,gaussian_noise,1,C:\Users\ramti\Desktop\ramtin legion pc\article_project\data\raw\pdraw_spiral\test\parkinson\V03PE04.png,1,0.990884,1
pdraw_spiral,efficientnet_b0,gaussian_noise,1,C:\Users\ramti\Desktop\ramtin legion pc\article_project\data\raw\pdraw_spiral\test\parkinson\V03PE07.png,1,0.972966,1
pdraw_spiral,efficientnet_b0,gaussian_noise,1,C:\Users\ramti\Desktop\ramtin legion pc\article_project\data\raw\pdraw_spiral\test\parkinson\V04PE01.png,1,0.924732,1
pdraw_spiral,efficientnet_b0,gaussian_noise,1,C:\Users\ramti\Desktop\ramtin legion pc\article_project\data\raw\pdraw_spiral\test\parkinson\V05PE01.png,1,0.986143,1
pdraw_spiral,efficientnet_b0,gaussian_noise,1,C:\Users\ramti\Desktop\ramtin legion pc\article_project\data\raw\pdraw_spiral\test\parkinson\V06PE01.png,1,0.714095,1
pdraw_spiral,efficientnet_b0,gaussian_noise,1,C:\Users\ramti\Desktop\ramtin legion pc\article_project\data\raw\pdraw_spiral\test\parkinson\V07PE01.png,1,0.969367,1
pdraw_spiral,efficientnet_b0,gaussian_noise,1,C:\Users\ramti\Desktop\ramtin legion pc\article_project\data\raw\pdraw_spiral\test\parkinson\V08PE01.png,1,0.380808,0
pdraw_spiral,efficientnet_b0,gaussian_noise,1,C:\Users\ramti\Desktop\ramtin legion pc\article_project\data\raw\pdraw_spiral\test\parkinson\V09PE01.png,1,0.755111,1
pdraw_spiral,efficientnet_b0,gaussian_noise,1,C:\Users\ramti\Desktop\ramtin legion pc\article_project\data\raw\pdraw_spiral\test\parkinson\V10PE03.png,1,0.272873,0
pdraw_spiral,efficientnet_b0,gaussian_noise,1,C:\Users\ramti\Desktop\ramtin legion pc\article_project\data\raw\pdraw_spiral\test\parkinson\V11PE03.png,1,0.394001,0
pdraw_spiral,efficientnet_b0,gaussian_noise,1,C:\Users\ramti\Desktop\ramtin legion pc\article_project\data\raw\pdraw_spiral\test\parkinson\V14PE03.png,1,0.981360,1
pdraw_spiral,efficientnet_b0,gaussian_noise,1,C:\Users\ramti\Desktop\ramtin legion pc\article_project\data\raw\pdraw_spiral\test\parkinson\V15PE01.png,1,0.619667,1
pdraw_spiral,efficientnet_b0,gaussian_noise,2,C:\Users\ramti\Desktop\ramtin legion pc\article_project\data\raw\pdraw_spiral\test\healthy\V01HE01.png,0,0.350501,0
pdraw_spiral,efficientnet_b0,gaussian_noise,2,C:\Users\ramti\Desktop\ramtin legion pc\article_project\data\raw\pdraw_spiral\test\healthy\V02HE01.png,0,0.730490,1
pdraw_spiral,efficientnet_b0,gaussian_noise,2,C:\Users\ramti\Desktop\ramtin legion pc\article_project\data\raw\pdraw_spiral\test\healthy\V03HE1.png,0,0.438902,1
pdraw_spiral,efficientnet_b0,gaussian_noise,2,C:\Users\ramti\Desktop\ramtin legion pc\article_project\data\raw\pdraw_spiral\test\healthy\V04HE01.png,0,0.196081,0
pdraw_spiral,efficientnet_b0,gaussian_noise,2,C:\Users\ramti\Desktop\ramtin legion pc\article_project\data\raw\pdraw_spiral\test\healthy\V05HE01.png,0,0.584394,1
pdraw_spiral,efficientnet_b0,gaussian_noise,2,C:\Users\ramti\Desktop\ramtin legion pc\article_project\data\raw\pdraw_spiral\test\healthy\V06HE01.png,0,0.445744,1
pdraw_spiral,efficientnet_b0,gaussian_noise,2,C:\Users\ramti\Desktop\ramtin legion pc\article_project\data\raw\pdraw_spiral\test\healthy\V07HE01.png,0,0.307895,0
pdraw_spiral,efficientnet_b0,gaussian_noise,2,C:\Users\ramti\Desktop\ramtin legion pc\article_project\data\raw\pdraw_spiral\test\healthy\V08HE01.png,0,0.178774,0
pdraw_spiral,efficientnet_b0,gaussian_noise,2,C:\Users\ramti\Desktop\ramtin legion pc\article_project\data\raw\pdraw_spiral\test\healthy\V09HE01.png,0,0.260331,0
pdraw_spiral,efficientnet_b0,gaussian_noise,2,C:\Users\ramti\Desktop\ramtin legion pc\article_project\data\raw\pdraw_spiral\test\healthy\V10HE01.png,0,0.320216,0
pdraw_spiral,efficientnet_b0,gaussian_noise,2,C:\Users\ramti\Desktop\ramtin legion pc\article_project\data\raw\pdraw_spiral\test\healthy\V11HE01.png,0,0.458612,1
pdraw_spiral,efficientnet_b0,gaussian_noise,2,C:\Users\ramti\Desktop\ramtin legion pc\article_project\data\raw\pdraw_spiral\test\healthy\V55HE12.png,0,0.120615,0
pdraw_spiral,efficientnet_b0,gaussian_noise,2,C:\Users\ramti\Desktop\ramtin legion pc\article_project\data\raw\pdraw_spiral\test\healthy\V55HE13.png,0,0.122688,0
pdraw_spiral,efficientnet_b0,gaussian_noise,2,C:\Users\ramti\Desktop\ramtin legion pc\article_project\data\raw\pdraw_spiral\test\healthy\V55HE14.png,0,0.120880,0
pdraw_spiral,efficientnet_b0,gaussian_noise,2,C:\Users\ramti\Desktop\ramtin legion pc\article_project\data\raw\pdraw_spiral\test\healthy\V55HE15.png,0,0.136511,0
pdraw_spiral,efficientnet_b0,gaussian_noise,2,C:\Users\ramti\Desktop\ramtin legion pc\article_project\data\raw\pdraw_spiral\test\parkinson\V01PE01.png,1,0.316958,0
pdraw_spiral,efficientnet_b0,gaussian_noise,2,C:\Users\ramti\Desktop\ramtin legion pc\article_project\data\raw\pdraw_spiral\test\parkinson\V02PE01.png,1,0.853399,1
pdraw_spiral,efficientnet_b0,gaussian_noise,2,C:\Users\ramti\Desktop\ramtin legion pc\article_project\data\raw\pdraw_spiral\test\parkinson\V03PE01.png,1,0.985579,1
pdraw_spiral,efficientnet_b0,gaussian_noise,2,C:\Users\ramti\Desktop\ramtin legion pc\article_project\data\raw\pdraw_spiral\test\parkinson\V03PE04.png,1,0.992474,1
pdraw_spiral,efficientnet_b0,gaussian_noise,2,C:\Users\ramti\Desktop\ramtin legion pc\article_project\data\raw\pdraw_spiral\test\parkinson\V03PE07.png,1,0.979269,1
pdraw_spiral,efficientnet_b0,gaussian_noise,2,C:\Users\ramti\Desktop\ramtin legion pc\article_project\data\raw\pdraw_spiral\test\parkinson\V04PE01.png,1,0.923064,1
pdraw_spiral,efficientnet_b0,gaussian_noise,2,C:\Users\ramti\Desktop\ramtin legion pc\article_project\data\raw\pdraw_spiral\test\parkinson\V05PE01.png,1,0.988923,1
pdraw_spiral,efficientnet_b0,gaussian_noise,2,C:\Users\ramti\Desktop\ramtin legion pc\article_project\data\raw\pdraw_spiral\test\parkinson\V06PE01.png,1,0.712641,1
pdraw_spiral,efficientnet_b0,gaussian_noise,2,C:\Users\ramti\Desktop\ramtin legion pc\article_project\data\raw\pdraw_spiral\test\parkinson\V07PE01.png,1,0.962612,1
pdraw_spiral,efficientnet_b0,gaussian_noise,2,C:\Users\ramti\Desktop\ramtin legion pc\article_project\data\raw\pdraw_spiral\test\parkinson\V08PE01.png,1,0.442876,1
pdraw_spiral,efficientnet_b0,gaussian_noise,2,C:\Users\ramti\Desktop\ramtin legion pc\article_project\data\raw\pdraw_spiral\test\parkinson\V09PE01.png,1,0.754774,1
pdraw_spiral,efficientnet_b0,gaussian_noise,2,C:\Users\ramti\Desktop\ramtin legion pc\article_project\data\raw\pdraw_spiral\test\parkinson\V10PE03.png,1,0.289685,0
pdraw_spiral,efficientnet_b0,gaussian_noise,2,C:\Users\ramti\Desktop\ramtin legion pc\article_project\data\raw\pdraw_spiral\test\parkinson\V11PE03.png,1,0.377484,0
pdraw_spiral,efficientnet_b0,gaussian_noise,2,C:\Users\ramti\Desktop\ramtin legion pc\article_project\data\raw\pdraw_spiral\test\parkinson\V14PE03.png,1,0.975945,1
pdraw_spiral,efficientnet_b0,gaussian_noise,2,C:\Users\ramti\Desktop\ramtin legion pc\article_project\data\raw\pdraw_spiral\test\parkinson\V15PE01.png,1,0.524431,1
pdraw_spiral,efficientnet_b0,gaussian_noise,3,C:\Users\ramti\Desktop\ramtin legion pc\article_project\data\raw\pdraw_spiral\test\healthy\V01HE01.png,0,0.319028,0
pdraw_spiral,efficientnet_b0,gaussian_noise,3,C:\Users\ramti\Desktop\ramtin legion pc\article_project\data\raw\pdraw_spiral\test\healthy\V02HE01.png,0,0.722297,1
pdraw_spiral,efficientnet_b0,gaussian_noise,3,C:\Users\ramti\Desktop\ramtin legion pc\article_project\data\raw\pdraw_spiral\test\healthy\V03HE1.png,0,0.326359,0
pdraw_spiral,efficientnet_b0,gaussian_noise,3,C:\Users\ramti\Desktop\ramtin legion pc\article_project\data\raw\pdraw_spiral\test\healthy\V04HE01.png,0,0.204039,0
pdraw_spiral,efficientnet_b0,gaussian_noise,3,C:\Users\ramti\Desktop\ramtin legion pc\article_project\data\raw\pdraw_spiral\test\healthy\V05HE01.png,0,0.634230,1
pdraw_spiral,efficientnet_b0,gaussian_noise,3,C:\Users\ramti\Desktop\ramtin legion pc\article_project\data\raw\pdraw_spiral\test\healthy\V06HE01.png,0,0.296532,0
pdraw_spiral,efficientnet_b0,gaussian_noise,3,C:\Users\ramti\Desktop\ramtin legion pc\article_project\data\raw\pdraw_spiral\test\healthy\V07HE01.png,0,0.274905,0
pdraw_spiral,efficientnet_b0,gaussian_noise,3,C:\Users\ramti\Desktop\ramtin legion pc\article_project\data\raw\pdraw_spiral\test\healthy\V08HE01.png,0,0.204150,0
pdraw_spiral,efficientnet_b0,gaussian_noise,3,C:\Users\ramti\Desktop\ramtin legion pc\article_project\data\raw\pdraw_spiral\test\healthy\V09HE01.png,0,0.224650,0
pdraw_spiral,efficientnet_b0,gaussian_noise,3,C:\Users\ramti\Desktop\ramtin legion pc\article_project\data\raw\pdraw_spiral\test\healthy\V10HE01.png,0,0.246895,0
pdraw_spiral,efficientnet_b0,gaussian_noise,3,C:\Users\ramti\Desktop\ramtin legion pc\article_project\data\raw\pdraw_spiral\test\healthy\V11HE01.png,0,0.458682,1
pdraw_spiral,efficientnet_b0,gaussian_noise,3,C:\Users\ramti\Desktop\ramtin legion pc\article_project\data\raw\pdraw_spiral\test\healthy\V55HE12.png,0,0.149156,0
pdraw_spiral,efficientnet_b0,gaussian_noise,3,C:\Users\ramti\Desktop\ramtin legion pc\article_project\data\raw\pdraw_spiral\test\healthy\V55HE13.png,0,0.130629,0
pdraw_spiral,efficientnet_b0,gaussian_noise,3,C:\Users\ramti\Desktop\ramtin legion pc\article_project\data\raw\pdraw_spiral\test\healthy\V55HE14.png,0,0.122401,0
pdraw_spiral,efficientnet_b0,gaussian_noise,3,C:\Users\ramti\Desktop\ramtin legion pc\article_project\data\raw\pdraw_spiral\test\healthy\V55HE15.png,0,0.135695,0
pdraw_spiral,efficientnet_b0,gaussian_noise,3,C:\Users\ramti\Desktop\ramtin legion pc\article_project\data\raw\pdraw_spiral\test\parkinson\V01PE01.png,1,0.268228,0
pdraw_spiral,efficientnet_b0,gaussian_noise,3,C:\Users\ramti\Desktop\ramtin legion pc\article_project\data\raw\pdraw_spiral\test\parkinson\V02PE01.png,1,0.835738,1
pdraw_spiral,efficientnet_b0,gaussian_noise,3,C:\Users\ramti\Desktop\ramtin legion pc\article_project\data\raw\pdraw_spiral\test\parkinson\V03PE01.png,1,0.977276,1
pdraw_spiral,efficientnet_b0,gaussian_noise,3,C:\Users\ramti\Desktop\ramtin legion pc\article_project\data\raw\pdraw_spiral\test\parkinson\V03PE04.png,1,0.989693,1
pdraw_spiral,efficientnet_b0,gaussian_noise,3,C:\Users\ramti\Desktop\ramtin legion pc\article_project\data\raw\pdraw_spiral\test\parkinson\V03PE07.png,1,0.968254,1
pdraw_spiral,efficientnet_b0,gaussian_noise,3,C:\Users\ramti\Desktop\ramtin legion pc\article_project\data\raw\pdraw_spiral\test\parkinson\V04PE01.png,1,0.923632,1
pdraw_spiral,efficientnet_b0,gaussian_noise,3,C:\Users\ramti\Desktop\ramtin legion pc\article_project\data\raw\pdraw_spiral\test\parkinson\V05PE01.png,1,0.986169,1
pdraw_spiral,efficientnet_b0,gaussian_noise,3,C:\Users\ramti\Desktop\ramtin legion pc\article_project\data\raw\pdraw_spiral\test\parkinson\V06PE01.png,1,0.761630,1
pdraw_spiral,efficientnet_b0,gaussian_noise,3,C:\Users\ramti\Desktop\ramtin legion pc\article_project\data\raw\pdraw_spiral\test\parkinson\V07PE01.png,1,0.937485,1
pdraw_spiral,efficientnet_b0,gaussian_noise,3,C:\Users\ramti\Desktop\ramtin legion pc\article_project\data\raw\pdraw_spiral\test\parkinson\V08PE01.png,1,0.422988,1
pdraw_spiral,efficientnet_b0,gaussian_noise,3,C:\Users\ramti\Desktop\ramtin legion pc\article_project\data\raw\pdraw_spiral\test\parkinson\V09PE01.png,1,0.744760,1
pdraw_spiral,efficientnet_b0,gaussian_noise,3,C:\Users\ramti\Desktop\ramtin legion pc\article_project\data\raw\pdraw_spiral\test\parkinson\V10PE03.png,1,0.289724,0
pdraw_spiral,efficientnet_b0,gaussian_noise,3,C:\Users\ramti\Desktop\ramtin legion pc\article_project\data\raw\pdraw_spiral\test\parkinson\V11PE03.png,1,0.300577,0
pdraw_spiral,efficientnet_b0,gaussian_noise,3,C:\Users\ramti\Desktop\ramtin legion pc\article_project\data\raw\pdraw_spiral\test\parkinson\V14PE03.png,1,0.969170,1
pdraw_spiral,efficientnet_b0,gaussian_noise,3,C:\Users\ramti\Desktop\ramtin legion pc\article_project\data\raw\pdraw_spiral\test\parkinson\V15PE01.png,1,0.515054,1
pdraw_spiral,efficientnet_b0,gaussian_noise,4,C:\Users\ramti\Desktop\ramtin legion pc\article_project\data\raw\pdraw_spiral\test\healthy\V01HE01.png,0,0.378771,0
pdraw_spiral,efficientnet_b0,gaussian_noise,4,C:\Users\ramti\Desktop\ramtin legion pc\article_project\data\raw\pdraw_spiral\test\healthy\V02HE01.png,0,0.702002,1
pdraw_spiral,efficientnet_b0,gaussian_noise,4,C:\Users\ramti\Desktop\ramtin legion pc\article_project\data\raw\pdraw_spiral\test\healthy\V03HE1.png,0,0.308882,0
pdraw_spiral,efficientnet_b0,gaussian_noise,4,C:\Users\ramti\Desktop\ramtin legion pc\article_project\data\raw\pdraw_spiral\test\healthy\V04HE01.png,0,0.207544,0
pdraw_spiral,efficientnet_b0,gaussian_noise,4,C:\Users\ramti\Desktop\ramtin legion pc\article_project\data\raw\pdraw_spiral\test\healthy\V05HE01.png,0,0.550474,1
pdraw_spiral,efficientnet_b0,gaussian_noise,4,C:\Users\ramti\Desktop\ramtin legion pc\article_project\data\raw\pdraw_spiral\test\healthy\V06HE01.png,0,0.311170,0
pdraw_spiral,efficientnet_b0,gaussian_noise,4,C:\Users\ramti\Desktop\ramtin legion pc\article_project\data\raw\pdraw_spiral\test\healthy\V07HE01.png,0,0.219066,0
pdraw_spiral,efficientnet_b0,gaussian_noise,4,C:\Users\ramti\Desktop\ramtin legion pc\article_project\data\raw\pdraw_spiral\test\healthy\V08HE01.png,0,0.180752,0
pdraw_spiral,efficientnet_b0,gaussian_noise,4,C:\Users\ramti\Desktop\ramtin legion pc\article_project\data\raw\pdraw_spiral\test\healthy\V09HE01.png,0,0.192988,0
pdraw_spiral,efficientnet_b0,gaussian_noise,4,C:\Users\ramti\Desktop\ramtin legion pc\article_project\data\raw\pdraw_spiral\test\healthy\V10HE01.png,0,0.261593,0
pdraw_spiral,efficientnet_b0,gaussian_noise,4,C:\Users\ramti\Desktop\ramtin legion pc\article_project\data\raw\pdraw_spiral\test\healthy\V11HE01.png,0,0.408532,1
pdraw_spiral,efficientnet_b0,gaussian_noise,4,C:\Users\ramti\Desktop\ramtin legion pc\article_project\data\raw\pdraw_spiral\test\healthy\V55HE12.png,0,0.167712,0
pdraw_spiral,efficientnet_b0,gaussian_noise,4,C:\Users\ramti\Desktop\ramtin legion pc\article_project\data\raw\pdraw_spiral\test\healthy\V55HE13.png,0,0.128624,0
pdraw_spiral,efficientnet_b0,gaussian_noise,4,C:\Users\ramti\Desktop\ramtin legion pc\article_project\data\raw\pdraw_spiral\test\healthy\V55HE14.png,0,0.140448,0
pdraw_spiral,efficientnet_b0,gaussian_noise,4,C:\Users\ramti\Desktop\ramtin legion pc\article_project\data\raw\pdraw_spiral\test\healthy\V55HE15.png,0,0.116886,0
pdraw_spiral,efficientnet_b0,gaussian_noise,4,C:\Users\ramti\Desktop\ramtin legion pc\article_project\data\raw\pdraw_spiral\test\parkinson\V01PE01.png,1,0.326728,0
pdraw_spiral,efficientnet_b0,gaussian_noise,4,C:\Users\ramti\Desktop\ramtin legion pc\article_project\data\raw\pdraw_spiral\test\parkinson\V02PE01.png,1,0.759989,1
pdraw_spiral,efficientnet_b0,gaussian_noise,4,C:\Users\ramti\Desktop\ramtin legion pc\article_project\data\raw\pdraw_spiral\test\parkinson\V03PE01.png,1,0.976585,1
pdraw_spiral,efficientnet_b0,gaussian_noise,4,C:\Users\ramti\Desktop\ramtin legion pc\article_project\data\raw\pdraw_spiral\test\parkinson\V03PE04.png,1,0.989569,1
pdraw_spiral,efficientnet_b0,gaussian_noise,4,C:\Users\ramti\Desktop\ramtin legion pc\article_project\data\raw\pdraw_spiral\test\parkinson\V03PE07.png,1,0.965010,1
pdraw_spiral,efficientnet_b0,gaussian_noise,4,C:\Users\ramti\Desktop\ramtin legion pc\article_project\data\raw\pdraw_spiral\test\parkinson\V04PE01.png,1,0.947406,1
pdraw_spiral,efficientnet_b0,gaussian_noise,4,C:\Users\ramti\Desktop\ramtin legion pc\article_project\data\raw\pdraw_spiral\test\parkinson\V05PE01.png,1,0.981975,1
pdraw_spiral,efficientnet_b0,gaussian_noise,4,C:\Users\ramti\Desktop\ramtin legion pc\article_project\data\raw\pdraw_spiral\test\parkinson\V06PE01.png,1,0.630164,1
pdraw_spiral,efficientnet_b0,gaussian_noise,4,C:\Users\ramti\Desktop\ramtin legion pc\article_project\data\raw\pdraw_spiral\test\parkinson\V07PE01.png,1,0.937390,1
pdraw_spiral,efficientnet_b0,gaussian_noise,4,C:\Users\ramti\Desktop\ramtin legion pc\article_project\data\raw\pdraw_spiral\test\parkinson\V08PE01.png,1,0.462977,1
pdraw_spiral,efficientnet_b0,gaussian_noise,4,C:\Users\ramti\Desktop\ramtin legion pc\article_project\data\raw\pdraw_spiral\test\parkinson\V09PE01.png,1,0.642334,1
pdraw_spiral,efficientnet_b0,gaussian_noise,4,C:\Users\ramti\Desktop\ramtin legion pc\article_project\data\raw\pdraw_spiral\test\parkinson\V10PE03.png,1,0.304464,0
pdraw_spiral,efficientnet_b0,gaussian_noise,4,C:\Users\ramti\Desktop\ramtin legion pc\article_project\data\raw\pdraw_spiral\test\parkinson\V11PE03.png,1,0.200759,0
pdraw_spiral,efficientnet_b0,gaussian_noise,4,C:\Users\ramti\Desktop\ramtin legion pc\article_project\data\raw\pdraw_spiral\test\parkinson\V14PE03.png,1,0.963099,1
pdraw_spiral,efficientnet_b0,gaussian_noise,4,C:\Users\ramti\Desktop\ramtin legion pc\article_project\data\raw\pdraw_spiral\test\parkinson\V15PE01.png,1,0.452133,1
pdraw_spiral,efficientnet_b0,gaussian_noise,5,C:\Users\ramti\Desktop\ramtin legion pc\article_project\data\raw\pdraw_spiral\test\healthy\V01HE01.png,0,0.274281,0
pdraw_spiral,efficientnet_b0,gaussian_noise,5,C:\Users\ramti\Desktop\ramtin legion pc\article_project\data\raw\pdraw_spiral\test\healthy\V02HE01.png,0,0.675869,1
pdraw_spiral,efficientnet_b0,gaussian_noise,5,C:\Users\ramti\Desktop\ramtin legion pc\article_project\data\raw\pdraw_spiral\test\healthy\V03HE1.png,0,0.228936,0
pdraw_spiral,efficientnet_b0,gaussian_noise,5,C:\Users\ramti\Desktop\ramtin legion pc\article_project\data\raw\pdraw_spiral\test\healthy\V04HE01.png,0,0.235172,0
pdraw_spiral,efficientnet_b0,gaussian_noise,5,C:\Users\ramti\Desktop\ramtin legion pc\article_project\data\raw\pdraw_spiral\test\healthy\V05HE01.png,0,0.496479,1
pdraw_spiral,efficientnet_b0,gaussian_noise,5,C:\Users\ramti\Desktop\ramtin legion pc\article_project\data\raw\pdraw_spiral\test\healthy\V06HE01.png,0,0.281492,0
pdraw_spiral,efficientnet_b0,gaussian_noise,5,C:\Users\ramti\Desktop\ramtin legion pc\article_project\data\raw\pdraw_spiral\test\healthy\V07HE01.png,0,0.337688,0
pdraw_spiral,efficientnet_b0,gaussian_noise,5,C:\Users\ramti\Desktop\ramtin legion pc\article_project\data\raw\pdraw_spiral\test\healthy\V08HE01.png,0,0.218117,0
pdraw_spiral,efficientnet_b0,gaussian_noise,5,C:\Users\ramti\Desktop\ramtin legion pc\article_project\data\raw\pdraw_spiral\test\healthy\V09HE01.png,0,0.215006,0
pdraw_spiral,efficientnet_b0,gaussian_noise,5,C:\Users\ramti\Desktop\ramtin legion pc\article_project\data\raw\pdraw_spiral\test\healthy\V10HE01.png,0,0.366478,0
pdraw_spiral,efficientnet_b0,gaussian_noise,5,C:\Users\ramti\Desktop\ramtin legion pc\article_project\data\raw\pdraw_spiral\test\healthy\V11HE01.png,0,0.367942,0
pdraw_spiral,efficientnet_b0,gaussian_noise,5,C:\Users\ramti\Desktop\ramtin legion pc\article_project\data\raw\pdraw_spiral\test\healthy\V55HE12.png,0,0.186723,0
pdraw_spiral,efficientnet_b0,gaussian_noise,5,C:\Users\ramti\Desktop\ramtin legion pc\article_project\data\raw\pdraw_spiral\test\healthy\V55HE13.png,0,0.138894,0
pdraw_spiral,efficientnet_b0,gaussian_noise,5,C:\Users\ramti\Desktop\ramtin legion pc\article_project\data\raw\pdraw_spiral\test\healthy\V55HE14.png,0,0.122448,0
pdraw_spiral,efficientnet_b0,gaussian_noise,5,C:\Users\ramti\Desktop\ramtin legion pc\article_project\data\raw\pdraw_spiral\test\healthy\V55HE15.png,0,0.118130,0
pdraw_spiral,efficientnet_b0,gaussian_noise,5,C:\Users\ramti\Desktop\ramtin legion pc\article_project\data\raw\pdraw_spiral\test\parkinson\V01PE01.png,1,0.315025,0
pdraw_spiral,efficientnet_b0,gaussian_noise,5,C:\Users\ramti\Desktop\ramtin legion pc\article_project\data\raw\pdraw_spiral\test\parkinson\V02PE01.png,1,0.725526,1
pdraw_spiral,efficientnet_b0,gaussian_noise,5,C:\Users\ramti\Desktop\ramtin legion pc\article_project\data\raw\pdraw_spiral\test\parkinson\V03PE01.png,1,0.959249,1
pdraw_spiral,efficientnet_b0,gaussian_noise,5,C:\Users\ramti\Desktop\ramtin legion pc\article_project\data\raw\pdraw_spiral\test\parkinson\V03PE04.png,1,0.978213,1
pdraw_spiral,efficientnet_b0,gaussian_noise,5,C:\Users\ramti\Desktop\ramtin legion pc\article_project\data\raw\pdraw_spiral\test\parkinson\V03PE07.png,1,0.904100,1
pdraw_spiral,efficientnet_b0,gaussian_noise,5,C:\Users\ramti\Desktop\ramtin legion pc\article_project\data\raw\pdraw_spiral\test\parkinson\V04PE01.png,1,0.938382,1
pdraw_spiral,efficientnet_b0,gaussian_noise,5,C:\Users\ramti\Desktop\ramtin legion pc\article_project\data\raw\pdraw_spiral\test\parkinson\V05PE01.png,1,0.959575,1
pdraw_spiral,efficientnet_b0,gaussian_noise,5,C:\Users\ramti\Desktop\ramtin legion pc\article_project\data\raw\pdraw_spiral\test\parkinson\V06PE01.png,1,0.502062,1
pdraw_spiral,efficientnet_b0,gaussian_noise,5,C:\Users\ramti\Desktop\ramtin legion pc\article_project\data\raw\pdraw_spiral\test\parkinson\V07PE01.png,1,0.874686,1
pdraw_spiral,efficientnet_b0,gaussian_noise,5,C:\Users\ramti\Desktop\ramtin legion pc\article_project\data\raw\pdraw_spiral\test\parkinson\V08PE01.png,1,0.444712,1
pdraw_spiral,efficientnet_b0,gaussian_noise,5,C:\Users\ramti\Desktop\ramtin legion pc\article_project\data\raw\pdraw_spiral\test\parkinson\V09PE01.png,1,0.554004,1
pdraw_spiral,efficientnet_b0,gaussian_noise,5,C:\Users\ramti\Desktop\ramtin legion pc\article_project\data\raw\pdraw_spiral\test\parkinson\V10PE03.png,1,0.229678,0
pdraw_spiral,efficientnet_b0,gaussian_noise,5,C:\Users\ramti\Desktop\ramtin legion pc\article_project\data\raw\pdraw_spiral\test\parkinson\V11PE03.png,1,0.243195,0
pdraw_spiral,efficientnet_b0,gaussian_noise,5,C:\Users\ramti\Desktop\ramtin legion pc\article_project\data\raw\pdraw_spiral\test\parkinson\V14PE03.png,1,0.961055,1
pdraw_spiral,efficientnet_b0,gaussian_noise,5,C:\Users\ramti\Desktop\ramtin legion pc\article_project\data\raw\pdraw_spiral\test\parkinson\V15PE01.png,1,0.582121,1
pdraw_spiral,efficientnet_b0,contrast,1,C:\Users\ramti\Desktop\ramtin legion pc\article_project\data\raw\pdraw_spiral\test\healthy\V01HE01.png,0,0.471608,1
pdraw_spiral,efficientnet_b0,contrast,1,C:\Users\ramti\Desktop\ramtin legion pc\article_project\data\raw\pdraw_spiral\test\healthy\V02HE01.png,0,0.947810,1
pdraw_spiral,efficientnet_b0,contrast,1,C:\Users\ramti\Desktop\ramtin legion pc\article_project\data\raw\pdraw_spiral\test\healthy\V03HE1.png,0,0.494600,1
pdraw_spiral,efficientnet_b0,contrast,1,C:\Users\ramti\Desktop\ramtin legion pc\article_project\data\raw\pdraw_spiral\test\healthy\V04HE01.png,0,0.185412,0
pdraw_spiral,efficientnet_b0,contrast,1,C:\Users\ramti\Desktop\ramtin legion pc\article_project\data\raw\pdraw_spiral\test\healthy\V05HE01.png,0,0.508689,1
pdraw_spiral,efficientnet_b0,contrast,1,C:\Users\ramti\Desktop\ramtin legion pc\article_project\data\raw\pdraw_spiral\test\healthy\V06HE01.png,0,0.507367,1
pdraw_spiral,efficientnet_b0,contrast,1,C:\Users\ramti\Desktop\ramtin legion pc\article_project\data\raw\pdraw_spiral\test\healthy\V07HE01.png,0,0.463046,1
pdraw_spiral,efficientnet_b0,contrast,1,C:\Users\ramti\Desktop\ramtin legion pc\article_project\data\raw\pdraw_spiral\test\healthy\V08HE01.png,0,0.224300,0
pdraw_spiral,efficientnet_b0,contrast,1,C:\Users\ramti\Desktop\ramtin legion pc\article_project\data\raw\pdraw_spiral\test\healthy\V09HE01.png,0,0.267115,0
pdraw_spiral,efficientnet_b0,contrast,1,C:\Users\ramti\Desktop\ramtin legion pc\article_project\data\raw\pdraw_spiral\test\healthy\V10HE01.png,0,0.462239,1
pdraw_spiral,efficientnet_b0,contrast,1,C:\Users\ramti\Desktop\ramtin legion pc\article_project\data\raw\pdraw_spiral\test\healthy\V11HE01.png,0,0.388293,0
pdraw_spiral,efficientnet_b0,contrast,1,C:\Users\ramti\Desktop\ramtin legion pc\article_project\data\raw\pdraw_spiral\test\healthy\V55HE12.png,0,0.140726,0
pdraw_spiral,efficientnet_b0,contrast,1,C:\Users\ramti\Desktop\ramtin legion pc\article_project\data\raw\pdraw_spiral\test\healthy\V55HE13.png,0,0.100843,0
pdraw_spiral,efficientnet_b0,contrast,1,C:\Users\ramti\Desktop\ramtin legion pc\article_project\data\raw\pdraw_spiral\test\healthy\V55HE14.png,0,0.126402,0
pdraw_spiral,efficientnet_b0,contrast,1,C:\Users\ramti\Desktop\ramtin legion pc\article_project\data\raw\pdraw_spiral\test\healthy\V55HE15.png,0,0.136895,0
pdraw_spiral,efficientnet_b0,contrast,1,C:\Users\ramti\Desktop\ramtin legion pc\article_project\data\raw\pdraw_spiral\test\parkinson\V01PE01.png,1,0.430447,1
pdraw_spiral,efficientnet_b0,contrast,1,C:\Users\ramti\Desktop\ramtin legion pc\article_project\data\raw\pdraw_spiral\test\parkinson\V02PE01.png,1,0.841639,1
pdraw_spiral,efficientnet_b0,contrast,1,C:\Users\ramti\Desktop\ramtin legion pc\article_project\data\raw\pdraw_spiral\test\parkinson\V03PE01.png,1,0.985849,1
pdraw_spiral,efficientnet_b0,contrast,1,C:\Users\ramti\Desktop\ramtin legion pc\article_project\data\raw\pdraw_spiral\test\parkinson\V03PE04.png,1,0.991243,1
pdraw_spiral,efficientnet_b0,contrast,1,C:\Users\ramti\Desktop\ramtin legion pc\article_project\data\raw\pdraw_spiral\test\parkinson\V03PE07.png,1,0.976553,1
pdraw_spiral,efficientnet_b0,contrast,1,C:\Users\ramti\Desktop\ramtin legion pc\article_project\data\raw\pdraw_spiral\test\parkinson\V04PE01.png,1,0.928634,1
pdraw_spiral,efficientnet_b0,contrast,1,C:\Users\ramti\Desktop\ramtin legion pc\article_project\data\raw\pdraw_spiral\test\parkinson\V05PE01.png,1,0.985138,1
pdraw_spiral,efficientnet_b0,contrast,1,C:\Users\ramti\Desktop\ramtin legion pc\article_project\data\raw\pdraw_spiral\test\parkinson\V06PE01.png,1,0.783880,1
pdraw_spiral,efficientnet_b0,contrast,1,C:\Users\ramti\Desktop\ramtin legion pc\article_project\data\raw\pdraw_spiral\test\parkinson\V07PE01.png,1,0.974890,1
pdraw_spiral,efficientnet_b0,contrast,1,C:\Users\ramti\Desktop\ramtin legion pc\article_project\data\raw\pdraw_spiral\test\parkinson\V08PE01.png,1,0.316743,0
pdraw_spiral,efficientnet_b0,contrast,1,C:\Users\ramti\Desktop\ramtin legion pc\article_project\data\raw\pdraw_spiral\test\parkinson\V09PE01.png,1,0.860978,1
pdraw_spiral,efficientnet_b0,contrast,1,C:\Users\ramti\Desktop\ramtin legion pc\article_project\data\raw\pdraw_spiral\test\parkinson\V10PE03.png,1,0.329910,0
pdraw_spiral,efficientnet_b0,contrast,1,C:\Users\ramti\Desktop\ramtin legion pc\article_project\data\raw\pdraw_spiral\test\parkinson\V11PE03.png,1,0.444942,1
pdraw_spiral,efficientnet_b0,contrast,1,C:\Users\ramti\Desktop\ramtin legion pc\article_project\data\raw\pdraw_spiral\test\parkinson\V14PE03.png,1,0.983484,1
pdraw_spiral,efficientnet_b0,contrast,1,C:\Users\ramti\Desktop\ramtin legion pc\article_project\data\raw\pdraw_spiral\test\parkinson\V15PE01.png,1,0.670815,1
pdraw_spiral,efficientnet_b0,contrast,2,C:\Users\ramti\Desktop\ramtin legion pc\article_project\data\raw\pdraw_spiral\test\healthy\V01HE01.png,0,0.463595,1
pdraw_spiral,efficientnet_b0,contrast,2,C:\Users\ramti\Desktop\ramtin legion pc\article_project\data\raw\pdraw_spiral\test\healthy\V02HE01.png,0,0.926494,1
pdraw_spiral,efficientnet_b0,contrast,2,C:\Users\ramti\Desktop\ramtin legion pc\article_project\data\raw\pdraw_spiral\test\healthy\V03HE1.png,0,0.549516,1
pdraw_spiral,efficientnet_b0,contrast,2,C:\Users\ramti\Desktop\ramtin legion pc\article_project\data\raw\pdraw_spiral\test\healthy\V04HE01.png,0,0.193637,0
pdraw_spiral,efficientnet_b0,contrast,2,C:\Users\ramti\Desktop\ramtin legion pc\article_project\data\raw\pdraw_spiral\test\healthy\V05HE01.png,0,0.523308,1
pdraw_spiral,efficientnet_b0,contrast,2,C:\Users\ramti\Desktop\ramtin legion pc\article_project\data\raw\pdraw_spiral\test\healthy\V06HE01.png,0,0.477457,1
pdraw_spiral,efficientnet_b0,contrast,2,C:\Users\ramti\Desktop\ramtin legion pc\article_project\data\raw\pdraw_spiral\test\healthy\V07HE01.png,0,0.469308,1
pdraw_spiral,efficientnet_b0,contrast,2,C:\Users\ramti\Desktop\ramtin legion pc\article_project\data\raw\pdraw_spiral\test\healthy\V08HE01.png,0,0.214560,0
pdraw_spiral,efficientnet_b0,contrast,2,C:\Users\ramti\Desktop\ramtin legion pc\article_project\data\raw\pdraw_spiral\test\healthy\V09HE01.png,0,0.285314,0
pdraw_spiral,efficientnet_b0,contrast,2,C:\Users\ramti\Desktop\ramtin legion pc\article_project\data\raw\pdraw_spiral\test\healthy\V10HE01.png,0,0.427355,1
pdraw_spiral,efficientnet_b0,contrast,2,C:\Users\ramti\Desktop\ramtin legion pc\article_project\data\raw\pdraw_spiral\test\healthy\V11HE01.png,0,0.406156,1
pdraw_spiral,efficientnet_b0,contrast,2,C:\Users\ramti\Desktop\ramtin legion pc\article_project\data\raw\pdraw_spiral\test\healthy\V55HE12.png,0,0.126717,0
pdraw_spiral,efficientnet_b0,contrast,2,C:\Users\ramti\Desktop\ramtin legion pc\article_project\data\raw\pdraw_spiral\test\healthy\V55HE13.png,0,0.098142,0
pdraw_spiral,efficientnet_b0,contrast,2,C:\Users\ramti\Desktop\ramtin legion pc\article_project\data\raw\pdraw_spiral\test\healthy\V55HE14.png,0,0.128652,0
pdraw_spiral,efficientnet_b0,contrast,2,C:\Users\ramti\Desktop\ramtin legion pc\article_project\data\raw\pdraw_spiral\test\healthy\V55HE15.png,0,0.133896,0
pdraw_spiral,efficientnet_b0,contrast,2,C:\Users\ramti\Desktop\ramtin legion pc\article_project\data\raw\pdraw_spiral\test\parkinson\V01PE01.png,1,0.430694,1
pdraw_spiral,efficientnet_b0,contrast,2,C:\Users\ramti\Desktop\ramtin legion pc\article_project\data\raw\pdraw_spiral\test\parkinson\V02PE01.png,1,0.839802,1
pdraw_spiral,efficientnet_b0,contrast,2,C:\Users\ramti\Desktop\ramtin legion pc\article_project\data\raw\pdraw_spiral\test\parkinson\V03PE01.png,1,0.987024,1
pdraw_spiral,efficientnet_b0,contrast,2,C:\Users\ramti\Desktop\ramtin legion pc\article_project\data\raw\pdraw_spiral\test\parkinson\V03PE04.png,1,0.992781,1
pdraw_spiral,efficientnet_b0,contrast,2,C:\Users\ramti\Desktop\ramtin legion pc\article_project\data\raw\pdraw_spiral\test\parkinson\V03PE07.png,1,0.981790,1
pdraw_spiral,efficientnet_b0,contrast,2,C:\Users\ramti\Desktop\ramtin legion pc\article_project\data\raw\pdraw_spiral\test\parkinson\V04PE01.png,1,0.945472,1
pdraw_spiral,efficientnet_b0,contrast,2,C:\Users\ramti\Desktop\ramtin legion pc\article_project\data\raw\pdraw_spiral\test\parkinson\V05PE01.png,1,0.987103,1
pdraw_spiral,efficientnet_b0,contrast,2,C:\Users\ramti\Desktop\ramtin legion pc\article_project\data\raw\pdraw_spiral\test\parkinson\V06PE01.png,1,0.786016,1
pdraw_spiral,efficientnet_b0,contrast,2,C:\Users\ramti\Desktop\ramtin legion pc\article_project\data\raw\pdraw_spiral\test\parkinson\V07PE01.png,1,0.977442,1
pdraw_spiral,efficientnet_b0,contrast,2,C:\Users\ramti\Desktop\ramtin legion pc\article_project\data\raw\pdraw_spiral\test\parkinson\V08PE01.png,1,0.344313,0
pdraw_spiral,efficientnet_b0,contrast,2,C:\Users\ramti\Desktop\ramtin legion pc\article_project\data\raw\pdraw_spiral\test\parkinson\V09PE01.png,1,0.826246,1
pdraw_spiral,efficientnet_b0,contrast,2,C:\Users\ramti\Desktop\ramtin legion pc\article_project\data\raw\pdraw_spiral\test\parkinson\V10PE03.png,1,0.324444,0
pdraw_spiral,efficientnet_b0,contrast,2,C:\Users\ramti\Desktop\ramtin legion pc\article_project\data\raw\pdraw_spiral\test\parkinson\V11PE03.png,1,0.463205,1
pdraw_spiral,efficientnet_b0,contrast,2,C:\Users\ramti\Desktop\ramtin legion pc\article_project\data\raw\pdraw_spiral\test\parkinson\V14PE03.png,1,0.984156,1
pdraw_spiral,efficientnet_b0,contrast,2,C:\Users\ramti\Desktop\ramtin legion pc\article_project\data\raw\pdraw_spiral\test\parkinson\V15PE01.png,1,0.665889,1
pdraw_spiral,efficientnet_b0,contrast,3,C:\Users\ramti\Desktop\ramtin legion pc\article_project\data\raw\pdraw_spiral\test\healthy\V01HE01.png,0,0.475430,1
pdraw_spiral,efficientnet_b0,contrast,3,C:\Users\ramti\Desktop\ramtin legion pc\article_project\data\raw\pdraw_spiral\test\healthy\V02HE01.png,0,0.899881,1
pdraw_spiral,efficientnet_b0,contrast,3,C:\Users\ramti\Desktop\ramtin legion pc\article_project\data\raw\pdraw_spiral\test\healthy\V03HE1.png,0,0.579691,1
pdraw_spiral,efficientnet_b0,contrast,3,C:\Users\ramti\Desktop\ramtin legion pc\article_project\data\raw\pdraw_spiral\test\healthy\V04HE01.png,0,0.210036,0
pdraw_spiral,efficientnet_b0,contrast,3,C:\Users\ramti\Desktop\ramtin legion pc\article_project\data\raw\pdraw_spiral\test\healthy\V05HE01.png,0,0.548448,1
pdraw_spiral,efficientnet_b0,contrast,3,C:\Users\ramti\Desktop\ramtin legion pc\article_project\data\raw\pdraw_spiral\test\healthy\V06HE01.png,0,0.469118,1
pdraw_spiral,efficientnet_b0,contrast,3,C:\Users\ramti\Desktop\ramtin legion pc\article_project\data\raw\pdraw_spiral\test\healthy\V07HE01.png,0,0.459193,1
pdraw_spiral,efficientnet_b0,contrast,3,C:\Users\ramti\Desktop\ramtin legion pc\article_project\data\raw\pdraw_spiral\test\healthy\V08HE01.png,0,0.204785,0
pdraw_spiral,efficientnet_b0,contrast,3,C:\Users\ramti\Desktop\ramtin legion pc\article_project\data\raw\pdraw_spiral\test\healthy\V09HE01.png,0,0.292239,0
pdraw_spiral,efficientnet_b0,contrast,3,C:\Users\ramti\Desktop\ramtin legion pc\article_project\data\raw\pdraw_spiral\test\healthy\V10HE01.png,0,0.415842,1
pdraw_spiral,efficientnet_b0,contrast,3,C:\Users\ramti\Desktop\ramtin legion pc\article_project\data\raw\pdraw_spiral\test\healthy\V11HE01.png,0,0.436134,1
pdraw_spiral,efficientnet_b0,contrast,3,C:\Users\ramti\Desktop\ramtin legion pc\article_project\data\raw\pdraw_spiral\test\healthy\V55HE12.png,0,0.129818,0
pdraw_spiral,efficientnet_b0,contrast,3,C:\Users\ramti\Desktop\ramtin legion pc\article_project\data\raw\pdraw_spiral\test\healthy\V55HE13.png,0,0.100412,0
pdraw_spiral,efficientnet_b0,contrast,3,C:\Users\ramti\Desktop\ramtin legion pc\article_project\data\raw\pdraw_spiral\test\healthy\V55HE14.png,0,0.130293,0
pdraw_spiral,efficientnet_b0,contrast,3,C:\Users\ramti\Desktop\ramtin legion pc\article_project\data\raw\pdraw_spiral\test\healthy\V55HE15.png,0,0.135803,0
pdraw_spiral,efficientnet_b0,contrast,3,C:\Users\ramti\Desktop\ramtin legion pc\article_project\data\raw\pdraw_spiral\test\parkinson\V01PE01.png,1,0.427907,1
pdraw_spiral,efficientnet_b0,contrast,3,C:\Users\ramti\Desktop\ramtin legion pc\article_project\data\raw\pdraw_spiral\test\parkinson\V02PE01.png,1,0.837117,1
pdraw_spiral,efficientnet_b0,contrast,3,C:\Users\ramti\Desktop\ramtin legion pc\article_project\data\raw\pdraw_spiral\test\parkinson\V03PE01.png,1,0.987586,1
pdraw_spiral,efficientnet_b0,contrast,3,C:\Users\ramti\Desktop\ramtin legion pc\article_project\data\raw\pdraw_spiral\test\parkinson\V03PE04.png,1,0.992463,1
pdraw_spiral,efficientnet_b0,contrast,3,C:\Users\ramti\Desktop\ramtin legion pc\article_project\data\raw\pdraw_spiral\test\parkinson\V03PE07.png,1,0.982122,1
pdraw_spiral,efficientnet_b0,contrast,3,C:\Users\ramti\Desktop\ramtin legion pc\article_project\data\raw\pdraw_spiral\test\parkinson\V04PE01.png,1,0.950118,1
pdraw_spiral,efficientnet_b0,contrast,3,C:\Users\ramti\Desktop\ramtin legion pc\article_project\data\raw\pdraw_spiral\test\parkinson\V05PE01.png,1,0.987782,1
pdraw_spiral,efficientnet_b0,contrast,3,C:\Users\ramti\Desktop\ramtin legion pc\article_project\data\raw\pdraw_spiral\test\parkinson\V06PE01.png,1,0.795727,1
pdraw_spiral,efficientnet_b0,contrast,3,C:\Users\ramti\Desktop\ramtin legion pc\article_project\data\raw\pdraw_spiral\test\parkinson\V07PE01.png,1,0.978257,1
pdraw_spiral,efficientnet_b0,contrast,3,C:\Users\ramti\Desktop\ramtin legion pc\article_project\data\raw\pdraw_spiral\test\parkinson\V08PE01.png,1,0.390797,0
pdraw_spiral,efficientnet_b0,contrast,3,C:\Users\ramti\Desktop\ramtin legion pc\article_project\data\raw\pdraw_spiral\test\parkinson\V09PE01.png,1,0.816276,1
pdraw_spiral,efficientnet_b0,contrast,3,C:\Users\ramti\Desktop\ramtin legion pc\article_project\data\raw\pdraw_spiral\test\parkinson\V10PE03.png,1,0.361198,0
pdraw_spiral,efficientnet_b0,contrast,3,C:\Users\ramti\Desktop\ramtin legion pc\article_project\data\raw\pdraw_spiral\test\parkinson\V11PE03.png,1,0.468090,1
pdraw_spiral,efficientnet_b0,contrast,3,C:\Users\ramti\Desktop\ramtin legion pc\article_project\data\raw\pdraw_spiral\test\parkinson\V14PE03.png,1,0.983247,1
pdraw_spiral,efficientnet_b0,contrast,3,C:\Users\ramti\Desktop\ramtin legion pc\article_project\data\raw\pdraw_spiral\test\parkinson\V15PE01.png,1,0.663775,1
pdraw_spiral,efficientnet_b0,contrast,4,C:\Users\ramti\Desktop\ramtin legion pc\article_project\data\raw\pdraw_spiral\test\healthy\V01HE01.png,0,0.399912,0
pdraw_spiral,efficientnet_b0,contrast,4,C:\Users\ramti\Desktop\ramtin legion pc\article_project\data\raw\pdraw_spiral\test\healthy\V02HE01.png,0,0.857145,1
pdraw_spiral,efficientnet_b0,contrast,4,C:\Users\ramti\Desktop\ramtin legion pc\article_project\data\raw\pdraw_spiral\test\healthy\V03HE1.png,0,0.582301,1
pdraw_spiral,efficientnet_b0,contrast,4,C:\Users\ramti\Desktop\ramtin legion pc\article_project\data\raw\pdraw_spiral\test\healthy\V04HE01.png,0,0.237893,0
pdraw_spiral,efficientnet_b0,contrast,4,C:\Users\ramti\Desktop\ramtin legion pc\article_project\data\raw\pdraw_spiral\test\healthy\V05HE01.png,0,0.548015,1
pdraw_spiral,efficientnet_b0,contrast,4,C:\Users\ramti\Desktop\ramtin legion pc\article_project\data\raw\pdraw_spiral\test\healthy\V06HE01.png,0,0.459686,1
pdraw_spiral,efficientnet_b0,contrast,4,C:\Users\ramti\Desktop\ramtin legion pc\article_project\data\raw\pdraw_spiral\test\healthy\V07HE01.png,0,0.441729,1
pdraw_spiral,efficientnet_b0,contrast,4,C:\Users\ramti\Desktop\ramtin legion pc\article_project\data\raw\pdraw_spiral\test\healthy\V08HE01.png,0,0.205718,0
pdraw_spiral,efficientnet_b0,contrast,4,C:\Users\ramti\Desktop\ramtin legion pc\article_project\data\raw\pdraw_spiral\test\healthy\V09HE01.png,0,0.356219,0
pdraw_spiral,efficientnet_b0,contrast,4,C:\Users\ramti\Desktop\ramtin legion pc\article_project\data\raw\pdraw_spiral\test\healthy\V10HE01.png,0,0.429881,1
pdraw_spiral,efficientnet_b0,contrast,4,C:\Users\ramti\Desktop\ramtin legion pc\article_project\data\raw\pdraw_spiral\test\healthy\V11HE01.png,0,0.476199,1
pdraw_spiral,efficientnet_b0,contrast,4,C:\Users\ramti\Desktop\ramtin legion pc\article_project\data\raw\pdraw_spiral\test\healthy\V55HE12.png,0,0.137458,0
pdraw_spiral,efficientnet_b0,contrast,4,C:\Users\ramti\Desktop\ramtin legion pc\article_project\data\raw\pdraw_spiral\test\healthy\V55HE13.png,0,0.124246,0
pdraw_spiral,efficientnet_b0,contrast,4,C:\Users\ramti\Desktop\ramtin legion pc\article_project\data\raw\pdraw_spiral\test\healthy\V55HE14.png,0,0.152705,0
pdraw_spiral,efficientnet_b0,contrast,4,C:\Users\ramti\Desktop\ramtin legion pc\article_project\data\raw\pdraw_spiral\test\healthy\V55HE15.png,0,0.156299,0
pdraw_spiral,efficientnet_b0,contrast,4,C:\Users\ramti\Desktop\ramtin legion pc\article_project\data\raw\pdraw_spiral\test\parkinson\V01PE01.png,1,0.426973,1
pdraw_spiral,efficientnet_b0,contrast,4,C:\Users\ramti\Desktop\ramtin legion pc\article_project\data\raw\pdraw_spiral\test\parkinson\V02PE01.png,1,0.835749,1
pdraw_spiral,efficientnet_b0,contrast,4,C:\Users\ramti\Desktop\ramtin legion pc\article_project\data\raw\pdraw_spiral\test\parkinson\V03PE01.png,1,0.986235,1
pdraw_spiral,efficientnet_b0,contrast,4,C:\Users\ramti\Desktop\ramtin legion pc\article_project\data\raw\pdraw_spiral\test\parkinson\V03PE04.png,1,0.989725,1
pdraw_spiral,efficientnet_b0,contrast,4,C:\Users\ramti\Desktop\ramtin legion pc\article_project\data\raw\pdraw_spiral\test\parkinson\V03PE07.png,1,0.978902,1
pdraw_spiral,efficientnet_b0,contrast,4,C:\Users\ramti\Desktop\ramtin legion pc\article_project\data\raw\pdraw_spiral\test\parkinson\V04PE01.png,1,0.960874,1
pdraw_spiral,efficientnet_b0,contrast,4,C:\Users\ramti\Desktop\ramtin legion pc\article_project\data\raw\pdraw_spiral\test\parkinson\V05PE01.png,1,0.986987,1
pdraw_spiral,efficientnet_b0,contrast,4,C:\Users\ramti\Desktop\ramtin legion pc\article_project\data\raw\pdraw_spiral\test\parkinson\V06PE01.png,1,0.775573,1
pdraw_spiral,efficientnet_b0,contrast,4,C:\Users\ramti\Desktop\ramtin legion pc\article_project\data\raw\pdraw_spiral\test\parkinson\V07PE01.png,1,0.980774,1
pdraw_spiral,efficientnet_b0,contrast,4,C:\Users\ramti\Desktop\ramtin legion pc\article_project\data\raw\pdraw_spiral\test\parkinson\V08PE01.png,1,0.440135,1
pdraw_spiral,efficientnet_b0,contrast,4,C:\Users\ramti\Desktop\ramtin legion pc\article_project\data\raw\pdraw_spiral\test\parkinson\V09PE01.png,1,0.806547,1
pdraw_spiral,efficientnet_b0,contrast,4,C:\Users\ramti\Desktop\ramtin legion pc\article_project\data\raw\pdraw_spiral\test\parkinson\V10PE03.png,1,0.368292,0
pdraw_spiral,efficientnet_b0,contrast,4,C:\Users\ramti\Desktop\ramtin legion pc\article_project\data\raw\pdraw_spiral\test\parkinson\V11PE03.png,1,0.490154,1
pdraw_spiral,efficientnet_b0,contrast,4,C:\Users\ramti\Desktop\ramtin legion pc\article_project\data\raw\pdraw_spiral\test\parkinson\V14PE03.png,1,0.983094,1
pdraw_spiral,efficientnet_b0,contrast,4,C:\Users\ramti\Desktop\ramtin legion pc\article_project\data\raw\pdraw_spiral\test\parkinson\V15PE01.png,1,0.677799,1
pdraw_spiral,efficientnet_b0,contrast,5,C:\Users\ramti\Desktop\ramtin legion pc\article_project\data\raw\pdraw_spiral\test\healthy\V01HE01.png,0,0.400035,1
pdraw_spiral,efficientnet_b0,contrast,5,C:\Users\ramti\Desktop\ramtin legion pc\article_project\data\raw\pdraw_spiral\test\healthy\V02HE01.png,0,0.855876,1
pdraw_spiral,efficientnet_b0,contrast,5,C:\Users\ramti\Desktop\ramtin legion pc\article_project\data\raw\pdraw_spiral\test\healthy\V03HE1.png,0,0.566350,1
pdraw_spiral,efficientnet_b0,contrast,5,C:\Users\ramti\Desktop\ramtin legion pc\article_project\data\raw\pdraw_spiral\test\healthy\V04HE01.png,0,0.244437,0
pdraw_spiral,efficientnet_b0,contrast,5,C:\Users\ramti\Desktop\ramtin legion pc\article_project\data\raw\pdraw_spiral\test\healthy\V05HE01.png,0,0.536510,1
pdraw_spiral,efficientnet_b0,contrast,5,C:\Users\ramti\Desktop\ramtin legion pc\article_project\data\raw\pdraw_spiral\test\healthy\V06HE01.png,0,0.460135,1
pdraw_spiral,efficientnet_b0,contrast,5,C:\Users\ramti\Desktop\ramtin legion pc\article_project\data\raw\pdraw_spiral\test\healthy\V07HE01.png,0,0.448036,1
pdraw_spiral,efficientnet_b0,contrast,5,C:\Users\ramti\Desktop\ramtin legion pc\article_project\data\raw\pdraw_spiral\test\healthy\V08HE01.png,0,0.210176,0
pdraw_spiral,efficientnet_b0,contrast,5,C:\Users\ramti\Desktop\ramtin legion pc\article_project\data\raw\pdraw_spiral\test\healthy\V09HE01.png,0,0.345991,0
pdraw_spiral,efficientnet_b0,contrast,5,C:\Users\ramti\Desktop\ramtin legion pc\article_project\data\raw\pdraw_spiral\test\healthy\V10HE01.png,0,0.446148,1
pdraw_spiral,efficientnet_b0,contrast,5,C:\Users\ramti\Desktop\ramtin legion pc\article_project\data\raw\pdraw_spiral\test\healthy\V11HE01.png,0,0.489011,1
pdraw_spiral,efficientnet_b0,contrast,5,C:\Users\ramti\Desktop\ramtin legion pc\article_project\data\raw\pdraw_spiral\test\healthy\V55HE12.png,0,0.146846,0
pdraw_spiral,efficientnet_b0,contrast,5,C:\Users\ramti\Desktop\ramtin legion pc\article_project\data\raw\pdraw_spiral\test\healthy\V55HE13.png,0,0.131946,0
pdraw_spiral,efficientnet_b0,contrast,5,C:\Users\ramti\Desktop\ramtin legion pc\article_project\data\raw\pdraw_spiral\test\healthy\V55HE14.png,0,0.154351,0
pdraw_spiral,efficientnet_b0,contrast,5,C:\Users\ramti\Desktop\ramtin legion pc\article_project\data\raw\pdraw_spiral\test\healthy\V55HE15.png,0,0.168595,0
pdraw_spiral,efficientnet_b0,contrast,5,C:\Users\ramti\Desktop\ramtin legion pc\article_project\data\raw\pdraw_spiral\test\parkinson\V01PE01.png,1,0.441068,1
pdraw_spiral,efficientnet_b0,contrast,5,C:\Users\ramti\Desktop\ramtin legion pc\article_project\data\raw\pdraw_spiral\test\parkinson\V02PE01.png,1,0.841853,1
pdraw_spiral,efficientnet_b0,contrast,5,C:\Users\ramti\Desktop\ramtin legion pc\article_project\data\raw\pdraw_spiral\test\parkinson\V03PE01.png,1,0.984719,1
pdraw_spiral,efficientnet_b0,contrast,5,C:\Users\ramti\Desktop\ramtin legion pc\article_project\data\raw\pdraw_spiral\test\parkinson\V03PE04.png,1,0.988671,1
pdraw_spiral,efficientnet_b0,contrast,5,C:\Users\ramti\Desktop\ramtin legion pc\article_project\data\raw\pdraw_spiral\test\parkinson\V03PE07.png,1,0.974729,1
pdraw_spiral,efficientnet_b0,contrast,5,C:\Users\ramti\Desktop\ramtin legion pc\article_project\data\raw\pdraw_spiral\test\parkinson\V04PE01.png,1,0.955079,1
pdraw_spiral,efficientnet_b0,contrast,5,C:\Users\ramti\Desktop\ramtin legion pc\article_project\data\raw\pdraw_spiral\test\parkinson\V05PE01.png,1,0.985960,1
pdraw_spiral,efficientnet_b0,contrast,5,C:\Users\ramti\Desktop\ramtin legion pc\article_project\data\raw\pdraw_spiral\test\parkinson\V06PE01.png,1,0.750411,1
pdraw_spiral,efficientnet_b0,contrast,5,C:\Users\ramti\Desktop\ramtin legion pc\article_project\data\raw\pdraw_spiral\test\parkinson\V07PE01.png,1,0.981498,1
pdraw_spiral,efficientnet_b0,contrast,5,C:\Users\ramti\Desktop\ramtin legion pc\article_project\data\raw\pdraw_spiral\test\parkinson\V08PE01.png,1,0.454080,1
pdraw_spiral,efficientnet_b0,contrast,5,C:\Users\ramti\Desktop\ramtin legion pc\article_project\data\raw\pdraw_spiral\test\parkinson\V09PE01.png,1,0.793580,1
pdraw_spiral,efficientnet_b0,contrast,5,C:\Users\ramti\Desktop\ramtin legion pc\article_project\data\raw\pdraw_spiral\test\parkinson\V10PE03.png,1,0.347913,0
pdraw_spiral,efficientnet_b0,contrast,5,C:\Users\ramti\Desktop\ramtin legion pc\article_project\data\raw\pdraw_spiral\test\parkinson\V11PE03.png,1,0.496504,1
pdraw_spiral,efficientnet_b0,contrast,5,C:\Users\ramti\Desktop\ramtin legion pc\article_project\data\raw\pdraw_spiral\test\parkinson\V14PE03.png,1,0.982436,1
pdraw_spiral,efficientnet_b0,contrast,5,C:\Users\ramti\Desktop\ramtin legion pc\article_project\data\raw\pdraw_spiral\test\parkinson\V15PE01.png,1,0.695385,1
pdraw_spiral,efficientnet_b0,brightness,1,C:\Users\ramti\Desktop\ramtin legion pc\article_project\data\raw\pdraw_spiral\test\healthy\V01HE01.png,0,0.497435,1
pdraw_spiral,efficientnet_b0,brightness,1,C:\Users\ramti\Desktop\ramtin legion pc\article_project\data\raw\pdraw_spiral\test\healthy\V02HE01.png,0,0.807921,1
pdraw_spiral,efficientnet_b0,brightness,1,C:\Users\ramti\Desktop\ramtin legion pc\article_project\data\raw\pdraw_spiral\test\healthy\V03HE1.png,0,0.493827,1
pdraw_spiral,efficientnet_b0,brightness,1,C:\Users\ramti\Desktop\ramtin legion pc\article_project\data\raw\pdraw_spiral\test\healthy\V04HE01.png,0,0.221009,0
pdraw_spiral,efficientnet_b0,brightness,1,C:\Users\ramti\Desktop\ramtin legion pc\article_project\data\raw\pdraw_spiral\test\healthy\V05HE01.png,0,0.535212,1
pdraw_spiral,efficientnet_b0,brightness,1,C:\Users\ramti\Desktop\ramtin legion pc\article_project\data\raw\pdraw_spiral\test\healthy\V06HE01.png,0,0.544459,1
pdraw_spiral,efficientnet_b0,brightness,1,C:\Users\ramti\Desktop\ramtin legion pc\article_project\data\raw\pdraw_spiral\test\healthy\V07HE01.png,0,0.434275,1
pdraw_spiral,efficientnet_b0,brightness,1,C:\Users\ramti\Desktop\ramtin legion pc\article_project\data\raw\pdraw_spiral\test\healthy\V08HE01.png,0,0.237607,0
pdraw_spiral,efficientnet_b0,brightness,1,C:\Users\ramti\Desktop\ramtin legion pc\article_project\data\raw\pdraw_spiral\test\healthy\V09HE01.png,0,0.295158,0
pdraw_spiral,efficientnet_b0,brightness,1,C:\Users\ramti\Desktop\ramtin legion pc\article_project\data\raw\pdraw_spiral\test\healthy\V10HE01.png,0,0.389319,0
pdraw_spiral,efficientnet_b0,brightness,1,C:\Users\ramti\Desktop\ramtin legion pc\article_project\data\raw\pdraw_spiral\test\healthy\V11HE01.png,0,0.402808,1
pdraw_spiral,efficientnet_b0,brightness,1,C:\Users\ramti\Desktop\ramtin legion pc\article_project\data\raw\pdraw_spiral\test\healthy\V55HE12.png,0,0.144726,0
pdraw_spiral,efficientnet_b0,brightness,1,C:\Users\ramti\Desktop\ramtin legion pc\article_project\data\raw\pdraw_spiral\test\healthy\V55HE13.png,0,0.138381,0
pdraw_spiral,efficientnet_b0,brightness,1,C:\Users\ramti\Desktop\ramtin legion pc\article_project\data\raw\pdraw_spiral\test\healthy\V55HE14.png,0,0.145893,0
pdraw_spiral,efficientnet_b0,brightness,1,C:\Users\ramti\Desktop\ramtin legion pc\article_project\data\raw\pdraw_spiral\test\healthy\V55HE15.png,0,0.166390,0
pdraw_spiral,efficientnet_b0,brightness,1,C:\Users\ramti\Desktop\ramtin legion pc\article_project\data\raw\pdraw_spiral\test\parkinson\V01PE01.png,1,0.446105,1
pdraw_spiral,efficientnet_b0,brightness,1,C:\Users\ramti\Desktop\ramtin legion pc\article_project\data\raw\pdraw_spiral\test\parkinson\V02PE01.png,1,0.831806,1
pdraw_spiral,efficientnet_b0,brightness,1,C:\Users\ramti\Desktop\ramtin legion pc\article_project\data\raw\pdraw_spiral\test\parkinson\V03PE01.png,1,0.975194,1
pdraw_spiral,efficientnet_b0,brightness,1,C:\Users\ramti\Desktop\ramtin legion pc\article_project\data\raw\pdraw_spiral\test\parkinson\V03PE04.png,1,0.988872,1
pdraw_spiral,efficientnet_b0,brightness,1,C:\Users\ramti\Desktop\ramtin legion pc\article_project\data\raw\pdraw_spiral\test\parkinson\V03PE07.png,1,0.977036,1
pdraw_spiral,efficientnet_b0,brightness,1,C:\Users\ramti\Desktop\ramtin legion pc\article_project\data\raw\pdraw_spiral\test\parkinson\V04PE01.png,1,0.898281,1
pdraw_spiral,efficientnet_b0,brightness,1,C:\Users\ramti\Desktop\ramtin legion pc\article_project\data\raw\pdraw_spiral\test\parkinson\V05PE01.png,1,0.978499,1
pdraw_spiral,efficientnet_b0,brightness,1,C:\Users\ramti\Desktop\ramtin legion pc\article_project\data\raw\pdraw_spiral\test\parkinson\V06PE01.png,1,0.716891,1
pdraw_spiral,efficientnet_b0,brightness,1,C:\Users\ramti\Desktop\ramtin legion pc\article_project\data\raw\pdraw_spiral\test\parkinson\V07PE01.png,1,0.965120,1
pdraw_spiral,efficientnet_b0,brightness,1,C:\Users\ramti\Desktop\ramtin legion pc\article_project\data\raw\pdraw_spiral\test\parkinson\V08PE01.png,1,0.382614,0
pdraw_spiral,efficientnet_b0,brightness,1,C:\Users\ramti\Desktop\ramtin legion pc\article_project\data\raw\pdraw_spiral\test\parkinson\V09PE01.png,1,0.798993,1
pdraw_spiral,efficientnet_b0,brightness,1,C:\Users\ramti\Desktop\ramtin legion pc\article_project\data\raw\pdraw_spiral\test\parkinson\V10PE03.png,1,0.328113,0
pdraw_spiral,efficientnet_b0,brightness,1,C:\Users\ramti\Desktop\ramtin legion pc\article_project\data\raw\pdraw_spiral\test\parkinson\V11PE03.png,1,0.473143,1
pdraw_spiral,efficientnet_b0,brightness,1,C:\Users\ramti\Desktop\ramtin legion pc\article_project\data\raw\pdraw_spiral\test\parkinson\V14PE03.png,1,0.969093,1
pdraw_spiral,efficientnet_b0,brightness,1,C:\Users\ramti\Desktop\ramtin legion pc\article_project\data\raw\pdraw_spiral\test\parkinson\V15PE01.png,1,0.606488,1
pdraw_spiral,efficientnet_b0,brightness,2,C:\Users\ramti\Desktop\ramtin legion pc\article_project\data\raw\pdraw_spiral\test\healthy\V01HE01.png,0,0.434716,1
pdraw_spiral,efficientnet_b0,brightness,2,C:\Users\ramti\Desktop\ramtin legion pc\article_project\data\raw\pdraw_spiral\test\healthy\V02HE01.png,0,0.800703,1
pdraw_spiral,efficientnet_b0,brightness,2,C:\Users\ramti\Desktop\ramtin legion pc\article_project\data\raw\pdraw_spiral\test\healthy\V03HE1.png,0,0.491776,1
pdraw_spiral,efficientnet_b0,brightness,2,C:\Users\ramti\Desktop\ramtin legion pc\article_project\data\raw\pdraw_spiral\test\healthy\V04HE01.png,0,0.214758,0
pdraw_spiral,efficientnet_b0,brightness,2,C:\Users\ramti\Desktop\ramtin legion pc\article_project\data\raw\pdraw_spiral\test\healthy\V05HE01.png,0,0.521307,1
pdraw_spiral,efficientnet_b0,brightness,2,C:\Users\ramti\Desktop\ramtin legion pc\article_project\data\raw\pdraw_spiral\test\healthy\V06HE01.png,0,0.503972,1
pdraw_spiral,efficientnet_b0,brightness,2,C:\Users\ramti\Desktop\ramtin legion pc\article_project\data\raw\pdraw_spiral\test\healthy\V07HE01.png,0,0.403195,1
pdraw_spiral,efficientnet_b0,brightness,2,C:\Users\ramti\Desktop\ramtin legion pc\article_project\data\raw\pdraw_spiral\test\healthy\V08HE01.png,0,0.217259,0
pdraw_spiral,efficientnet_b0,brightness,2,C:\Users\ramti\Desktop\ramtin legion pc\article_project\data\raw\pdraw_spiral\test\healthy\V09HE01.png,0,0.259392,0
pdraw_spiral,efficientnet_b0,brightness,2,C:\Users\ramti\Desktop\ramtin legion pc\article_project\data\raw\pdraw_spiral\test\healthy\V10HE01.png,0,0.370044,0
pdraw_spiral,efficientnet_b0,brightness,2,C:\Users\ramti\Desktop\ramtin legion pc\article_project\data\raw\pdraw_spiral\test\healthy\V11HE01.png,0,0.407409,1
pdraw_spiral,efficientnet_b0,brightness,2,C:\Users\ramti\Desktop\ramtin legion pc\article_project\data\raw\pdraw_spiral\test\healthy\V55HE12.png,0,0.131973,0
pdraw_spiral,efficientnet_b0,brightness,2,C:\Users\ramti\Desktop\ramtin legion pc\article_project\data\raw\pdraw_spiral\test\healthy\V55HE13.png,0,0.125184,0
pdraw_spiral,efficientnet_b0,brightness,2,C:\Users\ramti\Desktop\ramtin legion pc\article_project\data\raw\pdraw_spiral\test\healthy\V55HE14.png,0,0.139580,0
pdraw_spiral,efficientnet_b0,brightness,2,C:\Users\ramti\Desktop\ramtin legion pc\article_project\data\raw\pdraw_spiral\test\healthy\V55HE15.png,0,0.149318,0
pdraw_spiral,efficientnet_b0,brightness,2,C:\Users\ramti\Desktop\ramtin legion pc\article_project\data\raw\pdraw_spiral\test\parkinson\V01PE01.png,1,0.423848,1
pdraw_spiral,efficientnet_b0,brightness,2,C:\Users\ramti\Desktop\ramtin legion pc\article_project\data\raw\pdraw_spiral\test\parkinson\V02PE01.png,1,0.777056,1
pdraw_spiral,efficientnet_b0,brightness,2,C:\Users\ramti\Desktop\ramtin legion pc\article_project\data\raw\pdraw_spiral\test\parkinson\V03PE01.png,1,0.971299,1
pdraw_spiral,efficientnet_b0,brightness,2,C:\Users\ramti\Desktop\ramtin legion pc\article_project\data\raw\pdraw_spiral\test\parkinson\V03PE04.png,1,0.989236,1
pdraw_spiral,efficientnet_b0,brightness,2,C:\Users\ramti\Desktop\ramtin legion pc\article_project\data\raw\pdraw_spiral\test\parkinson\V03PE07.png,1,0.968005,1
pdraw_spiral,efficientnet_b0,brightness,2,C:\Users\ramti\Desktop\ramtin legion pc\article_project\data\raw\pdraw_spiral\test\parkinson\V04PE01.png,1,0.879110,1
pdraw_spiral,efficientnet_b0,brightness,2,C:\Users\ramti\Desktop\ramtin legion pc\article_project\data\raw\pdraw_spiral\test\parkinson\V05PE01.png,1,0.979014,1
pdraw_spiral,efficientnet_b0,brightness,2,C:\Users\ramti\Desktop\ramtin legion pc\article_project\data\raw\pdraw_spiral\test\parkinson\V06PE01.png,1,0.668937,1
pdraw_spiral,efficientnet_b0,brightness,2,C:\Users\ramti\Desktop\ramtin legion pc\article_project\data\raw\pdraw_spiral\test\parkinson\V07PE01.png,1,0.968174,1
pdraw_spiral,efficientnet_b0,brightness,2,C:\Users\ramti\Desktop\ramtin legion pc\article_project\data\raw\pdraw_spiral\test\parkinson\V08PE01.png,1,0.366032,0
pdraw_spiral,efficientnet_b0,brightness,2,C:\Users\ramti\Desktop\ramtin legion pc\article_project\data\raw\pdraw_spiral\test\parkinson\V09PE01.png,1,0.726705,1
pdraw_spiral,efficientnet_b0,brightness,2,C:\Users\ramti\Desktop\ramtin legion pc\article_project\data\raw\pdraw_spiral\test\parkinson\V10PE03.png,1,0.261019,0
pdraw_spiral,efficientnet_b0,brightness,2,C:\Users\ramti\Desktop\ramtin legion pc\article_project\data\raw\pdraw_spiral\test\parkinson\V11PE03.png,1,0.423583,1
pdraw_spiral,efficientnet_b0,brightness,2,C:\Users\ramti\Desktop\ramtin legion pc\article_project\data\raw\pdraw_spiral\test\parkinson\V14PE03.png,1,0.968419,1
pdraw_spiral,efficientnet_b0,brightness,2,C:\Users\ramti\Desktop\ramtin legion pc\article_project\data\raw\pdraw_spiral\test\parkinson\V15PE01.png,1,0.571190,1
pdraw_spiral,efficientnet_b0,brightness,3,C:\Users\ramti\Desktop\ramtin legion pc\article_project\data\raw\pdraw_spiral\test\healthy\V01HE01.png,0,0.428892,1
pdraw_spiral,efficientnet_b0,brightness,3,C:\Users\ramti\Desktop\ramtin legion pc\article_project\data\raw\pdraw_spiral\test\healthy\V02HE01.png,0,0.815832,1
pdraw_spiral,efficientnet_b0,brightness,3,C:\Users\ramti\Desktop\ramtin legion pc\article_project\data\raw\pdraw_spiral\test\healthy\V03HE1.png,0,0.544245,1
pdraw_spiral,efficientnet_b0,brightness,3,C:\Users\ramti\Desktop\ramtin legion pc\article_project\data\raw\pdraw_spiral\test\healthy\V04HE01.png,0,0.215218,0
pdraw_spiral,efficientnet_b0,brightness,3,C:\Users\ramti\Desktop\ramtin legion pc\article_project\data\raw\pdraw_spiral\test\healthy\V05HE01.png,0,0.529165,1
pdraw_spiral,efficientnet_b0,brightness,3,C:\Users\ramti\Desktop\ramtin legion pc\article_project\data\raw\pdraw_spiral\test\healthy\V06HE01.png,0,0.457043,1
pdraw_spiral,efficientnet_b0,brightness,3,C:\Users\ramti\Desktop\ramtin legion pc\article_project\data\raw\pdraw_spiral\test\healthy\V07HE01.png,0,0.385100,0
pdraw_spiral,efficientnet_b0,brightness,3,C:\Users\ramti\Desktop\ramtin legion pc\article_project\data\raw\pdraw_spiral\test\healthy\V08HE01.png,0,0.207590,0
pdraw_spiral,efficientnet_b0,brightness,3,C:\Users\ramti\Desktop\ramtin legion pc\article_project\data\raw\pdraw_spiral\test\healthy\V09HE01.png,0,0.275251,0
pdraw_spiral,efficientnet_b0,brightness,3,C:\Users\ramti\Desktop\ramtin legion pc\article_project\data\raw\pdraw_spiral\test\healthy\V10HE01.png,0,0.352001,0
pdraw_spiral,efficientnet_b0,brightness,3,C:\Users\ramti\Desktop\ramtin legion pc\article_project\data\raw\pdraw_spiral\test\healthy\V11HE01.png,0,0.424027,1
pdraw_spiral,efficientnet_b0,brightness,3,C:\Users\ramti\Desktop\ramtin legion pc\article_project\data\raw\pdraw_spiral\test\healthy\V55HE12.png,0,0.126634,0
pdraw_spiral,efficientnet_b0,brightness,3,C:\Users\ramti\Desktop\ramtin legion pc\article_project\data\raw\pdraw_spiral\test\healthy\V55HE13.png,0,0.121082,0
pdraw_spiral,efficientnet_b0,brightness,3,C:\Users\ramti\Desktop\ramtin legion pc\article_project\data\raw\pdraw_spiral\test\healthy\V55HE14.png,0,0.135667,0
pdraw_spiral,efficientnet_b0,brightness,3,C:\Users\ramti\Desktop\ramtin legion pc\article_project\data\raw\pdraw_spiral\test\healthy\V55HE15.png,0,0.140130,0
pdraw_spiral,efficientnet_b0,brightness,3,C:\Users\ramti\Desktop\ramtin legion pc\article_project\data\raw\pdraw_spiral\test\parkinson\V01PE01.png,1,0.422012,1
pdraw_spiral,efficientnet_b0,brightness,3,C:\Users\ramti\Desktop\ramtin legion pc\article_project\data\raw\pdraw_spiral\test\parkinson\V02PE01.png,1,0.788418,1
pdraw_spiral,efficientnet_b0,brightness,3,C:\Users\ramti\Desktop\ramtin legion pc\article_project\data\raw\pdraw_spiral\test\parkinson\V03PE01.png,1,0.973464,1
pdraw_spiral,efficientnet_b0,brightness,3,C:\Users\ramti\Desktop\ramtin legion pc\article_project\data\raw\pdraw_spiral\test\parkinson\V03PE04.png,1,0.989356,1
pdraw_spiral,efficientnet_b0,brightness,3,C:\Users\ramti\Desktop\ramtin legion pc\article_project\data\raw\pdraw_spiral\test\parkinson\V03PE07.png,1,0.970577,1
pdraw_spiral,efficientnet_b0,brightness,3,C:\Users\ramti\Desktop\ramtin legion pc\article_project\data\raw\pdraw_spiral\test\parkinson\V04PE01.png,1,0.908440,1
pdraw_spiral,efficientnet_b0,brightness,3,C:\Users\ramti\Desktop\ramtin legion pc\article_project\data\raw\pdraw_spiral\test\parkinson\V05PE01.png,1,0.982718,1
pdraw_spiral,efficientnet_b0,brightness,3,C:\Users\ramti\Desktop\ramtin legion pc\article_project\data\raw\pdraw_spiral\test\parkinson\V06PE01.png,1,0.720014,1
pdraw_spiral,efficientnet_b0,brightness,3,C:\Users\ramti\Desktop\ramtin legion pc\article_project\data\raw\pdraw_spiral\test\parkinson\V07PE01.png,1,0.970956,1
pdraw_spiral,efficientnet_b0,brightness,3,C:\Users\ramti\Desktop\ramtin legion pc\article_project\data\raw\pdraw_spiral\test\parkinson\V08PE01.png,1,0.397316,0
pdraw_spiral,efficientnet_b0,brightness,3,C:\Users\ramti\Desktop\ramtin legion pc\article_project\data\raw\pdraw_spiral\test\parkinson\V09PE01.png,1,0.735888,1
pdraw_spiral,efficientnet_b0,brightness,3,C:\Users\ramti\Desktop\ramtin legion pc\article_project\data\raw\pdraw_spiral\test\parkinson\V10PE03.png,1,0.260793,0
pdraw_spiral,efficientnet_b0,brightness,3,C:\Users\ramti\Desktop\ramtin legion pc\article_project\data\raw\pdraw_spiral\test\parkinson\V11PE03.png,1,0.425068,1
pdraw_spiral,efficientnet_b0,brightness,3,C:\Users\ramti\Desktop\ramtin legion pc\article_project\data\raw\pdraw_spiral\test\parkinson\V14PE03.png,1,0.978755,1
pdraw_spiral,efficientnet_b0,brightness,3,C:\Users\ramti\Desktop\ramtin legion pc\article_project\data\raw\pdraw_spiral\test\parkinson\V15PE01.png,1,0.598755,1
pdraw_spiral,efficientnet_b0,brightness,4,C:\Users\ramti\Desktop\ramtin legion pc\article_project\data\raw\pdraw_spiral\test\healthy\V01HE01.png,0,0.655213,1
pdraw_spiral,efficientnet_b0,brightness,4,C:\Users\ramti\Desktop\ramtin legion pc\article_project\data\raw\pdraw_spiral\test\healthy\V02HE01.png,0,0.832441,1
pdraw_spiral,efficientnet_b0,brightness,4,C:\Users\ramti\Desktop\ramtin legion pc\article_project\data\raw\pdraw_spiral\test\healthy\V03HE1.png,0,0.704014,1
pdraw_spiral,efficientnet_b0,brightness,4,C:\Users\ramti\Desktop\ramtin legion pc\article_project\data\raw\pdraw_spiral\test\healthy\V04HE01.png,0,0.401965,1
pdraw_spiral,efficientnet_b0,brightness,4,C:\Users\ramti\Desktop\ramtin legion pc\article_project\data\raw\pdraw_spiral\test\healthy\V05HE01.png,0,0.784655,1
pdraw_spiral,efficientnet_b0,brightness,4,C:\Users\ramti\Desktop\ramtin legion pc\article_project\data\raw\pdraw_spiral\test\healthy\V06HE01.png,0,0.701262,1
pdraw_spiral,efficientnet_b0,brightness,4,C:\Users\ramti\Desktop\ramtin legion pc\article_project\data\raw\pdraw_spiral\test\healthy\V07HE01.png,0,0.534668,1
pdraw_spiral,efficientnet_b0,brightness,4,C:\Users\ramti\Desktop\ramtin legion pc\article_project\data\raw\pdraw_spiral\test\healthy\V08HE01.png,0,0.510192,1
pdraw_spiral,efficientnet_b0,brightness,4,C:\Users\ramti\Desktop\ramtin legion pc\article_project\data\raw\pdraw_spiral\test\healthy\V09HE01.png,0,0.454394,1
pdraw_spiral,efficientnet_b0,brightness,4,C:\Users\ramti\Desktop\ramtin legion pc\article_project\data\raw\pdraw_spiral\test\healthy\V10HE01.png,0,0.550739,1
pdraw_spiral,efficientnet_b0,brightness,4,C:\Users\ramti\Desktop\ramtin legion pc\article_project\data\raw\pdraw_spiral\test\healthy\V11HE01.png,0,0.577886,1
pdraw_spiral,efficientnet_b0,brightness,4,C:\Users\ramti\Desktop\ramtin legion pc\article_project\data\raw\pdraw_spiral\test\healthy\V55HE12.png,0,0.435173,1
pdraw_spiral,efficientnet_b0,brightness,4,C:\Users\ramti\Desktop\ramtin legion pc\article_project\data\raw\pdraw_spiral\test\healthy\V55HE13.png,0,0.335500,0
pdraw_spiral,efficientnet_b0,brightness,4,C:\Users\ramti\Desktop\ramtin legion pc\article_project\data\raw\pdraw_spiral\test\healthy\V55HE14.png,0,0.288734,0
pdraw_spiral,efficientnet_b0,brightness,4,C:\Users\ramti\Desktop\ramtin legion pc\article_project\data\raw\pdraw_spiral\test\healthy\V55HE15.png,0,0.339200,0
pdraw_spiral,efficientnet_b0,brightness,4,C:\Users\ramti\Desktop\ramtin legion pc\article_project\data\raw\pdraw_spiral\test\parkinson\V01PE01.png,1,0.621562,1
pdraw_spiral,efficientnet_b0,brightness,4,C:\Users\ramti\Desktop\ramtin legion pc\article_project\data\raw\pdraw_spiral\test\parkinson\V02PE01.png,1,0.953838,1
pdraw_spiral,efficientnet_b0,brightness,4,C:\Users\ramti\Desktop\ramtin legion pc\article_project\data\raw\pdraw_spiral\test\parkinson\V03PE01.png,1,0.972165,1
pdraw_spiral,efficientnet_b0,brightness,4,C:\Users\ramti\Desktop\ramtin legion pc\article_project\data\raw\pdraw_spiral\test\parkinson\V03PE04.png,1,0.988783,1
pdraw_spiral,efficientnet_b0,brightness,4,C:\Users\ramti\Desktop\ramtin legion pc\article_project\data\raw\pdraw_spiral\test\parkinson\V03PE07.png,1,0.966169,1
pdraw_spiral,efficientnet_b0,brightness,4,C:\Users\ramti\Desktop\ramtin legion pc\article_project\data\raw\pdraw_spiral\test\parkinson\V04PE01.png,1,0.945315,1
pdraw_spiral,efficientnet_b0,brightness,4,C:\Users\ramti\Desktop\ramtin legion pc\article_project\data\raw\pdraw_spiral\test\parkinson\V05PE01.png,1,0.983047,1
pdraw_spiral,efficientnet_b0,brightness,4,C:\Users\ramti\Desktop\ramtin legion pc\article_project\data\raw\pdraw_spiral\test\parkinson\V06PE01.png,1,0.894431,1
pdraw_spiral,efficientnet_b0,brightness,4,C:\Users\ramti\Desktop\ramtin legion pc\article_project\data\raw\pdraw_spiral\test\parkinson\V07PE01.png,1,0.949606,1
pdraw_spiral,efficientnet_b0,brightness,4,C:\Users\ramti\Desktop\ramtin legion pc\article_project\data\raw\pdraw_spiral\test\parkinson\V08PE01.png,1,0.661127,1
pdraw_spiral,efficientnet_b0,brightness,4,C:\Users\ramti\Desktop\ramtin legion pc\article_project\data\raw\pdraw_spiral\test\parkinson\V09PE01.png,1,0.921760,1
pdraw_spiral,efficientnet_b0,brightness,4,C:\Users\ramti\Desktop\ramtin legion pc\article_project\data\raw\pdraw_spiral\test\parkinson\V10PE03.png,1,0.623559,1
pdraw_spiral,efficientnet_b0,brightness,4,C:\Users\ramti\Desktop\ramtin legion pc\article_project\data\raw\pdraw_spiral\test\parkinson\V11PE03.png,1,0.672231,1
pdraw_spiral,efficientnet_b0,brightness,4,C:\Users\ramti\Desktop\ramtin legion pc\article_project\data\raw\pdraw_spiral\test\parkinson\V14PE03.png,1,0.981676,1
pdraw_spiral,efficientnet_b0,brightness,4,C:\Users\ramti\Desktop\ramtin legion pc\article_project\data\raw\pdraw_spiral\test\parkinson\V15PE01.png,1,0.828620,1
pdraw_spiral,efficientnet_b0,brightness,5,C:\Users\ramti\Desktop\ramtin legion pc\article_project\data\raw\pdraw_spiral\test\healthy\V01HE01.png,0,0.709158,1
pdraw_spiral,efficientnet_b0,brightness,5,C:\Users\ramti\Desktop\ramtin legion pc\article_project\data\raw\pdraw_spiral\test\healthy\V02HE01.png,0,0.877508,1
pdraw_spiral,efficientnet_b0,brightness,5,C:\Users\ramti\Desktop\ramtin legion pc\article_project\data\raw\pdraw_spiral\test\healthy\V03HE1.png,0,0.627502,1
pdraw_spiral,efficientnet_b0,brightness,5,C:\Users\ramti\Desktop\ramtin legion pc\article_project\data\raw\pdraw_spiral\test\healthy\V04HE01.png,0,0.478163,1
pdraw_spiral,efficientnet_b0,brightness,5,C:\Users\ramti\Desktop\ramtin legion pc\article_project\data\raw\pdraw_spiral\test\healthy\V05HE01.png,0,0.797450,1
pdraw_spiral,efficientnet_b0,brightness,5,C:\Users\ramti\Desktop\ramtin legion pc\article_project\data\raw\pdraw_spiral\test\healthy\V06HE01.png,0,0.513463,1
pdraw_spiral,efficientnet_b0,brightness,5,C:\Users\ramti\Desktop\ramtin legion pc\article_project\data\raw\pdraw_spiral\test\healthy\V07HE01.png,0,0.392991,0
pdraw_spiral,efficientnet_b0,brightness,5,C:\Users\ramti\Desktop\ramtin legion pc\article_project\data\raw\pdraw_spiral\test\healthy\V08HE01.png,0,0.602378,1
pdraw_spiral,efficientnet_b0,brightness,5,C:\Users\ramti\Desktop\ramtin legion pc\article_project\data\raw\pdraw_spiral\test\healthy\V09HE01.png,0,0.463692,1
pdraw_spiral,efficientnet_b0,brightness,5,C:\Users\ramti\Desktop\ramtin legion pc\article_project\data\raw\pdraw_spiral\test\healthy\V10HE01.png,0,0.690626,1
pdraw_spiral,efficientnet_b0,brightness,5,C:\Users\ramti\Desktop\ramtin legion pc\article_project\data\raw\pdraw_spiral\test\healthy\V11HE01.png,0,0.589522,1
pdraw_spiral,efficientnet_b0,brightness,5,C:\Users\ramti\Desktop\ramtin legion pc\article_project\data\raw\pdraw_spiral\test\healthy\V55HE12.png,0,0.427169,1
pdraw_spiral,efficientnet_b0,brightness,5,C:\Users\ramti\Desktop\ramtin legion pc\article_project\data\raw\pdraw_spiral\test\healthy\V55HE13.png,0,0.387554,0
pdraw_spiral,efficientnet_b0,brightness,5,C:\Users\ramti\Desktop\ramtin legion pc\article_project\data\raw\pdraw_spiral\test\healthy\V55HE14.png,0,0.315484,0
pdraw_spiral,efficientnet_b0,brightness,5,C:\Users\ramti\Desktop\ramtin legion pc\article_project\data\raw\pdraw_spiral\test\healthy\V55HE15.png,0,0.390859,0
pdraw_spiral,efficientnet_b0,brightness,5,C:\Users\ramti\Desktop\ramtin legion pc\article_project\data\raw\pdraw_spiral\test\parkinson\V01PE01.png,1,0.470717,1
pdraw_spiral,efficientnet_b0,brightness,5,C:\Users\ramti\Desktop\ramtin legion pc\article_project\data\raw\pdraw_spiral\test\parkinson\V02PE01.png,1,0.944608,1
pdraw_spiral,efficientnet_b0,brightness,5,C:\Users\ramti\Desktop\ramtin legion pc\article_project\data\raw\pdraw_spiral\test\parkinson\V03PE01.png,1,0.826476,1
pdraw_spiral,efficientnet_b0,brightness,5,C:\Users\ramti\Desktop\ramtin legion pc\article_project\data\raw\pdraw_spiral\test\parkinson\V03PE04.png,1,0.984196,1
pdraw_spiral,efficientnet_b0,brightness,5,C:\Users\ramti\Desktop\ramtin legion pc\article_project\data\raw\pdraw_spiral\test\parkinson\V03PE07.png,1,0.925532,1
pdraw_spiral,efficientnet_b0,brightness,5,C:\Users\ramti\Desktop\ramtin legion pc\article_project\data\raw\pdraw_spiral\test\parkinson\V04PE01.png,1,0.941320,1
pdraw_spiral,efficientnet_b0,brightness,5,C:\Users\ramti\Desktop\ramtin legion pc\article_project\data\raw\pdraw_spiral\test\parkinson\V05PE01.png,1,0.982490,1
pdraw_spiral,efficientnet_b0,brightness,5,C:\Users\ramti\Desktop\ramtin legion pc\article_project\data\raw\pdraw_spiral\test\parkinson\V06PE01.png,1,0.860887,1
pdraw_spiral,efficientnet_b0,brightness,5,C:\Users\ramti\Desktop\ramtin legion pc\article_project\data\raw\pdraw_spiral\test\parkinson\V07PE01.png,1,0.904547,1
pdraw_spiral,efficientnet_b0,brightness,5,C:\Users\ramti\Desktop\ramtin legion pc\article_project\data\raw\pdraw_spiral\test\parkinson\V08PE01.png,1,0.725753,1
pdraw_spiral,efficientnet_b0,brightness,5,C:\Users\ramti\Desktop\ramtin legion pc\article_project\data\raw\pdraw_spiral\test\parkinson\V09PE01.png,1,0.919277,1
pdraw_spiral,efficientnet_b0,brightness,5,C:\Users\ramti\Desktop\ramtin legion pc\article_project\data\raw\pdraw_spiral\test\parkinson\V10PE03.png,1,0.621413,1
pdraw_spiral,efficientnet_b0,brightness,5,C:\Users\ramti\Desktop\ramtin legion pc\article_project\data\raw\pdraw_spiral\test\parkinson\V11PE03.png,1,0.628399,1
pdraw_spiral,efficientnet_b0,brightness,5,C:\Users\ramti\Desktop\ramtin legion pc\article_project\data\raw\pdraw_spiral\test\parkinson\V14PE03.png,1,0.980803,1
pdraw_spiral,efficientnet_b0,brightness,5,C:\Users\ramti\Desktop\ramtin legion pc\article_project\data\raw\pdraw_spiral\test\parkinson\V15PE01.png,1,0.637260,1
pdraw_spiral,efficientnet_b0,shadow,1,C:\Users\ramti\Desktop\ramtin legion pc\article_project\data\raw\pdraw_spiral\test\healthy\V01HE01.png,0,0.520243,1
pdraw_spiral,efficientnet_b0,shadow,1,C:\Users\ramti\Desktop\ramtin legion pc\article_project\data\raw\pdraw_spiral\test\healthy\V02HE01.png,0,0.905085,1
pdraw_spiral,efficientnet_b0,shadow,1,C:\Users\ramti\Desktop\ramtin legion pc\article_project\data\raw\pdraw_spiral\test\healthy\V03HE1.png,0,0.672356,1
pdraw_spiral,efficientnet_b0,shadow,1,C:\Users\ramti\Desktop\ramtin legion pc\article_project\data\raw\pdraw_spiral\test\healthy\V04HE01.png,0,0.253303,0
pdraw_spiral,efficientnet_b0,shadow,1,C:\Users\ramti\Desktop\ramtin legion pc\article_project\data\raw\pdraw_spiral\test\healthy\V05HE01.png,0,0.586512,1
pdraw_spiral,efficientnet_b0,shadow,1,C:\Users\ramti\Desktop\ramtin legion pc\article_project\data\raw\pdraw_spiral\test\healthy\V06HE01.png,0,0.546515,1
pdraw_spiral,efficientnet_b0,shadow,1,C:\Users\ramti\Desktop\ramtin legion pc\article_project\data\raw\pdraw_spiral\test\healthy\V07HE01.png,0,0.569364,1
pdraw_spiral,efficientnet_b0,shadow,1,C:\Users\ramti\Desktop\ramtin legion pc\article_project\data\raw\pdraw_spiral\test\healthy\V08HE01.png,0,0.275233,0
pdraw_spiral,efficientnet_b0,shadow,1,C:\Users\ramti\Desktop\ramtin legion pc\article_project\data\raw\pdraw_spiral\test\healthy\V09HE01.png,0,0.360161,0
pdraw_spiral,efficientnet_b0,shadow,1,C:\Users\ramti\Desktop\ramtin legion pc\article_project\data\raw\pdraw_spiral\test\healthy\V10HE01.png,0,0.463427,1
pdraw_spiral,efficientnet_b0,shadow,1,C:\Users\ramti\Desktop\ramtin legion pc\article_project\data\raw\pdraw_spiral\test\healthy\V11HE01.png,0,0.457858,1
pdraw_spiral,efficientnet_b0,shadow,1,C:\Users\ramti\Desktop\ramtin legion pc\article_project\data\raw\pdraw_spiral\test\healthy\V55HE12.png,0,0.156476,0
pdraw_spiral,efficientnet_b0,shadow,1,C:\Users\ramti\Desktop\ramtin legion pc\article_project\data\raw\pdraw_spiral\test\healthy\V55HE13.png,0,0.130878,0
pdraw_spiral,efficientnet_b0,shadow,1,C:\Users\ramti\Desktop\ramtin legion pc\article_project\data\raw\pdraw_spiral\test\healthy\V55HE14.png,0,0.160700,0
pdraw_spiral,efficientnet_b0,shadow,1,C:\Users\ramti\Desktop\ramtin legion pc\article_project\data\raw\pdraw_spiral\test\healthy\V55HE15.png,0,0.172737,0
pdraw_spiral,efficientnet_b0,shadow,1,C:\Users\ramti\Desktop\ramtin legion pc\article_project\data\raw\pdraw_spiral\test\parkinson\V01PE01.png,1,0.479111,1
pdraw_spiral,efficientnet_b0,shadow,1,C:\Users\ramti\Desktop\ramtin legion pc\article_project\data\raw\pdraw_spiral\test\parkinson\V02PE01.png,1,0.847725,1
pdraw_spiral,efficientnet_b0,shadow,1,C:\Users\ramti\Desktop\ramtin legion pc\article_project\data\raw\pdraw_spiral\test\parkinson\V03PE01.png,1,0.983572,1
pdraw_spiral,efficientnet_b0,shadow,1,C:\Users\ramti\Desktop\ramtin legion pc\article_project\data\raw\pdraw_spiral\test\parkinson\V03PE04.png,1,0.991473,1
pdraw_spiral,efficientnet_b0,shadow,1,C:\Users\ramti\Desktop\ramtin legion pc\article_project\data\raw\pdraw_spiral\test\parkinson\V03PE07.png,1,0.983275,1
pdraw_spiral,efficientnet_b0,shadow,1,C:\Users\ramti\Desktop\ramtin legion pc\article_project\data\raw\pdraw_spiral\test\parkinson\V04PE01.png,1,0.941970,1
pdraw_spiral,efficientnet_b0,shadow,1,C:\Users\ramti\Desktop\ramtin legion pc\article_project\data\raw\pdraw_spiral\test\parkinson\V05PE01.png,1,0.986434,1
pdraw_spiral,efficientnet_b0,shadow,1,C:\Users\ramti\Desktop\ramtin legion pc\article_project\data\raw\pdraw_spiral\test\parkinson\V06PE01.png,1,0.820923,1
pdraw_spiral,efficientnet_b0,shadow,1,C:\Users\ramti\Desktop\ramtin legion pc\article_project\data\raw\pdraw_spiral\test\parkinson\V07PE01.png,1,0.976826,1
pdraw_spiral,efficientnet_b0,shadow,1,C:\Users\ramti\Desktop\ramtin legion pc\article_project\data\raw\pdraw_spiral\test\parkinson\V08PE01.png,1,0.418062,1
pdraw_spiral,efficientnet_b0,shadow,1,C:\Users\ramti\Desktop\ramtin legion pc\article_project\data\raw\pdraw_spiral\test\parkinson\V09PE01.png,1,0.829881,1
pdraw_spiral,efficientnet_b0,shadow,1,C:\Users\ramti\Desktop\ramtin legion pc\article_project\data\raw\pdraw_spiral\test\parkinson\V10PE03.png,1,0.315395,0
pdraw_spiral,efficientnet_b0,shadow,1,C:\Users\ramti\Desktop\ramtin legion pc\article_project\data\raw\pdraw_spiral\test\parkinson\V11PE03.png,1,0.519400,1
pdraw_spiral,efficientnet_b0,shadow,1,C:\Users\ramti\Desktop\ramtin legion pc\article_project\data\raw\pdraw_spiral\test\parkinson\V14PE03.png,1,0.984178,1
pdraw_spiral,efficientnet_b0,shadow,1,C:\Users\ramti\Desktop\ramtin legion pc\article_project\data\raw\pdraw_spiral\test\parkinson\V15PE01.png,1,0.718997,1
pdraw_spiral,efficientnet_b0,shadow,2,C:\Users\ramti\Desktop\ramtin legion pc\article_project\data\raw\pdraw_spiral\test\healthy\V01HE01.png,0,0.691211,1
pdraw_spiral,efficientnet_b0,shadow,2,C:\Users\ramti\Desktop\ramtin legion pc\article_project\data\raw\pdraw_spiral\test\healthy\V02HE01.png,0,0.940639,1
pdraw_spiral,efficientnet_b0,shadow,2,C:\Users\ramti\Desktop\ramtin legion pc\article_project\data\raw\pdraw_spiral\test\healthy\V03HE1.png,0,0.807268,1
pdraw_spiral,efficientnet_b0,shadow,2,C:\Users\ramti\Desktop\ramtin legion pc\article_project\data\raw\pdraw_spiral\test\healthy\V04HE01.png,0,0.359365,0
pdraw_spiral,efficientnet_b0,shadow,2,C:\Users\ramti\Desktop\ramtin legion pc\article_project\data\raw\pdraw_spiral\test\healthy\V05HE01.png,0,0.683876,1
pdraw_spiral,efficientnet_b0,shadow,2,C:\Users\ramti\Desktop\ramtin legion pc\article_project\data\raw\pdraw_spiral\test\healthy\V06HE01.png,0,0.755185,1
pdraw_spiral,efficientnet_b0,shadow,2,C:\Users\ramti\Desktop\ramtin legion pc\article_project\data\raw\pdraw_spiral\test\healthy\V07HE01.png,0,0.772206,1
pdraw_spiral,efficientnet_b0,shadow,2,C:\Users\ramti\Desktop\ramtin legion pc\article_project\data\raw\pdraw_spiral\test\healthy\V08HE01.png,0,0.425915,1
pdraw_spiral,efficientnet_b0,shadow,2,C:\Users\ramti\Desktop\ramtin legion pc\article_project\data\raw\pdraw_spiral\test\healthy\V09HE01.png,0,0.579774,1
pdraw_spiral,efficientnet_b0,shadow,2,C:\Users\ramti\Desktop\ramtin legion pc\article_project\data\raw\pdraw_spiral\test\healthy\V10HE01.png,0,0.623801,1
pdraw_spiral,efficientnet_b0,shadow,2,C:\Users\ramti\Desktop\ramtin legion pc\article_project\data\raw\pdraw_spiral\test\healthy\V11HE01.png,0,0.525982,1
pdraw_spiral,efficientnet_b0,shadow,2,C:\Users\ramti\Desktop\ramtin legion pc\article_project\data\raw\pdraw_spiral\test\healthy\V55HE12.png,0,0.255042,0
pdraw_spiral,efficientnet_b0,shadow,2,C:\Users\ramti\Desktop\ramtin legion pc\article_project\data\raw\pdraw_spiral\test\healthy\V55HE13.png,0,0.218733,0
pdraw_spiral,efficientnet_b0,shadow,2,C:\Users\ramti\Desktop\ramtin legion pc\article_project\data\raw\pdraw_spiral\test\healthy\V55HE14.png,0,0.251234,0
pdraw_spiral,efficientnet_b0,shadow,2,C:\Users\ramti\Desktop\ramtin legion pc\article_project\data\raw\pdraw_spiral\test\healthy\V55HE15.png,0,0.304395,0
pdraw_spiral,efficientnet_b0,shadow,2,C:\Users\ramti\Desktop\ramtin legion pc\article_project\data\raw\pdraw_spiral\test\parkinson\V01PE01.png,1,0.648424,1
pdraw_spiral,efficientnet_b0,shadow,2,C:\Users\ramti\Desktop\ramtin legion pc\article_project\data\raw\pdraw_spiral\test\parkinson\V02PE01.png,1,0.902386,1
pdraw_spiral,efficientnet_b0,shadow,2,C:\Users\ramti\Desktop\ramtin legion pc\article_project\data\raw\pdraw_spiral\test\parkinson\V03PE01.png,1,0.982270,1
pdraw_spiral,efficientnet_b0,shadow,2,C:\Users\ramti\Desktop\ramtin legion pc\article_project\data\raw\pdraw_spiral\test\parkinson\V03PE04.png,1,0.991432,1
pdraw_spiral,efficientnet_b0,shadow,2,C:\Users\ramti\Desktop\ramtin legion pc\article_project\data\raw\pdraw_spiral\test\parkinson\V03PE07.png,1,0.988411,1
pdraw_spiral,efficientnet_b0,shadow,2,C:\Users\ramti\Desktop\ramtin legion pc\article_project\data\raw\pdraw_spiral\test\parkinson\V04PE01.png,1,0.953849,1
pdraw_spiral,efficientnet_b0,shadow,2,C:\Users\ramti\Desktop\ramtin legion pc\article_project\data\raw\pdraw_spiral\test\parkinson\V05PE01.png,1,0.985591,1
pdraw_spiral,efficientnet_b0,shadow,2,C:\Users\ramti\Desktop\ramtin legion pc\article_project\data\raw\pdraw_spiral\test\parkinson\V06PE01.png,1,0.892202,1
pdraw_spiral,efficientnet_b0,shadow,2,C:\Users\ramti\Desktop\ramtin legion pc\article_project\data\raw\pdraw_spiral\test\parkinson\V07PE01.png,1,0.977823,1
pdraw_spiral,efficientnet_b0,shadow,2,C:\Users\ramti\Desktop\ramtin legion pc\article_project\data\raw\pdraw_spiral\test\parkinson\V08PE01.png,1,0.514394,1
pdraw_spiral,efficientnet_b0,shadow,2,C:\Users\ramti\Desktop\ramtin legion pc\article_project\data\raw\pdraw_spiral\test\parkinson\V09PE01.png,1,0.895226,1
pdraw_spiral,efficientnet_b0,shadow,2,C:\Users\ramti\Desktop\ramtin legion pc\article_project\data\raw\pdraw_spiral\test\parkinson\V10PE03.png,1,0.418089,1
pdraw_spiral,efficientnet_b0,shadow,2,C:\Users\ramti\Desktop\ramtin legion pc\article_project\data\raw\pdraw_spiral\test\parkinson\V11PE03.png,1,0.668473,1
pdraw_spiral,efficientnet_b0,shadow,2,C:\Users\ramti\Desktop\ramtin legion pc\article_project\data\raw\pdraw_spiral\test\parkinson\V14PE03.png,1,0.985453,1
pdraw_spiral,efficientnet_b0,shadow,2,C:\Users\ramti\Desktop\ramtin legion pc\article_project\data\raw\pdraw_spiral\test\parkinson\V15PE01.png,1,0.867963,1
pdraw_spiral,efficientnet_b0,shadow,3,C:\Users\ramti\Desktop\ramtin legion pc\article_project\data\raw\pdraw_spiral\test\healthy\V01HE01.png,0,0.818651,1
pdraw_spiral,efficientnet_b0,shadow,3,C:\Users\ramti\Desktop\ramtin legion pc\article_project\data\raw\pdraw_spiral\test\healthy\V02HE01.png,0,0.954161,1
pdraw_spiral,efficientnet_b0,shadow,3,C:\Users\ramti\Desktop\ramtin legion pc\article_project\data\raw\pdraw_spiral\test\healthy\V03HE1.png,0,0.889021,1
pdraw_spiral,efficientnet_b0,shadow,3,C:\Users\ramti\Desktop\ramtin legion pc\article_project\data\raw\pdraw_spiral\test\healthy\V04HE01.png,0,0.512526,1
pdraw_spiral,efficientnet_b0,shadow,3,C:\Users\ramti\Desktop\ramtin legion pc\article_project\data\raw\pdraw_spiral\test\healthy\V05HE01.png,0,0.794592,1
pdraw_spiral,efficientnet_b0,shadow,3,C:\Users\ramti\Desktop\ramtin legion pc\article_project\data\raw\pdraw_spiral\test\healthy\V06HE01.png,0,0.884289,1
pdraw_spiral,efficientnet_b0,shadow,3,C:\Users\ramti\Desktop\ramtin legion pc\article_project\data\raw\pdraw_spiral\test\healthy\V07HE01.png,0,0.874692,1
pdraw_spiral,efficientnet_b0,shadow,3,C:\Users\ramti\Desktop\ramtin legion pc\article_project\data\raw\pdraw_spiral\test\healthy\V08HE01.png,0,0.575695,1
pdraw_spiral,efficientnet_b0,shadow,3,C:\Users\ramti\Desktop\ramtin legion pc\article_project\data\raw\pdraw_spiral\test\healthy\V09HE01.png,0,0.764116,1
pdraw_spiral,efficientnet_b0,shadow,3,C:\Users\ramti\Desktop\ramtin legion pc\article_project\data\raw\pdraw_spiral\test\healthy\V10HE01.png,0,0.802327,1
pdraw_spiral,efficientnet_b0,shadow,3,C:\Users\ramti\Desktop\ramtin legion pc\article_project\data\raw\pdraw_spiral\test\healthy\V11HE01.png,0,0.632901,1
pdraw_spiral,efficientnet_b0,shadow,3,C:\Users\ramti\Desktop\ramtin legion pc\article_project\data\raw\pdraw_spiral\test\healthy\V55HE12.png,0,0.444442,1
pdraw_spiral,efficientnet_b0,shadow,3,C:\Users\ramti\Desktop\ramtin legion pc\article_project\data\raw\pdraw_spiral\test\healthy\V55HE13.png,0,0.356414,0
pdraw_spiral,efficientnet_b0,shadow,3,C:\Users\ramti\Desktop\ramtin legion pc\article_project\data\raw\pdraw_spiral\test\healthy\V55HE14.png,0,0.414882,1
pdraw_spiral,efficientnet_b0,shadow,3,C:\Users\ramti\Desktop\ramtin legion pc\article_project\data\raw\pdraw_spiral\test\healthy\V55HE15.png,0,0.508524,1
pdraw_spiral,efficientnet_b0,shadow,3,C:\Users\ramti\Desktop\ramtin legion pc\article_project\data\raw\pdraw_spiral\test\parkinson\V01PE01.png,1,0.800743,1
pdraw_spiral,efficientnet_b0,shadow,3,C:\Users\ramti\Desktop\ramtin legion pc\article_project\data\raw\pdraw_spiral\test\parkinson\V02PE01.png,1,0.953015,1
pdraw_spiral,efficientnet_b0,shadow,3,C:\Users\ramti\Desktop\ramtin legion pc\article_project\data\raw\pdraw_spiral\test\parkinson\V03PE01.png,1,0.982095,1
pdraw_spiral,efficientnet_b0,shadow,3,C:\Users\ramti\Desktop\ramtin legion pc\article_project\data\raw\pdraw_spiral\test\parkinson\V03PE04.png,1,0.990481,1
pdraw_spiral,efficientnet_b0,shadow,3,C:\Users\ramti\Desktop\ramtin legion pc\article_project\data\raw\pdraw_spiral\test\parkinson\V03PE07.png,1,0.989917,1
pdraw_spiral,efficientnet_b0,shadow,3,C:\Users\ramti\Desktop\ramtin legion pc\article_project\data\raw\pdraw_spiral\test\parkinson\V04PE01.png,1,0.969665,1
pdraw_spiral,efficientnet_b0,shadow,3,C:\Users\ramti\Desktop\ramtin legion pc\article_project\data\raw\pdraw_spiral\test\parkinson\V05PE01.png,1,0.984288,1
pdraw_spiral,efficientnet_b0,shadow,3,C:\Users\ramti\Desktop\ramtin legion pc\article_project\data\raw\pdraw_spiral\test\parkinson\V06PE01.png,1,0.942217,1
pdraw_spiral,efficientnet_b0,shadow,3,C:\Users\ramti\Desktop\ramtin legion pc\article_project\data\raw\pdraw_spiral\test\parkinson\V07PE01.png,1,0.977332,1
pdraw_spiral,efficientnet_b0,shadow,3,C:\Users\ramti\Desktop\ramtin legion pc\article_project\data\raw\pdraw_spiral\test\parkinson\V08PE01.png,1,0.645031,1
pdraw_spiral,efficientnet_b0,shadow,3,C:\Users\ramti\Desktop\ramtin legion pc\article_project\data\raw\pdraw_spiral\test\parkinson\V09PE01.png,1,0.948075,1
pdraw_spiral,efficientnet_b0,shadow,3,C:\Users\ramti\Desktop\ramtin legion pc\article_project\data\raw\pdraw_spiral\test\parkinson\V10PE03.png,1,0.635506,1
pdraw_spiral,efficientnet_b0,shadow,3,C:\Users\ramti\Desktop\ramtin legion pc\article_project\data\raw\pdraw_spiral\test\parkinson\V11PE03.png,1,0.814043,1
pdraw_spiral,efficientnet_b0,shadow,3,C:\Users\ramti\Desktop\ramtin legion pc\article_project\data\raw\pdraw_spiral\test\parkinson\V14PE03.png,1,0.986037,1
pdraw_spiral,efficientnet_b0,shadow,3,C:\Users\ramti\Desktop\ramtin legion pc\article_project\data\raw\pdraw_spiral\test\parkinson\V15PE01.png,1,0.933190,1
pdraw_spiral,efficientnet_b0,shadow,4,C:\Users\ramti\Desktop\ramtin legion pc\article_project\data\raw\pdraw_spiral\test\healthy\V01HE01.png,0,0.895063,1
pdraw_spiral,efficientnet_b0,shadow,4,C:\Users\ramti\Desktop\ramtin legion pc\article_project\data\raw\pdraw_spiral\test\healthy\V02HE01.png,0,0.955169,1
pdraw_spiral,efficientnet_b0,shadow,4,C:\Users\ramti\Desktop\ramtin legion pc\article_project\data\raw\pdraw_spiral\test\healthy\V03HE1.png,0,0.919994,1
pdraw_spiral,efficientnet_b0,shadow,4,C:\Users\ramti\Desktop\ramtin legion pc\article_project\data\raw\pdraw_spiral\test\healthy\V04HE01.png,0,0.629297,1
pdraw_spiral,efficientnet_b0,shadow,4,C:\Users\ramti\Desktop\ramtin legion pc\article_project\data\raw\pdraw_spiral\test\healthy\V05HE01.png,0,0.866719,1
pdraw_spiral,efficientnet_b0,shadow,4,C:\Users\ramti\Desktop\ramtin legion pc\article_project\data\raw\pdraw_spiral\test\healthy\V06HE01.png,0,0.922894,1
pdraw_spiral,efficientnet_b0,shadow,4,C:\Users\ramti\Desktop\ramtin legion pc\article_project\data\raw\pdraw_spiral\test\healthy\V07HE01.png,0,0.905738,1
pdraw_spiral,efficientnet_b0,shadow,4,C:\Users\ramti\Desktop\ramtin legion pc\article_project\data\raw\pdraw_spiral\test\healthy\V08HE01.png,0,0.676839,1
pdraw_spiral,efficientnet_b0,shadow,4,C:\Users\ramti\Desktop\ramtin legion pc\article_project\data\raw\pdraw_spiral\test\healthy\V09HE01.png,0,0.850434,1
pdraw_spiral,efficientnet_b0,shadow,4,C:\Users\ramti\Desktop\ramtin legion pc\article_project\data\raw\pdraw_spiral\test\healthy\V10HE01.png,0,0.887012,1
pdraw_spiral,efficientnet_b0,shadow,4,C:\Users\ramti\Desktop\ramtin legion pc\article_project\data\raw\pdraw_spiral\test\healthy\V11HE01.png,0,0.724847,1
pdraw_spiral,efficientnet_b0,shadow,4,C:\Users\ramti\Desktop\ramtin legion pc\article_project\data\raw\pdraw_spiral\test\healthy\V55HE12.png,0,0.596441,1
pdraw_spiral,efficientnet_b0,shadow,4,C:\Users\ramti\Desktop\ramtin legion pc\article_project\data\raw\pdraw_spiral\test\healthy\V55HE13.png,0,0.490652,1
pdraw_spiral,efficientnet_b0,shadow,4,C:\Users\ramti\Desktop\ramtin legion pc\article_project\data\raw\pdraw_spiral\test\healthy\V55HE14.png,0,0.565381,1
pdraw_spiral,efficientnet_b0,shadow,4,C:\Users\ramti\Desktop\ramtin legion pc\article_project\data\raw\pdraw_spiral\test\healthy\V55HE15.png,0,0.662028,1
pdraw_spiral,efficientnet_b0,shadow,4,C:\Users\ramti\Desktop\ramtin legion pc\article_project\data\raw\pdraw_spiral\test\parkinson\V01PE01.png,1,0.878907,1
pdraw_spiral,efficientnet_b0,shadow,4,C:\Users\ramti\Desktop\ramtin legion pc\article_project\data\raw\pdraw_spiral\test\parkinson\V02PE01.png,1,0.974469,1
pdraw_spiral,efficientnet_b0,shadow,4,C:\Users\ramti\Desktop\ramtin legion pc\article_project\data\raw\pdraw_spiral\test\parkinson\V03PE01.png,1,0.981687,1
pdraw_spiral,efficientnet_b0,shadow,4,C:\Users\ramti\Desktop\ramtin legion pc\article_project\data\raw\pdraw_spiral\test\parkinson\V03PE04.png,1,0.988850,1
pdraw_spiral,efficientnet_b0,shadow,4,C:\Users\ramti\Desktop\ramtin legion pc\article_project\data\raw\pdraw_spiral\test\parkinson\V03PE07.png,1,0.989690,1
pdraw_spiral,efficientnet_b0,shadow,4,C:\Users\ramti\Desktop\ramtin legion pc\article_project\data\raw\pdraw_spiral\test\parkinson\V04PE01.png,1,0.974123,1
pdraw_spiral,efficientnet_b0,shadow,4,C:\Users\ramti\Desktop\ramtin legion pc\article_project\data\raw\pdraw_spiral\test\parkinson\V05PE01.png,1,0.982562,1
pdraw_spiral,efficientnet_b0,shadow,4,C:\Users\ramti\Desktop\ramtin legion pc\article_project\data\raw\pdraw_spiral\test\parkinson\V06PE01.png,1,0.957635,1
pdraw_spiral,efficientnet_b0,shadow,4,C:\Users\ramti\Desktop\ramtin legion pc\article_project\data\raw\pdraw_spiral\test\parkinson\V07PE01.png,1,0.976146,1
pdraw_spiral,efficientnet_b0,shadow,4,C:\Users\ramti\Desktop\ramtin legion pc\article_project\data\raw\pdraw_spiral\test\parkinson\V08PE01.png,1,0.739362,1
pdraw_spiral,efficientnet_b0,shadow,4,C:\Users\ramti\Desktop\ramtin legion pc\article_project\data\raw\pdraw_spiral\test\parkinson\V09PE01.png,1,0.966183,1
pdraw_spiral,efficientnet_b0,shadow,4,C:\Users\ramti\Desktop\ramtin legion pc\article_project\data\raw\pdraw_spiral\test\parkinson\V10PE03.png,1,0.789466,1
pdraw_spiral,efficientnet_b0,shadow,4,C:\Users\ramti\Desktop\ramtin legion pc\article_project\data\raw\pdraw_spiral\test\parkinson\V11PE03.png,1,0.876087,1
pdraw_spiral,efficientnet_b0,shadow,4,C:\Users\ramti\Desktop\ramtin legion pc\article_project\data\raw\pdraw_spiral\test\parkinson\V14PE03.png,1,0.986726,1
pdraw_spiral,efficientnet_b0,shadow,4,C:\Users\ramti\Desktop\ramtin legion pc\article_project\data\raw\pdraw_spiral\test\parkinson\V15PE01.png,1,0.952410,1
pdraw_spiral,efficientnet_b0,shadow,5,C:\Users\ramti\Desktop\ramtin legion pc\article_project\data\raw\pdraw_spiral\test\healthy\V01HE01.png,0,0.925143,1
pdraw_spiral,efficientnet_b0,shadow,5,C:\Users\ramti\Desktop\ramtin legion pc\article_project\data\raw\pdraw_spiral\test\healthy\V02HE01.png,0,0.955438,1
pdraw_spiral,efficientnet_b0,shadow,5,C:\Users\ramti\Desktop\ramtin legion pc\article_project\data\raw\pdraw_spiral\test\healthy\V03HE1.png,0,0.928633,1
pdraw_spiral,efficientnet_b0,shadow,5,C:\Users\ramti\Desktop\ramtin legion pc\article_project\data\raw\pdraw_spiral\test\healthy\V04HE01.png,0,0.707252,1
pdraw_spiral,efficientnet_b0,shadow,5,C:\Users\ramti\Desktop\ramtin legion pc\article_project\data\raw\pdraw_spiral\test\healthy\V05HE01.png,0,0.902503,1
pdraw_spiral,efficientnet_b0,shadow,5,C:\Users\ramti\Desktop\ramtin legion pc\article_project\data\raw\pdraw_spiral\test\healthy\V06HE01.png,0,0.938528,1
pdraw_spiral,efficientnet_b0,shadow,5,C:\Users\ramti\Desktop\ramtin legion pc\article_project\data\raw\pdraw_spiral\test\healthy\V07HE01.png,0,0.920128,1
pdraw_spiral,efficientnet_b0,shadow,5,C:\Users\ramti\Desktop\ramtin legion pc\article_project\data\raw\pdraw_spiral\test\healthy\V08HE01.png,0,0.740886,1
pdraw_spiral,efficientnet_b0,shadow,5,C:\Users\ramti\Desktop\ramtin legion pc\article_project\data\raw\pdraw_spiral\test\healthy\V09HE01.png,0,0.884721,1
pdraw_spiral,efficientnet_b0,shadow,5,C:\Users\ramti\Desktop\ramtin legion pc\article_project\data\raw\pdraw_spiral\test\healthy\V10HE01.png,0,0.912823,1
pdraw_spiral,efficientnet_b0,shadow,5,C:\Users\ramti\Desktop\ramtin legion pc\article_project\data\raw\pdraw_spiral\test\healthy\V11HE01.png,0,0.787763,1
pdraw_spiral,efficientnet_b0,shadow,5,C:\Users\ramti\Desktop\ramtin legion pc\article_project\data\raw\pdraw_spiral\test\healthy\V55HE12.png,0,0.681968,1
pdraw_spiral,efficientnet_b0,shadow,5,C:\Users\ramti\Desktop\ramtin legion pc\article_project\data\raw\pdraw_spiral\test\healthy\V55HE13.png,0,0.604827,1
pdraw_spiral,efficientnet_b0,shadow,5,C:\Users\ramti\Desktop\ramtin legion pc\article_project\data\raw\pdraw_spiral\test\healthy\V55HE14.png,0,0.668853,1
pdraw_spiral,efficientnet_b0,shadow,5,C:\Users\ramti\Desktop\ramtin legion pc\article_project\data\raw\pdraw_spiral\test\healthy\V55HE15.png,0,0.751471,1
pdraw_spiral,efficientnet_b0,shadow,5,C:\Users\ramti\Desktop\ramtin legion pc\article_project\data\raw\pdraw_spiral\test\parkinson\V01PE01.png,1,0.903908,1
pdraw_spiral,efficientnet_b0,shadow,5,C:\Users\ramti\Desktop\ramtin legion pc\article_project\data\raw\pdraw_spiral\test\parkinson\V02PE01.png,1,0.980873,1
pdraw_spiral,efficientnet_b0,shadow,5,C:\Users\ramti\Desktop\ramtin legion pc\article_project\data\raw\pdraw_spiral\test\parkinson\V03PE01.png,1,0.980013,1
pdraw_spiral,efficientnet_b0,shadow,5,C:\Users\ramti\Desktop\ramtin legion pc\article_project\data\raw\pdraw_spiral\test\parkinson\V03PE04.png,1,0.987654,1
pdraw_spiral,efficientnet_b0,shadow,5,C:\Users\ramti\Desktop\ramtin legion pc\article_project\data\raw\pdraw_spiral\test\parkinson\V03PE07.png,1,0.988538,1
pdraw_spiral,efficientnet_b0,shadow,5,C:\Users\ramti\Desktop\ramtin legion pc\article_project\data\raw\pdraw_spiral\test\parkinson\V04PE01.png,1,0.975020,1
pdraw_spiral,efficientnet_b0,shadow,5,C:\Users\ramti\Desktop\ramtin legion pc\article_project\data\raw\pdraw_spiral\test\parkinson\V05PE01.png,1,0.981188,1
pdraw_spiral,efficientnet_b0,shadow,5,C:\Users\ramti\Desktop\ramtin legion pc\article_project\data\raw\pdraw_spiral\test\parkinson\V06PE01.png,1,0.963320,1
pdraw_spiral,efficientnet_b0,shadow,5,C:\Users\ramti\Desktop\ramtin legion pc\article_project\data\raw\pdraw_spiral\test\parkinson\V07PE01.png,1,0.974708,1
pdraw_spiral,efficientnet_b0,shadow,5,C:\Users\ramti\Desktop\ramtin legion pc\article_project\data\raw\pdraw_spiral\test\parkinson\V08PE01.png,1,0.809720,1
pdraw_spiral,efficientnet_b0,shadow,5,C:\Users\ramti\Desktop\ramtin legion pc\article_project\data\raw\pdraw_spiral\test\parkinson\V09PE01.png,1,0.970977,1
pdraw_spiral,efficientnet_b0,shadow,5,C:\Users\ramti\Desktop\ramtin legion pc\article_project\data\raw\pdraw_spiral\test\parkinson\V10PE03.png,1,0.872346,1
pdraw_spiral,efficientnet_b0,shadow,5,C:\Users\ramti\Desktop\ramtin legion pc\article_project\data\raw\pdraw_spiral\test\parkinson\V11PE03.png,1,0.904548,1
pdraw_spiral,efficientnet_b0,shadow,5,C:\Users\ramti\Desktop\ramtin legion pc\article_project\data\raw\pdraw_spiral\test\parkinson\V14PE03.png,1,0.986188,1
pdraw_spiral,efficientnet_b0,shadow,5,C:\Users\ramti\Desktop\ramtin legion pc\article_project\data\raw\pdraw_spiral\test\parkinson\V15PE01.png,1,0.956805,1
pdraw_spiral,efficientnet_b0,perspective,1,C:\Users\ramti\Desktop\ramtin legion pc\article_project\data\raw\pdraw_spiral\test\healthy\V01HE01.png,0,0.310933,0
pdraw_spiral,efficientnet_b0,perspective,1,C:\Users\ramti\Desktop\ramtin legion pc\article_project\data\raw\pdraw_spiral\test\healthy\V02HE01.png,0,0.914290,1
pdraw_spiral,efficientnet_b0,perspective,1,C:\Users\ramti\Desktop\ramtin legion pc\article_project\data\raw\pdraw_spiral\test\healthy\V03HE1.png,0,0.516316,1
pdraw_spiral,efficientnet_b0,perspective,1,C:\Users\ramti\Desktop\ramtin legion pc\article_project\data\raw\pdraw_spiral\test\healthy\V04HE01.png,0,0.202911,0
pdraw_spiral,efficientnet_b0,perspective,1,C:\Users\ramti\Desktop\ramtin legion pc\article_project\data\raw\pdraw_spiral\test\healthy\V05HE01.png,0,0.423811,1
pdraw_spiral,efficientnet_b0,perspective,1,C:\Users\ramti\Desktop\ramtin legion pc\article_project\data\raw\pdraw_spiral\test\healthy\V06HE01.png,0,0.492895,1
pdraw_spiral,efficientnet_b0,perspective,1,C:\Users\ramti\Desktop\ramtin legion pc\article_project\data\raw\pdraw_spiral\test\healthy\V07HE01.png,0,0.405409,1
pdraw_spiral,efficientnet_b0,perspective,1,C:\Users\ramti\Desktop\ramtin legion pc\article_project\data\raw\pdraw_spiral\test\healthy\V08HE01.png,0,0.139390,0
pdraw_spiral,efficientnet_b0,perspective,1,C:\Users\ramti\Desktop\ramtin legion pc\article_project\data\raw\pdraw_spiral\test\healthy\V09HE01.png,0,0.207688,0
pdraw_spiral,efficientnet_b0,perspective,1,C:\Users\ramti\Desktop\ramtin legion pc\article_project\data\raw\pdraw_spiral\test\healthy\V10HE01.png,0,0.313342,0
pdraw_spiral,efficientnet_b0,perspective,1,C:\Users\ramti\Desktop\ramtin legion pc\article_project\data\raw\pdraw_spiral\test\healthy\V11HE01.png,0,0.406813,1
pdraw_spiral,efficientnet_b0,perspective,1,C:\Users\ramti\Desktop\ramtin legion pc\article_project\data\raw\pdraw_spiral\test\healthy\V55HE12.png,0,0.157994,0
pdraw_spiral,efficientnet_b0,perspective,1,C:\Users\ramti\Desktop\ramtin legion pc\article_project\data\raw\pdraw_spiral\test\healthy\V55HE13.png,0,0.129703,0
pdraw_spiral,efficientnet_b0,perspective,1,C:\Users\ramti\Desktop\ramtin legion pc\article_project\data\raw\pdraw_spiral\test\healthy\V55HE14.png,0,0.105867,0
pdraw_spiral,efficientnet_b0,perspective,1,C:\Users\ramti\Desktop\ramtin legion pc\article_project\data\raw\pdraw_spiral\test\healthy\V55HE15.png,0,0.102090,0
pdraw_spiral,efficientnet_b0,perspective,1,C:\Users\ramti\Desktop\ramtin legion pc\article_project\data\raw\pdraw_spiral\test\parkinson\V01PE01.png,1,0.263151,0
pdraw_spiral,efficientnet_b0,perspective,1,C:\Users\ramti\Desktop\ramtin legion pc\article_project\data\raw\pdraw_spiral\test\parkinson\V02PE01.png,1,0.799473,1
pdraw_spiral,efficientnet_b0,perspective,1,C:\Users\ramti\Desktop\ramtin legion pc\article_project\data\raw\pdraw_spiral\test\parkinson\V03PE01.png,1,0.972241,1
pdraw_spiral,efficientnet_b0,perspective,1,C:\Users\ramti\Desktop\ramtin legion pc\article_project\data\raw\pdraw_spiral\test\parkinson\V03PE04.png,1,0.968684,1
pdraw_spiral,efficientnet_b0,perspective,1,C:\Users\ramti\Desktop\ramtin legion pc\article_project\data\raw\pdraw_spiral\test\parkinson\V03PE07.png,1,0.964866,1
pdraw_spiral,efficientnet_b0,perspective,1,C:\Users\ramti\Desktop\ramtin legion pc\article_project\data\raw\pdraw_spiral\test\parkinson\V04PE01.png,1,0.949998,1
pdraw_spiral,efficientnet_b0,perspective,1,C:\Users\ramti\Desktop\ramtin legion pc\article_project\data\raw\pdraw_spiral\test\parkinson\V05PE01.png,1,0.964882,1
pdraw_spiral,efficientnet_b0,perspective,1,C:\Users\ramti\Desktop\ramtin legion pc\article_project\data\raw\pdraw_spiral\test\parkinson\V06PE01.png,1,0.621935,1
pdraw_spiral,efficientnet_b0,perspective,1,C:\Users\ramti\Desktop\ramtin legion pc\article_project\data\raw\pdraw_spiral\test\parkinson\V07PE01.png,1,0.919273,1
pdraw_spiral,efficientnet_b0,perspective,1,C:\Users\ramti\Desktop\ramtin legion pc\article_project\data\raw\pdraw_spiral\test\parkinson\V08PE01.png,1,0.401235,1
pdraw_spiral,efficientnet_b0,perspective,1,C:\Users\ramti\Desktop\ramtin legion pc\article_project\data\raw\pdraw_spiral\test\parkinson\V09PE01.png,1,0.654147,1
pdraw_spiral,efficientnet_b0,perspective,1,C:\Users\ramti\Desktop\ramtin legion pc\article_project\data\raw\pdraw_spiral\test\parkinson\V10PE03.png,1,0.285859,0
pdraw_spiral,efficientnet_b0,perspective,1,C:\Users\ramti\Desktop\ramtin legion pc\article_project\data\raw\pdraw_spiral\test\parkinson\V11PE03.png,1,0.298691,0
pdraw_spiral,efficientnet_b0,perspective,1,C:\Users\ramti\Desktop\ramtin legion pc\article_project\data\raw\pdraw_spiral\test\parkinson\V14PE03.png,1,0.958702,1
pdraw_spiral,efficientnet_b0,perspective,1,C:\Users\ramti\Desktop\ramtin legion pc\article_project\data\raw\pdraw_spiral\test\parkinson\V15PE01.png,1,0.572180,1
pdraw_spiral,efficientnet_b0,perspective,2,C:\Users\ramti\Desktop\ramtin legion pc\article_project\data\raw\pdraw_spiral\test\healthy\V01HE01.png,0,0.349368,0
pdraw_spiral,efficientnet_b0,perspective,2,C:\Users\ramti\Desktop\ramtin legion pc\article_project\data\raw\pdraw_spiral\test\healthy\V02HE01.png,0,0.923138,1
pdraw_spiral,efficientnet_b0,perspective,2,C:\Users\ramti\Desktop\ramtin legion pc\article_project\data\raw\pdraw_spiral\test\healthy\V03HE1.png,0,0.621023,1
pdraw_spiral,efficientnet_b0,perspective,2,C:\Users\ramti\Desktop\ramtin legion pc\article_project\data\raw\pdraw_spiral\test\healthy\V04HE01.png,0,0.229325,0
pdraw_spiral,efficientnet_b0,perspective,2,C:\Users\ramti\Desktop\ramtin legion pc\article_project\data\raw\pdraw_spiral\test\healthy\V05HE01.png,0,0.510353,1
pdraw_spiral,efficientnet_b0,perspective,2,C:\Users\ramti\Desktop\ramtin legion pc\article_project\data\raw\pdraw_spiral\test\healthy\V06HE01.png,0,0.605513,1
pdraw_spiral,efficientnet_b0,perspective,2,C:\Users\ramti\Desktop\ramtin legion pc\article_project\data\raw\pdraw_spiral\test\healthy\V07HE01.png,0,0.513137,1
pdraw_spiral,efficientnet_b0,perspective,2,C:\Users\ramti\Desktop\ramtin legion pc\article_project\data\raw\pdraw_spiral\test\healthy\V08HE01.png,0,0.179613,0
pdraw_spiral,efficientnet_b0,perspective,2,C:\Users\ramti\Desktop\ramtin legion pc\article_project\data\raw\pdraw_spiral\test\healthy\V09HE01.png,0,0.281157,0
pdraw_spiral,efficientnet_b0,perspective,2,C:\Users\ramti\Desktop\ramtin legion pc\article_project\data\raw\pdraw_spiral\test\healthy\V10HE01.png,0,0.393316,0
pdraw_spiral,efficientnet_b0,perspective,2,C:\Users\ramti\Desktop\ramtin legion pc\article_project\data\raw\pdraw_spiral\test\healthy\V11HE01.png,0,0.463647,1
pdraw_spiral,efficientnet_b0,perspective,2,C:\Users\ramti\Desktop\ramtin legion pc\article_project\data\raw\pdraw_spiral\test\healthy\V55HE12.png,0,0.209863,0
pdraw_spiral,efficientnet_b0,perspective,2,C:\Users\ramti\Desktop\ramtin legion pc\article_project\data\raw\pdraw_spiral\test\healthy\V55HE13.png,0,0.135909,0
pdraw_spiral,efficientnet_b0,perspective,2,C:\Users\ramti\Desktop\ramtin legion pc\article_project\data\raw\pdraw_spiral\test\healthy\V55HE14.png,0,0.126884,0
pdraw_spiral,efficientnet_b0,perspective,2,C:\Users\ramti\Desktop\ramtin legion pc\article_project\data\raw\pdraw_spiral\test\healthy\V55HE15.png,0,0.127460,0
pdraw_spiral,efficientnet_b0,perspective,2,C:\Users\ramti\Desktop\ramtin legion pc\article_project\data\raw\pdraw_spiral\test\parkinson\V01PE01.png,1,0.315174,0
pdraw_spiral,efficientnet_b0,perspective,2,C:\Users\ramti\Desktop\ramtin legion pc\article_project\data\raw\pdraw_spiral\test\parkinson\V02PE01.png,1,0.881879,1
pdraw_spiral,efficientnet_b0,perspective,2,C:\Users\ramti\Desktop\ramtin legion pc\article_project\data\raw\pdraw_spiral\test\parkinson\V03PE01.png,1,0.978959,1
pdraw_spiral,efficientnet_b0,perspective,2,C:\Users\ramti\Desktop\ramtin legion pc\article_project\data\raw\pdraw_spiral\test\parkinson\V03PE04.png,1,0.963382,1
pdraw_spiral,efficientnet_b0,perspective,2,C:\Users\ramti\Desktop\ramtin legion pc\article_project\data\raw\pdraw_spiral\test\parkinson\V03PE07.png,1,0.971840,1
pdraw_spiral,efficientnet_b0,perspective,2,C:\Users\ramti\Desktop\ramtin legion pc\article_project\data\raw\pdraw_spiral\test\parkinson\V04PE01.png,1,0.954866,1
pdraw_spiral,efficientnet_b0,perspective,2,C:\Users\ramti\Desktop\ramtin legion pc\article_project\data\raw\pdraw_spiral\test\parkinson\V05PE01.png,1,0.967591,1
pdraw_spiral,efficientnet_b0,perspective,2,C:\Users\ramti\Desktop\ramtin legion pc\article_project\data\raw\pdraw_spiral\test\parkinson\V06PE01.png,1,0.757267,1
pdraw_spiral,efficientnet_b0,perspective,2,C:\Users\ramti\Desktop\ramtin legion pc\article_project\data\raw\pdraw_spiral\test\parkinson\V07PE01.png,1,0.923735,1
pdraw_spiral,efficientnet_b0,perspective,2,C:\Users\ramti\Desktop\ramtin legion pc\article_project\data\raw\pdraw_spiral\test\parkinson\V08PE01.png,1,0.364461,0
pdraw_spiral,efficientnet_b0,perspective,2,C:\Users\ramti\Desktop\ramtin legion pc\article_project\data\raw\pdraw_spiral\test\parkinson\V09PE01.png,1,0.647760,1
pdraw_spiral,efficientnet_b0,perspective,2,C:\Users\ramti\Desktop\ramtin legion pc\article_project\data\raw\pdraw_spiral\test\parkinson\V10PE03.png,1,0.372168,0
pdraw_spiral,efficientnet_b0,perspective,2,C:\Users\ramti\Desktop\ramtin legion pc\article_project\data\raw\pdraw_spiral\test\parkinson\V11PE03.png,1,0.460672,1
pdraw_spiral,efficientnet_b0,perspective,2,C:\Users\ramti\Desktop\ramtin legion pc\article_project\data\raw\pdraw_spiral\test\parkinson\V14PE03.png,1,0.965748,1
pdraw_spiral,efficientnet_b0,perspective,2,C:\Users\ramti\Desktop\ramtin legion pc\article_project\data\raw\pdraw_spiral\test\parkinson\V15PE01.png,1,0.565134,1
pdraw_spiral,efficientnet_b0,perspective,3,C:\Users\ramti\Desktop\ramtin legion pc\article_project\data\raw\pdraw_spiral\test\healthy\V01HE01.png,0,0.351770,0
pdraw_spiral,efficientnet_b0,perspective,3,C:\Users\ramti\Desktop\ramtin legion pc\article_project\data\raw\pdraw_spiral\test\healthy\V02HE01.png,0,0.942352,1
pdraw_spiral,efficientnet_b0,perspective,3,C:\Users\ramti\Desktop\ramtin legion pc\article_project\data\raw\pdraw_spiral\test\healthy\V03HE1.png,0,0.674200,1
pdraw_spiral,efficientnet_b0,perspective,3,C:\Users\ramti\Desktop\ramtin legion pc\article_project\data\raw\pdraw_spiral\test\healthy\V04HE01.png,0,0.260479,0
pdraw_spiral,efficientnet_b0,perspective,3,C:\Users\ramti\Desktop\ramtin legion pc\article_project\data\raw\pdraw_spiral\test\healthy\V05HE01.png,0,0.572028,1
pdraw_spiral,efficientnet_b0,perspective,3,C:\Users\ramti\Desktop\ramtin legion pc\article_project\data\raw\pdraw_spiral\test\healthy\V06HE01.png,0,0.688808,1
pdraw_spiral,efficientnet_b0,perspective,3,C:\Users\ramti\Desktop\ramtin legion pc\article_project\data\raw\pdraw_spiral\test\healthy\V07HE01.png,0,0.589367,1
pdraw_spiral,efficientnet_b0,perspective,3,C:\Users\ramti\Desktop\ramtin legion pc\article_project\data\raw\pdraw_spiral\test\healthy\V08HE01.png,0,0.225208,0
pdraw_spiral,efficientnet_b0,perspective,3,C:\Users\ramti\Desktop\ramtin legion pc\article_project\data\raw\pdraw_spiral\test\healthy\V09HE01.png,0,0.321967,0
pdraw_spiral,efficientnet_b0,perspective,3,C:\Users\ramti\Desktop\ramtin legion pc\article_project\data\raw\pdraw_spiral\test\healthy\V10HE01.png,0,0.447658,1
pdraw_spiral,efficientnet_b0,perspective,3,C:\Users\ramti\Desktop\ramtin legion pc\article_project\data\raw\pdraw_spiral\test\healthy\V11HE01.png,0,0.483563,1
pdraw_spiral,efficientnet_b0,perspective,3,C:\Users\ramti\Desktop\ramtin legion pc\article_project\data\raw\pdraw_spiral\test\healthy\V55HE12.png,0,0.229429,0
pdraw_spiral,efficientnet_b0,perspective,3,C:\Users\ramti\Desktop\ramtin legion pc\article_project\data\raw\pdraw_spiral\test\healthy\V55HE13.png,0,0.113117,0
pdraw_spiral,efficientnet_b0,perspective,3,C:\Users\ramti\Desktop\ramtin legion pc\article_project\data\raw\pdraw_spiral\test\healthy\V55HE14.png,0,0.172117,0
pdraw_spiral,efficientnet_b0,perspective,3,C:\Users\ramti\Desktop\ramtin legion pc\article_project\data\raw\pdraw_spiral\test\healthy\V55HE15.png,0,0.165405,0
pdraw_spiral,efficientnet_b0,perspective,3,C:\Users\ramti\Desktop\ramtin legion pc\article_project\data\raw\pdraw_spiral\test\parkinson\V01PE01.png,1,0.361917,0
pdraw_spiral,efficientnet_b0,perspective,3,C:\Users\ramti\Desktop\ramtin legion pc\article_project\data\raw\pdraw_spiral\test\parkinson\V02PE01.png,1,0.861088,1
pdraw_spiral,efficientnet_b0,perspective,3,C:\Users\ramti\Desktop\ramtin legion pc\article_project\data\raw\pdraw_spiral\test\parkinson\V03PE01.png,1,0.977222,1
pdraw_spiral,efficientnet_b0,perspective,3,C:\Users\ramti\Desktop\ramtin legion pc\article_project\data\raw\pdraw_spiral\test\parkinson\V03PE04.png,1,0.964073,1
pdraw_spiral,efficientnet_b0,perspective,3,C:\Users\ramti\Desktop\ramtin legion pc\article_project\data\raw\pdraw_spiral\test\parkinson\V03PE07.png,1,0.975539,1
pdraw_spiral,efficientnet_b0,perspective,3,C:\Users\ramti\Desktop\ramtin legion pc\article_project\data\raw\pdraw_spiral\test\parkinson\V04PE01.png,1,0.958844,1
pdraw_spiral,efficientnet_b0,perspective,3,C:\Users\ramti\Desktop\ramtin legion pc\article_project\data\raw\pdraw_spiral\test\parkinson\V05PE01.png,1,0.959951,1
pdraw_spiral,efficientnet_b0,perspective,3,C:\Users\ramti\Desktop\ramtin legion pc\article_project\data\raw\pdraw_spiral\test\parkinson\V06PE01.png,1,0.792377,1
pdraw_spiral,efficientnet_b0,perspective,3,C:\Users\ramti\Desktop\ramtin legion pc\article_project\data\raw\pdraw_spiral\test\parkinson\V07PE01.png,1,0.915108,1
pdraw_spiral,efficientnet_b0,perspective,3,C:\Users\ramti\Desktop\ramtin legion pc\article_project\data\raw\pdraw_spiral\test\parkinson\V08PE01.png,1,0.376333,0
pdraw_spiral,efficientnet_b0,perspective,3,C:\Users\ramti\Desktop\ramtin legion pc\article_project\data\raw\pdraw_spiral\test\parkinson\V09PE01.png,1,0.784109,1
pdraw_spiral,efficientnet_b0,perspective,3,C:\Users\ramti\Desktop\ramtin legion pc\article_project\data\raw\pdraw_spiral\test\parkinson\V10PE03.png,1,0.391953,0
pdraw_spiral,efficientnet_b0,perspective,3,C:\Users\ramti\Desktop\ramtin legion pc\article_project\data\raw\pdraw_spiral\test\parkinson\V11PE03.png,1,0.453280,1
pdraw_spiral,efficientnet_b0,perspective,3,C:\Users\ramti\Desktop\ramtin legion pc\article_project\data\raw\pdraw_spiral\test\parkinson\V14PE03.png,1,0.965342,1
pdraw_spiral,efficientnet_b0,perspective,3,C:\Users\ramti\Desktop\ramtin legion pc\article_project\data\raw\pdraw_spiral\test\parkinson\V15PE01.png,1,0.682619,1
pdraw_spiral,efficientnet_b0,perspective,4,C:\Users\ramti\Desktop\ramtin legion pc\article_project\data\raw\pdraw_spiral\test\healthy\V01HE01.png,0,0.407421,1
pdraw_spiral,efficientnet_b0,perspective,4,C:\Users\ramti\Desktop\ramtin legion pc\article_project\data\raw\pdraw_spiral\test\healthy\V02HE01.png,0,0.922824,1
pdraw_spiral,efficientnet_b0,perspective,4,C:\Users\ramti\Desktop\ramtin legion pc\article_project\data\raw\pdraw_spiral\test\healthy\V03HE1.png,0,0.796172,1
pdraw_spiral,efficientnet_b0,perspective,4,C:\Users\ramti\Desktop\ramtin legion pc\article_project\data\raw\pdraw_spiral\test\healthy\V04HE01.png,0,0.344228,0
pdraw_spiral,efficientnet_b0,perspective,4,C:\Users\ramti\Desktop\ramtin legion pc\article_project\data\raw\pdraw_spiral\test\healthy\V05HE01.png,0,0.604464,1
pdraw_spiral,efficientnet_b0,perspective,4,C:\Users\ramti\Desktop\ramtin legion pc\article_project\data\raw\pdraw_spiral\test\healthy\V06HE01.png,0,0.727307,1
pdraw_spiral,efficientnet_b0,perspective,4,C:\Users\ramti\Desktop\ramtin legion pc\article_project\data\raw\pdraw_spiral\test\healthy\V07HE01.png,0,0.603953,1
pdraw_spiral,efficientnet_b0,perspective,4,C:\Users\ramti\Desktop\ramtin legion pc\article_project\data\raw\pdraw_spiral\test\healthy\V08HE01.png,0,0.257679,0
pdraw_spiral,efficientnet_b0,perspective,4,C:\Users\ramti\Desktop\ramtin legion pc\article_project\data\raw\pdraw_spiral\test\healthy\V09HE01.png,0,0.417434,1
pdraw_spiral,efficientnet_b0,perspective,4,C:\Users\ramti\Desktop\ramtin legion pc\article_project\data\raw\pdraw_spiral\test\healthy\V10HE01.png,0,0.531634,1
pdraw_spiral,efficientnet_b0,perspective,4,C:\Users\ramti\Desktop\ramtin legion pc\article_project\data\raw\pdraw_spiral\test\healthy\V11HE01.png,0,0.476823,1
pdraw_spiral,efficientnet_b0,perspective,4,C:\Users\ramti\Desktop\ramtin legion pc\article_project\data\raw\pdraw_spiral\test\healthy\V55HE12.png,0,0.335527,0
pdraw_spiral,efficientnet_b0,perspective,4,C:\Users\ramti\Desktop\ramtin legion pc\article_project\data\raw\pdraw_spiral\test\healthy\V55HE13.png,0,0.131664,0
pdraw_spiral,efficientnet_b0,perspective,4,C:\Users\ramti\Desktop\ramtin legion pc\article_project\data\raw\pdraw_spiral\test\healthy\V55HE14.png,0,0.179595,0
pdraw_spiral,efficientnet_b0,perspective,4,C:\Users\ramti\Desktop\ramtin legion pc\article_project\data\raw\pdraw_spiral\test\healthy\V55HE15.png,0,0.197825,0
pdraw_spiral,efficientnet_b0,perspective,4,C:\Users\ramti\Desktop\ramtin legion pc\article_project\data\raw\pdraw_spiral\test\parkinson\V01PE01.png,1,0.369967,0
pdraw_spiral,efficientnet_b0,perspective,4,C:\Users\ramti\Desktop\ramtin legion pc\article_project\data\raw\pdraw_spiral\test\parkinson\V02PE01.png,1,0.880397,1
pdraw_spiral,efficientnet_b0,perspective,4,C:\Users\ramti\Desktop\ramtin legion pc\article_project\data\raw\pdraw_spiral\test\parkinson\V03PE01.png,1,0.974182,1
pdraw_spiral,efficientnet_b0,perspective,4,C:\Users\ramti\Desktop\ramtin legion pc\article_project\data\raw\pdraw_spiral\test\parkinson\V03PE04.png,1,0.963947,1
pdraw_spiral,efficientnet_b0,perspective,4,C:\Users\ramti\Desktop\ramtin legion pc\article_project\data\raw\pdraw_spiral\test\parkinson\V03PE07.png,1,0.973978,1
pdraw_spiral,efficientnet_b0,perspective,4,C:\Users\ramti\Desktop\ramtin legion pc\article_project\data\raw\pdraw_spiral\test\parkinson\V04PE01.png,1,0.949587,1
pdraw_spiral,efficientnet_b0,perspective,4,C:\Users\ramti\Desktop\ramtin legion pc\article_project\data\raw\pdraw_spiral\test\parkinson\V05PE01.png,1,0.964403,1
pdraw_spiral,efficientnet_b0,perspective,4,C:\Users\ramti\Desktop\ramtin legion pc\article_project\data\raw\pdraw_spiral\test\parkinson\V06PE01.png,1,0.684260,1
pdraw_spiral,efficientnet_b0,perspective,4,C:\Users\ramti\Desktop\ramtin legion pc\article_project\data\raw\pdraw_spiral\test\parkinson\V07PE01.png,1,0.925115,1
pdraw_spiral,efficientnet_b0,perspective,4,C:\Users\ramti\Desktop\ramtin legion pc\article_project\data\raw\pdraw_spiral\test\parkinson\V08PE01.png,1,0.354591,0
pdraw_spiral,efficientnet_b0,perspective,4,C:\Users\ramti\Desktop\ramtin legion pc\article_project\data\raw\pdraw_spiral\test\parkinson\V09PE01.png,1,0.795356,1
pdraw_spiral,efficientnet_b0,perspective,4,C:\Users\ramti\Desktop\ramtin legion pc\article_project\data\raw\pdraw_spiral\test\parkinson\V10PE03.png,1,0.457430,1
pdraw_spiral,efficientnet_b0,perspective,4,C:\Users\ramti\Desktop\ramtin legion pc\article_project\data\raw\pdraw_spiral\test\parkinson\V11PE03.png,1,0.596730,1
pdraw_spiral,efficientnet_b0,perspective,4,C:\Users\ramti\Desktop\ramtin legion pc\article_project\data\raw\pdraw_spiral\test\parkinson\V14PE03.png,1,0.957078,1
pdraw_spiral,efficientnet_b0,perspective,4,C:\Users\ramti\Desktop\ramtin legion pc\article_project\data\raw\pdraw_spiral\test\parkinson\V15PE01.png,1,0.686723,1
pdraw_spiral,efficientnet_b0,perspective,5,C:\Users\ramti\Desktop\ramtin legion pc\article_project\data\raw\pdraw_spiral\test\healthy\V01HE01.png,0,0.452222,1
pdraw_spiral,efficientnet_b0,perspective,5,C:\Users\ramti\Desktop\ramtin legion pc\article_project\data\raw\pdraw_spiral\test\healthy\V02HE01.png,0,0.943414,1
pdraw_spiral,efficientnet_b0,perspective,5,C:\Users\ramti\Desktop\ramtin legion pc\article_project\data\raw\pdraw_spiral\test\healthy\V03HE1.png,0,0.745692,1
pdraw_spiral,efficientnet_b0,perspective,5,C:\Users\ramti\Desktop\ramtin legion pc\article_project\data\raw\pdraw_spiral\test\healthy\V04HE01.png,0,0.373562,0
pdraw_spiral,efficientnet_b0,perspective,5,C:\Users\ramti\Desktop\ramtin legion pc\article_project\data\raw\pdraw_spiral\test\healthy\V05HE01.png,0,0.658553,1
pdraw_spiral,efficientnet_b0,perspective,5,C:\Users\ramti\Desktop\ramtin legion pc\article_project\data\raw\pdraw_spiral\test\healthy\V06HE01.png,0,0.739828,1
pdraw_spiral,efficientnet_b0,perspective,5,C:\Users\ramti\Desktop\ramtin legion pc\article_project\data\raw\pdraw_spiral\test\healthy\V07HE01.png,0,0.582758,1
pdraw_spiral,efficientnet_b0,perspective,5,C:\Users\ramti\Desktop\ramtin legion pc\article_project\data\raw\pdraw_spiral\test\healthy\V08HE01.png,0,0.343726,0
pdraw_spiral,efficientnet_b0,perspective,5,C:\Users\ramti\Desktop\ramtin legion pc\article_project\data\raw\pdraw_spiral\test\healthy\V09HE01.png,0,0.427155,1
pdraw_spiral,efficientnet_b0,perspective,5,C:\Users\ramti\Desktop\ramtin legion pc\article_project\data\raw\pdraw_spiral\test\healthy\V10HE01.png,0,0.547844,1
pdraw_spiral,efficientnet_b0,perspective,5,C:\Users\ramti\Desktop\ramtin legion pc\article_project\data\raw\pdraw_spiral\test\healthy\V11HE01.png,0,0.536244,1
pdraw_spiral,efficientnet_b0,perspective,5,C:\Users\ramti\Desktop\ramtin legion pc\article_project\data\raw\pdraw_spiral\test\healthy\V55HE12.png,0,0.476892,1
pdraw_spiral,efficientnet_b0,perspective,5,C:\Users\ramti\Desktop\ramtin legion pc\article_project\data\raw\pdraw_spiral\test\healthy\V55HE13.png,0,0.153797,0
pdraw_spiral,efficientnet_b0,perspective,5,C:\Users\ramti\Desktop\ramtin legion pc\article_project\data\raw\pdraw_spiral\test\healthy\V55HE14.png,0,0.295443,0
pdraw_spiral,efficientnet_b0,perspective,5,C:\Users\ramti\Desktop\ramtin legion pc\article_project\data\raw\pdraw_spiral\test\healthy\V55HE15.png,0,0.318778,0
pdraw_spiral,efficientnet_b0,perspective,5,C:\Users\ramti\Desktop\ramtin legion pc\article_project\data\raw\pdraw_spiral\test\parkinson\V01PE01.png,1,0.491508,1
pdraw_spiral,efficientnet_b0,perspective,5,C:\Users\ramti\Desktop\ramtin legion pc\article_project\data\raw\pdraw_spiral\test\parkinson\V02PE01.png,1,0.912435,1
pdraw_spiral,efficientnet_b0,perspective,5,C:\Users\ramti\Desktop\ramtin legion pc\article_project\data\raw\pdraw_spiral\test\parkinson\V03PE01.png,1,0.965754,1
pdraw_spiral,efficientnet_b0,perspective,5,C:\Users\ramti\Desktop\ramtin legion pc\article_project\data\raw\pdraw_spiral\test\parkinson\V03PE04.png,1,0.961641,1
pdraw_spiral,efficientnet_b0,perspective,5,C:\Users\ramti\Desktop\ramtin legion pc\article_project\data\raw\pdraw_spiral\test\parkinson\V03PE07.png,1,0.971302,1
pdraw_spiral,efficientnet_b0,perspective,5,C:\Users\ramti\Desktop\ramtin legion pc\article_project\data\raw\pdraw_spiral\test\parkinson\V04PE01.png,1,0.957100,1
pdraw_spiral,efficientnet_b0,perspective,5,C:\Users\ramti\Desktop\ramtin legion pc\article_project\data\raw\pdraw_spiral\test\parkinson\V05PE01.png,1,0.963847,1
pdraw_spiral,efficientnet_b0,perspective,5,C:\Users\ramti\Desktop\ramtin legion pc\article_project\data\raw\pdraw_spiral\test\parkinson\V06PE01.png,1,0.761932,1
pdraw_spiral,efficientnet_b0,perspective,5,C:\Users\ramti\Desktop\ramtin legion pc\article_project\data\raw\pdraw_spiral\test\parkinson\V07PE01.png,1,0.911792,1
pdraw_spiral,efficientnet_b0,perspective,5,C:\Users\ramti\Desktop\ramtin legion pc\article_project\data\raw\pdraw_spiral\test\parkinson\V08PE01.png,1,0.367565,0
pdraw_spiral,efficientnet_b0,perspective,5,C:\Users\ramti\Desktop\ramtin legion pc\article_project\data\raw\pdraw_spiral\test\parkinson\V09PE01.png,1,0.837066,1
pdraw_spiral,efficientnet_b0,perspective,5,C:\Users\ramti\Desktop\ramtin legion pc\article_project\data\raw\pdraw_spiral\test\parkinson\V10PE03.png,1,0.506001,1
pdraw_spiral,efficientnet_b0,perspective,5,C:\Users\ramti\Desktop\ramtin legion pc\article_project\data\raw\pdraw_spiral\test\parkinson\V11PE03.png,1,0.639911,1
pdraw_spiral,efficientnet_b0,perspective,5,C:\Users\ramti\Desktop\ramtin legion pc\article_project\data\raw\pdraw_spiral\test\parkinson\V14PE03.png,1,0.953002,1
pdraw_spiral,efficientnet_b0,perspective,5,C:\Users\ramti\Desktop\ramtin legion pc\article_project\data\raw\pdraw_spiral\test\parkinson\V15PE01.png,1,0.800786,1
pdraw_spiral,efficientnet_b0,rotation,1,C:\Users\ramti\Desktop\ramtin legion pc\article_project\data\raw\pdraw_spiral\test\healthy\V01HE01.png,0,0.527976,1
pdraw_spiral,efficientnet_b0,rotation,1,C:\Users\ramti\Desktop\ramtin legion pc\article_project\data\raw\pdraw_spiral\test\healthy\V02HE01.png,0,0.947816,1
pdraw_spiral,efficientnet_b0,rotation,1,C:\Users\ramti\Desktop\ramtin legion pc\article_project\data\raw\pdraw_spiral\test\healthy\V03HE1.png,0,0.653216,1
pdraw_spiral,efficientnet_b0,rotation,1,C:\Users\ramti\Desktop\ramtin legion pc\article_project\data\raw\pdraw_spiral\test\healthy\V04HE01.png,0,0.319685,0
pdraw_spiral,efficientnet_b0,rotation,1,C:\Users\ramti\Desktop\ramtin legion pc\article_project\data\raw\pdraw_spiral\test\healthy\V05HE01.png,0,0.717300,1
pdraw_spiral,efficientnet_b0,rotation,1,C:\Users\ramti\Desktop\ramtin legion pc\article_project\data\raw\pdraw_spiral\test\healthy\V06HE01.png,0,0.642282,1
pdraw_spiral,efficientnet_b0,rotation,1,C:\Users\ramti\Desktop\ramtin legion pc\article_project\data\raw\pdraw_spiral\test\healthy\V07HE01.png,0,0.593138,1
pdraw_spiral,efficientnet_b0,rotation,1,C:\Users\ramti\Desktop\ramtin legion pc\article_project\data\raw\pdraw_spiral\test\healthy\V08HE01.png,0,0.350419,0
pdraw_spiral,efficientnet_b0,rotation,1,C:\Users\ramti\Desktop\ramtin legion pc\article_project\data\raw\pdraw_spiral\test\healthy\V09HE01.png,0,0.391952,0
pdraw_spiral,efficientnet_b0,rotation,1,C:\Users\ramti\Desktop\ramtin legion pc\article_project\data\raw\pdraw_spiral\test\healthy\V10HE01.png,0,0.534968,1
pdraw_spiral,efficientnet_b0,rotation,1,C:\Users\ramti\Desktop\ramtin legion pc\article_project\data\raw\pdraw_spiral\test\healthy\V11HE01.png,0,0.562688,1
pdraw_spiral,efficientnet_b0,rotation,1,C:\Users\ramti\Desktop\ramtin legion pc\article_project\data\raw\pdraw_spiral\test\healthy\V55HE12.png,0,0.352808,0
pdraw_spiral,efficientnet_b0,rotation,1,C:\Users\ramti\Desktop\ramtin legion pc\article_project\data\raw\pdraw_spiral\test\healthy\V55HE13.png,0,0.175635,0
pdraw_spiral,efficientnet_b0,rotation,1,C:\Users\ramti\Desktop\ramtin legion pc\article_project\data\raw\pdraw_spiral\test\healthy\V55HE14.png,0,0.281078,0
pdraw_spiral,efficientnet_b0,rotation,1,C:\Users\ramti\Desktop\ramtin legion pc\article_project\data\raw\pdraw_spiral\test\healthy\V55HE15.png,0,0.272579,0
pdraw_spiral,efficientnet_b0,rotation,1,C:\Users\ramti\Desktop\ramtin legion pc\article_project\data\raw\pdraw_spiral\test\parkinson\V01PE01.png,1,0.533341,1
pdraw_spiral,efficientnet_b0,rotation,1,C:\Users\ramti\Desktop\ramtin legion pc\article_project\data\raw\pdraw_spiral\test\parkinson\V02PE01.png,1,0.913717,1
pdraw_spiral,efficientnet_b0,rotation,1,C:\Users\ramti\Desktop\ramtin legion pc\article_project\data\raw\pdraw_spiral\test\parkinson\V03PE01.png,1,0.968970,1
pdraw_spiral,efficientnet_b0,rotation,1,C:\Users\ramti\Desktop\ramtin legion pc\article_project\data\raw\pdraw_spiral\test\parkinson\V03PE04.png,1,0.967791,1
pdraw_spiral,efficientnet_b0,rotation,1,C:\Users\ramti\Desktop\ramtin legion pc\article_project\data\raw\pdraw_spiral\test\parkinson\V03PE07.png,1,0.967351,1
pdraw_spiral,efficientnet_b0,rotation,1,C:\Users\ramti\Desktop\ramtin legion pc\article_project\data\raw\pdraw_spiral\test\parkinson\V04PE01.png,1,0.935900,1
pdraw_spiral,efficientnet_b0,rotation,1,C:\Users\ramti\Desktop\ramtin legion pc\article_project\data\raw\pdraw_spiral\test\parkinson\V05PE01.png,1,0.970138,1
pdraw_spiral,efficientnet_b0,rotation,1,C:\Users\ramti\Desktop\ramtin legion pc\article_project\data\raw\pdraw_spiral\test\parkinson\V06PE01.png,1,0.784865,1
pdraw_spiral,efficientnet_b0,rotation,1,C:\Users\ramti\Desktop\ramtin legion pc\article_project\data\raw\pdraw_spiral\test\parkinson\V07PE01.png,1,0.938710,1
pdraw_spiral,efficientnet_b0,rotation,1,C:\Users\ramti\Desktop\ramtin legion pc\article_project\data\raw\pdraw_spiral\test\parkinson\V08PE01.png,1,0.554785,1
pdraw_spiral,efficientnet_b0,rotation,1,C:\Users\ramti\Desktop\ramtin legion pc\article_project\data\raw\pdraw_spiral\test\parkinson\V09PE01.png,1,0.820727,1
pdraw_spiral,efficientnet_b0,rotation,1,C:\Users\ramti\Desktop\ramtin legion pc\article_project\data\raw\pdraw_spiral\test\parkinson\V10PE03.png,1,0.539036,1
pdraw_spiral,efficientnet_b0,rotation,1,C:\Users\ramti\Desktop\ramtin legion pc\article_project\data\raw\pdraw_spiral\test\parkinson\V11PE03.png,1,0.634237,1
pdraw_spiral,efficientnet_b0,rotation,1,C:\Users\ramti\Desktop\ramtin legion pc\article_project\data\raw\pdraw_spiral\test\parkinson\V14PE03.png,1,0.968762,1
pdraw_spiral,efficientnet_b0,rotation,1,C:\Users\ramti\Desktop\ramtin legion pc\article_project\data\raw\pdraw_spiral\test\parkinson\V15PE01.png,1,0.720588,1
pdraw_spiral,efficientnet_b0,rotation,2,C:\Users\ramti\Desktop\ramtin legion pc\article_project\data\raw\pdraw_spiral\test\healthy\V01HE01.png,0,0.685203,1
pdraw_spiral,efficientnet_b0,rotation,2,C:\Users\ramti\Desktop\ramtin legion pc\article_project\data\raw\pdraw_spiral\test\healthy\V02HE01.png,0,0.955888,1
pdraw_spiral,efficientnet_b0,rotation,2,C:\Users\ramti\Desktop\ramtin legion pc\article_project\data\raw\pdraw_spiral\test\healthy\V03HE1.png,0,0.858361,1
pdraw_spiral,efficientnet_b0,rotation,2,C:\Users\ramti\Desktop\ramtin legion pc\article_project\data\raw\pdraw_spiral\test\healthy\V04HE01.png,0,0.515374,1
pdraw_spiral,efficientnet_b0,rotation,2,C:\Users\ramti\Desktop\ramtin legion pc\article_project\data\raw\pdraw_spiral\test\healthy\V05HE01.png,0,0.762912,1
pdraw_spiral,efficientnet_b0,rotation,2,C:\Users\ramti\Desktop\ramtin legion pc\article_project\data\raw\pdraw_spiral\test\healthy\V06HE01.png,0,0.796094,1
pdraw_spiral,efficientnet_b0,rotation,2,C:\Users\ramti\Desktop\ramtin legion pc\article_project\data\raw\pdraw_spiral\test\healthy\V07HE01.png,0,0.823991,1
pdraw_spiral,efficientnet_b0,rotation,2,C:\Users\ramti\Desktop\ramtin legion pc\article_project\data\raw\pdraw_spiral\test\healthy\V08HE01.png,0,0.552912,1
pdraw_spiral,efficientnet_b0,rotation,2,C:\Users\ramti\Desktop\ramtin legion pc\article_project\data\raw\pdraw_spiral\test\healthy\V09HE01.png,0,0.733175,1
pdraw_spiral,efficientnet_b0,rotation,2,C:\Users\ramti\Desktop\ramtin legion pc\article_project\data\raw\pdraw_spiral\test\healthy\V10HE01.png,0,0.711078,1
pdraw_spiral,efficientnet_b0,rotation,2,C:\Users\ramti\Desktop\ramtin legion pc\article_project\data\raw\pdraw_spiral\test\healthy\V11HE01.png,0,0.527534,1
pdraw_spiral,efficientnet_b0,rotation,2,C:\Users\ramti\Desktop\ramtin legion pc\article_project\data\raw\pdraw_spiral\test\healthy\V55HE12.png,0,0.447680,1
pdraw_spiral,efficientnet_b0,rotation,2,C:\Users\ramti\Desktop\ramtin legion pc\article_project\data\raw\pdraw_spiral\test\healthy\V55HE13.png,0,0.416555,1
pdraw_spiral,efficientnet_b0,rotation,2,C:\Users\ramti\Desktop\ramtin legion pc\article_project\data\raw\pdraw_spiral\test\healthy\V55HE14.png,0,0.442938,1
pdraw_spiral,efficientnet_b0,rotation,2,C:\Users\ramti\Desktop\ramtin legion pc\article_project\data\raw\pdraw_spiral\test\healthy\V55HE15.png,0,0.418163,1
pdraw_spiral,efficientnet_b0,rotation,2,C:\Users\ramti\Desktop\ramtin legion pc\article_project\data\raw\pdraw_spiral\test\parkinson\V01PE01.png,1,0.686992,1
pdraw_spiral,efficientnet_b0,rotation,2,C:\Users\ramti\Desktop\ramtin legion pc\article_project\data\raw\pdraw_spiral\test\parkinson\V02PE01.png,1,0.949327,1
pdraw_spiral,efficientnet_b0,rotation,2,C:\Users\ramti\Desktop\ramtin legion pc\article_project\data\raw\pdraw_spiral\test\parkinson\V03PE01.png,1,0.961007,1
pdraw_spiral,efficientnet_b0,rotation,2,C:\Users\ramti\Desktop\ramtin legion pc\article_project\data\raw\pdraw_spiral\test\parkinson\V03PE04.png,1,0.952937,1
pdraw_spiral,efficientnet_b0,rotation,2,C:\Users\ramti\Desktop\ramtin legion pc\article_project\data\raw\pdraw_spiral\test\parkinson\V03PE07.png,1,0.966762,1
pdraw_spiral,efficientnet_b0,rotation,2,C:\Users\ramti\Desktop\ramtin legion pc\article_project\data\raw\pdraw_spiral\test\parkinson\V04PE01.png,1,0.918714,1
pdraw_spiral,efficientnet_b0,rotation,2,C:\Users\ramti\Desktop\ramtin legion pc\article_project\data\raw\pdraw_spiral\test\parkinson\V05PE01.png,1,0.964186,1
pdraw_spiral,efficientnet_b0,rotation,2,C:\Users\ramti\Desktop\ramtin legion pc\article_project\data\raw\pdraw_spiral\test\parkinson\V06PE01.png,1,0.879342,1
pdraw_spiral,efficientnet_b0,rotation,2,C:\Users\ramti\Desktop\ramtin legion pc\article_project\data\raw\pdraw_spiral\test\parkinson\V07PE01.png,1,0.953189,1
pdraw_spiral,efficientnet_b0,rotation,2,C:\Users\ramti\Desktop\ramtin legion pc\article_project\data\raw\pdraw_spiral\test\parkinson\V08PE01.png,1,0.560946,1
pdraw_spiral,efficientnet_b0,rotation,2,C:\Users\ramti\Desktop\ramtin legion pc\article_project\data\raw\pdraw_spiral\test\parkinson\V09PE01.png,1,0.892505,1
pdraw_spiral,efficientnet_b0,rotation,2,C:\Users\ramti\Desktop\ramtin legion pc\article_project\data\raw\pdraw_spiral\test\parkinson\V10PE03.png,1,0.662872,1
pdraw_spiral,efficientnet_b0,rotation,2,C:\Users\ramti\Desktop\ramtin legion pc\article_project\data\raw\pdraw_spiral\test\parkinson\V11PE03.png,1,0.756818,1
pdraw_spiral,efficientnet_b0,rotation,2,C:\Users\ramti\Desktop\ramtin legion pc\article_project\data\raw\pdraw_spiral\test\parkinson\V14PE03.png,1,0.971876,1
pdraw_spiral,efficientnet_b0,rotation,2,C:\Users\ramti\Desktop\ramtin legion pc\article_project\data\raw\pdraw_spiral\test\parkinson\V15PE01.png,1,0.894920,1
pdraw_spiral,efficientnet_b0,rotation,3,C:\Users\ramti\Desktop\ramtin legion pc\article_project\data\raw\pdraw_spiral\test\healthy\V01HE01.png,0,0.741762,1
pdraw_spiral,efficientnet_b0,rotation,3,C:\Users\ramti\Desktop\ramtin legion pc\article_project\data\raw\pdraw_spiral\test\healthy\V02HE01.png,0,0.968948,1
pdraw_spiral,efficientnet_b0,rotation,3,C:\Users\ramti\Desktop\ramtin legion pc\article_project\data\raw\pdraw_spiral\test\healthy\V03HE1.png,0,0.932514,1
pdraw_spiral,efficientnet_b0,rotation,3,C:\Users\ramti\Desktop\ramtin legion pc\article_project\data\raw\pdraw_spiral\test\healthy\V04HE01.png,0,0.573789,1
pdraw_spiral,efficientnet_b0,rotation,3,C:\Users\ramti\Desktop\ramtin legion pc\article_project\data\raw\pdraw_spiral\test\healthy\V05HE01.png,0,0.874979,1
pdraw_spiral,efficientnet_b0,rotation,3,C:\Users\ramti\Desktop\ramtin legion pc\article_project\data\raw\pdraw_spiral\test\healthy\V06HE01.png,0,0.843441,1
pdraw_spiral,efficientnet_b0,rotation,3,C:\Users\ramti\Desktop\ramtin legion pc\article_project\data\raw\pdraw_spiral\test\healthy\V07HE01.png,0,0.843559,1
pdraw_spiral,efficientnet_b0,rotation,3,C:\Users\ramti\Desktop\ramtin legion pc\article_project\data\raw\pdraw_spiral\test\healthy\V08HE01.png,0,0.723215,1
pdraw_spiral,efficientnet_b0,rotation,3,C:\Users\ramti\Desktop\ramtin legion pc\article_project\data\raw\pdraw_spiral\test\healthy\V09HE01.png,0,0.610327,1
pdraw_spiral,efficientnet_b0,rotation,3,C:\Users\ramti\Desktop\ramtin legion pc\article_project\data\raw\pdraw_spiral\test\healthy\V10HE01.png,0,0.718334,1
pdraw_spiral,efficientnet_b0,rotation,3,C:\Users\ramti\Desktop\ramtin legion pc\article_project\data\raw\pdraw_spiral\test\healthy\V11HE01.png,0,0.707183,1
pdraw_spiral,efficientnet_b0,rotation,3,C:\Users\ramti\Desktop\ramtin legion pc\article_project\data\raw\pdraw_spiral\test\healthy\V55HE12.png,0,0.642806,1
pdraw_spiral,efficientnet_b0,rotation,3,C:\Users\ramti\Desktop\ramtin legion pc\article_project\data\raw\pdraw_spiral\test\healthy\V55HE13.png,0,0.389945,0
pdraw_spiral,efficientnet_b0,rotation,3,C:\Users\ramti\Desktop\ramtin legion pc\article_project\data\raw\pdraw_spiral\test\healthy\V55HE14.png,0,0.515030,1
pdraw_spiral,efficientnet_b0,rotation,3,C:\Users\ramti\Desktop\ramtin legion pc\article_project\data\raw\pdraw_spiral\test\healthy\V55HE15.png,0,0.567645,1
pdraw_spiral,efficientnet_b0,rotation,3,C:\Users\ramti\Desktop\ramtin legion pc\article_project\data\raw\pdraw_spiral\test\parkinson\V01PE01.png,1,0.728242,1
pdraw_spiral,efficientnet_b0,rotation,3,C:\Users\ramti\Desktop\ramtin legion pc\article_project\data\raw\pdraw_spiral\test\parkinson\V02PE01.png,1,0.960103,1
pdraw_spiral,efficientnet_b0,rotation,3,C:\Users\ramti\Desktop\ramtin legion pc\article_project\data\raw\pdraw_spiral\test\parkinson\V03PE01.png,1,0.967919,1
pdraw_spiral,efficientnet_b0,rotation,3,C:\Users\ramti\Desktop\ramtin legion pc\article_project\data\raw\pdraw_spiral\test\parkinson\V03PE04.png,1,0.956674,1
pdraw_spiral,efficientnet_b0,rotation,3,C:\Users\ramti\Desktop\ramtin legion pc\article_project\data\raw\pdraw_spiral\test\parkinson\V03PE07.png,1,0.968311,1
pdraw_spiral,efficientnet_b0,rotation,3,C:\Users\ramti\Desktop\ramtin legion pc\article_project\data\raw\pdraw_spiral\test\parkinson\V04PE01.png,1,0.955719,1
pdraw_spiral,efficientnet_b0,rotation,3,C:\Users\ramti\Desktop\ramtin legion pc\article_project\data\raw\pdraw_spiral\test\parkinson\V05PE01.png,1,0.969825,1
pdraw_spiral,efficientnet_b0,rotation,3,C:\Users\ramti\Desktop\ramtin legion pc\article_project\data\raw\pdraw_spiral\test\parkinson\V06PE01.png,1,0.913237,1
pdraw_spiral,efficientnet_b0,rotation,3,C:\Users\ramti\Desktop\ramtin legion pc\article_project\data\raw\pdraw_spiral\test\parkinson\V07PE01.png,1,0.947284,1
pdraw_spiral,efficientnet_b0,rotation,3,C:\Users\ramti\Desktop\ramtin legion pc\article_project\data\raw\pdraw_spiral\test\parkinson\V08PE01.png,1,0.708740,1
pdraw_spiral,efficientnet_b0,rotation,3,C:\Users\ramti\Desktop\ramtin legion pc\article_project\data\raw\pdraw_spiral\test\parkinson\V09PE01.png,1,0.935220,1
pdraw_spiral,efficientnet_b0,rotation,3,C:\Users\ramti\Desktop\ramtin legion pc\article_project\data\raw\pdraw_spiral\test\parkinson\V10PE03.png,1,0.807816,1
pdraw_spiral,efficientnet_b0,rotation,3,C:\Users\ramti\Desktop\ramtin legion pc\article_project\data\raw\pdraw_spiral\test\parkinson\V11PE03.png,1,0.840042,1
pdraw_spiral,efficientnet_b0,rotation,3,C:\Users\ramti\Desktop\ramtin legion pc\article_project\data\raw\pdraw_spiral\test\parkinson\V14PE03.png,1,0.972941,1
pdraw_spiral,efficientnet_b0,rotation,3,C:\Users\ramti\Desktop\ramtin legion pc\article_project\data\raw\pdraw_spiral\test\parkinson\V15PE01.png,1,0.884913,1
pdraw_spiral,efficientnet_b0,rotation,4,C:\Users\ramti\Desktop\ramtin legion pc\article_project\data\raw\pdraw_spiral\test\healthy\V01HE01.png,0,0.803815,1
pdraw_spiral,efficientnet_b0,rotation,4,C:\Users\ramti\Desktop\ramtin legion pc\article_project\data\raw\pdraw_spiral\test\healthy\V02HE01.png,0,0.959323,1
pdraw_spiral,efficientnet_b0,rotation,4,C:\Users\ramti\Desktop\ramtin legion pc\article_project\data\raw\pdraw_spiral\test\healthy\V03HE1.png,0,0.913389,1
pdraw_spiral,efficientnet_b0,rotation,4,C:\Users\ramti\Desktop\ramtin legion pc\article_project\data\raw\pdraw_spiral\test\healthy\V04HE01.png,0,0.564523,1
pdraw_spiral,efficientnet_b0,rotation,4,C:\Users\ramti\Desktop\ramtin legion pc\article_project\data\raw\pdraw_spiral\test\healthy\V05HE01.png,0,0.812072,1
pdraw_spiral,efficientnet_b0,rotation,4,C:\Users\ramti\Desktop\ramtin legion pc\article_project\data\raw\pdraw_spiral\test\healthy\V06HE01.png,0,0.774796,1
pdraw_spiral,efficientnet_b0,rotation,4,C:\Users\ramti\Desktop\ramtin legion pc\article_project\data\raw\pdraw_spiral\test\healthy\V07HE01.png,0,0.785243,1
pdraw_spiral,efficientnet_b0,rotation,4,C:\Users\ramti\Desktop\ramtin legion pc\article_project\data\raw\pdraw_spiral\test\healthy\V08HE01.png,0,0.661347,1
pdraw_spiral,efficientnet_b0,rotation,4,C:\Users\ramti\Desktop\ramtin legion pc\article_project\data\raw\pdraw_spiral\test\healthy\V09HE01.png,0,0.696853,1
pdraw_spiral,efficientnet_b0,rotation,4,C:\Users\ramti\Desktop\ramtin legion pc\article_project\data\raw\pdraw_spiral\test\healthy\V10HE01.png,0,0.763725,1
pdraw_spiral,efficientnet_b0,rotation,4,C:\Users\ramti\Desktop\ramtin legion pc\article_project\data\raw\pdraw_spiral\test\healthy\V11HE01.png,0,0.643353,1
pdraw_spiral,efficientnet_b0,rotation,4,C:\Users\ramti\Desktop\ramtin legion pc\article_project\data\raw\pdraw_spiral\test\healthy\V55HE12.png,0,0.649643,1
pdraw_spiral,efficientnet_b0,rotation,4,C:\Users\ramti\Desktop\ramtin legion pc\article_project\data\raw\pdraw_spiral\test\healthy\V55HE13.png,0,0.552189,1
pdraw_spiral,efficientnet_b0,rotation,4,C:\Users\ramti\Desktop\ramtin legion pc\article_project\data\raw\pdraw_spiral\test\healthy\V55HE14.png,0,0.541268,1
pdraw_spiral,efficientnet_b0,rotation,4,C:\Users\ramti\Desktop\ramtin legion pc\article_project\data\raw\pdraw_spiral\test\healthy\V55HE15.png,0,0.553049,1
pdraw_spiral,efficientnet_b0,rotation,4,C:\Users\ramti\Desktop\ramtin legion pc\article_project\data\raw\pdraw_spiral\test\parkinson\V01PE01.png,1,0.776008,1
pdraw_spiral,efficientnet_b0,rotation,4,C:\Users\ramti\Desktop\ramtin legion pc\article_project\data\raw\pdraw_spiral\test\parkinson\V02PE01.png,1,0.949244,1
pdraw_spiral,efficientnet_b0,rotation,4,C:\Users\ramti\Desktop\ramtin legion pc\article_project\data\raw\pdraw_spiral\test\parkinson\V03PE01.png,1,0.967703,1
pdraw_spiral,efficientnet_b0,rotation,4,C:\Users\ramti\Desktop\ramtin legion pc\article_project\data\raw\pdraw_spiral\test\parkinson\V03PE04.png,1,0.960793,1
pdraw_spiral,efficientnet_b0,rotation,4,C:\Users\ramti\Desktop\ramtin legion pc\article_project\data\raw\pdraw_spiral\test\parkinson\V03PE07.png,1,0.968886,1
pdraw_spiral,efficientnet_b0,rotation,4,C:\Users\ramti\Desktop\ramtin legion pc\article_project\data\raw\pdraw_spiral\test\parkinson\V04PE01.png,1,0.940322,1
pdraw_spiral,efficientnet_b0,rotation,4,C:\Users\ramti\Desktop\ramtin legion pc\article_project\data\raw\pdraw_spiral\test\parkinson\V05PE01.png,1,0.966757,1
pdraw_spiral,efficientnet_b0,rotation,4,C:\Users\ramti\Desktop\ramtin legion pc\article_project\data\raw\pdraw_spiral\test\parkinson\V06PE01.png,1,0.874616,1
pdraw_spiral,efficientnet_b0,rotation,4,C:\Users\ramti\Desktop\ramtin legion pc\article_project\data\raw\pdraw_spiral\test\parkinson\V07PE01.png,1,0.955922,1
pdraw_spiral,efficientnet_b0,rotation,4,C:\Users\ramti\Desktop\ramtin legion pc\article_project\data\raw\pdraw_spiral\test\parkinson\V08PE01.png,1,0.685326,1
pdraw_spiral,efficientnet_b0,rotation,4,C:\Users\ramti\Desktop\ramtin legion pc\article_project\data\raw\pdraw_spiral\test\parkinson\V09PE01.png,1,0.930293,1
pdraw_spiral,efficientnet_b0,rotation,4,C:\Users\ramti\Desktop\ramtin legion pc\article_project\data\raw\pdraw_spiral\test\parkinson\V10PE03.png,1,0.847152,1
pdraw_spiral,efficientnet_b0,rotation,4,C:\Users\ramti\Desktop\ramtin legion pc\article_project\data\raw\pdraw_spiral\test\parkinson\V11PE03.png,1,0.695723,1
pdraw_spiral,efficientnet_b0,rotation,4,C:\Users\ramti\Desktop\ramtin legion pc\article_project\data\raw\pdraw_spiral\test\parkinson\V14PE03.png,1,0.974729,1
pdraw_spiral,efficientnet_b0,rotation,4,C:\Users\ramti\Desktop\ramtin legion pc\article_project\data\raw\pdraw_spiral\test\parkinson\V15PE01.png,1,0.908782,1
pdraw_spiral,efficientnet_b0,rotation,5,C:\Users\ramti\Desktop\ramtin legion pc\article_project\data\raw\pdraw_spiral\test\healthy\V01HE01.png,0,0.804639,1
pdraw_spiral,efficientnet_b0,rotation,5,C:\Users\ramti\Desktop\ramtin legion pc\article_project\data\raw\pdraw_spiral\test\healthy\V02HE01.png,0,0.967362,1
pdraw_spiral,efficientnet_b0,rotation,5,C:\Users\ramti\Desktop\ramtin legion pc\article_project\data\raw\pdraw_spiral\test\healthy\V03HE1.png,0,0.947392,1
pdraw_spiral,efficientnet_b0,rotation,5,C:\Users\ramti\Desktop\ramtin legion pc\article_project\data\raw\pdraw_spiral\test\healthy\V04HE01.png,0,0.629598,1
pdraw_spiral,efficientnet_b0,rotation,5,C:\Users\ramti\Desktop\ramtin legion pc\article_project\data\raw\pdraw_spiral\test\healthy\V05HE01.png,0,0.841958,1
pdraw_spiral,efficientnet_b0,rotation,5,C:\Users\ramti\Desktop\ramtin legion pc\article_project\data\raw\pdraw_spiral\test\healthy\V06HE01.png,0,0.808442,1
pdraw_spiral,efficientnet_b0,rotation,5,C:\Users\ramti\Desktop\ramtin legion pc\article_project\data\raw\pdraw_spiral\test\healthy\V07HE01.png,0,0.853998,1
pdraw_spiral,efficientnet_b0,rotation,5,C:\Users\ramti\Desktop\ramtin legion pc\article_project\data\raw\pdraw_spiral\test\healthy\V08HE01.png,0,0.771899,1
pdraw_spiral,efficientnet_b0,rotation,5,C:\Users\ramti\Desktop\ramtin legion pc\article_project\data\raw\pdraw_spiral\test\healthy\V09HE01.png,0,0.736744,1
pdraw_spiral,efficientnet_b0,rotation,5,C:\Users\ramti\Desktop\ramtin legion pc\article_project\data\raw\pdraw_spiral\test\healthy\V10HE01.png,0,0.787519,1
pdraw_spiral,efficientnet_b0,rotation,5,C:\Users\ramti\Desktop\ramtin legion pc\article_project\data\raw\pdraw_spiral\test\healthy\V11HE01.png,0,0.728255,1
pdraw_spiral,efficientnet_b0,rotation,5,C:\Users\ramti\Desktop\ramtin legion pc\article_project\data\raw\pdraw_spiral\test\healthy\V55HE12.png,0,0.728143,1
pdraw_spiral,efficientnet_b0,rotation,5,C:\Users\ramti\Desktop\ramtin legion pc\article_project\data\raw\pdraw_spiral\test\healthy\V55HE13.png,0,0.564387,1
pdraw_spiral,efficientnet_b0,rotation,5,C:\Users\ramti\Desktop\ramtin legion pc\article_project\data\raw\pdraw_spiral\test\healthy\V55HE14.png,0,0.633115,1
pdraw_spiral,efficientnet_b0,rotation,5,C:\Users\ramti\Desktop\ramtin legion pc\article_project\data\raw\pdraw_spiral\test\healthy\V55HE15.png,0,0.661906,1
pdraw_spiral,efficientnet_b0,rotation,5,C:\Users\ramti\Desktop\ramtin legion pc\article_project\data\raw\pdraw_spiral\test\parkinson\V01PE01.png,1,0.838475,1
pdraw_spiral,efficientnet_b0,rotation,5,C:\Users\ramti\Desktop\ramtin legion pc\article_project\data\raw\pdraw_spiral\test\parkinson\V02PE01.png,1,0.963111,1
pdraw_spiral,efficientnet_b0,rotation,5,C:\Users\ramti\Desktop\ramtin legion pc\article_project\data\raw\pdraw_spiral\test\parkinson\V03PE01.png,1,0.971512,1
pdraw_spiral,efficientnet_b0,rotation,5,C:\Users\ramti\Desktop\ramtin legion pc\article_project\data\raw\pdraw_spiral\test\parkinson\V03PE04.png,1,0.959173,1
pdraw_spiral,efficientnet_b0,rotation,5,C:\Users\ramti\Desktop\ramtin legion pc\article_project\data\raw\pdraw_spiral\test\parkinson\V03PE07.png,1,0.962747,1
pdraw_spiral,efficientnet_b0,rotation,5,C:\Users\ramti\Desktop\ramtin legion pc\article_project\data\raw\pdraw_spiral\test\parkinson\V04PE01.png,1,0.962261,1
pdraw_spiral,efficientnet_b0,rotation,5,C:\Users\ramti\Desktop\ramtin legion pc\article_project\data\raw\pdraw_spiral\test\parkinson\V05PE01.png,1,0.965296,1
pdraw_spiral,efficientnet_b0,rotation,5,C:\Users\ramti\Desktop\ramtin legion pc\article_project\data\raw\pdraw_spiral\test\parkinson\V06PE01.png,1,0.891377,1
pdraw_spiral,efficientnet_b0,rotation,5,C:\Users\ramti\Desktop\ramtin legion pc\article_project\data\raw\pdraw_spiral\test\parkinson\V07PE01.png,1,0.952372,1
pdraw_spiral,efficientnet_b0,rotation,5,C:\Users\ramti\Desktop\ramtin legion pc\article_project\data\raw\pdraw_spiral\test\parkinson\V08PE01.png,1,0.821283,1
pdraw_spiral,efficientnet_b0,rotation,5,C:\Users\ramti\Desktop\ramtin legion pc\article_project\data\raw\pdraw_spiral\test\parkinson\V09PE01.png,1,0.931002,1
pdraw_spiral,efficientnet_b0,rotation,5,C:\Users\ramti\Desktop\ramtin legion pc\article_project\data\raw\pdraw_spiral\test\parkinson\V10PE03.png,1,0.865429,1
pdraw_spiral,efficientnet_b0,rotation,5,C:\Users\ramti\Desktop\ramtin legion pc\article_project\data\raw\pdraw_spiral\test\parkinson\V11PE03.png,1,0.851642,1
pdraw_spiral,efficientnet_b0,rotation,5,C:\Users\ramti\Desktop\ramtin legion pc\article_project\data\raw\pdraw_spiral\test\parkinson\V14PE03.png,1,0.976803,1
pdraw_spiral,efficientnet_b0,rotation,5,C:\Users\ramti\Desktop\ramtin legion pc\article_project\data\raw\pdraw_spiral\test\parkinson\V15PE01.png,1,0.904664,1
pdraw_spiral,mobilenet_v3_large,clean,0,C:\Users\ramti\Desktop\ramtin legion pc\article_project\data\raw\pdraw_spiral\test\healthy\V01HE01.png,0,0.476236,0
pdraw_spiral,mobilenet_v3_large,clean,0,C:\Users\ramti\Desktop\ramtin legion pc\article_project\data\raw\pdraw_spiral\test\healthy\V02HE01.png,0,0.511278,1
pdraw_spiral,mobilenet_v3_large,clean,0,C:\Users\ramti\Desktop\ramtin legion pc\article_project\data\raw\pdraw_spiral\test\healthy\V03HE1.png,0,0.464578,0
pdraw_spiral,mobilenet_v3_large,clean,0,C:\Users\ramti\Desktop\ramtin legion pc\article_project\data\raw\pdraw_spiral\test\healthy\V04HE01.png,0,0.468615,0
pdraw_spiral,mobilenet_v3_large,clean,0,C:\Users\ramti\Desktop\ramtin legion pc\article_project\data\raw\pdraw_spiral\test\healthy\V05HE01.png,0,0.493306,0
pdraw_spiral,mobilenet_v3_large,clean,0,C:\Users\ramti\Desktop\ramtin legion pc\article_project\data\raw\pdraw_spiral\test\healthy\V06HE01.png,0,0.477713,0
pdraw_spiral,mobilenet_v3_large,clean,0,C:\Users\ramti\Desktop\ramtin legion pc\article_project\data\raw\pdraw_spiral\test\healthy\V07HE01.png,0,0.501832,1
pdraw_spiral,mobilenet_v3_large,clean,0,C:\Users\ramti\Desktop\ramtin legion pc\article_project\data\raw\pdraw_spiral\test\healthy\V08HE01.png,0,0.490344,0
pdraw_spiral,mobilenet_v3_large,clean,0,C:\Users\ramti\Desktop\ramtin legion pc\article_project\data\raw\pdraw_spiral\test\healthy\V09HE01.png,0,0.480746,0
pdraw_spiral,mobilenet_v3_large,clean,0,C:\Users\ramti\Desktop\ramtin legion pc\article_project\data\raw\pdraw_spiral\test\healthy\V10HE01.png,0,0.479499,0
pdraw_spiral,mobilenet_v3_large,clean,0,C:\Users\ramti\Desktop\ramtin legion pc\article_project\data\raw\pdraw_spiral\test\healthy\V11HE01.png,0,0.472120,0
pdraw_spiral,mobilenet_v3_large,clean,0,C:\Users\ramti\Desktop\ramtin legion pc\article_project\data\raw\pdraw_spiral\test\healthy\V55HE12.png,0,0.476949,0
pdraw_spiral,mobilenet_v3_large,clean,0,C:\Users\ramti\Desktop\ramtin legion pc\article_project\data\raw\pdraw_spiral\test\healthy\V55HE13.png,0,0.475717,0
pdraw_spiral,mobilenet_v3_large,clean,0,C:\Users\ramti\Desktop\ramtin legion pc\article_project\data\raw\pdraw_spiral\test\healthy\V55HE14.png,0,0.467172,0
pdraw_spiral,mobilenet_v3_large,clean,0,C:\Users\ramti\Desktop\ramtin legion pc\article_project\data\raw\pdraw_spiral\test\healthy\V55HE15.png,0,0.464654,0
pdraw_spiral,mobilenet_v3_large,clean,0,C:\Users\ramti\Desktop\ramtin legion pc\article_project\data\raw\pdraw_spiral\test\parkinson\V01PE01.png,1,0.490166,0
pdraw_spiral,mobilenet_v3_large,clean,0,C:\Users\ramti\Desktop\ramtin legion pc\article_project\data\raw\pdraw_spiral\test\parkinson\V02PE01.png,1,0.518193,1
pdraw_spiral,mobilenet_v3_large,clean,0,C:\Users\ramti\Desktop\ramtin legion pc\article_project\data\raw\pdraw_spiral\test\parkinson\V03PE01.png,1,0.554792,1
pdraw_spiral,mobilenet_v3_large,clean,0,C:\Users\ramti\Desktop\ramtin legion pc\article_project\data\raw\pdraw_spiral\test\parkinson\V03PE04.png,1,0.547268,1
pdraw_spiral,mobilenet_v3_large,clean,0,C:\Users\ramti\Desktop\ramtin legion pc\article_project\data\raw\pdraw_spiral\test\parkinson\V03PE07.png,1,0.538295,1
pdraw_spiral,mobilenet_v3_large,clean,0,C:\Users\ramti\Desktop\ramtin legion pc\article_project\data\raw\pdraw_spiral\test\parkinson\V04PE01.png,1,0.521610,1
pdraw_spiral,mobilenet_v3_large,clean,0,C:\Users\ramti\Desktop\ramtin legion pc\article_project\data\raw\pdraw_spiral\test\parkinson\V05PE01.png,1,0.542966,1
pdraw_spiral,mobilenet_v3_large,clean,0,C:\Users\ramti\Desktop\ramtin legion pc\article_project\data\raw\pdraw_spiral\test\parkinson\V06PE01.png,1,0.500653,1
pdraw_spiral,mobilenet_v3_large,clean,0,C:\Users\ramti\Desktop\ramtin legion pc\article_project\data\raw\pdraw_spiral\test\parkinson\V07PE01.png,1,0.550903,1
pdraw_spiral,mobilenet_v3_large,clean,0,C:\Users\ramti\Desktop\ramtin legion pc\article_project\data\raw\pdraw_spiral\test\parkinson\V08PE01.png,1,0.486197,0
pdraw_spiral,mobilenet_v3_large,clean,0,C:\Users\ramti\Desktop\ramtin legion pc\article_project\data\raw\pdraw_spiral\test\parkinson\V09PE01.png,1,0.515788,1
pdraw_spiral,mobilenet_v3_large,clean,0,C:\Users\ramti\Desktop\ramtin legion pc\article_project\data\raw\pdraw_spiral\test\parkinson\V10PE03.png,1,0.480122,0
pdraw_spiral,mobilenet_v3_large,clean,0,C:\Users\ramti\Desktop\ramtin legion pc\article_project\data\raw\pdraw_spiral\test\parkinson\V11PE03.png,1,0.506945,1
pdraw_spiral,mobilenet_v3_large,clean,0,C:\Users\ramti\Desktop\ramtin legion pc\article_project\data\raw\pdraw_spiral\test\parkinson\V14PE03.png,1,0.542046,1
pdraw_spiral,mobilenet_v3_large,clean,0,C:\Users\ramti\Desktop\ramtin legion pc\article_project\data\raw\pdraw_spiral\test\parkinson\V15PE01.png,1,0.487337,0
pdraw_spiral,mobilenet_v3_large,jpeg_compression,1,C:\Users\ramti\Desktop\ramtin legion pc\article_project\data\raw\pdraw_spiral\test\healthy\V01HE01.png,0,0.483016,0
pdraw_spiral,mobilenet_v3_large,jpeg_compression,1,C:\Users\ramti\Desktop\ramtin legion pc\article_project\data\raw\pdraw_spiral\test\healthy\V02HE01.png,0,0.517235,1
pdraw_spiral,mobilenet_v3_large,jpeg_compression,1,C:\Users\ramti\Desktop\ramtin legion pc\article_project\data\raw\pdraw_spiral\test\healthy\V03HE1.png,0,0.471623,0
pdraw_spiral,mobilenet_v3_large,jpeg_compression,1,C:\Users\ramti\Desktop\ramtin legion pc\article_project\data\raw\pdraw_spiral\test\healthy\V04HE01.png,0,0.474174,0
pdraw_spiral,mobilenet_v3_large,jpeg_compression,1,C:\Users\ramti\Desktop\ramtin legion pc\article_project\data\raw\pdraw_spiral\test\healthy\V05HE01.png,0,0.499647,0
pdraw_spiral,mobilenet_v3_large,jpeg_compression,1,C:\Users\ramti\Desktop\ramtin legion pc\article_project\data\raw\pdraw_spiral\test\healthy\V06HE01.png,0,0.482592,0
pdraw_spiral,mobilenet_v3_large,jpeg_compression,1,C:\Users\ramti\Desktop\ramtin legion pc\article_project\data\raw\pdraw_spiral\test\healthy\V07HE01.png,0,0.503120,1
pdraw_spiral,mobilenet_v3_large,jpeg_compression,1,C:\Users\ramti\Desktop\ramtin legion pc\article_project\data\raw\pdraw_spiral\test\healthy\V08HE01.png,0,0.492495,0
pdraw_spiral,mobilenet_v3_large,jpeg_compression,1,C:\Users\ramti\Desktop\ramtin legion pc\article_project\data\raw\pdraw_spiral\test\healthy\V09HE01.png,0,0.486435,0
pdraw_spiral,mobilenet_v3_large,jpeg_compression,1,C:\Users\ramti\Desktop\ramtin legion pc\article_project\data\raw\pdraw_spiral\test\healthy\V10HE01.png,0,0.486584,0
pdraw_spiral,mobilenet_v3_large,jpeg_compression,1,C:\Users\ramti\Desktop\ramtin legion pc\article_project\data\raw\pdraw_spiral\test\healthy\V11HE01.png,0,0.473939,0
pdraw_spiral,mobilenet_v3_large,jpeg_compression,1,C:\Users\ramti\Desktop\ramtin legion pc\article_project\data\raw\pdraw_spiral\test\healthy\V55HE12.png,0,0.480946,0
pdraw_spiral,mobilenet_v3_large,jpeg_compression,1,C:\Users\ramti\Desktop\ramtin legion pc\article_project\data\raw\pdraw_spiral\test\healthy\V55HE13.png,0,0.480447,0
pdraw_spiral,mobilenet_v3_large,jpeg_compression,1,C:\Users\ramti\Desktop\ramtin legion pc\article_project\data\raw\pdraw_spiral\test\healthy\V55HE14.png,0,0.468886,0
pdraw_spiral,mobilenet_v3_large,jpeg_compression,1,C:\Users\ramti\Desktop\ramtin legion pc\article_project\data\raw\pdraw_spiral\test\healthy\V55HE15.png,0,0.461883,0
pdraw_spiral,mobilenet_v3_large,jpeg_compression,1,C:\Users\ramti\Desktop\ramtin legion pc\article_project\data\raw\pdraw_spiral\test\parkinson\V01PE01.png,1,0.492748,0
pdraw_spiral,mobilenet_v3_large,jpeg_compression,1,C:\Users\ramti\Desktop\ramtin legion pc\article_project\data\raw\pdraw_spiral\test\parkinson\V02PE01.png,1,0.522326,1
pdraw_spiral,mobilenet_v3_large,jpeg_compression,1,C:\Users\ramti\Desktop\ramtin legion pc\article_project\data\raw\pdraw_spiral\test\parkinson\V03PE01.png,1,0.555925,1
pdraw_spiral,mobilenet_v3_large,jpeg_compression,1,C:\Users\ramti\Desktop\ramtin legion pc\article_project\data\raw\pdraw_spiral\test\parkinson\V03PE04.png,1,0.550720,1
pdraw_spiral,mobilenet_v3_large,jpeg_compression,1,C:\Users\ramti\Desktop\ramtin legion pc\article_project\data\raw\pdraw_spiral\test\parkinson\V03PE07.png,1,0.538648,1
pdraw_spiral,mobilenet_v3_large,jpeg_compression,1,C:\Users\ramti\Desktop\ramtin legion pc\article_project\data\raw\pdraw_spiral\test\parkinson\V04PE01.png,1,0.528135,1
pdraw_spiral,mobilenet_v3_large,jpeg_compression,1,C:\Users\ramti\Desktop\ramtin legion pc\article_project\data\raw\pdraw_spiral\test\parkinson\V05PE01.png,1,0.543919,1
pdraw_spiral,mobilenet_v3_large,jpeg_compression,1,C:\Users\ramti\Desktop\ramtin legion pc\article_project\data\raw\pdraw_spiral\test\parkinson\V06PE01.png,1,0.507276,1
pdraw_spiral,mobilenet_v3_large,jpeg_compression,1,C:\Users\ramti\Desktop\ramtin legion pc\article_project\data\raw\pdraw_spiral\test\parkinson\V07PE01.png,1,0.553867,1
pdraw_spiral,mobilenet_v3_large,jpeg_compression,1,C:\Users\ramti\Desktop\ramtin legion pc\article_project\data\raw\pdraw_spiral\test\parkinson\V08PE01.png,1,0.497848,0
pdraw_spiral,mobilenet_v3_large,jpeg_compression,1,C:\Users\ramti\Desktop\ramtin legion pc\article_project\data\raw\pdraw_spiral\test\parkinson\V09PE01.png,1,0.522723,1
pdraw_spiral,mobilenet_v3_large,jpeg_compression,1,C:\Users\ramti\Desktop\ramtin legion pc\article_project\data\raw\pdraw_spiral\test\parkinson\V10PE03.png,1,0.486718,0
pdraw_spiral,mobilenet_v3_large,jpeg_compression,1,C:\Users\ramti\Desktop\ramtin legion pc\article_project\data\raw\pdraw_spiral\test\parkinson\V11PE03.png,1,0.512351,1
pdraw_spiral,mobilenet_v3_large,jpeg_compression,1,C:\Users\ramti\Desktop\ramtin legion pc\article_project\data\raw\pdraw_spiral\test\parkinson\V14PE03.png,1,0.547595,1
pdraw_spiral,mobilenet_v3_large,jpeg_compression,1,C:\Users\ramti\Desktop\ramtin legion pc\article_project\data\raw\pdraw_spiral\test\parkinson\V15PE01.png,1,0.492600,0
pdraw_spiral,mobilenet_v3_large,jpeg_compression,2,C:\Users\ramti\Desktop\ramtin legion pc\article_project\data\raw\pdraw_spiral\test\healthy\V01HE01.png,0,0.477576,0
pdraw_spiral,mobilenet_v3_large,jpeg_compression,2,C:\Users\ramti\Desktop\ramtin legion pc\article_project\data\raw\pdraw_spiral\test\healthy\V02HE01.png,0,0.501895,1
pdraw_spiral,mobilenet_v3_large,jpeg_compression,2,C:\Users\ramti\Desktop\ramtin legion pc\article_project\data\raw\pdraw_spiral\test\healthy\V03HE1.png,0,0.477359,0
pdraw_spiral,mobilenet_v3_large,jpeg_compression,2,C:\Users\ramti\Desktop\ramtin legion pc\article_project\data\raw\pdraw_spiral\test\healthy\V04HE01.png,0,0.480244,0
pdraw_spiral,mobilenet_v3_large,jpeg_compression,2,C:\Users\ramti\Desktop\ramtin legion pc\article_project\data\raw\pdraw_spiral\test\healthy\V05HE01.png,0,0.507799,1
pdraw_spiral,mobilenet_v3_large,jpeg_compression,2,C:\Users\ramti\Desktop\ramtin legion pc\article_project\data\raw\pdraw_spiral\test\healthy\V06HE01.png,0,0.480298,0
pdraw_spiral,mobilenet_v3_large,jpeg_compression,2,C:\Users\ramti\Desktop\ramtin legion pc\article_project\data\raw\pdraw_spiral\test\healthy\V07HE01.png,0,0.504673,1
pdraw_spiral,mobilenet_v3_large,jpeg_compression,2,C:\Users\ramti\Desktop\ramtin legion pc\article_project\data\raw\pdraw_spiral\test\healthy\V08HE01.png,0,0.495106,0
pdraw_spiral,mobilenet_v3_large,jpeg_compression,2,C:\Users\ramti\Desktop\ramtin legion pc\article_project\data\raw\pdraw_spiral\test\healthy\V09HE01.png,0,0.489771,0
pdraw_spiral,mobilenet_v3_large,jpeg_compression,2,C:\Users\ramti\Desktop\ramtin legion pc\article_project\data\raw\pdraw_spiral\test\healthy\V10HE01.png,0,0.490837,0
pdraw_spiral,mobilenet_v3_large,jpeg_compression,2,C:\Users\ramti\Desktop\ramtin legion pc\article_project\data\raw\pdraw_spiral\test\healthy\V11HE01.png,0,0.482568,0
pdraw_spiral,mobilenet_v3_large,jpeg_compression,2,C:\Users\ramti\Desktop\ramtin legion pc\article_project\data\raw\pdraw_spiral\test\healthy\V55HE12.png,0,0.485868,0
pdraw_spiral,mobilenet_v3_large,jpeg_compression,2,C:\Users\ramti\Desktop\ramtin legion pc\article_project\data\raw\pdraw_spiral\test\healthy\V55HE13.png,0,0.485302,0
pdraw_spiral,mobilenet_v3_large,jpeg_compression,2,C:\Users\ramti\Desktop\ramtin legion pc\article_project\data\raw\pdraw_spiral\test\healthy\V55HE14.png,0,0.479389,0
pdraw_spiral,mobilenet_v3_large,jpeg_compression,2,C:\Users\ramti\Desktop\ramtin legion pc\article_project\data\raw\pdraw_spiral\test\healthy\V55HE15.png,0,0.474593,0
pdraw_spiral,mobilenet_v3_large,jpeg_compression,2,C:\Users\ramti\Desktop\ramtin legion pc\article_project\data\raw\pdraw_spiral\test\parkinson\V01PE01.png,1,0.493605,0
pdraw_spiral,mobilenet_v3_large,jpeg_compression,2,C:\Users\ramti\Desktop\ramtin legion pc\article_project\data\raw\pdraw_spiral\test\parkinson\V02PE01.png,1,0.517743,1
pdraw_spiral,mobilenet_v3_large,jpeg_compression,2,C:\Users\ramti\Desktop\ramtin legion pc\article_project\data\raw\pdraw_spiral\test\parkinson\V03PE01.png,1,0.550597,1
pdraw_spiral,mobilenet_v3_large,jpeg_compression,2,C:\Users\ramti\Desktop\ramtin legion pc\article_project\data\raw\pdraw_spiral\test\parkinson\V03PE04.png,1,0.552889,1
pdraw_spiral,mobilenet_v3_large,jpeg_compression,2,C:\Users\ramti\Desktop\ramtin legion pc\article_project\data\raw\pdraw_spiral\test\parkinson\V03PE07.png,1,0.523967,1
pdraw_spiral,mobilenet_v3_large,jpeg_compression,2,C:\Users\ramti\Desktop\ramtin legion pc\article_project\data\raw\pdraw_spiral\test\parkinson\V04PE01.png,1,0.527624,1
pdraw_spiral,mobilenet_v3_large,jpeg_compression,2,C:\Users\ramti\Desktop\ramtin legion pc\article_project\data\raw\pdraw_spiral\test\parkinson\V05PE01.png,1,0.537160,1
pdraw_spiral,mobilenet_v3_large,jpeg_compression,2,C:\Users\ramti\Desktop\ramtin legion pc\article_project\data\raw\pdraw_spiral\test\parkinson\V06PE01.png,1,0.500686,1
pdraw_spiral,mobilenet_v3_large,jpeg_compression,2,C:\Users\ramti\Desktop\ramtin legion pc\article_project\data\raw\pdraw_spiral\test\parkinson\V07PE01.png,1,0.547316,1
pdraw_spiral,mobilenet_v3_large,jpeg_compression,2,C:\Users\ramti\Desktop\ramtin legion pc\article_project\data\raw\pdraw_spiral\test\parkinson\V08PE01.png,1,0.500029,1
pdraw_spiral,mobilenet_v3_large,jpeg_compression,2,C:\Users\ramti\Desktop\ramtin legion pc\article_project\data\raw\pdraw_spiral\test\parkinson\V09PE01.png,1,0.525471,1
pdraw_spiral,mobilenet_v3_large,jpeg_compression,2,C:\Users\ramti\Desktop\ramtin legion pc\article_project\data\raw\pdraw_spiral\test\parkinson\V10PE03.png,1,0.499387,0
pdraw_spiral,mobilenet_v3_large,jpeg_compression,2,C:\Users\ramti\Desktop\ramtin legion pc\article_project\data\raw\pdraw_spiral\test\parkinson\V11PE03.png,1,0.505778,1
pdraw_spiral,mobilenet_v3_large,jpeg_compression,2,C:\Users\ramti\Desktop\ramtin legion pc\article_project\data\raw\pdraw_spiral\test\parkinson\V14PE03.png,1,0.548608,1
pdraw_spiral,mobilenet_v3_large,jpeg_compression,2,C:\Users\ramti\Desktop\ramtin legion pc\article_project\data\raw\pdraw_spiral\test\parkinson\V15PE01.png,1,0.497280,0
pdraw_spiral,mobilenet_v3_large,jpeg_compression,3,C:\Users\ramti\Desktop\ramtin legion pc\article_project\data\raw\pdraw_spiral\test\healthy\V01HE01.png,0,0.485927,0
pdraw_spiral,mobilenet_v3_large,jpeg_compression,3,C:\Users\ramti\Desktop\ramtin legion pc\article_project\data\raw\pdraw_spiral\test\healthy\V02HE01.png,0,0.501045,1
pdraw_spiral,mobilenet_v3_large,jpeg_compression,3,C:\Users\ramti\Desktop\ramtin legion pc\article_project\data\raw\pdraw_spiral\test\healthy\V03HE1.png,0,0.481150,0
pdraw_spiral,mobilenet_v3_large,jpeg_compression,3,C:\Users\ramti\Desktop\ramtin legion pc\article_project\data\raw\pdraw_spiral\test\healthy\V04HE01.png,0,0.481825,0
pdraw_spiral,mobilenet_v3_large,jpeg_compression,3,C:\Users\ramti\Desktop\ramtin legion pc\article_project\data\raw\pdraw_spiral\test\healthy\V05HE01.png,0,0.518872,1
pdraw_spiral,mobilenet_v3_large,jpeg_compression,3,C:\Users\ramti\Desktop\ramtin legion pc\article_project\data\raw\pdraw_spiral\test\healthy\V06HE01.png,0,0.482738,0
pdraw_spiral,mobilenet_v3_large,jpeg_compression,3,C:\Users\ramti\Desktop\ramtin legion pc\article_project\data\raw\pdraw_spiral\test\healthy\V07HE01.png,0,0.510113,1
pdraw_spiral,mobilenet_v3_large,jpeg_compression,3,C:\Users\ramti\Desktop\ramtin legion pc\article_project\data\raw\pdraw_spiral\test\healthy\V08HE01.png,0,0.502885,1
pdraw_spiral,mobilenet_v3_large,jpeg_compression,3,C:\Users\ramti\Desktop\ramtin legion pc\article_project\data\raw\pdraw_spiral\test\healthy\V09HE01.png,0,0.499174,0
pdraw_spiral,mobilenet_v3_large,jpeg_compression,3,C:\Users\ramti\Desktop\ramtin legion pc\article_project\data\raw\pdraw_spiral\test\healthy\V10HE01.png,0,0.498985,0
pdraw_spiral,mobilenet_v3_large,jpeg_compression,3,C:\Users\ramti\Desktop\ramtin legion pc\article_project\data\raw\pdraw_spiral\test\healthy\V11HE01.png,0,0.494424,0
pdraw_spiral,mobilenet_v3_large,jpeg_compression,3,C:\Users\ramti\Desktop\ramtin legion pc\article_project\data\raw\pdraw_spiral\test\healthy\V55HE12.png,0,0.491764,0
pdraw_spiral,mobilenet_v3_large,jpeg_compression,3,C:\Users\ramti\Desktop\ramtin legion pc\article_project\data\raw\pdraw_spiral\test\healthy\V55HE13.png,0,0.500361,1
pdraw_spiral,mobilenet_v3_large,jpeg_compression,3,C:\Users\ramti\Desktop\ramtin legion pc\article_project\data\raw\pdraw_spiral\test\healthy\V55HE14.png,0,0.488894,0
pdraw_spiral,mobilenet_v3_large,jpeg_compression,3,C:\Users\ramti\Desktop\ramtin legion pc\article_project\data\raw\pdraw_spiral\test\healthy\V55HE15.png,0,0.488778,0
pdraw_spiral,mobilenet_v3_large,jpeg_compression,3,C:\Users\ramti\Desktop\ramtin legion pc\article_project\data\raw\pdraw_spiral\test\parkinson\V01PE01.png,1,0.505587,1
pdraw_spiral,mobilenet_v3_large,jpeg_compression,3,C:\Users\ramti\Desktop\ramtin legion pc\article_project\data\raw\pdraw_spiral\test\parkinson\V02PE01.png,1,0.520418,1
pdraw_spiral,mobilenet_v3_large,jpeg_compression,3,C:\Users\ramti\Desktop\ramtin legion pc\article_project\data\raw\pdraw_spiral\test\parkinson\V03PE01.png,1,0.550215,1
pdraw_spiral,mobilenet_v3_large,jpeg_compression,3,C:\Users\ramti\Desktop\ramtin legion pc\article_project\data\raw\pdraw_spiral\test\parkinson\V03PE04.png,1,0.555002,1
pdraw_spiral,mobilenet_v3_large,jpeg_compression,3,C:\Users\ramti\Desktop\ramtin legion pc\article_project\data\raw\pdraw_spiral\test\parkinson\V03PE07.png,1,0.526009,1
pdraw_spiral,mobilenet_v3_large,jpeg_compression,3,C:\Users\ramti\Desktop\ramtin legion pc\article_project\data\raw\pdraw_spiral\test\parkinson\V04PE01.png,1,0.522284,1
pdraw_spiral,mobilenet_v3_large,jpeg_compression,3,C:\Users\ramti\Desktop\ramtin legion pc\article_project\data\raw\pdraw_spiral\test\parkinson\V05PE01.png,1,0.537999,1
pdraw_spiral,mobilenet_v3_large,jpeg_compression,3,C:\Users\ramti\Desktop\ramtin legion pc\article_project\data\raw\pdraw_spiral\test\parkinson\V06PE01.png,1,0.519862,1
pdraw_spiral,mobilenet_v3_large,jpeg_compression,3,C:\Users\ramti\Desktop\ramtin legion pc\article_project\data\raw\pdraw_spiral\test\parkinson\V07PE01.png,1,0.537694,1
pdraw_spiral,mobilenet_v3_large,jpeg_compression,3,C:\Users\ramti\Desktop\ramtin legion pc\article_project\data\raw\pdraw_spiral\test\parkinson\V08PE01.png,1,0.510936,1
pdraw_spiral,mobilenet_v3_large,jpeg_compression,3,C:\Users\ramti\Desktop\ramtin legion pc\article_project\data\raw\pdraw_spiral\test\parkinson\V09PE01.png,1,0.524879,1
pdraw_spiral,mobilenet_v3_large,jpeg_compression,3,C:\Users\ramti\Desktop\ramtin legion pc\article_project\data\raw\pdraw_spiral\test\parkinson\V10PE03.png,1,0.506397,1
pdraw_spiral,mobilenet_v3_large,jpeg_compression,3,C:\Users\ramti\Desktop\ramtin legion pc\article_project\data\raw\pdraw_spiral\test\parkinson\V11PE03.png,1,0.512333,1
pdraw_spiral,mobilenet_v3_large,jpeg_compression,3,C:\Users\ramti\Desktop\ramtin legion pc\article_project\data\raw\pdraw_spiral\test\parkinson\V14PE03.png,1,0.542342,1
pdraw_spiral,mobilenet_v3_large,jpeg_compression,3,C:\Users\ramti\Desktop\ramtin legion pc\article_project\data\raw\pdraw_spiral\test\parkinson\V15PE01.png,1,0.503396,1
pdraw_spiral,mobilenet_v3_large,jpeg_compression,4,C:\Users\ramti\Desktop\ramtin legion pc\article_project\data\raw\pdraw_spiral\test\healthy\V01HE01.png,0,0.499867,0
pdraw_spiral,mobilenet_v3_large,jpeg_compression,4,C:\Users\ramti\Desktop\ramtin legion pc\article_project\data\raw\pdraw_spiral\test\healthy\V02HE01.png,0,0.514092,1
pdraw_spiral,mobilenet_v3_large,jpeg_compression,4,C:\Users\ramti\Desktop\ramtin legion pc\article_project\data\raw\pdraw_spiral\test\healthy\V03HE1.png,0,0.487396,0
pdraw_spiral,mobilenet_v3_large,jpeg_compression,4,C:\Users\ramti\Desktop\ramtin legion pc\article_project\data\raw\pdraw_spiral\test\healthy\V04HE01.png,0,0.485383,0
pdraw_spiral,mobilenet_v3_large,jpeg_compression,4,C:\Users\ramti\Desktop\ramtin legion pc\article_project\data\raw\pdraw_spiral\test\healthy\V05HE01.png,0,0.517021,1
pdraw_spiral,mobilenet_v3_large,jpeg_compression,4,C:\Users\ramti\Desktop\ramtin legion pc\article_project\data\raw\pdraw_spiral\test\healthy\V06HE01.png,0,0.503116,1
pdraw_spiral,mobilenet_v3_large,jpeg_compression,4,C:\Users\ramti\Desktop\ramtin legion pc\article_project\data\raw\pdraw_spiral\test\healthy\V07HE01.png,0,0.510296,1
pdraw_spiral,mobilenet_v3_large,jpeg_compression,4,C:\Users\ramti\Desktop\ramtin legion pc\article_project\data\raw\pdraw_spiral\test\healthy\V08HE01.png,0,0.512828,1
pdraw_spiral,mobilenet_v3_large,jpeg_compression,4,C:\Users\ramti\Desktop\ramtin legion pc\article_project\data\raw\pdraw_spiral\test\healthy\V09HE01.png,0,0.498999,0
pdraw_spiral,mobilenet_v3_large,jpeg_compression,4,C:\Users\ramti\Desktop\ramtin legion pc\article_project\data\raw\pdraw_spiral\test\healthy\V10HE01.png,0,0.503141,1
pdraw_spiral,mobilenet_v3_large,jpeg_compression,4,C:\Users\ramti\Desktop\ramtin legion pc\article_project\data\raw\pdraw_spiral\test\healthy\V11HE01.png,0,0.506076,1
pdraw_spiral,mobilenet_v3_large,jpeg_compression,4,C:\Users\ramti\Desktop\ramtin legion pc\article_project\data\raw\pdraw_spiral\test\healthy\V55HE12.png,0,0.499211,0
pdraw_spiral,mobilenet_v3_large,jpeg_compression,4,C:\Users\ramti\Desktop\ramtin legion pc\article_project\data\raw\pdraw_spiral\test\healthy\V55HE13.png,0,0.507379,1
pdraw_spiral,mobilenet_v3_large,jpeg_compression,4,C:\Users\ramti\Desktop\ramtin legion pc\article_project\data\raw\pdraw_spiral\test\healthy\V55HE14.png,0,0.494357,0
pdraw_spiral,mobilenet_v3_large,jpeg_compression,4,C:\Users\ramti\Desktop\ramtin legion pc\article_project\data\raw\pdraw_spiral\test\healthy\V55HE15.png,0,0.497150,0
pdraw_spiral,mobilenet_v3_large,jpeg_compression,4,C:\Users\ramti\Desktop\ramtin legion pc\article_project\data\raw\pdraw_spiral\test\parkinson\V01PE01.png,1,0.516789,1
pdraw_spiral,mobilenet_v3_large,jpeg_compression,4,C:\Users\ramti\Desktop\ramtin legion pc\article_project\data\raw\pdraw_spiral\test\parkinson\V02PE01.png,1,0.527443,1
pdraw_spiral,mobilenet_v3_large,jpeg_compression,4,C:\Users\ramti\Desktop\ramtin legion pc\article_project\data\raw\pdraw_spiral\test\parkinson\V03PE01.png,1,0.542193,1
pdraw_spiral,mobilenet_v3_large,jpeg_compression,4,C:\Users\ramti\Desktop\ramtin legion pc\article_project\data\raw\pdraw_spiral\test\parkinson\V03PE04.png,1,0.546983,1
pdraw_spiral,mobilenet_v3_large,jpeg_compression,4,C:\Users\ramti\Desktop\ramtin legion pc\article_project\data\raw\pdraw_spiral\test\parkinson\V03PE07.png,1,0.530799,1
pdraw_spiral,mobilenet_v3_large,jpeg_compression,4,C:\Users\ramti\Desktop\ramtin legion pc\article_project\data\raw\pdraw_spiral\test\parkinson\V04PE01.png,1,0.530172,1
pdraw_spiral,mobilenet_v3_large,jpeg_compression,4,C:\Users\ramti\Desktop\ramtin legion pc\article_project\data\raw\pdraw_spiral\test\parkinson\V05PE01.png,1,0.534433,1
pdraw_spiral,mobilenet_v3_large,jpeg_compression,4,C:\Users\ramti\Desktop\ramtin legion pc\article_project\data\raw\pdraw_spiral\test\parkinson\V06PE01.png,1,0.516933,1
pdraw_spiral,mobilenet_v3_large,jpeg_compression,4,C:\Users\ramti\Desktop\ramtin legion pc\article_project\data\raw\pdraw_spiral\test\parkinson\V07PE01.png,1,0.531076,1
pdraw_spiral,mobilenet_v3_large,jpeg_compression,4,C:\Users\ramti\Desktop\ramtin legion pc\article_project\data\raw\pdraw_spiral\test\parkinson\V08PE01.png,1,0.513493,1
pdraw_spiral,mobilenet_v3_large,jpeg_compression,4,C:\Users\ramti\Desktop\ramtin legion pc\article_project\data\raw\pdraw_spiral\test\parkinson\V09PE01.png,1,0.531900,1
pdraw_spiral,mobilenet_v3_large,jpeg_compression,4,C:\Users\ramti\Desktop\ramtin legion pc\article_project\data\raw\pdraw_spiral\test\parkinson\V10PE03.png,1,0.509600,1
pdraw_spiral,mobilenet_v3_large,jpeg_compression,4,C:\Users\ramti\Desktop\ramtin legion pc\article_project\data\raw\pdraw_spiral\test\parkinson\V11PE03.png,1,0.520561,1
pdraw_spiral,mobilenet_v3_large,jpeg_compression,4,C:\Users\ramti\Desktop\ramtin legion pc\article_project\data\raw\pdraw_spiral\test\parkinson\V14PE03.png,1,0.541315,1
pdraw_spiral,mobilenet_v3_large,jpeg_compression,4,C:\Users\ramti\Desktop\ramtin legion pc\article_project\data\raw\pdraw_spiral\test\parkinson\V15PE01.png,1,0.513426,1
pdraw_spiral,mobilenet_v3_large,jpeg_compression,5,C:\Users\ramti\Desktop\ramtin legion pc\article_project\data\raw\pdraw_spiral\test\healthy\V01HE01.png,0,0.509396,1
pdraw_spiral,mobilenet_v3_large,jpeg_compression,5,C:\Users\ramti\Desktop\ramtin legion pc\article_project\data\raw\pdraw_spiral\test\healthy\V02HE01.png,0,0.505322,1
pdraw_spiral,mobilenet_v3_large,jpeg_compression,5,C:\Users\ramti\Desktop\ramtin legion pc\article_project\data\raw\pdraw_spiral\test\healthy\V03HE1.png,0,0.508718,1
pdraw_spiral,mobilenet_v3_large,jpeg_compression,5,C:\Users\ramti\Desktop\ramtin legion pc\article_project\data\raw\pdraw_spiral\test\healthy\V04HE01.png,0,0.499943,0
pdraw_spiral,mobilenet_v3_large,jpeg_compression,5,C:\Users\ramti\Desktop\ramtin legion pc\article_project\data\raw\pdraw_spiral\test\healthy\V05HE01.png,0,0.525555,1
pdraw_spiral,mobilenet_v3_large,jpeg_compression,5,C:\Users\ramti\Desktop\ramtin legion pc\article_project\data\raw\pdraw_spiral\test\healthy\V06HE01.png,0,0.484244,0
pdraw_spiral,mobilenet_v3_large,jpeg_compression,5,C:\Users\ramti\Desktop\ramtin legion pc\article_project\data\raw\pdraw_spiral\test\healthy\V07HE01.png,0,0.522258,1
pdraw_spiral,mobilenet_v3_large,jpeg_compression,5,C:\Users\ramti\Desktop\ramtin legion pc\article_project\data\raw\pdraw_spiral\test\healthy\V08HE01.png,0,0.519676,1
pdraw_spiral,mobilenet_v3_large,jpeg_compression,5,C:\Users\ramti\Desktop\ramtin legion pc\article_project\data\raw\pdraw_spiral\test\healthy\V09HE01.png,0,0.505787,1
pdraw_spiral,mobilenet_v3_large,jpeg_compression,5,C:\Users\ramti\Desktop\ramtin legion pc\article_project\data\raw\pdraw_spiral\test\healthy\V10HE01.png,0,0.493808,0
pdraw_spiral,mobilenet_v3_large,jpeg_compression,5,C:\Users\ramti\Desktop\ramtin legion pc\article_project\data\raw\pdraw_spiral\test\healthy\V11HE01.png,0,0.510629,1
pdraw_spiral,mobilenet_v3_large,jpeg_compression,5,C:\Users\ramti\Desktop\ramtin legion pc\article_project\data\raw\pdraw_spiral\test\healthy\V55HE12.png,0,0.497493,0
pdraw_spiral,mobilenet_v3_large,jpeg_compression,5,C:\Users\ramti\Desktop\ramtin legion pc\article_project\data\raw\pdraw_spiral\test\healthy\V55HE13.png,0,0.521107,1
pdraw_spiral,mobilenet_v3_large,jpeg_compression,5,C:\Users\ramti\Desktop\ramtin legion pc\article_project\data\raw\pdraw_spiral\test\healthy\V55HE14.png,0,0.504416,1
pdraw_spiral,mobilenet_v3_large,jpeg_compression,5,C:\Users\ramti\Desktop\ramtin legion pc\article_project\data\raw\pdraw_spiral\test\healthy\V55HE15.png,0,0.504126,1
pdraw_spiral,mobilenet_v3_large,jpeg_compression,5,C:\Users\ramti\Desktop\ramtin legion pc\article_project\data\raw\pdraw_spiral\test\parkinson\V01PE01.png,1,0.508043,1
pdraw_spiral,mobilenet_v3_large,jpeg_compression,5,C:\Users\ramti\Desktop\ramtin legion pc\article_project\data\raw\pdraw_spiral\test\parkinson\V02PE01.png,1,0.526605,1
pdraw_spiral,mobilenet_v3_large,jpeg_compression,5,C:\Users\ramti\Desktop\ramtin legion pc\article_project\data\raw\pdraw_spiral\test\parkinson\V03PE01.png,1,0.530049,1
pdraw_spiral,mobilenet_v3_large,jpeg_compression,5,C:\Users\ramti\Desktop\ramtin legion pc\article_project\data\raw\pdraw_spiral\test\parkinson\V03PE04.png,1,0.531801,1
pdraw_spiral,mobilenet_v3_large,jpeg_compression,5,C:\Users\ramti\Desktop\ramtin legion pc\article_project\data\raw\pdraw_spiral\test\parkinson\V03PE07.png,1,0.523325,1
pdraw_spiral,mobilenet_v3_large,jpeg_compression,5,C:\Users\ramti\Desktop\ramtin legion pc\article_project\data\raw\pdraw_spiral\test\parkinson\V04PE01.png,1,0.537425,1
pdraw_spiral,mobilenet_v3_large,jpeg_compression,5,C:\Users\ramti\Desktop\ramtin legion pc\article_project\data\raw\pdraw_spiral\test\parkinson\V05PE01.png,1,0.520043,1
pdraw_spiral,mobilenet_v3_large,jpeg_compression,5,C:\Users\ramti\Desktop\ramtin legion pc\article_project\data\raw\pdraw_spiral\test\parkinson\V06PE01.png,1,0.519109,1
pdraw_spiral,mobilenet_v3_large,jpeg_compression,5,C:\Users\ramti\Desktop\ramtin legion pc\article_project\data\raw\pdraw_spiral\test\parkinson\V07PE01.png,1,0.527758,1
pdraw_spiral,mobilenet_v3_large,jpeg_compression,5,C:\Users\ramti\Desktop\ramtin legion pc\article_project\data\raw\pdraw_spiral\test\parkinson\V08PE01.png,1,0.540486,1
pdraw_spiral,mobilenet_v3_large,jpeg_compression,5,C:\Users\ramti\Desktop\ramtin legion pc\article_project\data\raw\pdraw_spiral\test\parkinson\V09PE01.png,1,0.537307,1
pdraw_spiral,mobilenet_v3_large,jpeg_compression,5,C:\Users\ramti\Desktop\ramtin legion pc\article_project\data\raw\pdraw_spiral\test\parkinson\V10PE03.png,1,0.512342,1
pdraw_spiral,mobilenet_v3_large,jpeg_compression,5,C:\Users\ramti\Desktop\ramtin legion pc\article_project\data\raw\pdraw_spiral\test\parkinson\V11PE03.png,1,0.524105,1
pdraw_spiral,mobilenet_v3_large,jpeg_compression,5,C:\Users\ramti\Desktop\ramtin legion pc\article_project\data\raw\pdraw_spiral\test\parkinson\V14PE03.png,1,0.534462,1
pdraw_spiral,mobilenet_v3_large,jpeg_compression,5,C:\Users\ramti\Desktop\ramtin legion pc\article_project\data\raw\pdraw_spiral\test\parkinson\V15PE01.png,1,0.515309,1
pdraw_spiral,mobilenet_v3_large,gaussian_blur,1,C:\Users\ramti\Desktop\ramtin legion pc\article_project\data\raw\pdraw_spiral\test\healthy\V01HE01.png,0,0.463827,0
pdraw_spiral,mobilenet_v3_large,gaussian_blur,1,C:\Users\ramti\Desktop\ramtin legion pc\article_project\data\raw\pdraw_spiral\test\healthy\V02HE01.png,0,0.494032,0
pdraw_spiral,mobilenet_v3_large,gaussian_blur,1,C:\Users\ramti\Desktop\ramtin legion pc\article_project\data\raw\pdraw_spiral\test\healthy\V03HE1.png,0,0.465045,0
pdraw_spiral,mobilenet_v3_large,gaussian_blur,1,C:\Users\ramti\Desktop\ramtin legion pc\article_project\data\raw\pdraw_spiral\test\healthy\V04HE01.png,0,0.463862,0
pdraw_spiral,mobilenet_v3_large,gaussian_blur,1,C:\Users\ramti\Desktop\ramtin legion pc\article_project\data\raw\pdraw_spiral\test\healthy\V05HE01.png,0,0.484801,0
pdraw_spiral,mobilenet_v3_large,gaussian_blur,1,C:\Users\ramti\Desktop\ramtin legion pc\article_project\data\raw\pdraw_spiral\test\healthy\V06HE01.png,0,0.472665,0
pdraw_spiral,mobilenet_v3_large,gaussian_blur,1,C:\Users\ramti\Desktop\ramtin legion pc\article_project\data\raw\pdraw_spiral\test\healthy\V07HE01.png,0,0.488952,0
pdraw_spiral,mobilenet_v3_large,gaussian_blur,1,C:\Users\ramti\Desktop\ramtin legion pc\article_project\data\raw\pdraw_spiral\test\healthy\V08HE01.png,0,0.471146,0
pdraw_spiral,mobilenet_v3_large,gaussian_blur,1,C:\Users\ramti\Desktop\ramtin legion pc\article_project\data\raw\pdraw_spiral\test\healthy\V09HE01.png,0,0.468881,0
pdraw_spiral,mobilenet_v3_large,gaussian_blur,1,C:\Users\ramti\Desktop\ramtin legion pc\article_project\data\raw\pdraw_spiral\test\healthy\V10HE01.png,0,0.465815,0
pdraw_spiral,mobilenet_v3_large,gaussian_blur,1,C:\Users\ramti\Desktop\ramtin legion pc\article_project\data\raw\pdraw_spiral\test\healthy\V11HE01.png,0,0.475530,0
pdraw_spiral,mobilenet_v3_large,gaussian_blur,1,C:\Users\ramti\Desktop\ramtin legion pc\article_project\data\raw\pdraw_spiral\test\healthy\V55HE12.png,0,0.465674,0
pdraw_spiral,mobilenet_v3_large,gaussian_blur,1,C:\Users\ramti\Desktop\ramtin legion pc\article_project\data\raw\pdraw_spiral\test\healthy\V55HE13.png,0,0.463013,0
pdraw_spiral,mobilenet_v3_large,gaussian_blur,1,C:\Users\ramti\Desktop\ramtin legion pc\article_project\data\raw\pdraw_spiral\test\healthy\V55HE14.png,0,0.462715,0
pdraw_spiral,mobilenet_v3_large,gaussian_blur,1,C:\Users\ramti\Desktop\ramtin legion pc\article_project\data\raw\pdraw_spiral\test\healthy\V55HE15.png,0,0.456386,0
pdraw_spiral,mobilenet_v3_large,gaussian_blur,1,C:\Users\ramti\Desktop\ramtin legion pc\article_project\data\raw\pdraw_spiral\test\parkinson\V01PE01.png,1,0.477627,0
pdraw_spiral,mobilenet_v3_large,gaussian_blur,1,C:\Users\ramti\Desktop\ramtin legion pc\article_project\data\raw\pdraw_spiral\test\parkinson\V02PE01.png,1,0.518207,1
pdraw_spiral,mobilenet_v3_large,gaussian_blur,1,C:\Users\ramti\Desktop\ramtin legion pc\article_project\data\raw\pdraw_spiral\test\parkinson\V03PE01.png,1,0.553458,1
pdraw_spiral,mobilenet_v3_large,gaussian_blur,1,C:\Users\ramti\Desktop\ramtin legion pc\article_project\data\raw\pdraw_spiral\test\parkinson\V03PE04.png,1,0.547523,1
pdraw_spiral,mobilenet_v3_large,gaussian_blur,1,C:\Users\ramti\Desktop\ramtin legion pc\article_project\data\raw\pdraw_spiral\test\parkinson\V03PE07.png,1,0.534217,1
pdraw_spiral,mobilenet_v3_large,gaussian_blur,1,C:\Users\ramti\Desktop\ramtin legion pc\article_project\data\raw\pdraw_spiral\test\parkinson\V04PE01.png,1,0.513342,1
pdraw_spiral,mobilenet_v3_large,gaussian_blur,1,C:\Users\ramti\Desktop\ramtin legion pc\article_project\data\raw\pdraw_spiral\test\parkinson\V05PE01.png,1,0.535994,1
pdraw_spiral,mobilenet_v3_large,gaussian_blur,1,C:\Users\ramti\Desktop\ramtin legion pc\article_project\data\raw\pdraw_spiral\test\parkinson\V06PE01.png,1,0.490010,0
pdraw_spiral,mobilenet_v3_large,gaussian_blur,1,C:\Users\ramti\Desktop\ramtin legion pc\article_project\data\raw\pdraw_spiral\test\parkinson\V07PE01.png,1,0.532460,1
pdraw_spiral,mobilenet_v3_large,gaussian_blur,1,C:\Users\ramti\Desktop\ramtin legion pc\article_project\data\raw\pdraw_spiral\test\parkinson\V08PE01.png,1,0.476585,0
pdraw_spiral,mobilenet_v3_large,gaussian_blur,1,C:\Users\ramti\Desktop\ramtin legion pc\article_project\data\raw\pdraw_spiral\test\parkinson\V09PE01.png,1,0.510237,1
pdraw_spiral,mobilenet_v3_large,gaussian_blur,1,C:\Users\ramti\Desktop\ramtin legion pc\article_project\data\raw\pdraw_spiral\test\parkinson\V10PE03.png,1,0.476974,0
pdraw_spiral,mobilenet_v3_large,gaussian_blur,1,C:\Users\ramti\Desktop\ramtin legion pc\article_project\data\raw\pdraw_spiral\test\parkinson\V11PE03.png,1,0.490441,0
pdraw_spiral,mobilenet_v3_large,gaussian_blur,1,C:\Users\ramti\Desktop\ramtin legion pc\article_project\data\raw\pdraw_spiral\test\parkinson\V14PE03.png,1,0.533848,1
pdraw_spiral,mobilenet_v3_large,gaussian_blur,1,C:\Users\ramti\Desktop\ramtin legion pc\article_project\data\raw\pdraw_spiral\test\parkinson\V15PE01.png,1,0.487393,0
pdraw_spiral,mobilenet_v3_large,gaussian_blur,2,C:\Users\ramti\Desktop\ramtin legion pc\article_project\data\raw\pdraw_spiral\test\healthy\V01HE01.png,0,0.472977,0
pdraw_spiral,mobilenet_v3_large,gaussian_blur,2,C:\Users\ramti\Desktop\ramtin legion pc\article_project\data\raw\pdraw_spiral\test\healthy\V02HE01.png,0,0.490640,0
pdraw_spiral,mobilenet_v3_large,gaussian_blur,2,C:\Users\ramti\Desktop\ramtin legion pc\article_project\data\raw\pdraw_spiral\test\healthy\V03HE1.png,0,0.473079,0
pdraw_spiral,mobilenet_v3_large,gaussian_blur,2,C:\Users\ramti\Desktop\ramtin legion pc\article_project\data\raw\pdraw_spiral\test\healthy\V04HE01.png,0,0.468764,0
pdraw_spiral,mobilenet_v3_large,gaussian_blur,2,C:\Users\ramti\Desktop\ramtin legion pc\article_project\data\raw\pdraw_spiral\test\healthy\V05HE01.png,0,0.492693,0
pdraw_spiral,mobilenet_v3_large,gaussian_blur,2,C:\Users\ramti\Desktop\ramtin legion pc\article_project\data\raw\pdraw_spiral\test\healthy\V06HE01.png,0,0.471071,0
pdraw_spiral,mobilenet_v3_large,gaussian_blur,2,C:\Users\ramti\Desktop\ramtin legion pc\article_project\data\raw\pdraw_spiral\test\healthy\V07HE01.png,0,0.490250,0
pdraw_spiral,mobilenet_v3_large,gaussian_blur,2,C:\Users\ramti\Desktop\ramtin legion pc\article_project\data\raw\pdraw_spiral\test\healthy\V08HE01.png,0,0.477021,0
pdraw_spiral,mobilenet_v3_large,gaussian_blur,2,C:\Users\ramti\Desktop\ramtin legion pc\article_project\data\raw\pdraw_spiral\test\healthy\V09HE01.png,0,0.476112,0
pdraw_spiral,mobilenet_v3_large,gaussian_blur,2,C:\Users\ramti\Desktop\ramtin legion pc\article_project\data\raw\pdraw_spiral\test\healthy\V10HE01.png,0,0.461382,0
pdraw_spiral,mobilenet_v3_large,gaussian_blur,2,C:\Users\ramti\Desktop\ramtin legion pc\article_project\data\raw\pdraw_spiral\test\healthy\V11HE01.png,0,0.474819,0
pdraw_spiral,mobilenet_v3_large,gaussian_blur,2,C:\Users\ramti\Desktop\ramtin legion pc\article_project\data\raw\pdraw_spiral\test\healthy\V55HE12.png,0,0.463020,0
pdraw_spiral,mobilenet_v3_large,gaussian_blur,2,C:\Users\ramti\Desktop\ramtin legion pc\article_project\data\raw\pdraw_spiral\test\healthy\V55HE13.png,0,0.456487,0
pdraw_spiral,mobilenet_v3_large,gaussian_blur,2,C:\Users\ramti\Desktop\ramtin legion pc\article_project\data\raw\pdraw_spiral\test\healthy\V55HE14.png,0,0.461560,0
pdraw_spiral,mobilenet_v3_large,gaussian_blur,2,C:\Users\ramti\Desktop\ramtin legion pc\article_project\data\raw\pdraw_spiral\test\healthy\V55HE15.png,0,0.460323,0
pdraw_spiral,mobilenet_v3_large,gaussian_blur,2,C:\Users\ramti\Desktop\ramtin legion pc\article_project\data\raw\pdraw_spiral\test\parkinson\V01PE01.png,1,0.484446,0
pdraw_spiral,mobilenet_v3_large,gaussian_blur,2,C:\Users\ramti\Desktop\ramtin legion pc\article_project\data\raw\pdraw_spiral\test\parkinson\V02PE01.png,1,0.514545,1
pdraw_spiral,mobilenet_v3_large,gaussian_blur,2,C:\Users\ramti\Desktop\ramtin legion pc\article_project\data\raw\pdraw_spiral\test\parkinson\V03PE01.png,1,0.547742,1
pdraw_spiral,mobilenet_v3_large,gaussian_blur,2,C:\Users\ramti\Desktop\ramtin legion pc\article_project\data\raw\pdraw_spiral\test\parkinson\V03PE04.png,1,0.546737,1
pdraw_spiral,mobilenet_v3_large,gaussian_blur,2,C:\Users\ramti\Desktop\ramtin legion pc\article_project\data\raw\pdraw_spiral\test\parkinson\V03PE07.png,1,0.530307,1
pdraw_spiral,mobilenet_v3_large,gaussian_blur,2,C:\Users\ramti\Desktop\ramtin legion pc\article_project\data\raw\pdraw_spiral\test\parkinson\V04PE01.png,1,0.515051,1
pdraw_spiral,mobilenet_v3_large,gaussian_blur,2,C:\Users\ramti\Desktop\ramtin legion pc\article_project\data\raw\pdraw_spiral\test\parkinson\V05PE01.png,1,0.528674,1
pdraw_spiral,mobilenet_v3_large,gaussian_blur,2,C:\Users\ramti\Desktop\ramtin legion pc\article_project\data\raw\pdraw_spiral\test\parkinson\V06PE01.png,1,0.500813,1
pdraw_spiral,mobilenet_v3_large,gaussian_blur,2,C:\Users\ramti\Desktop\ramtin legion pc\article_project\data\raw\pdraw_spiral\test\parkinson\V07PE01.png,1,0.528158,1
pdraw_spiral,mobilenet_v3_large,gaussian_blur,2,C:\Users\ramti\Desktop\ramtin legion pc\article_project\data\raw\pdraw_spiral\test\parkinson\V08PE01.png,1,0.481006,0
pdraw_spiral,mobilenet_v3_large,gaussian_blur,2,C:\Users\ramti\Desktop\ramtin legion pc\article_project\data\raw\pdraw_spiral\test\parkinson\V09PE01.png,1,0.512495,1
pdraw_spiral,mobilenet_v3_large,gaussian_blur,2,C:\Users\ramti\Desktop\ramtin legion pc\article_project\data\raw\pdraw_spiral\test\parkinson\V10PE03.png,1,0.481404,0
pdraw_spiral,mobilenet_v3_large,gaussian_blur,2,C:\Users\ramti\Desktop\ramtin legion pc\article_project\data\raw\pdraw_spiral\test\parkinson\V11PE03.png,1,0.489479,0
pdraw_spiral,mobilenet_v3_large,gaussian_blur,2,C:\Users\ramti\Desktop\ramtin legion pc\article_project\data\raw\pdraw_spiral\test\parkinson\V14PE03.png,1,0.530503,1
pdraw_spiral,mobilenet_v3_large,gaussian_blur,2,C:\Users\ramti\Desktop\ramtin legion pc\article_project\data\raw\pdraw_spiral\test\parkinson\V15PE01.png,1,0.493384,0
pdraw_spiral,mobilenet_v3_large,gaussian_blur,3,C:\Users\ramti\Desktop\ramtin legion pc\article_project\data\raw\pdraw_spiral\test\healthy\V01HE01.png,0,0.482423,0
pdraw_spiral,mobilenet_v3_large,gaussian_blur,3,C:\Users\ramti\Desktop\ramtin legion pc\article_project\data\raw\pdraw_spiral\test\healthy\V02HE01.png,0,0.496044,0
pdraw_spiral,mobilenet_v3_large,gaussian_blur,3,C:\Users\ramti\Desktop\ramtin legion pc\article_project\data\raw\pdraw_spiral\test\healthy\V03HE1.png,0,0.479535,0
pdraw_spiral,mobilenet_v3_large,gaussian_blur,3,C:\Users\ramti\Desktop\ramtin legion pc\article_project\data\raw\pdraw_spiral\test\healthy\V04HE01.png,0,0.474781,0
pdraw_spiral,mobilenet_v3_large,gaussian_blur,3,C:\Users\ramti\Desktop\ramtin legion pc\article_project\data\raw\pdraw_spiral\test\healthy\V05HE01.png,0,0.495814,0
pdraw_spiral,mobilenet_v3_large,gaussian_blur,3,C:\Users\ramti\Desktop\ramtin legion pc\article_project\data\raw\pdraw_spiral\test\healthy\V06HE01.png,0,0.480700,0
pdraw_spiral,mobilenet_v3_large,gaussian_blur,3,C:\Users\ramti\Desktop\ramtin legion pc\article_project\data\raw\pdraw_spiral\test\healthy\V07HE01.png,0,0.489729,0
pdraw_spiral,mobilenet_v3_large,gaussian_blur,3,C:\Users\ramti\Desktop\ramtin legion pc\article_project\data\raw\pdraw_spiral\test\healthy\V08HE01.png,0,0.485750,0
pdraw_spiral,mobilenet_v3_large,gaussian_blur,3,C:\Users\ramti\Desktop\ramtin legion pc\article_project\data\raw\pdraw_spiral\test\healthy\V09HE01.png,0,0.489830,0
pdraw_spiral,mobilenet_v3_large,gaussian_blur,3,C:\Users\ramti\Desktop\ramtin legion pc\article_project\data\raw\pdraw_spiral\test\healthy\V10HE01.png,0,0.468669,0
pdraw_spiral,mobilenet_v3_large,gaussian_blur,3,C:\Users\ramti\Desktop\ramtin legion pc\article_project\data\raw\pdraw_spiral\test\healthy\V11HE01.png,0,0.486757,0
pdraw_spiral,mobilenet_v3_large,gaussian_blur,3,C:\Users\ramti\Desktop\ramtin legion pc\article_project\data\raw\pdraw_spiral\test\healthy\V55HE12.png,0,0.466490,0
pdraw_spiral,mobilenet_v3_large,gaussian_blur,3,C:\Users\ramti\Desktop\ramtin legion pc\article_project\data\raw\pdraw_spiral\test\healthy\V55HE13.png,0,0.465946,0
pdraw_spiral,mobilenet_v3_large,gaussian_blur,3,C:\Users\ramti\Desktop\ramtin legion pc\article_project\data\raw\pdraw_spiral\test\healthy\V55HE14.png,0,0.465818,0
pdraw_spiral,mobilenet_v3_large,gaussian_blur,3,C:\Users\ramti\Desktop\ramtin legion pc\article_project\data\raw\pdraw_spiral\test\healthy\V55HE15.png,0,0.469192,0
pdraw_spiral,mobilenet_v3_large,gaussian_blur,3,C:\Users\ramti\Desktop\ramtin legion pc\article_project\data\raw\pdraw_spiral\test\parkinson\V01PE01.png,1,0.492042,0
pdraw_spiral,mobilenet_v3_large,gaussian_blur,3,C:\Users\ramti\Desktop\ramtin legion pc\article_project\data\raw\pdraw_spiral\test\parkinson\V02PE01.png,1,0.510272,1
pdraw_spiral,mobilenet_v3_large,gaussian_blur,3,C:\Users\ramti\Desktop\ramtin legion pc\article_project\data\raw\pdraw_spiral\test\parkinson\V03PE01.png,1,0.537511,1
pdraw_spiral,mobilenet_v3_large,gaussian_blur,3,C:\Users\ramti\Desktop\ramtin legion pc\article_project\data\raw\pdraw_spiral\test\parkinson\V03PE04.png,1,0.548121,1
pdraw_spiral,mobilenet_v3_large,gaussian_blur,3,C:\Users\ramti\Desktop\ramtin legion pc\article_project\data\raw\pdraw_spiral\test\parkinson\V03PE07.png,1,0.521029,1
pdraw_spiral,mobilenet_v3_large,gaussian_blur,3,C:\Users\ramti\Desktop\ramtin legion pc\article_project\data\raw\pdraw_spiral\test\parkinson\V04PE01.png,1,0.515487,1
pdraw_spiral,mobilenet_v3_large,gaussian_blur,3,C:\Users\ramti\Desktop\ramtin legion pc\article_project\data\raw\pdraw_spiral\test\parkinson\V05PE01.png,1,0.516738,1
pdraw_spiral,mobilenet_v3_large,gaussian_blur,3,C:\Users\ramti\Desktop\ramtin legion pc\article_project\data\raw\pdraw_spiral\test\parkinson\V06PE01.png,1,0.508173,1
pdraw_spiral,mobilenet_v3_large,gaussian_blur,3,C:\Users\ramti\Desktop\ramtin legion pc\article_project\data\raw\pdraw_spiral\test\parkinson\V07PE01.png,1,0.522042,1
pdraw_spiral,mobilenet_v3_large,gaussian_blur,3,C:\Users\ramti\Desktop\ramtin legion pc\article_project\data\raw\pdraw_spiral\test\parkinson\V08PE01.png,1,0.496129,0
pdraw_spiral,mobilenet_v3_large,gaussian_blur,3,C:\Users\ramti\Desktop\ramtin legion pc\article_project\data\raw\pdraw_spiral\test\parkinson\V09PE01.png,1,0.515946,1
pdraw_spiral,mobilenet_v3_large,gaussian_blur,3,C:\Users\ramti\Desktop\ramtin legion pc\article_project\data\raw\pdraw_spiral\test\parkinson\V10PE03.png,1,0.486697,0
pdraw_spiral,mobilenet_v3_large,gaussian_blur,3,C:\Users\ramti\Desktop\ramtin legion pc\article_project\data\raw\pdraw_spiral\test\parkinson\V11PE03.png,1,0.495937,0
pdraw_spiral,mobilenet_v3_large,gaussian_blur,3,C:\Users\ramti\Desktop\ramtin legion pc\article_project\data\raw\pdraw_spiral\test\parkinson\V14PE03.png,1,0.526386,1
pdraw_spiral,mobilenet_v3_large,gaussian_blur,3,C:\Users\ramti\Desktop\ramtin legion pc\article_project\data\raw\pdraw_spiral\test\parkinson\V15PE01.png,1,0.498945,0
pdraw_spiral,mobilenet_v3_large,gaussian_blur,4,C:\Users\ramti\Desktop\ramtin legion pc\article_project\data\raw\pdraw_spiral\test\healthy\V01HE01.png,0,0.487939,0
pdraw_spiral,mobilenet_v3_large,gaussian_blur,4,C:\Users\ramti\Desktop\ramtin legion pc\article_project\data\raw\pdraw_spiral\test\healthy\V02HE01.png,0,0.497233,0
pdraw_spiral,mobilenet_v3_large,gaussian_blur,4,C:\Users\ramti\Desktop\ramtin legion pc\article_project\data\raw\pdraw_spiral\test\healthy\V03HE1.png,0,0.482666,0
pdraw_spiral,mobilenet_v3_large,gaussian_blur,4,C:\Users\ramti\Desktop\ramtin legion pc\article_project\data\raw\pdraw_spiral\test\healthy\V04HE01.png,0,0.477756,0
pdraw_spiral,mobilenet_v3_large,gaussian_blur,4,C:\Users\ramti\Desktop\ramtin legion pc\article_project\data\raw\pdraw_spiral\test\healthy\V05HE01.png,0,0.495953,0
pdraw_spiral,mobilenet_v3_large,gaussian_blur,4,C:\Users\ramti\Desktop\ramtin legion pc\article_project\data\raw\pdraw_spiral\test\healthy\V06HE01.png,0,0.482110,0
pdraw_spiral,mobilenet_v3_large,gaussian_blur,4,C:\Users\ramti\Desktop\ramtin legion pc\article_project\data\raw\pdraw_spiral\test\healthy\V07HE01.png,0,0.486155,0
pdraw_spiral,mobilenet_v3_large,gaussian_blur,4,C:\Users\ramti\Desktop\ramtin legion pc\article_project\data\raw\pdraw_spiral\test\healthy\V08HE01.png,0,0.490353,0
pdraw_spiral,mobilenet_v3_large,gaussian_blur,4,C:\Users\ramti\Desktop\ramtin legion pc\article_project\data\raw\pdraw_spiral\test\healthy\V09HE01.png,0,0.492209,0
pdraw_spiral,mobilenet_v3_large,gaussian_blur,4,C:\Users\ramti\Desktop\ramtin legion pc\article_project\data\raw\pdraw_spiral\test\healthy\V10HE01.png,0,0.472664,0
pdraw_spiral,mobilenet_v3_large,gaussian_blur,4,C:\Users\ramti\Desktop\ramtin legion pc\article_project\data\raw\pdraw_spiral\test\healthy\V11HE01.png,0,0.493638,0
pdraw_spiral,mobilenet_v3_large,gaussian_blur,4,C:\Users\ramti\Desktop\ramtin legion pc\article_project\data\raw\pdraw_spiral\test\healthy\V55HE12.png,0,0.467643,0
pdraw_spiral,mobilenet_v3_large,gaussian_blur,4,C:\Users\ramti\Desktop\ramtin legion pc\article_project\data\raw\pdraw_spiral\test\healthy\V55HE13.png,0,0.473501,0
pdraw_spiral,mobilenet_v3_large,gaussian_blur,4,C:\Users\ramti\Desktop\ramtin legion pc\article_project\data\raw\pdraw_spiral\test\healthy\V55HE14.png,0,0.466755,0
pdraw_spiral,mobilenet_v3_large,gaussian_blur,4,C:\Users\ramti\Desktop\ramtin legion pc\article_project\data\raw\pdraw_spiral\test\healthy\V55HE15.png,0,0.472658,0
pdraw_spiral,mobilenet_v3_large,gaussian_blur,4,C:\Users\ramti\Desktop\ramtin legion pc\article_project\data\raw\pdraw_spiral\test\parkinson\V01PE01.png,1,0.492416,0
pdraw_spiral,mobilenet_v3_large,gaussian_blur,4,C:\Users\ramti\Desktop\ramtin legion pc\article_project\data\raw\pdraw_spiral\test\parkinson\V02PE01.png,1,0.513588,1
pdraw_spiral,mobilenet_v3_large,gaussian_blur,4,C:\Users\ramti\Desktop\ramtin legion pc\article_project\data\raw\pdraw_spiral\test\parkinson\V03PE01.png,1,0.537770,1
pdraw_spiral,mobilenet_v3_large,gaussian_blur,4,C:\Users\ramti\Desktop\ramtin legion pc\article_project\data\raw\pdraw_spiral\test\parkinson\V03PE04.png,1,0.545924,1
pdraw_spiral,mobilenet_v3_large,gaussian_blur,4,C:\Users\ramti\Desktop\ramtin legion pc\article_project\data\raw\pdraw_spiral\test\parkinson\V03PE07.png,1,0.521363,1
pdraw_spiral,mobilenet_v3_large,gaussian_blur,4,C:\Users\ramti\Desktop\ramtin legion pc\article_project\data\raw\pdraw_spiral\test\parkinson\V04PE01.png,1,0.521178,1
pdraw_spiral,mobilenet_v3_large,gaussian_blur,4,C:\Users\ramti\Desktop\ramtin legion pc\article_project\data\raw\pdraw_spiral\test\parkinson\V05PE01.png,1,0.516327,1
pdraw_spiral,mobilenet_v3_large,gaussian_blur,4,C:\Users\ramti\Desktop\ramtin legion pc\article_project\data\raw\pdraw_spiral\test\parkinson\V06PE01.png,1,0.511126,1
pdraw_spiral,mobilenet_v3_large,gaussian_blur,4,C:\Users\ramti\Desktop\ramtin legion pc\article_project\data\raw\pdraw_spiral\test\parkinson\V07PE01.png,1,0.523800,1
pdraw_spiral,mobilenet_v3_large,gaussian_blur,4,C:\Users\ramti\Desktop\ramtin legion pc\article_project\data\raw\pdraw_spiral\test\parkinson\V08PE01.png,1,0.500715,1
pdraw_spiral,mobilenet_v3_large,gaussian_blur,4,C:\Users\ramti\Desktop\ramtin legion pc\article_project\data\raw\pdraw_spiral\test\parkinson\V09PE01.png,1,0.521843,1
pdraw_spiral,mobilenet_v3_large,gaussian_blur,4,C:\Users\ramti\Desktop\ramtin legion pc\article_project\data\raw\pdraw_spiral\test\parkinson\V10PE03.png,1,0.493922,0
pdraw_spiral,mobilenet_v3_large,gaussian_blur,4,C:\Users\ramti\Desktop\ramtin legion pc\article_project\data\raw\pdraw_spiral\test\parkinson\V11PE03.png,1,0.498853,0
pdraw_spiral,mobilenet_v3_large,gaussian_blur,4,C:\Users\ramti\Desktop\ramtin legion pc\article_project\data\raw\pdraw_spiral\test\parkinson\V14PE03.png,1,0.526088,1
pdraw_spiral,mobilenet_v3_large,gaussian_blur,4,C:\Users\ramti\Desktop\ramtin legion pc\article_project\data\raw\pdraw_spiral\test\parkinson\V15PE01.png,1,0.502995,1
pdraw_spiral,mobilenet_v3_large,gaussian_blur,5,C:\Users\ramti\Desktop\ramtin legion pc\article_project\data\raw\pdraw_spiral\test\healthy\V01HE01.png,0,0.493532,0
pdraw_spiral,mobilenet_v3_large,gaussian_blur,5,C:\Users\ramti\Desktop\ramtin legion pc\article_project\data\raw\pdraw_spiral\test\healthy\V02HE01.png,0,0.496591,0
pdraw_spiral,mobilenet_v3_large,gaussian_blur,5,C:\Users\ramti\Desktop\ramtin legion pc\article_project\data\raw\pdraw_spiral\test\healthy\V03HE1.png,0,0.486890,0
pdraw_spiral,mobilenet_v3_large,gaussian_blur,5,C:\Users\ramti\Desktop\ramtin legion pc\article_project\data\raw\pdraw_spiral\test\healthy\V04HE01.png,0,0.482615,0
pdraw_spiral,mobilenet_v3_large,gaussian_blur,5,C:\Users\ramti\Desktop\ramtin legion pc\article_project\data\raw\pdraw_spiral\test\healthy\V05HE01.png,0,0.498638,0
pdraw_spiral,mobilenet_v3_large,gaussian_blur,5,C:\Users\ramti\Desktop\ramtin legion pc\article_project\data\raw\pdraw_spiral\test\healthy\V06HE01.png,0,0.484068,0
pdraw_spiral,mobilenet_v3_large,gaussian_blur,5,C:\Users\ramti\Desktop\ramtin legion pc\article_project\data\raw\pdraw_spiral\test\healthy\V07HE01.png,0,0.487661,0
pdraw_spiral,mobilenet_v3_large,gaussian_blur,5,C:\Users\ramti\Desktop\ramtin legion pc\article_project\data\raw\pdraw_spiral\test\healthy\V08HE01.png,0,0.495126,0
pdraw_spiral,mobilenet_v3_large,gaussian_blur,5,C:\Users\ramti\Desktop\ramtin legion pc\article_project\data\raw\pdraw_spiral\test\healthy\V09HE01.png,0,0.495005,0
pdraw_spiral,mobilenet_v3_large,gaussian_blur,5,C:\Users\ramti\Desktop\ramtin legion pc\article_project\data\raw\pdraw_spiral\test\healthy\V10HE01.png,0,0.478136,0
pdraw_spiral,mobilenet_v3_large,gaussian_blur,5,C:\Users\ramti\Desktop\ramtin legion pc\article_project\data\raw\pdraw_spiral\test\healthy\V11HE01.png,0,0.498171,0
pdraw_spiral,mobilenet_v3_large,gaussian_blur,5,C:\Users\ramti\Desktop\ramtin legion pc\article_project\data\raw\pdraw_spiral\test\healthy\V55HE12.png,0,0.471084,0
pdraw_spiral,mobilenet_v3_large,gaussian_blur,5,C:\Users\ramti\Desktop\ramtin legion pc\article_project\data\raw\pdraw_spiral\test\healthy\V55HE13.png,0,0.479857,0
pdraw_spiral,mobilenet_v3_large,gaussian_blur,5,C:\Users\ramti\Desktop\ramtin legion pc\article_project\data\raw\pdraw_spiral\test\healthy\V55HE14.png,0,0.468165,0
pdraw_spiral,mobilenet_v3_large,gaussian_blur,5,C:\Users\ramti\Desktop\ramtin legion pc\article_project\data\raw\pdraw_spiral\test\healthy\V55HE15.png,0,0.474363,0
pdraw_spiral,mobilenet_v3_large,gaussian_blur,5,C:\Users\ramti\Desktop\ramtin legion pc\article_project\data\raw\pdraw_spiral\test\parkinson\V01PE01.png,1,0.496403,0
pdraw_spiral,mobilenet_v3_large,gaussian_blur,5,C:\Users\ramti\Desktop\ramtin legion pc\article_project\data\raw\pdraw_spiral\test\parkinson\V02PE01.png,1,0.518507,1
pdraw_spiral,mobilenet_v3_large,gaussian_blur,5,C:\Users\ramti\Desktop\ramtin legion pc\article_project\data\raw\pdraw_spiral\test\parkinson\V03PE01.png,1,0.537348,1
pdraw_spiral,mobilenet_v3_large,gaussian_blur,5,C:\Users\ramti\Desktop\ramtin legion pc\article_project\data\raw\pdraw_spiral\test\parkinson\V03PE04.png,1,0.544627,1
pdraw_spiral,mobilenet_v3_large,gaussian_blur,5,C:\Users\ramti\Desktop\ramtin legion pc\article_project\data\raw\pdraw_spiral\test\parkinson\V03PE07.png,1,0.522603,1
pdraw_spiral,mobilenet_v3_large,gaussian_blur,5,C:\Users\ramti\Desktop\ramtin legion pc\article_project\data\raw\pdraw_spiral\test\parkinson\V04PE01.png,1,0.524124,1
pdraw_spiral,mobilenet_v3_large,gaussian_blur,5,C:\Users\ramti\Desktop\ramtin legion pc\article_project\data\raw\pdraw_spiral\test\parkinson\V05PE01.png,1,0.516271,1
pdraw_spiral,mobilenet_v3_large,gaussian_blur,5,C:\Users\ramti\Desktop\ramtin legion pc\article_project\data\raw\pdraw_spiral\test\parkinson\V06PE01.png,1,0.518570,1
pdraw_spiral,mobilenet_v3_large,gaussian_blur,5,C:\Users\ramti\Desktop\ramtin legion pc\article_project\data\raw\pdraw_spiral\test\parkinson\V07PE01.png,1,0.523120,1
pdraw_spiral,mobilenet_v3_large,gaussian_blur,5,C:\Users\ramti\Desktop\ramtin legion pc\article_project\data\raw\pdraw_spiral\test\parkinson\V08PE01.png,1,0.506139,1
pdraw_spiral,mobilenet_v3_large,gaussian_blur,5,C:\Users\ramti\Desktop\ramtin legion pc\article_project\data\raw\pdraw_spiral\test\parkinson\V09PE01.png,1,0.524537,1
pdraw_spiral,mobilenet_v3_large,gaussian_blur,5,C:\Users\ramti\Desktop\ramtin legion pc\article_project\data\raw\pdraw_spiral\test\parkinson\V10PE03.png,1,0.498622,0
pdraw_spiral,mobilenet_v3_large,gaussian_blur,5,C:\Users\ramti\Desktop\ramtin legion pc\article_project\data\raw\pdraw_spiral\test\parkinson\V11PE03.png,1,0.503211,1
pdraw_spiral,mobilenet_v3_large,gaussian_blur,5,C:\Users\ramti\Desktop\ramtin legion pc\article_project\data\raw\pdraw_spiral\test\parkinson\V14PE03.png,1,0.526457,1
pdraw_spiral,mobilenet_v3_large,gaussian_blur,5,C:\Users\ramti\Desktop\ramtin legion pc\article_project\data\raw\pdraw_spiral\test\parkinson\V15PE01.png,1,0.505495,1
pdraw_spiral,mobilenet_v3_large,gaussian_noise,1,C:\Users\ramti\Desktop\ramtin legion pc\article_project\data\raw\pdraw_spiral\test\healthy\V01HE01.png,0,0.477446,0
pdraw_spiral,mobilenet_v3_large,gaussian_noise,1,C:\Users\ramti\Desktop\ramtin legion pc\article_project\data\raw\pdraw_spiral\test\healthy\V02HE01.png,0,0.509162,1
pdraw_spiral,mobilenet_v3_large,gaussian_noise,1,C:\Users\ramti\Desktop\ramtin legion pc\article_project\data\raw\pdraw_spiral\test\healthy\V03HE1.png,0,0.460810,0
pdraw_spiral,mobilenet_v3_large,gaussian_noise,1,C:\Users\ramti\Desktop\ramtin legion pc\article_project\data\raw\pdraw_spiral\test\healthy\V04HE01.png,0,0.469054,0
pdraw_spiral,mobilenet_v3_large,gaussian_noise,1,C:\Users\ramti\Desktop\ramtin legion pc\article_project\data\raw\pdraw_spiral\test\healthy\V05HE01.png,0,0.490898,0
pdraw_spiral,mobilenet_v3_large,gaussian_noise,1,C:\Users\ramti\Desktop\ramtin legion pc\article_project\data\raw\pdraw_spiral\test\healthy\V06HE01.png,0,0.471937,0
pdraw_spiral,mobilenet_v3_large,gaussian_noise,1,C:\Users\ramti\Desktop\ramtin legion pc\article_project\data\raw\pdraw_spiral\test\healthy\V07HE01.png,0,0.495505,0
pdraw_spiral,mobilenet_v3_large,gaussian_noise,1,C:\Users\ramti\Desktop\ramtin legion pc\article_project\data\raw\pdraw_spiral\test\healthy\V08HE01.png,0,0.490327,0
pdraw_spiral,mobilenet_v3_large,gaussian_noise,1,C:\Users\ramti\Desktop\ramtin legion pc\article_project\data\raw\pdraw_spiral\test\healthy\V09HE01.png,0,0.485097,0
pdraw_spiral,mobilenet_v3_large,gaussian_noise,1,C:\Users\ramti\Desktop\ramtin legion pc\article_project\data\raw\pdraw_spiral\test\healthy\V10HE01.png,0,0.481409,0
pdraw_spiral,mobilenet_v3_large,gaussian_noise,1,C:\Users\ramti\Desktop\ramtin legion pc\article_project\data\raw\pdraw_spiral\test\healthy\V11HE01.png,0,0.473838,0
pdraw_spiral,mobilenet_v3_large,gaussian_noise,1,C:\Users\ramti\Desktop\ramtin legion pc\article_project\data\raw\pdraw_spiral\test\healthy\V55HE12.png,0,0.478052,0
pdraw_spiral,mobilenet_v3_large,gaussian_noise,1,C:\Users\ramti\Desktop\ramtin legion pc\article_project\data\raw\pdraw_spiral\test\healthy\V55HE13.png,0,0.478746,0
pdraw_spiral,mobilenet_v3_large,gaussian_noise,1,C:\Users\ramti\Desktop\ramtin legion pc\article_project\data\raw\pdraw_spiral\test\healthy\V55HE14.png,0,0.470061,0
pdraw_spiral,mobilenet_v3_large,gaussian_noise,1,C:\Users\ramti\Desktop\ramtin legion pc\article_project\data\raw\pdraw_spiral\test\healthy\V55HE15.png,0,0.465856,0
pdraw_spiral,mobilenet_v3_large,gaussian_noise,1,C:\Users\ramti\Desktop\ramtin legion pc\article_project\data\raw\pdraw_spiral\test\parkinson\V01PE01.png,1,0.488778,0
pdraw_spiral,mobilenet_v3_large,gaussian_noise,1,C:\Users\ramti\Desktop\ramtin legion pc\article_project\data\raw\pdraw_spiral\test\parkinson\V02PE01.png,1,0.518645,1
pdraw_spiral,mobilenet_v3_large,gaussian_noise,1,C:\Users\ramti\Desktop\ramtin legion pc\article_project\data\raw\pdraw_spiral\test\parkinson\V03PE01.png,1,0.549278,1
pdraw_spiral,mobilenet_v3_large,gaussian_noise,1,C:\Users\ramti\Desktop\ramtin legion pc\article_project\data\raw\pdraw_spiral\test\parkinson\V03PE04.png,1,0.548657,1
pdraw_spiral,mobilenet_v3_large,gaussian_noise,1,C:\Users\ramti\Desktop\ramtin legion pc\article_project\data\raw\pdraw_spiral\test\parkinson\V03PE07.png,1,0.532084,1
pdraw_spiral,mobilenet_v3_large,gaussian_noise,1,C:\Users\ramti\Desktop\ramtin legion pc\article_project\data\raw\pdraw_spiral\test\parkinson\V04PE01.png,1,0.517267,1
pdraw_spiral,mobilenet_v3_large,gaussian_noise,1,C:\Users\ramti\Desktop\ramtin legion pc\article_project\data\raw\pdraw_spiral\test\parkinson\V05PE01.png,1,0.542311,1
pdraw_spiral,mobilenet_v3_large,gaussian_noise,1,C:\Users\ramti\Desktop\ramtin legion pc\article_project\data\raw\pdraw_spiral\test\parkinson\V06PE01.png,1,0.498938,0
pdraw_spiral,mobilenet_v3_large,gaussian_noise,1,C:\Users\ramti\Desktop\ramtin legion pc\article_project\data\raw\pdraw_spiral\test\parkinson\V07PE01.png,1,0.543182,1
pdraw_spiral,mobilenet_v3_large,gaussian_noise,1,C:\Users\ramti\Desktop\ramtin legion pc\article_project\data\raw\pdraw_spiral\test\parkinson\V08PE01.png,1,0.490814,0
pdraw_spiral,mobilenet_v3_large,gaussian_noise,1,C:\Users\ramti\Desktop\ramtin legion pc\article_project\data\raw\pdraw_spiral\test\parkinson\V09PE01.png,1,0.514089,1
pdraw_spiral,mobilenet_v3_large,gaussian_noise,1,C:\Users\ramti\Desktop\ramtin legion pc\article_project\data\raw\pdraw_spiral\test\parkinson\V10PE03.png,1,0.481959,0
pdraw_spiral,mobilenet_v3_large,gaussian_noise,1,C:\Users\ramti\Desktop\ramtin legion pc\article_project\data\raw\pdraw_spiral\test\parkinson\V11PE03.png,1,0.505080,1
pdraw_spiral,mobilenet_v3_large,gaussian_noise,1,C:\Users\ramti\Desktop\ramtin legion pc\article_project\data\raw\pdraw_spiral\test\parkinson\V14PE03.png,1,0.543280,1
pdraw_spiral,mobilenet_v3_large,gaussian_noise,1,C:\Users\ramti\Desktop\ramtin legion pc\article_project\data\raw\pdraw_spiral\test\parkinson\V15PE01.png,1,0.484308,0
pdraw_spiral,mobilenet_v3_large,gaussian_noise,2,C:\Users\ramti\Desktop\ramtin legion pc\article_project\data\raw\pdraw_spiral\test\healthy\V01HE01.png,0,0.492100,0
pdraw_spiral,mobilenet_v3_large,gaussian_noise,2,C:\Users\ramti\Desktop\ramtin legion pc\article_project\data\raw\pdraw_spiral\test\healthy\V02HE01.png,0,0.518934,1
pdraw_spiral,mobilenet_v3_large,gaussian_noise,2,C:\Users\ramti\Desktop\ramtin legion pc\article_project\data\raw\pdraw_spiral\test\healthy\V03HE1.png,0,0.479269,0
pdraw_spiral,mobilenet_v3_large,gaussian_noise,2,C:\Users\ramti\Desktop\ramtin legion pc\article_project\data\raw\pdraw_spiral\test\healthy\V04HE01.png,0,0.476126,0
pdraw_spiral,mobilenet_v3_large,gaussian_noise,2,C:\Users\ramti\Desktop\ramtin legion pc\article_project\data\raw\pdraw_spiral\test\healthy\V05HE01.png,0,0.498463,0
pdraw_spiral,mobilenet_v3_large,gaussian_noise,2,C:\Users\ramti\Desktop\ramtin legion pc\article_project\data\raw\pdraw_spiral\test\healthy\V06HE01.png,0,0.479570,0
pdraw_spiral,mobilenet_v3_large,gaussian_noise,2,C:\Users\ramti\Desktop\ramtin legion pc\article_project\data\raw\pdraw_spiral\test\healthy\V07HE01.png,0,0.503580,1
pdraw_spiral,mobilenet_v3_large,gaussian_noise,2,C:\Users\ramti\Desktop\ramtin legion pc\article_project\data\raw\pdraw_spiral\test\healthy\V08HE01.png,0,0.506099,1
pdraw_spiral,mobilenet_v3_large,gaussian_noise,2,C:\Users\ramti\Desktop\ramtin legion pc\article_project\data\raw\pdraw_spiral\test\healthy\V09HE01.png,0,0.485225,0
pdraw_spiral,mobilenet_v3_large,gaussian_noise,2,C:\Users\ramti\Desktop\ramtin legion pc\article_project\data\raw\pdraw_spiral\test\healthy\V10HE01.png,0,0.486792,0
pdraw_spiral,mobilenet_v3_large,gaussian_noise,2,C:\Users\ramti\Desktop\ramtin legion pc\article_project\data\raw\pdraw_spiral\test\healthy\V11HE01.png,0,0.476180,0
pdraw_spiral,mobilenet_v3_large,gaussian_noise,2,C:\Users\ramti\Desktop\ramtin legion pc\article_project\data\raw\pdraw_spiral\test\healthy\V55HE12.png,0,0.480945,0
pdraw_spiral,mobilenet_v3_large,gaussian_noise,2,C:\Users\ramti\Desktop\ramtin legion pc\article_project\data\raw\pdraw_spiral\test\healthy\V55HE13.png,0,0.486056,0
pdraw_spiral,mobilenet_v3_large,gaussian_noise,2,C:\Users\ramti\Desktop\ramtin legion pc\article_project\data\raw\pdraw_spiral\test\healthy\V55HE14.png,0,0.479339,0
pdraw_spiral,mobilenet_v3_large,gaussian_noise,2,C:\Users\ramti\Desktop\ramtin legion pc\article_project\data\raw\pdraw_spiral\test\healthy\V55HE15.png,0,0.473029,0
pdraw_spiral,mobilenet_v3_large,gaussian_noise,2,C:\Users\ramti\Desktop\ramtin legion pc\article_project\data\raw\pdraw_spiral\test\parkinson\V01PE01.png,1,0.498511,0
pdraw_spiral,mobilenet_v3_large,gaussian_noise,2,C:\Users\ramti\Desktop\ramtin legion pc\article_project\data\raw\pdraw_spiral\test\parkinson\V02PE01.png,1,0.525852,1
pdraw_spiral,mobilenet_v3_large,gaussian_noise,2,C:\Users\ramti\Desktop\ramtin legion pc\article_project\data\raw\pdraw_spiral\test\parkinson\V03PE01.png,1,0.549142,1
pdraw_spiral,mobilenet_v3_large,gaussian_noise,2,C:\Users\ramti\Desktop\ramtin legion pc\article_project\data\raw\pdraw_spiral\test\parkinson\V03PE04.png,1,0.557084,1
pdraw_spiral,mobilenet_v3_large,gaussian_noise,2,C:\Users\ramti\Desktop\ramtin legion pc\article_project\data\raw\pdraw_spiral\test\parkinson\V03PE07.png,1,0.537413,1
pdraw_spiral,mobilenet_v3_large,gaussian_noise,2,C:\Users\ramti\Desktop\ramtin legion pc\article_project\data\raw\pdraw_spiral\test\parkinson\V04PE01.png,1,0.529186,1
pdraw_spiral,mobilenet_v3_large,gaussian_noise,2,C:\Users\ramti\Desktop\ramtin legion pc\article_project\data\raw\pdraw_spiral\test\parkinson\V05PE01.png,1,0.544174,1
pdraw_spiral,mobilenet_v3_large,gaussian_noise,2,C:\Users\ramti\Desktop\ramtin legion pc\article_project\data\raw\pdraw_spiral\test\parkinson\V06PE01.png,1,0.510765,1
pdraw_spiral,mobilenet_v3_large,gaussian_noise,2,C:\Users\ramti\Desktop\ramtin legion pc\article_project\data\raw\pdraw_spiral\test\parkinson\V07PE01.png,1,0.553230,1
pdraw_spiral,mobilenet_v3_large,gaussian_noise,2,C:\Users\ramti\Desktop\ramtin legion pc\article_project\data\raw\pdraw_spiral\test\parkinson\V08PE01.png,1,0.495397,0
pdraw_spiral,mobilenet_v3_large,gaussian_noise,2,C:\Users\ramti\Desktop\ramtin legion pc\article_project\data\raw\pdraw_spiral\test\parkinson\V09PE01.png,1,0.531849,1
pdraw_spiral,mobilenet_v3_large,gaussian_noise,2,C:\Users\ramti\Desktop\ramtin legion pc\article_project\data\raw\pdraw_spiral\test\parkinson\V10PE03.png,1,0.497670,0
pdraw_spiral,mobilenet_v3_large,gaussian_noise,2,C:\Users\ramti\Desktop\ramtin legion pc\article_project\data\raw\pdraw_spiral\test\parkinson\V11PE03.png,1,0.512489,1
pdraw_spiral,mobilenet_v3_large,gaussian_noise,2,C:\Users\ramti\Desktop\ramtin legion pc\article_project\data\raw\pdraw_spiral\test\parkinson\V14PE03.png,1,0.552148,1
pdraw_spiral,mobilenet_v3_large,gaussian_noise,2,C:\Users\ramti\Desktop\ramtin legion pc\article_project\data\raw\pdraw_spiral\test\parkinson\V15PE01.png,1,0.492094,0
pdraw_spiral,mobilenet_v3_large,gaussian_noise,3,C:\Users\ramti\Desktop\ramtin legion pc\article_project\data\raw\pdraw_spiral\test\healthy\V01HE01.png,0,0.492699,0
pdraw_spiral,mobilenet_v3_large,gaussian_noise,3,C:\Users\ramti\Desktop\ramtin legion pc\article_project\data\raw\pdraw_spiral\test\healthy\V02HE01.png,0,0.520242,1
pdraw_spiral,mobilenet_v3_large,gaussian_noise,3,C:\Users\ramti\Desktop\ramtin legion pc\article_project\data\raw\pdraw_spiral\test\healthy\V03HE1.png,0,0.489812,0
pdraw_spiral,mobilenet_v3_large,gaussian_noise,3,C:\Users\ramti\Desktop\ramtin legion pc\article_project\data\raw\pdraw_spiral\test\healthy\V04HE01.png,0,0.482392,0
pdraw_spiral,mobilenet_v3_large,gaussian_noise,3,C:\Users\ramti\Desktop\ramtin legion pc\article_project\data\raw\pdraw_spiral\test\healthy\V05HE01.png,0,0.506355,1
pdraw_spiral,mobilenet_v3_large,gaussian_noise,3,C:\Users\ramti\Desktop\ramtin legion pc\article_project\data\raw\pdraw_spiral\test\healthy\V06HE01.png,0,0.491531,0
pdraw_spiral,mobilenet_v3_large,gaussian_noise,3,C:\Users\ramti\Desktop\ramtin legion pc\article_project\data\raw\pdraw_spiral\test\healthy\V07HE01.png,0,0.510408,1
pdraw_spiral,mobilenet_v3_large,gaussian_noise,3,C:\Users\ramti\Desktop\ramtin legion pc\article_project\data\raw\pdraw_spiral\test\healthy\V08HE01.png,0,0.501047,1
pdraw_spiral,mobilenet_v3_large,gaussian_noise,3,C:\Users\ramti\Desktop\ramtin legion pc\article_project\data\raw\pdraw_spiral\test\healthy\V09HE01.png,0,0.493806,0
pdraw_spiral,mobilenet_v3_large,gaussian_noise,3,C:\Users\ramti\Desktop\ramtin legion pc\article_project\data\raw\pdraw_spiral\test\healthy\V10HE01.png,0,0.489487,0
pdraw_spiral,mobilenet_v3_large,gaussian_noise,3,C:\Users\ramti\Desktop\ramtin legion pc\article_project\data\raw\pdraw_spiral\test\healthy\V11HE01.png,0,0.484893,0
pdraw_spiral,mobilenet_v3_large,gaussian_noise,3,C:\Users\ramti\Desktop\ramtin legion pc\article_project\data\raw\pdraw_spiral\test\healthy\V55HE12.png,0,0.480705,0
pdraw_spiral,mobilenet_v3_large,gaussian_noise,3,C:\Users\ramti\Desktop\ramtin legion pc\article_project\data\raw\pdraw_spiral\test\healthy\V55HE13.png,0,0.487903,0
pdraw_spiral,mobilenet_v3_large,gaussian_noise,3,C:\Users\ramti\Desktop\ramtin legion pc\article_project\data\raw\pdraw_spiral\test\healthy\V55HE14.png,0,0.477248,0
pdraw_spiral,mobilenet_v3_large,gaussian_noise,3,C:\Users\ramti\Desktop\ramtin legion pc\article_project\data\raw\pdraw_spiral\test\healthy\V55HE15.png,0,0.481127,0
pdraw_spiral,mobilenet_v3_large,gaussian_noise,3,C:\Users\ramti\Desktop\ramtin legion pc\article_project\data\raw\pdraw_spiral\test\parkinson\V01PE01.png,1,0.503447,1
pdraw_spiral,mobilenet_v3_large,gaussian_noise,3,C:\Users\ramti\Desktop\ramtin legion pc\article_project\data\raw\pdraw_spiral\test\parkinson\V02PE01.png,1,0.529722,1
pdraw_spiral,mobilenet_v3_large,gaussian_noise,3,C:\Users\ramti\Desktop\ramtin legion pc\article_project\data\raw\pdraw_spiral\test\parkinson\V03PE01.png,1,0.549392,1
pdraw_spiral,mobilenet_v3_large,gaussian_noise,3,C:\Users\ramti\Desktop\ramtin legion pc\article_project\data\raw\pdraw_spiral\test\parkinson\V03PE04.png,1,0.562989,1
pdraw_spiral,mobilenet_v3_large,gaussian_noise,3,C:\Users\ramti\Desktop\ramtin legion pc\article_project\data\raw\pdraw_spiral\test\parkinson\V03PE07.png,1,0.542039,1
pdraw_spiral,mobilenet_v3_large,gaussian_noise,3,C:\Users\ramti\Desktop\ramtin legion pc\article_project\data\raw\pdraw_spiral\test\parkinson\V04PE01.png,1,0.530273,1
pdraw_spiral,mobilenet_v3_large,gaussian_noise,3,C:\Users\ramti\Desktop\ramtin legion pc\article_project\data\raw\pdraw_spiral\test\parkinson\V05PE01.png,1,0.542966,1
pdraw_spiral,mobilenet_v3_large,gaussian_noise,3,C:\Users\ramti\Desktop\ramtin legion pc\article_project\data\raw\pdraw_spiral\test\parkinson\V06PE01.png,1,0.517058,1
pdraw_spiral,mobilenet_v3_large,gaussian_noise,3,C:\Users\ramti\Desktop\ramtin legion pc\article_project\data\raw\pdraw_spiral\test\parkinson\V07PE01.png,1,0.556707,1
pdraw_spiral,mobilenet_v3_large,gaussian_noise,3,C:\Users\ramti\Desktop\ramtin legion pc\article_project\data\raw\pdraw_spiral\test\parkinson\V08PE01.png,1,0.498798,0
pdraw_spiral,mobilenet_v3_large,gaussian_noise,3,C:\Users\ramti\Desktop\ramtin legion pc\article_project\data\raw\pdraw_spiral\test\parkinson\V09PE01.png,1,0.540619,1
pdraw_spiral,mobilenet_v3_large,gaussian_noise,3,C:\Users\ramti\Desktop\ramtin legion pc\article_project\data\raw\pdraw_spiral\test\parkinson\V10PE03.png,1,0.497734,0
pdraw_spiral,mobilenet_v3_large,gaussian_noise,3,C:\Users\ramti\Desktop\ramtin legion pc\article_project\data\raw\pdraw_spiral\test\parkinson\V11PE03.png,1,0.515569,1
pdraw_spiral,mobilenet_v3_large,gaussian_noise,3,C:\Users\ramti\Desktop\ramtin legion pc\article_project\data\raw\pdraw_spiral\test\parkinson\V14PE03.png,1,0.559001,1
pdraw_spiral,mobilenet_v3_large,gaussian_noise,3,C:\Users\ramti\Desktop\ramtin legion pc\article_project\data\raw\pdraw_spiral\test\parkinson\V15PE01.png,1,0.496742,0
pdraw_spiral,mobilenet_v3_large,gaussian_noise,4,C:\Users\ramti\Desktop\ramtin legion pc\article_project\data\raw\pdraw_spiral\test\healthy\V01HE01.png,0,0.506331,1
pdraw_spiral,mobilenet_v3_large,gaussian_noise,4,C:\Users\ramti\Desktop\ramtin legion pc\article_project\data\raw\pdraw_spiral\test\healthy\V02HE01.png,0,0.501893,1
pdraw_spiral,mobilenet_v3_large,gaussian_noise,4,C:\Users\ramti\Desktop\ramtin legion pc\article_project\data\raw\pdraw_spiral\test\healthy\V03HE1.png,0,0.488756,0
pdraw_spiral,mobilenet_v3_large,gaussian_noise,4,C:\Users\ramti\Desktop\ramtin legion pc\article_project\data\raw\pdraw_spiral\test\healthy\V04HE01.png,0,0.487059,0
pdraw_spiral,mobilenet_v3_large,gaussian_noise,4,C:\Users\ramti\Desktop\ramtin legion pc\article_project\data\raw\pdraw_spiral\test\healthy\V05HE01.png,0,0.512179,1
pdraw_spiral,mobilenet_v3_large,gaussian_noise,4,C:\Users\ramti\Desktop\ramtin legion pc\article_project\data\raw\pdraw_spiral\test\healthy\V06HE01.png,0,0.479552,0
pdraw_spiral,mobilenet_v3_large,gaussian_noise,4,C:\Users\ramti\Desktop\ramtin legion pc\article_project\data\raw\pdraw_spiral\test\healthy\V07HE01.png,0,0.503184,1
pdraw_spiral,mobilenet_v3_large,gaussian_noise,4,C:\Users\ramti\Desktop\ramtin legion pc\article_project\data\raw\pdraw_spiral\test\healthy\V08HE01.png,0,0.508633,1
pdraw_spiral,mobilenet_v3_large,gaussian_noise,4,C:\Users\ramti\Desktop\ramtin legion pc\article_project\data\raw\pdraw_spiral\test\healthy\V09HE01.png,0,0.500193,1
pdraw_spiral,mobilenet_v3_large,gaussian_noise,4,C:\Users\ramti\Desktop\ramtin legion pc\article_project\data\raw\pdraw_spiral\test\healthy\V10HE01.png,0,0.490966,0
pdraw_spiral,mobilenet_v3_large,gaussian_noise,4,C:\Users\ramti\Desktop\ramtin legion pc\article_project\data\raw\pdraw_spiral\test\healthy\V11HE01.png,0,0.485944,0
pdraw_spiral,mobilenet_v3_large,gaussian_noise,4,C:\Users\ramti\Desktop\ramtin legion pc\article_project\data\raw\pdraw_spiral\test\healthy\V55HE12.png,0,0.476972,0
pdraw_spiral,mobilenet_v3_large,gaussian_noise,4,C:\Users\ramti\Desktop\ramtin legion pc\article_project\data\raw\pdraw_spiral\test\healthy\V55HE13.png,0,0.487442,0
pdraw_spiral,mobilenet_v3_large,gaussian_noise,4,C:\Users\ramti\Desktop\ramtin legion pc\article_project\data\raw\pdraw_spiral\test\healthy\V55HE14.png,0,0.484321,0
pdraw_spiral,mobilenet_v3_large,gaussian_noise,4,C:\Users\ramti\Desktop\ramtin legion pc\article_project\data\raw\pdraw_spiral\test\healthy\V55HE15.png,0,0.480051,0
pdraw_spiral,mobilenet_v3_large,gaussian_noise,4,C:\Users\ramti\Desktop\ramtin legion pc\article_project\data\raw\pdraw_spiral\test\parkinson\V01PE01.png,1,0.505785,1
pdraw_spiral,mobilenet_v3_large,gaussian_noise,4,C:\Users\ramti\Desktop\ramtin legion pc\article_project\data\raw\pdraw_spiral\test\parkinson\V02PE01.png,1,0.527918,1
pdraw_spiral,mobilenet_v3_large,gaussian_noise,4,C:\Users\ramti\Desktop\ramtin legion pc\article_project\data\raw\pdraw_spiral\test\parkinson\V03PE01.png,1,0.552076,1
pdraw_spiral,mobilenet_v3_large,gaussian_noise,4,C:\Users\ramti\Desktop\ramtin legion pc\article_project\data\raw\pdraw_spiral\test\parkinson\V03PE04.png,1,0.559397,1
pdraw_spiral,mobilenet_v3_large,gaussian_noise,4,C:\Users\ramti\Desktop\ramtin legion pc\article_project\data\raw\pdraw_spiral\test\parkinson\V03PE07.png,1,0.545145,1
pdraw_spiral,mobilenet_v3_large,gaussian_noise,4,C:\Users\ramti\Desktop\ramtin legion pc\article_project\data\raw\pdraw_spiral\test\parkinson\V04PE01.png,1,0.537699,1
pdraw_spiral,mobilenet_v3_large,gaussian_noise,4,C:\Users\ramti\Desktop\ramtin legion pc\article_project\data\raw\pdraw_spiral\test\parkinson\V05PE01.png,1,0.541694,1
pdraw_spiral,mobilenet_v3_large,gaussian_noise,4,C:\Users\ramti\Desktop\ramtin legion pc\article_project\data\raw\pdraw_spiral\test\parkinson\V06PE01.png,1,0.522408,1
pdraw_spiral,mobilenet_v3_large,gaussian_noise,4,C:\Users\ramti\Desktop\ramtin legion pc\article_project\data\raw\pdraw_spiral\test\parkinson\V07PE01.png,1,0.562245,1
pdraw_spiral,mobilenet_v3_large,gaussian_noise,4,C:\Users\ramti\Desktop\ramtin legion pc\article_project\data\raw\pdraw_spiral\test\parkinson\V08PE01.png,1,0.496153,0
pdraw_spiral,mobilenet_v3_large,gaussian_noise,4,C:\Users\ramti\Desktop\ramtin legion pc\article_project\data\raw\pdraw_spiral\test\parkinson\V09PE01.png,1,0.534003,1
pdraw_spiral,mobilenet_v3_large,gaussian_noise,4,C:\Users\ramti\Desktop\ramtin legion pc\article_project\data\raw\pdraw_spiral\test\parkinson\V10PE03.png,1,0.497347,0
pdraw_spiral,mobilenet_v3_large,gaussian_noise,4,C:\Users\ramti\Desktop\ramtin legion pc\article_project\data\raw\pdraw_spiral\test\parkinson\V11PE03.png,1,0.507579,1
pdraw_spiral,mobilenet_v3_large,gaussian_noise,4,C:\Users\ramti\Desktop\ramtin legion pc\article_project\data\raw\pdraw_spiral\test\parkinson\V14PE03.png,1,0.557945,1
pdraw_spiral,mobilenet_v3_large,gaussian_noise,4,C:\Users\ramti\Desktop\ramtin legion pc\article_project\data\raw\pdraw_spiral\test\parkinson\V15PE01.png,1,0.496452,0
pdraw_spiral,mobilenet_v3_large,gaussian_noise,5,C:\Users\ramti\Desktop\ramtin legion pc\article_project\data\raw\pdraw_spiral\test\healthy\V01HE01.png,0,0.504694,1
pdraw_spiral,mobilenet_v3_large,gaussian_noise,5,C:\Users\ramti\Desktop\ramtin legion pc\article_project\data\raw\pdraw_spiral\test\healthy\V02HE01.png,0,0.510828,1
pdraw_spiral,mobilenet_v3_large,gaussian_noise,5,C:\Users\ramti\Desktop\ramtin legion pc\article_project\data\raw\pdraw_spiral\test\healthy\V03HE1.png,0,0.490102,0
pdraw_spiral,mobilenet_v3_large,gaussian_noise,5,C:\Users\ramti\Desktop\ramtin legion pc\article_project\data\raw\pdraw_spiral\test\healthy\V04HE01.png,0,0.491163,0
pdraw_spiral,mobilenet_v3_large,gaussian_noise,5,C:\Users\ramti\Desktop\ramtin legion pc\article_project\data\raw\pdraw_spiral\test\healthy\V05HE01.png,0,0.505574,1
pdraw_spiral,mobilenet_v3_large,gaussian_noise,5,C:\Users\ramti\Desktop\ramtin legion pc\article_project\data\raw\pdraw_spiral\test\healthy\V06HE01.png,0,0.498835,0
pdraw_spiral,mobilenet_v3_large,gaussian_noise,5,C:\Users\ramti\Desktop\ramtin legion pc\article_project\data\raw\pdraw_spiral\test\healthy\V07HE01.png,0,0.496268,0
pdraw_spiral,mobilenet_v3_large,gaussian_noise,5,C:\Users\ramti\Desktop\ramtin legion pc\article_project\data\raw\pdraw_spiral\test\healthy\V08HE01.png,0,0.506164,1
pdraw_spiral,mobilenet_v3_large,gaussian_noise,5,C:\Users\ramti\Desktop\ramtin legion pc\article_project\data\raw\pdraw_spiral\test\healthy\V09HE01.png,0,0.495919,0
pdraw_spiral,mobilenet_v3_large,gaussian_noise,5,C:\Users\ramti\Desktop\ramtin legion pc\article_project\data\raw\pdraw_spiral\test\healthy\V10HE01.png,0,0.477914,0
pdraw_spiral,mobilenet_v3_large,gaussian_noise,5,C:\Users\ramti\Desktop\ramtin legion pc\article_project\data\raw\pdraw_spiral\test\healthy\V11HE01.png,0,0.480518,0
pdraw_spiral,mobilenet_v3_large,gaussian_noise,5,C:\Users\ramti\Desktop\ramtin legion pc\article_project\data\raw\pdraw_spiral\test\healthy\V55HE12.png,0,0.486912,0
pdraw_spiral,mobilenet_v3_large,gaussian_noise,5,C:\Users\ramti\Desktop\ramtin legion pc\article_project\data\raw\pdraw_spiral\test\healthy\V55HE13.png,0,0.490696,0
pdraw_spiral,mobilenet_v3_large,gaussian_noise,5,C:\Users\ramti\Desktop\ramtin legion pc\article_project\data\raw\pdraw_spiral\test\healthy\V55HE14.png,0,0.481879,0
pdraw_spiral,mobilenet_v3_large,gaussian_noise,5,C:\Users\ramti\Desktop\ramtin legion pc\article_project\data\raw\pdraw_spiral\test\healthy\V55HE15.png,0,0.481976,0
pdraw_spiral,mobilenet_v3_large,gaussian_noise,5,C:\Users\ramti\Desktop\ramtin legion pc\article_project\data\raw\pdraw_spiral\test\parkinson\V01PE01.png,1,0.506801,1
pdraw_spiral,mobilenet_v3_large,gaussian_noise,5,C:\Users\ramti\Desktop\ramtin legion pc\article_project\data\raw\pdraw_spiral\test\parkinson\V02PE01.png,1,0.526458,1
pdraw_spiral,mobilenet_v3_large,gaussian_noise,5,C:\Users\ramti\Desktop\ramtin legion pc\article_project\data\raw\pdraw_spiral\test\parkinson\V03PE01.png,1,0.545512,1
pdraw_spiral,mobilenet_v3_large,gaussian_noise,5,C:\Users\ramti\Desktop\ramtin legion pc\article_project\data\raw\pdraw_spiral\test\parkinson\V03PE04.png,1,0.561075,1
pdraw_spiral,mobilenet_v3_large,gaussian_noise,5,C:\Users\ramti\Desktop\ramtin legion pc\article_project\data\raw\pdraw_spiral\test\parkinson\V03PE07.png,1,0.540463,1
pdraw_spiral,mobilenet_v3_large,gaussian_noise,5,C:\Users\ramti\Desktop\ramtin legion pc\article_project\data\raw\pdraw_spiral\test\parkinson\V04PE01.png,1,0.540065,1
pdraw_spiral,mobilenet_v3_large,gaussian_noise,5,C:\Users\ramti\Desktop\ramtin legion pc\article_project\data\raw\pdraw_spiral\test\parkinson\V05PE01.png,1,0.547331,1
pdraw_spiral,mobilenet_v3_large,gaussian_noise,5,C:\Users\ramti\Desktop\ramtin legion pc\article_project\data\raw\pdraw_spiral\test\parkinson\V06PE01.png,1,0.520292,1
pdraw_spiral,mobilenet_v3_large,gaussian_noise,5,C:\Users\ramti\Desktop\ramtin legion pc\article_project\data\raw\pdraw_spiral\test\parkinson\V07PE01.png,1,0.563170,1
pdraw_spiral,mobilenet_v3_large,gaussian_noise,5,C:\Users\ramti\Desktop\ramtin legion pc\article_project\data\raw\pdraw_spiral\test\parkinson\V08PE01.png,1,0.496041,0
pdraw_spiral,mobilenet_v3_large,gaussian_noise,5,C:\Users\ramti\Desktop\ramtin legion pc\article_project\data\raw\pdraw_spiral\test\parkinson\V09PE01.png,1,0.532758,1
pdraw_spiral,mobilenet_v3_large,gaussian_noise,5,C:\Users\ramti\Desktop\ramtin legion pc\article_project\data\raw\pdraw_spiral\test\parkinson\V10PE03.png,1,0.499164,0
pdraw_spiral,mobilenet_v3_large,gaussian_noise,5,C:\Users\ramti\Desktop\ramtin legion pc\article_project\data\raw\pdraw_spiral\test\parkinson\V11PE03.png,1,0.513870,1
pdraw_spiral,mobilenet_v3_large,gaussian_noise,5,C:\Users\ramti\Desktop\ramtin legion pc\article_project\data\raw\pdraw_spiral\test\parkinson\V14PE03.png,1,0.556249,1
pdraw_spiral,mobilenet_v3_large,gaussian_noise,5,C:\Users\ramti\Desktop\ramtin legion pc\article_project\data\raw\pdraw_spiral\test\parkinson\V15PE01.png,1,0.493831,0
pdraw_spiral,mobilenet_v3_large,contrast,1,C:\Users\ramti\Desktop\ramtin legion pc\article_project\data\raw\pdraw_spiral\test\healthy\V01HE01.png,0,0.478964,0
pdraw_spiral,mobilenet_v3_large,contrast,1,C:\Users\ramti\Desktop\ramtin legion pc\article_project\data\raw\pdraw_spiral\test\healthy\V02HE01.png,0,0.515647,1
pdraw_spiral,mobilenet_v3_large,contrast,1,C:\Users\ramti\Desktop\ramtin legion pc\article_project\data\raw\pdraw_spiral\test\healthy\V03HE1.png,0,0.463602,0
pdraw_spiral,mobilenet_v3_large,contrast,1,C:\Users\ramti\Desktop\ramtin legion pc\article_project\data\raw\pdraw_spiral\test\healthy\V04HE01.png,0,0.478973,0
pdraw_spiral,mobilenet_v3_large,contrast,1,C:\Users\ramti\Desktop\ramtin legion pc\article_project\data\raw\pdraw_spiral\test\healthy\V05HE01.png,0,0.486673,0
pdraw_spiral,mobilenet_v3_large,contrast,1,C:\Users\ramti\Desktop\ramtin legion pc\article_project\data\raw\pdraw_spiral\test\healthy\V06HE01.png,0,0.484123,0
pdraw_spiral,mobilenet_v3_large,contrast,1,C:\Users\ramti\Desktop\ramtin legion pc\article_project\data\raw\pdraw_spiral\test\healthy\V07HE01.png,0,0.497340,0
pdraw_spiral,mobilenet_v3_large,contrast,1,C:\Users\ramti\Desktop\ramtin legion pc\article_project\data\raw\pdraw_spiral\test\healthy\V08HE01.png,0,0.499918,0
pdraw_spiral,mobilenet_v3_large,contrast,1,C:\Users\ramti\Desktop\ramtin legion pc\article_project\data\raw\pdraw_spiral\test\healthy\V09HE01.png,0,0.480411,0
pdraw_spiral,mobilenet_v3_large,contrast,1,C:\Users\ramti\Desktop\ramtin legion pc\article_project\data\raw\pdraw_spiral\test\healthy\V10HE01.png,0,0.485394,0
pdraw_spiral,mobilenet_v3_large,contrast,1,C:\Users\ramti\Desktop\ramtin legion pc\article_project\data\raw\pdraw_spiral\test\healthy\V11HE01.png,0,0.474898,0
pdraw_spiral,mobilenet_v3_large,contrast,1,C:\Users\ramti\Desktop\ramtin legion pc\article_project\data\raw\pdraw_spiral\test\healthy\V55HE12.png,0,0.482284,0
pdraw_spiral,mobilenet_v3_large,contrast,1,C:\Users\ramti\Desktop\ramtin legion pc\article_project\data\raw\pdraw_spiral\test\healthy\V55HE13.png,0,0.480453,0
pdraw_spiral,mobilenet_v3_large,contrast,1,C:\Users\ramti\Desktop\ramtin legion pc\article_project\data\raw\pdraw_spiral\test\healthy\V55HE14.png,0,0.478048,0
pdraw_spiral,mobilenet_v3_large,contrast,1,C:\Users\ramti\Desktop\ramtin legion pc\article_project\data\raw\pdraw_spiral\test\healthy\V55HE15.png,0,0.472945,0
pdraw_spiral,mobilenet_v3_large,contrast,1,C:\Users\ramti\Desktop\ramtin legion pc\article_project\data\raw\pdraw_spiral\test\parkinson\V01PE01.png,1,0.497574,0
pdraw_spiral,mobilenet_v3_large,contrast,1,C:\Users\ramti\Desktop\ramtin legion pc\article_project\data\raw\pdraw_spiral\test\parkinson\V02PE01.png,1,0.516856,1
pdraw_spiral,mobilenet_v3_large,contrast,1,C:\Users\ramti\Desktop\ramtin legion pc\article_project\data\raw\pdraw_spiral\test\parkinson\V03PE01.png,1,0.553851,1
pdraw_spiral,mobilenet_v3_large,contrast,1,C:\Users\ramti\Desktop\ramtin legion pc\article_project\data\raw\pdraw_spiral\test\parkinson\V03PE04.png,1,0.553514,1
pdraw_spiral,mobilenet_v3_large,contrast,1,C:\Users\ramti\Desktop\ramtin legion pc\article_project\data\raw\pdraw_spiral\test\parkinson\V03PE07.png,1,0.537246,1
pdraw_spiral,mobilenet_v3_large,contrast,1,C:\Users\ramti\Desktop\ramtin legion pc\article_project\data\raw\pdraw_spiral\test\parkinson\V04PE01.png,1,0.508976,1
pdraw_spiral,mobilenet_v3_large,contrast,1,C:\Users\ramti\Desktop\ramtin legion pc\article_project\data\raw\pdraw_spiral\test\parkinson\V05PE01.png,1,0.536360,1
pdraw_spiral,mobilenet_v3_large,contrast,1,C:\Users\ramti\Desktop\ramtin legion pc\article_project\data\raw\pdraw_spiral\test\parkinson\V06PE01.png,1,0.502894,1
pdraw_spiral,mobilenet_v3_large,contrast,1,C:\Users\ramti\Desktop\ramtin legion pc\article_project\data\raw\pdraw_spiral\test\parkinson\V07PE01.png,1,0.551150,1
pdraw_spiral,mobilenet_v3_large,contrast,1,C:\Users\ramti\Desktop\ramtin legion pc\article_project\data\raw\pdraw_spiral\test\parkinson\V08PE01.png,1,0.485374,0
pdraw_spiral,mobilenet_v3_large,contrast,1,C:\Users\ramti\Desktop\ramtin legion pc\article_project\data\raw\pdraw_spiral\test\parkinson\V09PE01.png,1,0.511822,1
pdraw_spiral,mobilenet_v3_large,contrast,1,C:\Users\ramti\Desktop\ramtin legion pc\article_project\data\raw\pdraw_spiral\test\parkinson\V10PE03.png,1,0.472044,0
pdraw_spiral,mobilenet_v3_large,contrast,1,C:\Users\ramti\Desktop\ramtin legion pc\article_project\data\raw\pdraw_spiral\test\parkinson\V11PE03.png,1,0.509953,1
pdraw_spiral,mobilenet_v3_large,contrast,1,C:\Users\ramti\Desktop\ramtin legion pc\article_project\data\raw\pdraw_spiral\test\parkinson\V14PE03.png,1,0.536898,1
pdraw_spiral,mobilenet_v3_large,contrast,1,C:\Users\ramti\Desktop\ramtin legion pc\article_project\data\raw\pdraw_spiral\test\parkinson\V15PE01.png,1,0.490250,0
pdraw_spiral,mobilenet_v3_large,contrast,2,C:\Users\ramti\Desktop\ramtin legion pc\article_project\data\raw\pdraw_spiral\test\healthy\V01HE01.png,0,0.475367,0
pdraw_spiral,mobilenet_v3_large,contrast,2,C:\Users\ramti\Desktop\ramtin legion pc\article_project\data\raw\pdraw_spiral\test\healthy\V02HE01.png,0,0.513214,1
pdraw_spiral,mobilenet_v3_large,contrast,2,C:\Users\ramti\Desktop\ramtin legion pc\article_project\data\raw\pdraw_spiral\test\healthy\V03HE1.png,0,0.465490,0
pdraw_spiral,mobilenet_v3_large,contrast,2,C:\Users\ramti\Desktop\ramtin legion pc\article_project\data\raw\pdraw_spiral\test\healthy\V04HE01.png,0,0.475853,0
pdraw_spiral,mobilenet_v3_large,contrast,2,C:\Users\ramti\Desktop\ramtin legion pc\article_project\data\raw\pdraw_spiral\test\healthy\V05HE01.png,0,0.489054,0
pdraw_spiral,mobilenet_v3_large,contrast,2,C:\Users\ramti\Desktop\ramtin legion pc\article_project\data\raw\pdraw_spiral\test\healthy\V06HE01.png,0,0.481920,0
pdraw_spiral,mobilenet_v3_large,contrast,2,C:\Users\ramti\Desktop\ramtin legion pc\article_project\data\raw\pdraw_spiral\test\healthy\V07HE01.png,0,0.498099,0
pdraw_spiral,mobilenet_v3_large,contrast,2,C:\Users\ramti\Desktop\ramtin legion pc\article_project\data\raw\pdraw_spiral\test\healthy\V08HE01.png,0,0.497274,0
pdraw_spiral,mobilenet_v3_large,contrast,2,C:\Users\ramti\Desktop\ramtin legion pc\article_project\data\raw\pdraw_spiral\test\healthy\V09HE01.png,0,0.481331,0
pdraw_spiral,mobilenet_v3_large,contrast,2,C:\Users\ramti\Desktop\ramtin legion pc\article_project\data\raw\pdraw_spiral\test\healthy\V10HE01.png,0,0.482104,0
pdraw_spiral,mobilenet_v3_large,contrast,2,C:\Users\ramti\Desktop\ramtin legion pc\article_project\data\raw\pdraw_spiral\test\healthy\V11HE01.png,0,0.474474,0
pdraw_spiral,mobilenet_v3_large,contrast,2,C:\Users\ramti\Desktop\ramtin legion pc\article_project\data\raw\pdraw_spiral\test\healthy\V55HE12.png,0,0.479450,0
pdraw_spiral,mobilenet_v3_large,contrast,2,C:\Users\ramti\Desktop\ramtin legion pc\article_project\data\raw\pdraw_spiral\test\healthy\V55HE13.png,0,0.477667,0
pdraw_spiral,mobilenet_v3_large,contrast,2,C:\Users\ramti\Desktop\ramtin legion pc\article_project\data\raw\pdraw_spiral\test\healthy\V55HE14.png,0,0.473330,0
pdraw_spiral,mobilenet_v3_large,contrast,2,C:\Users\ramti\Desktop\ramtin legion pc\article_project\data\raw\pdraw_spiral\test\healthy\V55HE15.png,0,0.469452,0
pdraw_spiral,mobilenet_v3_large,contrast,2,C:\Users\ramti\Desktop\ramtin legion pc\article_project\data\raw\pdraw_spiral\test\parkinson\V01PE01.png,1,0.493765,0
pdraw_spiral,mobilenet_v3_large,contrast,2,C:\Users\ramti\Desktop\ramtin legion pc\article_project\data\raw\pdraw_spiral\test\parkinson\V02PE01.png,1,0.520030,1
pdraw_spiral,mobilenet_v3_large,contrast,2,C:\Users\ramti\Desktop\ramtin legion pc\article_project\data\raw\pdraw_spiral\test\parkinson\V03PE01.png,1,0.555374,1
pdraw_spiral,mobilenet_v3_large,contrast,2,C:\Users\ramti\Desktop\ramtin legion pc\article_project\data\raw\pdraw_spiral\test\parkinson\V03PE04.png,1,0.551266,1
pdraw_spiral,mobilenet_v3_large,contrast,2,C:\Users\ramti\Desktop\ramtin legion pc\article_project\data\raw\pdraw_spiral\test\parkinson\V03PE07.png,1,0.539784,1
pdraw_spiral,mobilenet_v3_large,contrast,2,C:\Users\ramti\Desktop\ramtin legion pc\article_project\data\raw\pdraw_spiral\test\parkinson\V04PE01.png,1,0.513520,1
pdraw_spiral,mobilenet_v3_large,contrast,2,C:\Users\ramti\Desktop\ramtin legion pc\article_project\data\raw\pdraw_spiral\test\parkinson\V05PE01.png,1,0.541498,1
pdraw_spiral,mobilenet_v3_large,contrast,2,C:\Users\ramti\Desktop\ramtin legion pc\article_project\data\raw\pdraw_spiral\test\parkinson\V06PE01.png,1,0.498407,0
pdraw_spiral,mobilenet_v3_large,contrast,2,C:\Users\ramti\Desktop\ramtin legion pc\article_project\data\raw\pdraw_spiral\test\parkinson\V07PE01.png,1,0.550509,1
pdraw_spiral,mobilenet_v3_large,contrast,2,C:\Users\ramti\Desktop\ramtin legion pc\article_project\data\raw\pdraw_spiral\test\parkinson\V08PE01.png,1,0.485800,0
pdraw_spiral,mobilenet_v3_large,contrast,2,C:\Users\ramti\Desktop\ramtin legion pc\article_project\data\raw\pdraw_spiral\test\parkinson\V09PE01.png,1,0.512436,1
pdraw_spiral,mobilenet_v3_large,contrast,2,C:\Users\ramti\Desktop\ramtin legion pc\article_project\data\raw\pdraw_spiral\test\parkinson\V10PE03.png,1,0.473552,0
pdraw_spiral,mobilenet_v3_large,contrast,2,C:\Users\ramti\Desktop\ramtin legion pc\article_project\data\raw\pdraw_spiral\test\parkinson\V11PE03.png,1,0.509034,1
pdraw_spiral,mobilenet_v3_large,contrast,2,C:\Users\ramti\Desktop\ramtin legion pc\article_project\data\raw\pdraw_spiral\test\parkinson\V14PE03.png,1,0.540319,1
pdraw_spiral,mobilenet_v3_large,contrast,2,C:\Users\ramti\Desktop\ramtin legion pc\article_project\data\raw\pdraw_spiral\test\parkinson\V15PE01.png,1,0.486808,0
pdraw_spiral,mobilenet_v3_large,contrast,3,C:\Users\ramti\Desktop\ramtin legion pc\article_project\data\raw\pdraw_spiral\test\healthy\V01HE01.png,0,0.475233,0
pdraw_spiral,mobilenet_v3_large,contrast,3,C:\Users\ramti\Desktop\ramtin legion pc\article_project\data\raw\pdraw_spiral\test\healthy\V02HE01.png,0,0.513466,1
pdraw_spiral,mobilenet_v3_large,contrast,3,C:\Users\ramti\Desktop\ramtin legion pc\article_project\data\raw\pdraw_spiral\test\healthy\V03HE1.png,0,0.464984,0
pdraw_spiral,mobilenet_v3_large,contrast,3,C:\Users\ramti\Desktop\ramtin legion pc\article_project\data\raw\pdraw_spiral\test\healthy\V04HE01.png,0,0.472567,0
pdraw_spiral,mobilenet_v3_large,contrast,3,C:\Users\ramti\Desktop\ramtin legion pc\article_project\data\raw\pdraw_spiral\test\healthy\V05HE01.png,0,0.492001,0
pdraw_spiral,mobilenet_v3_large,contrast,3,C:\Users\ramti\Desktop\ramtin legion pc\article_project\data\raw\pdraw_spiral\test\healthy\V06HE01.png,0,0.479971,0
pdraw_spiral,mobilenet_v3_large,contrast,3,C:\Users\ramti\Desktop\ramtin legion pc\article_project\data\raw\pdraw_spiral\test\healthy\V07HE01.png,0,0.500680,1
pdraw_spiral,mobilenet_v3_large,contrast,3,C:\Users\ramti\Desktop\ramtin legion pc\article_project\data\raw\pdraw_spiral\test\healthy\V08HE01.png,0,0.493606,0
pdraw_spiral,mobilenet_v3_large,contrast,3,C:\Users\ramti\Desktop\ramtin legion pc\article_project\data\raw\pdraw_spiral\test\healthy\V09HE01.png,0,0.480827,0
pdraw_spiral,mobilenet_v3_large,contrast,3,C:\Users\ramti\Desktop\ramtin legion pc\article_project\data\raw\pdraw_spiral\test\healthy\V10HE01.png,0,0.479884,0
pdraw_spiral,mobilenet_v3_large,contrast,3,C:\Users\ramti\Desktop\ramtin legion pc\article_project\data\raw\pdraw_spiral\test\healthy\V11HE01.png,0,0.472453,0
pdraw_spiral,mobilenet_v3_large,contrast,3,C:\Users\ramti\Desktop\ramtin legion pc\article_project\data\raw\pdraw_spiral\test\healthy\V55HE12.png,0,0.478912,0
pdraw_spiral,mobilenet_v3_large,contrast,3,C:\Users\ramti\Desktop\ramtin legion pc\article_project\data\raw\pdraw_spiral\test\healthy\V55HE13.png,0,0.478104,0
pdraw_spiral,mobilenet_v3_large,contrast,3,C:\Users\ramti\Desktop\ramtin legion pc\article_project\data\raw\pdraw_spiral\test\healthy\V55HE14.png,0,0.470291,0
pdraw_spiral,mobilenet_v3_large,contrast,3,C:\Users\ramti\Desktop\ramtin legion pc\article_project\data\raw\pdraw_spiral\test\healthy\V55HE15.png,0,0.466464,0
pdraw_spiral,mobilenet_v3_large,contrast,3,C:\Users\ramti\Desktop\ramtin legion pc\article_project\data\raw\pdraw_spiral\test\parkinson\V01PE01.png,1,0.491774,0
pdraw_spiral,mobilenet_v3_large,contrast,3,C:\Users\ramti\Desktop\ramtin legion pc\article_project\data\raw\pdraw_spiral\test\parkinson\V02PE01.png,1,0.519470,1
pdraw_spiral,mobilenet_v3_large,contrast,3,C:\Users\ramti\Desktop\ramtin legion pc\article_project\data\raw\pdraw_spiral\test\parkinson\V03PE01.png,1,0.555853,1
pdraw_spiral,mobilenet_v3_large,contrast,3,C:\Users\ramti\Desktop\ramtin legion pc\article_project\data\raw\pdraw_spiral\test\parkinson\V03PE04.png,1,0.548542,1
pdraw_spiral,mobilenet_v3_large,contrast,3,C:\Users\ramti\Desktop\ramtin legion pc\article_project\data\raw\pdraw_spiral\test\parkinson\V03PE07.png,1,0.539683,1
pdraw_spiral,mobilenet_v3_large,contrast,3,C:\Users\ramti\Desktop\ramtin legion pc\article_project\data\raw\pdraw_spiral\test\parkinson\V04PE01.png,1,0.516991,1
pdraw_spiral,mobilenet_v3_large,contrast,3,C:\Users\ramti\Desktop\ramtin legion pc\article_project\data\raw\pdraw_spiral\test\parkinson\V05PE01.png,1,0.543074,1
pdraw_spiral,mobilenet_v3_large,contrast,3,C:\Users\ramti\Desktop\ramtin legion pc\article_project\data\raw\pdraw_spiral\test\parkinson\V06PE01.png,1,0.499175,0
pdraw_spiral,mobilenet_v3_large,contrast,3,C:\Users\ramti\Desktop\ramtin legion pc\article_project\data\raw\pdraw_spiral\test\parkinson\V07PE01.png,1,0.550136,1
pdraw_spiral,mobilenet_v3_large,contrast,3,C:\Users\ramti\Desktop\ramtin legion pc\article_project\data\raw\pdraw_spiral\test\parkinson\V08PE01.png,1,0.485805,0
pdraw_spiral,mobilenet_v3_large,contrast,3,C:\Users\ramti\Desktop\ramtin legion pc\article_project\data\raw\pdraw_spiral\test\parkinson\V09PE01.png,1,0.513975,1
pdraw_spiral,mobilenet_v3_large,contrast,3,C:\Users\ramti\Desktop\ramtin legion pc\article_project\data\raw\pdraw_spiral\test\parkinson\V10PE03.png,1,0.479337,0
pdraw_spiral,mobilenet_v3_large,contrast,3,C:\Users\ramti\Desktop\ramtin legion pc\article_project\data\raw\pdraw_spiral\test\parkinson\V11PE03.png,1,0.509186,1
pdraw_spiral,mobilenet_v3_large,contrast,3,C:\Users\ramti\Desktop\ramtin legion pc\article_project\data\raw\pdraw_spiral\test\parkinson\V14PE03.png,1,0.541593,1
pdraw_spiral,mobilenet_v3_large,contrast,3,C:\Users\ramti\Desktop\ramtin legion pc\article_project\data\raw\pdraw_spiral\test\parkinson\V15PE01.png,1,0.488200,0
pdraw_spiral,mobilenet_v3_large,contrast,4,C:\Users\ramti\Desktop\ramtin legion pc\article_project\data\raw\pdraw_spiral\test\healthy\V01HE01.png,0,0.479736,0
pdraw_spiral,mobilenet_v3_large,contrast,4,C:\Users\ramti\Desktop\ramtin legion pc\article_project\data\raw\pdraw_spiral\test\healthy\V02HE01.png,0,0.511936,1
pdraw_spiral,mobilenet_v3_large,contrast,4,C:\Users\ramti\Desktop\ramtin legion pc\article_project\data\raw\pdraw_spiral\test\healthy\V03HE1.png,0,0.462353,0
pdraw_spiral,mobilenet_v3_large,contrast,4,C:\Users\ramti\Desktop\ramtin legion pc\article_project\data\raw\pdraw_spiral\test\healthy\V04HE01.png,0,0.466439,0
pdraw_spiral,mobilenet_v3_large,contrast,4,C:\Users\ramti\Desktop\ramtin legion pc\article_project\data\raw\pdraw_spiral\test\healthy\V05HE01.png,0,0.492624,0
pdraw_spiral,mobilenet_v3_large,contrast,4,C:\Users\ramti\Desktop\ramtin legion pc\article_project\data\raw\pdraw_spiral\test\healthy\V06HE01.png,0,0.476368,0
pdraw_spiral,mobilenet_v3_large,contrast,4,C:\Users\ramti\Desktop\ramtin legion pc\article_project\data\raw\pdraw_spiral\test\healthy\V07HE01.png,0,0.502109,1
pdraw_spiral,mobilenet_v3_large,contrast,4,C:\Users\ramti\Desktop\ramtin legion pc\article_project\data\raw\pdraw_spiral\test\healthy\V08HE01.png,0,0.489389,0
pdraw_spiral,mobilenet_v3_large,contrast,4,C:\Users\ramti\Desktop\ramtin legion pc\article_project\data\raw\pdraw_spiral\test\healthy\V09HE01.png,0,0.485684,0
pdraw_spiral,mobilenet_v3_large,contrast,4,C:\Users\ramti\Desktop\ramtin legion pc\article_project\data\raw\pdraw_spiral\test\healthy\V10HE01.png,0,0.477431,0
pdraw_spiral,mobilenet_v3_large,contrast,4,C:\Users\ramti\Desktop\ramtin legion pc\article_project\data\raw\pdraw_spiral\test\healthy\V11HE01.png,0,0.469471,0
pdraw_spiral,mobilenet_v3_large,contrast,4,C:\Users\ramti\Desktop\ramtin legion pc\article_project\data\raw\pdraw_spiral\test\healthy\V55HE12.png,0,0.475090,0
pdraw_spiral,mobilenet_v3_large,contrast,4,C:\Users\ramti\Desktop\ramtin legion pc\article_project\data\raw\pdraw_spiral\test\healthy\V55HE13.png,0,0.473742,0
pdraw_spiral,mobilenet_v3_large,contrast,4,C:\Users\ramti\Desktop\ramtin legion pc\article_project\data\raw\pdraw_spiral\test\healthy\V55HE14.png,0,0.464702,0
pdraw_spiral,mobilenet_v3_large,contrast,4,C:\Users\ramti\Desktop\ramtin legion pc\article_project\data\raw\pdraw_spiral\test\healthy\V55HE15.png,0,0.460941,0
pdraw_spiral,mobilenet_v3_large,contrast,4,C:\Users\ramti\Desktop\ramtin legion pc\article_project\data\raw\pdraw_spiral\test\parkinson\V01PE01.png,1,0.485062,0
pdraw_spiral,mobilenet_v3_large,contrast,4,C:\Users\ramti\Desktop\ramtin legion pc\article_project\data\raw\pdraw_spiral\test\parkinson\V02PE01.png,1,0.517227,1
pdraw_spiral,mobilenet_v3_large,contrast,4,C:\Users\ramti\Desktop\ramtin legion pc\article_project\data\raw\pdraw_spiral\test\parkinson\V03PE01.png,1,0.553461,1
pdraw_spiral,mobilenet_v3_large,contrast,4,C:\Users\ramti\Desktop\ramtin legion pc\article_project\data\raw\pdraw_spiral\test\parkinson\V03PE04.png,1,0.545086,1
pdraw_spiral,mobilenet_v3_large,contrast,4,C:\Users\ramti\Desktop\ramtin legion pc\article_project\data\raw\pdraw_spiral\test\parkinson\V03PE07.png,1,0.538214,1
pdraw_spiral,mobilenet_v3_large,contrast,4,C:\Users\ramti\Desktop\ramtin legion pc\article_project\data\raw\pdraw_spiral\test\parkinson\V04PE01.png,1,0.529896,1
pdraw_spiral,mobilenet_v3_large,contrast,4,C:\Users\ramti\Desktop\ramtin legion pc\article_project\data\raw\pdraw_spiral\test\parkinson\V05PE01.png,1,0.543041,1
pdraw_spiral,mobilenet_v3_large,contrast,4,C:\Users\ramti\Desktop\ramtin legion pc\article_project\data\raw\pdraw_spiral\test\parkinson\V06PE01.png,1,0.498364,0
pdraw_spiral,mobilenet_v3_large,contrast,4,C:\Users\ramti\Desktop\ramtin legion pc\article_project\data\raw\pdraw_spiral\test\parkinson\V07PE01.png,1,0.550393,1
pdraw_spiral,mobilenet_v3_large,contrast,4,C:\Users\ramti\Desktop\ramtin legion pc\article_project\data\raw\pdraw_spiral\test\parkinson\V08PE01.png,1,0.487755,0
pdraw_spiral,mobilenet_v3_large,contrast,4,C:\Users\ramti\Desktop\ramtin legion pc\article_project\data\raw\pdraw_spiral\test\parkinson\V09PE01.png,1,0.515289,1
pdraw_spiral,mobilenet_v3_large,contrast,4,C:\Users\ramti\Desktop\ramtin legion pc\article_project\data\raw\pdraw_spiral\test\parkinson\V10PE03.png,1,0.483168,0
pdraw_spiral,mobilenet_v3_large,contrast,4,C:\Users\ramti\Desktop\ramtin legion pc\article_project\data\raw\pdraw_spiral\test\parkinson\V11PE03.png,1,0.508189,1
pdraw_spiral,mobilenet_v3_large,contrast,4,C:\Users\ramti\Desktop\ramtin legion pc\article_project\data\raw\pdraw_spiral\test\parkinson\V14PE03.png,1,0.541887,1
pdraw_spiral,mobilenet_v3_large,contrast,4,C:\Users\ramti\Desktop\ramtin legion pc\article_project\data\raw\pdraw_spiral\test\parkinson\V15PE01.png,1,0.487815,0
pdraw_spiral,mobilenet_v3_large,contrast,5,C:\Users\ramti\Desktop\ramtin legion pc\article_project\data\raw\pdraw_spiral\test\healthy\V01HE01.png,0,0.480743,0
pdraw_spiral,mobilenet_v3_large,contrast,5,C:\Users\ramti\Desktop\ramtin legion pc\article_project\data\raw\pdraw_spiral\test\healthy\V02HE01.png,0,0.514340,1
pdraw_spiral,mobilenet_v3_large,contrast,5,C:\Users\ramti\Desktop\ramtin legion pc\article_project\data\raw\pdraw_spiral\test\healthy\V03HE1.png,0,0.462879,0
pdraw_spiral,mobilenet_v3_large,contrast,5,C:\Users\ramti\Desktop\ramtin legion pc\article_project\data\raw\pdraw_spiral\test\healthy\V04HE01.png,0,0.467559,0
pdraw_spiral,mobilenet_v3_large,contrast,5,C:\Users\ramti\Desktop\ramtin legion pc\article_project\data\raw\pdraw_spiral\test\healthy\V05HE01.png,0,0.493671,0
pdraw_spiral,mobilenet_v3_large,contrast,5,C:\Users\ramti\Desktop\ramtin legion pc\article_project\data\raw\pdraw_spiral\test\healthy\V06HE01.png,0,0.475291,0
pdraw_spiral,mobilenet_v3_large,contrast,5,C:\Users\ramti\Desktop\ramtin legion pc\article_project\data\raw\pdraw_spiral\test\healthy\V07HE01.png,0,0.502489,1
pdraw_spiral,mobilenet_v3_large,contrast,5,C:\Users\ramti\Desktop\ramtin legion pc\article_project\data\raw\pdraw_spiral\test\healthy\V08HE01.png,0,0.490102,0
pdraw_spiral,mobilenet_v3_large,contrast,5,C:\Users\ramti\Desktop\ramtin legion pc\article_project\data\raw\pdraw_spiral\test\healthy\V09HE01.png,0,0.488703,0
pdraw_spiral,mobilenet_v3_large,contrast,5,C:\Users\ramti\Desktop\ramtin legion pc\article_project\data\raw\pdraw_spiral\test\healthy\V10HE01.png,0,0.475621,0
pdraw_spiral,mobilenet_v3_large,contrast,5,C:\Users\ramti\Desktop\ramtin legion pc\article_project\data\raw\pdraw_spiral\test\healthy\V11HE01.png,0,0.471206,0
pdraw_spiral,mobilenet_v3_large,contrast,5,C:\Users\ramti\Desktop\ramtin legion pc\article_project\data\raw\pdraw_spiral\test\healthy\V55HE12.png,0,0.472235,0
pdraw_spiral,mobilenet_v3_large,contrast,5,C:\Users\ramti\Desktop\ramtin legion pc\article_project\data\raw\pdraw_spiral\test\healthy\V55HE13.png,0,0.474483,0
pdraw_spiral,mobilenet_v3_large,contrast,5,C:\Users\ramti\Desktop\ramtin legion pc\article_project\data\raw\pdraw_spiral\test\healthy\V55HE14.png,0,0.464534,0
pdraw_spiral,mobilenet_v3_large,contrast,5,C:\Users\ramti\Desktop\ramtin legion pc\article_project\data\raw\pdraw_spiral\test\healthy\V55HE15.png,0,0.461757,0
pdraw_spiral,mobilenet_v3_large,contrast,5,C:\Users\ramti\Desktop\ramtin legion pc\article_project\data\raw\pdraw_spiral\test\parkinson\V01PE01.png,1,0.482221,0
pdraw_spiral,mobilenet_v3_large,contrast,5,C:\Users\ramti\Desktop\ramtin legion pc\article_project\data\raw\pdraw_spiral\test\parkinson\V02PE01.png,1,0.515626,1
pdraw_spiral,mobilenet_v3_large,contrast,5,C:\Users\ramti\Desktop\ramtin legion pc\article_project\data\raw\pdraw_spiral\test\parkinson\V03PE01.png,1,0.551866,1
pdraw_spiral,mobilenet_v3_large,contrast,5,C:\Users\ramti\Desktop\ramtin legion pc\article_project\data\raw\pdraw_spiral\test\parkinson\V03PE04.png,1,0.543898,1
pdraw_spiral,mobilenet_v3_large,contrast,5,C:\Users\ramti\Desktop\ramtin legion pc\article_project\data\raw\pdraw_spiral\test\parkinson\V03PE07.png,1,0.536072,1
pdraw_spiral,mobilenet_v3_large,contrast,5,C:\Users\ramti\Desktop\ramtin legion pc\article_project\data\raw\pdraw_spiral\test\parkinson\V04PE01.png,1,0.536128,1
pdraw_spiral,mobilenet_v3_large,contrast,5,C:\Users\ramti\Desktop\ramtin legion pc\article_project\data\raw\pdraw_spiral\test\parkinson\V05PE01.png,1,0.541759,1
pdraw_spiral,mobilenet_v3_large,contrast,5,C:\Users\ramti\Desktop\ramtin legion pc\article_project\data\raw\pdraw_spiral\test\parkinson\V06PE01.png,1,0.498200,0
pdraw_spiral,mobilenet_v3_large,contrast,5,C:\Users\ramti\Desktop\ramtin legion pc\article_project\data\raw\pdraw_spiral\test\parkinson\V07PE01.png,1,0.549870,1
pdraw_spiral,mobilenet_v3_large,contrast,5,C:\Users\ramti\Desktop\ramtin legion pc\article_project\data\raw\pdraw_spiral\test\parkinson\V08PE01.png,1,0.488522,0
pdraw_spiral,mobilenet_v3_large,contrast,5,C:\Users\ramti\Desktop\ramtin legion pc\article_project\data\raw\pdraw_spiral\test\parkinson\V09PE01.png,1,0.516799,1
pdraw_spiral,mobilenet_v3_large,contrast,5,C:\Users\ramti\Desktop\ramtin legion pc\article_project\data\raw\pdraw_spiral\test\parkinson\V10PE03.png,1,0.485613,0
pdraw_spiral,mobilenet_v3_large,contrast,5,C:\Users\ramti\Desktop\ramtin legion pc\article_project\data\raw\pdraw_spiral\test\parkinson\V11PE03.png,1,0.508456,1
pdraw_spiral,mobilenet_v3_large,contrast,5,C:\Users\ramti\Desktop\ramtin legion pc\article_project\data\raw\pdraw_spiral\test\parkinson\V14PE03.png,1,0.544726,1
pdraw_spiral,mobilenet_v3_large,contrast,5,C:\Users\ramti\Desktop\ramtin legion pc\article_project\data\raw\pdraw_spiral\test\parkinson\V15PE01.png,1,0.487473,0
pdraw_spiral,mobilenet_v3_large,brightness,1,C:\Users\ramti\Desktop\ramtin legion pc\article_project\data\raw\pdraw_spiral\test\healthy\V01HE01.png,0,0.482879,0
pdraw_spiral,mobilenet_v3_large,brightness,1,C:\Users\ramti\Desktop\ramtin legion pc\article_project\data\raw\pdraw_spiral\test\healthy\V02HE01.png,0,0.515547,1
pdraw_spiral,mobilenet_v3_large,brightness,1,C:\Users\ramti\Desktop\ramtin legion pc\article_project\data\raw\pdraw_spiral\test\healthy\V03HE1.png,0,0.460931,0
pdraw_spiral,mobilenet_v3_large,brightness,1,C:\Users\ramti\Desktop\ramtin legion pc\article_project\data\raw\pdraw_spiral\test\healthy\V04HE01.png,0,0.477853,0
pdraw_spiral,mobilenet_v3_large,brightness,1,C:\Users\ramti\Desktop\ramtin legion pc\article_project\data\raw\pdraw_spiral\test\healthy\V05HE01.png,0,0.487592,0
pdraw_spiral,mobilenet_v3_large,brightness,1,C:\Users\ramti\Desktop\ramtin legion pc\article_project\data\raw\pdraw_spiral\test\healthy\V06HE01.png,0,0.472113,0
pdraw_spiral,mobilenet_v3_large,brightness,1,C:\Users\ramti\Desktop\ramtin legion pc\article_project\data\raw\pdraw_spiral\test\healthy\V07HE01.png,0,0.501362,1
pdraw_spiral,mobilenet_v3_large,brightness,1,C:\Users\ramti\Desktop\ramtin legion pc\article_project\data\raw\pdraw_spiral\test\healthy\V08HE01.png,0,0.493161,0
pdraw_spiral,mobilenet_v3_large,brightness,1,C:\Users\ramti\Desktop\ramtin legion pc\article_project\data\raw\pdraw_spiral\test\healthy\V09HE01.png,0,0.477293,0
pdraw_spiral,mobilenet_v3_large,brightness,1,C:\Users\ramti\Desktop\ramtin legion pc\article_project\data\raw\pdraw_spiral\test\healthy\V10HE01.png,0,0.474721,0
pdraw_spiral,mobilenet_v3_large,brightness,1,C:\Users\ramti\Desktop\ramtin legion pc\article_project\data\raw\pdraw_spiral\test\healthy\V11HE01.png,0,0.475978,0
pdraw_spiral,mobilenet_v3_large,brightness,1,C:\Users\ramti\Desktop\ramtin legion pc\article_project\data\raw\pdraw_spiral\test\healthy\V55HE12.png,0,0.474151,0
pdraw_spiral,mobilenet_v3_large,brightness,1,C:\Users\ramti\Desktop\ramtin legion pc\article_project\data\raw\pdraw_spiral\test\healthy\V55HE13.png,0,0.483548,0
pdraw_spiral,mobilenet_v3_large,brightness,1,C:\Users\ramti\Desktop\ramtin legion pc\article_project\data\raw\pdraw_spiral\test\healthy\V55HE14.png,0,0.479894,0
pdraw_spiral,mobilenet_v3_large,brightness,1,C:\Users\ramti\Desktop\ramtin legion pc\article_project\data\raw\pdraw_spiral\test\healthy\V55HE15.png,0,0.469785,0
pdraw_spiral,mobilenet_v3_large,brightness,1,C:\Users\ramti\Desktop\ramtin legion pc\article_project\data\raw\pdraw_spiral\test\parkinson\V01PE01.png,1,0.491360,0
pdraw_spiral,mobilenet_v3_large,brightness,1,C:\Users\ramti\Desktop\ramtin legion pc\article_project\data\raw\pdraw_spiral\test\parkinson\V02PE01.png,1,0.513690,1
pdraw_spiral,mobilenet_v3_large,brightness,1,C:\Users\ramti\Desktop\ramtin legion pc\article_project\data\raw\pdraw_spiral\test\parkinson\V03PE01.png,1,0.545649,1
pdraw_spiral,mobilenet_v3_large,brightness,1,C:\Users\ramti\Desktop\ramtin legion pc\article_project\data\raw\pdraw_spiral\test\parkinson\V03PE04.png,1,0.550428,1
pdraw_spiral,mobilenet_v3_large,brightness,1,C:\Users\ramti\Desktop\ramtin legion pc\article_project\data\raw\pdraw_spiral\test\parkinson\V03PE07.png,1,0.536833,1
pdraw_spiral,mobilenet_v3_large,brightness,1,C:\Users\ramti\Desktop\ramtin legion pc\article_project\data\raw\pdraw_spiral\test\parkinson\V04PE01.png,1,0.512616,1
pdraw_spiral,mobilenet_v3_large,brightness,1,C:\Users\ramti\Desktop\ramtin legion pc\article_project\data\raw\pdraw_spiral\test\parkinson\V05PE01.png,1,0.539738,1
pdraw_spiral,mobilenet_v3_large,brightness,1,C:\Users\ramti\Desktop\ramtin legion pc\article_project\data\raw\pdraw_spiral\test\parkinson\V06PE01.png,1,0.497611,0
pdraw_spiral,mobilenet_v3_large,brightness,1,C:\Users\ramti\Desktop\ramtin legion pc\article_project\data\raw\pdraw_spiral\test\parkinson\V07PE01.png,1,0.552620,1
pdraw_spiral,mobilenet_v3_large,brightness,1,C:\Users\ramti\Desktop\ramtin legion pc\article_project\data\raw\pdraw_spiral\test\parkinson\V08PE01.png,1,0.485737,0
pdraw_spiral,mobilenet_v3_large,brightness,1,C:\Users\ramti\Desktop\ramtin legion pc\article_project\data\raw\pdraw_spiral\test\parkinson\V09PE01.png,1,0.508562,1
pdraw_spiral,mobilenet_v3_large,brightness,1,C:\Users\ramti\Desktop\ramtin legion pc\article_project\data\raw\pdraw_spiral\test\parkinson\V10PE03.png,1,0.470185,0
pdraw_spiral,mobilenet_v3_large,brightness,1,C:\Users\ramti\Desktop\ramtin legion pc\article_project\data\raw\pdraw_spiral\test\parkinson\V11PE03.png,1,0.507288,1
pdraw_spiral,mobilenet_v3_large,brightness,1,C:\Users\ramti\Desktop\ramtin legion pc\article_project\data\raw\pdraw_spiral\test\parkinson\V14PE03.png,1,0.534143,1
pdraw_spiral,mobilenet_v3_large,brightness,1,C:\Users\ramti\Desktop\ramtin legion pc\article_project\data\raw\pdraw_spiral\test\parkinson\V15PE01.png,1,0.487701,0
pdraw_spiral,mobilenet_v3_large,brightness,2,C:\Users\ramti\Desktop\ramtin legion pc\article_project\data\raw\pdraw_spiral\test\healthy\V01HE01.png,0,0.481571,0
pdraw_spiral,mobilenet_v3_large,brightness,2,C:\Users\ramti\Desktop\ramtin legion pc\article_project\data\raw\pdraw_spiral\test\healthy\V02HE01.png,0,0.517523,1
pdraw_spiral,mobilenet_v3_large,brightness,2,C:\Users\ramti\Desktop\ramtin legion pc\article_project\data\raw\pdraw_spiral\test\healthy\V03HE1.png,0,0.460011,0
pdraw_spiral,mobilenet_v3_large,brightness,2,C:\Users\ramti\Desktop\ramtin legion pc\article_project\data\raw\pdraw_spiral\test\healthy\V04HE01.png,0,0.479379,0
pdraw_spiral,mobilenet_v3_large,brightness,2,C:\Users\ramti\Desktop\ramtin legion pc\article_project\data\raw\pdraw_spiral\test\healthy\V05HE01.png,0,0.483717,0
pdraw_spiral,mobilenet_v3_large,brightness,2,C:\Users\ramti\Desktop\ramtin legion pc\article_project\data\raw\pdraw_spiral\test\healthy\V06HE01.png,0,0.472437,0
pdraw_spiral,mobilenet_v3_large,brightness,2,C:\Users\ramti\Desktop\ramtin legion pc\article_project\data\raw\pdraw_spiral\test\healthy\V07HE01.png,0,0.498474,0
pdraw_spiral,mobilenet_v3_large,brightness,2,C:\Users\ramti\Desktop\ramtin legion pc\article_project\data\raw\pdraw_spiral\test\healthy\V08HE01.png,0,0.495288,0
pdraw_spiral,mobilenet_v3_large,brightness,2,C:\Users\ramti\Desktop\ramtin legion pc\article_project\data\raw\pdraw_spiral\test\healthy\V09HE01.png,0,0.479552,0
pdraw_spiral,mobilenet_v3_large,brightness,2,C:\Users\ramti\Desktop\ramtin legion pc\article_project\data\raw\pdraw_spiral\test\healthy\V10HE01.png,0,0.474502,0
pdraw_spiral,mobilenet_v3_large,brightness,2,C:\Users\ramti\Desktop\ramtin legion pc\article_project\data\raw\pdraw_spiral\test\healthy\V11HE01.png,0,0.474549,0
pdraw_spiral,mobilenet_v3_large,brightness,2,C:\Users\ramti\Desktop\ramtin legion pc\article_project\data\raw\pdraw_spiral\test\healthy\V55HE12.png,0,0.475894,0
pdraw_spiral,mobilenet_v3_large,brightness,2,C:\Users\ramti\Desktop\ramtin legion pc\article_project\data\raw\pdraw_spiral\test\healthy\V55HE13.png,0,0.482068,0
pdraw_spiral,mobilenet_v3_large,brightness,2,C:\Users\ramti\Desktop\ramtin legion pc\article_project\data\raw\pdraw_spiral\test\healthy\V55HE14.png,0,0.478888,0
pdraw_spiral,mobilenet_v3_large,brightness,2,C:\Users\ramti\Desktop\ramtin legion pc\article_project\data\raw\pdraw_spiral\test\healthy\V55HE15.png,0,0.471777,0
pdraw_spiral,mobilenet_v3_large,brightness,2,C:\Users\ramti\Desktop\ramtin legion pc\article_project\data\raw\pdraw_spiral\test\parkinson\V01PE01.png,1,0.492018,0
pdraw_spiral,mobilenet_v3_large,brightness,2,C:\Users\ramti\Desktop\ramtin legion pc\article_project\data\raw\pdraw_spiral\test\parkinson\V02PE01.png,1,0.511751,1
pdraw_spiral,mobilenet_v3_large,brightness,2,C:\Users\ramti\Desktop\ramtin legion pc\article_project\data\raw\pdraw_spiral\test\parkinson\V03PE01.png,1,0.552789,1
pdraw_spiral,mobilenet_v3_large,brightness,2,C:\Users\ramti\Desktop\ramtin legion pc\article_project\data\raw\pdraw_spiral\test\parkinson\V03PE04.png,1,0.549010,1
pdraw_spiral,mobilenet_v3_large,brightness,2,C:\Users\ramti\Desktop\ramtin legion pc\article_project\data\raw\pdraw_spiral\test\parkinson\V03PE07.png,1,0.540587,1
pdraw_spiral,mobilenet_v3_large,brightness,2,C:\Users\ramti\Desktop\ramtin legion pc\article_project\data\raw\pdraw_spiral\test\parkinson\V04PE01.png,1,0.512646,1
pdraw_spiral,mobilenet_v3_large,brightness,2,C:\Users\ramti\Desktop\ramtin legion pc\article_project\data\raw\pdraw_spiral\test\parkinson\V05PE01.png,1,0.539673,1
pdraw_spiral,mobilenet_v3_large,brightness,2,C:\Users\ramti\Desktop\ramtin legion pc\article_project\data\raw\pdraw_spiral\test\parkinson\V06PE01.png,1,0.499182,0
pdraw_spiral,mobilenet_v3_large,brightness,2,C:\Users\ramti\Desktop\ramtin legion pc\article_project\data\raw\pdraw_spiral\test\parkinson\V07PE01.png,1,0.550502,1
pdraw_spiral,mobilenet_v3_large,brightness,2,C:\Users\ramti\Desktop\ramtin legion pc\article_project\data\raw\pdraw_spiral\test\parkinson\V08PE01.png,1,0.485740,0
pdraw_spiral,mobilenet_v3_large,brightness,2,C:\Users\ramti\Desktop\ramtin legion pc\article_project\data\raw\pdraw_spiral\test\parkinson\V09PE01.png,1,0.507219,1
pdraw_spiral,mobilenet_v3_large,brightness,2,C:\Users\ramti\Desktop\ramtin legion pc\article_project\data\raw\pdraw_spiral\test\parkinson\V10PE03.png,1,0.468638,0
pdraw_spiral,mobilenet_v3_large,brightness,2,C:\Users\ramti\Desktop\ramtin legion pc\article_project\data\raw\pdraw_spiral\test\parkinson\V11PE03.png,1,0.503234,1
pdraw_spiral,mobilenet_v3_large,brightness,2,C:\Users\ramti\Desktop\ramtin legion pc\article_project\data\raw\pdraw_spiral\test\parkinson\V14PE03.png,1,0.536782,1
pdraw_spiral,mobilenet_v3_large,brightness,2,C:\Users\ramti\Desktop\ramtin legion pc\article_project\data\raw\pdraw_spiral\test\parkinson\V15PE01.png,1,0.486006,0
pdraw_spiral,mobilenet_v3_large,brightness,3,C:\Users\ramti\Desktop\ramtin legion pc\article_project\data\raw\pdraw_spiral\test\healthy\V01HE01.png,0,0.479461,0
pdraw_spiral,mobilenet_v3_large,brightness,3,C:\Users\ramti\Desktop\ramtin legion pc\article_project\data\raw\pdraw_spiral\test\healthy\V02HE01.png,0,0.516822,1
pdraw_spiral,mobilenet_v3_large,brightness,3,C:\Users\ramti\Desktop\ramtin legion pc\article_project\data\raw\pdraw_spiral\test\healthy\V03HE1.png,0,0.461343,0
pdraw_spiral,mobilenet_v3_large,brightness,3,C:\Users\ramti\Desktop\ramtin legion pc\article_project\data\raw\pdraw_spiral\test\healthy\V04HE01.png,0,0.475610,0
pdraw_spiral,mobilenet_v3_large,brightness,3,C:\Users\ramti\Desktop\ramtin legion pc\article_project\data\raw\pdraw_spiral\test\healthy\V05HE01.png,0,0.484996,0
pdraw_spiral,mobilenet_v3_large,brightness,3,C:\Users\ramti\Desktop\ramtin legion pc\article_project\data\raw\pdraw_spiral\test\healthy\V06HE01.png,0,0.474505,0
pdraw_spiral,mobilenet_v3_large,brightness,3,C:\Users\ramti\Desktop\ramtin legion pc\article_project\data\raw\pdraw_spiral\test\healthy\V07HE01.png,0,0.498640,0
pdraw_spiral,mobilenet_v3_large,brightness,3,C:\Users\ramti\Desktop\ramtin legion pc\article_project\data\raw\pdraw_spiral\test\healthy\V08HE01.png,0,0.492753,0
pdraw_spiral,mobilenet_v3_large,brightness,3,C:\Users\ramti\Desktop\ramtin legion pc\article_project\data\raw\pdraw_spiral\test\healthy\V09HE01.png,0,0.479166,0
pdraw_spiral,mobilenet_v3_large,brightness,3,C:\Users\ramti\Desktop\ramtin legion pc\article_project\data\raw\pdraw_spiral\test\healthy\V10HE01.png,0,0.476203,0
pdraw_spiral,mobilenet_v3_large,brightness,3,C:\Users\ramti\Desktop\ramtin legion pc\article_project\data\raw\pdraw_spiral\test\healthy\V11HE01.png,0,0.474094,0
pdraw_spiral,mobilenet_v3_large,brightness,3,C:\Users\ramti\Desktop\ramtin legion pc\article_project\data\raw\pdraw_spiral\test\healthy\V55HE12.png,0,0.476540,0
pdraw_spiral,mobilenet_v3_large,brightness,3,C:\Users\ramti\Desktop\ramtin legion pc\article_project\data\raw\pdraw_spiral\test\healthy\V55HE13.png,0,0.480722,0
pdraw_spiral,mobilenet_v3_large,brightness,3,C:\Users\ramti\Desktop\ramtin legion pc\article_project\data\raw\pdraw_spiral\test\healthy\V55HE14.png,0,0.473204,0
pdraw_spiral,mobilenet_v3_large,brightness,3,C:\Users\ramti\Desktop\ramtin legion pc\article_project\data\raw\pdraw_spiral\test\healthy\V55HE15.png,0,0.470302,0
pdraw_spiral,mobilenet_v3_large,brightness,3,C:\Users\ramti\Desktop\ramtin legion pc\article_project\data\raw\pdraw_spiral\test\parkinson\V01PE01.png,1,0.491751,0
pdraw_spiral,mobilenet_v3_large,brightness,3,C:\Users\ramti\Desktop\ramtin legion pc\article_project\data\raw\pdraw_spiral\test\parkinson\V02PE01.png,1,0.512318,1
pdraw_spiral,mobilenet_v3_large,brightness,3,C:\Users\ramti\Desktop\ramtin legion pc\article_project\data\raw\pdraw_spiral\test\parkinson\V03PE01.png,1,0.554829,1
pdraw_spiral,mobilenet_v3_large,brightness,3,C:\Users\ramti\Desktop\ramtin legion pc\article_project\data\raw\pdraw_spiral\test\parkinson\V03PE04.png,1,0.548731,1
pdraw_spiral,mobilenet_v3_large,brightness,3,C:\Users\ramti\Desktop\ramtin legion pc\article_project\data\raw\pdraw_spiral\test\parkinson\V03PE07.png,1,0.539753,1
pdraw_spiral,mobilenet_v3_large,brightness,3,C:\Users\ramti\Desktop\ramtin legion pc\article_project\data\raw\pdraw_spiral\test\parkinson\V04PE01.png,1,0.516157,1
pdraw_spiral,mobilenet_v3_large,brightness,3,C:\Users\ramti\Desktop\ramtin legion pc\article_project\data\raw\pdraw_spiral\test\parkinson\V05PE01.png,1,0.542561,1
pdraw_spiral,mobilenet_v3_large,brightness,3,C:\Users\ramti\Desktop\ramtin legion pc\article_project\data\raw\pdraw_spiral\test\parkinson\V06PE01.png,1,0.499353,0
pdraw_spiral,mobilenet_v3_large,brightness,3,C:\Users\ramti\Desktop\ramtin legion pc\article_project\data\raw\pdraw_spiral\test\parkinson\V07PE01.png,1,0.550964,1
pdraw_spiral,mobilenet_v3_large,brightness,3,C:\Users\ramti\Desktop\ramtin legion pc\article_project\data\raw\pdraw_spiral\test\parkinson\V08PE01.png,1,0.487275,0
pdraw_spiral,mobilenet_v3_large,brightness,3,C:\Users\ramti\Desktop\ramtin legion pc\article_project\data\raw\pdraw_spiral\test\parkinson\V09PE01.png,1,0.508160,1
pdraw_spiral,mobilenet_v3_large,brightness,3,C:\Users\ramti\Desktop\ramtin legion pc\article_project\data\raw\pdraw_spiral\test\parkinson\V10PE03.png,1,0.471043,0
pdraw_spiral,mobilenet_v3_large,brightness,3,C:\Users\ramti\Desktop\ramtin legion pc\article_project\data\raw\pdraw_spiral\test\parkinson\V11PE03.png,1,0.504666,1
pdraw_spiral,mobilenet_v3_large,brightness,3,C:\Users\ramti\Desktop\ramtin legion pc\article_project\data\raw\pdraw_spiral\test\parkinson\V14PE03.png,1,0.539390,1
pdraw_spiral,mobilenet_v3_large,brightness,3,C:\Users\ramti\Desktop\ramtin legion pc\article_project\data\raw\pdraw_spiral\test\parkinson\V15PE01.png,1,0.486475,0
pdraw_spiral,mobilenet_v3_large,brightness,4,C:\Users\ramti\Desktop\ramtin legion pc\article_project\data\raw\pdraw_spiral\test\healthy\V01HE01.png,0,0.510412,1
pdraw_spiral,mobilenet_v3_large,brightness,4,C:\Users\ramti\Desktop\ramtin legion pc\article_project\data\raw\pdraw_spiral\test\healthy\V02HE01.png,0,0.503758,1
pdraw_spiral,mobilenet_v3_large,brightness,4,C:\Users\ramti\Desktop\ramtin legion pc\article_project\data\raw\pdraw_spiral\test\healthy\V03HE1.png,0,0.511714,1
pdraw_spiral,mobilenet_v3_large,brightness,4,C:\Users\ramti\Desktop\ramtin legion pc\article_project\data\raw\pdraw_spiral\test\healthy\V04HE01.png,0,0.476761,0
pdraw_spiral,mobilenet_v3_large,brightness,4,C:\Users\ramti\Desktop\ramtin legion pc\article_project\data\raw\pdraw_spiral\test\healthy\V05HE01.png,0,0.519056,1
pdraw_spiral,mobilenet_v3_large,brightness,4,C:\Users\ramti\Desktop\ramtin legion pc\article_project\data\raw\pdraw_spiral\test\healthy\V06HE01.png,0,0.500642,1
pdraw_spiral,mobilenet_v3_large,brightness,4,C:\Users\ramti\Desktop\ramtin legion pc\article_project\data\raw\pdraw_spiral\test\healthy\V07HE01.png,0,0.514020,1
pdraw_spiral,mobilenet_v3_large,brightness,4,C:\Users\ramti\Desktop\ramtin legion pc\article_project\data\raw\pdraw_spiral\test\healthy\V08HE01.png,0,0.505442,1
pdraw_spiral,mobilenet_v3_large,brightness,4,C:\Users\ramti\Desktop\ramtin legion pc\article_project\data\raw\pdraw_spiral\test\healthy\V09HE01.png,0,0.498913,0
pdraw_spiral,mobilenet_v3_large,brightness,4,C:\Users\ramti\Desktop\ramtin legion pc\article_project\data\raw\pdraw_spiral\test\healthy\V10HE01.png,0,0.500423,1
pdraw_spiral,mobilenet_v3_large,brightness,4,C:\Users\ramti\Desktop\ramtin legion pc\article_project\data\raw\pdraw_spiral\test\healthy\V11HE01.png,0,0.486072,0
pdraw_spiral,mobilenet_v3_large,brightness,4,C:\Users\ramti\Desktop\ramtin legion pc\article_project\data\raw\pdraw_spiral\test\healthy\V55HE12.png,0,0.496751,0
pdraw_spiral,mobilenet_v3_large,brightness,4,C:\Users\ramti\Desktop\ramtin legion pc\article_project\data\raw\pdraw_spiral\test\healthy\V55HE13.png,0,0.513307,1
pdraw_spiral,mobilenet_v3_large,brightness,4,C:\Users\ramti\Desktop\ramtin legion pc\article_project\data\raw\pdraw_spiral\test\healthy\V55HE14.png,0,0.486407,0
pdraw_spiral,mobilenet_v3_large,brightness,4,C:\Users\ramti\Desktop\ramtin legion pc\article_project\data\raw\pdraw_spiral\test\healthy\V55HE15.png,0,0.484406,0
pdraw_spiral,mobilenet_v3_large,brightness,4,C:\Users\ramti\Desktop\ramtin legion pc\article_project\data\raw\pdraw_spiral\test\parkinson\V01PE01.png,1,0.508326,1
pdraw_spiral,mobilenet_v3_large,brightness,4,C:\Users\ramti\Desktop\ramtin legion pc\article_project\data\raw\pdraw_spiral\test\parkinson\V02PE01.png,1,0.529862,1
pdraw_spiral,mobilenet_v3_large,brightness,4,C:\Users\ramti\Desktop\ramtin legion pc\article_project\data\raw\pdraw_spiral\test\parkinson\V03PE01.png,1,0.527742,1
pdraw_spiral,mobilenet_v3_large,brightness,4,C:\Users\ramti\Desktop\ramtin legion pc\article_project\data\raw\pdraw_spiral\test\parkinson\V03PE04.png,1,0.536108,1
pdraw_spiral,mobilenet_v3_large,brightness,4,C:\Users\ramti\Desktop\ramtin legion pc\article_project\data\raw\pdraw_spiral\test\parkinson\V03PE07.png,1,0.517636,1
pdraw_spiral,mobilenet_v3_large,brightness,4,C:\Users\ramti\Desktop\ramtin legion pc\article_project\data\raw\pdraw_spiral\test\parkinson\V04PE01.png,1,0.536995,1
pdraw_spiral,mobilenet_v3_large,brightness,4,C:\Users\ramti\Desktop\ramtin legion pc\article_project\data\raw\pdraw_spiral\test\parkinson\V05PE01.png,1,0.519429,1
pdraw_spiral,mobilenet_v3_large,brightness,4,C:\Users\ramti\Desktop\ramtin legion pc\article_project\data\raw\pdraw_spiral\test\parkinson\V06PE01.png,1,0.512645,1
pdraw_spiral,mobilenet_v3_large,brightness,4,C:\Users\ramti\Desktop\ramtin legion pc\article_project\data\raw\pdraw_spiral\test\parkinson\V07PE01.png,1,0.534577,1
pdraw_spiral,mobilenet_v3_large,brightness,4,C:\Users\ramti\Desktop\ramtin legion pc\article_project\data\raw\pdraw_spiral\test\parkinson\V08PE01.png,1,0.526308,1
pdraw_spiral,mobilenet_v3_large,brightness,4,C:\Users\ramti\Desktop\ramtin legion pc\article_project\data\raw\pdraw_spiral\test\parkinson\V09PE01.png,1,0.528238,1
pdraw_spiral,mobilenet_v3_large,brightness,4,C:\Users\ramti\Desktop\ramtin legion pc\article_project\data\raw\pdraw_spiral\test\parkinson\V10PE03.png,1,0.511858,1
pdraw_spiral,mobilenet_v3_large,brightness,4,C:\Users\ramti\Desktop\ramtin legion pc\article_project\data\raw\pdraw_spiral\test\parkinson\V11PE03.png,1,0.525674,1
pdraw_spiral,mobilenet_v3_large,brightness,4,C:\Users\ramti\Desktop\ramtin legion pc\article_project\data\raw\pdraw_spiral\test\parkinson\V14PE03.png,1,0.527774,1
pdraw_spiral,mobilenet_v3_large,brightness,4,C:\Users\ramti\Desktop\ramtin legion pc\article_project\data\raw\pdraw_spiral\test\parkinson\V15PE01.png,1,0.520110,1
pdraw_spiral,mobilenet_v3_large,brightness,5,C:\Users\ramti\Desktop\ramtin legion pc\article_project\data\raw\pdraw_spiral\test\healthy\V01HE01.png,0,0.511234,1
pdraw_spiral,mobilenet_v3_large,brightness,5,C:\Users\ramti\Desktop\ramtin legion pc\article_project\data\raw\pdraw_spiral\test\healthy\V02HE01.png,0,0.510065,1
pdraw_spiral,mobilenet_v3_large,brightness,5,C:\Users\ramti\Desktop\ramtin legion pc\article_project\data\raw\pdraw_spiral\test\healthy\V03HE1.png,0,0.517906,1
pdraw_spiral,mobilenet_v3_large,brightness,5,C:\Users\ramti\Desktop\ramtin legion pc\article_project\data\raw\pdraw_spiral\test\healthy\V04HE01.png,0,0.470972,0
pdraw_spiral,mobilenet_v3_large,brightness,5,C:\Users\ramti\Desktop\ramtin legion pc\article_project\data\raw\pdraw_spiral\test\healthy\V05HE01.png,0,0.522981,1
pdraw_spiral,mobilenet_v3_large,brightness,5,C:\Users\ramti\Desktop\ramtin legion pc\article_project\data\raw\pdraw_spiral\test\healthy\V06HE01.png,0,0.503652,1
pdraw_spiral,mobilenet_v3_large,brightness,5,C:\Users\ramti\Desktop\ramtin legion pc\article_project\data\raw\pdraw_spiral\test\healthy\V07HE01.png,0,0.511240,1
pdraw_spiral,mobilenet_v3_large,brightness,5,C:\Users\ramti\Desktop\ramtin legion pc\article_project\data\raw\pdraw_spiral\test\healthy\V08HE01.png,0,0.506379,1
pdraw_spiral,mobilenet_v3_large,brightness,5,C:\Users\ramti\Desktop\ramtin legion pc\article_project\data\raw\pdraw_spiral\test\healthy\V09HE01.png,0,0.497460,0
pdraw_spiral,mobilenet_v3_large,brightness,5,C:\Users\ramti\Desktop\ramtin legion pc\article_project\data\raw\pdraw_spiral\test\healthy\V10HE01.png,0,0.515903,1
pdraw_spiral,mobilenet_v3_large,brightness,5,C:\Users\ramti\Desktop\ramtin legion pc\article_project\data\raw\pdraw_spiral\test\healthy\V11HE01.png,0,0.487204,0
pdraw_spiral,mobilenet_v3_large,brightness,5,C:\Users\ramti\Desktop\ramtin legion pc\article_project\data\raw\pdraw_spiral\test\healthy\V55HE12.png,0,0.508426,1
pdraw_spiral,mobilenet_v3_large,brightness,5,C:\Users\ramti\Desktop\ramtin legion pc\article_project\data\raw\pdraw_spiral\test\healthy\V55HE13.png,0,0.510923,1
pdraw_spiral,mobilenet_v3_large,brightness,5,C:\Users\ramti\Desktop\ramtin legion pc\article_project\data\raw\pdraw_spiral\test\healthy\V55HE14.png,0,0.485024,0
pdraw_spiral,mobilenet_v3_large,brightness,5,C:\Users\ramti\Desktop\ramtin legion pc\article_project\data\raw\pdraw_spiral\test\healthy\V55HE15.png,0,0.484067,0
pdraw_spiral,mobilenet_v3_large,brightness,5,C:\Users\ramti\Desktop\ramtin legion pc\article_project\data\raw\pdraw_spiral\test\parkinson\V01PE01.png,1,0.504743,1
pdraw_spiral,mobilenet_v3_large,brightness,5,C:\Users\ramti\Desktop\ramtin legion pc\article_project\data\raw\pdraw_spiral\test\parkinson\V02PE01.png,1,0.527789,1
pdraw_spiral,mobilenet_v3_large,brightness,5,C:\Users\ramti\Desktop\ramtin legion pc\article_project\data\raw\pdraw_spiral\test\parkinson\V03PE01.png,1,0.533337,1
pdraw_spiral,mobilenet_v3_large,brightness,5,C:\Users\ramti\Desktop\ramtin legion pc\article_project\data\raw\pdraw_spiral\test\parkinson\V03PE04.png,1,0.535982,1
pdraw_spiral,mobilenet_v3_large,brightness,5,C:\Users\ramti\Desktop\ramtin legion pc\article_project\data\raw\pdraw_spiral\test\parkinson\V03PE07.png,1,0.521958,1
pdraw_spiral,mobilenet_v3_large,brightness,5,C:\Users\ramti\Desktop\ramtin legion pc\article_project\data\raw\pdraw_spiral\test\parkinson\V04PE01.png,1,0.529561,1
pdraw_spiral,mobilenet_v3_large,brightness,5,C:\Users\ramti\Desktop\ramtin legion pc\article_project\data\raw\pdraw_spiral\test\parkinson\V05PE01.png,1,0.515766,1
pdraw_spiral,mobilenet_v3_large,brightness,5,C:\Users\ramti\Desktop\ramtin legion pc\article_project\data\raw\pdraw_spiral\test\parkinson\V06PE01.png,1,0.512050,1
pdraw_spiral,mobilenet_v3_large,brightness,5,C:\Users\ramti\Desktop\ramtin legion pc\article_project\data\raw\pdraw_spiral\test\parkinson\V07PE01.png,1,0.520035,1
pdraw_spiral,mobilenet_v3_large,brightness,5,C:\Users\ramti\Desktop\ramtin legion pc\article_project\data\raw\pdraw_spiral\test\parkinson\V08PE01.png,1,0.527492,1
pdraw_spiral,mobilenet_v3_large,brightness,5,C:\Users\ramti\Desktop\ramtin legion pc\article_project\data\raw\pdraw_spiral\test\parkinson\V09PE01.png,1,0.531360,1
pdraw_spiral,mobilenet_v3_large,brightness,5,C:\Users\ramti\Desktop\ramtin legion pc\article_project\data\raw\pdraw_spiral\test\parkinson\V10PE03.png,1,0.507636,1
pdraw_spiral,mobilenet_v3_large,brightness,5,C:\Users\ramti\Desktop\ramtin legion pc\article_project\data\raw\pdraw_spiral\test\parkinson\V11PE03.png,1,0.524364,1
pdraw_spiral,mobilenet_v3_large,brightness,5,C:\Users\ramti\Desktop\ramtin legion pc\article_project\data\raw\pdraw_spiral\test\parkinson\V14PE03.png,1,0.530590,1
pdraw_spiral,mobilenet_v3_large,brightness,5,C:\Users\ramti\Desktop\ramtin legion pc\article_project\data\raw\pdraw_spiral\test\parkinson\V15PE01.png,1,0.519866,1
pdraw_spiral,mobilenet_v3_large,shadow,1,C:\Users\ramti\Desktop\ramtin legion pc\article_project\data\raw\pdraw_spiral\test\healthy\V01HE01.png,0,0.473341,0
pdraw_spiral,mobilenet_v3_large,shadow,1,C:\Users\ramti\Desktop\ramtin legion pc\article_project\data\raw\pdraw_spiral\test\healthy\V02HE01.png,0,0.511958,1
pdraw_spiral,mobilenet_v3_large,shadow,1,C:\Users\ramti\Desktop\ramtin legion pc\article_project\data\raw\pdraw_spiral\test\healthy\V03HE1.png,0,0.462471,0
pdraw_spiral,mobilenet_v3_large,shadow,1,C:\Users\ramti\Desktop\ramtin legion pc\article_project\data\raw\pdraw_spiral\test\healthy\V04HE01.png,0,0.467206,0
pdraw_spiral,mobilenet_v3_large,shadow,1,C:\Users\ramti\Desktop\ramtin legion pc\article_project\data\raw\pdraw_spiral\test\healthy\V05HE01.png,0,0.487734,0
pdraw_spiral,mobilenet_v3_large,shadow,1,C:\Users\ramti\Desktop\ramtin legion pc\article_project\data\raw\pdraw_spiral\test\healthy\V06HE01.png,0,0.474427,0
pdraw_spiral,mobilenet_v3_large,shadow,1,C:\Users\ramti\Desktop\ramtin legion pc\article_project\data\raw\pdraw_spiral\test\healthy\V07HE01.png,0,0.496512,0
pdraw_spiral,mobilenet_v3_large,shadow,1,C:\Users\ramti\Desktop\ramtin legion pc\article_project\data\raw\pdraw_spiral\test\healthy\V08HE01.png,0,0.485761,0
pdraw_spiral,mobilenet_v3_large,shadow,1,C:\Users\ramti\Desktop\ramtin legion pc\article_project\data\raw\pdraw_spiral\test\healthy\V09HE01.png,0,0.474839,0
pdraw_spiral,mobilenet_v3_large,shadow,1,C:\Users\ramti\Desktop\ramtin legion pc\article_project\data\raw\pdraw_spiral\test\healthy\V10HE01.png,0,0.475592,0
pdraw_spiral,mobilenet_v3_large,shadow,1,C:\Users\ramti\Desktop\ramtin legion pc\article_project\data\raw\pdraw_spiral\test\healthy\V11HE01.png,0,0.468537,0
pdraw_spiral,mobilenet_v3_large,shadow,1,C:\Users\ramti\Desktop\ramtin legion pc\article_project\data\raw\pdraw_spiral\test\healthy\V55HE12.png,0,0.478793,0
pdraw_spiral,mobilenet_v3_large,shadow,1,C:\Users\ramti\Desktop\ramtin legion pc\article_project\data\raw\pdraw_spiral\test\healthy\V55HE13.png,0,0.477782,0
pdraw_spiral,mobilenet_v3_large,shadow,1,C:\Users\ramti\Desktop\ramtin legion pc\article_project\data\raw\pdraw_spiral\test\healthy\V55HE14.png,0,0.470017,0
pdraw_spiral,mobilenet_v3_large,shadow,1,C:\Users\ramti\Desktop\ramtin legion pc\article_project\data\raw\pdraw_spiral\test\healthy\V55HE15.png,0,0.466589,0
pdraw_spiral,mobilenet_v3_large,shadow,1,C:\Users\ramti\Desktop\ramtin legion pc\article_project\data\raw\pdraw_spiral\test\parkinson\V01PE01.png,1,0.488266,0
pdraw_spiral,mobilenet_v3_large,shadow,1,C:\Users\ramti\Desktop\ramtin legion pc\article_project\data\raw\pdraw_spiral\test\parkinson\V02PE01.png,1,0.515868,1
pdraw_spiral,mobilenet_v3_large,shadow,1,C:\Users\ramti\Desktop\ramtin legion pc\article_project\data\raw\pdraw_spiral\test\parkinson\V03PE01.png,1,0.553959,1
pdraw_spiral,mobilenet_v3_large,shadow,1,C:\Users\ramti\Desktop\ramtin legion pc\article_project\data\raw\pdraw_spiral\test\parkinson\V03PE04.png,1,0.546133,1
pdraw_spiral,mobilenet_v3_large,shadow,1,C:\Users\ramti\Desktop\ramtin legion pc\article_project\data\raw\pdraw_spiral\test\parkinson\V03PE07.png,1,0.541612,1
pdraw_spiral,mobilenet_v3_large,shadow,1,C:\Users\ramti\Desktop\ramtin legion pc\article_project\data\raw\pdraw_spiral\test\parkinson\V04PE01.png,1,0.516889,1
pdraw_spiral,mobilenet_v3_large,shadow,1,C:\Users\ramti\Desktop\ramtin legion pc\article_project\data\raw\pdraw_spiral\test\parkinson\V05PE01.png,1,0.540011,1
pdraw_spiral,mobilenet_v3_large,shadow,1,C:\Users\ramti\Desktop\ramtin legion pc\article_project\data\raw\pdraw_spiral\test\parkinson\V06PE01.png,1,0.499067,0
pdraw_spiral,mobilenet_v3_large,shadow,1,C:\Users\ramti\Desktop\ramtin legion pc\article_project\data\raw\pdraw_spiral\test\parkinson\V07PE01.png,1,0.549242,1
pdraw_spiral,mobilenet_v3_large,shadow,1,C:\Users\ramti\Desktop\ramtin legion pc\article_project\data\raw\pdraw_spiral\test\parkinson\V08PE01.png,1,0.482987,0
pdraw_spiral,mobilenet_v3_large,shadow,1,C:\Users\ramti\Desktop\ramtin legion pc\article_project\data\raw\pdraw_spiral\test\parkinson\V09PE01.png,1,0.508407,1
pdraw_spiral,mobilenet_v3_large,shadow,1,C:\Users\ramti\Desktop\ramtin legion pc\article_project\data\raw\pdraw_spiral\test\parkinson\V10PE03.png,1,0.471618,0
pdraw_spiral,mobilenet_v3_large,shadow,1,C:\Users\ramti\Desktop\ramtin legion pc\article_project\data\raw\pdraw_spiral\test\parkinson\V11PE03.png,1,0.498853,0
pdraw_spiral,mobilenet_v3_large,shadow,1,C:\Users\ramti\Desktop\ramtin legion pc\article_project\data\raw\pdraw_spiral\test\parkinson\V14PE03.png,1,0.540804,1
pdraw_spiral,mobilenet_v3_large,shadow,1,C:\Users\ramti\Desktop\ramtin legion pc\article_project\data\raw\pdraw_spiral\test\parkinson\V15PE01.png,1,0.483157,0
pdraw_spiral,mobilenet_v3_large,shadow,2,C:\Users\ramti\Desktop\ramtin legion pc\article_project\data\raw\pdraw_spiral\test\healthy\V01HE01.png,0,0.471333,0
pdraw_spiral,mobilenet_v3_large,shadow,2,C:\Users\ramti\Desktop\ramtin legion pc\article_project\data\raw\pdraw_spiral\test\healthy\V02HE01.png,0,0.510291,1
pdraw_spiral,mobilenet_v3_large,shadow,2,C:\Users\ramti\Desktop\ramtin legion pc\article_project\data\raw\pdraw_spiral\test\healthy\V03HE1.png,0,0.462161,0
pdraw_spiral,mobilenet_v3_large,shadow,2,C:\Users\ramti\Desktop\ramtin legion pc\article_project\data\raw\pdraw_spiral\test\healthy\V04HE01.png,0,0.467707,0
pdraw_spiral,mobilenet_v3_large,shadow,2,C:\Users\ramti\Desktop\ramtin legion pc\article_project\data\raw\pdraw_spiral\test\healthy\V05HE01.png,0,0.481435,0
pdraw_spiral,mobilenet_v3_large,shadow,2,C:\Users\ramti\Desktop\ramtin legion pc\article_project\data\raw\pdraw_spiral\test\healthy\V06HE01.png,0,0.474599,0
pdraw_spiral,mobilenet_v3_large,shadow,2,C:\Users\ramti\Desktop\ramtin legion pc\article_project\data\raw\pdraw_spiral\test\healthy\V07HE01.png,0,0.496858,0
pdraw_spiral,mobilenet_v3_large,shadow,2,C:\Users\ramti\Desktop\ramtin legion pc\article_project\data\raw\pdraw_spiral\test\healthy\V08HE01.png,0,0.485291,0
pdraw_spiral,mobilenet_v3_large,shadow,2,C:\Users\ramti\Desktop\ramtin legion pc\article_project\data\raw\pdraw_spiral\test\healthy\V09HE01.png,0,0.473970,0
pdraw_spiral,mobilenet_v3_large,shadow,2,C:\Users\ramti\Desktop\ramtin legion pc\article_project\data\raw\pdraw_spiral\test\healthy\V10HE01.png,0,0.473716,0
pdraw_spiral,mobilenet_v3_large,shadow,2,C:\Users\ramti\Desktop\ramtin legion pc\article_project\data\raw\pdraw_spiral\test\healthy\V11HE01.png,0,0.465916,0
pdraw_spiral,mobilenet_v3_large,shadow,2,C:\Users\ramti\Desktop\ramtin legion pc\article_project\data\raw\pdraw_spiral\test\healthy\V55HE12.png,0,0.479249,0
pdraw_spiral,mobilenet_v3_large,shadow,2,C:\Users\ramti\Desktop\ramtin legion pc\article_project\data\raw\pdraw_spiral\test\healthy\V55HE13.png,0,0.476647,0
pdraw_spiral,mobilenet_v3_large,shadow,2,C:\Users\ramti\Desktop\ramtin legion pc\article_project\data\raw\pdraw_spiral\test\healthy\V55HE14.png,0,0.471486,0
pdraw_spiral,mobilenet_v3_large,shadow,2,C:\Users\ramti\Desktop\ramtin legion pc\article_project\data\raw\pdraw_spiral\test\healthy\V55HE15.png,0,0.468818,0
pdraw_spiral,mobilenet_v3_large,shadow,2,C:\Users\ramti\Desktop\ramtin legion pc\article_project\data\raw\pdraw_spiral\test\parkinson\V01PE01.png,1,0.490365,0
pdraw_spiral,mobilenet_v3_large,shadow,2,C:\Users\ramti\Desktop\ramtin legion pc\article_project\data\raw\pdraw_spiral\test\parkinson\V02PE01.png,1,0.513310,1
pdraw_spiral,mobilenet_v3_large,shadow,2,C:\Users\ramti\Desktop\ramtin legion pc\article_project\data\raw\pdraw_spiral\test\parkinson\V03PE01.png,1,0.553672,1
pdraw_spiral,mobilenet_v3_large,shadow,2,C:\Users\ramti\Desktop\ramtin legion pc\article_project\data\raw\pdraw_spiral\test\parkinson\V03PE04.png,1,0.546362,1
pdraw_spiral,mobilenet_v3_large,shadow,2,C:\Users\ramti\Desktop\ramtin legion pc\article_project\data\raw\pdraw_spiral\test\parkinson\V03PE07.png,1,0.541286,1
pdraw_spiral,mobilenet_v3_large,shadow,2,C:\Users\ramti\Desktop\ramtin legion pc\article_project\data\raw\pdraw_spiral\test\parkinson\V04PE01.png,1,0.513018,1
pdraw_spiral,mobilenet_v3_large,shadow,2,C:\Users\ramti\Desktop\ramtin legion pc\article_project\data\raw\pdraw_spiral\test\parkinson\V05PE01.png,1,0.535390,1
pdraw_spiral,mobilenet_v3_large,shadow,2,C:\Users\ramti\Desktop\ramtin legion pc\article_project\data\raw\pdraw_spiral\test\parkinson\V06PE01.png,1,0.494987,0
pdraw_spiral,mobilenet_v3_large,shadow,2,C:\Users\ramti\Desktop\ramtin legion pc\article_project\data\raw\pdraw_spiral\test\parkinson\V07PE01.png,1,0.549187,1
pdraw_spiral,mobilenet_v3_large,shadow,2,C:\Users\ramti\Desktop\ramtin legion pc\article_project\data\raw\pdraw_spiral\test\parkinson\V08PE01.png,1,0.476504,0
pdraw_spiral,mobilenet_v3_large,shadow,2,C:\Users\ramti\Desktop\ramtin legion pc\article_project\data\raw\pdraw_spiral\test\parkinson\V09PE01.png,1,0.501323,1
pdraw_spiral,mobilenet_v3_large,shadow,2,C:\Users\ramti\Desktop\ramtin legion pc\article_project\data\raw\pdraw_spiral\test\parkinson\V10PE03.png,1,0.466723,0
pdraw_spiral,mobilenet_v3_large,shadow,2,C:\Users\ramti\Desktop\ramtin legion pc\article_project\data\raw\pdraw_spiral\test\parkinson\V11PE03.png,1,0.494624,0
pdraw_spiral,mobilenet_v3_large,shadow,2,C:\Users\ramti\Desktop\ramtin legion pc\article_project\data\raw\pdraw_spiral\test\parkinson\V14PE03.png,1,0.536064,1
pdraw_spiral,mobilenet_v3_large,shadow,2,C:\Users\ramti\Desktop\ramtin legion pc\article_project\data\raw\pdraw_spiral\test\parkinson\V15PE01.png,1,0.478700,0
pdraw_spiral,mobilenet_v3_large,shadow,3,C:\Users\ramti\Desktop\ramtin legion pc\article_project\data\raw\pdraw_spiral\test\healthy\V01HE01.png,0,0.469623,0
pdraw_spiral,mobilenet_v3_large,shadow,3,C:\Users\ramti\Desktop\ramtin legion pc\article_project\data\raw\pdraw_spiral\test\healthy\V02HE01.png,0,0.510414,1
pdraw_spiral,mobilenet_v3_large,shadow,3,C:\Users\ramti\Desktop\ramtin legion pc\article_project\data\raw\pdraw_spiral\test\healthy\V03HE1.png,0,0.464017,0
pdraw_spiral,mobilenet_v3_large,shadow,3,C:\Users\ramti\Desktop\ramtin legion pc\article_project\data\raw\pdraw_spiral\test\healthy\V04HE01.png,0,0.471179,0
pdraw_spiral,mobilenet_v3_large,shadow,3,C:\Users\ramti\Desktop\ramtin legion pc\article_project\data\raw\pdraw_spiral\test\healthy\V05HE01.png,0,0.480610,0
pdraw_spiral,mobilenet_v3_large,shadow,3,C:\Users\ramti\Desktop\ramtin legion pc\article_project\data\raw\pdraw_spiral\test\healthy\V06HE01.png,0,0.474021,0
pdraw_spiral,mobilenet_v3_large,shadow,3,C:\Users\ramti\Desktop\ramtin legion pc\article_project\data\raw\pdraw_spiral\test\healthy\V07HE01.png,0,0.498250,0
pdraw_spiral,mobilenet_v3_large,shadow,3,C:\Users\ramti\Desktop\ramtin legion pc\article_project\data\raw\pdraw_spiral\test\healthy\V08HE01.png,0,0.488039,0
pdraw_spiral,mobilenet_v3_large,shadow,3,C:\Users\ramti\Desktop\ramtin legion pc\article_project\data\raw\pdraw_spiral\test\healthy\V09HE01.png,0,0.475336,0
pdraw_spiral,mobilenet_v3_large,shadow,3,C:\Users\ramti\Desktop\ramtin legion pc\article_project\data\raw\pdraw_spiral\test\healthy\V10HE01.png,0,0.475941,0
pdraw_spiral,mobilenet_v3_large,shadow,3,C:\Users\ramti\Desktop\ramtin legion pc\article_project\data\raw\pdraw_spiral\test\healthy\V11HE01.png,0,0.465088,0
pdraw_spiral,mobilenet_v3_large,shadow,3,C:\Users\ramti\Desktop\ramtin legion pc\article_project\data\raw\pdraw_spiral\test\healthy\V55HE12.png,0,0.481190,0
pdraw_spiral,mobilenet_v3_large,shadow,3,C:\Users\ramti\Desktop\ramtin legion pc\article_project\data\raw\pdraw_spiral\test\healthy\V55HE13.png,0,0.476912,0
pdraw_spiral,mobilenet_v3_large,shadow,3,C:\Users\ramti\Desktop\ramtin legion pc\article_project\data\raw\pdraw_spiral\test\healthy\V55HE14.png,0,0.470784,0
pdraw_spiral,mobilenet_v3_large,shadow,3,C:\Users\ramti\Desktop\ramtin legion pc\article_project\data\raw\pdraw_spiral\test\healthy\V55HE15.png,0,0.471096,0
pdraw_spiral,mobilenet_v3_large,shadow,3,C:\Users\ramti\Desktop\ramtin legion pc\article_project\data\raw\pdraw_spiral\test\parkinson\V01PE01.png,1,0.490102,0
pdraw_spiral,mobilenet_v3_large,shadow,3,C:\Users\ramti\Desktop\ramtin legion pc\article_project\data\raw\pdraw_spiral\test\parkinson\V02PE01.png,1,0.509337,1
pdraw_spiral,mobilenet_v3_large,shadow,3,C:\Users\ramti\Desktop\ramtin legion pc\article_project\data\raw\pdraw_spiral\test\parkinson\V03PE01.png,1,0.549192,1
pdraw_spiral,mobilenet_v3_large,shadow,3,C:\Users\ramti\Desktop\ramtin legion pc\article_project\data\raw\pdraw_spiral\test\parkinson\V03PE04.png,1,0.546448,1
pdraw_spiral,mobilenet_v3_large,shadow,3,C:\Users\ramti\Desktop\ramtin legion pc\article_project\data\raw\pdraw_spiral\test\parkinson\V03PE07.png,1,0.537530,1
pdraw_spiral,mobilenet_v3_large,shadow,3,C:\Users\ramti\Desktop\ramtin legion pc\article_project\data\raw\pdraw_spiral\test\parkinson\V04PE01.png,1,0.510614,1
pdraw_spiral,mobilenet_v3_large,shadow,3,C:\Users\ramti\Desktop\ramtin legion pc\article_project\data\raw\pdraw_spiral\test\parkinson\V05PE01.png,1,0.530556,1
pdraw_spiral,mobilenet_v3_large,shadow,3,C:\Users\ramti\Desktop\ramtin legion pc\article_project\data\raw\pdraw_spiral\test\parkinson\V06PE01.png,1,0.492390,0
pdraw_spiral,mobilenet_v3_large,shadow,3,C:\Users\ramti\Desktop\ramtin legion pc\article_project\data\raw\pdraw_spiral\test\parkinson\V07PE01.png,1,0.547524,1
pdraw_spiral,mobilenet_v3_large,shadow,3,C:\Users\ramti\Desktop\ramtin legion pc\article_project\data\raw\pdraw_spiral\test\parkinson\V08PE01.png,1,0.471532,0
pdraw_spiral,mobilenet_v3_large,shadow,3,C:\Users\ramti\Desktop\ramtin legion pc\article_project\data\raw\pdraw_spiral\test\parkinson\V09PE01.png,1,0.498261,0
pdraw_spiral,mobilenet_v3_large,shadow,3,C:\Users\ramti\Desktop\ramtin legion pc\article_project\data\raw\pdraw_spiral\test\parkinson\V10PE03.png,1,0.468311,0
pdraw_spiral,mobilenet_v3_large,shadow,3,C:\Users\ramti\Desktop\ramtin legion pc\article_project\data\raw\pdraw_spiral\test\parkinson\V11PE03.png,1,0.492422,0
pdraw_spiral,mobilenet_v3_large,shadow,3,C:\Users\ramti\Desktop\ramtin legion pc\article_project\data\raw\pdraw_spiral\test\parkinson\V14PE03.png,1,0.526806,1
pdraw_spiral,mobilenet_v3_large,shadow,3,C:\Users\ramti\Desktop\ramtin legion pc\article_project\data\raw\pdraw_spiral\test\parkinson\V15PE01.png,1,0.479683,0
pdraw_spiral,mobilenet_v3_large,shadow,4,C:\Users\ramti\Desktop\ramtin legion pc\article_project\data\raw\pdraw_spiral\test\healthy\V01HE01.png,0,0.469830,0
pdraw_spiral,mobilenet_v3_large,shadow,4,C:\Users\ramti\Desktop\ramtin legion pc\article_project\data\raw\pdraw_spiral\test\healthy\V02HE01.png,0,0.510350,1
pdraw_spiral,mobilenet_v3_large,shadow,4,C:\Users\ramti\Desktop\ramtin legion pc\article_project\data\raw\pdraw_spiral\test\healthy\V03HE1.png,0,0.470936,0
pdraw_spiral,mobilenet_v3_large,shadow,4,C:\Users\ramti\Desktop\ramtin legion pc\article_project\data\raw\pdraw_spiral\test\healthy\V04HE01.png,0,0.475658,0
pdraw_spiral,mobilenet_v3_large,shadow,4,C:\Users\ramti\Desktop\ramtin legion pc\article_project\data\raw\pdraw_spiral\test\healthy\V05HE01.png,0,0.483353,0
pdraw_spiral,mobilenet_v3_large,shadow,4,C:\Users\ramti\Desktop\ramtin legion pc\article_project\data\raw\pdraw_spiral\test\healthy\V06HE01.png,0,0.478386,0
pdraw_spiral,mobilenet_v3_large,shadow,4,C:\Users\ramti\Desktop\ramtin legion pc\article_project\data\raw\pdraw_spiral\test\healthy\V07HE01.png,0,0.499651,0
pdraw_spiral,mobilenet_v3_large,shadow,4,C:\Users\ramti\Desktop\ramtin legion pc\article_project\data\raw\pdraw_spiral\test\healthy\V08HE01.png,0,0.489661,0
pdraw_spiral,mobilenet_v3_large,shadow,4,C:\Users\ramti\Desktop\ramtin legion pc\article_project\data\raw\pdraw_spiral\test\healthy\V09HE01.png,0,0.480316,0
pdraw_spiral,mobilenet_v3_large,shadow,4,C:\Users\ramti\Desktop\ramtin legion pc\article_project\data\raw\pdraw_spiral\test\healthy\V10HE01.png,0,0.481688,0
pdraw_spiral,mobilenet_v3_large,shadow,4,C:\Users\ramti\Desktop\ramtin legion pc\article_project\data\raw\pdraw_spiral\test\healthy\V11HE01.png,0,0.466443,0
pdraw_spiral,mobilenet_v3_large,shadow,4,C:\Users\ramti\Desktop\ramtin legion pc\article_project\data\raw\pdraw_spiral\test\healthy\V55HE12.png,0,0.483656,0
pdraw_spiral,mobilenet_v3_large,shadow,4,C:\Users\ramti\Desktop\ramtin legion pc\article_project\data\raw\pdraw_spiral\test\healthy\V55HE13.png,0,0.480457,0
pdraw_spiral,mobilenet_v3_large,shadow,4,C:\Users\ramti\Desktop\ramtin legion pc\article_project\data\raw\pdraw_spiral\test\healthy\V55HE14.png,0,0.474679,0
pdraw_spiral,mobilenet_v3_large,shadow,4,C:\Users\ramti\Desktop\ramtin legion pc\article_project\data\raw\pdraw_spiral\test\healthy\V55HE15.png,0,0.477027,0
pdraw_spiral,mobilenet_v3_large,shadow,4,C:\Users\ramti\Desktop\ramtin legion pc\article_project\data\raw\pdraw_spiral\test\parkinson\V01PE01.png,1,0.491927,0
pdraw_spiral,mobilenet_v3_large,shadow,4,C:\Users\ramti\Desktop\ramtin legion pc\article_project\data\raw\pdraw_spiral\test\parkinson\V02PE01.png,1,0.507375,1
pdraw_spiral,mobilenet_v3_large,shadow,4,C:\Users\ramti\Desktop\ramtin legion pc\article_project\data\raw\pdraw_spiral\test\parkinson\V03PE01.png,1,0.545505,1
pdraw_spiral,mobilenet_v3_large,shadow,4,C:\Users\ramti\Desktop\ramtin legion pc\article_project\data\raw\pdraw_spiral\test\parkinson\V03PE04.png,1,0.544990,1
pdraw_spiral,mobilenet_v3_large,shadow,4,C:\Users\ramti\Desktop\ramtin legion pc\article_project\data\raw\pdraw_spiral\test\parkinson\V03PE07.png,1,0.530680,1
pdraw_spiral,mobilenet_v3_large,shadow,4,C:\Users\ramti\Desktop\ramtin legion pc\article_project\data\raw\pdraw_spiral\test\parkinson\V04PE01.png,1,0.508867,1
pdraw_spiral,mobilenet_v3_large,shadow,4,C:\Users\ramti\Desktop\ramtin legion pc\article_project\data\raw\pdraw_spiral\test\parkinson\V05PE01.png,1,0.527841,1
pdraw_spiral,mobilenet_v3_large,shadow,4,C:\Users\ramti\Desktop\ramtin legion pc\article_project\data\raw\pdraw_spiral\test\parkinson\V06PE01.png,1,0.494389,0
pdraw_spiral,mobilenet_v3_large,shadow,4,C:\Users\ramti\Desktop\ramtin legion pc\article_project\data\raw\pdraw_spiral\test\parkinson\V07PE01.png,1,0.546294,1
pdraw_spiral,mobilenet_v3_large,shadow,4,C:\Users\ramti\Desktop\ramtin legion pc\article_project\data\raw\pdraw_spiral\test\parkinson\V08PE01.png,1,0.474652,0
pdraw_spiral,mobilenet_v3_large,shadow,4,C:\Users\ramti\Desktop\ramtin legion pc\article_project\data\raw\pdraw_spiral\test\parkinson\V09PE01.png,1,0.498839,0
pdraw_spiral,mobilenet_v3_large,shadow,4,C:\Users\ramti\Desktop\ramtin legion pc\article_project\data\raw\pdraw_spiral\test\parkinson\V10PE03.png,1,0.473510,0
pdraw_spiral,mobilenet_v3_large,shadow,4,C:\Users\ramti\Desktop\ramtin legion pc\article_project\data\raw\pdraw_spiral\test\parkinson\V11PE03.png,1,0.492471,0
pdraw_spiral,mobilenet_v3_large,shadow,4,C:\Users\ramti\Desktop\ramtin legion pc\article_project\data\raw\pdraw_spiral\test\parkinson\V14PE03.png,1,0.523433,1
pdraw_spiral,mobilenet_v3_large,shadow,4,C:\Users\ramti\Desktop\ramtin legion pc\article_project\data\raw\pdraw_spiral\test\parkinson\V15PE01.png,1,0.484211,0
pdraw_spiral,mobilenet_v3_large,shadow,5,C:\Users\ramti\Desktop\ramtin legion pc\article_project\data\raw\pdraw_spiral\test\healthy\V01HE01.png,0,0.472762,0
pdraw_spiral,mobilenet_v3_large,shadow,5,C:\Users\ramti\Desktop\ramtin legion pc\article_project\data\raw\pdraw_spiral\test\healthy\V02HE01.png,0,0.508951,1
pdraw_spiral,mobilenet_v3_large,shadow,5,C:\Users\ramti\Desktop\ramtin legion pc\article_project\data\raw\pdraw_spiral\test\healthy\V03HE1.png,0,0.477271,0
pdraw_spiral,mobilenet_v3_large,shadow,5,C:\Users\ramti\Desktop\ramtin legion pc\article_project\data\raw\pdraw_spiral\test\healthy\V04HE01.png,0,0.481300,0
pdraw_spiral,mobilenet_v3_large,shadow,5,C:\Users\ramti\Desktop\ramtin legion pc\article_project\data\raw\pdraw_spiral\test\healthy\V05HE01.png,0,0.487555,0
pdraw_spiral,mobilenet_v3_large,shadow,5,C:\Users\ramti\Desktop\ramtin legion pc\article_project\data\raw\pdraw_spiral\test\healthy\V06HE01.png,0,0.483145,0
pdraw_spiral,mobilenet_v3_large,shadow,5,C:\Users\ramti\Desktop\ramtin legion pc\article_project\data\raw\pdraw_spiral\test\healthy\V07HE01.png,0,0.501511,1
pdraw_spiral,mobilenet_v3_large,shadow,5,C:\Users\ramti\Desktop\ramtin legion pc\article_project\data\raw\pdraw_spiral\test\healthy\V08HE01.png,0,0.491783,0
pdraw_spiral,mobilenet_v3_large,shadow,5,C:\Users\ramti\Desktop\ramtin legion pc\article_project\data\raw\pdraw_spiral\test\healthy\V09HE01.png,0,0.486616,0
pdraw_spiral,mobilenet_v3_large,shadow,5,C:\Users\ramti\Desktop\ramtin legion pc\article_project\data\raw\pdraw_spiral\test\healthy\V10HE01.png,0,0.488324,0
pdraw_spiral,mobilenet_v3_large,shadow,5,C:\Users\ramti\Desktop\ramtin legion pc\article_project\data\raw\pdraw_spiral\test\healthy\V11HE01.png,0,0.470753,0
pdraw_spiral,mobilenet_v3_large,shadow,5,C:\Users\ramti\Desktop\ramtin legion pc\article_project\data\raw\pdraw_spiral\test\healthy\V55HE12.png,0,0.487537,0
pdraw_spiral,mobilenet_v3_large,shadow,5,C:\Users\ramti\Desktop\ramtin legion pc\article_project\data\raw\pdraw_spiral\test\healthy\V55HE13.png,0,0.483501,0
pdraw_spiral,mobilenet_v3_large,shadow,5,C:\Users\ramti\Desktop\ramtin legion pc\article_project\data\raw\pdraw_spiral\test\healthy\V55HE14.png,0,0.483484,0
pdraw_spiral,mobilenet_v3_large,shadow,5,C:\Users\ramti\Desktop\ramtin legion pc\article_project\data\raw\pdraw_spiral\test\healthy\V55HE15.png,0,0.482754,0
pdraw_spiral,mobilenet_v3_large,shadow,5,C:\Users\ramti\Desktop\ramtin legion pc\article_project\data\raw\pdraw_spiral\test\parkinson\V01PE01.png,1,0.492756,0
pdraw_spiral,mobilenet_v3_large,shadow,5,C:\Users\ramti\Desktop\ramtin legion pc\article_project\data\raw\pdraw_spiral\test\parkinson\V02PE01.png,1,0.508716,1
pdraw_spiral,mobilenet_v3_large,shadow,5,C:\Users\ramti\Desktop\ramtin legion pc\article_project\data\raw\pdraw_spiral\test\parkinson\V03PE01.png,1,0.541636,1
pdraw_spiral,mobilenet_v3_large,shadow,5,C:\Users\ramti\Desktop\ramtin legion pc\article_project\data\raw\pdraw_spiral\test\parkinson\V03PE04.png,1,0.542711,1
pdraw_spiral,mobilenet_v3_large,shadow,5,C:\Users\ramti\Desktop\ramtin legion pc\article_project\data\raw\pdraw_spiral\test\parkinson\V03PE07.png,1,0.526470,1
pdraw_spiral,mobilenet_v3_large,shadow,5,C:\Users\ramti\Desktop\ramtin legion pc\article_project\data\raw\pdraw_spiral\test\parkinson\V04PE01.png,1,0.507943,1
pdraw_spiral,mobilenet_v3_large,shadow,5,C:\Users\ramti\Desktop\ramtin legion pc\article_project\data\raw\pdraw_spiral\test\parkinson\V05PE01.png,1,0.523866,1
pdraw_spiral,mobilenet_v3_large,shadow,5,C:\Users\ramti\Desktop\ramtin legion pc\article_project\data\raw\pdraw_spiral\test\parkinson\V06PE01.png,1,0.497027,0
pdraw_spiral,mobilenet_v3_large,shadow,5,C:\Users\ramti\Desktop\ramtin legion pc\article_project\data\raw\pdraw_spiral\test\parkinson\V07PE01.png,1,0.544912,1
pdraw_spiral,mobilenet_v3_large,shadow,5,C:\Users\ramti\Desktop\ramtin legion pc\article_project\data\raw\pdraw_spiral\test\parkinson\V08PE01.png,1,0.477925,0
pdraw_spiral,mobilenet_v3_large,shadow,5,C:\Users\ramti\Desktop\ramtin legion pc\article_project\data\raw\pdraw_spiral\test\parkinson\V09PE01.png,1,0.499063,0
pdraw_spiral,mobilenet_v3_large,shadow,5,C:\Users\ramti\Desktop\ramtin legion pc\article_project\data\raw\pdraw_spiral\test\parkinson\V10PE03.png,1,0.476130,0
pdraw_spiral,mobilenet_v3_large,shadow,5,C:\Users\ramti\Desktop\ramtin legion pc\article_project\data\raw\pdraw_spiral\test\parkinson\V11PE03.png,1,0.493185,0
pdraw_spiral,mobilenet_v3_large,shadow,5,C:\Users\ramti\Desktop\ramtin legion pc\article_project\data\raw\pdraw_spiral\test\parkinson\V14PE03.png,1,0.520952,1
pdraw_spiral,mobilenet_v3_large,shadow,5,C:\Users\ramti\Desktop\ramtin legion pc\article_project\data\raw\pdraw_spiral\test\parkinson\V15PE01.png,1,0.488029,0
pdraw_spiral,mobilenet_v3_large,perspective,1,C:\Users\ramti\Desktop\ramtin legion pc\article_project\data\raw\pdraw_spiral\test\healthy\V01HE01.png,0,0.480657,0
pdraw_spiral,mobilenet_v3_large,perspective,1,C:\Users\ramti\Desktop\ramtin legion pc\article_project\data\raw\pdraw_spiral\test\healthy\V02HE01.png,0,0.489853,0
pdraw_spiral,mobilenet_v3_large,perspective,1,C:\Users\ramti\Desktop\ramtin legion pc\article_project\data\raw\pdraw_spiral\test\healthy\V03HE1.png,0,0.466813,0
pdraw_spiral,mobilenet_v3_large,perspective,1,C:\Users\ramti\Desktop\ramtin legion pc\article_project\data\raw\pdraw_spiral\test\healthy\V04HE01.png,0,0.486923,0
pdraw_spiral,mobilenet_v3_large,perspective,1,C:\Users\ramti\Desktop\ramtin legion pc\article_project\data\raw\pdraw_spiral\test\healthy\V05HE01.png,0,0.491964,0
pdraw_spiral,mobilenet_v3_large,perspective,1,C:\Users\ramti\Desktop\ramtin legion pc\article_project\data\raw\pdraw_spiral\test\healthy\V06HE01.png,0,0.469054,0
pdraw_spiral,mobilenet_v3_large,perspective,1,C:\Users\ramti\Desktop\ramtin legion pc\article_project\data\raw\pdraw_spiral\test\healthy\V07HE01.png,0,0.487956,0
pdraw_spiral,mobilenet_v3_large,perspective,1,C:\Users\ramti\Desktop\ramtin legion pc\article_project\data\raw\pdraw_spiral\test\healthy\V08HE01.png,0,0.483620,0
pdraw_spiral,mobilenet_v3_large,perspective,1,C:\Users\ramti\Desktop\ramtin legion pc\article_project\data\raw\pdraw_spiral\test\healthy\V09HE01.png,0,0.477786,0
pdraw_spiral,mobilenet_v3_large,perspective,1,C:\Users\ramti\Desktop\ramtin legion pc\article_project\data\raw\pdraw_spiral\test\healthy\V10HE01.png,0,0.474643,0
pdraw_spiral,mobilenet_v3_large,perspective,1,C:\Users\ramti\Desktop\ramtin legion pc\article_project\data\raw\pdraw_spiral\test\healthy\V11HE01.png,0,0.471226,0
pdraw_spiral,mobilenet_v3_large,perspective,1,C:\Users\ramti\Desktop\ramtin legion pc\article_project\data\raw\pdraw_spiral\test\healthy\V55HE12.png,0,0.483190,0
pdraw_spiral,mobilenet_v3_large,perspective,1,C:\Users\ramti\Desktop\ramtin legion pc\article_project\data\raw\pdraw_spiral\test\healthy\V55HE13.png,0,0.484358,0
pdraw_spiral,mobilenet_v3_large,perspective,1,C:\Users\ramti\Desktop\ramtin legion pc\article_project\data\raw\pdraw_spiral\test\healthy\V55HE14.png,0,0.472602,0
pdraw_spiral,mobilenet_v3_large,perspective,1,C:\Users\ramti\Desktop\ramtin legion pc\article_project\data\raw\pdraw_spiral\test\healthy\V55HE15.png,0,0.473078,0
pdraw_spiral,mobilenet_v3_large,perspective,1,C:\Users\ramti\Desktop\ramtin legion pc\article_project\data\raw\pdraw_spiral\test\parkinson\V01PE01.png,1,0.489479,0
pdraw_spiral,mobilenet_v3_large,perspective,1,C:\Users\ramti\Desktop\ramtin legion pc\article_project\data\raw\pdraw_spiral\test\parkinson\V02PE01.png,1,0.517694,1
pdraw_spiral,mobilenet_v3_large,perspective,1,C:\Users\ramti\Desktop\ramtin legion pc\article_project\data\raw\pdraw_spiral\test\parkinson\V03PE01.png,1,0.541960,1
pdraw_spiral,mobilenet_v3_large,perspective,1,C:\Users\ramti\Desktop\ramtin legion pc\article_project\data\raw\pdraw_spiral\test\parkinson\V03PE04.png,1,0.546346,1
pdraw_spiral,mobilenet_v3_large,perspective,1,C:\Users\ramti\Desktop\ramtin legion pc\article_project\data\raw\pdraw_spiral\test\parkinson\V03PE07.png,1,0.527112,1
pdraw_spiral,mobilenet_v3_large,perspective,1,C:\Users\ramti\Desktop\ramtin legion pc\article_project\data\raw\pdraw_spiral\test\parkinson\V04PE01.png,1,0.525615,1
pdraw_spiral,mobilenet_v3_large,perspective,1,C:\Users\ramti\Desktop\ramtin legion pc\article_project\data\raw\pdraw_spiral\test\parkinson\V05PE01.png,1,0.533854,1
pdraw_spiral,mobilenet_v3_large,perspective,1,C:\Users\ramti\Desktop\ramtin legion pc\article_project\data\raw\pdraw_spiral\test\parkinson\V06PE01.png,1,0.496785,0
pdraw_spiral,mobilenet_v3_large,perspective,1,C:\Users\ramti\Desktop\ramtin legion pc\article_project\data\raw\pdraw_spiral\test\parkinson\V07PE01.png,1,0.545478,1
pdraw_spiral,mobilenet_v3_large,perspective,1,C:\Users\ramti\Desktop\ramtin legion pc\article_project\data\raw\pdraw_spiral\test\parkinson\V08PE01.png,1,0.488207,0
pdraw_spiral,mobilenet_v3_large,perspective,1,C:\Users\ramti\Desktop\ramtin legion pc\article_project\data\raw\pdraw_spiral\test\parkinson\V09PE01.png,1,0.513606,1
pdraw_spiral,mobilenet_v3_large,perspective,1,C:\Users\ramti\Desktop\ramtin legion pc\article_project\data\raw\pdraw_spiral\test\parkinson\V10PE03.png,1,0.498619,0
pdraw_spiral,mobilenet_v3_large,perspective,1,C:\Users\ramti\Desktop\ramtin legion pc\article_project\data\raw\pdraw_spiral\test\parkinson\V11PE03.png,1,0.508268,1
pdraw_spiral,mobilenet_v3_large,perspective,1,C:\Users\ramti\Desktop\ramtin legion pc\article_project\data\raw\pdraw_spiral\test\parkinson\V14PE03.png,1,0.537807,1
pdraw_spiral,mobilenet_v3_large,perspective,1,C:\Users\ramti\Desktop\ramtin legion pc\article_project\data\raw\pdraw_spiral\test\parkinson\V15PE01.png,1,0.487657,0
pdraw_spiral,mobilenet_v3_large,perspective,2,C:\Users\ramti\Desktop\ramtin legion pc\article_project\data\raw\pdraw_spiral\test\healthy\V01HE01.png,0,0.485802,0
pdraw_spiral,mobilenet_v3_large,perspective,2,C:\Users\ramti\Desktop\ramtin legion pc\article_project\data\raw\pdraw_spiral\test\healthy\V02HE01.png,0,0.493874,0
pdraw_spiral,mobilenet_v3_large,perspective,2,C:\Users\ramti\Desktop\ramtin legion pc\article_project\data\raw\pdraw_spiral\test\healthy\V03HE1.png,0,0.477994,0
pdraw_spiral,mobilenet_v3_large,perspective,2,C:\Users\ramti\Desktop\ramtin legion pc\article_project\data\raw\pdraw_spiral\test\healthy\V04HE01.png,0,0.487163,0
pdraw_spiral,mobilenet_v3_large,perspective,2,C:\Users\ramti\Desktop\ramtin legion pc\article_project\data\raw\pdraw_spiral\test\healthy\V05HE01.png,0,0.496271,0
pdraw_spiral,mobilenet_v3_large,perspective,2,C:\Users\ramti\Desktop\ramtin legion pc\article_project\data\raw\pdraw_spiral\test\healthy\V06HE01.png,0,0.471485,0
pdraw_spiral,mobilenet_v3_large,perspective,2,C:\Users\ramti\Desktop\ramtin legion pc\article_project\data\raw\pdraw_spiral\test\healthy\V07HE01.png,0,0.488303,0
pdraw_spiral,mobilenet_v3_large,perspective,2,C:\Users\ramti\Desktop\ramtin legion pc\article_project\data\raw\pdraw_spiral\test\healthy\V08HE01.png,0,0.486435,0
pdraw_spiral,mobilenet_v3_large,perspective,2,C:\Users\ramti\Desktop\ramtin legion pc\article_project\data\raw\pdraw_spiral\test\healthy\V09HE01.png,0,0.481304,0
pdraw_spiral,mobilenet_v3_large,perspective,2,C:\Users\ramti\Desktop\ramtin legion pc\article_project\data\raw\pdraw_spiral\test\healthy\V10HE01.png,0,0.477651,0
pdraw_spiral,mobilenet_v3_large,perspective,2,C:\Users\ramti\Desktop\ramtin legion pc\article_project\data\raw\pdraw_spiral\test\healthy\V11HE01.png,0,0.471282,0
pdraw_spiral,mobilenet_v3_large,perspective,2,C:\Users\ramti\Desktop\ramtin legion pc\article_project\data\raw\pdraw_spiral\test\healthy\V55HE12.png,0,0.480606,0
pdraw_spiral,mobilenet_v3_large,perspective,2,C:\Users\ramti\Desktop\ramtin legion pc\article_project\data\raw\pdraw_spiral\test\healthy\V55HE13.png,0,0.493998,0
pdraw_spiral,mobilenet_v3_large,perspective,2,C:\Users\ramti\Desktop\ramtin legion pc\article_project\data\raw\pdraw_spiral\test\healthy\V55HE14.png,0,0.480758,0
pdraw_spiral,mobilenet_v3_large,perspective,2,C:\Users\ramti\Desktop\ramtin legion pc\article_project\data\raw\pdraw_spiral\test\healthy\V55HE15.png,0,0.475481,0
pdraw_spiral,mobilenet_v3_large,perspective,2,C:\Users\ramti\Desktop\ramtin legion pc\article_project\data\raw\pdraw_spiral\test\parkinson\V01PE01.png,1,0.484229,0
pdraw_spiral,mobilenet_v3_large,perspective,2,C:\Users\ramti\Desktop\ramtin legion pc\article_project\data\raw\pdraw_spiral\test\parkinson\V02PE01.png,1,0.517070,1
pdraw_spiral,mobilenet_v3_large,perspective,2,C:\Users\ramti\Desktop\ramtin legion pc\article_project\data\raw\pdraw_spiral\test\parkinson\V03PE01.png,1,0.538556,1
pdraw_spiral,mobilenet_v3_large,perspective,2,C:\Users\ramti\Desktop\ramtin legion pc\article_project\data\raw\pdraw_spiral\test\parkinson\V03PE04.png,1,0.545574,1
pdraw_spiral,mobilenet_v3_large,perspective,2,C:\Users\ramti\Desktop\ramtin legion pc\article_project\data\raw\pdraw_spiral\test\parkinson\V03PE07.png,1,0.520662,1
pdraw_spiral,mobilenet_v3_large,perspective,2,C:\Users\ramti\Desktop\ramtin legion pc\article_project\data\raw\pdraw_spiral\test\parkinson\V04PE01.png,1,0.535935,1
pdraw_spiral,mobilenet_v3_large,perspective,2,C:\Users\ramti\Desktop\ramtin legion pc\article_project\data\raw\pdraw_spiral\test\parkinson\V05PE01.png,1,0.531450,1
pdraw_spiral,mobilenet_v3_large,perspective,2,C:\Users\ramti\Desktop\ramtin legion pc\article_project\data\raw\pdraw_spiral\test\parkinson\V06PE01.png,1,0.500758,1
pdraw_spiral,mobilenet_v3_large,perspective,2,C:\Users\ramti\Desktop\ramtin legion pc\article_project\data\raw\pdraw_spiral\test\parkinson\V07PE01.png,1,0.545807,1
pdraw_spiral,mobilenet_v3_large,perspective,2,C:\Users\ramti\Desktop\ramtin legion pc\article_project\data\raw\pdraw_spiral\test\parkinson\V08PE01.png,1,0.491704,0
pdraw_spiral,mobilenet_v3_large,perspective,2,C:\Users\ramti\Desktop\ramtin legion pc\article_project\data\raw\pdraw_spiral\test\parkinson\V09PE01.png,1,0.510994,1
pdraw_spiral,mobilenet_v3_large,perspective,2,C:\Users\ramti\Desktop\ramtin legion pc\article_project\data\raw\pdraw_spiral\test\parkinson\V10PE03.png,1,0.504068,1
pdraw_spiral,mobilenet_v3_large,perspective,2,C:\Users\ramti\Desktop\ramtin legion pc\article_project\data\raw\pdraw_spiral\test\parkinson\V11PE03.png,1,0.506377,1
pdraw_spiral,mobilenet_v3_large,perspective,2,C:\Users\ramti\Desktop\ramtin legion pc\article_project\data\raw\pdraw_spiral\test\parkinson\V14PE03.png,1,0.535094,1
pdraw_spiral,mobilenet_v3_large,perspective,2,C:\Users\ramti\Desktop\ramtin legion pc\article_project\data\raw\pdraw_spiral\test\parkinson\V15PE01.png,1,0.487561,0
pdraw_spiral,mobilenet_v3_large,perspective,3,C:\Users\ramti\Desktop\ramtin legion pc\article_project\data\raw\pdraw_spiral\test\healthy\V01HE01.png,0,0.493433,0
pdraw_spiral,mobilenet_v3_large,perspective,3,C:\Users\ramti\Desktop\ramtin legion pc\article_project\data\raw\pdraw_spiral\test\healthy\V02HE01.png,0,0.490915,0
pdraw_spiral,mobilenet_v3_large,perspective,3,C:\Users\ramti\Desktop\ramtin legion pc\article_project\data\raw\pdraw_spiral\test\healthy\V03HE1.png,0,0.481088,0
pdraw_spiral,mobilenet_v3_large,perspective,3,C:\Users\ramti\Desktop\ramtin legion pc\article_project\data\raw\pdraw_spiral\test\healthy\V04HE01.png,0,0.492872,0
pdraw_spiral,mobilenet_v3_large,perspective,3,C:\Users\ramti\Desktop\ramtin legion pc\article_project\data\raw\pdraw_spiral\test\healthy\V05HE01.png,0,0.484309,0
pdraw_spiral,mobilenet_v3_large,perspective,3,C:\Users\ramti\Desktop\ramtin legion pc\article_project\data\raw\pdraw_spiral\test\healthy\V06HE01.png,0,0.468459,0
pdraw_spiral,mobilenet_v3_large,perspective,3,C:\Users\ramti\Desktop\ramtin legion pc\article_project\data\raw\pdraw_spiral\test\healthy\V07HE01.png,0,0.488126,0
pdraw_spiral,mobilenet_v3_large,perspective,3,C:\Users\ramti\Desktop\ramtin legion pc\article_project\data\raw\pdraw_spiral\test\healthy\V08HE01.png,0,0.487229,0
pdraw_spiral,mobilenet_v3_large,perspective,3,C:\Users\ramti\Desktop\ramtin legion pc\article_project\data\raw\pdraw_spiral\test\healthy\V09HE01.png,0,0.485627,0
pdraw_spiral,mobilenet_v3_large,perspective,3,C:\Users\ramti\Desktop\ramtin legion pc\article_project\data\raw\pdraw_spiral\test\healthy\V10HE01.png,0,0.481022,0
pdraw_spiral,mobilenet_v3_large,perspective,3,C:\Users\ramti\Desktop\ramtin legion pc\article_project\data\raw\pdraw_spiral\test\healthy\V11HE01.png,0,0.478525,0
pdraw_spiral,mobilenet_v3_large,perspective,3,C:\Users\ramti\Desktop\ramtin legion pc\article_project\data\raw\pdraw_spiral\test\healthy\V55HE12.png,0,0.479247,0
pdraw_spiral,mobilenet_v3_large,perspective,3,C:\Users\ramti\Desktop\ramtin legion pc\article_project\data\raw\pdraw_spiral\test\healthy\V55HE13.png,0,0.490405,0
pdraw_spiral,mobilenet_v3_large,perspective,3,C:\Users\ramti\Desktop\ramtin legion pc\article_project\data\raw\pdraw_spiral\test\healthy\V55HE14.png,0,0.481806,0
pdraw_spiral,mobilenet_v3_large,perspective,3,C:\Users\ramti\Desktop\ramtin legion pc\article_project\data\raw\pdraw_spiral\test\healthy\V55HE15.png,0,0.479252,0
pdraw_spiral,mobilenet_v3_large,perspective,3,C:\Users\ramti\Desktop\ramtin legion pc\article_project\data\raw\pdraw_spiral\test\parkinson\V01PE01.png,1,0.483616,0
pdraw_spiral,mobilenet_v3_large,perspective,3,C:\Users\ramti\Desktop\ramtin legion pc\article_project\data\raw\pdraw_spiral\test\parkinson\V02PE01.png,1,0.519703,1
pdraw_spiral,mobilenet_v3_large,perspective,3,C:\Users\ramti\Desktop\ramtin legion pc\article_project\data\raw\pdraw_spiral\test\parkinson\V03PE01.png,1,0.537177,1
pdraw_spiral,mobilenet_v3_large,perspective,3,C:\Users\ramti\Desktop\ramtin legion pc\article_project\data\raw\pdraw_spiral\test\parkinson\V03PE04.png,1,0.543135,1
pdraw_spiral,mobilenet_v3_large,perspective,3,C:\Users\ramti\Desktop\ramtin legion pc\article_project\data\raw\pdraw_spiral\test\parkinson\V03PE07.png,1,0.520399,1
pdraw_spiral,mobilenet_v3_large,perspective,3,C:\Users\ramti\Desktop\ramtin legion pc\article_project\data\raw\pdraw_spiral\test\parkinson\V04PE01.png,1,0.535177,1
pdraw_spiral,mobilenet_v3_large,perspective,3,C:\Users\ramti\Desktop\ramtin legion pc\article_project\data\raw\pdraw_spiral\test\parkinson\V05PE01.png,1,0.530979,1
pdraw_spiral,mobilenet_v3_large,perspective,3,C:\Users\ramti\Desktop\ramtin legion pc\article_project\data\raw\pdraw_spiral\test\parkinson\V06PE01.png,1,0.499419,0
pdraw_spiral,mobilenet_v3_large,perspective,3,C:\Users\ramti\Desktop\ramtin legion pc\article_project\data\raw\pdraw_spiral\test\parkinson\V07PE01.png,1,0.543140,1
pdraw_spiral,mobilenet_v3_large,perspective,3,C:\Users\ramti\Desktop\ramtin legion pc\article_project\data\raw\pdraw_spiral\test\parkinson\V08PE01.png,1,0.492446,0
pdraw_spiral,mobilenet_v3_large,perspective,3,C:\Users\ramti\Desktop\ramtin legion pc\article_project\data\raw\pdraw_spiral\test\parkinson\V09PE01.png,1,0.513951,1
pdraw_spiral,mobilenet_v3_large,perspective,3,C:\Users\ramti\Desktop\ramtin legion pc\article_project\data\raw\pdraw_spiral\test\parkinson\V10PE03.png,1,0.505861,1
pdraw_spiral,mobilenet_v3_large,perspective,3,C:\Users\ramti\Desktop\ramtin legion pc\article_project\data\raw\pdraw_spiral\test\parkinson\V11PE03.png,1,0.501820,1
pdraw_spiral,mobilenet_v3_large,perspective,3,C:\Users\ramti\Desktop\ramtin legion pc\article_project\data\raw\pdraw_spiral\test\parkinson\V14PE03.png,1,0.538302,1
pdraw_spiral,mobilenet_v3_large,perspective,3,C:\Users\ramti\Desktop\ramtin legion pc\article_project\data\raw\pdraw_spiral\test\parkinson\V15PE01.png,1,0.486910,0
pdraw_spiral,mobilenet_v3_large,perspective,4,C:\Users\ramti\Desktop\ramtin legion pc\article_project\data\raw\pdraw_spiral\test\healthy\V01HE01.png,0,0.495679,0
pdraw_spiral,mobilenet_v3_large,perspective,4,C:\Users\ramti\Desktop\ramtin legion pc\article_project\data\raw\pdraw_spiral\test\healthy\V02HE01.png,0,0.490812,0
pdraw_spiral,mobilenet_v3_large,perspective,4,C:\Users\ramti\Desktop\ramtin legion pc\article_project\data\raw\pdraw_spiral\test\healthy\V03HE1.png,0,0.488017,0
pdraw_spiral,mobilenet_v3_large,perspective,4,C:\Users\ramti\Desktop\ramtin legion pc\article_project\data\raw\pdraw_spiral\test\healthy\V04HE01.png,0,0.486656,0
pdraw_spiral,mobilenet_v3_large,perspective,4,C:\Users\ramti\Desktop\ramtin legion pc\article_project\data\raw\pdraw_spiral\test\healthy\V05HE01.png,0,0.485746,0
pdraw_spiral,mobilenet_v3_large,perspective,4,C:\Users\ramti\Desktop\ramtin legion pc\article_project\data\raw\pdraw_spiral\test\healthy\V06HE01.png,0,0.473618,0
pdraw_spiral,mobilenet_v3_large,perspective,4,C:\Users\ramti\Desktop\ramtin legion pc\article_project\data\raw\pdraw_spiral\test\healthy\V07HE01.png,0,0.491247,0
pdraw_spiral,mobilenet_v3_large,perspective,4,C:\Users\ramti\Desktop\ramtin legion pc\article_project\data\raw\pdraw_spiral\test\healthy\V08HE01.png,0,0.489197,0
pdraw_spiral,mobilenet_v3_large,perspective,4,C:\Users\ramti\Desktop\ramtin legion pc\article_project\data\raw\pdraw_spiral\test\healthy\V09HE01.png,0,0.487738,0
pdraw_spiral,mobilenet_v3_large,perspective,4,C:\Users\ramti\Desktop\ramtin legion pc\article_project\data\raw\pdraw_spiral\test\healthy\V10HE01.png,0,0.476167,0
pdraw_spiral,mobilenet_v3_large,perspective,4,C:\Users\ramti\Desktop\ramtin legion pc\article_project\data\raw\pdraw_spiral\test\healthy\V11HE01.png,0,0.479807,0
pdraw_spiral,mobilenet_v3_large,perspective,4,C:\Users\ramti\Desktop\ramtin legion pc\article_project\data\raw\pdraw_spiral\test\healthy\V55HE12.png,0,0.480402,0
pdraw_spiral,mobilenet_v3_large,perspective,4,C:\Users\ramti\Desktop\ramtin legion pc\article_project\data\raw\pdraw_spiral\test\healthy\V55HE13.png,0,0.486794,0
pdraw_spiral,mobilenet_v3_large,perspective,4,C:\Users\ramti\Desktop\ramtin legion pc\article_project\data\raw\pdraw_spiral\test\healthy\V55HE14.png,0,0.487302,0
pdraw_spiral,mobilenet_v3_large,perspective,4,C:\Users\ramti\Desktop\ramtin legion pc\article_project\data\raw\pdraw_spiral\test\healthy\V55HE15.png,0,0.479012,0
pdraw_spiral,mobilenet_v3_large,perspective,4,C:\Users\ramti\Desktop\ramtin legion pc\article_project\data\raw\pdraw_spiral\test\parkinson\V01PE01.png,1,0.490060,0
pdraw_spiral,mobilenet_v3_large,perspective,4,C:\Users\ramti\Desktop\ramtin legion pc\article_project\data\raw\pdraw_spiral\test\parkinson\V02PE01.png,1,0.519219,1
pdraw_spiral,mobilenet_v3_large,perspective,4,C:\Users\ramti\Desktop\ramtin legion pc\article_project\data\raw\pdraw_spiral\test\parkinson\V03PE01.png,1,0.535517,1
pdraw_spiral,mobilenet_v3_large,perspective,4,C:\Users\ramti\Desktop\ramtin legion pc\article_project\data\raw\pdraw_spiral\test\parkinson\V03PE04.png,1,0.540794,1
pdraw_spiral,mobilenet_v3_large,perspective,4,C:\Users\ramti\Desktop\ramtin legion pc\article_project\data\raw\pdraw_spiral\test\parkinson\V03PE07.png,1,0.511763,1
pdraw_spiral,mobilenet_v3_large,perspective,4,C:\Users\ramti\Desktop\ramtin legion pc\article_project\data\raw\pdraw_spiral\test\parkinson\V04PE01.png,1,0.533396,1
pdraw_spiral,mobilenet_v3_large,perspective,4,C:\Users\ramti\Desktop\ramtin legion pc\article_project\data\raw\pdraw_spiral\test\parkinson\V05PE01.png,1,0.535414,1
pdraw_spiral,mobilenet_v3_large,perspective,4,C:\Users\ramti\Desktop\ramtin legion pc\article_project\data\raw\pdraw_spiral\test\parkinson\V06PE01.png,1,0.502763,1
pdraw_spiral,mobilenet_v3_large,perspective,4,C:\Users\ramti\Desktop\ramtin legion pc\article_project\data\raw\pdraw_spiral\test\parkinson\V07PE01.png,1,0.541058,1
pdraw_spiral,mobilenet_v3_large,perspective,4,C:\Users\ramti\Desktop\ramtin legion pc\article_project\data\raw\pdraw_spiral\test\parkinson\V08PE01.png,1,0.492067,0
pdraw_spiral,mobilenet_v3_large,perspective,4,C:\Users\ramti\Desktop\ramtin legion pc\article_project\data\raw\pdraw_spiral\test\parkinson\V09PE01.png,1,0.514607,1
pdraw_spiral,mobilenet_v3_large,perspective,4,C:\Users\ramti\Desktop\ramtin legion pc\article_project\data\raw\pdraw_spiral\test\parkinson\V10PE03.png,1,0.504911,1
pdraw_spiral,mobilenet_v3_large,perspective,4,C:\Users\ramti\Desktop\ramtin legion pc\article_project\data\raw\pdraw_spiral\test\parkinson\V11PE03.png,1,0.503802,1
pdraw_spiral,mobilenet_v3_large,perspective,4,C:\Users\ramti\Desktop\ramtin legion pc\article_project\data\raw\pdraw_spiral\test\parkinson\V14PE03.png,1,0.541392,1
pdraw_spiral,mobilenet_v3_large,perspective,4,C:\Users\ramti\Desktop\ramtin legion pc\article_project\data\raw\pdraw_spiral\test\parkinson\V15PE01.png,1,0.489659,0
pdraw_spiral,mobilenet_v3_large,perspective,5,C:\Users\ramti\Desktop\ramtin legion pc\article_project\data\raw\pdraw_spiral\test\healthy\V01HE01.png,0,0.494340,0
pdraw_spiral,mobilenet_v3_large,perspective,5,C:\Users\ramti\Desktop\ramtin legion pc\article_project\data\raw\pdraw_spiral\test\healthy\V02HE01.png,0,0.491610,0
pdraw_spiral,mobilenet_v3_large,perspective,5,C:\Users\ramti\Desktop\ramtin legion pc\article_project\data\raw\pdraw_spiral\test\healthy\V03HE1.png,0,0.478074,0
pdraw_spiral,mobilenet_v3_large,perspective,5,C:\Users\ramti\Desktop\ramtin legion pc\article_project\data\raw\pdraw_spiral\test\healthy\V04HE01.png,0,0.485378,0
pdraw_spiral,mobilenet_v3_large,perspective,5,C:\Users\ramti\Desktop\ramtin legion pc\article_project\data\raw\pdraw_spiral\test\healthy\V05HE01.png,0,0.485332,0
pdraw_spiral,mobilenet_v3_large,perspective,5,C:\Users\ramti\Desktop\ramtin legion pc\article_project\data\raw\pdraw_spiral\test\healthy\V06HE01.png,0,0.470975,0
pdraw_spiral,mobilenet_v3_large,perspective,5,C:\Users\ramti\Desktop\ramtin legion pc\article_project\data\raw\pdraw_spiral\test\healthy\V07HE01.png,0,0.487626,0
pdraw_spiral,mobilenet_v3_large,perspective,5,C:\Users\ramti\Desktop\ramtin legion pc\article_project\data\raw\pdraw_spiral\test\healthy\V08HE01.png,0,0.494638,0
pdraw_spiral,mobilenet_v3_large,perspective,5,C:\Users\ramti\Desktop\ramtin legion pc\article_project\data\raw\pdraw_spiral\test\healthy\V09HE01.png,0,0.485821,0
pdraw_spiral,mobilenet_v3_large,perspective,5,C:\Users\ramti\Desktop\ramtin legion pc\article_project\data\raw\pdraw_spiral\test\healthy\V10HE01.png,0,0.480376,0
pdraw_spiral,mobilenet_v3_large,perspective,5,C:\Users\ramti\Desktop\ramtin legion pc\article_project\data\raw\pdraw_spiral\test\healthy\V11HE01.png,0,0.484274,0
pdraw_spiral,mobilenet_v3_large,perspective,5,C:\Users\ramti\Desktop\ramtin legion pc\article_project\data\raw\pdraw_spiral\test\healthy\V55HE12.png,0,0.483979,0
pdraw_spiral,mobilenet_v3_large,perspective,5,C:\Users\ramti\Desktop\ramtin legion pc\article_project\data\raw\pdraw_spiral\test\healthy\V55HE13.png,0,0.492593,0
pdraw_spiral,mobilenet_v3_large,perspective,5,C:\Users\ramti\Desktop\ramtin legion pc\article_project\data\raw\pdraw_spiral\test\healthy\V55HE14.png,0,0.491147,0
pdraw_spiral,mobilenet_v3_large,perspective,5,C:\Users\ramti\Desktop\ramtin legion pc\article_project\data\raw\pdraw_spiral\test\healthy\V55HE15.png,0,0.485527,0
pdraw_spiral,mobilenet_v3_large,perspective,5,C:\Users\ramti\Desktop\ramtin legion pc\article_project\data\raw\pdraw_spiral\test\parkinson\V01PE01.png,1,0.491188,0
pdraw_spiral,mobilenet_v3_large,perspective,5,C:\Users\ramti\Desktop\ramtin legion pc\article_project\data\raw\pdraw_spiral\test\parkinson\V02PE01.png,1,0.513300,1
pdraw_spiral,mobilenet_v3_large,perspective,5,C:\Users\ramti\Desktop\ramtin legion pc\article_project\data\raw\pdraw_spiral\test\parkinson\V03PE01.png,1,0.536934,1
pdraw_spiral,mobilenet_v3_large,perspective,5,C:\Users\ramti\Desktop\ramtin legion pc\article_project\data\raw\pdraw_spiral\test\parkinson\V03PE04.png,1,0.537177,1
pdraw_spiral,mobilenet_v3_large,perspective,5,C:\Users\ramti\Desktop\ramtin legion pc\article_project\data\raw\pdraw_spiral\test\parkinson\V03PE07.png,1,0.514051,1
pdraw_spiral,mobilenet_v3_large,perspective,5,C:\Users\ramti\Desktop\ramtin legion pc\article_project\data\raw\pdraw_spiral\test\parkinson\V04PE01.png,1,0.529571,1
pdraw_spiral,mobilenet_v3_large,perspective,5,C:\Users\ramti\Desktop\ramtin legion pc\article_project\data\raw\pdraw_spiral\test\parkinson\V05PE01.png,1,0.533435,1
pdraw_spiral,mobilenet_v3_large,perspective,5,C:\Users\ramti\Desktop\ramtin legion pc\article_project\data\raw\pdraw_spiral\test\parkinson\V06PE01.png,1,0.501299,1
pdraw_spiral,mobilenet_v3_large,perspective,5,C:\Users\ramti\Desktop\ramtin legion pc\article_project\data\raw\pdraw_spiral\test\parkinson\V07PE01.png,1,0.537571,1
pdraw_spiral,mobilenet_v3_large,perspective,5,C:\Users\ramti\Desktop\ramtin legion pc\article_project\data\raw\pdraw_spiral\test\parkinson\V08PE01.png,1,0.490041,0
pdraw_spiral,mobilenet_v3_large,perspective,5,C:\Users\ramti\Desktop\ramtin legion pc\article_project\data\raw\pdraw_spiral\test\parkinson\V09PE01.png,1,0.512666,1
pdraw_spiral,mobilenet_v3_large,perspective,5,C:\Users\ramti\Desktop\ramtin legion pc\article_project\data\raw\pdraw_spiral\test\parkinson\V10PE03.png,1,0.505576,1
pdraw_spiral,mobilenet_v3_large,perspective,5,C:\Users\ramti\Desktop\ramtin legion pc\article_project\data\raw\pdraw_spiral\test\parkinson\V11PE03.png,1,0.501121,1
pdraw_spiral,mobilenet_v3_large,perspective,5,C:\Users\ramti\Desktop\ramtin legion pc\article_project\data\raw\pdraw_spiral\test\parkinson\V14PE03.png,1,0.541195,1
pdraw_spiral,mobilenet_v3_large,perspective,5,C:\Users\ramti\Desktop\ramtin legion pc\article_project\data\raw\pdraw_spiral\test\parkinson\V15PE01.png,1,0.489235,0
pdraw_spiral,mobilenet_v3_large,rotation,1,C:\Users\ramti\Desktop\ramtin legion pc\article_project\data\raw\pdraw_spiral\test\healthy\V01HE01.png,0,0.472348,0
pdraw_spiral,mobilenet_v3_large,rotation,1,C:\Users\ramti\Desktop\ramtin legion pc\article_project\data\raw\pdraw_spiral\test\healthy\V02HE01.png,0,0.481971,0
pdraw_spiral,mobilenet_v3_large,rotation,1,C:\Users\ramti\Desktop\ramtin legion pc\article_project\data\raw\pdraw_spiral\test\healthy\V03HE1.png,0,0.476715,0
pdraw_spiral,mobilenet_v3_large,rotation,1,C:\Users\ramti\Desktop\ramtin legion pc\article_project\data\raw\pdraw_spiral\test\healthy\V04HE01.png,0,0.470254,0
pdraw_spiral,mobilenet_v3_large,rotation,1,C:\Users\ramti\Desktop\ramtin legion pc\article_project\data\raw\pdraw_spiral\test\healthy\V05HE01.png,0,0.489954,0
pdraw_spiral,mobilenet_v3_large,rotation,1,C:\Users\ramti\Desktop\ramtin legion pc\article_project\data\raw\pdraw_spiral\test\healthy\V06HE01.png,0,0.463423,0
pdraw_spiral,mobilenet_v3_large,rotation,1,C:\Users\ramti\Desktop\ramtin legion pc\article_project\data\raw\pdraw_spiral\test\healthy\V07HE01.png,0,0.484575,0
pdraw_spiral,mobilenet_v3_large,rotation,1,C:\Users\ramti\Desktop\ramtin legion pc\article_project\data\raw\pdraw_spiral\test\healthy\V08HE01.png,0,0.475111,0
pdraw_spiral,mobilenet_v3_large,rotation,1,C:\Users\ramti\Desktop\ramtin legion pc\article_project\data\raw\pdraw_spiral\test\healthy\V09HE01.png,0,0.480128,0
pdraw_spiral,mobilenet_v3_large,rotation,1,C:\Users\ramti\Desktop\ramtin legion pc\article_project\data\raw\pdraw_spiral\test\healthy\V10HE01.png,0,0.473601,0
pdraw_spiral,mobilenet_v3_large,rotation,1,C:\Users\ramti\Desktop\ramtin legion pc\article_project\data\raw\pdraw_spiral\test\healthy\V11HE01.png,0,0.473702,0
pdraw_spiral,mobilenet_v3_large,rotation,1,C:\Users\ramti\Desktop\ramtin legion pc\article_project\data\raw\pdraw_spiral\test\healthy\V55HE12.png,0,0.477335,0
pdraw_spiral,mobilenet_v3_large,rotation,1,C:\Users\ramti\Desktop\ramtin legion pc\article_project\data\raw\pdraw_spiral\test\healthy\V55HE13.png,0,0.467648,0
pdraw_spiral,mobilenet_v3_large,rotation,1,C:\Users\ramti\Desktop\ramtin legion pc\article_project\data\raw\pdraw_spiral\test\healthy\V55HE14.png,0,0.471952,0
pdraw_spiral,mobilenet_v3_large,rotation,1,C:\Users\ramti\Desktop\ramtin legion pc\article_project\data\raw\pdraw_spiral\test\healthy\V55HE15.png,0,0.468809,0
pdraw_spiral,mobilenet_v3_large,rotation,1,C:\Users\ramti\Desktop\ramtin legion pc\article_project\data\raw\pdraw_spiral\test\parkinson\V01PE01.png,1,0.476355,0
pdraw_spiral,mobilenet_v3_large,rotation,1,C:\Users\ramti\Desktop\ramtin legion pc\article_project\data\raw\pdraw_spiral\test\parkinson\V02PE01.png,1,0.506223,1
pdraw_spiral,mobilenet_v3_large,rotation,1,C:\Users\ramti\Desktop\ramtin legion pc\article_project\data\raw\pdraw_spiral\test\parkinson\V03PE01.png,1,0.533208,1
pdraw_spiral,mobilenet_v3_large,rotation,1,C:\Users\ramti\Desktop\ramtin legion pc\article_project\data\raw\pdraw_spiral\test\parkinson\V03PE04.png,1,0.544641,1
pdraw_spiral,mobilenet_v3_large,rotation,1,C:\Users\ramti\Desktop\ramtin legion pc\article_project\data\raw\pdraw_spiral\test\parkinson\V03PE07.png,1,0.517410,1
pdraw_spiral,mobilenet_v3_large,rotation,1,C:\Users\ramti\Desktop\ramtin legion pc\article_project\data\raw\pdraw_spiral\test\parkinson\V04PE01.png,1,0.510302,1
pdraw_spiral,mobilenet_v3_large,rotation,1,C:\Users\ramti\Desktop\ramtin legion pc\article_project\data\raw\pdraw_spiral\test\parkinson\V05PE01.png,1,0.529124,1
pdraw_spiral,mobilenet_v3_large,rotation,1,C:\Users\ramti\Desktop\ramtin legion pc\article_project\data\raw\pdraw_spiral\test\parkinson\V06PE01.png,1,0.484186,0
pdraw_spiral,mobilenet_v3_large,rotation,1,C:\Users\ramti\Desktop\ramtin legion pc\article_project\data\raw\pdraw_spiral\test\parkinson\V07PE01.png,1,0.527160,1
pdraw_spiral,mobilenet_v3_large,rotation,1,C:\Users\ramti\Desktop\ramtin legion pc\article_project\data\raw\pdraw_spiral\test\parkinson\V08PE01.png,1,0.485591,0
pdraw_spiral,mobilenet_v3_large,rotation,1,C:\Users\ramti\Desktop\ramtin legion pc\article_project\data\raw\pdraw_spiral\test\parkinson\V09PE01.png,1,0.503565,1
pdraw_spiral,mobilenet_v3_large,rotation,1,C:\Users\ramti\Desktop\ramtin legion pc\article_project\data\raw\pdraw_spiral\test\parkinson\V10PE03.png,1,0.492409,0
pdraw_spiral,mobilenet_v3_large,rotation,1,C:\Users\ramti\Desktop\ramtin legion pc\article_project\data\raw\pdraw_spiral\test\parkinson\V11PE03.png,1,0.499267,0
pdraw_spiral,mobilenet_v3_large,rotation,1,C:\Users\ramti\Desktop\ramtin legion pc\article_project\data\raw\pdraw_spiral\test\parkinson\V14PE03.png,1,0.528418,1
pdraw_spiral,mobilenet_v3_large,rotation,1,C:\Users\ramti\Desktop\ramtin legion pc\article_project\data\raw\pdraw_spiral\test\parkinson\V15PE01.png,1,0.494664,0
pdraw_spiral,mobilenet_v3_large,rotation,2,C:\Users\ramti\Desktop\ramtin legion pc\article_project\data\raw\pdraw_spiral\test\healthy\V01HE01.png,0,0.470304,0
pdraw_spiral,mobilenet_v3_large,rotation,2,C:\Users\ramti\Desktop\ramtin legion pc\article_project\data\raw\pdraw_spiral\test\healthy\V02HE01.png,0,0.481362,0
pdraw_spiral,mobilenet_v3_large,rotation,2,C:\Users\ramti\Desktop\ramtin legion pc\article_project\data\raw\pdraw_spiral\test\healthy\V03HE1.png,0,0.462982,0
pdraw_spiral,mobilenet_v3_large,rotation,2,C:\Users\ramti\Desktop\ramtin legion pc\article_project\data\raw\pdraw_spiral\test\healthy\V04HE01.png,0,0.462867,0
pdraw_spiral,mobilenet_v3_large,rotation,2,C:\Users\ramti\Desktop\ramtin legion pc\article_project\data\raw\pdraw_spiral\test\healthy\V05HE01.png,0,0.473048,0
pdraw_spiral,mobilenet_v3_large,rotation,2,C:\Users\ramti\Desktop\ramtin legion pc\article_project\data\raw\pdraw_spiral\test\healthy\V06HE01.png,0,0.464008,0
pdraw_spiral,mobilenet_v3_large,rotation,2,C:\Users\ramti\Desktop\ramtin legion pc\article_project\data\raw\pdraw_spiral\test\healthy\V07HE01.png,0,0.474718,0
pdraw_spiral,mobilenet_v3_large,rotation,2,C:\Users\ramti\Desktop\ramtin legion pc\article_project\data\raw\pdraw_spiral\test\healthy\V08HE01.png,0,0.474953,0
pdraw_spiral,mobilenet_v3_large,rotation,2,C:\Users\ramti\Desktop\ramtin legion pc\article_project\data\raw\pdraw_spiral\test\healthy\V09HE01.png,0,0.467989,0
pdraw_spiral,mobilenet_v3_large,rotation,2,C:\Users\ramti\Desktop\ramtin legion pc\article_project\data\raw\pdraw_spiral\test\healthy\V10HE01.png,0,0.469512,0
pdraw_spiral,mobilenet_v3_large,rotation,2,C:\Users\ramti\Desktop\ramtin legion pc\article_project\data\raw\pdraw_spiral\test\healthy\V11HE01.png,0,0.472119,0
pdraw_spiral,mobilenet_v3_large,rotation,2,C:\Users\ramti\Desktop\ramtin legion pc\article_project\data\raw\pdraw_spiral\test\healthy\V55HE12.png,0,0.467304,0
pdraw_spiral,mobilenet_v3_large,rotation,2,C:\Users\ramti\Desktop\ramtin legion pc\article_project\data\raw\pdraw_spiral\test\healthy\V55HE13.png,0,0.471223,0
pdraw_spiral,mobilenet_v3_large,rotation,2,C:\Users\ramti\Desktop\ramtin legion pc\article_project\data\raw\pdraw_spiral\test\healthy\V55HE14.png,0,0.460449,0
pdraw_spiral,mobilenet_v3_large,rotation,2,C:\Users\ramti\Desktop\ramtin legion pc\article_project\data\raw\pdraw_spiral\test\healthy\V55HE15.png,0,0.468661,0
pdraw_spiral,mobilenet_v3_large,rotation,2,C:\Users\ramti\Desktop\ramtin legion pc\article_project\data\raw\pdraw_spiral\test\parkinson\V01PE01.png,1,0.463800,0
pdraw_spiral,mobilenet_v3_large,rotation,2,C:\Users\ramti\Desktop\ramtin legion pc\article_project\data\raw\pdraw_spiral\test\parkinson\V02PE01.png,1,0.505782,1
pdraw_spiral,mobilenet_v3_large,rotation,2,C:\Users\ramti\Desktop\ramtin legion pc\article_project\data\raw\pdraw_spiral\test\parkinson\V03PE01.png,1,0.524395,1
pdraw_spiral,mobilenet_v3_large,rotation,2,C:\Users\ramti\Desktop\ramtin legion pc\article_project\data\raw\pdraw_spiral\test\parkinson\V03PE04.png,1,0.532931,1
pdraw_spiral,mobilenet_v3_large,rotation,2,C:\Users\ramti\Desktop\ramtin legion pc\article_project\data\raw\pdraw_spiral\test\parkinson\V03PE07.png,1,0.507786,1
pdraw_spiral,mobilenet_v3_large,rotation,2,C:\Users\ramti\Desktop\ramtin legion pc\article_project\data\raw\pdraw_spiral\test\parkinson\V04PE01.png,1,0.506888,1
pdraw_spiral,mobilenet_v3_large,rotation,2,C:\Users\ramti\Desktop\ramtin legion pc\article_project\data\raw\pdraw_spiral\test\parkinson\V05PE01.png,1,0.521143,1
pdraw_spiral,mobilenet_v3_large,rotation,2,C:\Users\ramti\Desktop\ramtin legion pc\article_project\data\raw\pdraw_spiral\test\parkinson\V06PE01.png,1,0.483668,0
pdraw_spiral,mobilenet_v3_large,rotation,2,C:\Users\ramti\Desktop\ramtin legion pc\article_project\data\raw\pdraw_spiral\test\parkinson\V07PE01.png,1,0.528792,1
pdraw_spiral,mobilenet_v3_large,rotation,2,C:\Users\ramti\Desktop\ramtin legion pc\article_project\data\raw\pdraw_spiral\test\parkinson\V08PE01.png,1,0.470461,0
pdraw_spiral,mobilenet_v3_large,rotation,2,C:\Users\ramti\Desktop\ramtin legion pc\article_project\data\raw\pdraw_spiral\test\parkinson\V09PE01.png,1,0.487791,0
pdraw_spiral,mobilenet_v3_large,rotation,2,C:\Users\ramti\Desktop\ramtin legion pc\article_project\data\raw\pdraw_spiral\test\parkinson\V10PE03.png,1,0.479054,0
pdraw_spiral,mobilenet_v3_large,rotation,2,C:\Users\ramti\Desktop\ramtin legion pc\article_project\data\raw\pdraw_spiral\test\parkinson\V11PE03.png,1,0.480751,0
pdraw_spiral,mobilenet_v3_large,rotation,2,C:\Users\ramti\Desktop\ramtin legion pc\article_project\data\raw\pdraw_spiral\test\parkinson\V14PE03.png,1,0.521779,1
pdraw_spiral,mobilenet_v3_large,rotation,2,C:\Users\ramti\Desktop\ramtin legion pc\article_project\data\raw\pdraw_spiral\test\parkinson\V15PE01.png,1,0.483930,0
pdraw_spiral,mobilenet_v3_large,rotation,3,C:\Users\ramti\Desktop\ramtin legion pc\article_project\data\raw\pdraw_spiral\test\healthy\V01HE01.png,0,0.476398,0
pdraw_spiral,mobilenet_v3_large,rotation,3,C:\Users\ramti\Desktop\ramtin legion pc\article_project\data\raw\pdraw_spiral\test\healthy\V02HE01.png,0,0.475151,0
pdraw_spiral,mobilenet_v3_large,rotation,3,C:\Users\ramti\Desktop\ramtin legion pc\article_project\data\raw\pdraw_spiral\test\healthy\V03HE1.png,0,0.477989,0
pdraw_spiral,mobilenet_v3_large,rotation,3,C:\Users\ramti\Desktop\ramtin legion pc\article_project\data\raw\pdraw_spiral\test\healthy\V04HE01.png,0,0.471574,0
pdraw_spiral,mobilenet_v3_large,rotation,3,C:\Users\ramti\Desktop\ramtin legion pc\article_project\data\raw\pdraw_spiral\test\healthy\V05HE01.png,0,0.476265,0
pdraw_spiral,mobilenet_v3_large,rotation,3,C:\Users\ramti\Desktop\ramtin legion pc\article_project\data\raw\pdraw_spiral\test\healthy\V06HE01.png,0,0.458493,0
pdraw_spiral,mobilenet_v3_large,rotation,3,C:\Users\ramti\Desktop\ramtin legion pc\article_project\data\raw\pdraw_spiral\test\healthy\V07HE01.png,0,0.474605,0
pdraw_spiral,mobilenet_v3_large,rotation,3,C:\Users\ramti\Desktop\ramtin legion pc\article_project\data\raw\pdraw_spiral\test\healthy\V08HE01.png,0,0.470684,0
pdraw_spiral,mobilenet_v3_large,rotation,3,C:\Users\ramti\Desktop\ramtin legion pc\article_project\data\raw\pdraw_spiral\test\healthy\V09HE01.png,0,0.476409,0
pdraw_spiral,mobilenet_v3_large,rotation,3,C:\Users\ramti\Desktop\ramtin legion pc\article_project\data\raw\pdraw_spiral\test\healthy\V10HE01.png,0,0.472961,0
pdraw_spiral,mobilenet_v3_large,rotation,3,C:\Users\ramti\Desktop\ramtin legion pc\article_project\data\raw\pdraw_spiral\test\healthy\V11HE01.png,0,0.470061,0
pdraw_spiral,mobilenet_v3_large,rotation,3,C:\Users\ramti\Desktop\ramtin legion pc\article_project\data\raw\pdraw_spiral\test\healthy\V55HE12.png,0,0.464463,0
pdraw_spiral,mobilenet_v3_large,rotation,3,C:\Users\ramti\Desktop\ramtin legion pc\article_project\data\raw\pdraw_spiral\test\healthy\V55HE13.png,0,0.467588,0
pdraw_spiral,mobilenet_v3_large,rotation,3,C:\Users\ramti\Desktop\ramtin legion pc\article_project\data\raw\pdraw_spiral\test\healthy\V55HE14.png,0,0.469558,0
pdraw_spiral,mobilenet_v3_large,rotation,3,C:\Users\ramti\Desktop\ramtin legion pc\article_project\data\raw\pdraw_spiral\test\healthy\V55HE15.png,0,0.476066,0
pdraw_spiral,mobilenet_v3_large,rotation,3,C:\Users\ramti\Desktop\ramtin legion pc\article_project\data\raw\pdraw_spiral\test\parkinson\V01PE01.png,1,0.476077,0
pdraw_spiral,mobilenet_v3_large,rotation,3,C:\Users\ramti\Desktop\ramtin legion pc\article_project\data\raw\pdraw_spiral\test\parkinson\V02PE01.png,1,0.498161,0
pdraw_spiral,mobilenet_v3_large,rotation,3,C:\Users\ramti\Desktop\ramtin legion pc\article_project\data\raw\pdraw_spiral\test\parkinson\V03PE01.png,1,0.518158,1
pdraw_spiral,mobilenet_v3_large,rotation,3,C:\Users\ramti\Desktop\ramtin legion pc\article_project\data\raw\pdraw_spiral\test\parkinson\V03PE04.png,1,0.529239,1
pdraw_spiral,mobilenet_v3_large,rotation,3,C:\Users\ramti\Desktop\ramtin legion pc\article_project\data\raw\pdraw_spiral\test\parkinson\V03PE07.png,1,0.501132,1
pdraw_spiral,mobilenet_v3_large,rotation,3,C:\Users\ramti\Desktop\ramtin legion pc\article_project\data\raw\pdraw_spiral\test\parkinson\V04PE01.png,1,0.501835,1
pdraw_spiral,mobilenet_v3_large,rotation,3,C:\Users\ramti\Desktop\ramtin legion pc\article_project\data\raw\pdraw_spiral\test\parkinson\V05PE01.png,1,0.510091,1
pdraw_spiral,mobilenet_v3_large,rotation,3,C:\Users\ramti\Desktop\ramtin legion pc\article_project\data\raw\pdraw_spiral\test\parkinson\V06PE01.png,1,0.478232,0
pdraw_spiral,mobilenet_v3_large,rotation,3,C:\Users\ramti\Desktop\ramtin legion pc\article_project\data\raw\pdraw_spiral\test\parkinson\V07PE01.png,1,0.509335,1
pdraw_spiral,mobilenet_v3_large,rotation,3,C:\Users\ramti\Desktop\ramtin legion pc\article_project\data\raw\pdraw_spiral\test\parkinson\V08PE01.png,1,0.470494,0
pdraw_spiral,mobilenet_v3_large,rotation,3,C:\Users\ramti\Desktop\ramtin legion pc\article_project\data\raw\pdraw_spiral\test\parkinson\V09PE01.png,1,0.491885,0
pdraw_spiral,mobilenet_v3_large,rotation,3,C:\Users\ramti\Desktop\ramtin legion pc\article_project\data\raw\pdraw_spiral\test\parkinson\V10PE03.png,1,0.481380,0
pdraw_spiral,mobilenet_v3_large,rotation,3,C:\Users\ramti\Desktop\ramtin legion pc\article_project\data\raw\pdraw_spiral\test\parkinson\V11PE03.png,1,0.480586,0
pdraw_spiral,mobilenet_v3_large,rotation,3,C:\Users\ramti\Desktop\ramtin legion pc\article_project\data\raw\pdraw_spiral\test\parkinson\V14PE03.png,1,0.515965,1
pdraw_spiral,mobilenet_v3_large,rotation,3,C:\Users\ramti\Desktop\ramtin legion pc\article_project\data\raw\pdraw_spiral\test\parkinson\V15PE01.png,1,0.467988,0
pdraw_spiral,mobilenet_v3_large,rotation,4,C:\Users\ramti\Desktop\ramtin legion pc\article_project\data\raw\pdraw_spiral\test\healthy\V01HE01.png,0,0.461798,0
pdraw_spiral,mobilenet_v3_large,rotation,4,C:\Users\ramti\Desktop\ramtin legion pc\article_project\data\raw\pdraw_spiral\test\healthy\V02HE01.png,0,0.480898,0
pdraw_spiral,mobilenet_v3_large,rotation,4,C:\Users\ramti\Desktop\ramtin legion pc\article_project\data\raw\pdraw_spiral\test\healthy\V03HE1.png,0,0.465056,0
pdraw_spiral,mobilenet_v3_large,rotation,4,C:\Users\ramti\Desktop\ramtin legion pc\article_project\data\raw\pdraw_spiral\test\healthy\V04HE01.png,0,0.456461,0
pdraw_spiral,mobilenet_v3_large,rotation,4,C:\Users\ramti\Desktop\ramtin legion pc\article_project\data\raw\pdraw_spiral\test\healthy\V05HE01.png,0,0.465274,0
pdraw_spiral,mobilenet_v3_large,rotation,4,C:\Users\ramti\Desktop\ramtin legion pc\article_project\data\raw\pdraw_spiral\test\healthy\V06HE01.png,0,0.455499,0
pdraw_spiral,mobilenet_v3_large,rotation,4,C:\Users\ramti\Desktop\ramtin legion pc\article_project\data\raw\pdraw_spiral\test\healthy\V07HE01.png,0,0.474397,0
pdraw_spiral,mobilenet_v3_large,rotation,4,C:\Users\ramti\Desktop\ramtin legion pc\article_project\data\raw\pdraw_spiral\test\healthy\V08HE01.png,0,0.459486,0
pdraw_spiral,mobilenet_v3_large,rotation,4,C:\Users\ramti\Desktop\ramtin legion pc\article_project\data\raw\pdraw_spiral\test\healthy\V09HE01.png,0,0.458088,0
pdraw_spiral,mobilenet_v3_large,rotation,4,C:\Users\ramti\Desktop\ramtin legion pc\article_project\data\raw\pdraw_spiral\test\healthy\V10HE01.png,0,0.460318,0
pdraw_spiral,mobilenet_v3_large,rotation,4,C:\Users\ramti\Desktop\ramtin legion pc\article_project\data\raw\pdraw_spiral\test\healthy\V11HE01.png,0,0.460830,0
pdraw_spiral,mobilenet_v3_large,rotation,4,C:\Users\ramti\Desktop\ramtin legion pc\article_project\data\raw\pdraw_spiral\test\healthy\V55HE12.png,0,0.463975,0
pdraw_spiral,mobilenet_v3_large,rotation,4,C:\Users\ramti\Desktop\ramtin legion pc\article_project\data\raw\pdraw_spiral\test\healthy\V55HE13.png,0,0.470614,0
pdraw_spiral,mobilenet_v3_large,rotation,4,C:\Users\ramti\Desktop\ramtin legion pc\article_project\data\raw\pdraw_spiral\test\healthy\V55HE14.png,0,0.458356,0
pdraw_spiral,mobilenet_v3_large,rotation,4,C:\Users\ramti\Desktop\ramtin legion pc\article_project\data\raw\pdraw_spiral\test\healthy\V55HE15.png,0,0.464378,0
pdraw_spiral,mobilenet_v3_large,rotation,4,C:\Users\ramti\Desktop\ramtin legion pc\article_project\data\raw\pdraw_spiral\test\parkinson\V01PE01.png,1,0.468575,0
pdraw_spiral,mobilenet_v3_large,rotation,4,C:\Users\ramti\Desktop\ramtin legion pc\article_project\data\raw\pdraw_spiral\test\parkinson\V02PE01.png,1,0.494635,0
pdraw_spiral,mobilenet_v3_large,rotation,4,C:\Users\ramti\Desktop\ramtin legion pc\article_project\data\raw\pdraw_spiral\test\parkinson\V03PE01.png,1,0.513714,1
pdraw_spiral,mobilenet_v3_large,rotation,4,C:\Users\ramti\Desktop\ramtin legion pc\article_project\data\raw\pdraw_spiral\test\parkinson\V03PE04.png,1,0.520544,1
pdraw_spiral,mobilenet_v3_large,rotation,4,C:\Users\ramti\Desktop\ramtin legion pc\article_project\data\raw\pdraw_spiral\test\parkinson\V03PE07.png,1,0.502854,1
pdraw_spiral,mobilenet_v3_large,rotation,4,C:\Users\ramti\Desktop\ramtin legion pc\article_project\data\raw\pdraw_spiral\test\parkinson\V04PE01.png,1,0.499739,0
pdraw_spiral,mobilenet_v3_large,rotation,4,C:\Users\ramti\Desktop\ramtin legion pc\article_project\data\raw\pdraw_spiral\test\parkinson\V05PE01.png,1,0.511124,1
pdraw_spiral,mobilenet_v3_large,rotation,4,C:\Users\ramti\Desktop\ramtin legion pc\article_project\data\raw\pdraw_spiral\test\parkinson\V06PE01.png,1,0.471519,0
pdraw_spiral,mobilenet_v3_large,rotation,4,C:\Users\ramti\Desktop\ramtin legion pc\article_project\data\raw\pdraw_spiral\test\parkinson\V07PE01.png,1,0.519055,1
pdraw_spiral,mobilenet_v3_large,rotation,4,C:\Users\ramti\Desktop\ramtin legion pc\article_project\data\raw\pdraw_spiral\test\parkinson\V08PE01.png,1,0.468643,0
pdraw_spiral,mobilenet_v3_large,rotation,4,C:\Users\ramti\Desktop\ramtin legion pc\article_project\data\raw\pdraw_spiral\test\parkinson\V09PE01.png,1,0.479394,0
pdraw_spiral,mobilenet_v3_large,rotation,4,C:\Users\ramti\Desktop\ramtin legion pc\article_project\data\raw\pdraw_spiral\test\parkinson\V10PE03.png,1,0.478572,0
pdraw_spiral,mobilenet_v3_large,rotation,4,C:\Users\ramti\Desktop\ramtin legion pc\article_project\data\raw\pdraw_spiral\test\parkinson\V11PE03.png,1,0.473945,0
pdraw_spiral,mobilenet_v3_large,rotation,4,C:\Users\ramti\Desktop\ramtin legion pc\article_project\data\raw\pdraw_spiral\test\parkinson\V14PE03.png,1,0.511798,1
pdraw_spiral,mobilenet_v3_large,rotation,4,C:\Users\ramti\Desktop\ramtin legion pc\article_project\data\raw\pdraw_spiral\test\parkinson\V15PE01.png,1,0.476649,0
pdraw_spiral,mobilenet_v3_large,rotation,5,C:\Users\ramti\Desktop\ramtin legion pc\article_project\data\raw\pdraw_spiral\test\healthy\V01HE01.png,0,0.471609,0
pdraw_spiral,mobilenet_v3_large,rotation,5,C:\Users\ramti\Desktop\ramtin legion pc\article_project\data\raw\pdraw_spiral\test\healthy\V02HE01.png,0,0.487995,0
pdraw_spiral,mobilenet_v3_large,rotation,5,C:\Users\ramti\Desktop\ramtin legion pc\article_project\data\raw\pdraw_spiral\test\healthy\V03HE1.png,0,0.472406,0
pdraw_spiral,mobilenet_v3_large,rotation,5,C:\Users\ramti\Desktop\ramtin legion pc\article_project\data\raw\pdraw_spiral\test\healthy\V04HE01.png,0,0.462567,0
pdraw_spiral,mobilenet_v3_large,rotation,5,C:\Users\ramti\Desktop\ramtin legion pc\article_project\data\raw\pdraw_spiral\test\healthy\V05HE01.png,0,0.473655,0
pdraw_spiral,mobilenet_v3_large,rotation,5,C:\Users\ramti\Desktop\ramtin legion pc\article_project\data\raw\pdraw_spiral\test\healthy\V06HE01.png,0,0.451466,0
pdraw_spiral,mobilenet_v3_large,rotation,5,C:\Users\ramti\Desktop\ramtin legion pc\article_project\data\raw\pdraw_spiral\test\healthy\V07HE01.png,0,0.469058,0
pdraw_spiral,mobilenet_v3_large,rotation,5,C:\Users\ramti\Desktop\ramtin legion pc\article_project\data\raw\pdraw_spiral\test\healthy\V08HE01.png,0,0.464979,0
pdraw_spiral,mobilenet_v3_large,rotation,5,C:\Users\ramti\Desktop\ramtin legion pc\article_project\data\raw\pdraw_spiral\test\healthy\V09HE01.png,0,0.458918,0
pdraw_spiral,mobilenet_v3_large,rotation,5,C:\Users\ramti\Desktop\ramtin legion pc\article_project\data\raw\pdraw_spiral\test\healthy\V10HE01.png,0,0.461060,0
pdraw_spiral,mobilenet_v3_large,rotation,5,C:\Users\ramti\Desktop\ramtin legion pc\article_project\data\raw\pdraw_spiral\test\healthy\V11HE01.png,0,0.475293,0
pdraw_spiral,mobilenet_v3_large,rotation,5,C:\Users\ramti\Desktop\ramtin legion pc\article_project\data\raw\pdraw_spiral\test\healthy\V55HE12.png,0,0.465643,0
pdraw_spiral,mobilenet_v3_large,rotation,5,C:\Users\ramti\Desktop\ramtin legion pc\article_project\data\raw\pdraw_spiral\test\healthy\V55HE13.png,0,0.472491,0
pdraw_spiral,mobilenet_v3_large,rotation,5,C:\Users\ramti\Desktop\ramtin legion pc\article_project\data\raw\pdraw_spiral\test\healthy\V55HE14.png,0,0.470440,0
pdraw_spiral,mobilenet_v3_large,rotation,5,C:\Users\ramti\Desktop\ramtin legion pc\article_project\data\raw\pdraw_spiral\test\healthy\V55HE15.png,0,0.466279,0
pdraw_spiral,mobilenet_v3_large,rotation,5,C:\Users\ramti\Desktop\ramtin legion pc\article_project\data\raw\pdraw_spiral\test\parkinson\V01PE01.png,1,0.467626,0
pdraw_spiral,mobilenet_v3_large,rotation,5,C:\Users\ramti\Desktop\ramtin legion pc\article_project\data\raw\pdraw_spiral\test\parkinson\V02PE01.png,1,0.496867,0
pdraw_spiral,mobilenet_v3_large,rotation,5,C:\Users\ramti\Desktop\ramtin legion pc\article_project\data\raw\pdraw_spiral\test\parkinson\V03PE01.png,1,0.507962,1
pdraw_spiral,mobilenet_v3_large,rotation,5,C:\Users\ramti\Desktop\ramtin legion pc\article_project\data\raw\pdraw_spiral\test\parkinson\V03PE04.png,1,0.512025,1
pdraw_spiral,mobilenet_v3_large,rotation,5,C:\Users\ramti\Desktop\ramtin legion pc\article_project\data\raw\pdraw_spiral\test\parkinson\V03PE07.png,1,0.494897,0
pdraw_spiral,mobilenet_v3_large,rotation,5,C:\Users\ramti\Desktop\ramtin legion pc\article_project\data\raw\pdraw_spiral\test\parkinson\V04PE01.png,1,0.494330,0
pdraw_spiral,mobilenet_v3_large,rotation,5,C:\Users\ramti\Desktop\ramtin legion pc\article_project\data\raw\pdraw_spiral\test\parkinson\V05PE01.png,1,0.505019,1
pdraw_spiral,mobilenet_v3_large,rotation,5,C:\Users\ramti\Desktop\ramtin legion pc\article_project\data\raw\pdraw_spiral\test\parkinson\V06PE01.png,1,0.482407,0
pdraw_spiral,mobilenet_v3_large,rotation,5,C:\Users\ramti\Desktop\ramtin legion pc\article_project\data\raw\pdraw_spiral\test\parkinson\V07PE01.png,1,0.519769,1
pdraw_spiral,mobilenet_v3_large,rotation,5,C:\Users\ramti\Desktop\ramtin legion pc\article_project\data\raw\pdraw_spiral\test\parkinson\V08PE01.png,1,0.470966,0
pdraw_spiral,mobilenet_v3_large,rotation,5,C:\Users\ramti\Desktop\ramtin legion pc\article_project\data\raw\pdraw_spiral\test\parkinson\V09PE01.png,1,0.480284,0
pdraw_spiral,mobilenet_v3_large,rotation,5,C:\Users\ramti\Desktop\ramtin legion pc\article_project\data\raw\pdraw_spiral\test\parkinson\V10PE03.png,1,0.477382,0
pdraw_spiral,mobilenet_v3_large,rotation,5,C:\Users\ramti\Desktop\ramtin legion pc\article_project\data\raw\pdraw_spiral\test\parkinson\V11PE03.png,1,0.469290,0
pdraw_spiral,mobilenet_v3_large,rotation,5,C:\Users\ramti\Desktop\ramtin legion pc\article_project\data\raw\pdraw_spiral\test\parkinson\V14PE03.png,1,0.512906,1
pdraw_spiral,mobilenet_v3_large,rotation,5,C:\Users\ramti\Desktop\ramtin legion pc\article_project\data\raw\pdraw_spiral\test\parkinson\V15PE01.png,1,0.466931,0
