dataset,model,corruption,level,path,y_true,y_prob,y_pred
pdraw_wave,resnet50,clean,0,C:\Users\ramti\Desktop\ramtin legion pc\article_project\data\raw\pdraw_wave\test\healthy\V01HO01.png,0,0.594473,0
pdraw_wave,resnet50,clean,0,C:\Users\ramti\Desktop\ramtin legion pc\article_project\data\raw\pdraw_wave\test\healthy\V02HO01.png,0,0.486019,0
pdraw_wave,resnet50,clean,0,C:\Users\ramti\Desktop\ramtin legion pc\article_project\data\raw\pdraw_wave\test\healthy\V03HO01.png,0,0.467911,0
pdraw_wave,resnet50,clean,0,C:\Users\ramti\Desktop\ramtin legion pc\article_project\data\raw\pdraw_wave\test\healthy\V04HO01.png,0,0.457345,0
pdraw_wave,resnet50,clean,0,C:\Users\ramti\Desktop\ramtin legion pc\article_project\data\raw\pdraw_wave\test\healthy\V05HO01.png,0,0.599251,0
pdraw_wave,resnet50,clean,0,C:\Users\ramti\Desktop\ramtin legion pc\article_project\data\raw\pdraw_wave\test\healthy\V06HO01.png,0,0.564769,0
pdraw_wave,resnet50,clean,0,C:\Users\ramti\Desktop\ramtin legion pc\article_project\data\raw\pdraw_wave\test\healthy\V07HO01.png,0,0.443687,0
pdraw_wave,resnet50,clean,0,C:\Users\ramti\Desktop\ramtin legion pc\article_project\data\raw\pdraw_wave\test\healthy\V08HO01.png,0,0.508951,0
pdraw_wave,resnet50,clean,0,C:\Users\ramti\Desktop\ramtin legion pc\article_project\data\raw\pdraw_wave\test\healthy\V09HO01.png,0,0.492901,0
pdraw_wave,resnet50,clean,0,C:\Users\ramti\Desktop\ramtin legion pc\article_project\data\raw\pdraw_wave\test\healthy\V10HO01.png,0,0.532472,0
pdraw_wave,resnet50,clean,0,C:\Users\ramti\Desktop\ramtin legion pc\article_project\data\raw\pdraw_wave\test\healthy\V11HO01.png,0,0.449243,0
pdraw_wave,resnet50,clean,0,C:\Users\ramti\Desktop\ramtin legion pc\article_project\data\raw\pdraw_wave\test\healthy\V55HO08.png,0,0.484315,0
pdraw_wave,resnet50,clean,0,C:\Users\ramti\Desktop\ramtin legion pc\article_project\data\raw\pdraw_wave\test\healthy\V55HO09.png,0,0.503727,0
pdraw_wave,resnet50,clean,0,C:\Users\ramti\Desktop\ramtin legion pc\article_project\data\raw\pdraw_wave\test\healthy\V55HO10.png,0,0.477084,0
pdraw_wave,resnet50,clean,0,C:\Users\ramti\Desktop\ramtin legion pc\article_project\data\raw\pdraw_wave\test\healthy\V55HO11.png,0,0.544643,0
pdraw_wave,resnet50,clean,0,C:\Users\ramti\Desktop\ramtin legion pc\article_project\data\raw\pdraw_wave\test\parkinson\V01PO01.png,1,0.573777,0
pdraw_wave,resnet50,clean,0,C:\Users\ramti\Desktop\ramtin legion pc\article_project\data\raw\pdraw_wave\test\parkinson\V02PO01.png,1,0.692345,1
pdraw_wave,resnet50,clean,0,C:\Users\ramti\Desktop\ramtin legion pc\article_project\data\raw\pdraw_wave\test\parkinson\V03PO01.png,1,0.816203,1
pdraw_wave,resnet50,clean,0,C:\Users\ramti\Desktop\ramtin legion pc\article_project\data\raw\pdraw_wave\test\parkinson\V03PO04.png,1,0.874318,1
pdraw_wave,resnet50,clean,0,C:\Users\ramti\Desktop\ramtin legion pc\article_project\data\raw\pdraw_wave\test\parkinson\V03PO07.png,1,0.760654,1
pdraw_wave,resnet50,clean,0,C:\Users\ramti\Desktop\ramtin legion pc\article_project\data\raw\pdraw_wave\test\parkinson\V04PO01.png,1,0.823878,1
pdraw_wave,resnet50,clean,0,C:\Users\ramti\Desktop\ramtin legion pc\article_project\data\raw\pdraw_wave\test\parkinson\V05PO01.png,1,0.772219,1
pdraw_wave,resnet50,clean,0,C:\Users\ramti\Desktop\ramtin legion pc\article_project\data\raw\pdraw_wave\test\parkinson\V06PO01.png,1,0.698950,1
pdraw_wave,resnet50,clean,0,C:\Users\ramti\Desktop\ramtin legion pc\article_project\data\raw\pdraw_wave\test\parkinson\V07PO01.png,1,0.859628,1
pdraw_wave,resnet50,clean,0,C:\Users\ramti\Desktop\ramtin legion pc\article_project\data\raw\pdraw_wave\test\parkinson\V08PO01.png,1,0.475222,0
pdraw_wave,resnet50,clean,0,C:\Users\ramti\Desktop\ramtin legion pc\article_project\data\raw\pdraw_wave\test\parkinson\V09PO01.png,1,0.785705,1
pdraw_wave,resnet50,clean,0,C:\Users\ramti\Desktop\ramtin legion pc\article_project\data\raw\pdraw_wave\test\parkinson\V10PO01.png,1,0.608653,1
pdraw_wave,resnet50,clean,0,C:\Users\ramti\Desktop\ramtin legion pc\article_project\data\raw\pdraw_wave\test\parkinson\V11PO01.png,1,0.554142,0
pdraw_wave,resnet50,clean,0,C:\Users\ramti\Desktop\ramtin legion pc\article_project\data\raw\pdraw_wave\test\parkinson\V14PO01.png,1,0.817716,1
pdraw_wave,resnet50,clean,0,C:\Users\ramti\Desktop\ramtin legion pc\article_project\data\raw\pdraw_wave\test\parkinson\V14PO03.png,1,0.772240,1
pdraw_wave,resnet50,jpeg_compression,1,C:\Users\ramti\Desktop\ramtin legion pc\article_project\data\raw\pdraw_wave\test\healthy\V01HO01.png,0,0.600782,1
pdraw_wave,resnet50,jpeg_compression,1,C:\Users\ramti\Desktop\ramtin legion pc\article_project\data\raw\pdraw_wave\test\healthy\V02HO01.png,0,0.482665,0
pdraw_wave,resnet50,jpeg_compression,1,C:\Users\ramti\Desktop\ramtin legion pc\article_project\data\raw\pdraw_wave\test\healthy\V03HO01.png,0,0.464740,0
pdraw_wave,resnet50,jpeg_compression,1,C:\Users\ramti\Desktop\ramtin legion pc\article_project\data\raw\pdraw_wave\test\healthy\V04HO01.png,0,0.459052,0
pdraw_wave,resnet50,jpeg_compression,1,C:\Users\ramti\Desktop\ramtin legion pc\article_project\data\raw\pdraw_wave\test\healthy\V05HO01.png,0,0.593871,0
pdraw_wave,resnet50,jpeg_compression,1,C:\Users\ramti\Desktop\ramtin legion pc\article_project\data\raw\pdraw_wave\test\healthy\V06HO01.png,0,0.575368,0
pdraw_wave,resnet50,jpeg_compression,1,C:\Users\ramti\Desktop\ramtin legion pc\article_project\data\raw\pdraw_wave\test\healthy\V07HO01.png,0,0.443232,0
pdraw_wave,resnet50,jpeg_compression,1,C:\Users\ramti\Desktop\ramtin legion pc\article_project\data\raw\pdraw_wave\test\healthy\V08HO01.png,0,0.508231,0
pdraw_wave,resnet50,jpeg_compression,1,C:\Users\ramti\Desktop\ramtin legion pc\article_project\data\raw\pdraw_wave\test\healthy\V09HO01.png,0,0.498749,0
pdraw_wave,resnet50,jpeg_compression,1,C:\Users\ramti\Desktop\ramtin legion pc\article_project\data\raw\pdraw_wave\test\healthy\V10HO01.png,0,0.533238,0
pdraw_wave,resnet50,jpeg_compression,1,C:\Users\ramti\Desktop\ramtin legion pc\article_project\data\raw\pdraw_wave\test\healthy\V11HO01.png,0,0.449554,0
pdraw_wave,resnet50,jpeg_compression,1,C:\Users\ramti\Desktop\ramtin legion pc\article_project\data\raw\pdraw_wave\test\healthy\V55HO08.png,0,0.483763,0
pdraw_wave,resnet50,jpeg_compression,1,C:\Users\ramti\Desktop\ramtin legion pc\article_project\data\raw\pdraw_wave\test\healthy\V55HO09.png,0,0.496357,0
pdraw_wave,resnet50,jpeg_compression,1,C:\Users\ramti\Desktop\ramtin legion pc\article_project\data\raw\pdraw_wave\test\healthy\V55HO10.png,0,0.470370,0
pdraw_wave,resnet50,jpeg_compression,1,C:\Users\ramti\Desktop\ramtin legion pc\article_project\data\raw\pdraw_wave\test\healthy\V55HO11.png,0,0.544556,0
pdraw_wave,resnet50,jpeg_compression,1,C:\Users\ramti\Desktop\ramtin legion pc\article_project\data\raw\pdraw_wave\test\parkinson\V01PO01.png,1,0.566412,0
pdraw_wave,resnet50,jpeg_compression,1,C:\Users\ramti\Desktop\ramtin legion pc\article_project\data\raw\pdraw_wave\test\parkinson\V02PO01.png,1,0.707351,1
pdraw_wave,resnet50,jpeg_compression,1,C:\Users\ramti\Desktop\ramtin legion pc\article_project\data\raw\pdraw_wave\test\parkinson\V03PO01.png,1,0.804891,1
pdraw_wave,resnet50,jpeg_compression,1,C:\Users\ramti\Desktop\ramtin legion pc\article_project\data\raw\pdraw_wave\test\parkinson\V03PO04.png,1,0.875742,1
pdraw_wave,resnet50,jpeg_compression,1,C:\Users\ramti\Desktop\ramtin legion pc\article_project\data\raw\pdraw_wave\test\parkinson\V03PO07.png,1,0.762926,1
pdraw_wave,resnet50,jpeg_compression,1,C:\Users\ramti\Desktop\ramtin legion pc\article_project\data\raw\pdraw_wave\test\parkinson\V04PO01.png,1,0.824947,1
pdraw_wave,resnet50,jpeg_compression,1,C:\Users\ramti\Desktop\ramtin legion pc\article_project\data\raw\pdraw_wave\test\parkinson\V05PO01.png,1,0.771673,1
pdraw_wave,resnet50,jpeg_compression,1,C:\Users\ramti\Desktop\ramtin legion pc\article_project\data\raw\pdraw_wave\test\parkinson\V06PO01.png,1,0.713111,1
pdraw_wave,resnet50,jpeg_compression,1,C:\Users\ramti\Desktop\ramtin legion pc\article_project\data\raw\pdraw_wave\test\parkinson\V07PO01.png,1,0.854861,1
pdraw_wave,resnet50,jpeg_compression,1,C:\Users\ramti\Desktop\ramtin legion pc\article_project\data\raw\pdraw_wave\test\parkinson\V08PO01.png,1,0.468459,0
pdraw_wave,resnet50,jpeg_compression,1,C:\Users\ramti\Desktop\ramtin legion pc\article_project\data\raw\pdraw_wave\test\parkinson\V09PO01.png,1,0.783685,1
pdraw_wave,resnet50,jpeg_compression,1,C:\Users\ramti\Desktop\ramtin legion pc\article_project\data\raw\pdraw_wave\test\parkinson\V10PO01.png,1,0.593704,0
pdraw_wave,resnet50,jpeg_compression,1,C:\Users\ramti\Desktop\ramtin legion pc\article_project\data\raw\pdraw_wave\test\parkinson\V11PO01.png,1,0.551461,0
pdraw_wave,resnet50,jpeg_compression,1,C:\Users\ramti\Desktop\ramtin legion pc\article_project\data\raw\pdraw_wave\test\parkinson\V14PO01.png,1,0.818501,1
pdraw_wave,resnet50,jpeg_compression,1,C:\Users\ramti\Desktop\ramtin legion pc\article_project\data\raw\pdraw_wave\test\parkinson\V14PO03.png,1,0.767080,1
pdraw_wave,resnet50,jpeg_compression,2,C:\Users\ramti\Desktop\ramtin legion pc\article_project\data\raw\pdraw_wave\test\healthy\V01HO01.png,0,0.573956,0
pdraw_wave,resnet50,jpeg_compression,2,C:\Users\ramti\Desktop\ramtin legion pc\article_project\data\raw\pdraw_wave\test\healthy\V02HO01.png,0,0.498975,0
pdraw_wave,resnet50,jpeg_compression,2,C:\Users\ramti\Desktop\ramtin legion pc\article_project\data\raw\pdraw_wave\test\healthy\V03HO01.png,0,0.473330,0
pdraw_wave,resnet50,jpeg_compression,2,C:\Users\ramti\Desktop\ramtin legion pc\article_project\data\raw\pdraw_wave\test\healthy\V04HO01.png,0,0.454646,0
pdraw_wave,resnet50,jpeg_compression,2,C:\Users\ramti\Desktop\ramtin legion pc\article_project\data\raw\pdraw_wave\test\healthy\V05HO01.png,0,0.586723,0
pdraw_wave,resnet50,jpeg_compression,2,C:\Users\ramti\Desktop\ramtin legion pc\article_project\data\raw\pdraw_wave\test\healthy\V06HO01.png,0,0.579334,0
pdraw_wave,resnet50,jpeg_compression,2,C:\Users\ramti\Desktop\ramtin legion pc\article_project\data\raw\pdraw_wave\test\healthy\V07HO01.png,0,0.450064,0
pdraw_wave,resnet50,jpeg_compression,2,C:\Users\ramti\Desktop\ramtin legion pc\article_project\data\raw\pdraw_wave\test\healthy\V08HO01.png,0,0.520692,0
pdraw_wave,resnet50,jpeg_compression,2,C:\Users\ramti\Desktop\ramtin legion pc\article_project\data\raw\pdraw_wave\test\healthy\V09HO01.png,0,0.515426,0
pdraw_wave,resnet50,jpeg_compression,2,C:\Users\ramti\Desktop\ramtin legion pc\article_project\data\raw\pdraw_wave\test\healthy\V10HO01.png,0,0.521066,0
pdraw_wave,resnet50,jpeg_compression,2,C:\Users\ramti\Desktop\ramtin legion pc\article_project\data\raw\pdraw_wave\test\healthy\V11HO01.png,0,0.459166,0
pdraw_wave,resnet50,jpeg_compression,2,C:\Users\ramti\Desktop\ramtin legion pc\article_project\data\raw\pdraw_wave\test\healthy\V55HO08.png,0,0.482112,0
pdraw_wave,resnet50,jpeg_compression,2,C:\Users\ramti\Desktop\ramtin legion pc\article_project\data\raw\pdraw_wave\test\healthy\V55HO09.png,0,0.487336,0
pdraw_wave,resnet50,jpeg_compression,2,C:\Users\ramti\Desktop\ramtin legion pc\article_project\data\raw\pdraw_wave\test\healthy\V55HO10.png,0,0.469186,0
pdraw_wave,resnet50,jpeg_compression,2,C:\Users\ramti\Desktop\ramtin legion pc\article_project\data\raw\pdraw_wave\test\healthy\V55HO11.png,0,0.557962,0
pdraw_wave,resnet50,jpeg_compression,2,C:\Users\ramti\Desktop\ramtin legion pc\article_project\data\raw\pdraw_wave\test\parkinson\V01PO01.png,1,0.573233,0
pdraw_wave,resnet50,jpeg_compression,2,C:\Users\ramti\Desktop\ramtin legion pc\article_project\data\raw\pdraw_wave\test\parkinson\V02PO01.png,1,0.690545,1
pdraw_wave,resnet50,jpeg_compression,2,C:\Users\ramti\Desktop\ramtin legion pc\article_project\data\raw\pdraw_wave\test\parkinson\V03PO01.png,1,0.798023,1
pdraw_wave,resnet50,jpeg_compression,2,C:\Users\ramti\Desktop\ramtin legion pc\article_project\data\raw\pdraw_wave\test\parkinson\V03PO04.png,1,0.854019,1
pdraw_wave,resnet50,jpeg_compression,2,C:\Users\ramti\Desktop\ramtin legion pc\article_project\data\raw\pdraw_wave\test\parkinson\V03PO07.png,1,0.765333,1
pdraw_wave,resnet50,jpeg_compression,2,C:\Users\ramti\Desktop\ramtin legion pc\article_project\data\raw\pdraw_wave\test\parkinson\V04PO01.png,1,0.824060,1
pdraw_wave,resnet50,jpeg_compression,2,C:\Users\ramti\Desktop\ramtin legion pc\article_project\data\raw\pdraw_wave\test\parkinson\V05PO01.png,1,0.775852,1
pdraw_wave,resnet50,jpeg_compression,2,C:\Users\ramti\Desktop\ramtin legion pc\article_project\data\raw\pdraw_wave\test\parkinson\V06PO01.png,1,0.714006,1
pdraw_wave,resnet50,jpeg_compression,2,C:\Users\ramti\Desktop\ramtin legion pc\article_project\data\raw\pdraw_wave\test\parkinson\V07PO01.png,1,0.855494,1
pdraw_wave,resnet50,jpeg_compression,2,C:\Users\ramti\Desktop\ramtin legion pc\article_project\data\raw\pdraw_wave\test\parkinson\V08PO01.png,1,0.467644,0
pdraw_wave,resnet50,jpeg_compression,2,C:\Users\ramti\Desktop\ramtin legion pc\article_project\data\raw\pdraw_wave\test\parkinson\V09PO01.png,1,0.777260,1
pdraw_wave,resnet50,jpeg_compression,2,C:\Users\ramti\Desktop\ramtin legion pc\article_project\data\raw\pdraw_wave\test\parkinson\V10PO01.png,1,0.616962,1
pdraw_wave,resnet50,jpeg_compression,2,C:\Users\ramti\Desktop\ramtin legion pc\article_project\data\raw\pdraw_wave\test\parkinson\V11PO01.png,1,0.559314,0
pdraw_wave,resnet50,jpeg_compression,2,C:\Users\ramti\Desktop\ramtin legion pc\article_project\data\raw\pdraw_wave\test\parkinson\V14PO01.png,1,0.793171,1
pdraw_wave,resnet50,jpeg_compression,2,C:\Users\ramti\Desktop\ramtin legion pc\article_project\data\raw\pdraw_wave\test\parkinson\V14PO03.png,1,0.745621,1
pdraw_wave,resnet50,jpeg_compression,3,C:\Users\ramti\Desktop\ramtin legion pc\article_project\data\raw\pdraw_wave\test\healthy\V01HO01.png,0,0.581937,0
pdraw_wave,resnet50,jpeg_compression,3,C:\Users\ramti\Desktop\ramtin legion pc\article_project\data\raw\pdraw_wave\test\healthy\V02HO01.png,0,0.487436,0
pdraw_wave,resnet50,jpeg_compression,3,C:\Users\ramti\Desktop\ramtin legion pc\article_project\data\raw\pdraw_wave\test\healthy\V03HO01.png,0,0.470586,0
pdraw_wave,resnet50,jpeg_compression,3,C:\Users\ramti\Desktop\ramtin legion pc\article_project\data\raw\pdraw_wave\test\healthy\V04HO01.png,0,0.454543,0
pdraw_wave,resnet50,jpeg_compression,3,C:\Users\ramti\Desktop\ramtin legion pc\article_project\data\raw\pdraw_wave\test\healthy\V05HO01.png,0,0.574852,0
pdraw_wave,resnet50,jpeg_compression,3,C:\Users\ramti\Desktop\ramtin legion pc\article_project\data\raw\pdraw_wave\test\healthy\V06HO01.png,0,0.605294,1
pdraw_wave,resnet50,jpeg_compression,3,C:\Users\ramti\Desktop\ramtin legion pc\article_project\data\raw\pdraw_wave\test\healthy\V07HO01.png,0,0.449851,0
pdraw_wave,resnet50,jpeg_compression,3,C:\Users\ramti\Desktop\ramtin legion pc\article_project\data\raw\pdraw_wave\test\healthy\V08HO01.png,0,0.522609,0
pdraw_wave,resnet50,jpeg_compression,3,C:\Users\ramti\Desktop\ramtin legion pc\article_project\data\raw\pdraw_wave\test\healthy\V09HO01.png,0,0.526124,0
pdraw_wave,resnet50,jpeg_compression,3,C:\Users\ramti\Desktop\ramtin legion pc\article_project\data\raw\pdraw_wave\test\healthy\V10HO01.png,0,0.512864,0
pdraw_wave,resnet50,jpeg_compression,3,C:\Users\ramti\Desktop\ramtin legion pc\article_project\data\raw\pdraw_wave\test\healthy\V11HO01.png,0,0.467340,0
pdraw_wave,resnet50,jpeg_compression,3,C:\Users\ramti\Desktop\ramtin legion pc\article_project\data\raw\pdraw_wave\test\healthy\V55HO08.png,0,0.504926,0
pdraw_wave,resnet50,jpeg_compression,3,C:\Users\ramti\Desktop\ramtin legion pc\article_project\data\raw\pdraw_wave\test\healthy\V55HO09.png,0,0.486770,0
pdraw_wave,resnet50,jpeg_compression,3,C:\Users\ramti\Desktop\ramtin legion pc\article_project\data\raw\pdraw_wave\test\healthy\V55HO10.png,0,0.462937,0
pdraw_wave,resnet50,jpeg_compression,3,C:\Users\ramti\Desktop\ramtin legion pc\article_project\data\raw\pdraw_wave\test\healthy\V55HO11.png,0,0.551847,0
pdraw_wave,resnet50,jpeg_compression,3,C:\Users\ramti\Desktop\ramtin legion pc\article_project\data\raw\pdraw_wave\test\parkinson\V01PO01.png,1,0.593198,0
pdraw_wave,resnet50,jpeg_compression,3,C:\Users\ramti\Desktop\ramtin legion pc\article_project\data\raw\pdraw_wave\test\parkinson\V02PO01.png,1,0.664029,1
pdraw_wave,resnet50,jpeg_compression,3,C:\Users\ramti\Desktop\ramtin legion pc\article_project\data\raw\pdraw_wave\test\parkinson\V03PO01.png,1,0.797259,1
pdraw_wave,resnet50,jpeg_compression,3,C:\Users\ramti\Desktop\ramtin legion pc\article_project\data\raw\pdraw_wave\test\parkinson\V03PO04.png,1,0.841389,1
pdraw_wave,resnet50,jpeg_compression,3,C:\Users\ramti\Desktop\ramtin legion pc\article_project\data\raw\pdraw_wave\test\parkinson\V03PO07.png,1,0.751688,1
pdraw_wave,resnet50,jpeg_compression,3,C:\Users\ramti\Desktop\ramtin legion pc\article_project\data\raw\pdraw_wave\test\parkinson\V04PO01.png,1,0.826011,1
pdraw_wave,resnet50,jpeg_compression,3,C:\Users\ramti\Desktop\ramtin legion pc\article_project\data\raw\pdraw_wave\test\parkinson\V05PO01.png,1,0.771574,1
pdraw_wave,resnet50,jpeg_compression,3,C:\Users\ramti\Desktop\ramtin legion pc\article_project\data\raw\pdraw_wave\test\parkinson\V06PO01.png,1,0.721467,1
pdraw_wave,resnet50,jpeg_compression,3,C:\Users\ramti\Desktop\ramtin legion pc\article_project\data\raw\pdraw_wave\test\parkinson\V07PO01.png,1,0.851219,1
pdraw_wave,resnet50,jpeg_compression,3,C:\Users\ramti\Desktop\ramtin legion pc\article_project\data\raw\pdraw_wave\test\parkinson\V08PO01.png,1,0.467812,0
pdraw_wave,resnet50,jpeg_compression,3,C:\Users\ramti\Desktop\ramtin legion pc\article_project\data\raw\pdraw_wave\test\parkinson\V09PO01.png,1,0.799530,1
pdraw_wave,resnet50,jpeg_compression,3,C:\Users\ramti\Desktop\ramtin legion pc\article_project\data\raw\pdraw_wave\test\parkinson\V10PO01.png,1,0.639487,1
pdraw_wave,resnet50,jpeg_compression,3,C:\Users\ramti\Desktop\ramtin legion pc\article_project\data\raw\pdraw_wave\test\parkinson\V11PO01.png,1,0.586350,0
pdraw_wave,resnet50,jpeg_compression,3,C:\Users\ramti\Desktop\ramtin legion pc\article_project\data\raw\pdraw_wave\test\parkinson\V14PO01.png,1,0.774091,1
pdraw_wave,resnet50,jpeg_compression,3,C:\Users\ramti\Desktop\ramtin legion pc\article_project\data\raw\pdraw_wave\test\parkinson\V14PO03.png,1,0.765035,1
pdraw_wave,resnet50,jpeg_compression,4,C:\Users\ramti\Desktop\ramtin legion pc\article_project\data\raw\pdraw_wave\test\healthy\V01HO01.png,0,0.583043,0
pdraw_wave,resnet50,jpeg_compression,4,C:\Users\ramti\Desktop\ramtin legion pc\article_project\data\raw\pdraw_wave\test\healthy\V02HO01.png,0,0.471513,0
pdraw_wave,resnet50,jpeg_compression,4,C:\Users\ramti\Desktop\ramtin legion pc\article_project\data\raw\pdraw_wave\test\healthy\V03HO01.png,0,0.482263,0
pdraw_wave,resnet50,jpeg_compression,4,C:\Users\ramti\Desktop\ramtin legion pc\article_project\data\raw\pdraw_wave\test\healthy\V04HO01.png,0,0.467804,0
pdraw_wave,resnet50,jpeg_compression,4,C:\Users\ramti\Desktop\ramtin legion pc\article_project\data\raw\pdraw_wave\test\healthy\V05HO01.png,0,0.583939,0
pdraw_wave,resnet50,jpeg_compression,4,C:\Users\ramti\Desktop\ramtin legion pc\article_project\data\raw\pdraw_wave\test\healthy\V06HO01.png,0,0.585592,0
pdraw_wave,resnet50,jpeg_compression,4,C:\Users\ramti\Desktop\ramtin legion pc\article_project\data\raw\pdraw_wave\test\healthy\V07HO01.png,0,0.455063,0
pdraw_wave,resnet50,jpeg_compression,4,C:\Users\ramti\Desktop\ramtin legion pc\article_project\data\raw\pdraw_wave\test\healthy\V08HO01.png,0,0.511626,0
pdraw_wave,resnet50,jpeg_compression,4,C:\Users\ramti\Desktop\ramtin legion pc\article_project\data\raw\pdraw_wave\test\healthy\V09HO01.png,0,0.505218,0
pdraw_wave,resnet50,jpeg_compression,4,C:\Users\ramti\Desktop\ramtin legion pc\article_project\data\raw\pdraw_wave\test\healthy\V10HO01.png,0,0.499893,0
pdraw_wave,resnet50,jpeg_compression,4,C:\Users\ramti\Desktop\ramtin legion pc\article_project\data\raw\pdraw_wave\test\healthy\V11HO01.png,0,0.493144,0
pdraw_wave,resnet50,jpeg_compression,4,C:\Users\ramti\Desktop\ramtin legion pc\article_project\data\raw\pdraw_wave\test\healthy\V55HO08.png,0,0.508942,0
pdraw_wave,resnet50,jpeg_compression,4,C:\Users\ramti\Desktop\ramtin legion pc\article_project\data\raw\pdraw_wave\test\healthy\V55HO09.png,0,0.487028,0
pdraw_wave,resnet50,jpeg_compression,4,C:\Users\ramti\Desktop\ramtin legion pc\article_project\data\raw\pdraw_wave\test\healthy\V55HO10.png,0,0.457053,0
pdraw_wave,resnet50,jpeg_compression,4,C:\Users\ramti\Desktop\ramtin legion pc\article_project\data\raw\pdraw_wave\test\healthy\V55HO11.png,0,0.584054,0
pdraw_wave,resnet50,jpeg_compression,4,C:\Users\ramti\Desktop\ramtin legion pc\article_project\data\raw\pdraw_wave\test\parkinson\V01PO01.png,1,0.577204,0
pdraw_wave,resnet50,jpeg_compression,4,C:\Users\ramti\Desktop\ramtin legion pc\article_project\data\raw\pdraw_wave\test\parkinson\V02PO01.png,1,0.660564,1
pdraw_wave,resnet50,jpeg_compression,4,C:\Users\ramti\Desktop\ramtin legion pc\article_project\data\raw\pdraw_wave\test\parkinson\V03PO01.png,1,0.787568,1
pdraw_wave,resnet50,jpeg_compression,4,C:\Users\ramti\Desktop\ramtin legion pc\article_project\data\raw\pdraw_wave\test\parkinson\V03PO04.png,1,0.808952,1
pdraw_wave,resnet50,jpeg_compression,4,C:\Users\ramti\Desktop\ramtin legion pc\article_project\data\raw\pdraw_wave\test\parkinson\V03PO07.png,1,0.755177,1
pdraw_wave,resnet50,jpeg_compression,4,C:\Users\ramti\Desktop\ramtin legion pc\article_project\data\raw\pdraw_wave\test\parkinson\V04PO01.png,1,0.793739,1
pdraw_wave,resnet50,jpeg_compression,4,C:\Users\ramti\Desktop\ramtin legion pc\article_project\data\raw\pdraw_wave\test\parkinson\V05PO01.png,1,0.747467,1
pdraw_wave,resnet50,jpeg_compression,4,C:\Users\ramti\Desktop\ramtin legion pc\article_project\data\raw\pdraw_wave\test\parkinson\V06PO01.png,1,0.694500,1
pdraw_wave,resnet50,jpeg_compression,4,C:\Users\ramti\Desktop\ramtin legion pc\article_project\data\raw\pdraw_wave\test\parkinson\V07PO01.png,1,0.849461,1
pdraw_wave,resnet50,jpeg_compression,4,C:\Users\ramti\Desktop\ramtin legion pc\article_project\data\raw\pdraw_wave\test\parkinson\V08PO01.png,1,0.493891,0
pdraw_wave,resnet50,jpeg_compression,4,C:\Users\ramti\Desktop\ramtin legion pc\article_project\data\raw\pdraw_wave\test\parkinson\V09PO01.png,1,0.785695,1
pdraw_wave,resnet50,jpeg_compression,4,C:\Users\ramti\Desktop\ramtin legion pc\article_project\data\raw\pdraw_wave\test\parkinson\V10PO01.png,1,0.606355,1
pdraw_wave,resnet50,jpeg_compression,4,C:\Users\ramti\Desktop\ramtin legion pc\article_project\data\raw\pdraw_wave\test\parkinson\V11PO01.png,1,0.553481,0
pdraw_wave,resnet50,jpeg_compression,4,C:\Users\ramti\Desktop\ramtin legion pc\article_project\data\raw\pdraw_wave\test\parkinson\V14PO01.png,1,0.766925,1
pdraw_wave,resnet50,jpeg_compression,4,C:\Users\ramti\Desktop\ramtin legion pc\article_project\data\raw\pdraw_wave\test\parkinson\V14PO03.png,1,0.740358,1
pdraw_wave,resnet50,jpeg_compression,5,C:\Users\ramti\Desktop\ramtin legion pc\article_project\data\raw\pdraw_wave\test\healthy\V01HO01.png,0,0.567370,0
pdraw_wave,resnet50,jpeg_compression,5,C:\Users\ramti\Desktop\ramtin legion pc\article_project\data\raw\pdraw_wave\test\healthy\V02HO01.png,0,0.466816,0
pdraw_wave,resnet50,jpeg_compression,5,C:\Users\ramti\Desktop\ramtin legion pc\article_project\data\raw\pdraw_wave\test\healthy\V03HO01.png,0,0.483960,0
pdraw_wave,resnet50,jpeg_compression,5,C:\Users\ramti\Desktop\ramtin legion pc\article_project\data\raw\pdraw_wave\test\healthy\V04HO01.png,0,0.512313,0
pdraw_wave,resnet50,jpeg_compression,5,C:\Users\ramti\Desktop\ramtin legion pc\article_project\data\raw\pdraw_wave\test\healthy\V05HO01.png,0,0.527812,0
pdraw_wave,resnet50,jpeg_compression,5,C:\Users\ramti\Desktop\ramtin legion pc\article_project\data\raw\pdraw_wave\test\healthy\V06HO01.png,0,0.530695,0
pdraw_wave,resnet50,jpeg_compression,5,C:\Users\ramti\Desktop\ramtin legion pc\article_project\data\raw\pdraw_wave\test\healthy\V07HO01.png,0,0.471025,0
pdraw_wave,resnet50,jpeg_compression,5,C:\Users\ramti\Desktop\ramtin legion pc\article_project\data\raw\pdraw_wave\test\healthy\V08HO01.png,0,0.489498,0
pdraw_wave,resnet50,jpeg_compression,5,C:\Users\ramti\Desktop\ramtin legion pc\article_project\data\raw\pdraw_wave\test\healthy\V09HO01.png,0,0.521163,0
pdraw_wave,resnet50,jpeg_compression,5,C:\Users\ramti\Desktop\ramtin legion pc\article_project\data\raw\pdraw_wave\test\healthy\V10HO01.png,0,0.533725,0
pdraw_wave,resnet50,jpeg_compression,5,C:\Users\ramti\Desktop\ramtin legion pc\article_project\data\raw\pdraw_wave\test\healthy\V11HO01.png,0,0.476425,0
pdraw_wave,resnet50,jpeg_compression,5,C:\Users\ramti\Desktop\ramtin legion pc\article_project\data\raw\pdraw_wave\test\healthy\V55HO08.png,0,0.550051,0
pdraw_wave,resnet50,jpeg_compression,5,C:\Users\ramti\Desktop\ramtin legion pc\article_project\data\raw\pdraw_wave\test\healthy\V55HO09.png,0,0.480547,0
pdraw_wave,resnet50,jpeg_compression,5,C:\Users\ramti\Desktop\ramtin legion pc\article_project\data\raw\pdraw_wave\test\healthy\V55HO10.png,0,0.441546,0
pdraw_wave,resnet50,jpeg_compression,5,C:\Users\ramti\Desktop\ramtin legion pc\article_project\data\raw\pdraw_wave\test\healthy\V55HO11.png,0,0.576121,0
pdraw_wave,resnet50,jpeg_compression,5,C:\Users\ramti\Desktop\ramtin legion pc\article_project\data\raw\pdraw_wave\test\parkinson\V01PO01.png,1,0.588810,0
pdraw_wave,resnet50,jpeg_compression,5,C:\Users\ramti\Desktop\ramtin legion pc\article_project\data\raw\pdraw_wave\test\parkinson\V02PO01.png,1,0.579889,0
pdraw_wave,resnet50,jpeg_compression,5,C:\Users\ramti\Desktop\ramtin legion pc\article_project\data\raw\pdraw_wave\test\parkinson\V03PO01.png,1,0.749624,1
pdraw_wave,resnet50,jpeg_compression,5,C:\Users\ramti\Desktop\ramtin legion pc\article_project\data\raw\pdraw_wave\test\parkinson\V03PO04.png,1,0.766583,1
pdraw_wave,resnet50,jpeg_compression,5,C:\Users\ramti\Desktop\ramtin legion pc\article_project\data\raw\pdraw_wave\test\parkinson\V03PO07.png,1,0.748583,1
pdraw_wave,resnet50,jpeg_compression,5,C:\Users\ramti\Desktop\ramtin legion pc\article_project\data\raw\pdraw_wave\test\parkinson\V04PO01.png,1,0.691682,1
pdraw_wave,resnet50,jpeg_compression,5,C:\Users\ramti\Desktop\ramtin legion pc\article_project\data\raw\pdraw_wave\test\parkinson\V05PO01.png,1,0.736657,1
pdraw_wave,resnet50,jpeg_compression,5,C:\Users\ramti\Desktop\ramtin legion pc\article_project\data\raw\pdraw_wave\test\parkinson\V06PO01.png,1,0.668962,1
pdraw_wave,resnet50,jpeg_compression,5,C:\Users\ramti\Desktop\ramtin legion pc\article_project\data\raw\pdraw_wave\test\parkinson\V07PO01.png,1,0.758592,1
pdraw_wave,resnet50,jpeg_compression,5,C:\Users\ramti\Desktop\ramtin legion pc\article_project\data\raw\pdraw_wave\test\parkinson\V08PO01.png,1,0.515817,0
pdraw_wave,resnet50,jpeg_compression,5,C:\Users\ramti\Desktop\ramtin legion pc\article_project\data\raw\pdraw_wave\test\parkinson\V09PO01.png,1,0.767272,1
pdraw_wave,resnet50,jpeg_compression,5,C:\Users\ramti\Desktop\ramtin legion pc\article_project\data\raw\pdraw_wave\test\parkinson\V10PO01.png,1,0.626083,1
pdraw_wave,resnet50,jpeg_compression,5,C:\Users\ramti\Desktop\ramtin legion pc\article_project\data\raw\pdraw_wave\test\parkinson\V11PO01.png,1,0.584084,0
pdraw_wave,resnet50,jpeg_compression,5,C:\Users\ramti\Desktop\ramtin legion pc\article_project\data\raw\pdraw_wave\test\parkinson\V14PO01.png,1,0.771757,1
pdraw_wave,resnet50,jpeg_compression,5,C:\Users\ramti\Desktop\ramtin legion pc\article_project\data\raw\pdraw_wave\test\parkinson\V14PO03.png,1,0.727189,1
pdraw_wave,resnet50,gaussian_blur,1,C:\Users\ramti\Desktop\ramtin legion pc\article_project\data\raw\pdraw_wave\test\healthy\V01HO01.png,0,0.565460,0
pdraw_wave,resnet50,gaussian_blur,1,C:\Users\ramti\Desktop\ramtin legion pc\article_project\data\raw\pdraw_wave\test\healthy\V02HO01.png,0,0.473035,0
pdraw_wave,resnet50,gaussian_blur,1,C:\Users\ramti\Desktop\ramtin legion pc\article_project\data\raw\pdraw_wave\test\healthy\V03HO01.png,0,0.474501,0
pdraw_wave,resnet50,gaussian_blur,1,C:\Users\ramti\Desktop\ramtin legion pc\article_project\data\raw\pdraw_wave\test\healthy\V04HO01.png,0,0.471993,0
pdraw_wave,resnet50,gaussian_blur,1,C:\Users\ramti\Desktop\ramtin legion pc\article_project\data\raw\pdraw_wave\test\healthy\V05HO01.png,0,0.615748,1
pdraw_wave,resnet50,gaussian_blur,1,C:\Users\ramti\Desktop\ramtin legion pc\article_project\data\raw\pdraw_wave\test\healthy\V06HO01.png,0,0.566496,0
pdraw_wave,resnet50,gaussian_blur,1,C:\Users\ramti\Desktop\ramtin legion pc\article_project\data\raw\pdraw_wave\test\healthy\V07HO01.png,0,0.445901,0
pdraw_wave,resnet50,gaussian_blur,1,C:\Users\ramti\Desktop\ramtin legion pc\article_project\data\raw\pdraw_wave\test\healthy\V08HO01.png,0,0.541197,0
pdraw_wave,resnet50,gaussian_blur,1,C:\Users\ramti\Desktop\ramtin legion pc\article_project\data\raw\pdraw_wave\test\healthy\V09HO01.png,0,0.504273,0
pdraw_wave,resnet50,gaussian_blur,1,C:\Users\ramti\Desktop\ramtin legion pc\article_project\data\raw\pdraw_wave\test\healthy\V10HO01.png,0,0.524449,0
pdraw_wave,resnet50,gaussian_blur,1,C:\Users\ramti\Desktop\ramtin legion pc\article_project\data\raw\pdraw_wave\test\healthy\V11HO01.png,0,0.483023,0
pdraw_wave,resnet50,gaussian_blur,1,C:\Users\ramti\Desktop\ramtin legion pc\article_project\data\raw\pdraw_wave\test\healthy\V55HO08.png,0,0.485169,0
pdraw_wave,resnet50,gaussian_blur,1,C:\Users\ramti\Desktop\ramtin legion pc\article_project\data\raw\pdraw_wave\test\healthy\V55HO09.png,0,0.491353,0
pdraw_wave,resnet50,gaussian_blur,1,C:\Users\ramti\Desktop\ramtin legion pc\article_project\data\raw\pdraw_wave\test\healthy\V55HO10.png,0,0.461241,0
pdraw_wave,resnet50,gaussian_blur,1,C:\Users\ramti\Desktop\ramtin legion pc\article_project\data\raw\pdraw_wave\test\healthy\V55HO11.png,0,0.570617,0
pdraw_wave,resnet50,gaussian_blur,1,C:\Users\ramti\Desktop\ramtin legion pc\article_project\data\raw\pdraw_wave\test\parkinson\V01PO01.png,1,0.584652,0
pdraw_wave,resnet50,gaussian_blur,1,C:\Users\ramti\Desktop\ramtin legion pc\article_project\data\raw\pdraw_wave\test\parkinson\V02PO01.png,1,0.724205,1
pdraw_wave,resnet50,gaussian_blur,1,C:\Users\ramti\Desktop\ramtin legion pc\article_project\data\raw\pdraw_wave\test\parkinson\V03PO01.png,1,0.825010,1
pdraw_wave,resnet50,gaussian_blur,1,C:\Users\ramti\Desktop\ramtin legion pc\article_project\data\raw\pdraw_wave\test\parkinson\V03PO04.png,1,0.848643,1
pdraw_wave,resnet50,gaussian_blur,1,C:\Users\ramti\Desktop\ramtin legion pc\article_project\data\raw\pdraw_wave\test\parkinson\V03PO07.png,1,0.763502,1
pdraw_wave,resnet50,gaussian_blur,1,C:\Users\ramti\Desktop\ramtin legion pc\article_project\data\raw\pdraw_wave\test\parkinson\V04PO01.png,1,0.815799,1
pdraw_wave,resnet50,gaussian_blur,1,C:\Users\ramti\Desktop\ramtin legion pc\article_project\data\raw\pdraw_wave\test\parkinson\V05PO01.png,1,0.780578,1
pdraw_wave,resnet50,gaussian_blur,1,C:\Users\ramti\Desktop\ramtin legion pc\article_project\data\raw\pdraw_wave\test\parkinson\V06PO01.png,1,0.690175,1
pdraw_wave,resnet50,gaussian_blur,1,C:\Users\ramti\Desktop\ramtin legion pc\article_project\data\raw\pdraw_wave\test\parkinson\V07PO01.png,1,0.874833,1
pdraw_wave,resnet50,gaussian_blur,1,C:\Users\ramti\Desktop\ramtin legion pc\article_project\data\raw\pdraw_wave\test\parkinson\V08PO01.png,1,0.472639,0
pdraw_wave,resnet50,gaussian_blur,1,C:\Users\ramti\Desktop\ramtin legion pc\article_project\data\raw\pdraw_wave\test\parkinson\V09PO01.png,1,0.801340,1
pdraw_wave,resnet50,gaussian_blur,1,C:\Users\ramti\Desktop\ramtin legion pc\article_project\data\raw\pdraw_wave\test\parkinson\V10PO01.png,1,0.647395,1
pdraw_wave,resnet50,gaussian_blur,1,C:\Users\ramti\Desktop\ramtin legion pc\article_project\data\raw\pdraw_wave\test\parkinson\V11PO01.png,1,0.583237,0
pdraw_wave,resnet50,gaussian_blur,1,C:\Users\ramti\Desktop\ramtin legion pc\article_project\data\raw\pdraw_wave\test\parkinson\V14PO01.png,1,0.787423,1
pdraw_wave,resnet50,gaussian_blur,1,C:\Users\ramti\Desktop\ramtin legion pc\article_project\data\raw\pdraw_wave\test\parkinson\V14PO03.png,1,0.790059,1
pdraw_wave,resnet50,gaussian_blur,2,C:\Users\ramti\Desktop\ramtin legion pc\article_project\data\raw\pdraw_wave\test\healthy\V01HO01.png,0,0.555651,0
pdraw_wave,resnet50,gaussian_blur,2,C:\Users\ramti\Desktop\ramtin legion pc\article_project\data\raw\pdraw_wave\test\healthy\V02HO01.png,0,0.467113,0
pdraw_wave,resnet50,gaussian_blur,2,C:\Users\ramti\Desktop\ramtin legion pc\article_project\data\raw\pdraw_wave\test\healthy\V03HO01.png,0,0.475857,0
pdraw_wave,resnet50,gaussian_blur,2,C:\Users\ramti\Desktop\ramtin legion pc\article_project\data\raw\pdraw_wave\test\healthy\V04HO01.png,0,0.494251,0
pdraw_wave,resnet50,gaussian_blur,2,C:\Users\ramti\Desktop\ramtin legion pc\article_project\data\raw\pdraw_wave\test\healthy\V05HO01.png,0,0.612565,1
pdraw_wave,resnet50,gaussian_blur,2,C:\Users\ramti\Desktop\ramtin legion pc\article_project\data\raw\pdraw_wave\test\healthy\V06HO01.png,0,0.553200,0
pdraw_wave,resnet50,gaussian_blur,2,C:\Users\ramti\Desktop\ramtin legion pc\article_project\data\raw\pdraw_wave\test\healthy\V07HO01.png,0,0.446562,0
pdraw_wave,resnet50,gaussian_blur,2,C:\Users\ramti\Desktop\ramtin legion pc\article_project\data\raw\pdraw_wave\test\healthy\V08HO01.png,0,0.557646,0
pdraw_wave,resnet50,gaussian_blur,2,C:\Users\ramti\Desktop\ramtin legion pc\article_project\data\raw\pdraw_wave\test\healthy\V09HO01.png,0,0.509878,0
pdraw_wave,resnet50,gaussian_blur,2,C:\Users\ramti\Desktop\ramtin legion pc\article_project\data\raw\pdraw_wave\test\healthy\V10HO01.png,0,0.506823,0
pdraw_wave,resnet50,gaussian_blur,2,C:\Users\ramti\Desktop\ramtin legion pc\article_project\data\raw\pdraw_wave\test\healthy\V11HO01.png,0,0.511464,0
pdraw_wave,resnet50,gaussian_blur,2,C:\Users\ramti\Desktop\ramtin legion pc\article_project\data\raw\pdraw_wave\test\healthy\V55HO08.png,0,0.487987,0
pdraw_wave,resnet50,gaussian_blur,2,C:\Users\ramti\Desktop\ramtin legion pc\article_project\data\raw\pdraw_wave\test\healthy\V55HO09.png,0,0.489600,0
pdraw_wave,resnet50,gaussian_blur,2,C:\Users\ramti\Desktop\ramtin legion pc\article_project\data\raw\pdraw_wave\test\healthy\V55HO10.png,0,0.462487,0
pdraw_wave,resnet50,gaussian_blur,2,C:\Users\ramti\Desktop\ramtin legion pc\article_project\data\raw\pdraw_wave\test\healthy\V55HO11.png,0,0.572065,0
pdraw_wave,resnet50,gaussian_blur,2,C:\Users\ramti\Desktop\ramtin legion pc\article_project\data\raw\pdraw_wave\test\parkinson\V01PO01.png,1,0.581896,0
pdraw_wave,resnet50,gaussian_blur,2,C:\Users\ramti\Desktop\ramtin legion pc\article_project\data\raw\pdraw_wave\test\parkinson\V02PO01.png,1,0.727908,1
pdraw_wave,resnet50,gaussian_blur,2,C:\Users\ramti\Desktop\ramtin legion pc\article_project\data\raw\pdraw_wave\test\parkinson\V03PO01.png,1,0.817222,1
pdraw_wave,resnet50,gaussian_blur,2,C:\Users\ramti\Desktop\ramtin legion pc\article_project\data\raw\pdraw_wave\test\parkinson\V03PO04.png,1,0.836362,1
pdraw_wave,resnet50,gaussian_blur,2,C:\Users\ramti\Desktop\ramtin legion pc\article_project\data\raw\pdraw_wave\test\parkinson\V03PO07.png,1,0.762617,1
pdraw_wave,resnet50,gaussian_blur,2,C:\Users\ramti\Desktop\ramtin legion pc\article_project\data\raw\pdraw_wave\test\parkinson\V04PO01.png,1,0.812473,1
pdraw_wave,resnet50,gaussian_blur,2,C:\Users\ramti\Desktop\ramtin legion pc\article_project\data\raw\pdraw_wave\test\parkinson\V05PO01.png,1,0.772054,1
pdraw_wave,resnet50,gaussian_blur,2,C:\Users\ramti\Desktop\ramtin legion pc\article_project\data\raw\pdraw_wave\test\parkinson\V06PO01.png,1,0.681273,1
pdraw_wave,resnet50,gaussian_blur,2,C:\Users\ramti\Desktop\ramtin legion pc\article_project\data\raw\pdraw_wave\test\parkinson\V07PO01.png,1,0.867665,1
pdraw_wave,resnet50,gaussian_blur,2,C:\Users\ramti\Desktop\ramtin legion pc\article_project\data\raw\pdraw_wave\test\parkinson\V08PO01.png,1,0.467164,0
pdraw_wave,resnet50,gaussian_blur,2,C:\Users\ramti\Desktop\ramtin legion pc\article_project\data\raw\pdraw_wave\test\parkinson\V09PO01.png,1,0.808303,1
pdraw_wave,resnet50,gaussian_blur,2,C:\Users\ramti\Desktop\ramtin legion pc\article_project\data\raw\pdraw_wave\test\parkinson\V10PO01.png,1,0.632409,1
pdraw_wave,resnet50,gaussian_blur,2,C:\Users\ramti\Desktop\ramtin legion pc\article_project\data\raw\pdraw_wave\test\parkinson\V11PO01.png,1,0.577157,0
pdraw_wave,resnet50,gaussian_blur,2,C:\Users\ramti\Desktop\ramtin legion pc\article_project\data\raw\pdraw_wave\test\parkinson\V14PO01.png,1,0.757219,1
pdraw_wave,resnet50,gaussian_blur,2,C:\Users\ramti\Desktop\ramtin legion pc\article_project\data\raw\pdraw_wave\test\parkinson\V14PO03.png,1,0.776990,1
pdraw_wave,resnet50,gaussian_blur,3,C:\Users\ramti\Desktop\ramtin legion pc\article_project\data\raw\pdraw_wave\test\healthy\V01HO01.png,0,0.544343,0
pdraw_wave,resnet50,gaussian_blur,3,C:\Users\ramti\Desktop\ramtin legion pc\article_project\data\raw\pdraw_wave\test\healthy\V02HO01.png,0,0.454518,0
pdraw_wave,resnet50,gaussian_blur,3,C:\Users\ramti\Desktop\ramtin legion pc\article_project\data\raw\pdraw_wave\test\healthy\V03HO01.png,0,0.476710,0
pdraw_wave,resnet50,gaussian_blur,3,C:\Users\ramti\Desktop\ramtin legion pc\article_project\data\raw\pdraw_wave\test\healthy\V04HO01.png,0,0.501902,0
pdraw_wave,resnet50,gaussian_blur,3,C:\Users\ramti\Desktop\ramtin legion pc\article_project\data\raw\pdraw_wave\test\healthy\V05HO01.png,0,0.630738,1
pdraw_wave,resnet50,gaussian_blur,3,C:\Users\ramti\Desktop\ramtin legion pc\article_project\data\raw\pdraw_wave\test\healthy\V06HO01.png,0,0.541354,0
pdraw_wave,resnet50,gaussian_blur,3,C:\Users\ramti\Desktop\ramtin legion pc\article_project\data\raw\pdraw_wave\test\healthy\V07HO01.png,0,0.463941,0
pdraw_wave,resnet50,gaussian_blur,3,C:\Users\ramti\Desktop\ramtin legion pc\article_project\data\raw\pdraw_wave\test\healthy\V08HO01.png,0,0.579386,0
pdraw_wave,resnet50,gaussian_blur,3,C:\Users\ramti\Desktop\ramtin legion pc\article_project\data\raw\pdraw_wave\test\healthy\V09HO01.png,0,0.517562,0
pdraw_wave,resnet50,gaussian_blur,3,C:\Users\ramti\Desktop\ramtin legion pc\article_project\data\raw\pdraw_wave\test\healthy\V10HO01.png,0,0.490191,0
pdraw_wave,resnet50,gaussian_blur,3,C:\Users\ramti\Desktop\ramtin legion pc\article_project\data\raw\pdraw_wave\test\healthy\V11HO01.png,0,0.545299,0
pdraw_wave,resnet50,gaussian_blur,3,C:\Users\ramti\Desktop\ramtin legion pc\article_project\data\raw\pdraw_wave\test\healthy\V55HO08.png,0,0.495352,0
pdraw_wave,resnet50,gaussian_blur,3,C:\Users\ramti\Desktop\ramtin legion pc\article_project\data\raw\pdraw_wave\test\healthy\V55HO09.png,0,0.495925,0
pdraw_wave,resnet50,gaussian_blur,3,C:\Users\ramti\Desktop\ramtin legion pc\article_project\data\raw\pdraw_wave\test\healthy\V55HO10.png,0,0.458177,0
pdraw_wave,resnet50,gaussian_blur,3,C:\Users\ramti\Desktop\ramtin legion pc\article_project\data\raw\pdraw_wave\test\healthy\V55HO11.png,0,0.560116,0
pdraw_wave,resnet50,gaussian_blur,3,C:\Users\ramti\Desktop\ramtin legion pc\article_project\data\raw\pdraw_wave\test\parkinson\V01PO01.png,1,0.569860,0
pdraw_wave,resnet50,gaussian_blur,3,C:\Users\ramti\Desktop\ramtin legion pc\article_project\data\raw\pdraw_wave\test\parkinson\V02PO01.png,1,0.749473,1
pdraw_wave,resnet50,gaussian_blur,3,C:\Users\ramti\Desktop\ramtin legion pc\article_project\data\raw\pdraw_wave\test\parkinson\V03PO01.png,1,0.781173,1
pdraw_wave,resnet50,gaussian_blur,3,C:\Users\ramti\Desktop\ramtin legion pc\article_project\data\raw\pdraw_wave\test\parkinson\V03PO04.png,1,0.834816,1
pdraw_wave,resnet50,gaussian_blur,3,C:\Users\ramti\Desktop\ramtin legion pc\article_project\data\raw\pdraw_wave\test\parkinson\V03PO07.png,1,0.750210,1
pdraw_wave,resnet50,gaussian_blur,3,C:\Users\ramti\Desktop\ramtin legion pc\article_project\data\raw\pdraw_wave\test\parkinson\V04PO01.png,1,0.789102,1
pdraw_wave,resnet50,gaussian_blur,3,C:\Users\ramti\Desktop\ramtin legion pc\article_project\data\raw\pdraw_wave\test\parkinson\V05PO01.png,1,0.761035,1
pdraw_wave,resnet50,gaussian_blur,3,C:\Users\ramti\Desktop\ramtin legion pc\article_project\data\raw\pdraw_wave\test\parkinson\V06PO01.png,1,0.672526,1
pdraw_wave,resnet50,gaussian_blur,3,C:\Users\ramti\Desktop\ramtin legion pc\article_project\data\raw\pdraw_wave\test\parkinson\V07PO01.png,1,0.837271,1
pdraw_wave,resnet50,gaussian_blur,3,C:\Users\ramti\Desktop\ramtin legion pc\article_project\data\raw\pdraw_wave\test\parkinson\V08PO01.png,1,0.466640,0
pdraw_wave,resnet50,gaussian_blur,3,C:\Users\ramti\Desktop\ramtin legion pc\article_project\data\raw\pdraw_wave\test\parkinson\V09PO01.png,1,0.804081,1
pdraw_wave,resnet50,gaussian_blur,3,C:\Users\ramti\Desktop\ramtin legion pc\article_project\data\raw\pdraw_wave\test\parkinson\V10PO01.png,1,0.634266,1
pdraw_wave,resnet50,gaussian_blur,3,C:\Users\ramti\Desktop\ramtin legion pc\article_project\data\raw\pdraw_wave\test\parkinson\V11PO01.png,1,0.576813,0
pdraw_wave,resnet50,gaussian_blur,3,C:\Users\ramti\Desktop\ramtin legion pc\article_project\data\raw\pdraw_wave\test\parkinson\V14PO01.png,1,0.767533,1
pdraw_wave,resnet50,gaussian_blur,3,C:\Users\ramti\Desktop\ramtin legion pc\article_project\data\raw\pdraw_wave\test\parkinson\V14PO03.png,1,0.748377,1
pdraw_wave,resnet50,gaussian_blur,4,C:\Users\ramti\Desktop\ramtin legion pc\article_project\data\raw\pdraw_wave\test\healthy\V01HO01.png,0,0.558846,0
pdraw_wave,resnet50,gaussian_blur,4,C:\Users\ramti\Desktop\ramtin legion pc\article_project\data\raw\pdraw_wave\test\healthy\V02HO01.png,0,0.450553,0
pdraw_wave,resnet50,gaussian_blur,4,C:\Users\ramti\Desktop\ramtin legion pc\article_project\data\raw\pdraw_wave\test\healthy\V03HO01.png,0,0.480671,0
pdraw_wave,resnet50,gaussian_blur,4,C:\Users\ramti\Desktop\ramtin legion pc\article_project\data\raw\pdraw_wave\test\healthy\V04HO01.png,0,0.493409,0
pdraw_wave,resnet50,gaussian_blur,4,C:\Users\ramti\Desktop\ramtin legion pc\article_project\data\raw\pdraw_wave\test\healthy\V05HO01.png,0,0.637107,1
pdraw_wave,resnet50,gaussian_blur,4,C:\Users\ramti\Desktop\ramtin legion pc\article_project\data\raw\pdraw_wave\test\healthy\V06HO01.png,0,0.540386,0
pdraw_wave,resnet50,gaussian_blur,4,C:\Users\ramti\Desktop\ramtin legion pc\article_project\data\raw\pdraw_wave\test\healthy\V07HO01.png,0,0.470965,0
pdraw_wave,resnet50,gaussian_blur,4,C:\Users\ramti\Desktop\ramtin legion pc\article_project\data\raw\pdraw_wave\test\healthy\V08HO01.png,0,0.573568,0
pdraw_wave,resnet50,gaussian_blur,4,C:\Users\ramti\Desktop\ramtin legion pc\article_project\data\raw\pdraw_wave\test\healthy\V09HO01.png,0,0.524296,0
pdraw_wave,resnet50,gaussian_blur,4,C:\Users\ramti\Desktop\ramtin legion pc\article_project\data\raw\pdraw_wave\test\healthy\V10HO01.png,0,0.480435,0
pdraw_wave,resnet50,gaussian_blur,4,C:\Users\ramti\Desktop\ramtin legion pc\article_project\data\raw\pdraw_wave\test\healthy\V11HO01.png,0,0.569447,0
pdraw_wave,resnet50,gaussian_blur,4,C:\Users\ramti\Desktop\ramtin legion pc\article_project\data\raw\pdraw_wave\test\healthy\V55HO08.png,0,0.496870,0
pdraw_wave,resnet50,gaussian_blur,4,C:\Users\ramti\Desktop\ramtin legion pc\article_project\data\raw\pdraw_wave\test\healthy\V55HO09.png,0,0.504262,0
pdraw_wave,resnet50,gaussian_blur,4,C:\Users\ramti\Desktop\ramtin legion pc\article_project\data\raw\pdraw_wave\test\healthy\V55HO10.png,0,0.457093,0
pdraw_wave,resnet50,gaussian_blur,4,C:\Users\ramti\Desktop\ramtin legion pc\article_project\data\raw\pdraw_wave\test\healthy\V55HO11.png,0,0.548799,0
pdraw_wave,resnet50,gaussian_blur,4,C:\Users\ramti\Desktop\ramtin legion pc\article_project\data\raw\pdraw_wave\test\parkinson\V01PO01.png,1,0.568893,0
pdraw_wave,resnet50,gaussian_blur,4,C:\Users\ramti\Desktop\ramtin legion pc\article_project\data\raw\pdraw_wave\test\parkinson\V02PO01.png,1,0.773859,1
pdraw_wave,resnet50,gaussian_blur,4,C:\Users\ramti\Desktop\ramtin legion pc\article_project\data\raw\pdraw_wave\test\parkinson\V03PO01.png,1,0.752375,1
pdraw_wave,resnet50,gaussian_blur,4,C:\Users\ramti\Desktop\ramtin legion pc\article_project\data\raw\pdraw_wave\test\parkinson\V03PO04.png,1,0.819569,1
pdraw_wave,resnet50,gaussian_blur,4,C:\Users\ramti\Desktop\ramtin legion pc\article_project\data\raw\pdraw_wave\test\parkinson\V03PO07.png,1,0.745012,1
pdraw_wave,resnet50,gaussian_blur,4,C:\Users\ramti\Desktop\ramtin legion pc\article_project\data\raw\pdraw_wave\test\parkinson\V04PO01.png,1,0.771284,1
pdraw_wave,resnet50,gaussian_blur,4,C:\Users\ramti\Desktop\ramtin legion pc\article_project\data\raw\pdraw_wave\test\parkinson\V05PO01.png,1,0.739396,1
pdraw_wave,resnet50,gaussian_blur,4,C:\Users\ramti\Desktop\ramtin legion pc\article_project\data\raw\pdraw_wave\test\parkinson\V06PO01.png,1,0.674165,1
pdraw_wave,resnet50,gaussian_blur,4,C:\Users\ramti\Desktop\ramtin legion pc\article_project\data\raw\pdraw_wave\test\parkinson\V07PO01.png,1,0.810883,1
pdraw_wave,resnet50,gaussian_blur,4,C:\Users\ramti\Desktop\ramtin legion pc\article_project\data\raw\pdraw_wave\test\parkinson\V08PO01.png,1,0.459423,0
pdraw_wave,resnet50,gaussian_blur,4,C:\Users\ramti\Desktop\ramtin legion pc\article_project\data\raw\pdraw_wave\test\parkinson\V09PO01.png,1,0.790619,1
pdraw_wave,resnet50,gaussian_blur,4,C:\Users\ramti\Desktop\ramtin legion pc\article_project\data\raw\pdraw_wave\test\parkinson\V10PO01.png,1,0.629900,1
pdraw_wave,resnet50,gaussian_blur,4,C:\Users\ramti\Desktop\ramtin legion pc\article_project\data\raw\pdraw_wave\test\parkinson\V11PO01.png,1,0.570170,0
pdraw_wave,resnet50,gaussian_blur,4,C:\Users\ramti\Desktop\ramtin legion pc\article_project\data\raw\pdraw_wave\test\parkinson\V14PO01.png,1,0.777074,1
pdraw_wave,resnet50,gaussian_blur,4,C:\Users\ramti\Desktop\ramtin legion pc\article_project\data\raw\pdraw_wave\test\parkinson\V14PO03.png,1,0.750067,1
pdraw_wave,resnet50,gaussian_blur,5,C:\Users\ramti\Desktop\ramtin legion pc\article_project\data\raw\pdraw_wave\test\healthy\V01HO01.png,0,0.551155,0
pdraw_wave,resnet50,gaussian_blur,5,C:\Users\ramti\Desktop\ramtin legion pc\article_project\data\raw\pdraw_wave\test\healthy\V02HO01.png,0,0.450867,0
pdraw_wave,resnet50,gaussian_blur,5,C:\Users\ramti\Desktop\ramtin legion pc\article_project\data\raw\pdraw_wave\test\healthy\V03HO01.png,0,0.485925,0
pdraw_wave,resnet50,gaussian_blur,5,C:\Users\ramti\Desktop\ramtin legion pc\article_project\data\raw\pdraw_wave\test\healthy\V04HO01.png,0,0.503975,0
pdraw_wave,resnet50,gaussian_blur,5,C:\Users\ramti\Desktop\ramtin legion pc\article_project\data\raw\pdraw_wave\test\healthy\V05HO01.png,0,0.622435,1
pdraw_wave,resnet50,gaussian_blur,5,C:\Users\ramti\Desktop\ramtin legion pc\article_project\data\raw\pdraw_wave\test\healthy\V06HO01.png,0,0.543401,0
pdraw_wave,resnet50,gaussian_blur,5,C:\Users\ramti\Desktop\ramtin legion pc\article_project\data\raw\pdraw_wave\test\healthy\V07HO01.png,0,0.470618,0
pdraw_wave,resnet50,gaussian_blur,5,C:\Users\ramti\Desktop\ramtin legion pc\article_project\data\raw\pdraw_wave\test\healthy\V08HO01.png,0,0.570929,0
pdraw_wave,resnet50,gaussian_blur,5,C:\Users\ramti\Desktop\ramtin legion pc\article_project\data\raw\pdraw_wave\test\healthy\V09HO01.png,0,0.535895,0
pdraw_wave,resnet50,gaussian_blur,5,C:\Users\ramti\Desktop\ramtin legion pc\article_project\data\raw\pdraw_wave\test\healthy\V10HO01.png,0,0.469452,0
pdraw_wave,resnet50,gaussian_blur,5,C:\Users\ramti\Desktop\ramtin legion pc\article_project\data\raw\pdraw_wave\test\healthy\V11HO01.png,0,0.593026,0
pdraw_wave,resnet50,gaussian_blur,5,C:\Users\ramti\Desktop\ramtin legion pc\article_project\data\raw\pdraw_wave\test\healthy\V55HO08.png,0,0.500704,0
pdraw_wave,resnet50,gaussian_blur,5,C:\Users\ramti\Desktop\ramtin legion pc\article_project\data\raw\pdraw_wave\test\healthy\V55HO09.png,0,0.510936,0
pdraw_wave,resnet50,gaussian_blur,5,C:\Users\ramti\Desktop\ramtin legion pc\article_project\data\raw\pdraw_wave\test\healthy\V55HO10.png,0,0.459242,0
pdraw_wave,resnet50,gaussian_blur,5,C:\Users\ramti\Desktop\ramtin legion pc\article_project\data\raw\pdraw_wave\test\healthy\V55HO11.png,0,0.534020,0
pdraw_wave,resnet50,gaussian_blur,5,C:\Users\ramti\Desktop\ramtin legion pc\article_project\data\raw\pdraw_wave\test\parkinson\V01PO01.png,1,0.563322,0
pdraw_wave,resnet50,gaussian_blur,5,C:\Users\ramti\Desktop\ramtin legion pc\article_project\data\raw\pdraw_wave\test\parkinson\V02PO01.png,1,0.775241,1
pdraw_wave,resnet50,gaussian_blur,5,C:\Users\ramti\Desktop\ramtin legion pc\article_project\data\raw\pdraw_wave\test\parkinson\V03PO01.png,1,0.732973,1
pdraw_wave,resnet50,gaussian_blur,5,C:\Users\ramti\Desktop\ramtin legion pc\article_project\data\raw\pdraw_wave\test\parkinson\V03PO04.png,1,0.795723,1
pdraw_wave,resnet50,gaussian_blur,5,C:\Users\ramti\Desktop\ramtin legion pc\article_project\data\raw\pdraw_wave\test\parkinson\V03PO07.png,1,0.733146,1
pdraw_wave,resnet50,gaussian_blur,5,C:\Users\ramti\Desktop\ramtin legion pc\article_project\data\raw\pdraw_wave\test\parkinson\V04PO01.png,1,0.764710,1
pdraw_wave,resnet50,gaussian_blur,5,C:\Users\ramti\Desktop\ramtin legion pc\article_project\data\raw\pdraw_wave\test\parkinson\V05PO01.png,1,0.739892,1
pdraw_wave,resnet50,gaussian_blur,5,C:\Users\ramti\Desktop\ramtin legion pc\article_project\data\raw\pdraw_wave\test\parkinson\V06PO01.png,1,0.673840,1
pdraw_wave,resnet50,gaussian_blur,5,C:\Users\ramti\Desktop\ramtin legion pc\article_project\data\raw\pdraw_wave\test\parkinson\V07PO01.png,1,0.798947,1
pdraw_wave,resnet50,gaussian_blur,5,C:\Users\ramti\Desktop\ramtin legion pc\article_project\data\raw\pdraw_wave\test\parkinson\V08PO01.png,1,0.469857,0
pdraw_wave,resnet50,gaussian_blur,5,C:\Users\ramti\Desktop\ramtin legion pc\article_project\data\raw\pdraw_wave\test\parkinson\V09PO01.png,1,0.774808,1
pdraw_wave,resnet50,gaussian_blur,5,C:\Users\ramti\Desktop\ramtin legion pc\article_project\data\raw\pdraw_wave\test\parkinson\V10PO01.png,1,0.628167,1
pdraw_wave,resnet50,gaussian_blur,5,C:\Users\ramti\Desktop\ramtin legion pc\article_project\data\raw\pdraw_wave\test\parkinson\V11PO01.png,1,0.567920,0
pdraw_wave,resnet50,gaussian_blur,5,C:\Users\ramti\Desktop\ramtin legion pc\article_project\data\raw\pdraw_wave\test\parkinson\V14PO01.png,1,0.761128,1
pdraw_wave,resnet50,gaussian_blur,5,C:\Users\ramti\Desktop\ramtin legion pc\article_project\data\raw\pdraw_wave\test\parkinson\V14PO03.png,1,0.729237,1
pdraw_wave,resnet50,gaussian_noise,1,C:\Users\ramti\Desktop\ramtin legion pc\article_project\data\raw\pdraw_wave\test\healthy\V01HO01.png,0,0.576318,0
pdraw_wave,resnet50,gaussian_noise,1,C:\Users\ramti\Desktop\ramtin legion pc\article_project\data\raw\pdraw_wave\test\healthy\V02HO01.png,0,0.483232,0
pdraw_wave,resnet50,gaussian_noise,1,C:\Users\ramti\Desktop\ramtin legion pc\article_project\data\raw\pdraw_wave\test\healthy\V03HO01.png,0,0.473337,0
pdraw_wave,resnet50,gaussian_noise,1,C:\Users\ramti\Desktop\ramtin legion pc\article_project\data\raw\pdraw_wave\test\healthy\V04HO01.png,0,0.462837,0
pdraw_wave,resnet50,gaussian_noise,1,C:\Users\ramti\Desktop\ramtin legion pc\article_project\data\raw\pdraw_wave\test\healthy\V05HO01.png,0,0.611624,1
pdraw_wave,resnet50,gaussian_noise,1,C:\Users\ramti\Desktop\ramtin legion pc\article_project\data\raw\pdraw_wave\test\healthy\V06HO01.png,0,0.568894,0
pdraw_wave,resnet50,gaussian_noise,1,C:\Users\ramti\Desktop\ramtin legion pc\article_project\data\raw\pdraw_wave\test\healthy\V07HO01.png,0,0.456648,0
pdraw_wave,resnet50,gaussian_noise,1,C:\Users\ramti\Desktop\ramtin legion pc\article_project\data\raw\pdraw_wave\test\healthy\V08HO01.png,0,0.537960,0
pdraw_wave,resnet50,gaussian_noise,1,C:\Users\ramti\Desktop\ramtin legion pc\article_project\data\raw\pdraw_wave\test\healthy\V09HO01.png,0,0.537379,0
pdraw_wave,resnet50,gaussian_noise,1,C:\Users\ramti\Desktop\ramtin legion pc\article_project\data\raw\pdraw_wave\test\healthy\V10HO01.png,0,0.574202,0
pdraw_wave,resnet50,gaussian_noise,1,C:\Users\ramti\Desktop\ramtin legion pc\article_project\data\raw\pdraw_wave\test\healthy\V11HO01.png,0,0.457181,0
pdraw_wave,resnet50,gaussian_noise,1,C:\Users\ramti\Desktop\ramtin legion pc\article_project\data\raw\pdraw_wave\test\healthy\V55HO08.png,0,0.479409,0
pdraw_wave,resnet50,gaussian_noise,1,C:\Users\ramti\Desktop\ramtin legion pc\article_project\data\raw\pdraw_wave\test\healthy\V55HO09.png,0,0.509827,0
pdraw_wave,resnet50,gaussian_noise,1,C:\Users\ramti\Desktop\ramtin legion pc\article_project\data\raw\pdraw_wave\test\healthy\V55HO10.png,0,0.489306,0
pdraw_wave,resnet50,gaussian_noise,1,C:\Users\ramti\Desktop\ramtin legion pc\article_project\data\raw\pdraw_wave\test\healthy\V55HO11.png,0,0.542759,0
pdraw_wave,resnet50,gaussian_noise,1,C:\Users\ramti\Desktop\ramtin legion pc\article_project\data\raw\pdraw_wave\test\parkinson\V01PO01.png,1,0.586852,0
pdraw_wave,resnet50,gaussian_noise,1,C:\Users\ramti\Desktop\ramtin legion pc\article_project\data\raw\pdraw_wave\test\parkinson\V02PO01.png,1,0.693078,1
pdraw_wave,resnet50,gaussian_noise,1,C:\Users\ramti\Desktop\ramtin legion pc\article_project\data\raw\pdraw_wave\test\parkinson\V03PO01.png,1,0.816819,1
pdraw_wave,resnet50,gaussian_noise,1,C:\Users\ramti\Desktop\ramtin legion pc\article_project\data\raw\pdraw_wave\test\parkinson\V03PO04.png,1,0.868205,1
pdraw_wave,resnet50,gaussian_noise,1,C:\Users\ramti\Desktop\ramtin legion pc\article_project\data\raw\pdraw_wave\test\parkinson\V03PO07.png,1,0.751315,1
pdraw_wave,resnet50,gaussian_noise,1,C:\Users\ramti\Desktop\ramtin legion pc\article_project\data\raw\pdraw_wave\test\parkinson\V04PO01.png,1,0.823854,1
pdraw_wave,resnet50,gaussian_noise,1,C:\Users\ramti\Desktop\ramtin legion pc\article_project\data\raw\pdraw_wave\test\parkinson\V05PO01.png,1,0.765447,1
pdraw_wave,resnet50,gaussian_noise,1,C:\Users\ramti\Desktop\ramtin legion pc\article_project\data\raw\pdraw_wave\test\parkinson\V06PO01.png,1,0.723976,1
pdraw_wave,resnet50,gaussian_noise,1,C:\Users\ramti\Desktop\ramtin legion pc\article_project\data\raw\pdraw_wave\test\parkinson\V07PO01.png,1,0.881713,1
pdraw_wave,resnet50,gaussian_noise,1,C:\Users\ramti\Desktop\ramtin legion pc\article_project\data\raw\pdraw_wave\test\parkinson\V08PO01.png,1,0.467585,0
pdraw_wave,resnet50,gaussian_noise,1,C:\Users\ramti\Desktop\ramtin legion pc\article_project\data\raw\pdraw_wave\test\parkinson\V09PO01.png,1,0.796094,1
pdraw_wave,resnet50,gaussian_noise,1,C:\Users\ramti\Desktop\ramtin legion pc\article_project\data\raw\pdraw_wave\test\parkinson\V10PO01.png,1,0.636238,1
pdraw_wave,resnet50,gaussian_noise,1,C:\Users\ramti\Desktop\ramtin legion pc\article_project\data\raw\pdraw_wave\test\parkinson\V11PO01.png,1,0.589331,0
pdraw_wave,resnet50,gaussian_noise,1,C:\Users\ramti\Desktop\ramtin legion pc\article_project\data\raw\pdraw_wave\test\parkinson\V14PO01.png,1,0.832056,1
pdraw_wave,resnet50,gaussian_noise,1,C:\Users\ramti\Desktop\ramtin legion pc\article_project\data\raw\pdraw_wave\test\parkinson\V14PO03.png,1,0.794060,1
pdraw_wave,resnet50,gaussian_noise,2,C:\Users\ramti\Desktop\ramtin legion pc\article_project\data\raw\pdraw_wave\test\healthy\V01HO01.png,0,0.592667,0
pdraw_wave,resnet50,gaussian_noise,2,C:\Users\ramti\Desktop\ramtin legion pc\article_project\data\raw\pdraw_wave\test\healthy\V02HO01.png,0,0.483997,0
pdraw_wave,resnet50,gaussian_noise,2,C:\Users\ramti\Desktop\ramtin legion pc\article_project\data\raw\pdraw_wave\test\healthy\V03HO01.png,0,0.471775,0
pdraw_wave,resnet50,gaussian_noise,2,C:\Users\ramti\Desktop\ramtin legion pc\article_project\data\raw\pdraw_wave\test\healthy\V04HO01.png,0,0.464735,0
pdraw_wave,resnet50,gaussian_noise,2,C:\Users\ramti\Desktop\ramtin legion pc\article_project\data\raw\pdraw_wave\test\healthy\V05HO01.png,0,0.612246,1
pdraw_wave,resnet50,gaussian_noise,2,C:\Users\ramti\Desktop\ramtin legion pc\article_project\data\raw\pdraw_wave\test\healthy\V06HO01.png,0,0.585728,0
pdraw_wave,resnet50,gaussian_noise,2,C:\Users\ramti\Desktop\ramtin legion pc\article_project\data\raw\pdraw_wave\test\healthy\V07HO01.png,0,0.467009,0
pdraw_wave,resnet50,gaussian_noise,2,C:\Users\ramti\Desktop\ramtin legion pc\article_project\data\raw\pdraw_wave\test\healthy\V08HO01.png,0,0.538719,0
pdraw_wave,resnet50,gaussian_noise,2,C:\Users\ramti\Desktop\ramtin legion pc\article_project\data\raw\pdraw_wave\test\healthy\V09HO01.png,0,0.538778,0
pdraw_wave,resnet50,gaussian_noise,2,C:\Users\ramti\Desktop\ramtin legion pc\article_project\data\raw\pdraw_wave\test\healthy\V10HO01.png,0,0.575582,0
pdraw_wave,resnet50,gaussian_noise,2,C:\Users\ramti\Desktop\ramtin legion pc\article_project\data\raw\pdraw_wave\test\healthy\V11HO01.png,0,0.471605,0
pdraw_wave,resnet50,gaussian_noise,2,C:\Users\ramti\Desktop\ramtin legion pc\article_project\data\raw\pdraw_wave\test\healthy\V55HO08.png,0,0.482730,0
pdraw_wave,resnet50,gaussian_noise,2,C:\Users\ramti\Desktop\ramtin legion pc\article_project\data\raw\pdraw_wave\test\healthy\V55HO09.png,0,0.484078,0
pdraw_wave,resnet50,gaussian_noise,2,C:\Users\ramti\Desktop\ramtin legion pc\article_project\data\raw\pdraw_wave\test\healthy\V55HO10.png,0,0.488513,0
pdraw_wave,resnet50,gaussian_noise,2,C:\Users\ramti\Desktop\ramtin legion pc\article_project\data\raw\pdraw_wave\test\healthy\V55HO11.png,0,0.560318,0
pdraw_wave,resnet50,gaussian_noise,2,C:\Users\ramti\Desktop\ramtin legion pc\article_project\data\raw\pdraw_wave\test\parkinson\V01PO01.png,1,0.580228,0
pdraw_wave,resnet50,gaussian_noise,2,C:\Users\ramti\Desktop\ramtin legion pc\article_project\data\raw\pdraw_wave\test\parkinson\V02PO01.png,1,0.691358,1
pdraw_wave,resnet50,gaussian_noise,2,C:\Users\ramti\Desktop\ramtin legion pc\article_project\data\raw\pdraw_wave\test\parkinson\V03PO01.png,1,0.762533,1
pdraw_wave,resnet50,gaussian_noise,2,C:\Users\ramti\Desktop\ramtin legion pc\article_project\data\raw\pdraw_wave\test\parkinson\V03PO04.png,1,0.848625,1
pdraw_wave,resnet50,gaussian_noise,2,C:\Users\ramti\Desktop\ramtin legion pc\article_project\data\raw\pdraw_wave\test\parkinson\V03PO07.png,1,0.753047,1
pdraw_wave,resnet50,gaussian_noise,2,C:\Users\ramti\Desktop\ramtin legion pc\article_project\data\raw\pdraw_wave\test\parkinson\V04PO01.png,1,0.820648,1
pdraw_wave,resnet50,gaussian_noise,2,C:\Users\ramti\Desktop\ramtin legion pc\article_project\data\raw\pdraw_wave\test\parkinson\V05PO01.png,1,0.765125,1
pdraw_wave,resnet50,gaussian_noise,2,C:\Users\ramti\Desktop\ramtin legion pc\article_project\data\raw\pdraw_wave\test\parkinson\V06PO01.png,1,0.749333,1
pdraw_wave,resnet50,gaussian_noise,2,C:\Users\ramti\Desktop\ramtin legion pc\article_project\data\raw\pdraw_wave\test\parkinson\V07PO01.png,1,0.831724,1
pdraw_wave,resnet50,gaussian_noise,2,C:\Users\ramti\Desktop\ramtin legion pc\article_project\data\raw\pdraw_wave\test\parkinson\V08PO01.png,1,0.468400,0
pdraw_wave,resnet50,gaussian_noise,2,C:\Users\ramti\Desktop\ramtin legion pc\article_project\data\raw\pdraw_wave\test\parkinson\V09PO01.png,1,0.801919,1
pdraw_wave,resnet50,gaussian_noise,2,C:\Users\ramti\Desktop\ramtin legion pc\article_project\data\raw\pdraw_wave\test\parkinson\V10PO01.png,1,0.628743,1
pdraw_wave,resnet50,gaussian_noise,2,C:\Users\ramti\Desktop\ramtin legion pc\article_project\data\raw\pdraw_wave\test\parkinson\V11PO01.png,1,0.638511,1
pdraw_wave,resnet50,gaussian_noise,2,C:\Users\ramti\Desktop\ramtin legion pc\article_project\data\raw\pdraw_wave\test\parkinson\V14PO01.png,1,0.797813,1
pdraw_wave,resnet50,gaussian_noise,2,C:\Users\ramti\Desktop\ramtin legion pc\article_project\data\raw\pdraw_wave\test\parkinson\V14PO03.png,1,0.764615,1
pdraw_wave,resnet50,gaussian_noise,3,C:\Users\ramti\Desktop\ramtin legion pc\article_project\data\raw\pdraw_wave\test\healthy\V01HO01.png,0,0.619848,1
pdraw_wave,resnet50,gaussian_noise,3,C:\Users\ramti\Desktop\ramtin legion pc\article_project\data\raw\pdraw_wave\test\healthy\V02HO01.png,0,0.492288,0
pdraw_wave,resnet50,gaussian_noise,3,C:\Users\ramti\Desktop\ramtin legion pc\article_project\data\raw\pdraw_wave\test\healthy\V03HO01.png,0,0.472940,0
pdraw_wave,resnet50,gaussian_noise,3,C:\Users\ramti\Desktop\ramtin legion pc\article_project\data\raw\pdraw_wave\test\healthy\V04HO01.png,0,0.472834,0
pdraw_wave,resnet50,gaussian_noise,3,C:\Users\ramti\Desktop\ramtin legion pc\article_project\data\raw\pdraw_wave\test\healthy\V05HO01.png,0,0.579123,0
pdraw_wave,resnet50,gaussian_noise,3,C:\Users\ramti\Desktop\ramtin legion pc\article_project\data\raw\pdraw_wave\test\healthy\V06HO01.png,0,0.568931,0
pdraw_wave,resnet50,gaussian_noise,3,C:\Users\ramti\Desktop\ramtin legion pc\article_project\data\raw\pdraw_wave\test\healthy\V07HO01.png,0,0.476510,0
pdraw_wave,resnet50,gaussian_noise,3,C:\Users\ramti\Desktop\ramtin legion pc\article_project\data\raw\pdraw_wave\test\healthy\V08HO01.png,0,0.508126,0
pdraw_wave,resnet50,gaussian_noise,3,C:\Users\ramti\Desktop\ramtin legion pc\article_project\data\raw\pdraw_wave\test\healthy\V09HO01.png,0,0.541302,0
pdraw_wave,resnet50,gaussian_noise,3,C:\Users\ramti\Desktop\ramtin legion pc\article_project\data\raw\pdraw_wave\test\healthy\V10HO01.png,0,0.577917,0
pdraw_wave,resnet50,gaussian_noise,3,C:\Users\ramti\Desktop\ramtin legion pc\article_project\data\raw\pdraw_wave\test\healthy\V11HO01.png,0,0.468009,0
pdraw_wave,resnet50,gaussian_noise,3,C:\Users\ramti\Desktop\ramtin legion pc\article_project\data\raw\pdraw_wave\test\healthy\V55HO08.png,0,0.484175,0
pdraw_wave,resnet50,gaussian_noise,3,C:\Users\ramti\Desktop\ramtin legion pc\article_project\data\raw\pdraw_wave\test\healthy\V55HO09.png,0,0.480069,0
pdraw_wave,resnet50,gaussian_noise,3,C:\Users\ramti\Desktop\ramtin legion pc\article_project\data\raw\pdraw_wave\test\healthy\V55HO10.png,0,0.482315,0
pdraw_wave,resnet50,gaussian_noise,3,C:\Users\ramti\Desktop\ramtin legion pc\article_project\data\raw\pdraw_wave\test\healthy\V55HO11.png,0,0.603577,1
pdraw_wave,resnet50,gaussian_noise,3,C:\Users\ramti\Desktop\ramtin legion pc\article_project\data\raw\pdraw_wave\test\parkinson\V01PO01.png,1,0.565449,0
pdraw_wave,resnet50,gaussian_noise,3,C:\Users\ramti\Desktop\ramtin legion pc\article_project\data\raw\pdraw_wave\test\parkinson\V02PO01.png,1,0.710556,1
pdraw_wave,resnet50,gaussian_noise,3,C:\Users\ramti\Desktop\ramtin legion pc\article_project\data\raw\pdraw_wave\test\parkinson\V03PO01.png,1,0.763231,1
pdraw_wave,resnet50,gaussian_noise,3,C:\Users\ramti\Desktop\ramtin legion pc\article_project\data\raw\pdraw_wave\test\parkinson\V03PO04.png,1,0.818553,1
pdraw_wave,resnet50,gaussian_noise,3,C:\Users\ramti\Desktop\ramtin legion pc\article_project\data\raw\pdraw_wave\test\parkinson\V03PO07.png,1,0.728907,1
pdraw_wave,resnet50,gaussian_noise,3,C:\Users\ramti\Desktop\ramtin legion pc\article_project\data\raw\pdraw_wave\test\parkinson\V04PO01.png,1,0.788458,1
pdraw_wave,resnet50,gaussian_noise,3,C:\Users\ramti\Desktop\ramtin legion pc\article_project\data\raw\pdraw_wave\test\parkinson\V05PO01.png,1,0.770368,1
pdraw_wave,resnet50,gaussian_noise,3,C:\Users\ramti\Desktop\ramtin legion pc\article_project\data\raw\pdraw_wave\test\parkinson\V06PO01.png,1,0.718550,1
pdraw_wave,resnet50,gaussian_noise,3,C:\Users\ramti\Desktop\ramtin legion pc\article_project\data\raw\pdraw_wave\test\parkinson\V07PO01.png,1,0.819762,1
pdraw_wave,resnet50,gaussian_noise,3,C:\Users\ramti\Desktop\ramtin legion pc\article_project\data\raw\pdraw_wave\test\parkinson\V08PO01.png,1,0.471488,0
pdraw_wave,resnet50,gaussian_noise,3,C:\Users\ramti\Desktop\ramtin legion pc\article_project\data\raw\pdraw_wave\test\parkinson\V09PO01.png,1,0.769723,1
pdraw_wave,resnet50,gaussian_noise,3,C:\Users\ramti\Desktop\ramtin legion pc\article_project\data\raw\pdraw_wave\test\parkinson\V10PO01.png,1,0.641778,1
pdraw_wave,resnet50,gaussian_noise,3,C:\Users\ramti\Desktop\ramtin legion pc\article_project\data\raw\pdraw_wave\test\parkinson\V11PO01.png,1,0.586402,0
pdraw_wave,resnet50,gaussian_noise,3,C:\Users\ramti\Desktop\ramtin legion pc\article_project\data\raw\pdraw_wave\test\parkinson\V14PO01.png,1,0.802043,1
pdraw_wave,resnet50,gaussian_noise,3,C:\Users\ramti\Desktop\ramtin legion pc\article_project\data\raw\pdraw_wave\test\parkinson\V14PO03.png,1,0.774867,1
pdraw_wave,resnet50,gaussian_noise,4,C:\Users\ramti\Desktop\ramtin legion pc\article_project\data\raw\pdraw_wave\test\healthy\V01HO01.png,0,0.606534,1
pdraw_wave,resnet50,gaussian_noise,4,C:\Users\ramti\Desktop\ramtin legion pc\article_project\data\raw\pdraw_wave\test\healthy\V02HO01.png,0,0.490907,0
pdraw_wave,resnet50,gaussian_noise,4,C:\Users\ramti\Desktop\ramtin legion pc\article_project\data\raw\pdraw_wave\test\healthy\V03HO01.png,0,0.472682,0
pdraw_wave,resnet50,gaussian_noise,4,C:\Users\ramti\Desktop\ramtin legion pc\article_project\data\raw\pdraw_wave\test\healthy\V04HO01.png,0,0.476046,0
pdraw_wave,resnet50,gaussian_noise,4,C:\Users\ramti\Desktop\ramtin legion pc\article_project\data\raw\pdraw_wave\test\healthy\V05HO01.png,0,0.575263,0
pdraw_wave,resnet50,gaussian_noise,4,C:\Users\ramti\Desktop\ramtin legion pc\article_project\data\raw\pdraw_wave\test\healthy\V06HO01.png,0,0.546992,0
pdraw_wave,resnet50,gaussian_noise,4,C:\Users\ramti\Desktop\ramtin legion pc\article_project\data\raw\pdraw_wave\test\healthy\V07HO01.png,0,0.467194,0
pdraw_wave,resnet50,gaussian_noise,4,C:\Users\ramti\Desktop\ramtin legion pc\article_project\data\raw\pdraw_wave\test\healthy\V08HO01.png,0,0.504374,0
pdraw_wave,resnet50,gaussian_noise,4,C:\Users\ramti\Desktop\ramtin legion pc\article_project\data\raw\pdraw_wave\test\healthy\V09HO01.png,0,0.568964,0
pdraw_wave,resnet50,gaussian_noise,4,C:\Users\ramti\Desktop\ramtin legion pc\article_project\data\raw\pdraw_wave\test\healthy\V10HO01.png,0,0.601845,1
pdraw_wave,resnet50,gaussian_noise,4,C:\Users\ramti\Desktop\ramtin legion pc\article_project\data\raw\pdraw_wave\test\healthy\V11HO01.png,0,0.490586,0
pdraw_wave,resnet50,gaussian_noise,4,C:\Users\ramti\Desktop\ramtin legion pc\article_project\data\raw\pdraw_wave\test\healthy\V55HO08.png,0,0.499660,0
pdraw_wave,resnet50,gaussian_noise,4,C:\Users\ramti\Desktop\ramtin legion pc\article_project\data\raw\pdraw_wave\test\healthy\V55HO09.png,0,0.483653,0
pdraw_wave,resnet50,gaussian_noise,4,C:\Users\ramti\Desktop\ramtin legion pc\article_project\data\raw\pdraw_wave\test\healthy\V55HO10.png,0,0.494985,0
pdraw_wave,resnet50,gaussian_noise,4,C:\Users\ramti\Desktop\ramtin legion pc\article_project\data\raw\pdraw_wave\test\healthy\V55HO11.png,0,0.604569,1
pdraw_wave,resnet50,gaussian_noise,4,C:\Users\ramti\Desktop\ramtin legion pc\article_project\data\raw\pdraw_wave\test\parkinson\V01PO01.png,1,0.587794,0
pdraw_wave,resnet50,gaussian_noise,4,C:\Users\ramti\Desktop\ramtin legion pc\article_project\data\raw\pdraw_wave\test\parkinson\V02PO01.png,1,0.744771,1
pdraw_wave,resnet50,gaussian_noise,4,C:\Users\ramti\Desktop\ramtin legion pc\article_project\data\raw\pdraw_wave\test\parkinson\V03PO01.png,1,0.689435,1
pdraw_wave,resnet50,gaussian_noise,4,C:\Users\ramti\Desktop\ramtin legion pc\article_project\data\raw\pdraw_wave\test\parkinson\V03PO04.png,1,0.773560,1
pdraw_wave,resnet50,gaussian_noise,4,C:\Users\ramti\Desktop\ramtin legion pc\article_project\data\raw\pdraw_wave\test\parkinson\V03PO07.png,1,0.735062,1
pdraw_wave,resnet50,gaussian_noise,4,C:\Users\ramti\Desktop\ramtin legion pc\article_project\data\raw\pdraw_wave\test\parkinson\V04PO01.png,1,0.761851,1
pdraw_wave,resnet50,gaussian_noise,4,C:\Users\ramti\Desktop\ramtin legion pc\article_project\data\raw\pdraw_wave\test\parkinson\V05PO01.png,1,0.791410,1
pdraw_wave,resnet50,gaussian_noise,4,C:\Users\ramti\Desktop\ramtin legion pc\article_project\data\raw\pdraw_wave\test\parkinson\V06PO01.png,1,0.738834,1
pdraw_wave,resnet50,gaussian_noise,4,C:\Users\ramti\Desktop\ramtin legion pc\article_project\data\raw\pdraw_wave\test\parkinson\V07PO01.png,1,0.790904,1
pdraw_wave,resnet50,gaussian_noise,4,C:\Users\ramti\Desktop\ramtin legion pc\article_project\data\raw\pdraw_wave\test\parkinson\V08PO01.png,1,0.491116,0
pdraw_wave,resnet50,gaussian_noise,4,C:\Users\ramti\Desktop\ramtin legion pc\article_project\data\raw\pdraw_wave\test\parkinson\V09PO01.png,1,0.731923,1
pdraw_wave,resnet50,gaussian_noise,4,C:\Users\ramti\Desktop\ramtin legion pc\article_project\data\raw\pdraw_wave\test\parkinson\V10PO01.png,1,0.653828,1
pdraw_wave,resnet50,gaussian_noise,4,C:\Users\ramti\Desktop\ramtin legion pc\article_project\data\raw\pdraw_wave\test\parkinson\V11PO01.png,1,0.600002,1
pdraw_wave,resnet50,gaussian_noise,4,C:\Users\ramti\Desktop\ramtin legion pc\article_project\data\raw\pdraw_wave\test\parkinson\V14PO01.png,1,0.784687,1
pdraw_wave,resnet50,gaussian_noise,4,C:\Users\ramti\Desktop\ramtin legion pc\article_project\data\raw\pdraw_wave\test\parkinson\V14PO03.png,1,0.760378,1
pdraw_wave,resnet50,gaussian_noise,5,C:\Users\ramti\Desktop\ramtin legion pc\article_project\data\raw\pdraw_wave\test\healthy\V01HO01.png,0,0.592633,0
pdraw_wave,resnet50,gaussian_noise,5,C:\Users\ramti\Desktop\ramtin legion pc\article_project\data\raw\pdraw_wave\test\healthy\V02HO01.png,0,0.486681,0
pdraw_wave,resnet50,gaussian_noise,5,C:\Users\ramti\Desktop\ramtin legion pc\article_project\data\raw\pdraw_wave\test\healthy\V03HO01.png,0,0.483544,0
pdraw_wave,resnet50,gaussian_noise,5,C:\Users\ramti\Desktop\ramtin legion pc\article_project\data\raw\pdraw_wave\test\healthy\V04HO01.png,0,0.479768,0
pdraw_wave,resnet50,gaussian_noise,5,C:\Users\ramti\Desktop\ramtin legion pc\article_project\data\raw\pdraw_wave\test\healthy\V05HO01.png,0,0.574695,0
pdraw_wave,resnet50,gaussian_noise,5,C:\Users\ramti\Desktop\ramtin legion pc\article_project\data\raw\pdraw_wave\test\healthy\V06HO01.png,0,0.532610,0
pdraw_wave,resnet50,gaussian_noise,5,C:\Users\ramti\Desktop\ramtin legion pc\article_project\data\raw\pdraw_wave\test\healthy\V07HO01.png,0,0.472328,0
pdraw_wave,resnet50,gaussian_noise,5,C:\Users\ramti\Desktop\ramtin legion pc\article_project\data\raw\pdraw_wave\test\healthy\V08HO01.png,0,0.506055,0
pdraw_wave,resnet50,gaussian_noise,5,C:\Users\ramti\Desktop\ramtin legion pc\article_project\data\raw\pdraw_wave\test\healthy\V09HO01.png,0,0.556267,0
pdraw_wave,resnet50,gaussian_noise,5,C:\Users\ramti\Desktop\ramtin legion pc\article_project\data\raw\pdraw_wave\test\healthy\V10HO01.png,0,0.558852,0
pdraw_wave,resnet50,gaussian_noise,5,C:\Users\ramti\Desktop\ramtin legion pc\article_project\data\raw\pdraw_wave\test\healthy\V11HO01.png,0,0.489202,0
pdraw_wave,resnet50,gaussian_noise,5,C:\Users\ramti\Desktop\ramtin legion pc\article_project\data\raw\pdraw_wave\test\healthy\V55HO08.png,0,0.492243,0
pdraw_wave,resnet50,gaussian_noise,5,C:\Users\ramti\Desktop\ramtin legion pc\article_project\data\raw\pdraw_wave\test\healthy\V55HO09.png,0,0.463149,0
pdraw_wave,resnet50,gaussian_noise,5,C:\Users\ramti\Desktop\ramtin legion pc\article_project\data\raw\pdraw_wave\test\healthy\V55HO10.png,0,0.460030,0
pdraw_wave,resnet50,gaussian_noise,5,C:\Users\ramti\Desktop\ramtin legion pc\article_project\data\raw\pdraw_wave\test\healthy\V55HO11.png,0,0.588503,0
pdraw_wave,resnet50,gaussian_noise,5,C:\Users\ramti\Desktop\ramtin legion pc\article_project\data\raw\pdraw_wave\test\parkinson\V01PO01.png,1,0.575625,0
pdraw_wave,resnet50,gaussian_noise,5,C:\Users\ramti\Desktop\ramtin legion pc\article_project\data\raw\pdraw_wave\test\parkinson\V02PO01.png,1,0.691585,1
pdraw_wave,resnet50,gaussian_noise,5,C:\Users\ramti\Desktop\ramtin legion pc\article_project\data\raw\pdraw_wave\test\parkinson\V03PO01.png,1,0.654357,1
pdraw_wave,resnet50,gaussian_noise,5,C:\Users\ramti\Desktop\ramtin legion pc\article_project\data\raw\pdraw_wave\test\parkinson\V03PO04.png,1,0.781900,1
pdraw_wave,resnet50,gaussian_noise,5,C:\Users\ramti\Desktop\ramtin legion pc\article_project\data\raw\pdraw_wave\test\parkinson\V03PO07.png,1,0.696848,1
pdraw_wave,resnet50,gaussian_noise,5,C:\Users\ramti\Desktop\ramtin legion pc\article_project\data\raw\pdraw_wave\test\parkinson\V04PO01.png,1,0.727671,1
pdraw_wave,resnet50,gaussian_noise,5,C:\Users\ramti\Desktop\ramtin legion pc\article_project\data\raw\pdraw_wave\test\parkinson\V05PO01.png,1,0.784082,1
pdraw_wave,resnet50,gaussian_noise,5,C:\Users\ramti\Desktop\ramtin legion pc\article_project\data\raw\pdraw_wave\test\parkinson\V06PO01.png,1,0.709464,1
pdraw_wave,resnet50,gaussian_noise,5,C:\Users\ramti\Desktop\ramtin legion pc\article_project\data\raw\pdraw_wave\test\parkinson\V07PO01.png,1,0.770717,1
pdraw_wave,resnet50,gaussian_noise,5,C:\Users\ramti\Desktop\ramtin legion pc\article_project\data\raw\pdraw_wave\test\parkinson\V08PO01.png,1,0.470958,0
pdraw_wave,resnet50,gaussian_noise,5,C:\Users\ramti\Desktop\ramtin legion pc\article_project\data\raw\pdraw_wave\test\parkinson\V09PO01.png,1,0.724112,1
pdraw_wave,resnet50,gaussian_noise,5,C:\Users\ramti\Desktop\ramtin legion pc\article_project\data\raw\pdraw_wave\test\parkinson\V10PO01.png,1,0.633296,1
pdraw_wave,resnet50,gaussian_noise,5,C:\Users\ramti\Desktop\ramtin legion pc\article_project\data\raw\pdraw_wave\test\parkinson\V11PO01.png,1,0.560137,0
pdraw_wave,resnet50,gaussian_noise,5,C:\Users\ramti\Desktop\ramtin legion pc\article_project\data\raw\pdraw_wave\test\parkinson\V14PO01.png,1,0.780167,1
pdraw_wave,resnet50,gaussian_noise,5,C:\Users\ramti\Desktop\ramtin legion pc\article_project\data\raw\pdraw_wave\test\parkinson\V14PO03.png,1,0.772722,1
pdraw_wave,resnet50,contrast,1,C:\Users\ramti\Desktop\ramtin legion pc\article_project\data\raw\pdraw_wave\test\healthy\V01HO01.png,0,0.534987,0
pdraw_wave,resnet50,contrast,1,C:\Users\ramti\Desktop\ramtin legion pc\article_project\data\raw\pdraw_wave\test\healthy\V02HO01.png,0,0.465000,0
pdraw_wave,resnet50,contrast,1,C:\Users\ramti\Desktop\ramtin legion pc\article_project\data\raw\pdraw_wave\test\healthy\V03HO01.png,0,0.458186,0
pdraw_wave,resnet50,contrast,1,C:\Users\ramti\Desktop\ramtin legion pc\article_project\data\raw\pdraw_wave\test\healthy\V04HO01.png,0,0.453040,0
pdraw_wave,resnet50,contrast,1,C:\Users\ramti\Desktop\ramtin legion pc\article_project\data\raw\pdraw_wave\test\healthy\V05HO01.png,0,0.570392,0
pdraw_wave,resnet50,contrast,1,C:\Users\ramti\Desktop\ramtin legion pc\article_project\data\raw\pdraw_wave\test\healthy\V06HO01.png,0,0.535561,0
pdraw_wave,resnet50,contrast,1,C:\Users\ramti\Desktop\ramtin legion pc\article_project\data\raw\pdraw_wave\test\healthy\V07HO01.png,0,0.459107,0
pdraw_wave,resnet50,contrast,1,C:\Users\ramti\Desktop\ramtin legion pc\article_project\data\raw\pdraw_wave\test\healthy\V08HO01.png,0,0.501698,0
pdraw_wave,resnet50,contrast,1,C:\Users\ramti\Desktop\ramtin legion pc\article_project\data\raw\pdraw_wave\test\healthy\V09HO01.png,0,0.505421,0
pdraw_wave,resnet50,contrast,1,C:\Users\ramti\Desktop\ramtin legion pc\article_project\data\raw\pdraw_wave\test\healthy\V10HO01.png,0,0.507503,0
pdraw_wave,resnet50,contrast,1,C:\Users\ramti\Desktop\ramtin legion pc\article_project\data\raw\pdraw_wave\test\healthy\V11HO01.png,0,0.458953,0
pdraw_wave,resnet50,contrast,1,C:\Users\ramti\Desktop\ramtin legion pc\article_project\data\raw\pdraw_wave\test\healthy\V55HO08.png,0,0.460841,0
pdraw_wave,resnet50,contrast,1,C:\Users\ramti\Desktop\ramtin legion pc\article_project\data\raw\pdraw_wave\test\healthy\V55HO09.png,0,0.474338,0
pdraw_wave,resnet50,contrast,1,C:\Users\ramti\Desktop\ramtin legion pc\article_project\data\raw\pdraw_wave\test\healthy\V55HO10.png,0,0.461746,0
pdraw_wave,resnet50,contrast,1,C:\Users\ramti\Desktop\ramtin legion pc\article_project\data\raw\pdraw_wave\test\healthy\V55HO11.png,0,0.516471,0
pdraw_wave,resnet50,contrast,1,C:\Users\ramti\Desktop\ramtin legion pc\article_project\data\raw\pdraw_wave\test\parkinson\V01PO01.png,1,0.557344,0
pdraw_wave,resnet50,contrast,1,C:\Users\ramti\Desktop\ramtin legion pc\article_project\data\raw\pdraw_wave\test\parkinson\V02PO01.png,1,0.632852,1
pdraw_wave,resnet50,contrast,1,C:\Users\ramti\Desktop\ramtin legion pc\article_project\data\raw\pdraw_wave\test\parkinson\V03PO01.png,1,0.783992,1
pdraw_wave,resnet50,contrast,1,C:\Users\ramti\Desktop\ramtin legion pc\article_project\data\raw\pdraw_wave\test\parkinson\V03PO04.png,1,0.819525,1
pdraw_wave,resnet50,contrast,1,C:\Users\ramti\Desktop\ramtin legion pc\article_project\data\raw\pdraw_wave\test\parkinson\V03PO07.png,1,0.758920,1
pdraw_wave,resnet50,contrast,1,C:\Users\ramti\Desktop\ramtin legion pc\article_project\data\raw\pdraw_wave\test\parkinson\V04PO01.png,1,0.775756,1
pdraw_wave,resnet50,contrast,1,C:\Users\ramti\Desktop\ramtin legion pc\article_project\data\raw\pdraw_wave\test\parkinson\V05PO01.png,1,0.753642,1
pdraw_wave,resnet50,contrast,1,C:\Users\ramti\Desktop\ramtin legion pc\article_project\data\raw\pdraw_wave\test\parkinson\V06PO01.png,1,0.704779,1
pdraw_wave,resnet50,contrast,1,C:\Users\ramti\Desktop\ramtin legion pc\article_project\data\raw\pdraw_wave\test\parkinson\V07PO01.png,1,0.831571,1
pdraw_wave,resnet50,contrast,1,C:\Users\ramti\Desktop\ramtin legion pc\article_project\data\raw\pdraw_wave\test\parkinson\V08PO01.png,1,0.452926,0
pdraw_wave,resnet50,contrast,1,C:\Users\ramti\Desktop\ramtin legion pc\article_project\data\raw\pdraw_wave\test\parkinson\V09PO01.png,1,0.770950,1
pdraw_wave,resnet50,contrast,1,C:\Users\ramti\Desktop\ramtin legion pc\article_project\data\raw\pdraw_wave\test\parkinson\V10PO01.png,1,0.609550,1
pdraw_wave,resnet50,contrast,1,C:\Users\ramti\Desktop\ramtin legion pc\article_project\data\raw\pdraw_wave\test\parkinson\V11PO01.png,1,0.557460,0
pdraw_wave,resnet50,contrast,1,C:\Users\ramti\Desktop\ramtin legion pc\article_project\data\raw\pdraw_wave\test\parkinson\V14PO01.png,1,0.792963,1
pdraw_wave,resnet50,contrast,1,C:\Users\ramti\Desktop\ramtin legion pc\article_project\data\raw\pdraw_wave\test\parkinson\V14PO03.png,1,0.782187,1
pdraw_wave,resnet50,contrast,2,C:\Users\ramti\Desktop\ramtin legion pc\article_project\data\raw\pdraw_wave\test\healthy\V01HO01.png,0,0.553294,0
pdraw_wave,resnet50,contrast,2,C:\Users\ramti\Desktop\ramtin legion pc\article_project\data\raw\pdraw_wave\test\healthy\V02HO01.png,0,0.469623,0
pdraw_wave,resnet50,contrast,2,C:\Users\ramti\Desktop\ramtin legion pc\article_project\data\raw\pdraw_wave\test\healthy\V03HO01.png,0,0.460868,0
pdraw_wave,resnet50,contrast,2,C:\Users\ramti\Desktop\ramtin legion pc\article_project\data\raw\pdraw_wave\test\healthy\V04HO01.png,0,0.452712,0
pdraw_wave,resnet50,contrast,2,C:\Users\ramti\Desktop\ramtin legion pc\article_project\data\raw\pdraw_wave\test\healthy\V05HO01.png,0,0.587598,0
pdraw_wave,resnet50,contrast,2,C:\Users\ramti\Desktop\ramtin legion pc\article_project\data\raw\pdraw_wave\test\healthy\V06HO01.png,0,0.550260,0
pdraw_wave,resnet50,contrast,2,C:\Users\ramti\Desktop\ramtin legion pc\article_project\data\raw\pdraw_wave\test\healthy\V07HO01.png,0,0.451860,0
pdraw_wave,resnet50,contrast,2,C:\Users\ramti\Desktop\ramtin legion pc\article_project\data\raw\pdraw_wave\test\healthy\V08HO01.png,0,0.496158,0
pdraw_wave,resnet50,contrast,2,C:\Users\ramti\Desktop\ramtin legion pc\article_project\data\raw\pdraw_wave\test\healthy\V09HO01.png,0,0.502964,0
pdraw_wave,resnet50,contrast,2,C:\Users\ramti\Desktop\ramtin legion pc\article_project\data\raw\pdraw_wave\test\healthy\V10HO01.png,0,0.514790,0
pdraw_wave,resnet50,contrast,2,C:\Users\ramti\Desktop\ramtin legion pc\article_project\data\raw\pdraw_wave\test\healthy\V11HO01.png,0,0.453782,0
pdraw_wave,resnet50,contrast,2,C:\Users\ramti\Desktop\ramtin legion pc\article_project\data\raw\pdraw_wave\test\healthy\V55HO08.png,0,0.468429,0
pdraw_wave,resnet50,contrast,2,C:\Users\ramti\Desktop\ramtin legion pc\article_project\data\raw\pdraw_wave\test\healthy\V55HO09.png,0,0.485646,0
pdraw_wave,resnet50,contrast,2,C:\Users\ramti\Desktop\ramtin legion pc\article_project\data\raw\pdraw_wave\test\healthy\V55HO10.png,0,0.474197,0
pdraw_wave,resnet50,contrast,2,C:\Users\ramti\Desktop\ramtin legion pc\article_project\data\raw\pdraw_wave\test\healthy\V55HO11.png,0,0.516443,0
pdraw_wave,resnet50,contrast,2,C:\Users\ramti\Desktop\ramtin legion pc\article_project\data\raw\pdraw_wave\test\parkinson\V01PO01.png,1,0.567804,0
pdraw_wave,resnet50,contrast,2,C:\Users\ramti\Desktop\ramtin legion pc\article_project\data\raw\pdraw_wave\test\parkinson\V02PO01.png,1,0.664631,1
pdraw_wave,resnet50,contrast,2,C:\Users\ramti\Desktop\ramtin legion pc\article_project\data\raw\pdraw_wave\test\parkinson\V03PO01.png,1,0.793343,1
pdraw_wave,resnet50,contrast,2,C:\Users\ramti\Desktop\ramtin legion pc\article_project\data\raw\pdraw_wave\test\parkinson\V03PO04.png,1,0.847413,1
pdraw_wave,resnet50,contrast,2,C:\Users\ramti\Desktop\ramtin legion pc\article_project\data\raw\pdraw_wave\test\parkinson\V03PO07.png,1,0.757465,1
pdraw_wave,resnet50,contrast,2,C:\Users\ramti\Desktop\ramtin legion pc\article_project\data\raw\pdraw_wave\test\parkinson\V04PO01.png,1,0.808770,1
pdraw_wave,resnet50,contrast,2,C:\Users\ramti\Desktop\ramtin legion pc\article_project\data\raw\pdraw_wave\test\parkinson\V05PO01.png,1,0.759594,1
pdraw_wave,resnet50,contrast,2,C:\Users\ramti\Desktop\ramtin legion pc\article_project\data\raw\pdraw_wave\test\parkinson\V06PO01.png,1,0.703534,1
pdraw_wave,resnet50,contrast,2,C:\Users\ramti\Desktop\ramtin legion pc\article_project\data\raw\pdraw_wave\test\parkinson\V07PO01.png,1,0.845051,1
pdraw_wave,resnet50,contrast,2,C:\Users\ramti\Desktop\ramtin legion pc\article_project\data\raw\pdraw_wave\test\parkinson\V08PO01.png,1,0.460133,0
pdraw_wave,resnet50,contrast,2,C:\Users\ramti\Desktop\ramtin legion pc\article_project\data\raw\pdraw_wave\test\parkinson\V09PO01.png,1,0.777735,1
pdraw_wave,resnet50,contrast,2,C:\Users\ramti\Desktop\ramtin legion pc\article_project\data\raw\pdraw_wave\test\parkinson\V10PO01.png,1,0.604256,1
pdraw_wave,resnet50,contrast,2,C:\Users\ramti\Desktop\ramtin legion pc\article_project\data\raw\pdraw_wave\test\parkinson\V11PO01.png,1,0.556539,0
pdraw_wave,resnet50,contrast,2,C:\Users\ramti\Desktop\ramtin legion pc\article_project\data\raw\pdraw_wave\test\parkinson\V14PO01.png,1,0.820153,1
pdraw_wave,resnet50,contrast,2,C:\Users\ramti\Desktop\ramtin legion pc\article_project\data\raw\pdraw_wave\test\parkinson\V14PO03.png,1,0.783179,1
pdraw_wave,resnet50,contrast,3,C:\Users\ramti\Desktop\ramtin legion pc\article_project\data\raw\pdraw_wave\test\healthy\V01HO01.png,0,0.578175,0
pdraw_wave,resnet50,contrast,3,C:\Users\ramti\Desktop\ramtin legion pc\article_project\data\raw\pdraw_wave\test\healthy\V02HO01.png,0,0.475582,0
pdraw_wave,resnet50,contrast,3,C:\Users\ramti\Desktop\ramtin legion pc\article_project\data\raw\pdraw_wave\test\healthy\V03HO01.png,0,0.462653,0
pdraw_wave,resnet50,contrast,3,C:\Users\ramti\Desktop\ramtin legion pc\article_project\data\raw\pdraw_wave\test\healthy\V04HO01.png,0,0.452302,0
pdraw_wave,resnet50,contrast,3,C:\Users\ramti\Desktop\ramtin legion pc\article_project\data\raw\pdraw_wave\test\healthy\V05HO01.png,0,0.591087,0
pdraw_wave,resnet50,contrast,3,C:\Users\ramti\Desktop\ramtin legion pc\article_project\data\raw\pdraw_wave\test\healthy\V06HO01.png,0,0.553316,0
pdraw_wave,resnet50,contrast,3,C:\Users\ramti\Desktop\ramtin legion pc\article_project\data\raw\pdraw_wave\test\healthy\V07HO01.png,0,0.448348,0
pdraw_wave,resnet50,contrast,3,C:\Users\ramti\Desktop\ramtin legion pc\article_project\data\raw\pdraw_wave\test\healthy\V08HO01.png,0,0.503335,0
pdraw_wave,resnet50,contrast,3,C:\Users\ramti\Desktop\ramtin legion pc\article_project\data\raw\pdraw_wave\test\healthy\V09HO01.png,0,0.496012,0
pdraw_wave,resnet50,contrast,3,C:\Users\ramti\Desktop\ramtin legion pc\article_project\data\raw\pdraw_wave\test\healthy\V10HO01.png,0,0.525163,0
pdraw_wave,resnet50,contrast,3,C:\Users\ramti\Desktop\ramtin legion pc\article_project\data\raw\pdraw_wave\test\healthy\V11HO01.png,0,0.451683,0
pdraw_wave,resnet50,contrast,3,C:\Users\ramti\Desktop\ramtin legion pc\article_project\data\raw\pdraw_wave\test\healthy\V55HO08.png,0,0.474736,0
pdraw_wave,resnet50,contrast,3,C:\Users\ramti\Desktop\ramtin legion pc\article_project\data\raw\pdraw_wave\test\healthy\V55HO09.png,0,0.496051,0
pdraw_wave,resnet50,contrast,3,C:\Users\ramti\Desktop\ramtin legion pc\article_project\data\raw\pdraw_wave\test\healthy\V55HO10.png,0,0.474751,0
pdraw_wave,resnet50,contrast,3,C:\Users\ramti\Desktop\ramtin legion pc\article_project\data\raw\pdraw_wave\test\healthy\V55HO11.png,0,0.528713,0
pdraw_wave,resnet50,contrast,3,C:\Users\ramti\Desktop\ramtin legion pc\article_project\data\raw\pdraw_wave\test\parkinson\V01PO01.png,1,0.570742,0
pdraw_wave,resnet50,contrast,3,C:\Users\ramti\Desktop\ramtin legion pc\article_project\data\raw\pdraw_wave\test\parkinson\V02PO01.png,1,0.679048,1
pdraw_wave,resnet50,contrast,3,C:\Users\ramti\Desktop\ramtin legion pc\article_project\data\raw\pdraw_wave\test\parkinson\V03PO01.png,1,0.804147,1
pdraw_wave,resnet50,contrast,3,C:\Users\ramti\Desktop\ramtin legion pc\article_project\data\raw\pdraw_wave\test\parkinson\V03PO04.png,1,0.864837,1
pdraw_wave,resnet50,contrast,3,C:\Users\ramti\Desktop\ramtin legion pc\article_project\data\raw\pdraw_wave\test\parkinson\V03PO07.png,1,0.757623,1
pdraw_wave,resnet50,contrast,3,C:\Users\ramti\Desktop\ramtin legion pc\article_project\data\raw\pdraw_wave\test\parkinson\V04PO01.png,1,0.815988,1
pdraw_wave,resnet50,contrast,3,C:\Users\ramti\Desktop\ramtin legion pc\article_project\data\raw\pdraw_wave\test\parkinson\V05PO01.png,1,0.768602,1
pdraw_wave,resnet50,contrast,3,C:\Users\ramti\Desktop\ramtin legion pc\article_project\data\raw\pdraw_wave\test\parkinson\V06PO01.png,1,0.702684,1
pdraw_wave,resnet50,contrast,3,C:\Users\ramti\Desktop\ramtin legion pc\article_project\data\raw\pdraw_wave\test\parkinson\V07PO01.png,1,0.850546,1
pdraw_wave,resnet50,contrast,3,C:\Users\ramti\Desktop\ramtin legion pc\article_project\data\raw\pdraw_wave\test\parkinson\V08PO01.png,1,0.466625,0
pdraw_wave,resnet50,contrast,3,C:\Users\ramti\Desktop\ramtin legion pc\article_project\data\raw\pdraw_wave\test\parkinson\V09PO01.png,1,0.779115,1
pdraw_wave,resnet50,contrast,3,C:\Users\ramti\Desktop\ramtin legion pc\article_project\data\raw\pdraw_wave\test\parkinson\V10PO01.png,1,0.604272,1
pdraw_wave,resnet50,contrast,3,C:\Users\ramti\Desktop\ramtin legion pc\article_project\data\raw\pdraw_wave\test\parkinson\V11PO01.png,1,0.550001,0
pdraw_wave,resnet50,contrast,3,C:\Users\ramti\Desktop\ramtin legion pc\article_project\data\raw\pdraw_wave\test\parkinson\V14PO01.png,1,0.820935,1
pdraw_wave,resnet50,contrast,3,C:\Users\ramti\Desktop\ramtin legion pc\article_project\data\raw\pdraw_wave\test\parkinson\V14PO03.png,1,0.773353,1
pdraw_wave,resnet50,contrast,4,C:\Users\ramti\Desktop\ramtin legion pc\article_project\data\raw\pdraw_wave\test\healthy\V01HO01.png,0,0.605722,1
pdraw_wave,resnet50,contrast,4,C:\Users\ramti\Desktop\ramtin legion pc\article_project\data\raw\pdraw_wave\test\healthy\V02HO01.png,0,0.506213,0
pdraw_wave,resnet50,contrast,4,C:\Users\ramti\Desktop\ramtin legion pc\article_project\data\raw\pdraw_wave\test\healthy\V03HO01.png,0,0.467428,0
pdraw_wave,resnet50,contrast,4,C:\Users\ramti\Desktop\ramtin legion pc\article_project\data\raw\pdraw_wave\test\healthy\V04HO01.png,0,0.467893,0
pdraw_wave,resnet50,contrast,4,C:\Users\ramti\Desktop\ramtin legion pc\article_project\data\raw\pdraw_wave\test\healthy\V05HO01.png,0,0.616989,1
pdraw_wave,resnet50,contrast,4,C:\Users\ramti\Desktop\ramtin legion pc\article_project\data\raw\pdraw_wave\test\healthy\V06HO01.png,0,0.567837,0
pdraw_wave,resnet50,contrast,4,C:\Users\ramti\Desktop\ramtin legion pc\article_project\data\raw\pdraw_wave\test\healthy\V07HO01.png,0,0.441371,0
pdraw_wave,resnet50,contrast,4,C:\Users\ramti\Desktop\ramtin legion pc\article_project\data\raw\pdraw_wave\test\healthy\V08HO01.png,0,0.523287,0
pdraw_wave,resnet50,contrast,4,C:\Users\ramti\Desktop\ramtin legion pc\article_project\data\raw\pdraw_wave\test\healthy\V09HO01.png,0,0.502100,0
pdraw_wave,resnet50,contrast,4,C:\Users\ramti\Desktop\ramtin legion pc\article_project\data\raw\pdraw_wave\test\healthy\V10HO01.png,0,0.550334,0
pdraw_wave,resnet50,contrast,4,C:\Users\ramti\Desktop\ramtin legion pc\article_project\data\raw\pdraw_wave\test\healthy\V11HO01.png,0,0.451776,0
pdraw_wave,resnet50,contrast,4,C:\Users\ramti\Desktop\ramtin legion pc\article_project\data\raw\pdraw_wave\test\healthy\V55HO08.png,0,0.499494,0
pdraw_wave,resnet50,contrast,4,C:\Users\ramti\Desktop\ramtin legion pc\article_project\data\raw\pdraw_wave\test\healthy\V55HO09.png,0,0.522488,0
pdraw_wave,resnet50,contrast,4,C:\Users\ramti\Desktop\ramtin legion pc\article_project\data\raw\pdraw_wave\test\healthy\V55HO10.png,0,0.486889,0
pdraw_wave,resnet50,contrast,4,C:\Users\ramti\Desktop\ramtin legion pc\article_project\data\raw\pdraw_wave\test\healthy\V55HO11.png,0,0.580516,0
pdraw_wave,resnet50,contrast,4,C:\Users\ramti\Desktop\ramtin legion pc\article_project\data\raw\pdraw_wave\test\parkinson\V01PO01.png,1,0.566178,0
pdraw_wave,resnet50,contrast,4,C:\Users\ramti\Desktop\ramtin legion pc\article_project\data\raw\pdraw_wave\test\parkinson\V02PO01.png,1,0.704510,1
pdraw_wave,resnet50,contrast,4,C:\Users\ramti\Desktop\ramtin legion pc\article_project\data\raw\pdraw_wave\test\parkinson\V03PO01.png,1,0.824703,1
pdraw_wave,resnet50,contrast,4,C:\Users\ramti\Desktop\ramtin legion pc\article_project\data\raw\pdraw_wave\test\parkinson\V03PO04.png,1,0.882633,1
pdraw_wave,resnet50,contrast,4,C:\Users\ramti\Desktop\ramtin legion pc\article_project\data\raw\pdraw_wave\test\parkinson\V03PO07.png,1,0.764105,1
pdraw_wave,resnet50,contrast,4,C:\Users\ramti\Desktop\ramtin legion pc\article_project\data\raw\pdraw_wave\test\parkinson\V04PO01.png,1,0.828416,1
pdraw_wave,resnet50,contrast,4,C:\Users\ramti\Desktop\ramtin legion pc\article_project\data\raw\pdraw_wave\test\parkinson\V05PO01.png,1,0.774694,1
pdraw_wave,resnet50,contrast,4,C:\Users\ramti\Desktop\ramtin legion pc\article_project\data\raw\pdraw_wave\test\parkinson\V06PO01.png,1,0.701705,1
pdraw_wave,resnet50,contrast,4,C:\Users\ramti\Desktop\ramtin legion pc\article_project\data\raw\pdraw_wave\test\parkinson\V07PO01.png,1,0.866113,1
pdraw_wave,resnet50,contrast,4,C:\Users\ramti\Desktop\ramtin legion pc\article_project\data\raw\pdraw_wave\test\parkinson\V08PO01.png,1,0.491824,0
pdraw_wave,resnet50,contrast,4,C:\Users\ramti\Desktop\ramtin legion pc\article_project\data\raw\pdraw_wave\test\parkinson\V09PO01.png,1,0.783093,1
pdraw_wave,resnet50,contrast,4,C:\Users\ramti\Desktop\ramtin legion pc\article_project\data\raw\pdraw_wave\test\parkinson\V10PO01.png,1,0.616408,1
pdraw_wave,resnet50,contrast,4,C:\Users\ramti\Desktop\ramtin legion pc\article_project\data\raw\pdraw_wave\test\parkinson\V11PO01.png,1,0.541074,0
pdraw_wave,resnet50,contrast,4,C:\Users\ramti\Desktop\ramtin legion pc\article_project\data\raw\pdraw_wave\test\parkinson\V14PO01.png,1,0.807556,1
pdraw_wave,resnet50,contrast,4,C:\Users\ramti\Desktop\ramtin legion pc\article_project\data\raw\pdraw_wave\test\parkinson\V14PO03.png,1,0.760691,1
pdraw_wave,resnet50,contrast,5,C:\Users\ramti\Desktop\ramtin legion pc\article_project\data\raw\pdraw_wave\test\healthy\V01HO01.png,0,0.599045,0
pdraw_wave,resnet50,contrast,5,C:\Users\ramti\Desktop\ramtin legion pc\article_project\data\raw\pdraw_wave\test\healthy\V02HO01.png,0,0.510902,0
pdraw_wave,resnet50,contrast,5,C:\Users\ramti\Desktop\ramtin legion pc\article_project\data\raw\pdraw_wave\test\healthy\V03HO01.png,0,0.472229,0
pdraw_wave,resnet50,contrast,5,C:\Users\ramti\Desktop\ramtin legion pc\article_project\data\raw\pdraw_wave\test\healthy\V04HO01.png,0,0.470809,0
pdraw_wave,resnet50,contrast,5,C:\Users\ramti\Desktop\ramtin legion pc\article_project\data\raw\pdraw_wave\test\healthy\V05HO01.png,0,0.626150,1
pdraw_wave,resnet50,contrast,5,C:\Users\ramti\Desktop\ramtin legion pc\article_project\data\raw\pdraw_wave\test\healthy\V06HO01.png,0,0.572068,0
pdraw_wave,resnet50,contrast,5,C:\Users\ramti\Desktop\ramtin legion pc\article_project\data\raw\pdraw_wave\test\healthy\V07HO01.png,0,0.437405,0
pdraw_wave,resnet50,contrast,5,C:\Users\ramti\Desktop\ramtin legion pc\article_project\data\raw\pdraw_wave\test\healthy\V08HO01.png,0,0.529182,0
pdraw_wave,resnet50,contrast,5,C:\Users\ramti\Desktop\ramtin legion pc\article_project\data\raw\pdraw_wave\test\healthy\V09HO01.png,0,0.505695,0
pdraw_wave,resnet50,contrast,5,C:\Users\ramti\Desktop\ramtin legion pc\article_project\data\raw\pdraw_wave\test\healthy\V10HO01.png,0,0.556014,0
pdraw_wave,resnet50,contrast,5,C:\Users\ramti\Desktop\ramtin legion pc\article_project\data\raw\pdraw_wave\test\healthy\V11HO01.png,0,0.456829,0
pdraw_wave,resnet50,contrast,5,C:\Users\ramti\Desktop\ramtin legion pc\article_project\data\raw\pdraw_wave\test\healthy\V55HO08.png,0,0.506996,0
pdraw_wave,resnet50,contrast,5,C:\Users\ramti\Desktop\ramtin legion pc\article_project\data\raw\pdraw_wave\test\healthy\V55HO09.png,0,0.528948,0
pdraw_wave,resnet50,contrast,5,C:\Users\ramti\Desktop\ramtin legion pc\article_project\data\raw\pdraw_wave\test\healthy\V55HO10.png,0,0.487388,0
pdraw_wave,resnet50,contrast,5,C:\Users\ramti\Desktop\ramtin legion pc\article_project\data\raw\pdraw_wave\test\healthy\V55HO11.png,0,0.594465,0
pdraw_wave,resnet50,contrast,5,C:\Users\ramti\Desktop\ramtin legion pc\article_project\data\raw\pdraw_wave\test\parkinson\V01PO01.png,1,0.563462,0
pdraw_wave,resnet50,contrast,5,C:\Users\ramti\Desktop\ramtin legion pc\article_project\data\raw\pdraw_wave\test\parkinson\V02PO01.png,1,0.702599,1
pdraw_wave,resnet50,contrast,5,C:\Users\ramti\Desktop\ramtin legion pc\article_project\data\raw\pdraw_wave\test\parkinson\V03PO01.png,1,0.827901,1
pdraw_wave,resnet50,contrast,5,C:\Users\ramti\Desktop\ramtin legion pc\article_project\data\raw\pdraw_wave\test\parkinson\V03PO04.png,1,0.888629,1
pdraw_wave,resnet50,contrast,5,C:\Users\ramti\Desktop\ramtin legion pc\article_project\data\raw\pdraw_wave\test\parkinson\V03PO07.png,1,0.768698,1
pdraw_wave,resnet50,contrast,5,C:\Users\ramti\Desktop\ramtin legion pc\article_project\data\raw\pdraw_wave\test\parkinson\V04PO01.png,1,0.824581,1
pdraw_wave,resnet50,contrast,5,C:\Users\ramti\Desktop\ramtin legion pc\article_project\data\raw\pdraw_wave\test\parkinson\V05PO01.png,1,0.780334,1
pdraw_wave,resnet50,contrast,5,C:\Users\ramti\Desktop\ramtin legion pc\article_project\data\raw\pdraw_wave\test\parkinson\V06PO01.png,1,0.703794,1
pdraw_wave,resnet50,contrast,5,C:\Users\ramti\Desktop\ramtin legion pc\article_project\data\raw\pdraw_wave\test\parkinson\V07PO01.png,1,0.869109,1
pdraw_wave,resnet50,contrast,5,C:\Users\ramti\Desktop\ramtin legion pc\article_project\data\raw\pdraw_wave\test\parkinson\V08PO01.png,1,0.500892,0
pdraw_wave,resnet50,contrast,5,C:\Users\ramti\Desktop\ramtin legion pc\article_project\data\raw\pdraw_wave\test\parkinson\V09PO01.png,1,0.782193,1
pdraw_wave,resnet50,contrast,5,C:\Users\ramti\Desktop\ramtin legion pc\article_project\data\raw\pdraw_wave\test\parkinson\V10PO01.png,1,0.630540,1
pdraw_wave,resnet50,contrast,5,C:\Users\ramti\Desktop\ramtin legion pc\article_project\data\raw\pdraw_wave\test\parkinson\V11PO01.png,1,0.535221,0
pdraw_wave,resnet50,contrast,5,C:\Users\ramti\Desktop\ramtin legion pc\article_project\data\raw\pdraw_wave\test\parkinson\V14PO01.png,1,0.799481,1
pdraw_wave,resnet50,contrast,5,C:\Users\ramti\Desktop\ramtin legion pc\article_project\data\raw\pdraw_wave\test\parkinson\V14PO03.png,1,0.754236,1
pdraw_wave,resnet50,brightness,1,C:\Users\ramti\Desktop\ramtin legion pc\article_project\data\raw\pdraw_wave\test\healthy\V01HO01.png,0,0.553485,0
pdraw_wave,resnet50,brightness,1,C:\Users\ramti\Desktop\ramtin legion pc\article_project\data\raw\pdraw_wave\test\healthy\V02HO01.png,0,0.476640,0
pdraw_wave,resnet50,brightness,1,C:\Users\ramti\Desktop\ramtin legion pc\article_project\data\raw\pdraw_wave\test\healthy\V03HO01.png,0,0.481731,0
pdraw_wave,resnet50,brightness,1,C:\Users\ramti\Desktop\ramtin legion pc\article_project\data\raw\pdraw_wave\test\healthy\V04HO01.png,0,0.466595,0
pdraw_wave,resnet50,brightness,1,C:\Users\ramti\Desktop\ramtin legion pc\article_project\data\raw\pdraw_wave\test\healthy\V05HO01.png,0,0.556738,0
pdraw_wave,resnet50,brightness,1,C:\Users\ramti\Desktop\ramtin legion pc\article_project\data\raw\pdraw_wave\test\healthy\V06HO01.png,0,0.519859,0
pdraw_wave,resnet50,brightness,1,C:\Users\ramti\Desktop\ramtin legion pc\article_project\data\raw\pdraw_wave\test\healthy\V07HO01.png,0,0.458941,0
pdraw_wave,resnet50,brightness,1,C:\Users\ramti\Desktop\ramtin legion pc\article_project\data\raw\pdraw_wave\test\healthy\V08HO01.png,0,0.485840,0
pdraw_wave,resnet50,brightness,1,C:\Users\ramti\Desktop\ramtin legion pc\article_project\data\raw\pdraw_wave\test\healthy\V09HO01.png,0,0.511575,0
pdraw_wave,resnet50,brightness,1,C:\Users\ramti\Desktop\ramtin legion pc\article_project\data\raw\pdraw_wave\test\healthy\V10HO01.png,0,0.501072,0
pdraw_wave,resnet50,brightness,1,C:\Users\ramti\Desktop\ramtin legion pc\article_project\data\raw\pdraw_wave\test\healthy\V11HO01.png,0,0.455576,0
pdraw_wave,resnet50,brightness,1,C:\Users\ramti\Desktop\ramtin legion pc\article_project\data\raw\pdraw_wave\test\healthy\V55HO08.png,0,0.474570,0
pdraw_wave,resnet50,brightness,1,C:\Users\ramti\Desktop\ramtin legion pc\article_project\data\raw\pdraw_wave\test\healthy\V55HO09.png,0,0.535967,0
pdraw_wave,resnet50,brightness,1,C:\Users\ramti\Desktop\ramtin legion pc\article_project\data\raw\pdraw_wave\test\healthy\V55HO10.png,0,0.476416,0
pdraw_wave,resnet50,brightness,1,C:\Users\ramti\Desktop\ramtin legion pc\article_project\data\raw\pdraw_wave\test\healthy\V55HO11.png,0,0.555162,0
pdraw_wave,resnet50,brightness,1,C:\Users\ramti\Desktop\ramtin legion pc\article_project\data\raw\pdraw_wave\test\parkinson\V01PO01.png,1,0.542934,0
pdraw_wave,resnet50,brightness,1,C:\Users\ramti\Desktop\ramtin legion pc\article_project\data\raw\pdraw_wave\test\parkinson\V02PO01.png,1,0.616995,1
pdraw_wave,resnet50,brightness,1,C:\Users\ramti\Desktop\ramtin legion pc\article_project\data\raw\pdraw_wave\test\parkinson\V03PO01.png,1,0.765679,1
pdraw_wave,resnet50,brightness,1,C:\Users\ramti\Desktop\ramtin legion pc\article_project\data\raw\pdraw_wave\test\parkinson\V03PO04.png,1,0.835025,1
pdraw_wave,resnet50,brightness,1,C:\Users\ramti\Desktop\ramtin legion pc\article_project\data\raw\pdraw_wave\test\parkinson\V03PO07.png,1,0.743633,1
pdraw_wave,resnet50,brightness,1,C:\Users\ramti\Desktop\ramtin legion pc\article_project\data\raw\pdraw_wave\test\parkinson\V04PO01.png,1,0.804268,1
pdraw_wave,resnet50,brightness,1,C:\Users\ramti\Desktop\ramtin legion pc\article_project\data\raw\pdraw_wave\test\parkinson\V05PO01.png,1,0.749987,1
pdraw_wave,resnet50,brightness,1,C:\Users\ramti\Desktop\ramtin legion pc\article_project\data\raw\pdraw_wave\test\parkinson\V06PO01.png,1,0.674624,1
pdraw_wave,resnet50,brightness,1,C:\Users\ramti\Desktop\ramtin legion pc\article_project\data\raw\pdraw_wave\test\parkinson\V07PO01.png,1,0.818891,1
pdraw_wave,resnet50,brightness,1,C:\Users\ramti\Desktop\ramtin legion pc\article_project\data\raw\pdraw_wave\test\parkinson\V08PO01.png,1,0.455870,0
pdraw_wave,resnet50,brightness,1,C:\Users\ramti\Desktop\ramtin legion pc\article_project\data\raw\pdraw_wave\test\parkinson\V09PO01.png,1,0.751128,1
pdraw_wave,resnet50,brightness,1,C:\Users\ramti\Desktop\ramtin legion pc\article_project\data\raw\pdraw_wave\test\parkinson\V10PO01.png,1,0.598406,0
pdraw_wave,resnet50,brightness,1,C:\Users\ramti\Desktop\ramtin legion pc\article_project\data\raw\pdraw_wave\test\parkinson\V11PO01.png,1,0.514765,0
pdraw_wave,resnet50,brightness,1,C:\Users\ramti\Desktop\ramtin legion pc\article_project\data\raw\pdraw_wave\test\parkinson\V14PO01.png,1,0.783622,1
pdraw_wave,resnet50,brightness,1,C:\Users\ramti\Desktop\ramtin legion pc\article_project\data\raw\pdraw_wave\test\parkinson\V14PO03.png,1,0.746736,1
pdraw_wave,resnet50,brightness,2,C:\Users\ramti\Desktop\ramtin legion pc\article_project\data\raw\pdraw_wave\test\healthy\V01HO01.png,0,0.582156,0
pdraw_wave,resnet50,brightness,2,C:\Users\ramti\Desktop\ramtin legion pc\article_project\data\raw\pdraw_wave\test\healthy\V02HO01.png,0,0.475111,0
pdraw_wave,resnet50,brightness,2,C:\Users\ramti\Desktop\ramtin legion pc\article_project\data\raw\pdraw_wave\test\healthy\V03HO01.png,0,0.477061,0
pdraw_wave,resnet50,brightness,2,C:\Users\ramti\Desktop\ramtin legion pc\article_project\data\raw\pdraw_wave\test\healthy\V04HO01.png,0,0.467566,0
pdraw_wave,resnet50,brightness,2,C:\Users\ramti\Desktop\ramtin legion pc\article_project\data\raw\pdraw_wave\test\healthy\V05HO01.png,0,0.570797,0
pdraw_wave,resnet50,brightness,2,C:\Users\ramti\Desktop\ramtin legion pc\article_project\data\raw\pdraw_wave\test\healthy\V06HO01.png,0,0.529011,0
pdraw_wave,resnet50,brightness,2,C:\Users\ramti\Desktop\ramtin legion pc\article_project\data\raw\pdraw_wave\test\healthy\V07HO01.png,0,0.451010,0
pdraw_wave,resnet50,brightness,2,C:\Users\ramti\Desktop\ramtin legion pc\article_project\data\raw\pdraw_wave\test\healthy\V08HO01.png,0,0.488213,0
pdraw_wave,resnet50,brightness,2,C:\Users\ramti\Desktop\ramtin legion pc\article_project\data\raw\pdraw_wave\test\healthy\V09HO01.png,0,0.510726,0
pdraw_wave,resnet50,brightness,2,C:\Users\ramti\Desktop\ramtin legion pc\article_project\data\raw\pdraw_wave\test\healthy\V10HO01.png,0,0.519433,0
pdraw_wave,resnet50,brightness,2,C:\Users\ramti\Desktop\ramtin legion pc\article_project\data\raw\pdraw_wave\test\healthy\V11HO01.png,0,0.452061,0
pdraw_wave,resnet50,brightness,2,C:\Users\ramti\Desktop\ramtin legion pc\article_project\data\raw\pdraw_wave\test\healthy\V55HO08.png,0,0.489118,0
pdraw_wave,resnet50,brightness,2,C:\Users\ramti\Desktop\ramtin legion pc\article_project\data\raw\pdraw_wave\test\healthy\V55HO09.png,0,0.545120,0
pdraw_wave,resnet50,brightness,2,C:\Users\ramti\Desktop\ramtin legion pc\article_project\data\raw\pdraw_wave\test\healthy\V55HO10.png,0,0.486389,0
pdraw_wave,resnet50,brightness,2,C:\Users\ramti\Desktop\ramtin legion pc\article_project\data\raw\pdraw_wave\test\healthy\V55HO11.png,0,0.562877,0
pdraw_wave,resnet50,brightness,2,C:\Users\ramti\Desktop\ramtin legion pc\article_project\data\raw\pdraw_wave\test\parkinson\V01PO01.png,1,0.568870,0
pdraw_wave,resnet50,brightness,2,C:\Users\ramti\Desktop\ramtin legion pc\article_project\data\raw\pdraw_wave\test\parkinson\V02PO01.png,1,0.659012,1
pdraw_wave,resnet50,brightness,2,C:\Users\ramti\Desktop\ramtin legion pc\article_project\data\raw\pdraw_wave\test\parkinson\V03PO01.png,1,0.769873,1
pdraw_wave,resnet50,brightness,2,C:\Users\ramti\Desktop\ramtin legion pc\article_project\data\raw\pdraw_wave\test\parkinson\V03PO04.png,1,0.840658,1
pdraw_wave,resnet50,brightness,2,C:\Users\ramti\Desktop\ramtin legion pc\article_project\data\raw\pdraw_wave\test\parkinson\V03PO07.png,1,0.737183,1
pdraw_wave,resnet50,brightness,2,C:\Users\ramti\Desktop\ramtin legion pc\article_project\data\raw\pdraw_wave\test\parkinson\V04PO01.png,1,0.804834,1
pdraw_wave,resnet50,brightness,2,C:\Users\ramti\Desktop\ramtin legion pc\article_project\data\raw\pdraw_wave\test\parkinson\V05PO01.png,1,0.767659,1
pdraw_wave,resnet50,brightness,2,C:\Users\ramti\Desktop\ramtin legion pc\article_project\data\raw\pdraw_wave\test\parkinson\V06PO01.png,1,0.674378,1
pdraw_wave,resnet50,brightness,2,C:\Users\ramti\Desktop\ramtin legion pc\article_project\data\raw\pdraw_wave\test\parkinson\V07PO01.png,1,0.818991,1
pdraw_wave,resnet50,brightness,2,C:\Users\ramti\Desktop\ramtin legion pc\article_project\data\raw\pdraw_wave\test\parkinson\V08PO01.png,1,0.456705,0
pdraw_wave,resnet50,brightness,2,C:\Users\ramti\Desktop\ramtin legion pc\article_project\data\raw\pdraw_wave\test\parkinson\V09PO01.png,1,0.741618,1
pdraw_wave,resnet50,brightness,2,C:\Users\ramti\Desktop\ramtin legion pc\article_project\data\raw\pdraw_wave\test\parkinson\V10PO01.png,1,0.584989,0
pdraw_wave,resnet50,brightness,2,C:\Users\ramti\Desktop\ramtin legion pc\article_project\data\raw\pdraw_wave\test\parkinson\V11PO01.png,1,0.525012,0
pdraw_wave,resnet50,brightness,2,C:\Users\ramti\Desktop\ramtin legion pc\article_project\data\raw\pdraw_wave\test\parkinson\V14PO01.png,1,0.794611,1
pdraw_wave,resnet50,brightness,2,C:\Users\ramti\Desktop\ramtin legion pc\article_project\data\raw\pdraw_wave\test\parkinson\V14PO03.png,1,0.764898,1
pdraw_wave,resnet50,brightness,3,C:\Users\ramti\Desktop\ramtin legion pc\article_project\data\raw\pdraw_wave\test\healthy\V01HO01.png,0,0.593251,0
pdraw_wave,resnet50,brightness,3,C:\Users\ramti\Desktop\ramtin legion pc\article_project\data\raw\pdraw_wave\test\healthy\V02HO01.png,0,0.482658,0
pdraw_wave,resnet50,brightness,3,C:\Users\ramti\Desktop\ramtin legion pc\article_project\data\raw\pdraw_wave\test\healthy\V03HO01.png,0,0.469881,0
pdraw_wave,resnet50,brightness,3,C:\Users\ramti\Desktop\ramtin legion pc\article_project\data\raw\pdraw_wave\test\healthy\V04HO01.png,0,0.462609,0
pdraw_wave,resnet50,brightness,3,C:\Users\ramti\Desktop\ramtin legion pc\article_project\data\raw\pdraw_wave\test\healthy\V05HO01.png,0,0.594868,0
pdraw_wave,resnet50,brightness,3,C:\Users\ramti\Desktop\ramtin legion pc\article_project\data\raw\pdraw_wave\test\healthy\V06HO01.png,0,0.538820,0
pdraw_wave,resnet50,brightness,3,C:\Users\ramti\Desktop\ramtin legion pc\article_project\data\raw\pdraw_wave\test\healthy\V07HO01.png,0,0.449110,0
pdraw_wave,resnet50,brightness,3,C:\Users\ramti\Desktop\ramtin legion pc\article_project\data\raw\pdraw_wave\test\healthy\V08HO01.png,0,0.494764,0
pdraw_wave,resnet50,brightness,3,C:\Users\ramti\Desktop\ramtin legion pc\article_project\data\raw\pdraw_wave\test\healthy\V09HO01.png,0,0.498589,0
pdraw_wave,resnet50,brightness,3,C:\Users\ramti\Desktop\ramtin legion pc\article_project\data\raw\pdraw_wave\test\healthy\V10HO01.png,0,0.531211,0
pdraw_wave,resnet50,brightness,3,C:\Users\ramti\Desktop\ramtin legion pc\article_project\data\raw\pdraw_wave\test\healthy\V11HO01.png,0,0.449980,0
pdraw_wave,resnet50,brightness,3,C:\Users\ramti\Desktop\ramtin legion pc\article_project\data\raw\pdraw_wave\test\healthy\V55HO08.png,0,0.487038,0
pdraw_wave,resnet50,brightness,3,C:\Users\ramti\Desktop\ramtin legion pc\article_project\data\raw\pdraw_wave\test\healthy\V55HO09.png,0,0.530396,0
pdraw_wave,resnet50,brightness,3,C:\Users\ramti\Desktop\ramtin legion pc\article_project\data\raw\pdraw_wave\test\healthy\V55HO10.png,0,0.486198,0
pdraw_wave,resnet50,brightness,3,C:\Users\ramti\Desktop\ramtin legion pc\article_project\data\raw\pdraw_wave\test\healthy\V55HO11.png,0,0.557996,0
pdraw_wave,resnet50,brightness,3,C:\Users\ramti\Desktop\ramtin legion pc\article_project\data\raw\pdraw_wave\test\parkinson\V01PO01.png,1,0.574389,0
pdraw_wave,resnet50,brightness,3,C:\Users\ramti\Desktop\ramtin legion pc\article_project\data\raw\pdraw_wave\test\parkinson\V02PO01.png,1,0.662566,1
pdraw_wave,resnet50,brightness,3,C:\Users\ramti\Desktop\ramtin legion pc\article_project\data\raw\pdraw_wave\test\parkinson\V03PO01.png,1,0.785648,1
pdraw_wave,resnet50,brightness,3,C:\Users\ramti\Desktop\ramtin legion pc\article_project\data\raw\pdraw_wave\test\parkinson\V03PO04.png,1,0.852489,1
pdraw_wave,resnet50,brightness,3,C:\Users\ramti\Desktop\ramtin legion pc\article_project\data\raw\pdraw_wave\test\parkinson\V03PO07.png,1,0.738839,1
pdraw_wave,resnet50,brightness,3,C:\Users\ramti\Desktop\ramtin legion pc\article_project\data\raw\pdraw_wave\test\parkinson\V04PO01.png,1,0.815208,1
pdraw_wave,resnet50,brightness,3,C:\Users\ramti\Desktop\ramtin legion pc\article_project\data\raw\pdraw_wave\test\parkinson\V05PO01.png,1,0.771194,1
pdraw_wave,resnet50,brightness,3,C:\Users\ramti\Desktop\ramtin legion pc\article_project\data\raw\pdraw_wave\test\parkinson\V06PO01.png,1,0.690988,1
pdraw_wave,resnet50,brightness,3,C:\Users\ramti\Desktop\ramtin legion pc\article_project\data\raw\pdraw_wave\test\parkinson\V07PO01.png,1,0.836221,1
pdraw_wave,resnet50,brightness,3,C:\Users\ramti\Desktop\ramtin legion pc\article_project\data\raw\pdraw_wave\test\parkinson\V08PO01.png,1,0.465246,0
pdraw_wave,resnet50,brightness,3,C:\Users\ramti\Desktop\ramtin legion pc\article_project\data\raw\pdraw_wave\test\parkinson\V09PO01.png,1,0.753810,1
pdraw_wave,resnet50,brightness,3,C:\Users\ramti\Desktop\ramtin legion pc\article_project\data\raw\pdraw_wave\test\parkinson\V10PO01.png,1,0.595288,0
pdraw_wave,resnet50,brightness,3,C:\Users\ramti\Desktop\ramtin legion pc\article_project\data\raw\pdraw_wave\test\parkinson\V11PO01.png,1,0.537268,0
pdraw_wave,resnet50,brightness,3,C:\Users\ramti\Desktop\ramtin legion pc\article_project\data\raw\pdraw_wave\test\parkinson\V14PO01.png,1,0.809255,1
pdraw_wave,resnet50,brightness,3,C:\Users\ramti\Desktop\ramtin legion pc\article_project\data\raw\pdraw_wave\test\parkinson\V14PO03.png,1,0.763092,1
pdraw_wave,resnet50,brightness,4,C:\Users\ramti\Desktop\ramtin legion pc\article_project\data\raw\pdraw_wave\test\healthy\V01HO01.png,0,0.490592,0
pdraw_wave,resnet50,brightness,4,C:\Users\ramti\Desktop\ramtin legion pc\article_project\data\raw\pdraw_wave\test\healthy\V02HO01.png,0,0.458487,0
pdraw_wave,resnet50,brightness,4,C:\Users\ramti\Desktop\ramtin legion pc\article_project\data\raw\pdraw_wave\test\healthy\V03HO01.png,0,0.476461,0
pdraw_wave,resnet50,brightness,4,C:\Users\ramti\Desktop\ramtin legion pc\article_project\data\raw\pdraw_wave\test\healthy\V04HO01.png,0,0.464553,0
pdraw_wave,resnet50,brightness,4,C:\Users\ramti\Desktop\ramtin legion pc\article_project\data\raw\pdraw_wave\test\healthy\V05HO01.png,0,0.516020,0
pdraw_wave,resnet50,brightness,4,C:\Users\ramti\Desktop\ramtin legion pc\article_project\data\raw\pdraw_wave\test\healthy\V06HO01.png,0,0.524892,0
pdraw_wave,resnet50,brightness,4,C:\Users\ramti\Desktop\ramtin legion pc\article_project\data\raw\pdraw_wave\test\healthy\V07HO01.png,0,0.471446,0
pdraw_wave,resnet50,brightness,4,C:\Users\ramti\Desktop\ramtin legion pc\article_project\data\raw\pdraw_wave\test\healthy\V08HO01.png,0,0.478673,0
pdraw_wave,resnet50,brightness,4,C:\Users\ramti\Desktop\ramtin legion pc\article_project\data\raw\pdraw_wave\test\healthy\V09HO01.png,0,0.522563,0
pdraw_wave,resnet50,brightness,4,C:\Users\ramti\Desktop\ramtin legion pc\article_project\data\raw\pdraw_wave\test\healthy\V10HO01.png,0,0.491786,0
pdraw_wave,resnet50,brightness,4,C:\Users\ramti\Desktop\ramtin legion pc\article_project\data\raw\pdraw_wave\test\healthy\V11HO01.png,0,0.477530,0
pdraw_wave,resnet50,brightness,4,C:\Users\ramti\Desktop\ramtin legion pc\article_project\data\raw\pdraw_wave\test\healthy\V55HO08.png,0,0.510549,0
pdraw_wave,resnet50,brightness,4,C:\Users\ramti\Desktop\ramtin legion pc\article_project\data\raw\pdraw_wave\test\healthy\V55HO09.png,0,0.488523,0
pdraw_wave,resnet50,brightness,4,C:\Users\ramti\Desktop\ramtin legion pc\article_project\data\raw\pdraw_wave\test\healthy\V55HO10.png,0,0.452840,0
pdraw_wave,resnet50,brightness,4,C:\Users\ramti\Desktop\ramtin legion pc\article_project\data\raw\pdraw_wave\test\healthy\V55HO11.png,0,0.499491,0
pdraw_wave,resnet50,brightness,4,C:\Users\ramti\Desktop\ramtin legion pc\article_project\data\raw\pdraw_wave\test\parkinson\V01PO01.png,1,0.522813,0
pdraw_wave,resnet50,brightness,4,C:\Users\ramti\Desktop\ramtin legion pc\article_project\data\raw\pdraw_wave\test\parkinson\V02PO01.png,1,0.584817,0
pdraw_wave,resnet50,brightness,4,C:\Users\ramti\Desktop\ramtin legion pc\article_project\data\raw\pdraw_wave\test\parkinson\V03PO01.png,1,0.728776,1
pdraw_wave,resnet50,brightness,4,C:\Users\ramti\Desktop\ramtin legion pc\article_project\data\raw\pdraw_wave\test\parkinson\V03PO04.png,1,0.684234,1
pdraw_wave,resnet50,brightness,4,C:\Users\ramti\Desktop\ramtin legion pc\article_project\data\raw\pdraw_wave\test\parkinson\V03PO07.png,1,0.705484,1
pdraw_wave,resnet50,brightness,4,C:\Users\ramti\Desktop\ramtin legion pc\article_project\data\raw\pdraw_wave\test\parkinson\V04PO01.png,1,0.710056,1
pdraw_wave,resnet50,brightness,4,C:\Users\ramti\Desktop\ramtin legion pc\article_project\data\raw\pdraw_wave\test\parkinson\V05PO01.png,1,0.721171,1
pdraw_wave,resnet50,brightness,4,C:\Users\ramti\Desktop\ramtin legion pc\article_project\data\raw\pdraw_wave\test\parkinson\V06PO01.png,1,0.598629,0
pdraw_wave,resnet50,brightness,4,C:\Users\ramti\Desktop\ramtin legion pc\article_project\data\raw\pdraw_wave\test\parkinson\V07PO01.png,1,0.792157,1
pdraw_wave,resnet50,brightness,4,C:\Users\ramti\Desktop\ramtin legion pc\article_project\data\raw\pdraw_wave\test\parkinson\V08PO01.png,1,0.438491,0
pdraw_wave,resnet50,brightness,4,C:\Users\ramti\Desktop\ramtin legion pc\article_project\data\raw\pdraw_wave\test\parkinson\V09PO01.png,1,0.756520,1
pdraw_wave,resnet50,brightness,4,C:\Users\ramti\Desktop\ramtin legion pc\article_project\data\raw\pdraw_wave\test\parkinson\V10PO01.png,1,0.532562,0
pdraw_wave,resnet50,brightness,4,C:\Users\ramti\Desktop\ramtin legion pc\article_project\data\raw\pdraw_wave\test\parkinson\V11PO01.png,1,0.505491,0
pdraw_wave,resnet50,brightness,4,C:\Users\ramti\Desktop\ramtin legion pc\article_project\data\raw\pdraw_wave\test\parkinson\V14PO01.png,1,0.749494,1
pdraw_wave,resnet50,brightness,4,C:\Users\ramti\Desktop\ramtin legion pc\article_project\data\raw\pdraw_wave\test\parkinson\V14PO03.png,1,0.674384,1
pdraw_wave,resnet50,brightness,5,C:\Users\ramti\Desktop\ramtin legion pc\article_project\data\raw\pdraw_wave\test\healthy\V01HO01.png,0,0.484422,0
pdraw_wave,resnet50,brightness,5,C:\Users\ramti\Desktop\ramtin legion pc\article_project\data\raw\pdraw_wave\test\healthy\V02HO01.png,0,0.457530,0
pdraw_wave,resnet50,brightness,5,C:\Users\ramti\Desktop\ramtin legion pc\article_project\data\raw\pdraw_wave\test\healthy\V03HO01.png,0,0.494541,0
pdraw_wave,resnet50,brightness,5,C:\Users\ramti\Desktop\ramtin legion pc\article_project\data\raw\pdraw_wave\test\healthy\V04HO01.png,0,0.469307,0
pdraw_wave,resnet50,brightness,5,C:\Users\ramti\Desktop\ramtin legion pc\article_project\data\raw\pdraw_wave\test\healthy\V05HO01.png,0,0.526124,0
pdraw_wave,resnet50,brightness,5,C:\Users\ramti\Desktop\ramtin legion pc\article_project\data\raw\pdraw_wave\test\healthy\V06HO01.png,0,0.571999,0
pdraw_wave,resnet50,brightness,5,C:\Users\ramti\Desktop\ramtin legion pc\article_project\data\raw\pdraw_wave\test\healthy\V07HO01.png,0,0.508927,0
pdraw_wave,resnet50,brightness,5,C:\Users\ramti\Desktop\ramtin legion pc\article_project\data\raw\pdraw_wave\test\healthy\V08HO01.png,0,0.481337,0
pdraw_wave,resnet50,brightness,5,C:\Users\ramti\Desktop\ramtin legion pc\article_project\data\raw\pdraw_wave\test\healthy\V09HO01.png,0,0.512978,0
pdraw_wave,resnet50,brightness,5,C:\Users\ramti\Desktop\ramtin legion pc\article_project\data\raw\pdraw_wave\test\healthy\V10HO01.png,0,0.488225,0
pdraw_wave,resnet50,brightness,5,C:\Users\ramti\Desktop\ramtin legion pc\article_project\data\raw\pdraw_wave\test\healthy\V11HO01.png,0,0.489319,0
pdraw_wave,resnet50,brightness,5,C:\Users\ramti\Desktop\ramtin legion pc\article_project\data\raw\pdraw_wave\test\healthy\V55HO08.png,0,0.509552,0
pdraw_wave,resnet50,brightness,5,C:\Users\ramti\Desktop\ramtin legion pc\article_project\data\raw\pdraw_wave\test\healthy\V55HO09.png,0,0.495495,0
pdraw_wave,resnet50,brightness,5,C:\Users\ramti\Desktop\ramtin legion pc\article_project\data\raw\pdraw_wave\test\healthy\V55HO10.png,0,0.459086,0
pdraw_wave,resnet50,brightness,5,C:\Users\ramti\Desktop\ramtin legion pc\article_project\data\raw\pdraw_wave\test\healthy\V55HO11.png,0,0.497869,0
pdraw_wave,resnet50,brightness,5,C:\Users\ramti\Desktop\ramtin legion pc\article_project\data\raw\pdraw_wave\test\parkinson\V01PO01.png,1,0.556399,0
pdraw_wave,resnet50,brightness,5,C:\Users\ramti\Desktop\ramtin legion pc\article_project\data\raw\pdraw_wave\test\parkinson\V02PO01.png,1,0.592706,0
pdraw_wave,resnet50,brightness,5,C:\Users\ramti\Desktop\ramtin legion pc\article_project\data\raw\pdraw_wave\test\parkinson\V03PO01.png,1,0.683567,1
pdraw_wave,resnet50,brightness,5,C:\Users\ramti\Desktop\ramtin legion pc\article_project\data\raw\pdraw_wave\test\parkinson\V03PO04.png,1,0.703588,1
pdraw_wave,resnet50,brightness,5,C:\Users\ramti\Desktop\ramtin legion pc\article_project\data\raw\pdraw_wave\test\parkinson\V03PO07.png,1,0.636377,1
pdraw_wave,resnet50,brightness,5,C:\Users\ramti\Desktop\ramtin legion pc\article_project\data\raw\pdraw_wave\test\parkinson\V04PO01.png,1,0.693104,1
pdraw_wave,resnet50,brightness,5,C:\Users\ramti\Desktop\ramtin legion pc\article_project\data\raw\pdraw_wave\test\parkinson\V05PO01.png,1,0.703964,1
pdraw_wave,resnet50,brightness,5,C:\Users\ramti\Desktop\ramtin legion pc\article_project\data\raw\pdraw_wave\test\parkinson\V06PO01.png,1,0.605420,1
pdraw_wave,resnet50,brightness,5,C:\Users\ramti\Desktop\ramtin legion pc\article_project\data\raw\pdraw_wave\test\parkinson\V07PO01.png,1,0.794681,1
pdraw_wave,resnet50,brightness,5,C:\Users\ramti\Desktop\ramtin legion pc\article_project\data\raw\pdraw_wave\test\parkinson\V08PO01.png,1,0.441833,0
pdraw_wave,resnet50,brightness,5,C:\Users\ramti\Desktop\ramtin legion pc\article_project\data\raw\pdraw_wave\test\parkinson\V09PO01.png,1,0.754040,1
pdraw_wave,resnet50,brightness,5,C:\Users\ramti\Desktop\ramtin legion pc\article_project\data\raw\pdraw_wave\test\parkinson\V10PO01.png,1,0.519641,0
pdraw_wave,resnet50,brightness,5,C:\Users\ramti\Desktop\ramtin legion pc\article_project\data\raw\pdraw_wave\test\parkinson\V11PO01.png,1,0.513030,0
pdraw_wave,resnet50,brightness,5,C:\Users\ramti\Desktop\ramtin legion pc\article_project\data\raw\pdraw_wave\test\parkinson\V14PO01.png,1,0.734748,1
pdraw_wave,resnet50,brightness,5,C:\Users\ramti\Desktop\ramtin legion pc\article_project\data\raw\pdraw_wave\test\parkinson\V14PO03.png,1,0.668476,1
pdraw_wave,resnet50,shadow,1,C:\Users\ramti\Desktop\ramtin legion pc\article_project\data\raw\pdraw_wave\test\healthy\V01HO01.png,0,0.596777,0
pdraw_wave,resnet50,shadow,1,C:\Users\ramti\Desktop\ramtin legion pc\article_project\data\raw\pdraw_wave\test\healthy\V02HO01.png,0,0.486940,0
pdraw_wave,resnet50,shadow,1,C:\Users\ramti\Desktop\ramtin legion pc\article_project\data\raw\pdraw_wave\test\healthy\V03HO01.png,0,0.475578,0
pdraw_wave,resnet50,shadow,1,C:\Users\ramti\Desktop\ramtin legion pc\article_project\data\raw\pdraw_wave\test\healthy\V04HO01.png,0,0.460787,0
pdraw_wave,resnet50,shadow,1,C:\Users\ramti\Desktop\ramtin legion pc\article_project\data\raw\pdraw_wave\test\healthy\V05HO01.png,0,0.602309,1
pdraw_wave,resnet50,shadow,1,C:\Users\ramti\Desktop\ramtin legion pc\article_project\data\raw\pdraw_wave\test\healthy\V06HO01.png,0,0.562907,0
pdraw_wave,resnet50,shadow,1,C:\Users\ramti\Desktop\ramtin legion pc\article_project\data\raw\pdraw_wave\test\healthy\V07HO01.png,0,0.450329,0
pdraw_wave,resnet50,shadow,1,C:\Users\ramti\Desktop\ramtin legion pc\article_project\data\raw\pdraw_wave\test\healthy\V08HO01.png,0,0.498741,0
pdraw_wave,resnet50,shadow,1,C:\Users\ramti\Desktop\ramtin legion pc\article_project\data\raw\pdraw_wave\test\healthy\V09HO01.png,0,0.500266,0
pdraw_wave,resnet50,shadow,1,C:\Users\ramti\Desktop\ramtin legion pc\article_project\data\raw\pdraw_wave\test\healthy\V10HO01.png,0,0.532585,0
pdraw_wave,resnet50,shadow,1,C:\Users\ramti\Desktop\ramtin legion pc\article_project\data\raw\pdraw_wave\test\healthy\V11HO01.png,0,0.450819,0
pdraw_wave,resnet50,shadow,1,C:\Users\ramti\Desktop\ramtin legion pc\article_project\data\raw\pdraw_wave\test\healthy\V55HO08.png,0,0.485553,0
pdraw_wave,resnet50,shadow,1,C:\Users\ramti\Desktop\ramtin legion pc\article_project\data\raw\pdraw_wave\test\healthy\V55HO09.png,0,0.512643,0
pdraw_wave,resnet50,shadow,1,C:\Users\ramti\Desktop\ramtin legion pc\article_project\data\raw\pdraw_wave\test\healthy\V55HO10.png,0,0.479095,0
pdraw_wave,resnet50,shadow,1,C:\Users\ramti\Desktop\ramtin legion pc\article_project\data\raw\pdraw_wave\test\healthy\V55HO11.png,0,0.549445,0
pdraw_wave,resnet50,shadow,1,C:\Users\ramti\Desktop\ramtin legion pc\article_project\data\raw\pdraw_wave\test\parkinson\V01PO01.png,1,0.561949,0
pdraw_wave,resnet50,shadow,1,C:\Users\ramti\Desktop\ramtin legion pc\article_project\data\raw\pdraw_wave\test\parkinson\V02PO01.png,1,0.668786,1
pdraw_wave,resnet50,shadow,1,C:\Users\ramti\Desktop\ramtin legion pc\article_project\data\raw\pdraw_wave\test\parkinson\V03PO01.png,1,0.800686,1
pdraw_wave,resnet50,shadow,1,C:\Users\ramti\Desktop\ramtin legion pc\article_project\data\raw\pdraw_wave\test\parkinson\V03PO04.png,1,0.862261,1
pdraw_wave,resnet50,shadow,1,C:\Users\ramti\Desktop\ramtin legion pc\article_project\data\raw\pdraw_wave\test\parkinson\V03PO07.png,1,0.736708,1
pdraw_wave,resnet50,shadow,1,C:\Users\ramti\Desktop\ramtin legion pc\article_project\data\raw\pdraw_wave\test\parkinson\V04PO01.png,1,0.814877,1
pdraw_wave,resnet50,shadow,1,C:\Users\ramti\Desktop\ramtin legion pc\article_project\data\raw\pdraw_wave\test\parkinson\V05PO01.png,1,0.768909,1
pdraw_wave,resnet50,shadow,1,C:\Users\ramti\Desktop\ramtin legion pc\article_project\data\raw\pdraw_wave\test\parkinson\V06PO01.png,1,0.698393,1
pdraw_wave,resnet50,shadow,1,C:\Users\ramti\Desktop\ramtin legion pc\article_project\data\raw\pdraw_wave\test\parkinson\V07PO01.png,1,0.845306,1
pdraw_wave,resnet50,shadow,1,C:\Users\ramti\Desktop\ramtin legion pc\article_project\data\raw\pdraw_wave\test\parkinson\V08PO01.png,1,0.471581,0
pdraw_wave,resnet50,shadow,1,C:\Users\ramti\Desktop\ramtin legion pc\article_project\data\raw\pdraw_wave\test\parkinson\V09PO01.png,1,0.768481,1
pdraw_wave,resnet50,shadow,1,C:\Users\ramti\Desktop\ramtin legion pc\article_project\data\raw\pdraw_wave\test\parkinson\V10PO01.png,1,0.608135,1
pdraw_wave,resnet50,shadow,1,C:\Users\ramti\Desktop\ramtin legion pc\article_project\data\raw\pdraw_wave\test\parkinson\V11PO01.png,1,0.554006,0
pdraw_wave,resnet50,shadow,1,C:\Users\ramti\Desktop\ramtin legion pc\article_project\data\raw\pdraw_wave\test\parkinson\V14PO01.png,1,0.810298,1
pdraw_wave,resnet50,shadow,1,C:\Users\ramti\Desktop\ramtin legion pc\article_project\data\raw\pdraw_wave\test\parkinson\V14PO03.png,1,0.766050,1
pdraw_wave,resnet50,shadow,2,C:\Users\ramti\Desktop\ramtin legion pc\article_project\data\raw\pdraw_wave\test\healthy\V01HO01.png,0,0.595138,0
pdraw_wave,resnet50,shadow,2,C:\Users\ramti\Desktop\ramtin legion pc\article_project\data\raw\pdraw_wave\test\healthy\V02HO01.png,0,0.488740,0
pdraw_wave,resnet50,shadow,2,C:\Users\ramti\Desktop\ramtin legion pc\article_project\data\raw\pdraw_wave\test\healthy\V03HO01.png,0,0.485497,0
pdraw_wave,resnet50,shadow,2,C:\Users\ramti\Desktop\ramtin legion pc\article_project\data\raw\pdraw_wave\test\healthy\V04HO01.png,0,0.463774,0
pdraw_wave,resnet50,shadow,2,C:\Users\ramti\Desktop\ramtin legion pc\article_project\data\raw\pdraw_wave\test\healthy\V05HO01.png,0,0.606005,1
pdraw_wave,resnet50,shadow,2,C:\Users\ramti\Desktop\ramtin legion pc\article_project\data\raw\pdraw_wave\test\healthy\V06HO01.png,0,0.581618,0
pdraw_wave,resnet50,shadow,2,C:\Users\ramti\Desktop\ramtin legion pc\article_project\data\raw\pdraw_wave\test\healthy\V07HO01.png,0,0.464014,0
pdraw_wave,resnet50,shadow,2,C:\Users\ramti\Desktop\ramtin legion pc\article_project\data\raw\pdraw_wave\test\healthy\V08HO01.png,0,0.493216,0
pdraw_wave,resnet50,shadow,2,C:\Users\ramti\Desktop\ramtin legion pc\article_project\data\raw\pdraw_wave\test\healthy\V09HO01.png,0,0.508439,0
pdraw_wave,resnet50,shadow,2,C:\Users\ramti\Desktop\ramtin legion pc\article_project\data\raw\pdraw_wave\test\healthy\V10HO01.png,0,0.543514,0
pdraw_wave,resnet50,shadow,2,C:\Users\ramti\Desktop\ramtin legion pc\article_project\data\raw\pdraw_wave\test\healthy\V11HO01.png,0,0.450534,0
pdraw_wave,resnet50,shadow,2,C:\Users\ramti\Desktop\ramtin legion pc\article_project\data\raw\pdraw_wave\test\healthy\V55HO08.png,0,0.495990,0
pdraw_wave,resnet50,shadow,2,C:\Users\ramti\Desktop\ramtin legion pc\article_project\data\raw\pdraw_wave\test\healthy\V55HO09.png,0,0.520058,0
pdraw_wave,resnet50,shadow,2,C:\Users\ramti\Desktop\ramtin legion pc\article_project\data\raw\pdraw_wave\test\healthy\V55HO10.png,0,0.493436,0
pdraw_wave,resnet50,shadow,2,C:\Users\ramti\Desktop\ramtin legion pc\article_project\data\raw\pdraw_wave\test\healthy\V55HO11.png,0,0.550228,0
pdraw_wave,resnet50,shadow,2,C:\Users\ramti\Desktop\ramtin legion pc\article_project\data\raw\pdraw_wave\test\parkinson\V01PO01.png,1,0.559452,0
pdraw_wave,resnet50,shadow,2,C:\Users\ramti\Desktop\ramtin legion pc\article_project\data\raw\pdraw_wave\test\parkinson\V02PO01.png,1,0.676115,1
pdraw_wave,resnet50,shadow,2,C:\Users\ramti\Desktop\ramtin legion pc\article_project\data\raw\pdraw_wave\test\parkinson\V03PO01.png,1,0.792996,1
pdraw_wave,resnet50,shadow,2,C:\Users\ramti\Desktop\ramtin legion pc\article_project\data\raw\pdraw_wave\test\parkinson\V03PO04.png,1,0.847711,1
pdraw_wave,resnet50,shadow,2,C:\Users\ramti\Desktop\ramtin legion pc\article_project\data\raw\pdraw_wave\test\parkinson\V03PO07.png,1,0.721144,1
pdraw_wave,resnet50,shadow,2,C:\Users\ramti\Desktop\ramtin legion pc\article_project\data\raw\pdraw_wave\test\parkinson\V04PO01.png,1,0.798731,1
pdraw_wave,resnet50,shadow,2,C:\Users\ramti\Desktop\ramtin legion pc\article_project\data\raw\pdraw_wave\test\parkinson\V05PO01.png,1,0.753587,1
pdraw_wave,resnet50,shadow,2,C:\Users\ramti\Desktop\ramtin legion pc\article_project\data\raw\pdraw_wave\test\parkinson\V06PO01.png,1,0.675384,1
pdraw_wave,resnet50,shadow,2,C:\Users\ramti\Desktop\ramtin legion pc\article_project\data\raw\pdraw_wave\test\parkinson\V07PO01.png,1,0.817346,1
pdraw_wave,resnet50,shadow,2,C:\Users\ramti\Desktop\ramtin legion pc\article_project\data\raw\pdraw_wave\test\parkinson\V08PO01.png,1,0.471933,0
pdraw_wave,resnet50,shadow,2,C:\Users\ramti\Desktop\ramtin legion pc\article_project\data\raw\pdraw_wave\test\parkinson\V09PO01.png,1,0.751016,1
pdraw_wave,resnet50,shadow,2,C:\Users\ramti\Desktop\ramtin legion pc\article_project\data\raw\pdraw_wave\test\parkinson\V10PO01.png,1,0.623646,1
pdraw_wave,resnet50,shadow,2,C:\Users\ramti\Desktop\ramtin legion pc\article_project\data\raw\pdraw_wave\test\parkinson\V11PO01.png,1,0.555485,0
pdraw_wave,resnet50,shadow,2,C:\Users\ramti\Desktop\ramtin legion pc\article_project\data\raw\pdraw_wave\test\parkinson\V14PO01.png,1,0.796473,1
pdraw_wave,resnet50,shadow,2,C:\Users\ramti\Desktop\ramtin legion pc\article_project\data\raw\pdraw_wave\test\parkinson\V14PO03.png,1,0.754873,1
pdraw_wave,resnet50,shadow,3,C:\Users\ramti\Desktop\ramtin legion pc\article_project\data\raw\pdraw_wave\test\healthy\V01HO01.png,0,0.599003,0
pdraw_wave,resnet50,shadow,3,C:\Users\ramti\Desktop\ramtin legion pc\article_project\data\raw\pdraw_wave\test\healthy\V02HO01.png,0,0.493026,0
pdraw_wave,resnet50,shadow,3,C:\Users\ramti\Desktop\ramtin legion pc\article_project\data\raw\pdraw_wave\test\healthy\V03HO01.png,0,0.497461,0
pdraw_wave,resnet50,shadow,3,C:\Users\ramti\Desktop\ramtin legion pc\article_project\data\raw\pdraw_wave\test\healthy\V04HO01.png,0,0.467399,0
pdraw_wave,resnet50,shadow,3,C:\Users\ramti\Desktop\ramtin legion pc\article_project\data\raw\pdraw_wave\test\healthy\V05HO01.png,0,0.605770,1
pdraw_wave,resnet50,shadow,3,C:\Users\ramti\Desktop\ramtin legion pc\article_project\data\raw\pdraw_wave\test\healthy\V06HO01.png,0,0.579178,0
pdraw_wave,resnet50,shadow,3,C:\Users\ramti\Desktop\ramtin legion pc\article_project\data\raw\pdraw_wave\test\healthy\V07HO01.png,0,0.471632,0
pdraw_wave,resnet50,shadow,3,C:\Users\ramti\Desktop\ramtin legion pc\article_project\data\raw\pdraw_wave\test\healthy\V08HO01.png,0,0.504307,0
pdraw_wave,resnet50,shadow,3,C:\Users\ramti\Desktop\ramtin legion pc\article_project\data\raw\pdraw_wave\test\healthy\V09HO01.png,0,0.509234,0
pdraw_wave,resnet50,shadow,3,C:\Users\ramti\Desktop\ramtin legion pc\article_project\data\raw\pdraw_wave\test\healthy\V10HO01.png,0,0.539593,0
pdraw_wave,resnet50,shadow,3,C:\Users\ramti\Desktop\ramtin legion pc\article_project\data\raw\pdraw_wave\test\healthy\V11HO01.png,0,0.458044,0
pdraw_wave,resnet50,shadow,3,C:\Users\ramti\Desktop\ramtin legion pc\article_project\data\raw\pdraw_wave\test\healthy\V55HO08.png,0,0.504504,0
pdraw_wave,resnet50,shadow,3,C:\Users\ramti\Desktop\ramtin legion pc\article_project\data\raw\pdraw_wave\test\healthy\V55HO09.png,0,0.532631,0
pdraw_wave,resnet50,shadow,3,C:\Users\ramti\Desktop\ramtin legion pc\article_project\data\raw\pdraw_wave\test\healthy\V55HO10.png,0,0.502526,0
pdraw_wave,resnet50,shadow,3,C:\Users\ramti\Desktop\ramtin legion pc\article_project\data\raw\pdraw_wave\test\healthy\V55HO11.png,0,0.553573,0
pdraw_wave,resnet50,shadow,3,C:\Users\ramti\Desktop\ramtin legion pc\article_project\data\raw\pdraw_wave\test\parkinson\V01PO01.png,1,0.549009,0
pdraw_wave,resnet50,shadow,3,C:\Users\ramti\Desktop\ramtin legion pc\article_project\data\raw\pdraw_wave\test\parkinson\V02PO01.png,1,0.651023,1
pdraw_wave,resnet50,shadow,3,C:\Users\ramti\Desktop\ramtin legion pc\article_project\data\raw\pdraw_wave\test\parkinson\V03PO01.png,1,0.773446,1
pdraw_wave,resnet50,shadow,3,C:\Users\ramti\Desktop\ramtin legion pc\article_project\data\raw\pdraw_wave\test\parkinson\V03PO04.png,1,0.821391,1
pdraw_wave,resnet50,shadow,3,C:\Users\ramti\Desktop\ramtin legion pc\article_project\data\raw\pdraw_wave\test\parkinson\V03PO07.png,1,0.685430,1
pdraw_wave,resnet50,shadow,3,C:\Users\ramti\Desktop\ramtin legion pc\article_project\data\raw\pdraw_wave\test\parkinson\V04PO01.png,1,0.779957,1
pdraw_wave,resnet50,shadow,3,C:\Users\ramti\Desktop\ramtin legion pc\article_project\data\raw\pdraw_wave\test\parkinson\V05PO01.png,1,0.726151,1
pdraw_wave,resnet50,shadow,3,C:\Users\ramti\Desktop\ramtin legion pc\article_project\data\raw\pdraw_wave\test\parkinson\V06PO01.png,1,0.658352,1
pdraw_wave,resnet50,shadow,3,C:\Users\ramti\Desktop\ramtin legion pc\article_project\data\raw\pdraw_wave\test\parkinson\V07PO01.png,1,0.797452,1
pdraw_wave,resnet50,shadow,3,C:\Users\ramti\Desktop\ramtin legion pc\article_project\data\raw\pdraw_wave\test\parkinson\V08PO01.png,1,0.471941,0
pdraw_wave,resnet50,shadow,3,C:\Users\ramti\Desktop\ramtin legion pc\article_project\data\raw\pdraw_wave\test\parkinson\V09PO01.png,1,0.730764,1
pdraw_wave,resnet50,shadow,3,C:\Users\ramti\Desktop\ramtin legion pc\article_project\data\raw\pdraw_wave\test\parkinson\V10PO01.png,1,0.612026,1
pdraw_wave,resnet50,shadow,3,C:\Users\ramti\Desktop\ramtin legion pc\article_project\data\raw\pdraw_wave\test\parkinson\V11PO01.png,1,0.560617,0
pdraw_wave,resnet50,shadow,3,C:\Users\ramti\Desktop\ramtin legion pc\article_project\data\raw\pdraw_wave\test\parkinson\V14PO01.png,1,0.758363,1
pdraw_wave,resnet50,shadow,3,C:\Users\ramti\Desktop\ramtin legion pc\article_project\data\raw\pdraw_wave\test\parkinson\V14PO03.png,1,0.745322,1
pdraw_wave,resnet50,shadow,4,C:\Users\ramti\Desktop\ramtin legion pc\article_project\data\raw\pdraw_wave\test\healthy\V01HO01.png,0,0.597206,0
pdraw_wave,resnet50,shadow,4,C:\Users\ramti\Desktop\ramtin legion pc\article_project\data\raw\pdraw_wave\test\healthy\V02HO01.png,0,0.497936,0
pdraw_wave,resnet50,shadow,4,C:\Users\ramti\Desktop\ramtin legion pc\article_project\data\raw\pdraw_wave\test\healthy\V03HO01.png,0,0.503235,0
pdraw_wave,resnet50,shadow,4,C:\Users\ramti\Desktop\ramtin legion pc\article_project\data\raw\pdraw_wave\test\healthy\V04HO01.png,0,0.472695,0
pdraw_wave,resnet50,shadow,4,C:\Users\ramti\Desktop\ramtin legion pc\article_project\data\raw\pdraw_wave\test\healthy\V05HO01.png,0,0.606186,1
pdraw_wave,resnet50,shadow,4,C:\Users\ramti\Desktop\ramtin legion pc\article_project\data\raw\pdraw_wave\test\healthy\V06HO01.png,0,0.553142,0
pdraw_wave,resnet50,shadow,4,C:\Users\ramti\Desktop\ramtin legion pc\article_project\data\raw\pdraw_wave\test\healthy\V07HO01.png,0,0.479248,0
pdraw_wave,resnet50,shadow,4,C:\Users\ramti\Desktop\ramtin legion pc\article_project\data\raw\pdraw_wave\test\healthy\V08HO01.png,0,0.502977,0
pdraw_wave,resnet50,shadow,4,C:\Users\ramti\Desktop\ramtin legion pc\article_project\data\raw\pdraw_wave\test\healthy\V09HO01.png,0,0.510593,0
pdraw_wave,resnet50,shadow,4,C:\Users\ramti\Desktop\ramtin legion pc\article_project\data\raw\pdraw_wave\test\healthy\V10HO01.png,0,0.524263,0
pdraw_wave,resnet50,shadow,4,C:\Users\ramti\Desktop\ramtin legion pc\article_project\data\raw\pdraw_wave\test\healthy\V11HO01.png,0,0.463196,0
pdraw_wave,resnet50,shadow,4,C:\Users\ramti\Desktop\ramtin legion pc\article_project\data\raw\pdraw_wave\test\healthy\V55HO08.png,0,0.503840,0
pdraw_wave,resnet50,shadow,4,C:\Users\ramti\Desktop\ramtin legion pc\article_project\data\raw\pdraw_wave\test\healthy\V55HO09.png,0,0.538925,0
pdraw_wave,resnet50,shadow,4,C:\Users\ramti\Desktop\ramtin legion pc\article_project\data\raw\pdraw_wave\test\healthy\V55HO10.png,0,0.505452,0
pdraw_wave,resnet50,shadow,4,C:\Users\ramti\Desktop\ramtin legion pc\article_project\data\raw\pdraw_wave\test\healthy\V55HO11.png,0,0.556371,0
pdraw_wave,resnet50,shadow,4,C:\Users\ramti\Desktop\ramtin legion pc\article_project\data\raw\pdraw_wave\test\parkinson\V01PO01.png,1,0.541613,0
pdraw_wave,resnet50,shadow,4,C:\Users\ramti\Desktop\ramtin legion pc\article_project\data\raw\pdraw_wave\test\parkinson\V02PO01.png,1,0.651893,1
pdraw_wave,resnet50,shadow,4,C:\Users\ramti\Desktop\ramtin legion pc\article_project\data\raw\pdraw_wave\test\parkinson\V03PO01.png,1,0.745089,1
pdraw_wave,resnet50,shadow,4,C:\Users\ramti\Desktop\ramtin legion pc\article_project\data\raw\pdraw_wave\test\parkinson\V03PO04.png,1,0.812659,1
pdraw_wave,resnet50,shadow,4,C:\Users\ramti\Desktop\ramtin legion pc\article_project\data\raw\pdraw_wave\test\parkinson\V03PO07.png,1,0.662301,1
pdraw_wave,resnet50,shadow,4,C:\Users\ramti\Desktop\ramtin legion pc\article_project\data\raw\pdraw_wave\test\parkinson\V04PO01.png,1,0.765362,1
pdraw_wave,resnet50,shadow,4,C:\Users\ramti\Desktop\ramtin legion pc\article_project\data\raw\pdraw_wave\test\parkinson\V05PO01.png,1,0.704844,1
pdraw_wave,resnet50,shadow,4,C:\Users\ramti\Desktop\ramtin legion pc\article_project\data\raw\pdraw_wave\test\parkinson\V06PO01.png,1,0.635798,1
pdraw_wave,resnet50,shadow,4,C:\Users\ramti\Desktop\ramtin legion pc\article_project\data\raw\pdraw_wave\test\parkinson\V07PO01.png,1,0.780739,1
pdraw_wave,resnet50,shadow,4,C:\Users\ramti\Desktop\ramtin legion pc\article_project\data\raw\pdraw_wave\test\parkinson\V08PO01.png,1,0.467558,0
pdraw_wave,resnet50,shadow,4,C:\Users\ramti\Desktop\ramtin legion pc\article_project\data\raw\pdraw_wave\test\parkinson\V09PO01.png,1,0.710879,1
pdraw_wave,resnet50,shadow,4,C:\Users\ramti\Desktop\ramtin legion pc\article_project\data\raw\pdraw_wave\test\parkinson\V10PO01.png,1,0.612428,1
pdraw_wave,resnet50,shadow,4,C:\Users\ramti\Desktop\ramtin legion pc\article_project\data\raw\pdraw_wave\test\parkinson\V11PO01.png,1,0.539969,0
pdraw_wave,resnet50,shadow,4,C:\Users\ramti\Desktop\ramtin legion pc\article_project\data\raw\pdraw_wave\test\parkinson\V14PO01.png,1,0.732114,1
pdraw_wave,resnet50,shadow,4,C:\Users\ramti\Desktop\ramtin legion pc\article_project\data\raw\pdraw_wave\test\parkinson\V14PO03.png,1,0.727279,1
pdraw_wave,resnet50,shadow,5,C:\Users\ramti\Desktop\ramtin legion pc\article_project\data\raw\pdraw_wave\test\healthy\V01HO01.png,0,0.594780,0
pdraw_wave,resnet50,shadow,5,C:\Users\ramti\Desktop\ramtin legion pc\article_project\data\raw\pdraw_wave\test\healthy\V02HO01.png,0,0.496845,0
pdraw_wave,resnet50,shadow,5,C:\Users\ramti\Desktop\ramtin legion pc\article_project\data\raw\pdraw_wave\test\healthy\V03HO01.png,0,0.500178,0
pdraw_wave,resnet50,shadow,5,C:\Users\ramti\Desktop\ramtin legion pc\article_project\data\raw\pdraw_wave\test\healthy\V04HO01.png,0,0.472717,0
pdraw_wave,resnet50,shadow,5,C:\Users\ramti\Desktop\ramtin legion pc\article_project\data\raw\pdraw_wave\test\healthy\V05HO01.png,0,0.601522,1
pdraw_wave,resnet50,shadow,5,C:\Users\ramti\Desktop\ramtin legion pc\article_project\data\raw\pdraw_wave\test\healthy\V06HO01.png,0,0.541312,0
pdraw_wave,resnet50,shadow,5,C:\Users\ramti\Desktop\ramtin legion pc\article_project\data\raw\pdraw_wave\test\healthy\V07HO01.png,0,0.482011,0
pdraw_wave,resnet50,shadow,5,C:\Users\ramti\Desktop\ramtin legion pc\article_project\data\raw\pdraw_wave\test\healthy\V08HO01.png,0,0.497874,0
pdraw_wave,resnet50,shadow,5,C:\Users\ramti\Desktop\ramtin legion pc\article_project\data\raw\pdraw_wave\test\healthy\V09HO01.png,0,0.508559,0
pdraw_wave,resnet50,shadow,5,C:\Users\ramti\Desktop\ramtin legion pc\article_project\data\raw\pdraw_wave\test\healthy\V10HO01.png,0,0.519710,0
pdraw_wave,resnet50,shadow,5,C:\Users\ramti\Desktop\ramtin legion pc\article_project\data\raw\pdraw_wave\test\healthy\V11HO01.png,0,0.463628,0
pdraw_wave,resnet50,shadow,5,C:\Users\ramti\Desktop\ramtin legion pc\article_project\data\raw\pdraw_wave\test\healthy\V55HO08.png,0,0.498333,0
pdraw_wave,resnet50,shadow,5,C:\Users\ramti\Desktop\ramtin legion pc\article_project\data\raw\pdraw_wave\test\healthy\V55HO09.png,0,0.535259,0
pdraw_wave,resnet50,shadow,5,C:\Users\ramti\Desktop\ramtin legion pc\article_project\data\raw\pdraw_wave\test\healthy\V55HO10.png,0,0.498037,0
pdraw_wave,resnet50,shadow,5,C:\Users\ramti\Desktop\ramtin legion pc\article_project\data\raw\pdraw_wave\test\healthy\V55HO11.png,0,0.549035,0
pdraw_wave,resnet50,shadow,5,C:\Users\ramti\Desktop\ramtin legion pc\article_project\data\raw\pdraw_wave\test\parkinson\V01PO01.png,1,0.545073,0
pdraw_wave,resnet50,shadow,5,C:\Users\ramti\Desktop\ramtin legion pc\article_project\data\raw\pdraw_wave\test\parkinson\V02PO01.png,1,0.645054,1
pdraw_wave,resnet50,shadow,5,C:\Users\ramti\Desktop\ramtin legion pc\article_project\data\raw\pdraw_wave\test\parkinson\V03PO01.png,1,0.731999,1
pdraw_wave,resnet50,shadow,5,C:\Users\ramti\Desktop\ramtin legion pc\article_project\data\raw\pdraw_wave\test\parkinson\V03PO04.png,1,0.799986,1
pdraw_wave,resnet50,shadow,5,C:\Users\ramti\Desktop\ramtin legion pc\article_project\data\raw\pdraw_wave\test\parkinson\V03PO07.png,1,0.656057,1
pdraw_wave,resnet50,shadow,5,C:\Users\ramti\Desktop\ramtin legion pc\article_project\data\raw\pdraw_wave\test\parkinson\V04PO01.png,1,0.747913,1
pdraw_wave,resnet50,shadow,5,C:\Users\ramti\Desktop\ramtin legion pc\article_project\data\raw\pdraw_wave\test\parkinson\V05PO01.png,1,0.697573,1
pdraw_wave,resnet50,shadow,5,C:\Users\ramti\Desktop\ramtin legion pc\article_project\data\raw\pdraw_wave\test\parkinson\V06PO01.png,1,0.617428,1
pdraw_wave,resnet50,shadow,5,C:\Users\ramti\Desktop\ramtin legion pc\article_project\data\raw\pdraw_wave\test\parkinson\V07PO01.png,1,0.766123,1
pdraw_wave,resnet50,shadow,5,C:\Users\ramti\Desktop\ramtin legion pc\article_project\data\raw\pdraw_wave\test\parkinson\V08PO01.png,1,0.471359,0
pdraw_wave,resnet50,shadow,5,C:\Users\ramti\Desktop\ramtin legion pc\article_project\data\raw\pdraw_wave\test\parkinson\V09PO01.png,1,0.700347,1
pdraw_wave,resnet50,shadow,5,C:\Users\ramti\Desktop\ramtin legion pc\article_project\data\raw\pdraw_wave\test\parkinson\V10PO01.png,1,0.598859,0
pdraw_wave,resnet50,shadow,5,C:\Users\ramti\Desktop\ramtin legion pc\article_project\data\raw\pdraw_wave\test\parkinson\V11PO01.png,1,0.534763,0
pdraw_wave,resnet50,shadow,5,C:\Users\ramti\Desktop\ramtin legion pc\article_project\data\raw\pdraw_wave\test\parkinson\V14PO01.png,1,0.721518,1
pdraw_wave,resnet50,shadow,5,C:\Users\ramti\Desktop\ramtin legion pc\article_project\data\raw\pdraw_wave\test\parkinson\V14PO03.png,1,0.706568,1
pdraw_wave,resnet50,perspective,1,C:\Users\ramti\Desktop\ramtin legion pc\article_project\data\raw\pdraw_wave\test\healthy\V01HO01.png,0,0.540357,0
pdraw_wave,resnet50,perspective,1,C:\Users\ramti\Desktop\ramtin legion pc\article_project\data\raw\pdraw_wave\test\healthy\V02HO01.png,0,0.481478,0
pdraw_wave,resnet50,perspective,1,C:\Users\ramti\Desktop\ramtin legion pc\article_project\data\raw\pdraw_wave\test\healthy\V03HO01.png,0,0.465628,0
pdraw_wave,resnet50,perspective,1,C:\Users\ramti\Desktop\ramtin legion pc\article_project\data\raw\pdraw_wave\test\healthy\V04HO01.png,0,0.465490,0
pdraw_wave,resnet50,perspective,1,C:\Users\ramti\Desktop\ramtin legion pc\article_project\data\raw\pdraw_wave\test\healthy\V05HO01.png,0,0.586185,0
pdraw_wave,resnet50,perspective,1,C:\Users\ramti\Desktop\ramtin legion pc\article_project\data\raw\pdraw_wave\test\healthy\V06HO01.png,0,0.549878,0
pdraw_wave,resnet50,perspective,1,C:\Users\ramti\Desktop\ramtin legion pc\article_project\data\raw\pdraw_wave\test\healthy\V07HO01.png,0,0.437636,0
pdraw_wave,resnet50,perspective,1,C:\Users\ramti\Desktop\ramtin legion pc\article_project\data\raw\pdraw_wave\test\healthy\V08HO01.png,0,0.471263,0
pdraw_wave,resnet50,perspective,1,C:\Users\ramti\Desktop\ramtin legion pc\article_project\data\raw\pdraw_wave\test\healthy\V09HO01.png,0,0.479997,0
pdraw_wave,resnet50,perspective,1,C:\Users\ramti\Desktop\ramtin legion pc\article_project\data\raw\pdraw_wave\test\healthy\V10HO01.png,0,0.472318,0
pdraw_wave,resnet50,perspective,1,C:\Users\ramti\Desktop\ramtin legion pc\article_project\data\raw\pdraw_wave\test\healthy\V11HO01.png,0,0.456972,0
pdraw_wave,resnet50,perspective,1,C:\Users\ramti\Desktop\ramtin legion pc\article_project\data\raw\pdraw_wave\test\healthy\V55HO08.png,0,0.473185,0
pdraw_wave,resnet50,perspective,1,C:\Users\ramti\Desktop\ramtin legion pc\article_project\data\raw\pdraw_wave\test\healthy\V55HO09.png,0,0.496605,0
pdraw_wave,resnet50,perspective,1,C:\Users\ramti\Desktop\ramtin legion pc\article_project\data\raw\pdraw_wave\test\healthy\V55HO10.png,0,0.470954,0
pdraw_wave,resnet50,perspective,1,C:\Users\ramti\Desktop\ramtin legion pc\article_project\data\raw\pdraw_wave\test\healthy\V55HO11.png,0,0.551311,0
pdraw_wave,resnet50,perspective,1,C:\Users\ramti\Desktop\ramtin legion pc\article_project\data\raw\pdraw_wave\test\parkinson\V01PO01.png,1,0.510542,0
pdraw_wave,resnet50,perspective,1,C:\Users\ramti\Desktop\ramtin legion pc\article_project\data\raw\pdraw_wave\test\parkinson\V02PO01.png,1,0.710361,1
pdraw_wave,resnet50,perspective,1,C:\Users\ramti\Desktop\ramtin legion pc\article_project\data\raw\pdraw_wave\test\parkinson\V03PO01.png,1,0.807392,1
pdraw_wave,resnet50,perspective,1,C:\Users\ramti\Desktop\ramtin legion pc\article_project\data\raw\pdraw_wave\test\parkinson\V03PO04.png,1,0.814468,1
pdraw_wave,resnet50,perspective,1,C:\Users\ramti\Desktop\ramtin legion pc\article_project\data\raw\pdraw_wave\test\parkinson\V03PO07.png,1,0.742398,1
pdraw_wave,resnet50,perspective,1,C:\Users\ramti\Desktop\ramtin legion pc\article_project\data\raw\pdraw_wave\test\parkinson\V04PO01.png,1,0.767785,1
pdraw_wave,resnet50,perspective,1,C:\Users\ramti\Desktop\ramtin legion pc\article_project\data\raw\pdraw_wave\test\parkinson\V05PO01.png,1,0.766969,1
pdraw_wave,resnet50,perspective,1,C:\Users\ramti\Desktop\ramtin legion pc\article_project\data\raw\pdraw_wave\test\parkinson\V06PO01.png,1,0.650046,1
pdraw_wave,resnet50,perspective,1,C:\Users\ramti\Desktop\ramtin legion pc\article_project\data\raw\pdraw_wave\test\parkinson\V07PO01.png,1,0.845232,1
pdraw_wave,resnet50,perspective,1,C:\Users\ramti\Desktop\ramtin legion pc\article_project\data\raw\pdraw_wave\test\parkinson\V08PO01.png,1,0.449169,0
pdraw_wave,resnet50,perspective,1,C:\Users\ramti\Desktop\ramtin legion pc\article_project\data\raw\pdraw_wave\test\parkinson\V09PO01.png,1,0.762179,1
pdraw_wave,resnet50,perspective,1,C:\Users\ramti\Desktop\ramtin legion pc\article_project\data\raw\pdraw_wave\test\parkinson\V10PO01.png,1,0.567972,0
pdraw_wave,resnet50,perspective,1,C:\Users\ramti\Desktop\ramtin legion pc\article_project\data\raw\pdraw_wave\test\parkinson\V11PO01.png,1,0.503555,0
pdraw_wave,resnet50,perspective,1,C:\Users\ramti\Desktop\ramtin legion pc\article_project\data\raw\pdraw_wave\test\parkinson\V14PO01.png,1,0.776277,1
pdraw_wave,resnet50,perspective,1,C:\Users\ramti\Desktop\ramtin legion pc\article_project\data\raw\pdraw_wave\test\parkinson\V14PO03.png,1,0.764361,1
pdraw_wave,resnet50,perspective,2,C:\Users\ramti\Desktop\ramtin legion pc\article_project\data\raw\pdraw_wave\test\healthy\V01HO01.png,0,0.542231,0
pdraw_wave,resnet50,perspective,2,C:\Users\ramti\Desktop\ramtin legion pc\article_project\data\raw\pdraw_wave\test\healthy\V02HO01.png,0,0.498102,0
pdraw_wave,resnet50,perspective,2,C:\Users\ramti\Desktop\ramtin legion pc\article_project\data\raw\pdraw_wave\test\healthy\V03HO01.png,0,0.465317,0
pdraw_wave,resnet50,perspective,2,C:\Users\ramti\Desktop\ramtin legion pc\article_project\data\raw\pdraw_wave\test\healthy\V04HO01.png,0,0.468208,0
pdraw_wave,resnet50,perspective,2,C:\Users\ramti\Desktop\ramtin legion pc\article_project\data\raw\pdraw_wave\test\healthy\V05HO01.png,0,0.551094,0
pdraw_wave,resnet50,perspective,2,C:\Users\ramti\Desktop\ramtin legion pc\article_project\data\raw\pdraw_wave\test\healthy\V06HO01.png,0,0.542929,0
pdraw_wave,resnet50,perspective,2,C:\Users\ramti\Desktop\ramtin legion pc\article_project\data\raw\pdraw_wave\test\healthy\V07HO01.png,0,0.429950,0
pdraw_wave,resnet50,perspective,2,C:\Users\ramti\Desktop\ramtin legion pc\article_project\data\raw\pdraw_wave\test\healthy\V08HO01.png,0,0.476584,0
pdraw_wave,resnet50,perspective,2,C:\Users\ramti\Desktop\ramtin legion pc\article_project\data\raw\pdraw_wave\test\healthy\V09HO01.png,0,0.474090,0
pdraw_wave,resnet50,perspective,2,C:\Users\ramti\Desktop\ramtin legion pc\article_project\data\raw\pdraw_wave\test\healthy\V10HO01.png,0,0.503915,0
pdraw_wave,resnet50,perspective,2,C:\Users\ramti\Desktop\ramtin legion pc\article_project\data\raw\pdraw_wave\test\healthy\V11HO01.png,0,0.465473,0
pdraw_wave,resnet50,perspective,2,C:\Users\ramti\Desktop\ramtin legion pc\article_project\data\raw\pdraw_wave\test\healthy\V55HO08.png,0,0.477690,0
pdraw_wave,resnet50,perspective,2,C:\Users\ramti\Desktop\ramtin legion pc\article_project\data\raw\pdraw_wave\test\healthy\V55HO09.png,0,0.506807,0
pdraw_wave,resnet50,perspective,2,C:\Users\ramti\Desktop\ramtin legion pc\article_project\data\raw\pdraw_wave\test\healthy\V55HO10.png,0,0.470270,0
pdraw_wave,resnet50,perspective,2,C:\Users\ramti\Desktop\ramtin legion pc\article_project\data\raw\pdraw_wave\test\healthy\V55HO11.png,0,0.559059,0
pdraw_wave,resnet50,perspective,2,C:\Users\ramti\Desktop\ramtin legion pc\article_project\data\raw\pdraw_wave\test\parkinson\V01PO01.png,1,0.519203,0
pdraw_wave,resnet50,perspective,2,C:\Users\ramti\Desktop\ramtin legion pc\article_project\data\raw\pdraw_wave\test\parkinson\V02PO01.png,1,0.668207,1
pdraw_wave,resnet50,perspective,2,C:\Users\ramti\Desktop\ramtin legion pc\article_project\data\raw\pdraw_wave\test\parkinson\V03PO01.png,1,0.812502,1
pdraw_wave,resnet50,perspective,2,C:\Users\ramti\Desktop\ramtin legion pc\article_project\data\raw\pdraw_wave\test\parkinson\V03PO04.png,1,0.832571,1
pdraw_wave,resnet50,perspective,2,C:\Users\ramti\Desktop\ramtin legion pc\article_project\data\raw\pdraw_wave\test\parkinson\V03PO07.png,1,0.724002,1
pdraw_wave,resnet50,perspective,2,C:\Users\ramti\Desktop\ramtin legion pc\article_project\data\raw\pdraw_wave\test\parkinson\V04PO01.png,1,0.761604,1
pdraw_wave,resnet50,perspective,2,C:\Users\ramti\Desktop\ramtin legion pc\article_project\data\raw\pdraw_wave\test\parkinson\V05PO01.png,1,0.781775,1
pdraw_wave,resnet50,perspective,2,C:\Users\ramti\Desktop\ramtin legion pc\article_project\data\raw\pdraw_wave\test\parkinson\V06PO01.png,1,0.694238,1
pdraw_wave,resnet50,perspective,2,C:\Users\ramti\Desktop\ramtin legion pc\article_project\data\raw\pdraw_wave\test\parkinson\V07PO01.png,1,0.858891,1
pdraw_wave,resnet50,perspective,2,C:\Users\ramti\Desktop\ramtin legion pc\article_project\data\raw\pdraw_wave\test\parkinson\V08PO01.png,1,0.449005,0
pdraw_wave,resnet50,perspective,2,C:\Users\ramti\Desktop\ramtin legion pc\article_project\data\raw\pdraw_wave\test\parkinson\V09PO01.png,1,0.783763,1
pdraw_wave,resnet50,perspective,2,C:\Users\ramti\Desktop\ramtin legion pc\article_project\data\raw\pdraw_wave\test\parkinson\V10PO01.png,1,0.558791,0
pdraw_wave,resnet50,perspective,2,C:\Users\ramti\Desktop\ramtin legion pc\article_project\data\raw\pdraw_wave\test\parkinson\V11PO01.png,1,0.513099,0
pdraw_wave,resnet50,perspective,2,C:\Users\ramti\Desktop\ramtin legion pc\article_project\data\raw\pdraw_wave\test\parkinson\V14PO01.png,1,0.794316,1
pdraw_wave,resnet50,perspective,2,C:\Users\ramti\Desktop\ramtin legion pc\article_project\data\raw\pdraw_wave\test\parkinson\V14PO03.png,1,0.782010,1
pdraw_wave,resnet50,perspective,3,C:\Users\ramti\Desktop\ramtin legion pc\article_project\data\raw\pdraw_wave\test\healthy\V01HO01.png,0,0.540438,0
pdraw_wave,resnet50,perspective,3,C:\Users\ramti\Desktop\ramtin legion pc\article_project\data\raw\pdraw_wave\test\healthy\V02HO01.png,0,0.494441,0
pdraw_wave,resnet50,perspective,3,C:\Users\ramti\Desktop\ramtin legion pc\article_project\data\raw\pdraw_wave\test\healthy\V03HO01.png,0,0.469131,0
pdraw_wave,resnet50,perspective,3,C:\Users\ramti\Desktop\ramtin legion pc\article_project\data\raw\pdraw_wave\test\healthy\V04HO01.png,0,0.470830,0
pdraw_wave,resnet50,perspective,3,C:\Users\ramti\Desktop\ramtin legion pc\article_project\data\raw\pdraw_wave\test\healthy\V05HO01.png,0,0.542020,0
pdraw_wave,resnet50,perspective,3,C:\Users\ramti\Desktop\ramtin legion pc\article_project\data\raw\pdraw_wave\test\healthy\V06HO01.png,0,0.550006,0
pdraw_wave,resnet50,perspective,3,C:\Users\ramti\Desktop\ramtin legion pc\article_project\data\raw\pdraw_wave\test\healthy\V07HO01.png,0,0.431447,0
pdraw_wave,resnet50,perspective,3,C:\Users\ramti\Desktop\ramtin legion pc\article_project\data\raw\pdraw_wave\test\healthy\V08HO01.png,0,0.484396,0
pdraw_wave,resnet50,perspective,3,C:\Users\ramti\Desktop\ramtin legion pc\article_project\data\raw\pdraw_wave\test\healthy\V09HO01.png,0,0.459159,0
pdraw_wave,resnet50,perspective,3,C:\Users\ramti\Desktop\ramtin legion pc\article_project\data\raw\pdraw_wave\test\healthy\V10HO01.png,0,0.515564,0
pdraw_wave,resnet50,perspective,3,C:\Users\ramti\Desktop\ramtin legion pc\article_project\data\raw\pdraw_wave\test\healthy\V11HO01.png,0,0.464165,0
pdraw_wave,resnet50,perspective,3,C:\Users\ramti\Desktop\ramtin legion pc\article_project\data\raw\pdraw_wave\test\healthy\V55HO08.png,0,0.499214,0
pdraw_wave,resnet50,perspective,3,C:\Users\ramti\Desktop\ramtin legion pc\article_project\data\raw\pdraw_wave\test\healthy\V55HO09.png,0,0.501251,0
pdraw_wave,resnet50,perspective,3,C:\Users\ramti\Desktop\ramtin legion pc\article_project\data\raw\pdraw_wave\test\healthy\V55HO10.png,0,0.446494,0
pdraw_wave,resnet50,perspective,3,C:\Users\ramti\Desktop\ramtin legion pc\article_project\data\raw\pdraw_wave\test\healthy\V55HO11.png,0,0.548817,0
pdraw_wave,resnet50,perspective,3,C:\Users\ramti\Desktop\ramtin legion pc\article_project\data\raw\pdraw_wave\test\parkinson\V01PO01.png,1,0.499461,0
pdraw_wave,resnet50,perspective,3,C:\Users\ramti\Desktop\ramtin legion pc\article_project\data\raw\pdraw_wave\test\parkinson\V02PO01.png,1,0.650398,1
pdraw_wave,resnet50,perspective,3,C:\Users\ramti\Desktop\ramtin legion pc\article_project\data\raw\pdraw_wave\test\parkinson\V03PO01.png,1,0.787572,1
pdraw_wave,resnet50,perspective,3,C:\Users\ramti\Desktop\ramtin legion pc\article_project\data\raw\pdraw_wave\test\parkinson\V03PO04.png,1,0.813313,1
pdraw_wave,resnet50,perspective,3,C:\Users\ramti\Desktop\ramtin legion pc\article_project\data\raw\pdraw_wave\test\parkinson\V03PO07.png,1,0.725413,1
pdraw_wave,resnet50,perspective,3,C:\Users\ramti\Desktop\ramtin legion pc\article_project\data\raw\pdraw_wave\test\parkinson\V04PO01.png,1,0.781327,1
pdraw_wave,resnet50,perspective,3,C:\Users\ramti\Desktop\ramtin legion pc\article_project\data\raw\pdraw_wave\test\parkinson\V05PO01.png,1,0.793026,1
pdraw_wave,resnet50,perspective,3,C:\Users\ramti\Desktop\ramtin legion pc\article_project\data\raw\pdraw_wave\test\parkinson\V06PO01.png,1,0.707152,1
pdraw_wave,resnet50,perspective,3,C:\Users\ramti\Desktop\ramtin legion pc\article_project\data\raw\pdraw_wave\test\parkinson\V07PO01.png,1,0.858542,1
pdraw_wave,resnet50,perspective,3,C:\Users\ramti\Desktop\ramtin legion pc\article_project\data\raw\pdraw_wave\test\parkinson\V08PO01.png,1,0.445556,0
pdraw_wave,resnet50,perspective,3,C:\Users\ramti\Desktop\ramtin legion pc\article_project\data\raw\pdraw_wave\test\parkinson\V09PO01.png,1,0.795919,1
pdraw_wave,resnet50,perspective,3,C:\Users\ramti\Desktop\ramtin legion pc\article_project\data\raw\pdraw_wave\test\parkinson\V10PO01.png,1,0.578240,0
pdraw_wave,resnet50,perspective,3,C:\Users\ramti\Desktop\ramtin legion pc\article_project\data\raw\pdraw_wave\test\parkinson\V11PO01.png,1,0.528080,0
pdraw_wave,resnet50,perspective,3,C:\Users\ramti\Desktop\ramtin legion pc\article_project\data\raw\pdraw_wave\test\parkinson\V14PO01.png,1,0.798563,1
pdraw_wave,resnet50,perspective,3,C:\Users\ramti\Desktop\ramtin legion pc\article_project\data\raw\pdraw_wave\test\parkinson\V14PO03.png,1,0.786337,1
pdraw_wave,resnet50,perspective,4,C:\Users\ramti\Desktop\ramtin legion pc\article_project\data\raw\pdraw_wave\test\healthy\V01HO01.png,0,0.512807,0
pdraw_wave,resnet50,perspective,4,C:\Users\ramti\Desktop\ramtin legion pc\article_project\data\raw\pdraw_wave\test\healthy\V02HO01.png,0,0.497088,0
pdraw_wave,resnet50,perspective,4,C:\Users\ramti\Desktop\ramtin legion pc\article_project\data\raw\pdraw_wave\test\healthy\V03HO01.png,0,0.456599,0
pdraw_wave,resnet50,perspective,4,C:\Users\ramti\Desktop\ramtin legion pc\article_project\data\raw\pdraw_wave\test\healthy\V04HO01.png,0,0.474541,0
pdraw_wave,resnet50,perspective,4,C:\Users\ramti\Desktop\ramtin legion pc\article_project\data\raw\pdraw_wave\test\healthy\V05HO01.png,0,0.531629,0
pdraw_wave,resnet50,perspective,4,C:\Users\ramti\Desktop\ramtin legion pc\article_project\data\raw\pdraw_wave\test\healthy\V06HO01.png,0,0.562244,0
pdraw_wave,resnet50,perspective,4,C:\Users\ramti\Desktop\ramtin legion pc\article_project\data\raw\pdraw_wave\test\healthy\V07HO01.png,0,0.433738,0
pdraw_wave,resnet50,perspective,4,C:\Users\ramti\Desktop\ramtin legion pc\article_project\data\raw\pdraw_wave\test\healthy\V08HO01.png,0,0.480894,0
pdraw_wave,resnet50,perspective,4,C:\Users\ramti\Desktop\ramtin legion pc\article_project\data\raw\pdraw_wave\test\healthy\V09HO01.png,0,0.466466,0
pdraw_wave,resnet50,perspective,4,C:\Users\ramti\Desktop\ramtin legion pc\article_project\data\raw\pdraw_wave\test\healthy\V10HO01.png,0,0.502357,0
pdraw_wave,resnet50,perspective,4,C:\Users\ramti\Desktop\ramtin legion pc\article_project\data\raw\pdraw_wave\test\healthy\V11HO01.png,0,0.474665,0
pdraw_wave,resnet50,perspective,4,C:\Users\ramti\Desktop\ramtin legion pc\article_project\data\raw\pdraw_wave\test\healthy\V55HO08.png,0,0.497018,0
pdraw_wave,resnet50,perspective,4,C:\Users\ramti\Desktop\ramtin legion pc\article_project\data\raw\pdraw_wave\test\healthy\V55HO09.png,0,0.500611,0
pdraw_wave,resnet50,perspective,4,C:\Users\ramti\Desktop\ramtin legion pc\article_project\data\raw\pdraw_wave\test\healthy\V55HO10.png,0,0.469732,0
pdraw_wave,resnet50,perspective,4,C:\Users\ramti\Desktop\ramtin legion pc\article_project\data\raw\pdraw_wave\test\healthy\V55HO11.png,0,0.556632,0
pdraw_wave,resnet50,perspective,4,C:\Users\ramti\Desktop\ramtin legion pc\article_project\data\raw\pdraw_wave\test\parkinson\V01PO01.png,1,0.519854,0
pdraw_wave,resnet50,perspective,4,C:\Users\ramti\Desktop\ramtin legion pc\article_project\data\raw\pdraw_wave\test\parkinson\V02PO01.png,1,0.643146,1
pdraw_wave,resnet50,perspective,4,C:\Users\ramti\Desktop\ramtin legion pc\article_project\data\raw\pdraw_wave\test\parkinson\V03PO01.png,1,0.806861,1
pdraw_wave,resnet50,perspective,4,C:\Users\ramti\Desktop\ramtin legion pc\article_project\data\raw\pdraw_wave\test\parkinson\V03PO04.png,1,0.836834,1
pdraw_wave,resnet50,perspective,4,C:\Users\ramti\Desktop\ramtin legion pc\article_project\data\raw\pdraw_wave\test\parkinson\V03PO07.png,1,0.740801,1
pdraw_wave,resnet50,perspective,4,C:\Users\ramti\Desktop\ramtin legion pc\article_project\data\raw\pdraw_wave\test\parkinson\V04PO01.png,1,0.774005,1
pdraw_wave,resnet50,perspective,4,C:\Users\ramti\Desktop\ramtin legion pc\article_project\data\raw\pdraw_wave\test\parkinson\V05PO01.png,1,0.786061,1
pdraw_wave,resnet50,perspective,4,C:\Users\ramti\Desktop\ramtin legion pc\article_project\data\raw\pdraw_wave\test\parkinson\V06PO01.png,1,0.697595,1
pdraw_wave,resnet50,perspective,4,C:\Users\ramti\Desktop\ramtin legion pc\article_project\data\raw\pdraw_wave\test\parkinson\V07PO01.png,1,0.830195,1
pdraw_wave,resnet50,perspective,4,C:\Users\ramti\Desktop\ramtin legion pc\article_project\data\raw\pdraw_wave\test\parkinson\V08PO01.png,1,0.447887,0
pdraw_wave,resnet50,perspective,4,C:\Users\ramti\Desktop\ramtin legion pc\article_project\data\raw\pdraw_wave\test\parkinson\V09PO01.png,1,0.784127,1
pdraw_wave,resnet50,perspective,4,C:\Users\ramti\Desktop\ramtin legion pc\article_project\data\raw\pdraw_wave\test\parkinson\V10PO01.png,1,0.589154,0
pdraw_wave,resnet50,perspective,4,C:\Users\ramti\Desktop\ramtin legion pc\article_project\data\raw\pdraw_wave\test\parkinson\V11PO01.png,1,0.533420,0
pdraw_wave,resnet50,perspective,4,C:\Users\ramti\Desktop\ramtin legion pc\article_project\data\raw\pdraw_wave\test\parkinson\V14PO01.png,1,0.754456,1
pdraw_wave,resnet50,perspective,4,C:\Users\ramti\Desktop\ramtin legion pc\article_project\data\raw\pdraw_wave\test\parkinson\V14PO03.png,1,0.766776,1
pdraw_wave,resnet50,perspective,5,C:\Users\ramti\Desktop\ramtin legion pc\article_project\data\raw\pdraw_wave\test\healthy\V01HO01.png,0,0.520927,0
pdraw_wave,resnet50,perspective,5,C:\Users\ramti\Desktop\ramtin legion pc\article_project\data\raw\pdraw_wave\test\healthy\V02HO01.png,0,0.480018,0
pdraw_wave,resnet50,perspective,5,C:\Users\ramti\Desktop\ramtin legion pc\article_project\data\raw\pdraw_wave\test\healthy\V03HO01.png,0,0.462031,0
pdraw_wave,resnet50,perspective,5,C:\Users\ramti\Desktop\ramtin legion pc\article_project\data\raw\pdraw_wave\test\healthy\V04HO01.png,0,0.483641,0
pdraw_wave,resnet50,perspective,5,C:\Users\ramti\Desktop\ramtin legion pc\article_project\data\raw\pdraw_wave\test\healthy\V05HO01.png,0,0.556625,0
pdraw_wave,resnet50,perspective,5,C:\Users\ramti\Desktop\ramtin legion pc\article_project\data\raw\pdraw_wave\test\healthy\V06HO01.png,0,0.578874,0
pdraw_wave,resnet50,perspective,5,C:\Users\ramti\Desktop\ramtin legion pc\article_project\data\raw\pdraw_wave\test\healthy\V07HO01.png,0,0.439694,0
pdraw_wave,resnet50,perspective,5,C:\Users\ramti\Desktop\ramtin legion pc\article_project\data\raw\pdraw_wave\test\healthy\V08HO01.png,0,0.510184,0
pdraw_wave,resnet50,perspective,5,C:\Users\ramti\Desktop\ramtin legion pc\article_project\data\raw\pdraw_wave\test\healthy\V09HO01.png,0,0.483892,0
pdraw_wave,resnet50,perspective,5,C:\Users\ramti\Desktop\ramtin legion pc\article_project\data\raw\pdraw_wave\test\healthy\V10HO01.png,0,0.519450,0
pdraw_wave,resnet50,perspective,5,C:\Users\ramti\Desktop\ramtin legion pc\article_project\data\raw\pdraw_wave\test\healthy\V11HO01.png,0,0.470508,0
pdraw_wave,resnet50,perspective,5,C:\Users\ramti\Desktop\ramtin legion pc\article_project\data\raw\pdraw_wave\test\healthy\V55HO08.png,0,0.486417,0
pdraw_wave,resnet50,perspective,5,C:\Users\ramti\Desktop\ramtin legion pc\article_project\data\raw\pdraw_wave\test\healthy\V55HO09.png,0,0.499059,0
pdraw_wave,resnet50,perspective,5,C:\Users\ramti\Desktop\ramtin legion pc\article_project\data\raw\pdraw_wave\test\healthy\V55HO10.png,0,0.469675,0
pdraw_wave,resnet50,perspective,5,C:\Users\ramti\Desktop\ramtin legion pc\article_project\data\raw\pdraw_wave\test\healthy\V55HO11.png,0,0.553991,0
pdraw_wave,resnet50,perspective,5,C:\Users\ramti\Desktop\ramtin legion pc\article_project\data\raw\pdraw_wave\test\parkinson\V01PO01.png,1,0.521736,0
pdraw_wave,resnet50,perspective,5,C:\Users\ramti\Desktop\ramtin legion pc\article_project\data\raw\pdraw_wave\test\parkinson\V02PO01.png,1,0.651153,1
pdraw_wave,resnet50,perspective,5,C:\Users\ramti\Desktop\ramtin legion pc\article_project\data\raw\pdraw_wave\test\parkinson\V03PO01.png,1,0.820686,1
pdraw_wave,resnet50,perspective,5,C:\Users\ramti\Desktop\ramtin legion pc\article_project\data\raw\pdraw_wave\test\parkinson\V03PO04.png,1,0.816045,1
pdraw_wave,resnet50,perspective,5,C:\Users\ramti\Desktop\ramtin legion pc\article_project\data\raw\pdraw_wave\test\parkinson\V03PO07.png,1,0.744435,1
pdraw_wave,resnet50,perspective,5,C:\Users\ramti\Desktop\ramtin legion pc\article_project\data\raw\pdraw_wave\test\parkinson\V04PO01.png,1,0.769786,1
pdraw_wave,resnet50,perspective,5,C:\Users\ramti\Desktop\ramtin legion pc\article_project\data\raw\pdraw_wave\test\parkinson\V05PO01.png,1,0.782196,1
pdraw_wave,resnet50,perspective,5,C:\Users\ramti\Desktop\ramtin legion pc\article_project\data\raw\pdraw_wave\test\parkinson\V06PO01.png,1,0.709553,1
pdraw_wave,resnet50,perspective,5,C:\Users\ramti\Desktop\ramtin legion pc\article_project\data\raw\pdraw_wave\test\parkinson\V07PO01.png,1,0.817752,1
pdraw_wave,resnet50,perspective,5,C:\Users\ramti\Desktop\ramtin legion pc\article_project\data\raw\pdraw_wave\test\parkinson\V08PO01.png,1,0.458652,0
pdraw_wave,resnet50,perspective,5,C:\Users\ramti\Desktop\ramtin legion pc\article_project\data\raw\pdraw_wave\test\parkinson\V09PO01.png,1,0.775334,1
pdraw_wave,resnet50,perspective,5,C:\Users\ramti\Desktop\ramtin legion pc\article_project\data\raw\pdraw_wave\test\parkinson\V10PO01.png,1,0.567659,0
pdraw_wave,resnet50,perspective,5,C:\Users\ramti\Desktop\ramtin legion pc\article_project\data\raw\pdraw_wave\test\parkinson\V11PO01.png,1,0.525581,0
pdraw_wave,resnet50,perspective,5,C:\Users\ramti\Desktop\ramtin legion pc\article_project\data\raw\pdraw_wave\test\parkinson\V14PO01.png,1,0.736721,1
pdraw_wave,resnet50,perspective,5,C:\Users\ramti\Desktop\ramtin legion pc\article_project\data\raw\pdraw_wave\test\parkinson\V14PO03.png,1,0.726967,1
pdraw_wave,resnet50,rotation,1,C:\Users\ramti\Desktop\ramtin legion pc\article_project\data\raw\pdraw_wave\test\healthy\V01HO01.png,0,0.560355,0
pdraw_wave,resnet50,rotation,1,C:\Users\ramti\Desktop\ramtin legion pc\article_project\data\raw\pdraw_wave\test\healthy\V02HO01.png,0,0.518022,0
pdraw_wave,resnet50,rotation,1,C:\Users\ramti\Desktop\ramtin legion pc\article_project\data\raw\pdraw_wave\test\healthy\V03HO01.png,0,0.506034,0
pdraw_wave,resnet50,rotation,1,C:\Users\ramti\Desktop\ramtin legion pc\article_project\data\raw\pdraw_wave\test\healthy\V04HO01.png,0,0.503118,0
pdraw_wave,resnet50,rotation,1,C:\Users\ramti\Desktop\ramtin legion pc\article_project\data\raw\pdraw_wave\test\healthy\V05HO01.png,0,0.568521,0
pdraw_wave,resnet50,rotation,1,C:\Users\ramti\Desktop\ramtin legion pc\article_project\data\raw\pdraw_wave\test\healthy\V06HO01.png,0,0.646059,1
pdraw_wave,resnet50,rotation,1,C:\Users\ramti\Desktop\ramtin legion pc\article_project\data\raw\pdraw_wave\test\healthy\V07HO01.png,0,0.479448,0
pdraw_wave,resnet50,rotation,1,C:\Users\ramti\Desktop\ramtin legion pc\article_project\data\raw\pdraw_wave\test\healthy\V08HO01.png,0,0.560571,0
pdraw_wave,resnet50,rotation,1,C:\Users\ramti\Desktop\ramtin legion pc\article_project\data\raw\pdraw_wave\test\healthy\V09HO01.png,0,0.504526,0
pdraw_wave,resnet50,rotation,1,C:\Users\ramti\Desktop\ramtin legion pc\article_project\data\raw\pdraw_wave\test\healthy\V10HO01.png,0,0.501239,0
pdraw_wave,resnet50,rotation,1,C:\Users\ramti\Desktop\ramtin legion pc\article_project\data\raw\pdraw_wave\test\healthy\V11HO01.png,0,0.492142,0
pdraw_wave,resnet50,rotation,1,C:\Users\ramti\Desktop\ramtin legion pc\article_project\data\raw\pdraw_wave\test\healthy\V55HO08.png,0,0.497229,0
pdraw_wave,resnet50,rotation,1,C:\Users\ramti\Desktop\ramtin legion pc\article_project\data\raw\pdraw_wave\test\healthy\V55HO09.png,0,0.542331,0
pdraw_wave,resnet50,rotation,1,C:\Users\ramti\Desktop\ramtin legion pc\article_project\data\raw\pdraw_wave\test\healthy\V55HO10.png,0,0.489586,0
pdraw_wave,resnet50,rotation,1,C:\Users\ramti\Desktop\ramtin legion pc\article_project\data\raw\pdraw_wave\test\healthy\V55HO11.png,0,0.533991,0
pdraw_wave,resnet50,rotation,1,C:\Users\ramti\Desktop\ramtin legion pc\article_project\data\raw\pdraw_wave\test\parkinson\V01PO01.png,1,0.530193,0
pdraw_wave,resnet50,rotation,1,C:\Users\ramti\Desktop\ramtin legion pc\article_project\data\raw\pdraw_wave\test\parkinson\V02PO01.png,1,0.678859,1
pdraw_wave,resnet50,rotation,1,C:\Users\ramti\Desktop\ramtin legion pc\article_project\data\raw\pdraw_wave\test\parkinson\V03PO01.png,1,0.791780,1
pdraw_wave,resnet50,rotation,1,C:\Users\ramti\Desktop\ramtin legion pc\article_project\data\raw\pdraw_wave\test\parkinson\V03PO04.png,1,0.798984,1
pdraw_wave,resnet50,rotation,1,C:\Users\ramti\Desktop\ramtin legion pc\article_project\data\raw\pdraw_wave\test\parkinson\V03PO07.png,1,0.745467,1
pdraw_wave,resnet50,rotation,1,C:\Users\ramti\Desktop\ramtin legion pc\article_project\data\raw\pdraw_wave\test\parkinson\V04PO01.png,1,0.785304,1
pdraw_wave,resnet50,rotation,1,C:\Users\ramti\Desktop\ramtin legion pc\article_project\data\raw\pdraw_wave\test\parkinson\V05PO01.png,1,0.785213,1
pdraw_wave,resnet50,rotation,1,C:\Users\ramti\Desktop\ramtin legion pc\article_project\data\raw\pdraw_wave\test\parkinson\V06PO01.png,1,0.704818,1
pdraw_wave,resnet50,rotation,1,C:\Users\ramti\Desktop\ramtin legion pc\article_project\data\raw\pdraw_wave\test\parkinson\V07PO01.png,1,0.824959,1
pdraw_wave,resnet50,rotation,1,C:\Users\ramti\Desktop\ramtin legion pc\article_project\data\raw\pdraw_wave\test\parkinson\V08PO01.png,1,0.482342,0
pdraw_wave,resnet50,rotation,1,C:\Users\ramti\Desktop\ramtin legion pc\article_project\data\raw\pdraw_wave\test\parkinson\V09PO01.png,1,0.797664,1
pdraw_wave,resnet50,rotation,1,C:\Users\ramti\Desktop\ramtin legion pc\article_project\data\raw\pdraw_wave\test\parkinson\V10PO01.png,1,0.602129,1
pdraw_wave,resnet50,rotation,1,C:\Users\ramti\Desktop\ramtin legion pc\article_project\data\raw\pdraw_wave\test\parkinson\V11PO01.png,1,0.578057,0
pdraw_wave,resnet50,rotation,1,C:\Users\ramti\Desktop\ramtin legion pc\article_project\data\raw\pdraw_wave\test\parkinson\V14PO01.png,1,0.701962,1
pdraw_wave,resnet50,rotation,1,C:\Users\ramti\Desktop\ramtin legion pc\article_project\data\raw\pdraw_wave\test\parkinson\V14PO03.png,1,0.717087,1
pdraw_wave,resnet50,rotation,2,C:\Users\ramti\Desktop\ramtin legion pc\article_project\data\raw\pdraw_wave\test\healthy\V01HO01.png,0,0.537762,0
pdraw_wave,resnet50,rotation,2,C:\Users\ramti\Desktop\ramtin legion pc\article_project\data\raw\pdraw_wave\test\healthy\V02HO01.png,0,0.512834,0
pdraw_wave,resnet50,rotation,2,C:\Users\ramti\Desktop\ramtin legion pc\article_project\data\raw\pdraw_wave\test\healthy\V03HO01.png,0,0.474284,0
pdraw_wave,resnet50,rotation,2,C:\Users\ramti\Desktop\ramtin legion pc\article_project\data\raw\pdraw_wave\test\healthy\V04HO01.png,0,0.505868,0
pdraw_wave,resnet50,rotation,2,C:\Users\ramti\Desktop\ramtin legion pc\article_project\data\raw\pdraw_wave\test\healthy\V05HO01.png,0,0.624005,1
pdraw_wave,resnet50,rotation,2,C:\Users\ramti\Desktop\ramtin legion pc\article_project\data\raw\pdraw_wave\test\healthy\V06HO01.png,0,0.595747,0
pdraw_wave,resnet50,rotation,2,C:\Users\ramti\Desktop\ramtin legion pc\article_project\data\raw\pdraw_wave\test\healthy\V07HO01.png,0,0.467855,0
pdraw_wave,resnet50,rotation,2,C:\Users\ramti\Desktop\ramtin legion pc\article_project\data\raw\pdraw_wave\test\healthy\V08HO01.png,0,0.535837,0
pdraw_wave,resnet50,rotation,2,C:\Users\ramti\Desktop\ramtin legion pc\article_project\data\raw\pdraw_wave\test\healthy\V09HO01.png,0,0.511794,0
pdraw_wave,resnet50,rotation,2,C:\Users\ramti\Desktop\ramtin legion pc\article_project\data\raw\pdraw_wave\test\healthy\V10HO01.png,0,0.564013,0
pdraw_wave,resnet50,rotation,2,C:\Users\ramti\Desktop\ramtin legion pc\article_project\data\raw\pdraw_wave\test\healthy\V11HO01.png,0,0.589870,0
pdraw_wave,resnet50,rotation,2,C:\Users\ramti\Desktop\ramtin legion pc\article_project\data\raw\pdraw_wave\test\healthy\V55HO08.png,0,0.500036,0
pdraw_wave,resnet50,rotation,2,C:\Users\ramti\Desktop\ramtin legion pc\article_project\data\raw\pdraw_wave\test\healthy\V55HO09.png,0,0.556550,0
pdraw_wave,resnet50,rotation,2,C:\Users\ramti\Desktop\ramtin legion pc\article_project\data\raw\pdraw_wave\test\healthy\V55HO10.png,0,0.502892,0
pdraw_wave,resnet50,rotation,2,C:\Users\ramti\Desktop\ramtin legion pc\article_project\data\raw\pdraw_wave\test\healthy\V55HO11.png,0,0.589639,0
pdraw_wave,resnet50,rotation,2,C:\Users\ramti\Desktop\ramtin legion pc\article_project\data\raw\pdraw_wave\test\parkinson\V01PO01.png,1,0.534565,0
pdraw_wave,resnet50,rotation,2,C:\Users\ramti\Desktop\ramtin legion pc\article_project\data\raw\pdraw_wave\test\parkinson\V02PO01.png,1,0.681397,1
pdraw_wave,resnet50,rotation,2,C:\Users\ramti\Desktop\ramtin legion pc\article_project\data\raw\pdraw_wave\test\parkinson\V03PO01.png,1,0.770323,1
pdraw_wave,resnet50,rotation,2,C:\Users\ramti\Desktop\ramtin legion pc\article_project\data\raw\pdraw_wave\test\parkinson\V03PO04.png,1,0.769600,1
pdraw_wave,resnet50,rotation,2,C:\Users\ramti\Desktop\ramtin legion pc\article_project\data\raw\pdraw_wave\test\parkinson\V03PO07.png,1,0.743109,1
pdraw_wave,resnet50,rotation,2,C:\Users\ramti\Desktop\ramtin legion pc\article_project\data\raw\pdraw_wave\test\parkinson\V04PO01.png,1,0.739608,1
pdraw_wave,resnet50,rotation,2,C:\Users\ramti\Desktop\ramtin legion pc\article_project\data\raw\pdraw_wave\test\parkinson\V05PO01.png,1,0.785694,1
pdraw_wave,resnet50,rotation,2,C:\Users\ramti\Desktop\ramtin legion pc\article_project\data\raw\pdraw_wave\test\parkinson\V06PO01.png,1,0.675258,1
pdraw_wave,resnet50,rotation,2,C:\Users\ramti\Desktop\ramtin legion pc\article_project\data\raw\pdraw_wave\test\parkinson\V07PO01.png,1,0.833015,1
pdraw_wave,resnet50,rotation,2,C:\Users\ramti\Desktop\ramtin legion pc\article_project\data\raw\pdraw_wave\test\parkinson\V08PO01.png,1,0.499251,0
pdraw_wave,resnet50,rotation,2,C:\Users\ramti\Desktop\ramtin legion pc\article_project\data\raw\pdraw_wave\test\parkinson\V09PO01.png,1,0.734455,1
pdraw_wave,resnet50,rotation,2,C:\Users\ramti\Desktop\ramtin legion pc\article_project\data\raw\pdraw_wave\test\parkinson\V10PO01.png,1,0.676186,1
pdraw_wave,resnet50,rotation,2,C:\Users\ramti\Desktop\ramtin legion pc\article_project\data\raw\pdraw_wave\test\parkinson\V11PO01.png,1,0.561873,0
pdraw_wave,resnet50,rotation,2,C:\Users\ramti\Desktop\ramtin legion pc\article_project\data\raw\pdraw_wave\test\parkinson\V14PO01.png,1,0.702136,1
pdraw_wave,resnet50,rotation,2,C:\Users\ramti\Desktop\ramtin legion pc\article_project\data\raw\pdraw_wave\test\parkinson\V14PO03.png,1,0.695278,1
pdraw_wave,resnet50,rotation,3,C:\Users\ramti\Desktop\ramtin legion pc\article_project\data\raw\pdraw_wave\test\healthy\V01HO01.png,0,0.596423,0
pdraw_wave,resnet50,rotation,3,C:\Users\ramti\Desktop\ramtin legion pc\article_project\data\raw\pdraw_wave\test\healthy\V02HO01.png,0,0.547494,0
pdraw_wave,resnet50,rotation,3,C:\Users\ramti\Desktop\ramtin legion pc\article_project\data\raw\pdraw_wave\test\healthy\V03HO01.png,0,0.536365,0
pdraw_wave,resnet50,rotation,3,C:\Users\ramti\Desktop\ramtin legion pc\article_project\data\raw\pdraw_wave\test\healthy\V04HO01.png,0,0.544947,0
pdraw_wave,resnet50,rotation,3,C:\Users\ramti\Desktop\ramtin legion pc\article_project\data\raw\pdraw_wave\test\healthy\V05HO01.png,0,0.668581,1
pdraw_wave,resnet50,rotation,3,C:\Users\ramti\Desktop\ramtin legion pc\article_project\data\raw\pdraw_wave\test\healthy\V06HO01.png,0,0.677767,1
pdraw_wave,resnet50,rotation,3,C:\Users\ramti\Desktop\ramtin legion pc\article_project\data\raw\pdraw_wave\test\healthy\V07HO01.png,0,0.511083,0
pdraw_wave,resnet50,rotation,3,C:\Users\ramti\Desktop\ramtin legion pc\article_project\data\raw\pdraw_wave\test\healthy\V08HO01.png,0,0.564784,0
pdraw_wave,resnet50,rotation,3,C:\Users\ramti\Desktop\ramtin legion pc\article_project\data\raw\pdraw_wave\test\healthy\V09HO01.png,0,0.545611,0
pdraw_wave,resnet50,rotation,3,C:\Users\ramti\Desktop\ramtin legion pc\article_project\data\raw\pdraw_wave\test\healthy\V10HO01.png,0,0.589612,0
pdraw_wave,resnet50,rotation,3,C:\Users\ramti\Desktop\ramtin legion pc\article_project\data\raw\pdraw_wave\test\healthy\V11HO01.png,0,0.565747,0
pdraw_wave,resnet50,rotation,3,C:\Users\ramti\Desktop\ramtin legion pc\article_project\data\raw\pdraw_wave\test\healthy\V55HO08.png,0,0.523386,0
pdraw_wave,resnet50,rotation,3,C:\Users\ramti\Desktop\ramtin legion pc\article_project\data\raw\pdraw_wave\test\healthy\V55HO09.png,0,0.579848,0
pdraw_wave,resnet50,rotation,3,C:\Users\ramti\Desktop\ramtin legion pc\article_project\data\raw\pdraw_wave\test\healthy\V55HO10.png,0,0.576042,0
pdraw_wave,resnet50,rotation,3,C:\Users\ramti\Desktop\ramtin legion pc\article_project\data\raw\pdraw_wave\test\healthy\V55HO11.png,0,0.556410,0
pdraw_wave,resnet50,rotation,3,C:\Users\ramti\Desktop\ramtin legion pc\article_project\data\raw\pdraw_wave\test\parkinson\V01PO01.png,1,0.578256,0
pdraw_wave,resnet50,rotation,3,C:\Users\ramti\Desktop\ramtin legion pc\article_project\data\raw\pdraw_wave\test\parkinson\V02PO01.png,1,0.720323,1
pdraw_wave,resnet50,rotation,3,C:\Users\ramti\Desktop\ramtin legion pc\article_project\data\raw\pdraw_wave\test\parkinson\V03PO01.png,1,0.770324,1
pdraw_wave,resnet50,rotation,3,C:\Users\ramti\Desktop\ramtin legion pc\article_project\data\raw\pdraw_wave\test\parkinson\V03PO04.png,1,0.752091,1
pdraw_wave,resnet50,rotation,3,C:\Users\ramti\Desktop\ramtin legion pc\article_project\data\raw\pdraw_wave\test\parkinson\V03PO07.png,1,0.719523,1
pdraw_wave,resnet50,rotation,3,C:\Users\ramti\Desktop\ramtin legion pc\article_project\data\raw\pdraw_wave\test\parkinson\V04PO01.png,1,0.746012,1
pdraw_wave,resnet50,rotation,3,C:\Users\ramti\Desktop\ramtin legion pc\article_project\data\raw\pdraw_wave\test\parkinson\V05PO01.png,1,0.797718,1
pdraw_wave,resnet50,rotation,3,C:\Users\ramti\Desktop\ramtin legion pc\article_project\data\raw\pdraw_wave\test\parkinson\V06PO01.png,1,0.692353,1
pdraw_wave,resnet50,rotation,3,C:\Users\ramti\Desktop\ramtin legion pc\article_project\data\raw\pdraw_wave\test\parkinson\V07PO01.png,1,0.777395,1
pdraw_wave,resnet50,rotation,3,C:\Users\ramti\Desktop\ramtin legion pc\article_project\data\raw\pdraw_wave\test\parkinson\V08PO01.png,1,0.561850,0
pdraw_wave,resnet50,rotation,3,C:\Users\ramti\Desktop\ramtin legion pc\article_project\data\raw\pdraw_wave\test\parkinson\V09PO01.png,1,0.763254,1
pdraw_wave,resnet50,rotation,3,C:\Users\ramti\Desktop\ramtin legion pc\article_project\data\raw\pdraw_wave\test\parkinson\V10PO01.png,1,0.682384,1
pdraw_wave,resnet50,rotation,3,C:\Users\ramti\Desktop\ramtin legion pc\article_project\data\raw\pdraw_wave\test\parkinson\V11PO01.png,1,0.638658,1
pdraw_wave,resnet50,rotation,3,C:\Users\ramti\Desktop\ramtin legion pc\article_project\data\raw\pdraw_wave\test\parkinson\V14PO01.png,1,0.718109,1
pdraw_wave,resnet50,rotation,3,C:\Users\ramti\Desktop\ramtin legion pc\article_project\data\raw\pdraw_wave\test\parkinson\V14PO03.png,1,0.711067,1
pdraw_wave,resnet50,rotation,4,C:\Users\ramti\Desktop\ramtin legion pc\article_project\data\raw\pdraw_wave\test\healthy\V01HO01.png,0,0.588965,0
pdraw_wave,resnet50,rotation,4,C:\Users\ramti\Desktop\ramtin legion pc\article_project\data\raw\pdraw_wave\test\healthy\V02HO01.png,0,0.558272,0
pdraw_wave,resnet50,rotation,4,C:\Users\ramti\Desktop\ramtin legion pc\article_project\data\raw\pdraw_wave\test\healthy\V03HO01.png,0,0.558476,0
pdraw_wave,resnet50,rotation,4,C:\Users\ramti\Desktop\ramtin legion pc\article_project\data\raw\pdraw_wave\test\healthy\V04HO01.png,0,0.513925,0
pdraw_wave,resnet50,rotation,4,C:\Users\ramti\Desktop\ramtin legion pc\article_project\data\raw\pdraw_wave\test\healthy\V05HO01.png,0,0.669145,1
pdraw_wave,resnet50,rotation,4,C:\Users\ramti\Desktop\ramtin legion pc\article_project\data\raw\pdraw_wave\test\healthy\V06HO01.png,0,0.631212,1
pdraw_wave,resnet50,rotation,4,C:\Users\ramti\Desktop\ramtin legion pc\article_project\data\raw\pdraw_wave\test\healthy\V07HO01.png,0,0.492006,0
pdraw_wave,resnet50,rotation,4,C:\Users\ramti\Desktop\ramtin legion pc\article_project\data\raw\pdraw_wave\test\healthy\V08HO01.png,0,0.581044,0
pdraw_wave,resnet50,rotation,4,C:\Users\ramti\Desktop\ramtin legion pc\article_project\data\raw\pdraw_wave\test\healthy\V09HO01.png,0,0.558446,0
pdraw_wave,resnet50,rotation,4,C:\Users\ramti\Desktop\ramtin legion pc\article_project\data\raw\pdraw_wave\test\healthy\V10HO01.png,0,0.612490,1
pdraw_wave,resnet50,rotation,4,C:\Users\ramti\Desktop\ramtin legion pc\article_project\data\raw\pdraw_wave\test\healthy\V11HO01.png,0,0.644391,1
pdraw_wave,resnet50,rotation,4,C:\Users\ramti\Desktop\ramtin legion pc\article_project\data\raw\pdraw_wave\test\healthy\V55HO08.png,0,0.520469,0
pdraw_wave,resnet50,rotation,4,C:\Users\ramti\Desktop\ramtin legion pc\article_project\data\raw\pdraw_wave\test\healthy\V55HO09.png,0,0.620294,1
pdraw_wave,resnet50,rotation,4,C:\Users\ramti\Desktop\ramtin legion pc\article_project\data\raw\pdraw_wave\test\healthy\V55HO10.png,0,0.566146,0
pdraw_wave,resnet50,rotation,4,C:\Users\ramti\Desktop\ramtin legion pc\article_project\data\raw\pdraw_wave\test\healthy\V55HO11.png,0,0.624952,1
pdraw_wave,resnet50,rotation,4,C:\Users\ramti\Desktop\ramtin legion pc\article_project\data\raw\pdraw_wave\test\parkinson\V01PO01.png,1,0.573750,0
pdraw_wave,resnet50,rotation,4,C:\Users\ramti\Desktop\ramtin legion pc\article_project\data\raw\pdraw_wave\test\parkinson\V02PO01.png,1,0.686836,1
pdraw_wave,resnet50,rotation,4,C:\Users\ramti\Desktop\ramtin legion pc\article_project\data\raw\pdraw_wave\test\parkinson\V03PO01.png,1,0.741093,1
pdraw_wave,resnet50,rotation,4,C:\Users\ramti\Desktop\ramtin legion pc\article_project\data\raw\pdraw_wave\test\parkinson\V03PO04.png,1,0.747737,1
pdraw_wave,resnet50,rotation,4,C:\Users\ramti\Desktop\ramtin legion pc\article_project\data\raw\pdraw_wave\test\parkinson\V03PO07.png,1,0.752410,1
pdraw_wave,resnet50,rotation,4,C:\Users\ramti\Desktop\ramtin legion pc\article_project\data\raw\pdraw_wave\test\parkinson\V04PO01.png,1,0.757852,1
pdraw_wave,resnet50,rotation,4,C:\Users\ramti\Desktop\ramtin legion pc\article_project\data\raw\pdraw_wave\test\parkinson\V05PO01.png,1,0.792169,1
pdraw_wave,resnet50,rotation,4,C:\Users\ramti\Desktop\ramtin legion pc\article_project\data\raw\pdraw_wave\test\parkinson\V06PO01.png,1,0.667221,1
pdraw_wave,resnet50,rotation,4,C:\Users\ramti\Desktop\ramtin legion pc\article_project\data\raw\pdraw_wave\test\parkinson\V07PO01.png,1,0.733091,1
pdraw_wave,resnet50,rotation,4,C:\Users\ramti\Desktop\ramtin legion pc\article_project\data\raw\pdraw_wave\test\parkinson\V08PO01.png,1,0.543910,0
pdraw_wave,resnet50,rotation,4,C:\Users\ramti\Desktop\ramtin legion pc\article_project\data\raw\pdraw_wave\test\parkinson\V09PO01.png,1,0.753791,1
pdraw_wave,resnet50,rotation,4,C:\Users\ramti\Desktop\ramtin legion pc\article_project\data\raw\pdraw_wave\test\parkinson\V10PO01.png,1,0.651694,1
pdraw_wave,resnet50,rotation,4,C:\Users\ramti\Desktop\ramtin legion pc\article_project\data\raw\pdraw_wave\test\parkinson\V11PO01.png,1,0.594067,0
pdraw_wave,resnet50,rotation,4,C:\Users\ramti\Desktop\ramtin legion pc\article_project\data\raw\pdraw_wave\test\parkinson\V14PO01.png,1,0.774850,1
pdraw_wave,resnet50,rotation,4,C:\Users\ramti\Desktop\ramtin legion pc\article_project\data\raw\pdraw_wave\test\parkinson\V14PO03.png,1,0.701454,1
pdraw_wave,resnet50,rotation,5,C:\Users\ramti\Desktop\ramtin legion pc\article_project\data\raw\pdraw_wave\test\healthy\V01HO01.png,0,0.641190,1
pdraw_wave,resnet50,rotation,5,C:\Users\ramti\Desktop\ramtin legion pc\article_project\data\raw\pdraw_wave\test\healthy\V02HO01.png,0,0.592341,0
pdraw_wave,resnet50,rotation,5,C:\Users\ramti\Desktop\ramtin legion pc\article_project\data\raw\pdraw_wave\test\healthy\V03HO01.png,0,0.584528,0
pdraw_wave,resnet50,rotation,5,C:\Users\ramti\Desktop\ramtin legion pc\article_project\data\raw\pdraw_wave\test\healthy\V04HO01.png,0,0.567130,0
pdraw_wave,resnet50,rotation,5,C:\Users\ramti\Desktop\ramtin legion pc\article_project\data\raw\pdraw_wave\test\healthy\V05HO01.png,0,0.679813,1
pdraw_wave,resnet50,rotation,5,C:\Users\ramti\Desktop\ramtin legion pc\article_project\data\raw\pdraw_wave\test\healthy\V06HO01.png,0,0.667022,1
pdraw_wave,resnet50,rotation,5,C:\Users\ramti\Desktop\ramtin legion pc\article_project\data\raw\pdraw_wave\test\healthy\V07HO01.png,0,0.564595,0
pdraw_wave,resnet50,rotation,5,C:\Users\ramti\Desktop\ramtin legion pc\article_project\data\raw\pdraw_wave\test\healthy\V08HO01.png,0,0.611822,1
pdraw_wave,resnet50,rotation,5,C:\Users\ramti\Desktop\ramtin legion pc\article_project\data\raw\pdraw_wave\test\healthy\V09HO01.png,0,0.551595,0
pdraw_wave,resnet50,rotation,5,C:\Users\ramti\Desktop\ramtin legion pc\article_project\data\raw\pdraw_wave\test\healthy\V10HO01.png,0,0.620173,1
pdraw_wave,resnet50,rotation,5,C:\Users\ramti\Desktop\ramtin legion pc\article_project\data\raw\pdraw_wave\test\healthy\V11HO01.png,0,0.648159,1
pdraw_wave,resnet50,rotation,5,C:\Users\ramti\Desktop\ramtin legion pc\article_project\data\raw\pdraw_wave\test\healthy\V55HO08.png,0,0.559807,0
pdraw_wave,resnet50,rotation,5,C:\Users\ramti\Desktop\ramtin legion pc\article_project\data\raw\pdraw_wave\test\healthy\V55HO09.png,0,0.603825,1
pdraw_wave,resnet50,rotation,5,C:\Users\ramti\Desktop\ramtin legion pc\article_project\data\raw\pdraw_wave\test\healthy\V55HO10.png,0,0.607534,1
pdraw_wave,resnet50,rotation,5,C:\Users\ramti\Desktop\ramtin legion pc\article_project\data\raw\pdraw_wave\test\healthy\V55HO11.png,0,0.593551,0
pdraw_wave,resnet50,rotation,5,C:\Users\ramti\Desktop\ramtin legion pc\article_project\data\raw\pdraw_wave\test\parkinson\V01PO01.png,1,0.618756,1
pdraw_wave,resnet50,rotation,5,C:\Users\ramti\Desktop\ramtin legion pc\article_project\data\raw\pdraw_wave\test\parkinson\V02PO01.png,1,0.699594,1
pdraw_wave,resnet50,rotation,5,C:\Users\ramti\Desktop\ramtin legion pc\article_project\data\raw\pdraw_wave\test\parkinson\V03PO01.png,1,0.738041,1
pdraw_wave,resnet50,rotation,5,C:\Users\ramti\Desktop\ramtin legion pc\article_project\data\raw\pdraw_wave\test\parkinson\V03PO04.png,1,0.754932,1
pdraw_wave,resnet50,rotation,5,C:\Users\ramti\Desktop\ramtin legion pc\article_project\data\raw\pdraw_wave\test\parkinson\V03PO07.png,1,0.741926,1
pdraw_wave,resnet50,rotation,5,C:\Users\ramti\Desktop\ramtin legion pc\article_project\data\raw\pdraw_wave\test\parkinson\V04PO01.png,1,0.705458,1
pdraw_wave,resnet50,rotation,5,C:\Users\ramti\Desktop\ramtin legion pc\article_project\data\raw\pdraw_wave\test\parkinson\V05PO01.png,1,0.775114,1
pdraw_wave,resnet50,rotation,5,C:\Users\ramti\Desktop\ramtin legion pc\article_project\data\raw\pdraw_wave\test\parkinson\V06PO01.png,1,0.691495,1
pdraw_wave,resnet50,rotation,5,C:\Users\ramti\Desktop\ramtin legion pc\article_project\data\raw\pdraw_wave\test\parkinson\V07PO01.png,1,0.755660,1
pdraw_wave,resnet50,rotation,5,C:\Users\ramti\Desktop\ramtin legion pc\article_project\data\raw\pdraw_wave\test\parkinson\V08PO01.png,1,0.565888,0
pdraw_wave,resnet50,rotation,5,C:\Users\ramti\Desktop\ramtin legion pc\article_project\data\raw\pdraw_wave\test\parkinson\V09PO01.png,1,0.708961,1
pdraw_wave,resnet50,rotation,5,C:\Users\ramti\Desktop\ramtin legion pc\article_project\data\raw\pdraw_wave\test\parkinson\V10PO01.png,1,0.696674,1
pdraw_wave,resnet50,rotation,5,C:\Users\ramti\Desktop\ramtin legion pc\article_project\data\raw\pdraw_wave\test\parkinson\V11PO01.png,1,0.664016,1
pdraw_wave,resnet50,rotation,5,C:\Users\ramti\Desktop\ramtin legion pc\article_project\data\raw\pdraw_wave\test\parkinson\V14PO01.png,1,0.695689,1
pdraw_wave,resnet50,rotation,5,C:\Users\ramti\Desktop\ramtin legion pc\article_project\data\raw\pdraw_wave\test\parkinson\V14PO03.png,1,0.708530,1
pdraw_wave,vgg16,clean,0,C:\Users\ramti\Desktop\ramtin legion pc\article_project\data\raw\pdraw_wave\test\healthy\V01HO01.png,0,0.451659,1
pdraw_wave,vgg16,clean,0,C:\Users\ramti\Desktop\ramtin legion pc\article_project\data\raw\pdraw_wave\test\healthy\V02HO01.png,0,0.197807,0
pdraw_wave,vgg16,clean,0,C:\Users\ramti\Desktop\ramtin legion pc\article_project\data\raw\pdraw_wave\test\healthy\V03HO01.png,0,0.207605,0
pdraw_wave,vgg16,clean,0,C:\Users\ramti\Desktop\ramtin legion pc\article_project\data\raw\pdraw_wave\test\healthy\V04HO01.png,0,0.196112,0
pdraw_wave,vgg16,clean,0,C:\Users\ramti\Desktop\ramtin legion pc\article_project\data\raw\pdraw_wave\test\healthy\V05HO01.png,0,0.710103,1
pdraw_wave,vgg16,clean,0,C:\Users\ramti\Desktop\ramtin legion pc\article_project\data\raw\pdraw_wave\test\healthy\V06HO01.png,0,0.290359,0
pdraw_wave,vgg16,clean,0,C:\Users\ramti\Desktop\ramtin legion pc\article_project\data\raw\pdraw_wave\test\healthy\V07HO01.png,0,0.181298,0
pdraw_wave,vgg16,clean,0,C:\Users\ramti\Desktop\ramtin legion pc\article_project\data\raw\pdraw_wave\test\healthy\V08HO01.png,0,0.222095,0
pdraw_wave,vgg16,clean,0,C:\Users\ramti\Desktop\ramtin legion pc\article_project\data\raw\pdraw_wave\test\healthy\V09HO01.png,0,0.215570,0
pdraw_wave,vgg16,clean,0,C:\Users\ramti\Desktop\ramtin legion pc\article_project\data\raw\pdraw_wave\test\healthy\V10HO01.png,0,0.369475,0
pdraw_wave,vgg16,clean,0,C:\Users\ramti\Desktop\ramtin legion pc\article_project\data\raw\pdraw_wave\test\healthy\V11HO01.png,0,0.337772,0
pdraw_wave,vgg16,clean,0,C:\Users\ramti\Desktop\ramtin legion pc\article_project\data\raw\pdraw_wave\test\healthy\V55HO08.png,0,0.189136,0
pdraw_wave,vgg16,clean,0,C:\Users\ramti\Desktop\ramtin legion pc\article_project\data\raw\pdraw_wave\test\healthy\V55HO09.png,0,0.316334,0
pdraw_wave,vgg16,clean,0,C:\Users\ramti\Desktop\ramtin legion pc\article_project\data\raw\pdraw_wave\test\healthy\V55HO10.png,0,0.311063,0
pdraw_wave,vgg16,clean,0,C:\Users\ramti\Desktop\ramtin legion pc\article_project\data\raw\pdraw_wave\test\healthy\V55HO11.png,0,0.427763,1
pdraw_wave,vgg16,clean,0,C:\Users\ramti\Desktop\ramtin legion pc\article_project\data\raw\pdraw_wave\test\parkinson\V01PO01.png,1,0.470308,1
pdraw_wave,vgg16,clean,0,C:\Users\ramti\Desktop\ramtin legion pc\article_project\data\raw\pdraw_wave\test\parkinson\V02PO01.png,1,0.875793,1
pdraw_wave,vgg16,clean,0,C:\Users\ramti\Desktop\ramtin legion pc\article_project\data\raw\pdraw_wave\test\parkinson\V03PO01.png,1,0.789544,1
pdraw_wave,vgg16,clean,0,C:\Users\ramti\Desktop\ramtin legion pc\article_project\data\raw\pdraw_wave\test\parkinson\V03PO04.png,1,0.882258,1
pdraw_wave,vgg16,clean,0,C:\Users\ramti\Desktop\ramtin legion pc\article_project\data\raw\pdraw_wave\test\parkinson\V03PO07.png,1,0.866983,1
pdraw_wave,vgg16,clean,0,C:\Users\ramti\Desktop\ramtin legion pc\article_project\data\raw\pdraw_wave\test\parkinson\V04PO01.png,1,0.875371,1
pdraw_wave,vgg16,clean,0,C:\Users\ramti\Desktop\ramtin legion pc\article_project\data\raw\pdraw_wave\test\parkinson\V05PO01.png,1,0.864211,1
pdraw_wave,vgg16,clean,0,C:\Users\ramti\Desktop\ramtin legion pc\article_project\data\raw\pdraw_wave\test\parkinson\V06PO01.png,1,0.733638,1
pdraw_wave,vgg16,clean,0,C:\Users\ramti\Desktop\ramtin legion pc\article_project\data\raw\pdraw_wave\test\parkinson\V07PO01.png,1,0.944515,1
pdraw_wave,vgg16,clean,0,C:\Users\ramti\Desktop\ramtin legion pc\article_project\data\raw\pdraw_wave\test\parkinson\V08PO01.png,1,0.147545,0
pdraw_wave,vgg16,clean,0,C:\Users\ramti\Desktop\ramtin legion pc\article_project\data\raw\pdraw_wave\test\parkinson\V09PO01.png,1,0.849852,1
pdraw_wave,vgg16,clean,0,C:\Users\ramti\Desktop\ramtin legion pc\article_project\data\raw\pdraw_wave\test\parkinson\V10PO01.png,1,0.588037,1
pdraw_wave,vgg16,clean,0,C:\Users\ramti\Desktop\ramtin legion pc\article_project\data\raw\pdraw_wave\test\parkinson\V11PO01.png,1,0.362399,0
pdraw_wave,vgg16,clean,0,C:\Users\ramti\Desktop\ramtin legion pc\article_project\data\raw\pdraw_wave\test\parkinson\V14PO01.png,1,0.866161,1
pdraw_wave,vgg16,clean,0,C:\Users\ramti\Desktop\ramtin legion pc\article_project\data\raw\pdraw_wave\test\parkinson\V14PO03.png,1,0.833100,1
pdraw_wave,vgg16,jpeg_compression,1,C:\Users\ramti\Desktop\ramtin legion pc\article_project\data\raw\pdraw_wave\test\healthy\V01HO01.png,0,0.446733,1
pdraw_wave,vgg16,jpeg_compression,1,C:\Users\ramti\Desktop\ramtin legion pc\article_project\data\raw\pdraw_wave\test\healthy\V02HO01.png,0,0.204456,0
pdraw_wave,vgg16,jpeg_compression,1,C:\Users\ramti\Desktop\ramtin legion pc\article_project\data\raw\pdraw_wave\test\healthy\V03HO01.png,0,0.198982,0
pdraw_wave,vgg16,jpeg_compression,1,C:\Users\ramti\Desktop\ramtin legion pc\article_project\data\raw\pdraw_wave\test\healthy\V04HO01.png,0,0.187326,0
pdraw_wave,vgg16,jpeg_compression,1,C:\Users\ramti\Desktop\ramtin legion pc\article_project\data\raw\pdraw_wave\test\healthy\V05HO01.png,0,0.703485,1
pdraw_wave,vgg16,jpeg_compression,1,C:\Users\ramti\Desktop\ramtin legion pc\article_project\data\raw\pdraw_wave\test\healthy\V06HO01.png,0,0.283893,0
pdraw_wave,vgg16,jpeg_compression,1,C:\Users\ramti\Desktop\ramtin legion pc\article_project\data\raw\pdraw_wave\test\healthy\V07HO01.png,0,0.185550,0
pdraw_wave,vgg16,jpeg_compression,1,C:\Users\ramti\Desktop\ramtin legion pc\article_project\data\raw\pdraw_wave\test\healthy\V08HO01.png,0,0.218954,0
pdraw_wave,vgg16,jpeg_compression,1,C:\Users\ramti\Desktop\ramtin legion pc\article_project\data\raw\pdraw_wave\test\healthy\V09HO01.png,0,0.211260,0
pdraw_wave,vgg16,jpeg_compression,1,C:\Users\ramti\Desktop\ramtin legion pc\article_project\data\raw\pdraw_wave\test\healthy\V10HO01.png,0,0.357794,0
pdraw_wave,vgg16,jpeg_compression,1,C:\Users\ramti\Desktop\ramtin legion pc\article_project\data\raw\pdraw_wave\test\healthy\V11HO01.png,0,0.314980,0
pdraw_wave,vgg16,jpeg_compression,1,C:\Users\ramti\Desktop\ramtin legion pc\article_project\data\raw\pdraw_wave\test\healthy\V55HO08.png,0,0.181851,0
pdraw_wave,vgg16,jpeg_compression,1,C:\Users\ramti\Desktop\ramtin legion pc\article_project\data\raw\pdraw_wave\test\healthy\V55HO09.png,0,0.295020,0
pdraw_wave,vgg16,jpeg_compression,1,C:\Users\ramti\Desktop\ramtin legion pc\article_project\data\raw\pdraw_wave\test\healthy\V55HO10.png,0,0.286648,0
pdraw_wave,vgg16,jpeg_compression,1,C:\Users\ramti\Desktop\ramtin legion pc\article_project\data\raw\pdraw_wave\test\healthy\V55HO11.png,0,0.429073,1
pdraw_wave,vgg16,jpeg_compression,1,C:\Users\ramti\Desktop\ramtin legion pc\article_project\data\raw\pdraw_wave\test\parkinson\V01PO01.png,1,0.463101,1
pdraw_wave,vgg16,jpeg_compression,1,C:\Users\ramti\Desktop\ramtin legion pc\article_project\data\raw\pdraw_wave\test\parkinson\V02PO01.png,1,0.879902,1
pdraw_wave,vgg16,jpeg_compression,1,C:\Users\ramti\Desktop\ramtin legion pc\article_project\data\raw\pdraw_wave\test\parkinson\V03PO01.png,1,0.787122,1
pdraw_wave,vgg16,jpeg_compression,1,C:\Users\ramti\Desktop\ramtin legion pc\article_project\data\raw\pdraw_wave\test\parkinson\V03PO04.png,1,0.883655,1
pdraw_wave,vgg16,jpeg_compression,1,C:\Users\ramti\Desktop\ramtin legion pc\article_project\data\raw\pdraw_wave\test\parkinson\V03PO07.png,1,0.870986,1
pdraw_wave,vgg16,jpeg_compression,1,C:\Users\ramti\Desktop\ramtin legion pc\article_project\data\raw\pdraw_wave\test\parkinson\V04PO01.png,1,0.868464,1
pdraw_wave,vgg16,jpeg_compression,1,C:\Users\ramti\Desktop\ramtin legion pc\article_project\data\raw\pdraw_wave\test\parkinson\V05PO01.png,1,0.867379,1
pdraw_wave,vgg16,jpeg_compression,1,C:\Users\ramti\Desktop\ramtin legion pc\article_project\data\raw\pdraw_wave\test\parkinson\V06PO01.png,1,0.732302,1
pdraw_wave,vgg16,jpeg_compression,1,C:\Users\ramti\Desktop\ramtin legion pc\article_project\data\raw\pdraw_wave\test\parkinson\V07PO01.png,1,0.944598,1
pdraw_wave,vgg16,jpeg_compression,1,C:\Users\ramti\Desktop\ramtin legion pc\article_project\data\raw\pdraw_wave\test\parkinson\V08PO01.png,1,0.153735,0
pdraw_wave,vgg16,jpeg_compression,1,C:\Users\ramti\Desktop\ramtin legion pc\article_project\data\raw\pdraw_wave\test\parkinson\V09PO01.png,1,0.849771,1
pdraw_wave,vgg16,jpeg_compression,1,C:\Users\ramti\Desktop\ramtin legion pc\article_project\data\raw\pdraw_wave\test\parkinson\V10PO01.png,1,0.600308,1
pdraw_wave,vgg16,jpeg_compression,1,C:\Users\ramti\Desktop\ramtin legion pc\article_project\data\raw\pdraw_wave\test\parkinson\V11PO01.png,1,0.361756,0
pdraw_wave,vgg16,jpeg_compression,1,C:\Users\ramti\Desktop\ramtin legion pc\article_project\data\raw\pdraw_wave\test\parkinson\V14PO01.png,1,0.870472,1
pdraw_wave,vgg16,jpeg_compression,1,C:\Users\ramti\Desktop\ramtin legion pc\article_project\data\raw\pdraw_wave\test\parkinson\V14PO03.png,1,0.827363,1
pdraw_wave,vgg16,jpeg_compression,2,C:\Users\ramti\Desktop\ramtin legion pc\article_project\data\raw\pdraw_wave\test\healthy\V01HO01.png,0,0.480312,1
pdraw_wave,vgg16,jpeg_compression,2,C:\Users\ramti\Desktop\ramtin legion pc\article_project\data\raw\pdraw_wave\test\healthy\V02HO01.png,0,0.185095,0
pdraw_wave,vgg16,jpeg_compression,2,C:\Users\ramti\Desktop\ramtin legion pc\article_project\data\raw\pdraw_wave\test\healthy\V03HO01.png,0,0.185321,0
pdraw_wave,vgg16,jpeg_compression,2,C:\Users\ramti\Desktop\ramtin legion pc\article_project\data\raw\pdraw_wave\test\healthy\V04HO01.png,0,0.186022,0
pdraw_wave,vgg16,jpeg_compression,2,C:\Users\ramti\Desktop\ramtin legion pc\article_project\data\raw\pdraw_wave\test\healthy\V05HO01.png,0,0.691527,1
pdraw_wave,vgg16,jpeg_compression,2,C:\Users\ramti\Desktop\ramtin legion pc\article_project\data\raw\pdraw_wave\test\healthy\V06HO01.png,0,0.287679,0
pdraw_wave,vgg16,jpeg_compression,2,C:\Users\ramti\Desktop\ramtin legion pc\article_project\data\raw\pdraw_wave\test\healthy\V07HO01.png,0,0.166514,0
pdraw_wave,vgg16,jpeg_compression,2,C:\Users\ramti\Desktop\ramtin legion pc\article_project\data\raw\pdraw_wave\test\healthy\V08HO01.png,0,0.212404,0
pdraw_wave,vgg16,jpeg_compression,2,C:\Users\ramti\Desktop\ramtin legion pc\article_project\data\raw\pdraw_wave\test\healthy\V09HO01.png,0,0.180928,0
pdraw_wave,vgg16,jpeg_compression,2,C:\Users\ramti\Desktop\ramtin legion pc\article_project\data\raw\pdraw_wave\test\healthy\V10HO01.png,0,0.376886,0
pdraw_wave,vgg16,jpeg_compression,2,C:\Users\ramti\Desktop\ramtin legion pc\article_project\data\raw\pdraw_wave\test\healthy\V11HO01.png,0,0.322517,0
pdraw_wave,vgg16,jpeg_compression,2,C:\Users\ramti\Desktop\ramtin legion pc\article_project\data\raw\pdraw_wave\test\healthy\V55HO08.png,0,0.160550,0
pdraw_wave,vgg16,jpeg_compression,2,C:\Users\ramti\Desktop\ramtin legion pc\article_project\data\raw\pdraw_wave\test\healthy\V55HO09.png,0,0.302694,0
pdraw_wave,vgg16,jpeg_compression,2,C:\Users\ramti\Desktop\ramtin legion pc\article_project\data\raw\pdraw_wave\test\healthy\V55HO10.png,0,0.307386,0
pdraw_wave,vgg16,jpeg_compression,2,C:\Users\ramti\Desktop\ramtin legion pc\article_project\data\raw\pdraw_wave\test\healthy\V55HO11.png,0,0.418055,1
pdraw_wave,vgg16,jpeg_compression,2,C:\Users\ramti\Desktop\ramtin legion pc\article_project\data\raw\pdraw_wave\test\parkinson\V01PO01.png,1,0.436497,1
pdraw_wave,vgg16,jpeg_compression,2,C:\Users\ramti\Desktop\ramtin legion pc\article_project\data\raw\pdraw_wave\test\parkinson\V02PO01.png,1,0.880466,1
pdraw_wave,vgg16,jpeg_compression,2,C:\Users\ramti\Desktop\ramtin legion pc\article_project\data\raw\pdraw_wave\test\parkinson\V03PO01.png,1,0.790236,1
pdraw_wave,vgg16,jpeg_compression,2,C:\Users\ramti\Desktop\ramtin legion pc\article_project\data\raw\pdraw_wave\test\parkinson\V03PO04.png,1,0.883025,1
pdraw_wave,vgg16,jpeg_compression,2,C:\Users\ramti\Desktop\ramtin legion pc\article_project\data\raw\pdraw_wave\test\parkinson\V03PO07.png,1,0.869171,1
pdraw_wave,vgg16,jpeg_compression,2,C:\Users\ramti\Desktop\ramtin legion pc\article_project\data\raw\pdraw_wave\test\parkinson\V04PO01.png,1,0.871082,1
pdraw_wave,vgg16,jpeg_compression,2,C:\Users\ramti\Desktop\ramtin legion pc\article_project\data\raw\pdraw_wave\test\parkinson\V05PO01.png,1,0.868201,1
pdraw_wave,vgg16,jpeg_compression,2,C:\Users\ramti\Desktop\ramtin legion pc\article_project\data\raw\pdraw_wave\test\parkinson\V06PO01.png,1,0.723819,1
pdraw_wave,vgg16,jpeg_compression,2,C:\Users\ramti\Desktop\ramtin legion pc\article_project\data\raw\pdraw_wave\test\parkinson\V07PO01.png,1,0.942515,1
pdraw_wave,vgg16,jpeg_compression,2,C:\Users\ramti\Desktop\ramtin legion pc\article_project\data\raw\pdraw_wave\test\parkinson\V08PO01.png,1,0.164766,0
pdraw_wave,vgg16,jpeg_compression,2,C:\Users\ramti\Desktop\ramtin legion pc\article_project\data\raw\pdraw_wave\test\parkinson\V09PO01.png,1,0.849144,1
pdraw_wave,vgg16,jpeg_compression,2,C:\Users\ramti\Desktop\ramtin legion pc\article_project\data\raw\pdraw_wave\test\parkinson\V10PO01.png,1,0.568901,1
pdraw_wave,vgg16,jpeg_compression,2,C:\Users\ramti\Desktop\ramtin legion pc\article_project\data\raw\pdraw_wave\test\parkinson\V11PO01.png,1,0.352760,0
pdraw_wave,vgg16,jpeg_compression,2,C:\Users\ramti\Desktop\ramtin legion pc\article_project\data\raw\pdraw_wave\test\parkinson\V14PO01.png,1,0.855146,1
pdraw_wave,vgg16,jpeg_compression,2,C:\Users\ramti\Desktop\ramtin legion pc\article_project\data\raw\pdraw_wave\test\parkinson\V14PO03.png,1,0.822701,1
pdraw_wave,vgg16,jpeg_compression,3,C:\Users\ramti\Desktop\ramtin legion pc\article_project\data\raw\pdraw_wave\test\healthy\V01HO01.png,0,0.458887,1
pdraw_wave,vgg16,jpeg_compression,3,C:\Users\ramti\Desktop\ramtin legion pc\article_project\data\raw\pdraw_wave\test\healthy\V02HO01.png,0,0.182801,0
pdraw_wave,vgg16,jpeg_compression,3,C:\Users\ramti\Desktop\ramtin legion pc\article_project\data\raw\pdraw_wave\test\healthy\V03HO01.png,0,0.190136,0
pdraw_wave,vgg16,jpeg_compression,3,C:\Users\ramti\Desktop\ramtin legion pc\article_project\data\raw\pdraw_wave\test\healthy\V04HO01.png,0,0.198029,0
pdraw_wave,vgg16,jpeg_compression,3,C:\Users\ramti\Desktop\ramtin legion pc\article_project\data\raw\pdraw_wave\test\healthy\V05HO01.png,0,0.692372,1
pdraw_wave,vgg16,jpeg_compression,3,C:\Users\ramti\Desktop\ramtin legion pc\article_project\data\raw\pdraw_wave\test\healthy\V06HO01.png,0,0.272498,0
pdraw_wave,vgg16,jpeg_compression,3,C:\Users\ramti\Desktop\ramtin legion pc\article_project\data\raw\pdraw_wave\test\healthy\V07HO01.png,0,0.163296,0
pdraw_wave,vgg16,jpeg_compression,3,C:\Users\ramti\Desktop\ramtin legion pc\article_project\data\raw\pdraw_wave\test\healthy\V08HO01.png,0,0.235245,0
pdraw_wave,vgg16,jpeg_compression,3,C:\Users\ramti\Desktop\ramtin legion pc\article_project\data\raw\pdraw_wave\test\healthy\V09HO01.png,0,0.207344,0
pdraw_wave,vgg16,jpeg_compression,3,C:\Users\ramti\Desktop\ramtin legion pc\article_project\data\raw\pdraw_wave\test\healthy\V10HO01.png,0,0.373431,0
pdraw_wave,vgg16,jpeg_compression,3,C:\Users\ramti\Desktop\ramtin legion pc\article_project\data\raw\pdraw_wave\test\healthy\V11HO01.png,0,0.359896,0
pdraw_wave,vgg16,jpeg_compression,3,C:\Users\ramti\Desktop\ramtin legion pc\article_project\data\raw\pdraw_wave\test\healthy\V55HO08.png,0,0.166239,0
pdraw_wave,vgg16,jpeg_compression,3,C:\Users\ramti\Desktop\ramtin legion pc\article_project\data\raw\pdraw_wave\test\healthy\V55HO09.png,0,0.302227,0
pdraw_wave,vgg16,jpeg_compression,3,C:\Users\ramti\Desktop\ramtin legion pc\article_project\data\raw\pdraw_wave\test\healthy\V55HO10.png,0,0.280571,0
pdraw_wave,vgg16,jpeg_compression,3,C:\Users\ramti\Desktop\ramtin legion pc\article_project\data\raw\pdraw_wave\test\healthy\V55HO11.png,0,0.417904,1
pdraw_wave,vgg16,jpeg_compression,3,C:\Users\ramti\Desktop\ramtin legion pc\article_project\data\raw\pdraw_wave\test\parkinson\V01PO01.png,1,0.448793,1
pdraw_wave,vgg16,jpeg_compression,3,C:\Users\ramti\Desktop\ramtin legion pc\article_project\data\raw\pdraw_wave\test\parkinson\V02PO01.png,1,0.870231,1
pdraw_wave,vgg16,jpeg_compression,3,C:\Users\ramti\Desktop\ramtin legion pc\article_project\data\raw\pdraw_wave\test\parkinson\V03PO01.png,1,0.769752,1
pdraw_wave,vgg16,jpeg_compression,3,C:\Users\ramti\Desktop\ramtin legion pc\article_project\data\raw\pdraw_wave\test\parkinson\V03PO04.png,1,0.870007,1
pdraw_wave,vgg16,jpeg_compression,3,C:\Users\ramti\Desktop\ramtin legion pc\article_project\data\raw\pdraw_wave\test\parkinson\V03PO07.png,1,0.862145,1
pdraw_wave,vgg16,jpeg_compression,3,C:\Users\ramti\Desktop\ramtin legion pc\article_project\data\raw\pdraw_wave\test\parkinson\V04PO01.png,1,0.866065,1
pdraw_wave,vgg16,jpeg_compression,3,C:\Users\ramti\Desktop\ramtin legion pc\article_project\data\raw\pdraw_wave\test\parkinson\V05PO01.png,1,0.868022,1
pdraw_wave,vgg16,jpeg_compression,3,C:\Users\ramti\Desktop\ramtin legion pc\article_project\data\raw\pdraw_wave\test\parkinson\V06PO01.png,1,0.680963,1
pdraw_wave,vgg16,jpeg_compression,3,C:\Users\ramti\Desktop\ramtin legion pc\article_project\data\raw\pdraw_wave\test\parkinson\V07PO01.png,1,0.935838,1
pdraw_wave,vgg16,jpeg_compression,3,C:\Users\ramti\Desktop\ramtin legion pc\article_project\data\raw\pdraw_wave\test\parkinson\V08PO01.png,1,0.159951,0
pdraw_wave,vgg16,jpeg_compression,3,C:\Users\ramti\Desktop\ramtin legion pc\article_project\data\raw\pdraw_wave\test\parkinson\V09PO01.png,1,0.848922,1
pdraw_wave,vgg16,jpeg_compression,3,C:\Users\ramti\Desktop\ramtin legion pc\article_project\data\raw\pdraw_wave\test\parkinson\V10PO01.png,1,0.590257,1
pdraw_wave,vgg16,jpeg_compression,3,C:\Users\ramti\Desktop\ramtin legion pc\article_project\data\raw\pdraw_wave\test\parkinson\V11PO01.png,1,0.332921,0
pdraw_wave,vgg16,jpeg_compression,3,C:\Users\ramti\Desktop\ramtin legion pc\article_project\data\raw\pdraw_wave\test\parkinson\V14PO01.png,1,0.869192,1
pdraw_wave,vgg16,jpeg_compression,3,C:\Users\ramti\Desktop\ramtin legion pc\article_project\data\raw\pdraw_wave\test\parkinson\V14PO03.png,1,0.821563,1
pdraw_wave,vgg16,jpeg_compression,4,C:\Users\ramti\Desktop\ramtin legion pc\article_project\data\raw\pdraw_wave\test\healthy\V01HO01.png,0,0.519044,1
pdraw_wave,vgg16,jpeg_compression,4,C:\Users\ramti\Desktop\ramtin legion pc\article_project\data\raw\pdraw_wave\test\healthy\V02HO01.png,0,0.244633,0
pdraw_wave,vgg16,jpeg_compression,4,C:\Users\ramti\Desktop\ramtin legion pc\article_project\data\raw\pdraw_wave\test\healthy\V03HO01.png,0,0.191333,0
pdraw_wave,vgg16,jpeg_compression,4,C:\Users\ramti\Desktop\ramtin legion pc\article_project\data\raw\pdraw_wave\test\healthy\V04HO01.png,0,0.218768,0
pdraw_wave,vgg16,jpeg_compression,4,C:\Users\ramti\Desktop\ramtin legion pc\article_project\data\raw\pdraw_wave\test\healthy\V05HO01.png,0,0.676080,1
pdraw_wave,vgg16,jpeg_compression,4,C:\Users\ramti\Desktop\ramtin legion pc\article_project\data\raw\pdraw_wave\test\healthy\V06HO01.png,0,0.310918,0
pdraw_wave,vgg16,jpeg_compression,4,C:\Users\ramti\Desktop\ramtin legion pc\article_project\data\raw\pdraw_wave\test\healthy\V07HO01.png,0,0.221332,0
pdraw_wave,vgg16,jpeg_compression,4,C:\Users\ramti\Desktop\ramtin legion pc\article_project\data\raw\pdraw_wave\test\healthy\V08HO01.png,0,0.238616,0
pdraw_wave,vgg16,jpeg_compression,4,C:\Users\ramti\Desktop\ramtin legion pc\article_project\data\raw\pdraw_wave\test\healthy\V09HO01.png,0,0.213214,0
pdraw_wave,vgg16,jpeg_compression,4,C:\Users\ramti\Desktop\ramtin legion pc\article_project\data\raw\pdraw_wave\test\healthy\V10HO01.png,0,0.370538,0
pdraw_wave,vgg16,jpeg_compression,4,C:\Users\ramti\Desktop\ramtin legion pc\article_project\data\raw\pdraw_wave\test\healthy\V11HO01.png,0,0.308039,0
pdraw_wave,vgg16,jpeg_compression,4,C:\Users\ramti\Desktop\ramtin legion pc\article_project\data\raw\pdraw_wave\test\healthy\V55HO08.png,0,0.170975,0
pdraw_wave,vgg16,jpeg_compression,4,C:\Users\ramti\Desktop\ramtin legion pc\article_project\data\raw\pdraw_wave\test\healthy\V55HO09.png,0,0.285082,0
pdraw_wave,vgg16,jpeg_compression,4,C:\Users\ramti\Desktop\ramtin legion pc\article_project\data\raw\pdraw_wave\test\healthy\V55HO10.png,0,0.334258,0
pdraw_wave,vgg16,jpeg_compression,4,C:\Users\ramti\Desktop\ramtin legion pc\article_project\data\raw\pdraw_wave\test\healthy\V55HO11.png,0,0.400837,1
pdraw_wave,vgg16,jpeg_compression,4,C:\Users\ramti\Desktop\ramtin legion pc\article_project\data\raw\pdraw_wave\test\parkinson\V01PO01.png,1,0.404499,1
pdraw_wave,vgg16,jpeg_compression,4,C:\Users\ramti\Desktop\ramtin legion pc\article_project\data\raw\pdraw_wave\test\parkinson\V02PO01.png,1,0.830279,1
pdraw_wave,vgg16,jpeg_compression,4,C:\Users\ramti\Desktop\ramtin legion pc\article_project\data\raw\pdraw_wave\test\parkinson\V03PO01.png,1,0.801446,1
pdraw_wave,vgg16,jpeg_compression,4,C:\Users\ramti\Desktop\ramtin legion pc\article_project\data\raw\pdraw_wave\test\parkinson\V03PO04.png,1,0.849674,1
pdraw_wave,vgg16,jpeg_compression,4,C:\Users\ramti\Desktop\ramtin legion pc\article_project\data\raw\pdraw_wave\test\parkinson\V03PO07.png,1,0.854967,1
pdraw_wave,vgg16,jpeg_compression,4,C:\Users\ramti\Desktop\ramtin legion pc\article_project\data\raw\pdraw_wave\test\parkinson\V04PO01.png,1,0.851505,1
pdraw_wave,vgg16,jpeg_compression,4,C:\Users\ramti\Desktop\ramtin legion pc\article_project\data\raw\pdraw_wave\test\parkinson\V05PO01.png,1,0.869673,1
pdraw_wave,vgg16,jpeg_compression,4,C:\Users\ramti\Desktop\ramtin legion pc\article_project\data\raw\pdraw_wave\test\parkinson\V06PO01.png,1,0.689488,1
pdraw_wave,vgg16,jpeg_compression,4,C:\Users\ramti\Desktop\ramtin legion pc\article_project\data\raw\pdraw_wave\test\parkinson\V07PO01.png,1,0.919603,1
pdraw_wave,vgg16,jpeg_compression,4,C:\Users\ramti\Desktop\ramtin legion pc\article_project\data\raw\pdraw_wave\test\parkinson\V08PO01.png,1,0.194389,0
pdraw_wave,vgg16,jpeg_compression,4,C:\Users\ramti\Desktop\ramtin legion pc\article_project\data\raw\pdraw_wave\test\parkinson\V09PO01.png,1,0.829585,1
pdraw_wave,vgg16,jpeg_compression,4,C:\Users\ramti\Desktop\ramtin legion pc\article_project\data\raw\pdraw_wave\test\parkinson\V10PO01.png,1,0.543169,1
pdraw_wave,vgg16,jpeg_compression,4,C:\Users\ramti\Desktop\ramtin legion pc\article_project\data\raw\pdraw_wave\test\parkinson\V11PO01.png,1,0.366675,0
pdraw_wave,vgg16,jpeg_compression,4,C:\Users\ramti\Desktop\ramtin legion pc\article_project\data\raw\pdraw_wave\test\parkinson\V14PO01.png,1,0.845859,1
pdraw_wave,vgg16,jpeg_compression,4,C:\Users\ramti\Desktop\ramtin legion pc\article_project\data\raw\pdraw_wave\test\parkinson\V14PO03.png,1,0.825433,1
pdraw_wave,vgg16,jpeg_compression,5,C:\Users\ramti\Desktop\ramtin legion pc\article_project\data\raw\pdraw_wave\test\healthy\V01HO01.png,0,0.346811,0
pdraw_wave,vgg16,jpeg_compression,5,C:\Users\ramti\Desktop\ramtin legion pc\article_project\data\raw\pdraw_wave\test\healthy\V02HO01.png,0,0.254843,0
pdraw_wave,vgg16,jpeg_compression,5,C:\Users\ramti\Desktop\ramtin legion pc\article_project\data\raw\pdraw_wave\test\healthy\V03HO01.png,0,0.263064,0
pdraw_wave,vgg16,jpeg_compression,5,C:\Users\ramti\Desktop\ramtin legion pc\article_project\data\raw\pdraw_wave\test\healthy\V04HO01.png,0,0.254241,0
pdraw_wave,vgg16,jpeg_compression,5,C:\Users\ramti\Desktop\ramtin legion pc\article_project\data\raw\pdraw_wave\test\healthy\V05HO01.png,0,0.387575,0
pdraw_wave,vgg16,jpeg_compression,5,C:\Users\ramti\Desktop\ramtin legion pc\article_project\data\raw\pdraw_wave\test\healthy\V06HO01.png,0,0.317487,0
pdraw_wave,vgg16,jpeg_compression,5,C:\Users\ramti\Desktop\ramtin legion pc\article_project\data\raw\pdraw_wave\test\healthy\V07HO01.png,0,0.222477,0
pdraw_wave,vgg16,jpeg_compression,5,C:\Users\ramti\Desktop\ramtin legion pc\article_project\data\raw\pdraw_wave\test\healthy\V08HO01.png,0,0.269935,0
pdraw_wave,vgg16,jpeg_compression,5,C:\Users\ramti\Desktop\ramtin legion pc\article_project\data\raw\pdraw_wave\test\healthy\V09HO01.png,0,0.332018,0
pdraw_wave,vgg16,jpeg_compression,5,C:\Users\ramti\Desktop\ramtin legion pc\article_project\data\raw\pdraw_wave\test\healthy\V10HO01.png,0,0.299514,0
pdraw_wave,vgg16,jpeg_compression,5,C:\Users\ramti\Desktop\ramtin legion pc\article_project\data\raw\pdraw_wave\test\healthy\V11HO01.png,0,0.239450,0
pdraw_wave,vgg16,jpeg_compression,5,C:\Users\ramti\Desktop\ramtin legion pc\article_project\data\raw\pdraw_wave\test\healthy\V55HO08.png,0,0.214217,0
pdraw_wave,vgg16,jpeg_compression,5,C:\Users\ramti\Desktop\ramtin legion pc\article_project\data\raw\pdraw_wave\test\healthy\V55HO09.png,0,0.241281,0
pdraw_wave,vgg16,jpeg_compression,5,C:\Users\ramti\Desktop\ramtin legion pc\article_project\data\raw\pdraw_wave\test\healthy\V55HO10.png,0,0.256439,0
pdraw_wave,vgg16,jpeg_compression,5,C:\Users\ramti\Desktop\ramtin legion pc\article_project\data\raw\pdraw_wave\test\healthy\V55HO11.png,0,0.324437,0
pdraw_wave,vgg16,jpeg_compression,5,C:\Users\ramti\Desktop\ramtin legion pc\article_project\data\raw\pdraw_wave\test\parkinson\V01PO01.png,1,0.381331,0
pdraw_wave,vgg16,jpeg_compression,5,C:\Users\ramti\Desktop\ramtin legion pc\article_project\data\raw\pdraw_wave\test\parkinson\V02PO01.png,1,0.654181,1
pdraw_wave,vgg16,jpeg_compression,5,C:\Users\ramti\Desktop\ramtin legion pc\article_project\data\raw\pdraw_wave\test\parkinson\V03PO01.png,1,0.579217,1
pdraw_wave,vgg16,jpeg_compression,5,C:\Users\ramti\Desktop\ramtin legion pc\article_project\data\raw\pdraw_wave\test\parkinson\V03PO04.png,1,0.724389,1
pdraw_wave,vgg16,jpeg_compression,5,C:\Users\ramti\Desktop\ramtin legion pc\article_project\data\raw\pdraw_wave\test\parkinson\V03PO07.png,1,0.627736,1
pdraw_wave,vgg16,jpeg_compression,5,C:\Users\ramti\Desktop\ramtin legion pc\article_project\data\raw\pdraw_wave\test\parkinson\V04PO01.png,1,0.732755,1
pdraw_wave,vgg16,jpeg_compression,5,C:\Users\ramti\Desktop\ramtin legion pc\article_project\data\raw\pdraw_wave\test\parkinson\V05PO01.png,1,0.773806,1
pdraw_wave,vgg16,jpeg_compression,5,C:\Users\ramti\Desktop\ramtin legion pc\article_project\data\raw\pdraw_wave\test\parkinson\V06PO01.png,1,0.562135,1
pdraw_wave,vgg16,jpeg_compression,5,C:\Users\ramti\Desktop\ramtin legion pc\article_project\data\raw\pdraw_wave\test\parkinson\V07PO01.png,1,0.814496,1
pdraw_wave,vgg16,jpeg_compression,5,C:\Users\ramti\Desktop\ramtin legion pc\article_project\data\raw\pdraw_wave\test\parkinson\V08PO01.png,1,0.187366,0
pdraw_wave,vgg16,jpeg_compression,5,C:\Users\ramti\Desktop\ramtin legion pc\article_project\data\raw\pdraw_wave\test\parkinson\V09PO01.png,1,0.676562,1
pdraw_wave,vgg16,jpeg_compression,5,C:\Users\ramti\Desktop\ramtin legion pc\article_project\data\raw\pdraw_wave\test\parkinson\V10PO01.png,1,0.279503,0
pdraw_wave,vgg16,jpeg_compression,5,C:\Users\ramti\Desktop\ramtin legion pc\article_project\data\raw\pdraw_wave\test\parkinson\V11PO01.png,1,0.281568,0
pdraw_wave,vgg16,jpeg_compression,5,C:\Users\ramti\Desktop\ramtin legion pc\article_project\data\raw\pdraw_wave\test\parkinson\V14PO01.png,1,0.693477,1
pdraw_wave,vgg16,jpeg_compression,5,C:\Users\ramti\Desktop\ramtin legion pc\article_project\data\raw\pdraw_wave\test\parkinson\V14PO03.png,1,0.673438,1
pdraw_wave,vgg16,gaussian_blur,1,C:\Users\ramti\Desktop\ramtin legion pc\article_project\data\raw\pdraw_wave\test\healthy\V01HO01.png,0,0.531465,1
pdraw_wave,vgg16,gaussian_blur,1,C:\Users\ramti\Desktop\ramtin legion pc\article_project\data\raw\pdraw_wave\test\healthy\V02HO01.png,0,0.224585,0
pdraw_wave,vgg16,gaussian_blur,1,C:\Users\ramti\Desktop\ramtin legion pc\article_project\data\raw\pdraw_wave\test\healthy\V03HO01.png,0,0.244507,0
pdraw_wave,vgg16,gaussian_blur,1,C:\Users\ramti\Desktop\ramtin legion pc\article_project\data\raw\pdraw_wave\test\healthy\V04HO01.png,0,0.267759,0
pdraw_wave,vgg16,gaussian_blur,1,C:\Users\ramti\Desktop\ramtin legion pc\article_project\data\raw\pdraw_wave\test\healthy\V05HO01.png,0,0.788188,1
pdraw_wave,vgg16,gaussian_blur,1,C:\Users\ramti\Desktop\ramtin legion pc\article_project\data\raw\pdraw_wave\test\healthy\V06HO01.png,0,0.355858,0
pdraw_wave,vgg16,gaussian_blur,1,C:\Users\ramti\Desktop\ramtin legion pc\article_project\data\raw\pdraw_wave\test\healthy\V07HO01.png,0,0.173291,0
pdraw_wave,vgg16,gaussian_blur,1,C:\Users\ramti\Desktop\ramtin legion pc\article_project\data\raw\pdraw_wave\test\healthy\V08HO01.png,0,0.271920,0
pdraw_wave,vgg16,gaussian_blur,1,C:\Users\ramti\Desktop\ramtin legion pc\article_project\data\raw\pdraw_wave\test\healthy\V09HO01.png,0,0.281335,0
pdraw_wave,vgg16,gaussian_blur,1,C:\Users\ramti\Desktop\ramtin legion pc\article_project\data\raw\pdraw_wave\test\healthy\V10HO01.png,0,0.388991,0
pdraw_wave,vgg16,gaussian_blur,1,C:\Users\ramti\Desktop\ramtin legion pc\article_project\data\raw\pdraw_wave\test\healthy\V11HO01.png,0,0.424831,1
pdraw_wave,vgg16,gaussian_blur,1,C:\Users\ramti\Desktop\ramtin legion pc\article_project\data\raw\pdraw_wave\test\healthy\V55HO08.png,0,0.242132,0
pdraw_wave,vgg16,gaussian_blur,1,C:\Users\ramti\Desktop\ramtin legion pc\article_project\data\raw\pdraw_wave\test\healthy\V55HO09.png,0,0.392630,0
pdraw_wave,vgg16,gaussian_blur,1,C:\Users\ramti\Desktop\ramtin legion pc\article_project\data\raw\pdraw_wave\test\healthy\V55HO10.png,0,0.291162,0
pdraw_wave,vgg16,gaussian_blur,1,C:\Users\ramti\Desktop\ramtin legion pc\article_project\data\raw\pdraw_wave\test\healthy\V55HO11.png,0,0.522479,1
pdraw_wave,vgg16,gaussian_blur,1,C:\Users\ramti\Desktop\ramtin legion pc\article_project\data\raw\pdraw_wave\test\parkinson\V01PO01.png,1,0.536847,1
pdraw_wave,vgg16,gaussian_blur,1,C:\Users\ramti\Desktop\ramtin legion pc\article_project\data\raw\pdraw_wave\test\parkinson\V02PO01.png,1,0.922827,1
pdraw_wave,vgg16,gaussian_blur,1,C:\Users\ramti\Desktop\ramtin legion pc\article_project\data\raw\pdraw_wave\test\parkinson\V03PO01.png,1,0.841033,1
pdraw_wave,vgg16,gaussian_blur,1,C:\Users\ramti\Desktop\ramtin legion pc\article_project\data\raw\pdraw_wave\test\parkinson\V03PO04.png,1,0.889944,1
pdraw_wave,vgg16,gaussian_blur,1,C:\Users\ramti\Desktop\ramtin legion pc\article_project\data\raw\pdraw_wave\test\parkinson\V03PO07.png,1,0.891949,1
pdraw_wave,vgg16,gaussian_blur,1,C:\Users\ramti\Desktop\ramtin legion pc\article_project\data\raw\pdraw_wave\test\parkinson\V04PO01.png,1,0.875608,1
pdraw_wave,vgg16,gaussian_blur,1,C:\Users\ramti\Desktop\ramtin legion pc\article_project\data\raw\pdraw_wave\test\parkinson\V05PO01.png,1,0.870246,1
pdraw_wave,vgg16,gaussian_blur,1,C:\Users\ramti\Desktop\ramtin legion pc\article_project\data\raw\pdraw_wave\test\parkinson\V06PO01.png,1,0.818021,1
pdraw_wave,vgg16,gaussian_blur,1,C:\Users\ramti\Desktop\ramtin legion pc\article_project\data\raw\pdraw_wave\test\parkinson\V07PO01.png,1,0.946772,1
pdraw_wave,vgg16,gaussian_blur,1,C:\Users\ramti\Desktop\ramtin legion pc\article_project\data\raw\pdraw_wave\test\parkinson\V08PO01.png,1,0.207736,0
pdraw_wave,vgg16,gaussian_blur,1,C:\Users\ramti\Desktop\ramtin legion pc\article_project\data\raw\pdraw_wave\test\parkinson\V09PO01.png,1,0.866719,1
pdraw_wave,vgg16,gaussian_blur,1,C:\Users\ramti\Desktop\ramtin legion pc\article_project\data\raw\pdraw_wave\test\parkinson\V10PO01.png,1,0.659337,1
pdraw_wave,vgg16,gaussian_blur,1,C:\Users\ramti\Desktop\ramtin legion pc\article_project\data\raw\pdraw_wave\test\parkinson\V11PO01.png,1,0.455518,1
pdraw_wave,vgg16,gaussian_blur,1,C:\Users\ramti\Desktop\ramtin legion pc\article_project\data\raw\pdraw_wave\test\parkinson\V14PO01.png,1,0.874704,1
pdraw_wave,vgg16,gaussian_blur,1,C:\Users\ramti\Desktop\ramtin legion pc\article_project\data\raw\pdraw_wave\test\parkinson\V14PO03.png,1,0.828667,1
pdraw_wave,vgg16,gaussian_blur,2,C:\Users\ramti\Desktop\ramtin legion pc\article_project\data\raw\pdraw_wave\test\healthy\V01HO01.png,0,0.584345,1
pdraw_wave,vgg16,gaussian_blur,2,C:\Users\ramti\Desktop\ramtin legion pc\article_project\data\raw\pdraw_wave\test\healthy\V02HO01.png,0,0.247938,0
pdraw_wave,vgg16,gaussian_blur,2,C:\Users\ramti\Desktop\ramtin legion pc\article_project\data\raw\pdraw_wave\test\healthy\V03HO01.png,0,0.275629,0
pdraw_wave,vgg16,gaussian_blur,2,C:\Users\ramti\Desktop\ramtin legion pc\article_project\data\raw\pdraw_wave\test\healthy\V04HO01.png,0,0.308665,0
pdraw_wave,vgg16,gaussian_blur,2,C:\Users\ramti\Desktop\ramtin legion pc\article_project\data\raw\pdraw_wave\test\healthy\V05HO01.png,0,0.803143,1
pdraw_wave,vgg16,gaussian_blur,2,C:\Users\ramti\Desktop\ramtin legion pc\article_project\data\raw\pdraw_wave\test\healthy\V06HO01.png,0,0.430401,1
pdraw_wave,vgg16,gaussian_blur,2,C:\Users\ramti\Desktop\ramtin legion pc\article_project\data\raw\pdraw_wave\test\healthy\V07HO01.png,0,0.189940,0
pdraw_wave,vgg16,gaussian_blur,2,C:\Users\ramti\Desktop\ramtin legion pc\article_project\data\raw\pdraw_wave\test\healthy\V08HO01.png,0,0.329303,0
pdraw_wave,vgg16,gaussian_blur,2,C:\Users\ramti\Desktop\ramtin legion pc\article_project\data\raw\pdraw_wave\test\healthy\V09HO01.png,0,0.323163,0
pdraw_wave,vgg16,gaussian_blur,2,C:\Users\ramti\Desktop\ramtin legion pc\article_project\data\raw\pdraw_wave\test\healthy\V10HO01.png,0,0.384109,0
pdraw_wave,vgg16,gaussian_blur,2,C:\Users\ramti\Desktop\ramtin legion pc\article_project\data\raw\pdraw_wave\test\healthy\V11HO01.png,0,0.429279,1
pdraw_wave,vgg16,gaussian_blur,2,C:\Users\ramti\Desktop\ramtin legion pc\article_project\data\raw\pdraw_wave\test\healthy\V55HO08.png,0,0.260255,0
pdraw_wave,vgg16,gaussian_blur,2,C:\Users\ramti\Desktop\ramtin legion pc\article_project\data\raw\pdraw_wave\test\healthy\V55HO09.png,0,0.437872,1
pdraw_wave,vgg16,gaussian_blur,2,C:\Users\ramti\Desktop\ramtin legion pc\article_project\data\raw\pdraw_wave\test\healthy\V55HO10.png,0,0.260419,0
pdraw_wave,vgg16,gaussian_blur,2,C:\Users\ramti\Desktop\ramtin legion pc\article_project\data\raw\pdraw_wave\test\healthy\V55HO11.png,0,0.549068,1
pdraw_wave,vgg16,gaussian_blur,2,C:\Users\ramti\Desktop\ramtin legion pc\article_project\data\raw\pdraw_wave\test\parkinson\V01PO01.png,1,0.593048,1
pdraw_wave,vgg16,gaussian_blur,2,C:\Users\ramti\Desktop\ramtin legion pc\article_project\data\raw\pdraw_wave\test\parkinson\V02PO01.png,1,0.927000,1
pdraw_wave,vgg16,gaussian_blur,2,C:\Users\ramti\Desktop\ramtin legion pc\article_project\data\raw\pdraw_wave\test\parkinson\V03PO01.png,1,0.859228,1
pdraw_wave,vgg16,gaussian_blur,2,C:\Users\ramti\Desktop\ramtin legion pc\article_project\data\raw\pdraw_wave\test\parkinson\V03PO04.png,1,0.897444,1
pdraw_wave,vgg16,gaussian_blur,2,C:\Users\ramti\Desktop\ramtin legion pc\article_project\data\raw\pdraw_wave\test\parkinson\V03PO07.png,1,0.889842,1
pdraw_wave,vgg16,gaussian_blur,2,C:\Users\ramti\Desktop\ramtin legion pc\article_project\data\raw\pdraw_wave\test\parkinson\V04PO01.png,1,0.872593,1
pdraw_wave,vgg16,gaussian_blur,2,C:\Users\ramti\Desktop\ramtin legion pc\article_project\data\raw\pdraw_wave\test\parkinson\V05PO01.png,1,0.873690,1
pdraw_wave,vgg16,gaussian_blur,2,C:\Users\ramti\Desktop\ramtin legion pc\article_project\data\raw\pdraw_wave\test\parkinson\V06PO01.png,1,0.828343,1
pdraw_wave,vgg16,gaussian_blur,2,C:\Users\ramti\Desktop\ramtin legion pc\article_project\data\raw\pdraw_wave\test\parkinson\V07PO01.png,1,0.945991,1
pdraw_wave,vgg16,gaussian_blur,2,C:\Users\ramti\Desktop\ramtin legion pc\article_project\data\raw\pdraw_wave\test\parkinson\V08PO01.png,1,0.258170,0
pdraw_wave,vgg16,gaussian_blur,2,C:\Users\ramti\Desktop\ramtin legion pc\article_project\data\raw\pdraw_wave\test\parkinson\V09PO01.png,1,0.871480,1
pdraw_wave,vgg16,gaussian_blur,2,C:\Users\ramti\Desktop\ramtin legion pc\article_project\data\raw\pdraw_wave\test\parkinson\V10PO01.png,1,0.684708,1
pdraw_wave,vgg16,gaussian_blur,2,C:\Users\ramti\Desktop\ramtin legion pc\article_project\data\raw\pdraw_wave\test\parkinson\V11PO01.png,1,0.501872,1
pdraw_wave,vgg16,gaussian_blur,2,C:\Users\ramti\Desktop\ramtin legion pc\article_project\data\raw\pdraw_wave\test\parkinson\V14PO01.png,1,0.872359,1
pdraw_wave,vgg16,gaussian_blur,2,C:\Users\ramti\Desktop\ramtin legion pc\article_project\data\raw\pdraw_wave\test\parkinson\V14PO03.png,1,0.818401,1
pdraw_wave,vgg16,gaussian_blur,3,C:\Users\ramti\Desktop\ramtin legion pc\article_project\data\raw\pdraw_wave\test\healthy\V01HO01.png,0,0.618574,1
pdraw_wave,vgg16,gaussian_blur,3,C:\Users\ramti\Desktop\ramtin legion pc\article_project\data\raw\pdraw_wave\test\healthy\V02HO01.png,0,0.229479,0
pdraw_wave,vgg16,gaussian_blur,3,C:\Users\ramti\Desktop\ramtin legion pc\article_project\data\raw\pdraw_wave\test\healthy\V03HO01.png,0,0.308899,0
pdraw_wave,vgg16,gaussian_blur,3,C:\Users\ramti\Desktop\ramtin legion pc\article_project\data\raw\pdraw_wave\test\healthy\V04HO01.png,0,0.340641,0
pdraw_wave,vgg16,gaussian_blur,3,C:\Users\ramti\Desktop\ramtin legion pc\article_project\data\raw\pdraw_wave\test\healthy\V05HO01.png,0,0.798279,1
pdraw_wave,vgg16,gaussian_blur,3,C:\Users\ramti\Desktop\ramtin legion pc\article_project\data\raw\pdraw_wave\test\healthy\V06HO01.png,0,0.454768,1
pdraw_wave,vgg16,gaussian_blur,3,C:\Users\ramti\Desktop\ramtin legion pc\article_project\data\raw\pdraw_wave\test\healthy\V07HO01.png,0,0.215168,0
pdraw_wave,vgg16,gaussian_blur,3,C:\Users\ramti\Desktop\ramtin legion pc\article_project\data\raw\pdraw_wave\test\healthy\V08HO01.png,0,0.375827,0
pdraw_wave,vgg16,gaussian_blur,3,C:\Users\ramti\Desktop\ramtin legion pc\article_project\data\raw\pdraw_wave\test\healthy\V09HO01.png,0,0.358597,0
pdraw_wave,vgg16,gaussian_blur,3,C:\Users\ramti\Desktop\ramtin legion pc\article_project\data\raw\pdraw_wave\test\healthy\V10HO01.png,0,0.344024,0
pdraw_wave,vgg16,gaussian_blur,3,C:\Users\ramti\Desktop\ramtin legion pc\article_project\data\raw\pdraw_wave\test\healthy\V11HO01.png,0,0.433468,1
pdraw_wave,vgg16,gaussian_blur,3,C:\Users\ramti\Desktop\ramtin legion pc\article_project\data\raw\pdraw_wave\test\healthy\V55HO08.png,0,0.268356,0
pdraw_wave,vgg16,gaussian_blur,3,C:\Users\ramti\Desktop\ramtin legion pc\article_project\data\raw\pdraw_wave\test\healthy\V55HO09.png,0,0.436772,1
pdraw_wave,vgg16,gaussian_blur,3,C:\Users\ramti\Desktop\ramtin legion pc\article_project\data\raw\pdraw_wave\test\healthy\V55HO10.png,0,0.220495,0
pdraw_wave,vgg16,gaussian_blur,3,C:\Users\ramti\Desktop\ramtin legion pc\article_project\data\raw\pdraw_wave\test\healthy\V55HO11.png,0,0.539849,1
pdraw_wave,vgg16,gaussian_blur,3,C:\Users\ramti\Desktop\ramtin legion pc\article_project\data\raw\pdraw_wave\test\parkinson\V01PO01.png,1,0.613525,1
pdraw_wave,vgg16,gaussian_blur,3,C:\Users\ramti\Desktop\ramtin legion pc\article_project\data\raw\pdraw_wave\test\parkinson\V02PO01.png,1,0.910825,1
pdraw_wave,vgg16,gaussian_blur,3,C:\Users\ramti\Desktop\ramtin legion pc\article_project\data\raw\pdraw_wave\test\parkinson\V03PO01.png,1,0.866459,1
pdraw_wave,vgg16,gaussian_blur,3,C:\Users\ramti\Desktop\ramtin legion pc\article_project\data\raw\pdraw_wave\test\parkinson\V03PO04.png,1,0.901205,1
pdraw_wave,vgg16,gaussian_blur,3,C:\Users\ramti\Desktop\ramtin legion pc\article_project\data\raw\pdraw_wave\test\parkinson\V03PO07.png,1,0.878111,1
pdraw_wave,vgg16,gaussian_blur,3,C:\Users\ramti\Desktop\ramtin legion pc\article_project\data\raw\pdraw_wave\test\parkinson\V04PO01.png,1,0.869429,1
pdraw_wave,vgg16,gaussian_blur,3,C:\Users\ramti\Desktop\ramtin legion pc\article_project\data\raw\pdraw_wave\test\parkinson\V05PO01.png,1,0.881780,1
pdraw_wave,vgg16,gaussian_blur,3,C:\Users\ramti\Desktop\ramtin legion pc\article_project\data\raw\pdraw_wave\test\parkinson\V06PO01.png,1,0.805706,1
pdraw_wave,vgg16,gaussian_blur,3,C:\Users\ramti\Desktop\ramtin legion pc\article_project\data\raw\pdraw_wave\test\parkinson\V07PO01.png,1,0.943965,1
pdraw_wave,vgg16,gaussian_blur,3,C:\Users\ramti\Desktop\ramtin legion pc\article_project\data\raw\pdraw_wave\test\parkinson\V08PO01.png,1,0.294602,0
pdraw_wave,vgg16,gaussian_blur,3,C:\Users\ramti\Desktop\ramtin legion pc\article_project\data\raw\pdraw_wave\test\parkinson\V09PO01.png,1,0.873564,1
pdraw_wave,vgg16,gaussian_blur,3,C:\Users\ramti\Desktop\ramtin legion pc\article_project\data\raw\pdraw_wave\test\parkinson\V10PO01.png,1,0.646757,1
pdraw_wave,vgg16,gaussian_blur,3,C:\Users\ramti\Desktop\ramtin legion pc\article_project\data\raw\pdraw_wave\test\parkinson\V11PO01.png,1,0.573535,1
pdraw_wave,vgg16,gaussian_blur,3,C:\Users\ramti\Desktop\ramtin legion pc\article_project\data\raw\pdraw_wave\test\parkinson\V14PO01.png,1,0.873548,1
pdraw_wave,vgg16,gaussian_blur,3,C:\Users\ramti\Desktop\ramtin legion pc\article_project\data\raw\pdraw_wave\test\parkinson\V14PO03.png,1,0.792729,1
pdraw_wave,vgg16,gaussian_blur,4,C:\Users\ramti\Desktop\ramtin legion pc\article_project\data\raw\pdraw_wave\test\healthy\V01HO01.png,0,0.595583,1
pdraw_wave,vgg16,gaussian_blur,4,C:\Users\ramti\Desktop\ramtin legion pc\article_project\data\raw\pdraw_wave\test\healthy\V02HO01.png,0,0.203692,0
pdraw_wave,vgg16,gaussian_blur,4,C:\Users\ramti\Desktop\ramtin legion pc\article_project\data\raw\pdraw_wave\test\healthy\V03HO01.png,0,0.282698,0
pdraw_wave,vgg16,gaussian_blur,4,C:\Users\ramti\Desktop\ramtin legion pc\article_project\data\raw\pdraw_wave\test\healthy\V04HO01.png,0,0.344318,0
pdraw_wave,vgg16,gaussian_blur,4,C:\Users\ramti\Desktop\ramtin legion pc\article_project\data\raw\pdraw_wave\test\healthy\V05HO01.png,0,0.766675,1
pdraw_wave,vgg16,gaussian_blur,4,C:\Users\ramti\Desktop\ramtin legion pc\article_project\data\raw\pdraw_wave\test\healthy\V06HO01.png,0,0.456514,1
pdraw_wave,vgg16,gaussian_blur,4,C:\Users\ramti\Desktop\ramtin legion pc\article_project\data\raw\pdraw_wave\test\healthy\V07HO01.png,0,0.212080,0
pdraw_wave,vgg16,gaussian_blur,4,C:\Users\ramti\Desktop\ramtin legion pc\article_project\data\raw\pdraw_wave\test\healthy\V08HO01.png,0,0.399203,0
pdraw_wave,vgg16,gaussian_blur,4,C:\Users\ramti\Desktop\ramtin legion pc\article_project\data\raw\pdraw_wave\test\healthy\V09HO01.png,0,0.347667,0
pdraw_wave,vgg16,gaussian_blur,4,C:\Users\ramti\Desktop\ramtin legion pc\article_project\data\raw\pdraw_wave\test\healthy\V10HO01.png,0,0.305336,0
pdraw_wave,vgg16,gaussian_blur,4,C:\Users\ramti\Desktop\ramtin legion pc\article_project\data\raw\pdraw_wave\test\healthy\V11HO01.png,0,0.411751,1
pdraw_wave,vgg16,gaussian_blur,4,C:\Users\ramti\Desktop\ramtin legion pc\article_project\data\raw\pdraw_wave\test\healthy\V55HO08.png,0,0.242261,0
pdraw_wave,vgg16,gaussian_blur,4,C:\Users\ramti\Desktop\ramtin legion pc\article_project\data\raw\pdraw_wave\test\healthy\V55HO09.png,0,0.424602,1
pdraw_wave,vgg16,gaussian_blur,4,C:\Users\ramti\Desktop\ramtin legion pc\article_project\data\raw\pdraw_wave\test\healthy\V55HO10.png,0,0.186091,0
pdraw_wave,vgg16,gaussian_blur,4,C:\Users\ramti\Desktop\ramtin legion pc\article_project\data\raw\pdraw_wave\test\healthy\V55HO11.png,0,0.515987,1
pdraw_wave,vgg16,gaussian_blur,4,C:\Users\ramti\Desktop\ramtin legion pc\article_project\data\raw\pdraw_wave\test\parkinson\V01PO01.png,1,0.598186,1
pdraw_wave,vgg16,gaussian_blur,4,C:\Users\ramti\Desktop\ramtin legion pc\article_project\data\raw\pdraw_wave\test\parkinson\V02PO01.png,1,0.892219,1
pdraw_wave,vgg16,gaussian_blur,4,C:\Users\ramti\Desktop\ramtin legion pc\article_project\data\raw\pdraw_wave\test\parkinson\V03PO01.png,1,0.851418,1
pdraw_wave,vgg16,gaussian_blur,4,C:\Users\ramti\Desktop\ramtin legion pc\article_project\data\raw\pdraw_wave\test\parkinson\V03PO04.png,1,0.897413,1
pdraw_wave,vgg16,gaussian_blur,4,C:\Users\ramti\Desktop\ramtin legion pc\article_project\data\raw\pdraw_wave\test\parkinson\V03PO07.png,1,0.863249,1
pdraw_wave,vgg16,gaussian_blur,4,C:\Users\ramti\Desktop\ramtin legion pc\article_project\data\raw\pdraw_wave\test\parkinson\V04PO01.png,1,0.864084,1
pdraw_wave,vgg16,gaussian_blur,4,C:\Users\ramti\Desktop\ramtin legion pc\article_project\data\raw\pdraw_wave\test\parkinson\V05PO01.png,1,0.886481,1
pdraw_wave,vgg16,gaussian_blur,4,C:\Users\ramti\Desktop\ramtin legion pc\article_project\data\raw\pdraw_wave\test\parkinson\V06PO01.png,1,0.783917,1
pdraw_wave,vgg16,gaussian_blur,4,C:\Users\ramti\Desktop\ramtin legion pc\article_project\data\raw\pdraw_wave\test\parkinson\V07PO01.png,1,0.938345,1
pdraw_wave,vgg16,gaussian_blur,4,C:\Users\ramti\Desktop\ramtin legion pc\article_project\data\raw\pdraw_wave\test\parkinson\V08PO01.png,1,0.280282,0
pdraw_wave,vgg16,gaussian_blur,4,C:\Users\ramti\Desktop\ramtin legion pc\article_project\data\raw\pdraw_wave\test\parkinson\V09PO01.png,1,0.865793,1
pdraw_wave,vgg16,gaussian_blur,4,C:\Users\ramti\Desktop\ramtin legion pc\article_project\data\raw\pdraw_wave\test\parkinson\V10PO01.png,1,0.579662,1
pdraw_wave,vgg16,gaussian_blur,4,C:\Users\ramti\Desktop\ramtin legion pc\article_project\data\raw\pdraw_wave\test\parkinson\V11PO01.png,1,0.560841,1
pdraw_wave,vgg16,gaussian_blur,4,C:\Users\ramti\Desktop\ramtin legion pc\article_project\data\raw\pdraw_wave\test\parkinson\V14PO01.png,1,0.858427,1
pdraw_wave,vgg16,gaussian_blur,4,C:\Users\ramti\Desktop\ramtin legion pc\article_project\data\raw\pdraw_wave\test\parkinson\V14PO03.png,1,0.750914,1
pdraw_wave,vgg16,gaussian_blur,5,C:\Users\ramti\Desktop\ramtin legion pc\article_project\data\raw\pdraw_wave\test\healthy\V01HO01.png,0,0.563139,1
pdraw_wave,vgg16,gaussian_blur,5,C:\Users\ramti\Desktop\ramtin legion pc\article_project\data\raw\pdraw_wave\test\healthy\V02HO01.png,0,0.181970,0
pdraw_wave,vgg16,gaussian_blur,5,C:\Users\ramti\Desktop\ramtin legion pc\article_project\data\raw\pdraw_wave\test\healthy\V03HO01.png,0,0.252870,0
pdraw_wave,vgg16,gaussian_blur,5,C:\Users\ramti\Desktop\ramtin legion pc\article_project\data\raw\pdraw_wave\test\healthy\V04HO01.png,0,0.342935,0
pdraw_wave,vgg16,gaussian_blur,5,C:\Users\ramti\Desktop\ramtin legion pc\article_project\data\raw\pdraw_wave\test\healthy\V05HO01.png,0,0.730467,1
pdraw_wave,vgg16,gaussian_blur,5,C:\Users\ramti\Desktop\ramtin legion pc\article_project\data\raw\pdraw_wave\test\healthy\V06HO01.png,0,0.434777,1
pdraw_wave,vgg16,gaussian_blur,5,C:\Users\ramti\Desktop\ramtin legion pc\article_project\data\raw\pdraw_wave\test\healthy\V07HO01.png,0,0.209350,0
pdraw_wave,vgg16,gaussian_blur,5,C:\Users\ramti\Desktop\ramtin legion pc\article_project\data\raw\pdraw_wave\test\healthy\V08HO01.png,0,0.403207,1
pdraw_wave,vgg16,gaussian_blur,5,C:\Users\ramti\Desktop\ramtin legion pc\article_project\data\raw\pdraw_wave\test\healthy\V09HO01.png,0,0.333734,0
pdraw_wave,vgg16,gaussian_blur,5,C:\Users\ramti\Desktop\ramtin legion pc\article_project\data\raw\pdraw_wave\test\healthy\V10HO01.png,0,0.277799,0
pdraw_wave,vgg16,gaussian_blur,5,C:\Users\ramti\Desktop\ramtin legion pc\article_project\data\raw\pdraw_wave\test\healthy\V11HO01.png,0,0.384837,0
pdraw_wave,vgg16,gaussian_blur,5,C:\Users\ramti\Desktop\ramtin legion pc\article_project\data\raw\pdraw_wave\test\healthy\V55HO08.png,0,0.227227,0
pdraw_wave,vgg16,gaussian_blur,5,C:\Users\ramti\Desktop\ramtin legion pc\article_project\data\raw\pdraw_wave\test\healthy\V55HO09.png,0,0.404811,1
pdraw_wave,vgg16,gaussian_blur,5,C:\Users\ramti\Desktop\ramtin legion pc\article_project\data\raw\pdraw_wave\test\healthy\V55HO10.png,0,0.178806,0
pdraw_wave,vgg16,gaussian_blur,5,C:\Users\ramti\Desktop\ramtin legion pc\article_project\data\raw\pdraw_wave\test\healthy\V55HO11.png,0,0.480195,1
pdraw_wave,vgg16,gaussian_blur,5,C:\Users\ramti\Desktop\ramtin legion pc\article_project\data\raw\pdraw_wave\test\parkinson\V01PO01.png,1,0.550589,1
pdraw_wave,vgg16,gaussian_blur,5,C:\Users\ramti\Desktop\ramtin legion pc\article_project\data\raw\pdraw_wave\test\parkinson\V02PO01.png,1,0.867732,1
pdraw_wave,vgg16,gaussian_blur,5,C:\Users\ramti\Desktop\ramtin legion pc\article_project\data\raw\pdraw_wave\test\parkinson\V03PO01.png,1,0.821582,1
pdraw_wave,vgg16,gaussian_blur,5,C:\Users\ramti\Desktop\ramtin legion pc\article_project\data\raw\pdraw_wave\test\parkinson\V03PO04.png,1,0.883387,1
pdraw_wave,vgg16,gaussian_blur,5,C:\Users\ramti\Desktop\ramtin legion pc\article_project\data\raw\pdraw_wave\test\parkinson\V03PO07.png,1,0.844945,1
pdraw_wave,vgg16,gaussian_blur,5,C:\Users\ramti\Desktop\ramtin legion pc\article_project\data\raw\pdraw_wave\test\parkinson\V04PO01.png,1,0.850262,1
pdraw_wave,vgg16,gaussian_blur,5,C:\Users\ramti\Desktop\ramtin legion pc\article_project\data\raw\pdraw_wave\test\parkinson\V05PO01.png,1,0.887419,1
pdraw_wave,vgg16,gaussian_blur,5,C:\Users\ramti\Desktop\ramtin legion pc\article_project\data\raw\pdraw_wave\test\parkinson\V06PO01.png,1,0.767678,1
pdraw_wave,vgg16,gaussian_blur,5,C:\Users\ramti\Desktop\ramtin legion pc\article_project\data\raw\pdraw_wave\test\parkinson\V07PO01.png,1,0.930149,1
pdraw_wave,vgg16,gaussian_blur,5,C:\Users\ramti\Desktop\ramtin legion pc\article_project\data\raw\pdraw_wave\test\parkinson\V08PO01.png,1,0.253132,0
pdraw_wave,vgg16,gaussian_blur,5,C:\Users\ramti\Desktop\ramtin legion pc\article_project\data\raw\pdraw_wave\test\parkinson\V09PO01.png,1,0.852541,1
pdraw_wave,vgg16,gaussian_blur,5,C:\Users\ramti\Desktop\ramtin legion pc\article_project\data\raw\pdraw_wave\test\parkinson\V10PO01.png,1,0.512831,1
pdraw_wave,vgg16,gaussian_blur,5,C:\Users\ramti\Desktop\ramtin legion pc\article_project\data\raw\pdraw_wave\test\parkinson\V11PO01.png,1,0.513278,1
pdraw_wave,vgg16,gaussian_blur,5,C:\Users\ramti\Desktop\ramtin legion pc\article_project\data\raw\pdraw_wave\test\parkinson\V14PO01.png,1,0.835217,1
pdraw_wave,vgg16,gaussian_blur,5,C:\Users\ramti\Desktop\ramtin legion pc\article_project\data\raw\pdraw_wave\test\parkinson\V14PO03.png,1,0.700317,1
pdraw_wave,vgg16,gaussian_noise,1,C:\Users\ramti\Desktop\ramtin legion pc\article_project\data\raw\pdraw_wave\test\healthy\V01HO01.png,0,0.476181,1
pdraw_wave,vgg16,gaussian_noise,1,C:\Users\ramti\Desktop\ramtin legion pc\article_project\data\raw\pdraw_wave\test\healthy\V02HO01.png,0,0.227892,0
pdraw_wave,vgg16,gaussian_noise,1,C:\Users\ramti\Desktop\ramtin legion pc\article_project\data\raw\pdraw_wave\test\healthy\V03HO01.png,0,0.202416,0
pdraw_wave,vgg16,gaussian_noise,1,C:\Users\ramti\Desktop\ramtin legion pc\article_project\data\raw\pdraw_wave\test\healthy\V04HO01.png,0,0.187164,0
pdraw_wave,vgg16,gaussian_noise,1,C:\Users\ramti\Desktop\ramtin legion pc\article_project\data\raw\pdraw_wave\test\healthy\V05HO01.png,0,0.743257,1
pdraw_wave,vgg16,gaussian_noise,1,C:\Users\ramti\Desktop\ramtin legion pc\article_project\data\raw\pdraw_wave\test\healthy\V06HO01.png,0,0.335292,0
pdraw_wave,vgg16,gaussian_noise,1,C:\Users\ramti\Desktop\ramtin legion pc\article_project\data\raw\pdraw_wave\test\healthy\V07HO01.png,0,0.184110,0
pdraw_wave,vgg16,gaussian_noise,1,C:\Users\ramti\Desktop\ramtin legion pc\article_project\data\raw\pdraw_wave\test\healthy\V08HO01.png,0,0.270019,0
pdraw_wave,vgg16,gaussian_noise,1,C:\Users\ramti\Desktop\ramtin legion pc\article_project\data\raw\pdraw_wave\test\healthy\V09HO01.png,0,0.234882,0
pdraw_wave,vgg16,gaussian_noise,1,C:\Users\ramti\Desktop\ramtin legion pc\article_project\data\raw\pdraw_wave\test\healthy\V10HO01.png,0,0.374304,0
pdraw_wave,vgg16,gaussian_noise,1,C:\Users\ramti\Desktop\ramtin legion pc\article_project\data\raw\pdraw_wave\test\healthy\V11HO01.png,0,0.395813,0
pdraw_wave,vgg16,gaussian_noise,1,C:\Users\ramti\Desktop\ramtin legion pc\article_project\data\raw\pdraw_wave\test\healthy\V55HO08.png,0,0.186189,0
pdraw_wave,vgg16,gaussian_noise,1,C:\Users\ramti\Desktop\ramtin legion pc\article_project\data\raw\pdraw_wave\test\healthy\V55HO09.png,0,0.305442,0
pdraw_wave,vgg16,gaussian_noise,1,C:\Users\ramti\Desktop\ramtin legion pc\article_project\data\raw\pdraw_wave\test\healthy\V55HO10.png,0,0.342473,0
pdraw_wave,vgg16,gaussian_noise,1,C:\Users\ramti\Desktop\ramtin legion pc\article_project\data\raw\pdraw_wave\test\healthy\V55HO11.png,0,0.435893,1
pdraw_wave,vgg16,gaussian_noise,1,C:\Users\ramti\Desktop\ramtin legion pc\article_project\data\raw\pdraw_wave\test\parkinson\V01PO01.png,1,0.473635,1
pdraw_wave,vgg16,gaussian_noise,1,C:\Users\ramti\Desktop\ramtin legion pc\article_project\data\raw\pdraw_wave\test\parkinson\V02PO01.png,1,0.889170,1
pdraw_wave,vgg16,gaussian_noise,1,C:\Users\ramti\Desktop\ramtin legion pc\article_project\data\raw\pdraw_wave\test\parkinson\V03PO01.png,1,0.811095,1
pdraw_wave,vgg16,gaussian_noise,1,C:\Users\ramti\Desktop\ramtin legion pc\article_project\data\raw\pdraw_wave\test\parkinson\V03PO04.png,1,0.880306,1
pdraw_wave,vgg16,gaussian_noise,1,C:\Users\ramti\Desktop\ramtin legion pc\article_project\data\raw\pdraw_wave\test\parkinson\V03PO07.png,1,0.867192,1
pdraw_wave,vgg16,gaussian_noise,1,C:\Users\ramti\Desktop\ramtin legion pc\article_project\data\raw\pdraw_wave\test\parkinson\V04PO01.png,1,0.877245,1
pdraw_wave,vgg16,gaussian_noise,1,C:\Users\ramti\Desktop\ramtin legion pc\article_project\data\raw\pdraw_wave\test\parkinson\V05PO01.png,1,0.865912,1
pdraw_wave,vgg16,gaussian_noise,1,C:\Users\ramti\Desktop\ramtin legion pc\article_project\data\raw\pdraw_wave\test\parkinson\V06PO01.png,1,0.739393,1
pdraw_wave,vgg16,gaussian_noise,1,C:\Users\ramti\Desktop\ramtin legion pc\article_project\data\raw\pdraw_wave\test\parkinson\V07PO01.png,1,0.945587,1
pdraw_wave,vgg16,gaussian_noise,1,C:\Users\ramti\Desktop\ramtin legion pc\article_project\data\raw\pdraw_wave\test\parkinson\V08PO01.png,1,0.163629,0
pdraw_wave,vgg16,gaussian_noise,1,C:\Users\ramti\Desktop\ramtin legion pc\article_project\data\raw\pdraw_wave\test\parkinson\V09PO01.png,1,0.858961,1
pdraw_wave,vgg16,gaussian_noise,1,C:\Users\ramti\Desktop\ramtin legion pc\article_project\data\raw\pdraw_wave\test\parkinson\V10PO01.png,1,0.611874,1
pdraw_wave,vgg16,gaussian_noise,1,C:\Users\ramti\Desktop\ramtin legion pc\article_project\data\raw\pdraw_wave\test\parkinson\V11PO01.png,1,0.399228,0
pdraw_wave,vgg16,gaussian_noise,1,C:\Users\ramti\Desktop\ramtin legion pc\article_project\data\raw\pdraw_wave\test\parkinson\V14PO01.png,1,0.850904,1
pdraw_wave,vgg16,gaussian_noise,1,C:\Users\ramti\Desktop\ramtin legion pc\article_project\data\raw\pdraw_wave\test\parkinson\V14PO03.png,1,0.827884,1
pdraw_wave,vgg16,gaussian_noise,2,C:\Users\ramti\Desktop\ramtin legion pc\article_project\data\raw\pdraw_wave\test\healthy\V01HO01.png,0,0.410662,1
pdraw_wave,vgg16,gaussian_noise,2,C:\Users\ramti\Desktop\ramtin legion pc\article_project\data\raw\pdraw_wave\test\healthy\V02HO01.png,0,0.217176,0
pdraw_wave,vgg16,gaussian_noise,2,C:\Users\ramti\Desktop\ramtin legion pc\article_project\data\raw\pdraw_wave\test\healthy\V03HO01.png,0,0.144844,0
pdraw_wave,vgg16,gaussian_noise,2,C:\Users\ramti\Desktop\ramtin legion pc\article_project\data\raw\pdraw_wave\test\healthy\V04HO01.png,0,0.154613,0
pdraw_wave,vgg16,gaussian_noise,2,C:\Users\ramti\Desktop\ramtin legion pc\article_project\data\raw\pdraw_wave\test\healthy\V05HO01.png,0,0.698848,1
pdraw_wave,vgg16,gaussian_noise,2,C:\Users\ramti\Desktop\ramtin legion pc\article_project\data\raw\pdraw_wave\test\healthy\V06HO01.png,0,0.303098,0
pdraw_wave,vgg16,gaussian_noise,2,C:\Users\ramti\Desktop\ramtin legion pc\article_project\data\raw\pdraw_wave\test\healthy\V07HO01.png,0,0.196212,0
pdraw_wave,vgg16,gaussian_noise,2,C:\Users\ramti\Desktop\ramtin legion pc\article_project\data\raw\pdraw_wave\test\healthy\V08HO01.png,0,0.242761,0
pdraw_wave,vgg16,gaussian_noise,2,C:\Users\ramti\Desktop\ramtin legion pc\article_project\data\raw\pdraw_wave\test\healthy\V09HO01.png,0,0.180159,0
pdraw_wave,vgg16,gaussian_noise,2,C:\Users\ramti\Desktop\ramtin legion pc\article_project\data\raw\pdraw_wave\test\healthy\V10HO01.png,0,0.312859,0
pdraw_wave,vgg16,gaussian_noise,2,C:\Users\ramti\Desktop\ramtin legion pc\article_project\data\raw\pdraw_wave\test\healthy\V11HO01.png,0,0.387955,0
pdraw_wave,vgg16,gaussian_noise,2,C:\Users\ramti\Desktop\ramtin legion pc\article_project\data\raw\pdraw_wave\test\healthy\V55HO08.png,0,0.118383,0
pdraw_wave,vgg16,gaussian_noise,2,C:\Users\ramti\Desktop\ramtin legion pc\article_project\data\raw\pdraw_wave\test\healthy\V55HO09.png,0,0.211298,0
pdraw_wave,vgg16,gaussian_noise,2,C:\Users\ramti\Desktop\ramtin legion pc\article_project\data\raw\pdraw_wave\test\healthy\V55HO10.png,0,0.305000,0
pdraw_wave,vgg16,gaussian_noise,2,C:\Users\ramti\Desktop\ramtin legion pc\article_project\data\raw\pdraw_wave\test\healthy\V55HO11.png,0,0.377385,0
pdraw_wave,vgg16,gaussian_noise,2,C:\Users\ramti\Desktop\ramtin legion pc\article_project\data\raw\pdraw_wave\test\parkinson\V01PO01.png,1,0.387529,0
pdraw_wave,vgg16,gaussian_noise,2,C:\Users\ramti\Desktop\ramtin legion pc\article_project\data\raw\pdraw_wave\test\parkinson\V02PO01.png,1,0.866270,1
pdraw_wave,vgg16,gaussian_noise,2,C:\Users\ramti\Desktop\ramtin legion pc\article_project\data\raw\pdraw_wave\test\parkinson\V03PO01.png,1,0.767547,1
pdraw_wave,vgg16,gaussian_noise,2,C:\Users\ramti\Desktop\ramtin legion pc\article_project\data\raw\pdraw_wave\test\parkinson\V03PO04.png,1,0.876521,1
pdraw_wave,vgg16,gaussian_noise,2,C:\Users\ramti\Desktop\ramtin legion pc\article_project\data\raw\pdraw_wave\test\parkinson\V03PO07.png,1,0.845761,1
pdraw_wave,vgg16,gaussian_noise,2,C:\Users\ramti\Desktop\ramtin legion pc\article_project\data\raw\pdraw_wave\test\parkinson\V04PO01.png,1,0.851690,1
pdraw_wave,vgg16,gaussian_noise,2,C:\Users\ramti\Desktop\ramtin legion pc\article_project\data\raw\pdraw_wave\test\parkinson\V05PO01.png,1,0.850865,1
pdraw_wave,vgg16,gaussian_noise,2,C:\Users\ramti\Desktop\ramtin legion pc\article_project\data\raw\pdraw_wave\test\parkinson\V06PO01.png,1,0.661267,1
pdraw_wave,vgg16,gaussian_noise,2,C:\Users\ramti\Desktop\ramtin legion pc\article_project\data\raw\pdraw_wave\test\parkinson\V07PO01.png,1,0.930066,1
pdraw_wave,vgg16,gaussian_noise,2,C:\Users\ramti\Desktop\ramtin legion pc\article_project\data\raw\pdraw_wave\test\parkinson\V08PO01.png,1,0.156663,0
pdraw_wave,vgg16,gaussian_noise,2,C:\Users\ramti\Desktop\ramtin legion pc\article_project\data\raw\pdraw_wave\test\parkinson\V09PO01.png,1,0.832464,1
pdraw_wave,vgg16,gaussian_noise,2,C:\Users\ramti\Desktop\ramtin legion pc\article_project\data\raw\pdraw_wave\test\parkinson\V10PO01.png,1,0.584846,1
pdraw_wave,vgg16,gaussian_noise,2,C:\Users\ramti\Desktop\ramtin legion pc\article_project\data\raw\pdraw_wave\test\parkinson\V11PO01.png,1,0.287159,0
pdraw_wave,vgg16,gaussian_noise,2,C:\Users\ramti\Desktop\ramtin legion pc\article_project\data\raw\pdraw_wave\test\parkinson\V14PO01.png,1,0.840877,1
pdraw_wave,vgg16,gaussian_noise,2,C:\Users\ramti\Desktop\ramtin legion pc\article_project\data\raw\pdraw_wave\test\parkinson\V14PO03.png,1,0.814603,1
pdraw_wave,vgg16,gaussian_noise,3,C:\Users\ramti\Desktop\ramtin legion pc\article_project\data\raw\pdraw_wave\test\healthy\V01HO01.png,0,0.291228,0
pdraw_wave,vgg16,gaussian_noise,3,C:\Users\ramti\Desktop\ramtin legion pc\article_project\data\raw\pdraw_wave\test\healthy\V02HO01.png,0,0.205738,0
pdraw_wave,vgg16,gaussian_noise,3,C:\Users\ramti\Desktop\ramtin legion pc\article_project\data\raw\pdraw_wave\test\healthy\V03HO01.png,0,0.141119,0
pdraw_wave,vgg16,gaussian_noise,3,C:\Users\ramti\Desktop\ramtin legion pc\article_project\data\raw\pdraw_wave\test\healthy\V04HO01.png,0,0.119899,0
pdraw_wave,vgg16,gaussian_noise,3,C:\Users\ramti\Desktop\ramtin legion pc\article_project\data\raw\pdraw_wave\test\healthy\V05HO01.png,0,0.623156,1
pdraw_wave,vgg16,gaussian_noise,3,C:\Users\ramti\Desktop\ramtin legion pc\article_project\data\raw\pdraw_wave\test\healthy\V06HO01.png,0,0.247439,0
pdraw_wave,vgg16,gaussian_noise,3,C:\Users\ramti\Desktop\ramtin legion pc\article_project\data\raw\pdraw_wave\test\healthy\V07HO01.png,0,0.143805,0
pdraw_wave,vgg16,gaussian_noise,3,C:\Users\ramti\Desktop\ramtin legion pc\article_project\data\raw\pdraw_wave\test\healthy\V08HO01.png,0,0.248300,0
pdraw_wave,vgg16,gaussian_noise,3,C:\Users\ramti\Desktop\ramtin legion pc\article_project\data\raw\pdraw_wave\test\healthy\V09HO01.png,0,0.156169,0
pdraw_wave,vgg16,gaussian_noise,3,C:\Users\ramti\Desktop\ramtin legion pc\article_project\data\raw\pdraw_wave\test\healthy\V10HO01.png,0,0.300491,0
pdraw_wave,vgg16,gaussian_noise,3,C:\Users\ramti\Desktop\ramtin legion pc\article_project\data\raw\pdraw_wave\test\healthy\V11HO01.png,0,0.324217,0
pdraw_wave,vgg16,gaussian_noise,3,C:\Users\ramti\Desktop\ramtin legion pc\article_project\data\raw\pdraw_wave\test\healthy\V55HO08.png,0,0.106947,0
pdraw_wave,vgg16,gaussian_noise,3,C:\Users\ramti\Desktop\ramtin legion pc\article_project\data\raw\pdraw_wave\test\healthy\V55HO09.png,0,0.185515,0
pdraw_wave,vgg16,gaussian_noise,3,C:\Users\ramti\Desktop\ramtin legion pc\article_project\data\raw\pdraw_wave\test\healthy\V55HO10.png,0,0.196504,0
pdraw_wave,vgg16,gaussian_noise,3,C:\Users\ramti\Desktop\ramtin legion pc\article_project\data\raw\pdraw_wave\test\healthy\V55HO11.png,0,0.303002,0
pdraw_wave,vgg16,gaussian_noise,3,C:\Users\ramti\Desktop\ramtin legion pc\article_project\data\raw\pdraw_wave\test\parkinson\V01PO01.png,1,0.315098,0
pdraw_wave,vgg16,gaussian_noise,3,C:\Users\ramti\Desktop\ramtin legion pc\article_project\data\raw\pdraw_wave\test\parkinson\V02PO01.png,1,0.832097,1
pdraw_wave,vgg16,gaussian_noise,3,C:\Users\ramti\Desktop\ramtin legion pc\article_project\data\raw\pdraw_wave\test\parkinson\V03PO01.png,1,0.718799,1
pdraw_wave,vgg16,gaussian_noise,3,C:\Users\ramti\Desktop\ramtin legion pc\article_project\data\raw\pdraw_wave\test\parkinson\V03PO04.png,1,0.841921,1
pdraw_wave,vgg16,gaussian_noise,3,C:\Users\ramti\Desktop\ramtin legion pc\article_project\data\raw\pdraw_wave\test\parkinson\V03PO07.png,1,0.796113,1
pdraw_wave,vgg16,gaussian_noise,3,C:\Users\ramti\Desktop\ramtin legion pc\article_project\data\raw\pdraw_wave\test\parkinson\V04PO01.png,1,0.830279,1
pdraw_wave,vgg16,gaussian_noise,3,C:\Users\ramti\Desktop\ramtin legion pc\article_project\data\raw\pdraw_wave\test\parkinson\V05PO01.png,1,0.865603,1
pdraw_wave,vgg16,gaussian_noise,3,C:\Users\ramti\Desktop\ramtin legion pc\article_project\data\raw\pdraw_wave\test\parkinson\V06PO01.png,1,0.505160,1
pdraw_wave,vgg16,gaussian_noise,3,C:\Users\ramti\Desktop\ramtin legion pc\article_project\data\raw\pdraw_wave\test\parkinson\V07PO01.png,1,0.917937,1
pdraw_wave,vgg16,gaussian_noise,3,C:\Users\ramti\Desktop\ramtin legion pc\article_project\data\raw\pdraw_wave\test\parkinson\V08PO01.png,1,0.125791,0
pdraw_wave,vgg16,gaussian_noise,3,C:\Users\ramti\Desktop\ramtin legion pc\article_project\data\raw\pdraw_wave\test\parkinson\V09PO01.png,1,0.797869,1
pdraw_wave,vgg16,gaussian_noise,3,C:\Users\ramti\Desktop\ramtin legion pc\article_project\data\raw\pdraw_wave\test\parkinson\V10PO01.png,1,0.453080,1
pdraw_wave,vgg16,gaussian_noise,3,C:\Users\ramti\Desktop\ramtin legion pc\article_project\data\raw\pdraw_wave\test\parkinson\V11PO01.png,1,0.207790,0
pdraw_wave,vgg16,gaussian_noise,3,C:\Users\ramti\Desktop\ramtin legion pc\article_project\data\raw\pdraw_wave\test\parkinson\V14PO01.png,1,0.841411,1
pdraw_wave,vgg16,gaussian_noise,3,C:\Users\ramti\Desktop\ramtin legion pc\article_project\data\raw\pdraw_wave\test\parkinson\V14PO03.png,1,0.809723,1
pdraw_wave,vgg16,gaussian_noise,4,C:\Users\ramti\Desktop\ramtin legion pc\article_project\data\raw\pdraw_wave\test\healthy\V01HO01.png,0,0.245641,0
pdraw_wave,vgg16,gaussian_noise,4,C:\Users\ramti\Desktop\ramtin legion pc\article_project\data\raw\pdraw_wave\test\healthy\V02HO01.png,0,0.215820,0
pdraw_wave,vgg16,gaussian_noise,4,C:\Users\ramti\Desktop\ramtin legion pc\article_project\data\raw\pdraw_wave\test\healthy\V03HO01.png,0,0.128578,0
pdraw_wave,vgg16,gaussian_noise,4,C:\Users\ramti\Desktop\ramtin legion pc\article_project\data\raw\pdraw_wave\test\healthy\V04HO01.png,0,0.121473,0
pdraw_wave,vgg16,gaussian_noise,4,C:\Users\ramti\Desktop\ramtin legion pc\article_project\data\raw\pdraw_wave\test\healthy\V05HO01.png,0,0.578227,1
pdraw_wave,vgg16,gaussian_noise,4,C:\Users\ramti\Desktop\ramtin legion pc\article_project\data\raw\pdraw_wave\test\healthy\V06HO01.png,0,0.256119,0
pdraw_wave,vgg16,gaussian_noise,4,C:\Users\ramti\Desktop\ramtin legion pc\article_project\data\raw\pdraw_wave\test\healthy\V07HO01.png,0,0.148998,0
pdraw_wave,vgg16,gaussian_noise,4,C:\Users\ramti\Desktop\ramtin legion pc\article_project\data\raw\pdraw_wave\test\healthy\V08HO01.png,0,0.252013,0
pdraw_wave,vgg16,gaussian_noise,4,C:\Users\ramti\Desktop\ramtin legion pc\article_project\data\raw\pdraw_wave\test\healthy\V09HO01.png,0,0.175028,0
pdraw_wave,vgg16,gaussian_noise,4,C:\Users\ramti\Desktop\ramtin legion pc\article_project\data\raw\pdraw_wave\test\healthy\V10HO01.png,0,0.242576,0
pdraw_wave,vgg16,gaussian_noise,4,C:\Users\ramti\Desktop\ramtin legion pc\article_project\data\raw\pdraw_wave\test\healthy\V11HO01.png,0,0.299790,0
pdraw_wave,vgg16,gaussian_noise,4,C:\Users\ramti\Desktop\ramtin legion pc\article_project\data\raw\pdraw_wave\test\healthy\V55HO08.png,0,0.111783,0
pdraw_wave,vgg16,gaussian_noise,4,C:\Users\ramti\Desktop\ramtin legion pc\article_project\data\raw\pdraw_wave\test\healthy\V55HO09.png,0,0.167307,0
pdraw_wave,vgg16,gaussian_noise,4,C:\Users\ramti\Desktop\ramtin legion pc\article_project\data\raw\pdraw_wave\test\healthy\V55HO10.png,0,0.182684,0
pdraw_wave,vgg16,gaussian_noise,4,C:\Users\ramti\Desktop\ramtin legion pc\article_project\data\raw\pdraw_wave\test\healthy\V55HO11.png,0,0.296738,0
pdraw_wave,vgg16,gaussian_noise,4,C:\Users\ramti\Desktop\ramtin legion pc\article_project\data\raw\pdraw_wave\test\parkinson\V01PO01.png,1,0.279559,0
pdraw_wave,vgg16,gaussian_noise,4,C:\Users\ramti\Desktop\ramtin legion pc\article_project\data\raw\pdraw_wave\test\parkinson\V02PO01.png,1,0.797229,1
pdraw_wave,vgg16,gaussian_noise,4,C:\Users\ramti\Desktop\ramtin legion pc\article_project\data\raw\pdraw_wave\test\parkinson\V03PO01.png,1,0.633789,1
pdraw_wave,vgg16,gaussian_noise,4,C:\Users\ramti\Desktop\ramtin legion pc\article_project\data\raw\pdraw_wave\test\parkinson\V03PO04.png,1,0.818050,1
pdraw_wave,vgg16,gaussian_noise,4,C:\Users\ramti\Desktop\ramtin legion pc\article_project\data\raw\pdraw_wave\test\parkinson\V03PO07.png,1,0.751433,1
pdraw_wave,vgg16,gaussian_noise,4,C:\Users\ramti\Desktop\ramtin legion pc\article_project\data\raw\pdraw_wave\test\parkinson\V04PO01.png,1,0.805121,1
pdraw_wave,vgg16,gaussian_noise,4,C:\Users\ramti\Desktop\ramtin legion pc\article_project\data\raw\pdraw_wave\test\parkinson\V05PO01.png,1,0.885988,1
pdraw_wave,vgg16,gaussian_noise,4,C:\Users\ramti\Desktop\ramtin legion pc\article_project\data\raw\pdraw_wave\test\parkinson\V06PO01.png,1,0.464161,1
pdraw_wave,vgg16,gaussian_noise,4,C:\Users\ramti\Desktop\ramtin legion pc\article_project\data\raw\pdraw_wave\test\parkinson\V07PO01.png,1,0.902587,1
pdraw_wave,vgg16,gaussian_noise,4,C:\Users\ramti\Desktop\ramtin legion pc\article_project\data\raw\pdraw_wave\test\parkinson\V08PO01.png,1,0.148571,0
pdraw_wave,vgg16,gaussian_noise,4,C:\Users\ramti\Desktop\ramtin legion pc\article_project\data\raw\pdraw_wave\test\parkinson\V09PO01.png,1,0.743545,1
pdraw_wave,vgg16,gaussian_noise,4,C:\Users\ramti\Desktop\ramtin legion pc\article_project\data\raw\pdraw_wave\test\parkinson\V10PO01.png,1,0.413224,1
pdraw_wave,vgg16,gaussian_noise,4,C:\Users\ramti\Desktop\ramtin legion pc\article_project\data\raw\pdraw_wave\test\parkinson\V11PO01.png,1,0.225785,0
pdraw_wave,vgg16,gaussian_noise,4,C:\Users\ramti\Desktop\ramtin legion pc\article_project\data\raw\pdraw_wave\test\parkinson\V14PO01.png,1,0.849567,1
pdraw_wave,vgg16,gaussian_noise,4,C:\Users\ramti\Desktop\ramtin legion pc\article_project\data\raw\pdraw_wave\test\parkinson\V14PO03.png,1,0.799229,1
pdraw_wave,vgg16,gaussian_noise,5,C:\Users\ramti\Desktop\ramtin legion pc\article_project\data\raw\pdraw_wave\test\healthy\V01HO01.png,0,0.243722,0
pdraw_wave,vgg16,gaussian_noise,5,C:\Users\ramti\Desktop\ramtin legion pc\article_project\data\raw\pdraw_wave\test\healthy\V02HO01.png,0,0.203840,0
pdraw_wave,vgg16,gaussian_noise,5,C:\Users\ramti\Desktop\ramtin legion pc\article_project\data\raw\pdraw_wave\test\healthy\V03HO01.png,0,0.181370,0
pdraw_wave,vgg16,gaussian_noise,5,C:\Users\ramti\Desktop\ramtin legion pc\article_project\data\raw\pdraw_wave\test\healthy\V04HO01.png,0,0.112212,0
pdraw_wave,vgg16,gaussian_noise,5,C:\Users\ramti\Desktop\ramtin legion pc\article_project\data\raw\pdraw_wave\test\healthy\V05HO01.png,0,0.481807,1
pdraw_wave,vgg16,gaussian_noise,5,C:\Users\ramti\Desktop\ramtin legion pc\article_project\data\raw\pdraw_wave\test\healthy\V06HO01.png,0,0.210528,0
pdraw_wave,vgg16,gaussian_noise,5,C:\Users\ramti\Desktop\ramtin legion pc\article_project\data\raw\pdraw_wave\test\healthy\V07HO01.png,0,0.172391,0
pdraw_wave,vgg16,gaussian_noise,5,C:\Users\ramti\Desktop\ramtin legion pc\article_project\data\raw\pdraw_wave\test\healthy\V08HO01.png,0,0.203001,0
pdraw_wave,vgg16,gaussian_noise,5,C:\Users\ramti\Desktop\ramtin legion pc\article_project\data\raw\pdraw_wave\test\healthy\V09HO01.png,0,0.182238,0
pdraw_wave,vgg16,gaussian_noise,5,C:\Users\ramti\Desktop\ramtin legion pc\article_project\data\raw\pdraw_wave\test\healthy\V10HO01.png,0,0.266504,0
pdraw_wave,vgg16,gaussian_noise,5,C:\Users\ramti\Desktop\ramtin legion pc\article_project\data\raw\pdraw_wave\test\healthy\V11HO01.png,0,0.237614,0
pdraw_wave,vgg16,gaussian_noise,5,C:\Users\ramti\Desktop\ramtin legion pc\article_project\data\raw\pdraw_wave\test\healthy\V55HO08.png,0,0.118072,0
pdraw_wave,vgg16,gaussian_noise,5,C:\Users\ramti\Desktop\ramtin legion pc\article_project\data\raw\pdraw_wave\test\healthy\V55HO09.png,0,0.169523,0
pdraw_wave,vgg16,gaussian_noise,5,C:\Users\ramti\Desktop\ramtin legion pc\article_project\data\raw\pdraw_wave\test\healthy\V55HO10.png,0,0.190232,0
pdraw_wave,vgg16,gaussian_noise,5,C:\Users\ramti\Desktop\ramtin legion pc\article_project\data\raw\pdraw_wave\test\healthy\V55HO11.png,0,0.223536,0
pdraw_wave,vgg16,gaussian_noise,5,C:\Users\ramti\Desktop\ramtin legion pc\article_project\data\raw\pdraw_wave\test\parkinson\V01PO01.png,1,0.218444,0
pdraw_wave,vgg16,gaussian_noise,5,C:\Users\ramti\Desktop\ramtin legion pc\article_project\data\raw\pdraw_wave\test\parkinson\V02PO01.png,1,0.737846,1
pdraw_wave,vgg16,gaussian_noise,5,C:\Users\ramti\Desktop\ramtin legion pc\article_project\data\raw\pdraw_wave\test\parkinson\V03PO01.png,1,0.606735,1
pdraw_wave,vgg16,gaussian_noise,5,C:\Users\ramti\Desktop\ramtin legion pc\article_project\data\raw\pdraw_wave\test\parkinson\V03PO04.png,1,0.774141,1
pdraw_wave,vgg16,gaussian_noise,5,C:\Users\ramti\Desktop\ramtin legion pc\article_project\data\raw\pdraw_wave\test\parkinson\V03PO07.png,1,0.698191,1
pdraw_wave,vgg16,gaussian_noise,5,C:\Users\ramti\Desktop\ramtin legion pc\article_project\data\raw\pdraw_wave\test\parkinson\V04PO01.png,1,0.766509,1
pdraw_wave,vgg16,gaussian_noise,5,C:\Users\ramti\Desktop\ramtin legion pc\article_project\data\raw\pdraw_wave\test\parkinson\V05PO01.png,1,0.894511,1
pdraw_wave,vgg16,gaussian_noise,5,C:\Users\ramti\Desktop\ramtin legion pc\article_project\data\raw\pdraw_wave\test\parkinson\V06PO01.png,1,0.345291,0
pdraw_wave,vgg16,gaussian_noise,5,C:\Users\ramti\Desktop\ramtin legion pc\article_project\data\raw\pdraw_wave\test\parkinson\V07PO01.png,1,0.903471,1
pdraw_wave,vgg16,gaussian_noise,5,C:\Users\ramti\Desktop\ramtin legion pc\article_project\data\raw\pdraw_wave\test\parkinson\V08PO01.png,1,0.174292,0
pdraw_wave,vgg16,gaussian_noise,5,C:\Users\ramti\Desktop\ramtin legion pc\article_project\data\raw\pdraw_wave\test\parkinson\V09PO01.png,1,0.726413,1
pdraw_wave,vgg16,gaussian_noise,5,C:\Users\ramti\Desktop\ramtin legion pc\article_project\data\raw\pdraw_wave\test\parkinson\V10PO01.png,1,0.383440,0
pdraw_wave,vgg16,gaussian_noise,5,C:\Users\ramti\Desktop\ramtin legion pc\article_project\data\raw\pdraw_wave\test\parkinson\V11PO01.png,1,0.236154,0
pdraw_wave,vgg16,gaussian_noise,5,C:\Users\ramti\Desktop\ramtin legion pc\article_project\data\raw\pdraw_wave\test\parkinson\V14PO01.png,1,0.878348,1
pdraw_wave,vgg16,gaussian_noise,5,C:\Users\ramti\Desktop\ramtin legion pc\article_project\data\raw\pdraw_wave\test\parkinson\V14PO03.png,1,0.770599,1
pdraw_wave,vgg16,contrast,1,C:\Users\ramti\Desktop\ramtin legion pc\article_project\data\raw\pdraw_wave\test\healthy\V01HO01.png,0,0.360274,0
pdraw_wave,vgg16,contrast,1,C:\Users\ramti\Desktop\ramtin legion pc\article_project\data\raw\pdraw_wave\test\healthy\V02HO01.png,0,0.146474,0
pdraw_wave,vgg16,contrast,1,C:\Users\ramti\Desktop\ramtin legion pc\article_project\data\raw\pdraw_wave\test\healthy\V03HO01.png,0,0.144525,0
pdraw_wave,vgg16,contrast,1,C:\Users\ramti\Desktop\ramtin legion pc\article_project\data\raw\pdraw_wave\test\healthy\V04HO01.png,0,0.160436,0
pdraw_wave,vgg16,contrast,1,C:\Users\ramti\Desktop\ramtin legion pc\article_project\data\raw\pdraw_wave\test\healthy\V05HO01.png,0,0.595009,1
pdraw_wave,vgg16,contrast,1,C:\Users\ramti\Desktop\ramtin legion pc\article_project\data\raw\pdraw_wave\test\healthy\V06HO01.png,0,0.246851,0
pdraw_wave,vgg16,contrast,1,C:\Users\ramti\Desktop\ramtin legion pc\article_project\data\raw\pdraw_wave\test\healthy\V07HO01.png,0,0.144890,0
pdraw_wave,vgg16,contrast,1,C:\Users\ramti\Desktop\ramtin legion pc\article_project\data\raw\pdraw_wave\test\healthy\V08HO01.png,0,0.186020,0
pdraw_wave,vgg16,contrast,1,C:\Users\ramti\Desktop\ramtin legion pc\article_project\data\raw\pdraw_wave\test\healthy\V09HO01.png,0,0.210233,0
pdraw_wave,vgg16,contrast,1,C:\Users\ramti\Desktop\ramtin legion pc\article_project\data\raw\pdraw_wave\test\healthy\V10HO01.png,0,0.250792,0
pdraw_wave,vgg16,contrast,1,C:\Users\ramti\Desktop\ramtin legion pc\article_project\data\raw\pdraw_wave\test\healthy\V11HO01.png,0,0.238061,0
pdraw_wave,vgg16,contrast,1,C:\Users\ramti\Desktop\ramtin legion pc\article_project\data\raw\pdraw_wave\test\healthy\V55HO08.png,0,0.158380,0
pdraw_wave,vgg16,contrast,1,C:\Users\ramti\Desktop\ramtin legion pc\article_project\data\raw\pdraw_wave\test\healthy\V55HO09.png,0,0.247044,0
pdraw_wave,vgg16,contrast,1,C:\Users\ramti\Desktop\ramtin legion pc\article_project\data\raw\pdraw_wave\test\healthy\V55HO10.png,0,0.199925,0
pdraw_wave,vgg16,contrast,1,C:\Users\ramti\Desktop\ramtin legion pc\article_project\data\raw\pdraw_wave\test\healthy\V55HO11.png,0,0.327097,0
pdraw_wave,vgg16,contrast,1,C:\Users\ramti\Desktop\ramtin legion pc\article_project\data\raw\pdraw_wave\test\parkinson\V01PO01.png,1,0.305994,0
pdraw_wave,vgg16,contrast,1,C:\Users\ramti\Desktop\ramtin legion pc\article_project\data\raw\pdraw_wave\test\parkinson\V02PO01.png,1,0.770965,1
pdraw_wave,vgg16,contrast,1,C:\Users\ramti\Desktop\ramtin legion pc\article_project\data\raw\pdraw_wave\test\parkinson\V03PO01.png,1,0.753848,1
pdraw_wave,vgg16,contrast,1,C:\Users\ramti\Desktop\ramtin legion pc\article_project\data\raw\pdraw_wave\test\parkinson\V03PO04.png,1,0.836126,1
pdraw_wave,vgg16,contrast,1,C:\Users\ramti\Desktop\ramtin legion pc\article_project\data\raw\pdraw_wave\test\parkinson\V03PO07.png,1,0.826207,1
pdraw_wave,vgg16,contrast,1,C:\Users\ramti\Desktop\ramtin legion pc\article_project\data\raw\pdraw_wave\test\parkinson\V04PO01.png,1,0.800614,1
pdraw_wave,vgg16,contrast,1,C:\Users\ramti\Desktop\ramtin legion pc\article_project\data\raw\pdraw_wave\test\parkinson\V05PO01.png,1,0.841467,1
pdraw_wave,vgg16,contrast,1,C:\Users\ramti\Desktop\ramtin legion pc\article_project\data\raw\pdraw_wave\test\parkinson\V06PO01.png,1,0.632335,1
pdraw_wave,vgg16,contrast,1,C:\Users\ramti\Desktop\ramtin legion pc\article_project\data\raw\pdraw_wave\test\parkinson\V07PO01.png,1,0.906334,1
pdraw_wave,vgg16,contrast,1,C:\Users\ramti\Desktop\ramtin legion pc\article_project\data\raw\pdraw_wave\test\parkinson\V08PO01.png,1,0.128709,0
pdraw_wave,vgg16,contrast,1,C:\Users\ramti\Desktop\ramtin legion pc\article_project\data\raw\pdraw_wave\test\parkinson\V09PO01.png,1,0.773523,1
pdraw_wave,vgg16,contrast,1,C:\Users\ramti\Desktop\ramtin legion pc\article_project\data\raw\pdraw_wave\test\parkinson\V10PO01.png,1,0.457676,1
pdraw_wave,vgg16,contrast,1,C:\Users\ramti\Desktop\ramtin legion pc\article_project\data\raw\pdraw_wave\test\parkinson\V11PO01.png,1,0.301560,0
pdraw_wave,vgg16,contrast,1,C:\Users\ramti\Desktop\ramtin legion pc\article_project\data\raw\pdraw_wave\test\parkinson\V14PO01.png,1,0.810511,1
pdraw_wave,vgg16,contrast,1,C:\Users\ramti\Desktop\ramtin legion pc\article_project\data\raw\pdraw_wave\test\parkinson\V14PO03.png,1,0.780307,1
pdraw_wave,vgg16,contrast,2,C:\Users\ramti\Desktop\ramtin legion pc\article_project\data\raw\pdraw_wave\test\healthy\V01HO01.png,0,0.407716,1
pdraw_wave,vgg16,contrast,2,C:\Users\ramti\Desktop\ramtin legion pc\article_project\data\raw\pdraw_wave\test\healthy\V02HO01.png,0,0.172623,0
pdraw_wave,vgg16,contrast,2,C:\Users\ramti\Desktop\ramtin legion pc\article_project\data\raw\pdraw_wave\test\healthy\V03HO01.png,0,0.172696,0
pdraw_wave,vgg16,contrast,2,C:\Users\ramti\Desktop\ramtin legion pc\article_project\data\raw\pdraw_wave\test\healthy\V04HO01.png,0,0.176882,0
pdraw_wave,vgg16,contrast,2,C:\Users\ramti\Desktop\ramtin legion pc\article_project\data\raw\pdraw_wave\test\healthy\V05HO01.png,0,0.656839,1
pdraw_wave,vgg16,contrast,2,C:\Users\ramti\Desktop\ramtin legion pc\article_project\data\raw\pdraw_wave\test\healthy\V06HO01.png,0,0.276735,0
pdraw_wave,vgg16,contrast,2,C:\Users\ramti\Desktop\ramtin legion pc\article_project\data\raw\pdraw_wave\test\healthy\V07HO01.png,0,0.154537,0
pdraw_wave,vgg16,contrast,2,C:\Users\ramti\Desktop\ramtin legion pc\article_project\data\raw\pdraw_wave\test\healthy\V08HO01.png,0,0.201734,0
pdraw_wave,vgg16,contrast,2,C:\Users\ramti\Desktop\ramtin legion pc\article_project\data\raw\pdraw_wave\test\healthy\V09HO01.png,0,0.214546,0
pdraw_wave,vgg16,contrast,2,C:\Users\ramti\Desktop\ramtin legion pc\article_project\data\raw\pdraw_wave\test\healthy\V10HO01.png,0,0.312394,0
pdraw_wave,vgg16,contrast,2,C:\Users\ramti\Desktop\ramtin legion pc\article_project\data\raw\pdraw_wave\test\healthy\V11HO01.png,0,0.288955,0
pdraw_wave,vgg16,contrast,2,C:\Users\ramti\Desktop\ramtin legion pc\article_project\data\raw\pdraw_wave\test\healthy\V55HO08.png,0,0.179326,0
pdraw_wave,vgg16,contrast,2,C:\Users\ramti\Desktop\ramtin legion pc\article_project\data\raw\pdraw_wave\test\healthy\V55HO09.png,0,0.275258,0
pdraw_wave,vgg16,contrast,2,C:\Users\ramti\Desktop\ramtin legion pc\article_project\data\raw\pdraw_wave\test\healthy\V55HO10.png,0,0.264118,0
pdraw_wave,vgg16,contrast,2,C:\Users\ramti\Desktop\ramtin legion pc\article_project\data\raw\pdraw_wave\test\healthy\V55HO11.png,0,0.370080,0
pdraw_wave,vgg16,contrast,2,C:\Users\ramti\Desktop\ramtin legion pc\article_project\data\raw\pdraw_wave\test\parkinson\V01PO01.png,1,0.383836,0
pdraw_wave,vgg16,contrast,2,C:\Users\ramti\Desktop\ramtin legion pc\article_project\data\raw\pdraw_wave\test\parkinson\V02PO01.png,1,0.832900,1
pdraw_wave,vgg16,contrast,2,C:\Users\ramti\Desktop\ramtin legion pc\article_project\data\raw\pdraw_wave\test\parkinson\V03PO01.png,1,0.782693,1
pdraw_wave,vgg16,contrast,2,C:\Users\ramti\Desktop\ramtin legion pc\article_project\data\raw\pdraw_wave\test\parkinson\V03PO04.png,1,0.862022,1
pdraw_wave,vgg16,contrast,2,C:\Users\ramti\Desktop\ramtin legion pc\article_project\data\raw\pdraw_wave\test\parkinson\V03PO07.png,1,0.849632,1
pdraw_wave,vgg16,contrast,2,C:\Users\ramti\Desktop\ramtin legion pc\article_project\data\raw\pdraw_wave\test\parkinson\V04PO01.png,1,0.842382,1
pdraw_wave,vgg16,contrast,2,C:\Users\ramti\Desktop\ramtin legion pc\article_project\data\raw\pdraw_wave\test\parkinson\V05PO01.png,1,0.849903,1
pdraw_wave,vgg16,contrast,2,C:\Users\ramti\Desktop\ramtin legion pc\article_project\data\raw\pdraw_wave\test\parkinson\V06PO01.png,1,0.698022,1
pdraw_wave,vgg16,contrast,2,C:\Users\ramti\Desktop\ramtin legion pc\article_project\data\raw\pdraw_wave\test\parkinson\V07PO01.png,1,0.923489,1
pdraw_wave,vgg16,contrast,2,C:\Users\ramti\Desktop\ramtin legion pc\article_project\data\raw\pdraw_wave\test\parkinson\V08PO01.png,1,0.138403,0
pdraw_wave,vgg16,contrast,2,C:\Users\ramti\Desktop\ramtin legion pc\article_project\data\raw\pdraw_wave\test\parkinson\V09PO01.png,1,0.813802,1
pdraw_wave,vgg16,contrast,2,C:\Users\ramti\Desktop\ramtin legion pc\article_project\data\raw\pdraw_wave\test\parkinson\V10PO01.png,1,0.528880,1
pdraw_wave,vgg16,contrast,2,C:\Users\ramti\Desktop\ramtin legion pc\article_project\data\raw\pdraw_wave\test\parkinson\V11PO01.png,1,0.335846,0
pdraw_wave,vgg16,contrast,2,C:\Users\ramti\Desktop\ramtin legion pc\article_project\data\raw\pdraw_wave\test\parkinson\V14PO01.png,1,0.832683,1
pdraw_wave,vgg16,contrast,2,C:\Users\ramti\Desktop\ramtin legion pc\article_project\data\raw\pdraw_wave\test\parkinson\V14PO03.png,1,0.803326,1
pdraw_wave,vgg16,contrast,3,C:\Users\ramti\Desktop\ramtin legion pc\article_project\data\raw\pdraw_wave\test\healthy\V01HO01.png,0,0.433676,1
pdraw_wave,vgg16,contrast,3,C:\Users\ramti\Desktop\ramtin legion pc\article_project\data\raw\pdraw_wave\test\healthy\V02HO01.png,0,0.185413,0
pdraw_wave,vgg16,contrast,3,C:\Users\ramti\Desktop\ramtin legion pc\article_project\data\raw\pdraw_wave\test\healthy\V03HO01.png,0,0.192902,0
pdraw_wave,vgg16,contrast,3,C:\Users\ramti\Desktop\ramtin legion pc\article_project\data\raw\pdraw_wave\test\healthy\V04HO01.png,0,0.187746,0
pdraw_wave,vgg16,contrast,3,C:\Users\ramti\Desktop\ramtin legion pc\article_project\data\raw\pdraw_wave\test\healthy\V05HO01.png,0,0.688979,1
pdraw_wave,vgg16,contrast,3,C:\Users\ramti\Desktop\ramtin legion pc\article_project\data\raw\pdraw_wave\test\healthy\V06HO01.png,0,0.287635,0
pdraw_wave,vgg16,contrast,3,C:\Users\ramti\Desktop\ramtin legion pc\article_project\data\raw\pdraw_wave\test\healthy\V07HO01.png,0,0.169294,0
pdraw_wave,vgg16,contrast,3,C:\Users\ramti\Desktop\ramtin legion pc\article_project\data\raw\pdraw_wave\test\healthy\V08HO01.png,0,0.212947,0
pdraw_wave,vgg16,contrast,3,C:\Users\ramti\Desktop\ramtin legion pc\article_project\data\raw\pdraw_wave\test\healthy\V09HO01.png,0,0.221229,0
pdraw_wave,vgg16,contrast,3,C:\Users\ramti\Desktop\ramtin legion pc\article_project\data\raw\pdraw_wave\test\healthy\V10HO01.png,0,0.346322,0
pdraw_wave,vgg16,contrast,3,C:\Users\ramti\Desktop\ramtin legion pc\article_project\data\raw\pdraw_wave\test\healthy\V11HO01.png,0,0.325867,0
pdraw_wave,vgg16,contrast,3,C:\Users\ramti\Desktop\ramtin legion pc\article_project\data\raw\pdraw_wave\test\healthy\V55HO08.png,0,0.188752,0
pdraw_wave,vgg16,contrast,3,C:\Users\ramti\Desktop\ramtin legion pc\article_project\data\raw\pdraw_wave\test\healthy\V55HO09.png,0,0.297982,0
pdraw_wave,vgg16,contrast,3,C:\Users\ramti\Desktop\ramtin legion pc\article_project\data\raw\pdraw_wave\test\healthy\V55HO10.png,0,0.289032,0
pdraw_wave,vgg16,contrast,3,C:\Users\ramti\Desktop\ramtin legion pc\article_project\data\raw\pdraw_wave\test\healthy\V55HO11.png,0,0.401535,1
pdraw_wave,vgg16,contrast,3,C:\Users\ramti\Desktop\ramtin legion pc\article_project\data\raw\pdraw_wave\test\parkinson\V01PO01.png,1,0.426008,1
pdraw_wave,vgg16,contrast,3,C:\Users\ramti\Desktop\ramtin legion pc\article_project\data\raw\pdraw_wave\test\parkinson\V02PO01.png,1,0.857030,1
pdraw_wave,vgg16,contrast,3,C:\Users\ramti\Desktop\ramtin legion pc\article_project\data\raw\pdraw_wave\test\parkinson\V03PO01.png,1,0.789965,1
pdraw_wave,vgg16,contrast,3,C:\Users\ramti\Desktop\ramtin legion pc\article_project\data\raw\pdraw_wave\test\parkinson\V03PO04.png,1,0.872593,1
pdraw_wave,vgg16,contrast,3,C:\Users\ramti\Desktop\ramtin legion pc\article_project\data\raw\pdraw_wave\test\parkinson\V03PO07.png,1,0.862090,1
pdraw_wave,vgg16,contrast,3,C:\Users\ramti\Desktop\ramtin legion pc\article_project\data\raw\pdraw_wave\test\parkinson\V04PO01.png,1,0.860603,1
pdraw_wave,vgg16,contrast,3,C:\Users\ramti\Desktop\ramtin legion pc\article_project\data\raw\pdraw_wave\test\parkinson\V05PO01.png,1,0.855846,1
pdraw_wave,vgg16,contrast,3,C:\Users\ramti\Desktop\ramtin legion pc\article_project\data\raw\pdraw_wave\test\parkinson\V06PO01.png,1,0.715938,1
pdraw_wave,vgg16,contrast,3,C:\Users\ramti\Desktop\ramtin legion pc\article_project\data\raw\pdraw_wave\test\parkinson\V07PO01.png,1,0.934248,1
pdraw_wave,vgg16,contrast,3,C:\Users\ramti\Desktop\ramtin legion pc\article_project\data\raw\pdraw_wave\test\parkinson\V08PO01.png,1,0.144084,0
pdraw_wave,vgg16,contrast,3,C:\Users\ramti\Desktop\ramtin legion pc\article_project\data\raw\pdraw_wave\test\parkinson\V09PO01.png,1,0.835487,1
pdraw_wave,vgg16,contrast,3,C:\Users\ramti\Desktop\ramtin legion pc\article_project\data\raw\pdraw_wave\test\parkinson\V10PO01.png,1,0.557079,1
pdraw_wave,vgg16,contrast,3,C:\Users\ramti\Desktop\ramtin legion pc\article_project\data\raw\pdraw_wave\test\parkinson\V11PO01.png,1,0.336538,0
pdraw_wave,vgg16,contrast,3,C:\Users\ramti\Desktop\ramtin legion pc\article_project\data\raw\pdraw_wave\test\parkinson\V14PO01.png,1,0.851127,1
pdraw_wave,vgg16,contrast,3,C:\Users\ramti\Desktop\ramtin legion pc\article_project\data\raw\pdraw_wave\test\parkinson\V14PO03.png,1,0.819924,1
pdraw_wave,vgg16,contrast,4,C:\Users\ramti\Desktop\ramtin legion pc\article_project\data\raw\pdraw_wave\test\healthy\V01HO01.png,0,0.493286,1
pdraw_wave,vgg16,contrast,4,C:\Users\ramti\Desktop\ramtin legion pc\article_project\data\raw\pdraw_wave\test\healthy\V02HO01.png,0,0.229245,0
pdraw_wave,vgg16,contrast,4,C:\Users\ramti\Desktop\ramtin legion pc\article_project\data\raw\pdraw_wave\test\healthy\V03HO01.png,0,0.242743,0
pdraw_wave,vgg16,contrast,4,C:\Users\ramti\Desktop\ramtin legion pc\article_project\data\raw\pdraw_wave\test\healthy\V04HO01.png,0,0.218076,0
pdraw_wave,vgg16,contrast,4,C:\Users\ramti\Desktop\ramtin legion pc\article_project\data\raw\pdraw_wave\test\healthy\V05HO01.png,0,0.745291,1
pdraw_wave,vgg16,contrast,4,C:\Users\ramti\Desktop\ramtin legion pc\article_project\data\raw\pdraw_wave\test\healthy\V06HO01.png,0,0.296985,0
pdraw_wave,vgg16,contrast,4,C:\Users\ramti\Desktop\ramtin legion pc\article_project\data\raw\pdraw_wave\test\healthy\V07HO01.png,0,0.203896,0
pdraw_wave,vgg16,contrast,4,C:\Users\ramti\Desktop\ramtin legion pc\article_project\data\raw\pdraw_wave\test\healthy\V08HO01.png,0,0.235094,0
pdraw_wave,vgg16,contrast,4,C:\Users\ramti\Desktop\ramtin legion pc\article_project\data\raw\pdraw_wave\test\healthy\V09HO01.png,0,0.223160,0
pdraw_wave,vgg16,contrast,4,C:\Users\ramti\Desktop\ramtin legion pc\article_project\data\raw\pdraw_wave\test\healthy\V10HO01.png,0,0.405046,1
pdraw_wave,vgg16,contrast,4,C:\Users\ramti\Desktop\ramtin legion pc\article_project\data\raw\pdraw_wave\test\healthy\V11HO01.png,0,0.360876,0
pdraw_wave,vgg16,contrast,4,C:\Users\ramti\Desktop\ramtin legion pc\article_project\data\raw\pdraw_wave\test\healthy\V55HO08.png,0,0.185820,0
pdraw_wave,vgg16,contrast,4,C:\Users\ramti\Desktop\ramtin legion pc\article_project\data\raw\pdraw_wave\test\healthy\V55HO09.png,0,0.364904,0
pdraw_wave,vgg16,contrast,4,C:\Users\ramti\Desktop\ramtin legion pc\article_project\data\raw\pdraw_wave\test\healthy\V55HO10.png,0,0.349207,0
pdraw_wave,vgg16,contrast,4,C:\Users\ramti\Desktop\ramtin legion pc\article_project\data\raw\pdraw_wave\test\healthy\V55HO11.png,0,0.475408,1
pdraw_wave,vgg16,contrast,4,C:\Users\ramti\Desktop\ramtin legion pc\article_project\data\raw\pdraw_wave\test\parkinson\V01PO01.png,1,0.535273,1
pdraw_wave,vgg16,contrast,4,C:\Users\ramti\Desktop\ramtin legion pc\article_project\data\raw\pdraw_wave\test\parkinson\V02PO01.png,1,0.903488,1
pdraw_wave,vgg16,contrast,4,C:\Users\ramti\Desktop\ramtin legion pc\article_project\data\raw\pdraw_wave\test\parkinson\V03PO01.png,1,0.801791,1
pdraw_wave,vgg16,contrast,4,C:\Users\ramti\Desktop\ramtin legion pc\article_project\data\raw\pdraw_wave\test\parkinson\V03PO04.png,1,0.899451,1
pdraw_wave,vgg16,contrast,4,C:\Users\ramti\Desktop\ramtin legion pc\article_project\data\raw\pdraw_wave\test\parkinson\V03PO07.png,1,0.878884,1
pdraw_wave,vgg16,contrast,4,C:\Users\ramti\Desktop\ramtin legion pc\article_project\data\raw\pdraw_wave\test\parkinson\V04PO01.png,1,0.903670,1
pdraw_wave,vgg16,contrast,4,C:\Users\ramti\Desktop\ramtin legion pc\article_project\data\raw\pdraw_wave\test\parkinson\V05PO01.png,1,0.877023,1
pdraw_wave,vgg16,contrast,4,C:\Users\ramti\Desktop\ramtin legion pc\article_project\data\raw\pdraw_wave\test\parkinson\V06PO01.png,1,0.770704,1
pdraw_wave,vgg16,contrast,4,C:\Users\ramti\Desktop\ramtin legion pc\article_project\data\raw\pdraw_wave\test\parkinson\V07PO01.png,1,0.957352,1
pdraw_wave,vgg16,contrast,4,C:\Users\ramti\Desktop\ramtin legion pc\article_project\data\raw\pdraw_wave\test\parkinson\V08PO01.png,1,0.147517,0
pdraw_wave,vgg16,contrast,4,C:\Users\ramti\Desktop\ramtin legion pc\article_project\data\raw\pdraw_wave\test\parkinson\V09PO01.png,1,0.872847,1
pdraw_wave,vgg16,contrast,4,C:\Users\ramti\Desktop\ramtin legion pc\article_project\data\raw\pdraw_wave\test\parkinson\V10PO01.png,1,0.644034,1
pdraw_wave,vgg16,contrast,4,C:\Users\ramti\Desktop\ramtin legion pc\article_project\data\raw\pdraw_wave\test\parkinson\V11PO01.png,1,0.377468,0
pdraw_wave,vgg16,contrast,4,C:\Users\ramti\Desktop\ramtin legion pc\article_project\data\raw\pdraw_wave\test\parkinson\V14PO01.png,1,0.887576,1
pdraw_wave,vgg16,contrast,4,C:\Users\ramti\Desktop\ramtin legion pc\article_project\data\raw\pdraw_wave\test\parkinson\V14PO03.png,1,0.855560,1
pdraw_wave,vgg16,contrast,5,C:\Users\ramti\Desktop\ramtin legion pc\article_project\data\raw\pdraw_wave\test\healthy\V01HO01.png,0,0.519485,1
pdraw_wave,vgg16,contrast,5,C:\Users\ramti\Desktop\ramtin legion pc\article_project\data\raw\pdraw_wave\test\healthy\V02HO01.png,0,0.248552,0
pdraw_wave,vgg16,contrast,5,C:\Users\ramti\Desktop\ramtin legion pc\article_project\data\raw\pdraw_wave\test\healthy\V03HO01.png,0,0.265914,0
pdraw_wave,vgg16,contrast,5,C:\Users\ramti\Desktop\ramtin legion pc\article_project\data\raw\pdraw_wave\test\healthy\V04HO01.png,0,0.237187,0
pdraw_wave,vgg16,contrast,5,C:\Users\ramti\Desktop\ramtin legion pc\article_project\data\raw\pdraw_wave\test\healthy\V05HO01.png,0,0.760403,1
pdraw_wave,vgg16,contrast,5,C:\Users\ramti\Desktop\ramtin legion pc\article_project\data\raw\pdraw_wave\test\healthy\V06HO01.png,0,0.302423,0
pdraw_wave,vgg16,contrast,5,C:\Users\ramti\Desktop\ramtin legion pc\article_project\data\raw\pdraw_wave\test\healthy\V07HO01.png,0,0.214047,0
pdraw_wave,vgg16,contrast,5,C:\Users\ramti\Desktop\ramtin legion pc\article_project\data\raw\pdraw_wave\test\healthy\V08HO01.png,0,0.250897,0
pdraw_wave,vgg16,contrast,5,C:\Users\ramti\Desktop\ramtin legion pc\article_project\data\raw\pdraw_wave\test\healthy\V09HO01.png,0,0.231193,0
pdraw_wave,vgg16,contrast,5,C:\Users\ramti\Desktop\ramtin legion pc\article_project\data\raw\pdraw_wave\test\healthy\V10HO01.png,0,0.422212,1
pdraw_wave,vgg16,contrast,5,C:\Users\ramti\Desktop\ramtin legion pc\article_project\data\raw\pdraw_wave\test\healthy\V11HO01.png,0,0.375392,0
pdraw_wave,vgg16,contrast,5,C:\Users\ramti\Desktop\ramtin legion pc\article_project\data\raw\pdraw_wave\test\healthy\V55HO08.png,0,0.188288,0
pdraw_wave,vgg16,contrast,5,C:\Users\ramti\Desktop\ramtin legion pc\article_project\data\raw\pdraw_wave\test\healthy\V55HO09.png,0,0.396964,0
pdraw_wave,vgg16,contrast,5,C:\Users\ramti\Desktop\ramtin legion pc\article_project\data\raw\pdraw_wave\test\healthy\V55HO10.png,0,0.387789,0
pdraw_wave,vgg16,contrast,5,C:\Users\ramti\Desktop\ramtin legion pc\article_project\data\raw\pdraw_wave\test\healthy\V55HO11.png,0,0.501708,1
pdraw_wave,vgg16,contrast,5,C:\Users\ramti\Desktop\ramtin legion pc\article_project\data\raw\pdraw_wave\test\parkinson\V01PO01.png,1,0.574522,1
pdraw_wave,vgg16,contrast,5,C:\Users\ramti\Desktop\ramtin legion pc\article_project\data\raw\pdraw_wave\test\parkinson\V02PO01.png,1,0.915807,1
pdraw_wave,vgg16,contrast,5,C:\Users\ramti\Desktop\ramtin legion pc\article_project\data\raw\pdraw_wave\test\parkinson\V03PO01.png,1,0.800406,1
pdraw_wave,vgg16,contrast,5,C:\Users\ramti\Desktop\ramtin legion pc\article_project\data\raw\pdraw_wave\test\parkinson\V03PO04.png,1,0.907123,1
pdraw_wave,vgg16,contrast,5,C:\Users\ramti\Desktop\ramtin legion pc\article_project\data\raw\pdraw_wave\test\parkinson\V03PO07.png,1,0.887162,1
pdraw_wave,vgg16,contrast,5,C:\Users\ramti\Desktop\ramtin legion pc\article_project\data\raw\pdraw_wave\test\parkinson\V04PO01.png,1,0.913462,1
pdraw_wave,vgg16,contrast,5,C:\Users\ramti\Desktop\ramtin legion pc\article_project\data\raw\pdraw_wave\test\parkinson\V05PO01.png,1,0.883672,1
pdraw_wave,vgg16,contrast,5,C:\Users\ramti\Desktop\ramtin legion pc\article_project\data\raw\pdraw_wave\test\parkinson\V06PO01.png,1,0.795867,1
pdraw_wave,vgg16,contrast,5,C:\Users\ramti\Desktop\ramtin legion pc\article_project\data\raw\pdraw_wave\test\parkinson\V07PO01.png,1,0.962714,1
pdraw_wave,vgg16,contrast,5,C:\Users\ramti\Desktop\ramtin legion pc\article_project\data\raw\pdraw_wave\test\parkinson\V08PO01.png,1,0.144082,0
pdraw_wave,vgg16,contrast,5,C:\Users\ramti\Desktop\ramtin legion pc\article_project\data\raw\pdraw_wave\test\parkinson\V09PO01.png,1,0.883986,1
pdraw_wave,vgg16,contrast,5,C:\Users\ramti\Desktop\ramtin legion pc\article_project\data\raw\pdraw_wave\test\parkinson\V10PO01.png,1,0.673956,1
pdraw_wave,vgg16,contrast,5,C:\Users\ramti\Desktop\ramtin legion pc\article_project\data\raw\pdraw_wave\test\parkinson\V11PO01.png,1,0.396660,0
pdraw_wave,vgg16,contrast,5,C:\Users\ramti\Desktop\ramtin legion pc\article_project\data\raw\pdraw_wave\test\parkinson\V14PO01.png,1,0.897012,1
pdraw_wave,vgg16,contrast,5,C:\Users\ramti\Desktop\ramtin legion pc\article_project\data\raw\pdraw_wave\test\parkinson\V14PO03.png,1,0.861513,1
pdraw_wave,vgg16,brightness,1,C:\Users\ramti\Desktop\ramtin legion pc\article_project\data\raw\pdraw_wave\test\healthy\V01HO01.png,0,0.461724,1
pdraw_wave,vgg16,brightness,1,C:\Users\ramti\Desktop\ramtin legion pc\article_project\data\raw\pdraw_wave\test\healthy\V02HO01.png,0,0.210728,0
pdraw_wave,vgg16,brightness,1,C:\Users\ramti\Desktop\ramtin legion pc\article_project\data\raw\pdraw_wave\test\healthy\V03HO01.png,0,0.237278,0
pdraw_wave,vgg16,brightness,1,C:\Users\ramti\Desktop\ramtin legion pc\article_project\data\raw\pdraw_wave\test\healthy\V04HO01.png,0,0.281612,0
pdraw_wave,vgg16,brightness,1,C:\Users\ramti\Desktop\ramtin legion pc\article_project\data\raw\pdraw_wave\test\healthy\V05HO01.png,0,0.607741,1
pdraw_wave,vgg16,brightness,1,C:\Users\ramti\Desktop\ramtin legion pc\article_project\data\raw\pdraw_wave\test\healthy\V06HO01.png,0,0.279411,0
pdraw_wave,vgg16,brightness,1,C:\Users\ramti\Desktop\ramtin legion pc\article_project\data\raw\pdraw_wave\test\healthy\V07HO01.png,0,0.239614,0
pdraw_wave,vgg16,brightness,1,C:\Users\ramti\Desktop\ramtin legion pc\article_project\data\raw\pdraw_wave\test\healthy\V08HO01.png,0,0.212795,0
pdraw_wave,vgg16,brightness,1,C:\Users\ramti\Desktop\ramtin legion pc\article_project\data\raw\pdraw_wave\test\healthy\V09HO01.png,0,0.319124,0
pdraw_wave,vgg16,brightness,1,C:\Users\ramti\Desktop\ramtin legion pc\article_project\data\raw\pdraw_wave\test\healthy\V10HO01.png,0,0.326899,0
pdraw_wave,vgg16,brightness,1,C:\Users\ramti\Desktop\ramtin legion pc\article_project\data\raw\pdraw_wave\test\healthy\V11HO01.png,0,0.353194,0
pdraw_wave,vgg16,brightness,1,C:\Users\ramti\Desktop\ramtin legion pc\article_project\data\raw\pdraw_wave\test\healthy\V55HO08.png,0,0.217342,0
pdraw_wave,vgg16,brightness,1,C:\Users\ramti\Desktop\ramtin legion pc\article_project\data\raw\pdraw_wave\test\healthy\V55HO09.png,0,0.458194,1
pdraw_wave,vgg16,brightness,1,C:\Users\ramti\Desktop\ramtin legion pc\article_project\data\raw\pdraw_wave\test\healthy\V55HO10.png,0,0.272260,0
pdraw_wave,vgg16,brightness,1,C:\Users\ramti\Desktop\ramtin legion pc\article_project\data\raw\pdraw_wave\test\healthy\V55HO11.png,0,0.487203,1
pdraw_wave,vgg16,brightness,1,C:\Users\ramti\Desktop\ramtin legion pc\article_project\data\raw\pdraw_wave\test\parkinson\V01PO01.png,1,0.491549,1
pdraw_wave,vgg16,brightness,1,C:\Users\ramti\Desktop\ramtin legion pc\article_project\data\raw\pdraw_wave\test\parkinson\V02PO01.png,1,0.772954,1
pdraw_wave,vgg16,brightness,1,C:\Users\ramti\Desktop\ramtin legion pc\article_project\data\raw\pdraw_wave\test\parkinson\V03PO01.png,1,0.754758,1
pdraw_wave,vgg16,brightness,1,C:\Users\ramti\Desktop\ramtin legion pc\article_project\data\raw\pdraw_wave\test\parkinson\V03PO04.png,1,0.827979,1
pdraw_wave,vgg16,brightness,1,C:\Users\ramti\Desktop\ramtin legion pc\article_project\data\raw\pdraw_wave\test\parkinson\V03PO07.png,1,0.786909,1
pdraw_wave,vgg16,brightness,1,C:\Users\ramti\Desktop\ramtin legion pc\article_project\data\raw\pdraw_wave\test\parkinson\V04PO01.png,1,0.823063,1
pdraw_wave,vgg16,brightness,1,C:\Users\ramti\Desktop\ramtin legion pc\article_project\data\raw\pdraw_wave\test\parkinson\V05PO01.png,1,0.816046,1
pdraw_wave,vgg16,brightness,1,C:\Users\ramti\Desktop\ramtin legion pc\article_project\data\raw\pdraw_wave\test\parkinson\V06PO01.png,1,0.751045,1
pdraw_wave,vgg16,brightness,1,C:\Users\ramti\Desktop\ramtin legion pc\article_project\data\raw\pdraw_wave\test\parkinson\V07PO01.png,1,0.922933,1
pdraw_wave,vgg16,brightness,1,C:\Users\ramti\Desktop\ramtin legion pc\article_project\data\raw\pdraw_wave\test\parkinson\V08PO01.png,1,0.174256,0
pdraw_wave,vgg16,brightness,1,C:\Users\ramti\Desktop\ramtin legion pc\article_project\data\raw\pdraw_wave\test\parkinson\V09PO01.png,1,0.773924,1
pdraw_wave,vgg16,brightness,1,C:\Users\ramti\Desktop\ramtin legion pc\article_project\data\raw\pdraw_wave\test\parkinson\V10PO01.png,1,0.618841,1
pdraw_wave,vgg16,brightness,1,C:\Users\ramti\Desktop\ramtin legion pc\article_project\data\raw\pdraw_wave\test\parkinson\V11PO01.png,1,0.391449,0
pdraw_wave,vgg16,brightness,1,C:\Users\ramti\Desktop\ramtin legion pc\article_project\data\raw\pdraw_wave\test\parkinson\V14PO01.png,1,0.789854,1
pdraw_wave,vgg16,brightness,1,C:\Users\ramti\Desktop\ramtin legion pc\article_project\data\raw\pdraw_wave\test\parkinson\V14PO03.png,1,0.804618,1
pdraw_wave,vgg16,brightness,2,C:\Users\ramti\Desktop\ramtin legion pc\article_project\data\raw\pdraw_wave\test\healthy\V01HO01.png,0,0.481030,1
pdraw_wave,vgg16,brightness,2,C:\Users\ramti\Desktop\ramtin legion pc\article_project\data\raw\pdraw_wave\test\healthy\V02HO01.png,0,0.202991,0
pdraw_wave,vgg16,brightness,2,C:\Users\ramti\Desktop\ramtin legion pc\article_project\data\raw\pdraw_wave\test\healthy\V03HO01.png,0,0.251642,0
pdraw_wave,vgg16,brightness,2,C:\Users\ramti\Desktop\ramtin legion pc\article_project\data\raw\pdraw_wave\test\healthy\V04HO01.png,0,0.287807,0
pdraw_wave,vgg16,brightness,2,C:\Users\ramti\Desktop\ramtin legion pc\article_project\data\raw\pdraw_wave\test\healthy\V05HO01.png,0,0.642779,1
pdraw_wave,vgg16,brightness,2,C:\Users\ramti\Desktop\ramtin legion pc\article_project\data\raw\pdraw_wave\test\healthy\V06HO01.png,0,0.286925,0
pdraw_wave,vgg16,brightness,2,C:\Users\ramti\Desktop\ramtin legion pc\article_project\data\raw\pdraw_wave\test\healthy\V07HO01.png,0,0.248226,0
pdraw_wave,vgg16,brightness,2,C:\Users\ramti\Desktop\ramtin legion pc\article_project\data\raw\pdraw_wave\test\healthy\V08HO01.png,0,0.218025,0
pdraw_wave,vgg16,brightness,2,C:\Users\ramti\Desktop\ramtin legion pc\article_project\data\raw\pdraw_wave\test\healthy\V09HO01.png,0,0.324615,0
pdraw_wave,vgg16,brightness,2,C:\Users\ramti\Desktop\ramtin legion pc\article_project\data\raw\pdraw_wave\test\healthy\V10HO01.png,0,0.370193,0
pdraw_wave,vgg16,brightness,2,C:\Users\ramti\Desktop\ramtin legion pc\article_project\data\raw\pdraw_wave\test\healthy\V11HO01.png,0,0.379640,0
pdraw_wave,vgg16,brightness,2,C:\Users\ramti\Desktop\ramtin legion pc\article_project\data\raw\pdraw_wave\test\healthy\V55HO08.png,0,0.242149,0
pdraw_wave,vgg16,brightness,2,C:\Users\ramti\Desktop\ramtin legion pc\article_project\data\raw\pdraw_wave\test\healthy\V55HO09.png,0,0.456139,1
pdraw_wave,vgg16,brightness,2,C:\Users\ramti\Desktop\ramtin legion pc\article_project\data\raw\pdraw_wave\test\healthy\V55HO10.png,0,0.320309,0
pdraw_wave,vgg16,brightness,2,C:\Users\ramti\Desktop\ramtin legion pc\article_project\data\raw\pdraw_wave\test\healthy\V55HO11.png,0,0.524067,1
pdraw_wave,vgg16,brightness,2,C:\Users\ramti\Desktop\ramtin legion pc\article_project\data\raw\pdraw_wave\test\parkinson\V01PO01.png,1,0.547378,1
pdraw_wave,vgg16,brightness,2,C:\Users\ramti\Desktop\ramtin legion pc\article_project\data\raw\pdraw_wave\test\parkinson\V02PO01.png,1,0.813790,1
pdraw_wave,vgg16,brightness,2,C:\Users\ramti\Desktop\ramtin legion pc\article_project\data\raw\pdraw_wave\test\parkinson\V03PO01.png,1,0.787532,1
pdraw_wave,vgg16,brightness,2,C:\Users\ramti\Desktop\ramtin legion pc\article_project\data\raw\pdraw_wave\test\parkinson\V03PO04.png,1,0.862373,1
pdraw_wave,vgg16,brightness,2,C:\Users\ramti\Desktop\ramtin legion pc\article_project\data\raw\pdraw_wave\test\parkinson\V03PO07.png,1,0.817757,1
pdraw_wave,vgg16,brightness,2,C:\Users\ramti\Desktop\ramtin legion pc\article_project\data\raw\pdraw_wave\test\parkinson\V04PO01.png,1,0.864336,1
pdraw_wave,vgg16,brightness,2,C:\Users\ramti\Desktop\ramtin legion pc\article_project\data\raw\pdraw_wave\test\parkinson\V05PO01.png,1,0.847464,1
pdraw_wave,vgg16,brightness,2,C:\Users\ramti\Desktop\ramtin legion pc\article_project\data\raw\pdraw_wave\test\parkinson\V06PO01.png,1,0.789885,1
pdraw_wave,vgg16,brightness,2,C:\Users\ramti\Desktop\ramtin legion pc\article_project\data\raw\pdraw_wave\test\parkinson\V07PO01.png,1,0.942910,1
pdraw_wave,vgg16,brightness,2,C:\Users\ramti\Desktop\ramtin legion pc\article_project\data\raw\pdraw_wave\test\parkinson\V08PO01.png,1,0.166474,0
pdraw_wave,vgg16,brightness,2,C:\Users\ramti\Desktop\ramtin legion pc\article_project\data\raw\pdraw_wave\test\parkinson\V09PO01.png,1,0.812855,1
pdraw_wave,vgg16,brightness,2,C:\Users\ramti\Desktop\ramtin legion pc\article_project\data\raw\pdraw_wave\test\parkinson\V10PO01.png,1,0.655371,1
pdraw_wave,vgg16,brightness,2,C:\Users\ramti\Desktop\ramtin legion pc\article_project\data\raw\pdraw_wave\test\parkinson\V11PO01.png,1,0.428840,1
pdraw_wave,vgg16,brightness,2,C:\Users\ramti\Desktop\ramtin legion pc\article_project\data\raw\pdraw_wave\test\parkinson\V14PO01.png,1,0.818022,1
pdraw_wave,vgg16,brightness,2,C:\Users\ramti\Desktop\ramtin legion pc\article_project\data\raw\pdraw_wave\test\parkinson\V14PO03.png,1,0.816418,1
pdraw_wave,vgg16,brightness,3,C:\Users\ramti\Desktop\ramtin legion pc\article_project\data\raw\pdraw_wave\test\healthy\V01HO01.png,0,0.470068,1
pdraw_wave,vgg16,brightness,3,C:\Users\ramti\Desktop\ramtin legion pc\article_project\data\raw\pdraw_wave\test\healthy\V02HO01.png,0,0.189242,0
pdraw_wave,vgg16,brightness,3,C:\Users\ramti\Desktop\ramtin legion pc\article_project\data\raw\pdraw_wave\test\healthy\V03HO01.png,0,0.241083,0
pdraw_wave,vgg16,brightness,3,C:\Users\ramti\Desktop\ramtin legion pc\article_project\data\raw\pdraw_wave\test\healthy\V04HO01.png,0,0.273274,0
pdraw_wave,vgg16,brightness,3,C:\Users\ramti\Desktop\ramtin legion pc\article_project\data\raw\pdraw_wave\test\healthy\V05HO01.png,0,0.662520,1
pdraw_wave,vgg16,brightness,3,C:\Users\ramti\Desktop\ramtin legion pc\article_project\data\raw\pdraw_wave\test\healthy\V06HO01.png,0,0.294232,0
pdraw_wave,vgg16,brightness,3,C:\Users\ramti\Desktop\ramtin legion pc\article_project\data\raw\pdraw_wave\test\healthy\V07HO01.png,0,0.237203,0
pdraw_wave,vgg16,brightness,3,C:\Users\ramti\Desktop\ramtin legion pc\article_project\data\raw\pdraw_wave\test\healthy\V08HO01.png,0,0.216036,0
pdraw_wave,vgg16,brightness,3,C:\Users\ramti\Desktop\ramtin legion pc\article_project\data\raw\pdraw_wave\test\healthy\V09HO01.png,0,0.316200,0
pdraw_wave,vgg16,brightness,3,C:\Users\ramti\Desktop\ramtin legion pc\article_project\data\raw\pdraw_wave\test\healthy\V10HO01.png,0,0.369117,0
pdraw_wave,vgg16,brightness,3,C:\Users\ramti\Desktop\ramtin legion pc\article_project\data\raw\pdraw_wave\test\healthy\V11HO01.png,0,0.372690,0
pdraw_wave,vgg16,brightness,3,C:\Users\ramti\Desktop\ramtin legion pc\article_project\data\raw\pdraw_wave\test\healthy\V55HO08.png,0,0.214265,0
pdraw_wave,vgg16,brightness,3,C:\Users\ramti\Desktop\ramtin legion pc\article_project\data\raw\pdraw_wave\test\healthy\V55HO09.png,0,0.412504,1
pdraw_wave,vgg16,brightness,3,C:\Users\ramti\Desktop\ramtin legion pc\article_project\data\raw\pdraw_wave\test\healthy\V55HO10.png,0,0.315569,0
pdraw_wave,vgg16,brightness,3,C:\Users\ramti\Desktop\ramtin legion pc\article_project\data\raw\pdraw_wave\test\healthy\V55HO11.png,0,0.490760,1
pdraw_wave,vgg16,brightness,3,C:\Users\ramti\Desktop\ramtin legion pc\article_project\data\raw\pdraw_wave\test\parkinson\V01PO01.png,1,0.535460,1
pdraw_wave,vgg16,brightness,3,C:\Users\ramti\Desktop\ramtin legion pc\article_project\data\raw\pdraw_wave\test\parkinson\V02PO01.png,1,0.854445,1
pdraw_wave,vgg16,brightness,3,C:\Users\ramti\Desktop\ramtin legion pc\article_project\data\raw\pdraw_wave\test\parkinson\V03PO01.png,1,0.799012,1
pdraw_wave,vgg16,brightness,3,C:\Users\ramti\Desktop\ramtin legion pc\article_project\data\raw\pdraw_wave\test\parkinson\V03PO04.png,1,0.876511,1
pdraw_wave,vgg16,brightness,3,C:\Users\ramti\Desktop\ramtin legion pc\article_project\data\raw\pdraw_wave\test\parkinson\V03PO07.png,1,0.834087,1
pdraw_wave,vgg16,brightness,3,C:\Users\ramti\Desktop\ramtin legion pc\article_project\data\raw\pdraw_wave\test\parkinson\V04PO01.png,1,0.879281,1
pdraw_wave,vgg16,brightness,3,C:\Users\ramti\Desktop\ramtin legion pc\article_project\data\raw\pdraw_wave\test\parkinson\V05PO01.png,1,0.860799,1
pdraw_wave,vgg16,brightness,3,C:\Users\ramti\Desktop\ramtin legion pc\article_project\data\raw\pdraw_wave\test\parkinson\V06PO01.png,1,0.808451,1
pdraw_wave,vgg16,brightness,3,C:\Users\ramti\Desktop\ramtin legion pc\article_project\data\raw\pdraw_wave\test\parkinson\V07PO01.png,1,0.950082,1
pdraw_wave,vgg16,brightness,3,C:\Users\ramti\Desktop\ramtin legion pc\article_project\data\raw\pdraw_wave\test\parkinson\V08PO01.png,1,0.161827,0
pdraw_wave,vgg16,brightness,3,C:\Users\ramti\Desktop\ramtin legion pc\article_project\data\raw\pdraw_wave\test\parkinson\V09PO01.png,1,0.839235,1
pdraw_wave,vgg16,brightness,3,C:\Users\ramti\Desktop\ramtin legion pc\article_project\data\raw\pdraw_wave\test\parkinson\V10PO01.png,1,0.641978,1
pdraw_wave,vgg16,brightness,3,C:\Users\ramti\Desktop\ramtin legion pc\article_project\data\raw\pdraw_wave\test\parkinson\V11PO01.png,1,0.414211,1
pdraw_wave,vgg16,brightness,3,C:\Users\ramti\Desktop\ramtin legion pc\article_project\data\raw\pdraw_wave\test\parkinson\V14PO01.png,1,0.842991,1
pdraw_wave,vgg16,brightness,3,C:\Users\ramti\Desktop\ramtin legion pc\article_project\data\raw\pdraw_wave\test\parkinson\V14PO03.png,1,0.830796,1
pdraw_wave,vgg16,brightness,4,C:\Users\ramti\Desktop\ramtin legion pc\article_project\data\raw\pdraw_wave\test\healthy\V01HO01.png,0,0.323485,0
pdraw_wave,vgg16,brightness,4,C:\Users\ramti\Desktop\ramtin legion pc\article_project\data\raw\pdraw_wave\test\healthy\V02HO01.png,0,0.231263,0
pdraw_wave,vgg16,brightness,4,C:\Users\ramti\Desktop\ramtin legion pc\article_project\data\raw\pdraw_wave\test\healthy\V03HO01.png,0,0.338911,0
pdraw_wave,vgg16,brightness,4,C:\Users\ramti\Desktop\ramtin legion pc\article_project\data\raw\pdraw_wave\test\healthy\V04HO01.png,0,0.263274,0
pdraw_wave,vgg16,brightness,4,C:\Users\ramti\Desktop\ramtin legion pc\article_project\data\raw\pdraw_wave\test\healthy\V05HO01.png,0,0.386945,0
pdraw_wave,vgg16,brightness,4,C:\Users\ramti\Desktop\ramtin legion pc\article_project\data\raw\pdraw_wave\test\healthy\V06HO01.png,0,0.175822,0
pdraw_wave,vgg16,brightness,4,C:\Users\ramti\Desktop\ramtin legion pc\article_project\data\raw\pdraw_wave\test\healthy\V07HO01.png,0,0.177037,0
pdraw_wave,vgg16,brightness,4,C:\Users\ramti\Desktop\ramtin legion pc\article_project\data\raw\pdraw_wave\test\healthy\V08HO01.png,0,0.140389,0
pdraw_wave,vgg16,brightness,4,C:\Users\ramti\Desktop\ramtin legion pc\article_project\data\raw\pdraw_wave\test\healthy\V09HO01.png,0,0.242402,0
pdraw_wave,vgg16,brightness,4,C:\Users\ramti\Desktop\ramtin legion pc\article_project\data\raw\pdraw_wave\test\healthy\V10HO01.png,0,0.232656,0
pdraw_wave,vgg16,brightness,4,C:\Users\ramti\Desktop\ramtin legion pc\article_project\data\raw\pdraw_wave\test\healthy\V11HO01.png,0,0.211901,0
pdraw_wave,vgg16,brightness,4,C:\Users\ramti\Desktop\ramtin legion pc\article_project\data\raw\pdraw_wave\test\healthy\V55HO08.png,0,0.217383,0
pdraw_wave,vgg16,brightness,4,C:\Users\ramti\Desktop\ramtin legion pc\article_project\data\raw\pdraw_wave\test\healthy\V55HO09.png,0,0.310803,0
pdraw_wave,vgg16,brightness,4,C:\Users\ramti\Desktop\ramtin legion pc\article_project\data\raw\pdraw_wave\test\healthy\V55HO10.png,0,0.257528,0
pdraw_wave,vgg16,brightness,4,C:\Users\ramti\Desktop\ramtin legion pc\article_project\data\raw\pdraw_wave\test\healthy\V55HO11.png,0,0.313536,0
pdraw_wave,vgg16,brightness,4,C:\Users\ramti\Desktop\ramtin legion pc\article_project\data\raw\pdraw_wave\test\parkinson\V01PO01.png,1,0.290636,0
pdraw_wave,vgg16,brightness,4,C:\Users\ramti\Desktop\ramtin legion pc\article_project\data\raw\pdraw_wave\test\parkinson\V02PO01.png,1,0.463576,1
pdraw_wave,vgg16,brightness,4,C:\Users\ramti\Desktop\ramtin legion pc\article_project\data\raw\pdraw_wave\test\parkinson\V03PO01.png,1,0.457051,1
pdraw_wave,vgg16,brightness,4,C:\Users\ramti\Desktop\ramtin legion pc\article_project\data\raw\pdraw_wave\test\parkinson\V03PO04.png,1,0.575351,1
pdraw_wave,vgg16,brightness,4,C:\Users\ramti\Desktop\ramtin legion pc\article_project\data\raw\pdraw_wave\test\parkinson\V03PO07.png,1,0.482797,1
pdraw_wave,vgg16,brightness,4,C:\Users\ramti\Desktop\ramtin legion pc\article_project\data\raw\pdraw_wave\test\parkinson\V04PO01.png,1,0.704262,1
pdraw_wave,vgg16,brightness,4,C:\Users\ramti\Desktop\ramtin legion pc\article_project\data\raw\pdraw_wave\test\parkinson\V05PO01.png,1,0.719476,1
pdraw_wave,vgg16,brightness,4,C:\Users\ramti\Desktop\ramtin legion pc\article_project\data\raw\pdraw_wave\test\parkinson\V06PO01.png,1,0.426979,1
pdraw_wave,vgg16,brightness,4,C:\Users\ramti\Desktop\ramtin legion pc\article_project\data\raw\pdraw_wave\test\parkinson\V07PO01.png,1,0.796305,1
pdraw_wave,vgg16,brightness,4,C:\Users\ramti\Desktop\ramtin legion pc\article_project\data\raw\pdraw_wave\test\parkinson\V08PO01.png,1,0.170705,0
pdraw_wave,vgg16,brightness,4,C:\Users\ramti\Desktop\ramtin legion pc\article_project\data\raw\pdraw_wave\test\parkinson\V09PO01.png,1,0.471725,1
pdraw_wave,vgg16,brightness,4,C:\Users\ramti\Desktop\ramtin legion pc\article_project\data\raw\pdraw_wave\test\parkinson\V10PO01.png,1,0.297673,0
pdraw_wave,vgg16,brightness,4,C:\Users\ramti\Desktop\ramtin legion pc\article_project\data\raw\pdraw_wave\test\parkinson\V11PO01.png,1,0.221165,0
pdraw_wave,vgg16,brightness,4,C:\Users\ramti\Desktop\ramtin legion pc\article_project\data\raw\pdraw_wave\test\parkinson\V14PO01.png,1,0.708848,1
pdraw_wave,vgg16,brightness,4,C:\Users\ramti\Desktop\ramtin legion pc\article_project\data\raw\pdraw_wave\test\parkinson\V14PO03.png,1,0.626776,1
pdraw_wave,vgg16,brightness,5,C:\Users\ramti\Desktop\ramtin legion pc\article_project\data\raw\pdraw_wave\test\healthy\V01HO01.png,0,0.294717,0
pdraw_wave,vgg16,brightness,5,C:\Users\ramti\Desktop\ramtin legion pc\article_project\data\raw\pdraw_wave\test\healthy\V02HO01.png,0,0.217368,0
pdraw_wave,vgg16,brightness,5,C:\Users\ramti\Desktop\ramtin legion pc\article_project\data\raw\pdraw_wave\test\healthy\V03HO01.png,0,0.358981,0
pdraw_wave,vgg16,brightness,5,C:\Users\ramti\Desktop\ramtin legion pc\article_project\data\raw\pdraw_wave\test\healthy\V04HO01.png,0,0.210900,0
pdraw_wave,vgg16,brightness,5,C:\Users\ramti\Desktop\ramtin legion pc\article_project\data\raw\pdraw_wave\test\healthy\V05HO01.png,0,0.341388,0
pdraw_wave,vgg16,brightness,5,C:\Users\ramti\Desktop\ramtin legion pc\article_project\data\raw\pdraw_wave\test\healthy\V06HO01.png,0,0.149636,0
pdraw_wave,vgg16,brightness,5,C:\Users\ramti\Desktop\ramtin legion pc\article_project\data\raw\pdraw_wave\test\healthy\V07HO01.png,0,0.250931,0
pdraw_wave,vgg16,brightness,5,C:\Users\ramti\Desktop\ramtin legion pc\article_project\data\raw\pdraw_wave\test\healthy\V08HO01.png,0,0.131663,0
pdraw_wave,vgg16,brightness,5,C:\Users\ramti\Desktop\ramtin legion pc\article_project\data\raw\pdraw_wave\test\healthy\V09HO01.png,0,0.221433,0
pdraw_wave,vgg16,brightness,5,C:\Users\ramti\Desktop\ramtin legion pc\article_project\data\raw\pdraw_wave\test\healthy\V10HO01.png,0,0.208462,0
pdraw_wave,vgg16,brightness,5,C:\Users\ramti\Desktop\ramtin legion pc\article_project\data\raw\pdraw_wave\test\healthy\V11HO01.png,0,0.203156,0
pdraw_wave,vgg16,brightness,5,C:\Users\ramti\Desktop\ramtin legion pc\article_project\data\raw\pdraw_wave\test\healthy\V55HO08.png,0,0.183016,0
pdraw_wave,vgg16,brightness,5,C:\Users\ramti\Desktop\ramtin legion pc\article_project\data\raw\pdraw_wave\test\healthy\V55HO09.png,0,0.218602,0
pdraw_wave,vgg16,brightness,5,C:\Users\ramti\Desktop\ramtin legion pc\article_project\data\raw\pdraw_wave\test\healthy\V55HO10.png,0,0.233075,0
pdraw_wave,vgg16,brightness,5,C:\Users\ramti\Desktop\ramtin legion pc\article_project\data\raw\pdraw_wave\test\healthy\V55HO11.png,0,0.274810,0
pdraw_wave,vgg16,brightness,5,C:\Users\ramti\Desktop\ramtin legion pc\article_project\data\raw\pdraw_wave\test\parkinson\V01PO01.png,1,0.258068,0
pdraw_wave,vgg16,brightness,5,C:\Users\ramti\Desktop\ramtin legion pc\article_project\data\raw\pdraw_wave\test\parkinson\V02PO01.png,1,0.400565,1
pdraw_wave,vgg16,brightness,5,C:\Users\ramti\Desktop\ramtin legion pc\article_project\data\raw\pdraw_wave\test\parkinson\V03PO01.png,1,0.494850,1
pdraw_wave,vgg16,brightness,5,C:\Users\ramti\Desktop\ramtin legion pc\article_project\data\raw\pdraw_wave\test\parkinson\V03PO04.png,1,0.468670,1
pdraw_wave,vgg16,brightness,5,C:\Users\ramti\Desktop\ramtin legion pc\article_project\data\raw\pdraw_wave\test\parkinson\V03PO07.png,1,0.577825,1
pdraw_wave,vgg16,brightness,5,C:\Users\ramti\Desktop\ramtin legion pc\article_project\data\raw\pdraw_wave\test\parkinson\V04PO01.png,1,0.664522,1
pdraw_wave,vgg16,brightness,5,C:\Users\ramti\Desktop\ramtin legion pc\article_project\data\raw\pdraw_wave\test\parkinson\V05PO01.png,1,0.643789,1
pdraw_wave,vgg16,brightness,5,C:\Users\ramti\Desktop\ramtin legion pc\article_project\data\raw\pdraw_wave\test\parkinson\V06PO01.png,1,0.368842,0
pdraw_wave,vgg16,brightness,5,C:\Users\ramti\Desktop\ramtin legion pc\article_project\data\raw\pdraw_wave\test\parkinson\V07PO01.png,1,0.763815,1
pdraw_wave,vgg16,brightness,5,C:\Users\ramti\Desktop\ramtin legion pc\article_project\data\raw\pdraw_wave\test\parkinson\V08PO01.png,1,0.152204,0
pdraw_wave,vgg16,brightness,5,C:\Users\ramti\Desktop\ramtin legion pc\article_project\data\raw\pdraw_wave\test\parkinson\V09PO01.png,1,0.382678,0
pdraw_wave,vgg16,brightness,5,C:\Users\ramti\Desktop\ramtin legion pc\article_project\data\raw\pdraw_wave\test\parkinson\V10PO01.png,1,0.292344,0
pdraw_wave,vgg16,brightness,5,C:\Users\ramti\Desktop\ramtin legion pc\article_project\data\raw\pdraw_wave\test\parkinson\V11PO01.png,1,0.183980,0
pdraw_wave,vgg16,brightness,5,C:\Users\ramti\Desktop\ramtin legion pc\article_project\data\raw\pdraw_wave\test\parkinson\V14PO01.png,1,0.648421,1
pdraw_wave,vgg16,brightness,5,C:\Users\ramti\Desktop\ramtin legion pc\article_project\data\raw\pdraw_wave\test\parkinson\V14PO03.png,1,0.573796,1
pdraw_wave,vgg16,shadow,1,C:\Users\ramti\Desktop\ramtin legion pc\article_project\data\raw\pdraw_wave\test\healthy\V01HO01.png,0,0.463662,1
pdraw_wave,vgg16,shadow,1,C:\Users\ramti\Desktop\ramtin legion pc\article_project\data\raw\pdraw_wave\test\healthy\V02HO01.png,0,0.195425,0
pdraw_wave,vgg16,shadow,1,C:\Users\ramti\Desktop\ramtin legion pc\article_project\data\raw\pdraw_wave\test\healthy\V03HO01.png,0,0.221713,0
pdraw_wave,vgg16,shadow,1,C:\Users\ramti\Desktop\ramtin legion pc\article_project\data\raw\pdraw_wave\test\healthy\V04HO01.png,0,0.233256,0
pdraw_wave,vgg16,shadow,1,C:\Users\ramti\Desktop\ramtin legion pc\article_project\data\raw\pdraw_wave\test\healthy\V05HO01.png,0,0.686973,1
pdraw_wave,vgg16,shadow,1,C:\Users\ramti\Desktop\ramtin legion pc\article_project\data\raw\pdraw_wave\test\healthy\V06HO01.png,0,0.312660,0
pdraw_wave,vgg16,shadow,1,C:\Users\ramti\Desktop\ramtin legion pc\article_project\data\raw\pdraw_wave\test\healthy\V07HO01.png,0,0.216255,0
pdraw_wave,vgg16,shadow,1,C:\Users\ramti\Desktop\ramtin legion pc\article_project\data\raw\pdraw_wave\test\healthy\V08HO01.png,0,0.229932,0
pdraw_wave,vgg16,shadow,1,C:\Users\ramti\Desktop\ramtin legion pc\article_project\data\raw\pdraw_wave\test\healthy\V09HO01.png,0,0.275829,0
pdraw_wave,vgg16,shadow,1,C:\Users\ramti\Desktop\ramtin legion pc\article_project\data\raw\pdraw_wave\test\healthy\V10HO01.png,0,0.372245,0
pdraw_wave,vgg16,shadow,1,C:\Users\ramti\Desktop\ramtin legion pc\article_project\data\raw\pdraw_wave\test\healthy\V11HO01.png,0,0.359255,0
pdraw_wave,vgg16,shadow,1,C:\Users\ramti\Desktop\ramtin legion pc\article_project\data\raw\pdraw_wave\test\healthy\V55HO08.png,0,0.194801,0
pdraw_wave,vgg16,shadow,1,C:\Users\ramti\Desktop\ramtin legion pc\article_project\data\raw\pdraw_wave\test\healthy\V55HO09.png,0,0.357576,0
pdraw_wave,vgg16,shadow,1,C:\Users\ramti\Desktop\ramtin legion pc\article_project\data\raw\pdraw_wave\test\healthy\V55HO10.png,0,0.301806,0
pdraw_wave,vgg16,shadow,1,C:\Users\ramti\Desktop\ramtin legion pc\article_project\data\raw\pdraw_wave\test\healthy\V55HO11.png,0,0.456983,1
pdraw_wave,vgg16,shadow,1,C:\Users\ramti\Desktop\ramtin legion pc\article_project\data\raw\pdraw_wave\test\parkinson\V01PO01.png,1,0.495850,1
pdraw_wave,vgg16,shadow,1,C:\Users\ramti\Desktop\ramtin legion pc\article_project\data\raw\pdraw_wave\test\parkinson\V02PO01.png,1,0.860310,1
pdraw_wave,vgg16,shadow,1,C:\Users\ramti\Desktop\ramtin legion pc\article_project\data\raw\pdraw_wave\test\parkinson\V03PO01.png,1,0.804068,1
pdraw_wave,vgg16,shadow,1,C:\Users\ramti\Desktop\ramtin legion pc\article_project\data\raw\pdraw_wave\test\parkinson\V03PO04.png,1,0.880547,1
pdraw_wave,vgg16,shadow,1,C:\Users\ramti\Desktop\ramtin legion pc\article_project\data\raw\pdraw_wave\test\parkinson\V03PO07.png,1,0.854802,1
pdraw_wave,vgg16,shadow,1,C:\Users\ramti\Desktop\ramtin legion pc\article_project\data\raw\pdraw_wave\test\parkinson\V04PO01.png,1,0.879621,1
pdraw_wave,vgg16,shadow,1,C:\Users\ramti\Desktop\ramtin legion pc\article_project\data\raw\pdraw_wave\test\parkinson\V05PO01.png,1,0.865023,1
pdraw_wave,vgg16,shadow,1,C:\Users\ramti\Desktop\ramtin legion pc\article_project\data\raw\pdraw_wave\test\parkinson\V06PO01.png,1,0.787882,1
pdraw_wave,vgg16,shadow,1,C:\Users\ramti\Desktop\ramtin legion pc\article_project\data\raw\pdraw_wave\test\parkinson\V07PO01.png,1,0.948214,1
pdraw_wave,vgg16,shadow,1,C:\Users\ramti\Desktop\ramtin legion pc\article_project\data\raw\pdraw_wave\test\parkinson\V08PO01.png,1,0.153330,0
pdraw_wave,vgg16,shadow,1,C:\Users\ramti\Desktop\ramtin legion pc\article_project\data\raw\pdraw_wave\test\parkinson\V09PO01.png,1,0.849488,1
pdraw_wave,vgg16,shadow,1,C:\Users\ramti\Desktop\ramtin legion pc\article_project\data\raw\pdraw_wave\test\parkinson\V10PO01.png,1,0.635722,1
pdraw_wave,vgg16,shadow,1,C:\Users\ramti\Desktop\ramtin legion pc\article_project\data\raw\pdraw_wave\test\parkinson\V11PO01.png,1,0.401640,1
pdraw_wave,vgg16,shadow,1,C:\Users\ramti\Desktop\ramtin legion pc\article_project\data\raw\pdraw_wave\test\parkinson\V14PO01.png,1,0.846175,1
pdraw_wave,vgg16,shadow,1,C:\Users\ramti\Desktop\ramtin legion pc\article_project\data\raw\pdraw_wave\test\parkinson\V14PO03.png,1,0.830467,1
pdraw_wave,vgg16,shadow,2,C:\Users\ramti\Desktop\ramtin legion pc\article_project\data\raw\pdraw_wave\test\healthy\V01HO01.png,0,0.467091,1
pdraw_wave,vgg16,shadow,2,C:\Users\ramti\Desktop\ramtin legion pc\article_project\data\raw\pdraw_wave\test\healthy\V02HO01.png,0,0.185635,0
pdraw_wave,vgg16,shadow,2,C:\Users\ramti\Desktop\ramtin legion pc\article_project\data\raw\pdraw_wave\test\healthy\V03HO01.png,0,0.223483,0
pdraw_wave,vgg16,shadow,2,C:\Users\ramti\Desktop\ramtin legion pc\article_project\data\raw\pdraw_wave\test\healthy\V04HO01.png,0,0.261744,0
pdraw_wave,vgg16,shadow,2,C:\Users\ramti\Desktop\ramtin legion pc\article_project\data\raw\pdraw_wave\test\healthy\V05HO01.png,0,0.673907,1
pdraw_wave,vgg16,shadow,2,C:\Users\ramti\Desktop\ramtin legion pc\article_project\data\raw\pdraw_wave\test\healthy\V06HO01.png,0,0.319048,0
pdraw_wave,vgg16,shadow,2,C:\Users\ramti\Desktop\ramtin legion pc\article_project\data\raw\pdraw_wave\test\healthy\V07HO01.png,0,0.235245,0
pdraw_wave,vgg16,shadow,2,C:\Users\ramti\Desktop\ramtin legion pc\article_project\data\raw\pdraw_wave\test\healthy\V08HO01.png,0,0.225688,0
pdraw_wave,vgg16,shadow,2,C:\Users\ramti\Desktop\ramtin legion pc\article_project\data\raw\pdraw_wave\test\healthy\V09HO01.png,0,0.302029,0
pdraw_wave,vgg16,shadow,2,C:\Users\ramti\Desktop\ramtin legion pc\article_project\data\raw\pdraw_wave\test\healthy\V10HO01.png,0,0.370125,0
pdraw_wave,vgg16,shadow,2,C:\Users\ramti\Desktop\ramtin legion pc\article_project\data\raw\pdraw_wave\test\healthy\V11HO01.png,0,0.382305,0
pdraw_wave,vgg16,shadow,2,C:\Users\ramti\Desktop\ramtin legion pc\article_project\data\raw\pdraw_wave\test\healthy\V55HO08.png,0,0.196439,0
pdraw_wave,vgg16,shadow,2,C:\Users\ramti\Desktop\ramtin legion pc\article_project\data\raw\pdraw_wave\test\healthy\V55HO09.png,0,0.390099,0
pdraw_wave,vgg16,shadow,2,C:\Users\ramti\Desktop\ramtin legion pc\article_project\data\raw\pdraw_wave\test\healthy\V55HO10.png,0,0.284787,0
pdraw_wave,vgg16,shadow,2,C:\Users\ramti\Desktop\ramtin legion pc\article_project\data\raw\pdraw_wave\test\healthy\V55HO11.png,0,0.483681,1
pdraw_wave,vgg16,shadow,2,C:\Users\ramti\Desktop\ramtin legion pc\article_project\data\raw\pdraw_wave\test\parkinson\V01PO01.png,1,0.518714,1
pdraw_wave,vgg16,shadow,2,C:\Users\ramti\Desktop\ramtin legion pc\article_project\data\raw\pdraw_wave\test\parkinson\V02PO01.png,1,0.840367,1
pdraw_wave,vgg16,shadow,2,C:\Users\ramti\Desktop\ramtin legion pc\article_project\data\raw\pdraw_wave\test\parkinson\V03PO01.png,1,0.810539,1
pdraw_wave,vgg16,shadow,2,C:\Users\ramti\Desktop\ramtin legion pc\article_project\data\raw\pdraw_wave\test\parkinson\V03PO04.png,1,0.877319,1
pdraw_wave,vgg16,shadow,2,C:\Users\ramti\Desktop\ramtin legion pc\article_project\data\raw\pdraw_wave\test\parkinson\V03PO07.png,1,0.846480,1
pdraw_wave,vgg16,shadow,2,C:\Users\ramti\Desktop\ramtin legion pc\article_project\data\raw\pdraw_wave\test\parkinson\V04PO01.png,1,0.878038,1
pdraw_wave,vgg16,shadow,2,C:\Users\ramti\Desktop\ramtin legion pc\article_project\data\raw\pdraw_wave\test\parkinson\V05PO01.png,1,0.859825,1
pdraw_wave,vgg16,shadow,2,C:\Users\ramti\Desktop\ramtin legion pc\article_project\data\raw\pdraw_wave\test\parkinson\V06PO01.png,1,0.798266,1
pdraw_wave,vgg16,shadow,2,C:\Users\ramti\Desktop\ramtin legion pc\article_project\data\raw\pdraw_wave\test\parkinson\V07PO01.png,1,0.947994,1
pdraw_wave,vgg16,shadow,2,C:\Users\ramti\Desktop\ramtin legion pc\article_project\data\raw\pdraw_wave\test\parkinson\V08PO01.png,1,0.159550,0
pdraw_wave,vgg16,shadow,2,C:\Users\ramti\Desktop\ramtin legion pc\article_project\data\raw\pdraw_wave\test\parkinson\V09PO01.png,1,0.835362,1
pdraw_wave,vgg16,shadow,2,C:\Users\ramti\Desktop\ramtin legion pc\article_project\data\raw\pdraw_wave\test\parkinson\V10PO01.png,1,0.657779,1
pdraw_wave,vgg16,shadow,2,C:\Users\ramti\Desktop\ramtin legion pc\article_project\data\raw\pdraw_wave\test\parkinson\V11PO01.png,1,0.415771,1
pdraw_wave,vgg16,shadow,2,C:\Users\ramti\Desktop\ramtin legion pc\article_project\data\raw\pdraw_wave\test\parkinson\V14PO01.png,1,0.838667,1
pdraw_wave,vgg16,shadow,2,C:\Users\ramti\Desktop\ramtin legion pc\article_project\data\raw\pdraw_wave\test\parkinson\V14PO03.png,1,0.830444,1
pdraw_wave,vgg16,shadow,3,C:\Users\ramti\Desktop\ramtin legion pc\article_project\data\raw\pdraw_wave\test\healthy\V01HO01.png,0,0.470959,1
pdraw_wave,vgg16,shadow,3,C:\Users\ramti\Desktop\ramtin legion pc\article_project\data\raw\pdraw_wave\test\healthy\V02HO01.png,0,0.178852,0
pdraw_wave,vgg16,shadow,3,C:\Users\ramti\Desktop\ramtin legion pc\article_project\data\raw\pdraw_wave\test\healthy\V03HO01.png,0,0.230748,0
pdraw_wave,vgg16,shadow,3,C:\Users\ramti\Desktop\ramtin legion pc\article_project\data\raw\pdraw_wave\test\healthy\V04HO01.png,0,0.267783,0
pdraw_wave,vgg16,shadow,3,C:\Users\ramti\Desktop\ramtin legion pc\article_project\data\raw\pdraw_wave\test\healthy\V05HO01.png,0,0.675605,1
pdraw_wave,vgg16,shadow,3,C:\Users\ramti\Desktop\ramtin legion pc\article_project\data\raw\pdraw_wave\test\healthy\V06HO01.png,0,0.339624,0
pdraw_wave,vgg16,shadow,3,C:\Users\ramti\Desktop\ramtin legion pc\article_project\data\raw\pdraw_wave\test\healthy\V07HO01.png,0,0.240446,0
pdraw_wave,vgg16,shadow,3,C:\Users\ramti\Desktop\ramtin legion pc\article_project\data\raw\pdraw_wave\test\healthy\V08HO01.png,0,0.235806,0
pdraw_wave,vgg16,shadow,3,C:\Users\ramti\Desktop\ramtin legion pc\article_project\data\raw\pdraw_wave\test\healthy\V09HO01.png,0,0.310014,0
pdraw_wave,vgg16,shadow,3,C:\Users\ramti\Desktop\ramtin legion pc\article_project\data\raw\pdraw_wave\test\healthy\V10HO01.png,0,0.373310,0
pdraw_wave,vgg16,shadow,3,C:\Users\ramti\Desktop\ramtin legion pc\article_project\data\raw\pdraw_wave\test\healthy\V11HO01.png,0,0.403900,1
pdraw_wave,vgg16,shadow,3,C:\Users\ramti\Desktop\ramtin legion pc\article_project\data\raw\pdraw_wave\test\healthy\V55HO08.png,0,0.206159,0
pdraw_wave,vgg16,shadow,3,C:\Users\ramti\Desktop\ramtin legion pc\article_project\data\raw\pdraw_wave\test\healthy\V55HO09.png,0,0.404182,1
pdraw_wave,vgg16,shadow,3,C:\Users\ramti\Desktop\ramtin legion pc\article_project\data\raw\pdraw_wave\test\healthy\V55HO10.png,0,0.268173,0
pdraw_wave,vgg16,shadow,3,C:\Users\ramti\Desktop\ramtin legion pc\article_project\data\raw\pdraw_wave\test\healthy\V55HO11.png,0,0.495183,1
pdraw_wave,vgg16,shadow,3,C:\Users\ramti\Desktop\ramtin legion pc\article_project\data\raw\pdraw_wave\test\parkinson\V01PO01.png,1,0.537858,1
pdraw_wave,vgg16,shadow,3,C:\Users\ramti\Desktop\ramtin legion pc\article_project\data\raw\pdraw_wave\test\parkinson\V02PO01.png,1,0.824251,1
pdraw_wave,vgg16,shadow,3,C:\Users\ramti\Desktop\ramtin legion pc\article_project\data\raw\pdraw_wave\test\parkinson\V03PO01.png,1,0.808152,1
pdraw_wave,vgg16,shadow,3,C:\Users\ramti\Desktop\ramtin legion pc\article_project\data\raw\pdraw_wave\test\parkinson\V03PO04.png,1,0.870512,1
pdraw_wave,vgg16,shadow,3,C:\Users\ramti\Desktop\ramtin legion pc\article_project\data\raw\pdraw_wave\test\parkinson\V03PO07.png,1,0.836495,1
pdraw_wave,vgg16,shadow,3,C:\Users\ramti\Desktop\ramtin legion pc\article_project\data\raw\pdraw_wave\test\parkinson\V04PO01.png,1,0.868099,1
pdraw_wave,vgg16,shadow,3,C:\Users\ramti\Desktop\ramtin legion pc\article_project\data\raw\pdraw_wave\test\parkinson\V05PO01.png,1,0.857061,1
pdraw_wave,vgg16,shadow,3,C:\Users\ramti\Desktop\ramtin legion pc\article_project\data\raw\pdraw_wave\test\parkinson\V06PO01.png,1,0.797631,1
pdraw_wave,vgg16,shadow,3,C:\Users\ramti\Desktop\ramtin legion pc\article_project\data\raw\pdraw_wave\test\parkinson\V07PO01.png,1,0.943444,1
pdraw_wave,vgg16,shadow,3,C:\Users\ramti\Desktop\ramtin legion pc\article_project\data\raw\pdraw_wave\test\parkinson\V08PO01.png,1,0.171500,0
pdraw_wave,vgg16,shadow,3,C:\Users\ramti\Desktop\ramtin legion pc\article_project\data\raw\pdraw_wave\test\parkinson\V09PO01.png,1,0.823492,1
pdraw_wave,vgg16,shadow,3,C:\Users\ramti\Desktop\ramtin legion pc\article_project\data\raw\pdraw_wave\test\parkinson\V10PO01.png,1,0.657962,1
pdraw_wave,vgg16,shadow,3,C:\Users\ramti\Desktop\ramtin legion pc\article_project\data\raw\pdraw_wave\test\parkinson\V11PO01.png,1,0.421800,1
pdraw_wave,vgg16,shadow,3,C:\Users\ramti\Desktop\ramtin legion pc\article_project\data\raw\pdraw_wave\test\parkinson\V14PO01.png,1,0.828315,1
pdraw_wave,vgg16,shadow,3,C:\Users\ramti\Desktop\ramtin legion pc\article_project\data\raw\pdraw_wave\test\parkinson\V14PO03.png,1,0.827864,1
pdraw_wave,vgg16,shadow,4,C:\Users\ramti\Desktop\ramtin legion pc\article_project\data\raw\pdraw_wave\test\healthy\V01HO01.png,0,0.466831,1
pdraw_wave,vgg16,shadow,4,C:\Users\ramti\Desktop\ramtin legion pc\article_project\data\raw\pdraw_wave\test\healthy\V02HO01.png,0,0.169333,0
pdraw_wave,vgg16,shadow,4,C:\Users\ramti\Desktop\ramtin legion pc\article_project\data\raw\pdraw_wave\test\healthy\V03HO01.png,0,0.219825,0
pdraw_wave,vgg16,shadow,4,C:\Users\ramti\Desktop\ramtin legion pc\article_project\data\raw\pdraw_wave\test\healthy\V04HO01.png,0,0.267771,0
pdraw_wave,vgg16,shadow,4,C:\Users\ramti\Desktop\ramtin legion pc\article_project\data\raw\pdraw_wave\test\healthy\V05HO01.png,0,0.664893,1
pdraw_wave,vgg16,shadow,4,C:\Users\ramti\Desktop\ramtin legion pc\article_project\data\raw\pdraw_wave\test\healthy\V06HO01.png,0,0.352112,0
pdraw_wave,vgg16,shadow,4,C:\Users\ramti\Desktop\ramtin legion pc\article_project\data\raw\pdraw_wave\test\healthy\V07HO01.png,0,0.237131,0
pdraw_wave,vgg16,shadow,4,C:\Users\ramti\Desktop\ramtin legion pc\article_project\data\raw\pdraw_wave\test\healthy\V08HO01.png,0,0.247731,0
pdraw_wave,vgg16,shadow,4,C:\Users\ramti\Desktop\ramtin legion pc\article_project\data\raw\pdraw_wave\test\healthy\V09HO01.png,0,0.312920,0
pdraw_wave,vgg16,shadow,4,C:\Users\ramti\Desktop\ramtin legion pc\article_project\data\raw\pdraw_wave\test\healthy\V10HO01.png,0,0.349014,0
pdraw_wave,vgg16,shadow,4,C:\Users\ramti\Desktop\ramtin legion pc\article_project\data\raw\pdraw_wave\test\healthy\V11HO01.png,0,0.401723,1
pdraw_wave,vgg16,shadow,4,C:\Users\ramti\Desktop\ramtin legion pc\article_project\data\raw\pdraw_wave\test\healthy\V55HO08.png,0,0.199582,0
pdraw_wave,vgg16,shadow,4,C:\Users\ramti\Desktop\ramtin legion pc\article_project\data\raw\pdraw_wave\test\healthy\V55HO09.png,0,0.398884,0
pdraw_wave,vgg16,shadow,4,C:\Users\ramti\Desktop\ramtin legion pc\article_project\data\raw\pdraw_wave\test\healthy\V55HO10.png,0,0.241804,0
pdraw_wave,vgg16,shadow,4,C:\Users\ramti\Desktop\ramtin legion pc\article_project\data\raw\pdraw_wave\test\healthy\V55HO11.png,0,0.486159,1
pdraw_wave,vgg16,shadow,4,C:\Users\ramti\Desktop\ramtin legion pc\article_project\data\raw\pdraw_wave\test\parkinson\V01PO01.png,1,0.522836,1
pdraw_wave,vgg16,shadow,4,C:\Users\ramti\Desktop\ramtin legion pc\article_project\data\raw\pdraw_wave\test\parkinson\V02PO01.png,1,0.799157,1
pdraw_wave,vgg16,shadow,4,C:\Users\ramti\Desktop\ramtin legion pc\article_project\data\raw\pdraw_wave\test\parkinson\V03PO01.png,1,0.799364,1
pdraw_wave,vgg16,shadow,4,C:\Users\ramti\Desktop\ramtin legion pc\article_project\data\raw\pdraw_wave\test\parkinson\V03PO04.png,1,0.858670,1
pdraw_wave,vgg16,shadow,4,C:\Users\ramti\Desktop\ramtin legion pc\article_project\data\raw\pdraw_wave\test\parkinson\V03PO07.png,1,0.826108,1
pdraw_wave,vgg16,shadow,4,C:\Users\ramti\Desktop\ramtin legion pc\article_project\data\raw\pdraw_wave\test\parkinson\V04PO01.png,1,0.858443,1
pdraw_wave,vgg16,shadow,4,C:\Users\ramti\Desktop\ramtin legion pc\article_project\data\raw\pdraw_wave\test\parkinson\V05PO01.png,1,0.849569,1
pdraw_wave,vgg16,shadow,4,C:\Users\ramti\Desktop\ramtin legion pc\article_project\data\raw\pdraw_wave\test\parkinson\V06PO01.png,1,0.795814,1
pdraw_wave,vgg16,shadow,4,C:\Users\ramti\Desktop\ramtin legion pc\article_project\data\raw\pdraw_wave\test\parkinson\V07PO01.png,1,0.937668,1
pdraw_wave,vgg16,shadow,4,C:\Users\ramti\Desktop\ramtin legion pc\article_project\data\raw\pdraw_wave\test\parkinson\V08PO01.png,1,0.173264,0
pdraw_wave,vgg16,shadow,4,C:\Users\ramti\Desktop\ramtin legion pc\article_project\data\raw\pdraw_wave\test\parkinson\V09PO01.png,1,0.808004,1
pdraw_wave,vgg16,shadow,4,C:\Users\ramti\Desktop\ramtin legion pc\article_project\data\raw\pdraw_wave\test\parkinson\V10PO01.png,1,0.662928,1
pdraw_wave,vgg16,shadow,4,C:\Users\ramti\Desktop\ramtin legion pc\article_project\data\raw\pdraw_wave\test\parkinson\V11PO01.png,1,0.427212,1
pdraw_wave,vgg16,shadow,4,C:\Users\ramti\Desktop\ramtin legion pc\article_project\data\raw\pdraw_wave\test\parkinson\V14PO01.png,1,0.819071,1
pdraw_wave,vgg16,shadow,4,C:\Users\ramti\Desktop\ramtin legion pc\article_project\data\raw\pdraw_wave\test\parkinson\V14PO03.png,1,0.821920,1
pdraw_wave,vgg16,shadow,5,C:\Users\ramti\Desktop\ramtin legion pc\article_project\data\raw\pdraw_wave\test\healthy\V01HO01.png,0,0.457009,1
pdraw_wave,vgg16,shadow,5,C:\Users\ramti\Desktop\ramtin legion pc\article_project\data\raw\pdraw_wave\test\healthy\V02HO01.png,0,0.162160,0
pdraw_wave,vgg16,shadow,5,C:\Users\ramti\Desktop\ramtin legion pc\article_project\data\raw\pdraw_wave\test\healthy\V03HO01.png,0,0.200058,0
pdraw_wave,vgg16,shadow,5,C:\Users\ramti\Desktop\ramtin legion pc\article_project\data\raw\pdraw_wave\test\healthy\V04HO01.png,0,0.260433,0
pdraw_wave,vgg16,shadow,5,C:\Users\ramti\Desktop\ramtin legion pc\article_project\data\raw\pdraw_wave\test\healthy\V05HO01.png,0,0.656334,1
pdraw_wave,vgg16,shadow,5,C:\Users\ramti\Desktop\ramtin legion pc\article_project\data\raw\pdraw_wave\test\healthy\V06HO01.png,0,0.378304,0
pdraw_wave,vgg16,shadow,5,C:\Users\ramti\Desktop\ramtin legion pc\article_project\data\raw\pdraw_wave\test\healthy\V07HO01.png,0,0.226559,0
pdraw_wave,vgg16,shadow,5,C:\Users\ramti\Desktop\ramtin legion pc\article_project\data\raw\pdraw_wave\test\healthy\V08HO01.png,0,0.247578,0
pdraw_wave,vgg16,shadow,5,C:\Users\ramti\Desktop\ramtin legion pc\article_project\data\raw\pdraw_wave\test\healthy\V09HO01.png,0,0.301996,0
pdraw_wave,vgg16,shadow,5,C:\Users\ramti\Desktop\ramtin legion pc\article_project\data\raw\pdraw_wave\test\healthy\V10HO01.png,0,0.321304,0
pdraw_wave,vgg16,shadow,5,C:\Users\ramti\Desktop\ramtin legion pc\article_project\data\raw\pdraw_wave\test\healthy\V11HO01.png,0,0.408213,1
pdraw_wave,vgg16,shadow,5,C:\Users\ramti\Desktop\ramtin legion pc\article_project\data\raw\pdraw_wave\test\healthy\V55HO08.png,0,0.190088,0
pdraw_wave,vgg16,shadow,5,C:\Users\ramti\Desktop\ramtin legion pc\article_project\data\raw\pdraw_wave\test\healthy\V55HO09.png,0,0.386135,0
pdraw_wave,vgg16,shadow,5,C:\Users\ramti\Desktop\ramtin legion pc\article_project\data\raw\pdraw_wave\test\healthy\V55HO10.png,0,0.221604,0
pdraw_wave,vgg16,shadow,5,C:\Users\ramti\Desktop\ramtin legion pc\article_project\data\raw\pdraw_wave\test\healthy\V55HO11.png,0,0.478988,1
pdraw_wave,vgg16,shadow,5,C:\Users\ramti\Desktop\ramtin legion pc\article_project\data\raw\pdraw_wave\test\parkinson\V01PO01.png,1,0.487456,1
pdraw_wave,vgg16,shadow,5,C:\Users\ramti\Desktop\ramtin legion pc\article_project\data\raw\pdraw_wave\test\parkinson\V02PO01.png,1,0.784488,1
pdraw_wave,vgg16,shadow,5,C:\Users\ramti\Desktop\ramtin legion pc\article_project\data\raw\pdraw_wave\test\parkinson\V03PO01.png,1,0.780057,1
pdraw_wave,vgg16,shadow,5,C:\Users\ramti\Desktop\ramtin legion pc\article_project\data\raw\pdraw_wave\test\parkinson\V03PO04.png,1,0.844915,1
pdraw_wave,vgg16,shadow,5,C:\Users\ramti\Desktop\ramtin legion pc\article_project\data\raw\pdraw_wave\test\parkinson\V03PO07.png,1,0.811484,1
pdraw_wave,vgg16,shadow,5,C:\Users\ramti\Desktop\ramtin legion pc\article_project\data\raw\pdraw_wave\test\parkinson\V04PO01.png,1,0.844029,1
pdraw_wave,vgg16,shadow,5,C:\Users\ramti\Desktop\ramtin legion pc\article_project\data\raw\pdraw_wave\test\parkinson\V05PO01.png,1,0.841860,1
pdraw_wave,vgg16,shadow,5,C:\Users\ramti\Desktop\ramtin legion pc\article_project\data\raw\pdraw_wave\test\parkinson\V06PO01.png,1,0.787165,1
pdraw_wave,vgg16,shadow,5,C:\Users\ramti\Desktop\ramtin legion pc\article_project\data\raw\pdraw_wave\test\parkinson\V07PO01.png,1,0.926271,1
pdraw_wave,vgg16,shadow,5,C:\Users\ramti\Desktop\ramtin legion pc\article_project\data\raw\pdraw_wave\test\parkinson\V08PO01.png,1,0.174253,0
pdraw_wave,vgg16,shadow,5,C:\Users\ramti\Desktop\ramtin legion pc\article_project\data\raw\pdraw_wave\test\parkinson\V09PO01.png,1,0.786217,1
pdraw_wave,vgg16,shadow,5,C:\Users\ramti\Desktop\ramtin legion pc\article_project\data\raw\pdraw_wave\test\parkinson\V10PO01.png,1,0.641225,1
pdraw_wave,vgg16,shadow,5,C:\Users\ramti\Desktop\ramtin legion pc\article_project\data\raw\pdraw_wave\test\parkinson\V11PO01.png,1,0.412962,1
pdraw_wave,vgg16,shadow,5,C:\Users\ramti\Desktop\ramtin legion pc\article_project\data\raw\pdraw_wave\test\parkinson\V14PO01.png,1,0.805791,1
pdraw_wave,vgg16,shadow,5,C:\Users\ramti\Desktop\ramtin legion pc\article_project\data\raw\pdraw_wave\test\parkinson\V14PO03.png,1,0.820179,1
pdraw_wave,vgg16,perspective,1,C:\Users\ramti\Desktop\ramtin legion pc\article_project\data\raw\pdraw_wave\test\healthy\V01HO01.png,0,0.340311,0
pdraw_wave,vgg16,perspective,1,C:\Users\ramti\Desktop\ramtin legion pc\article_project\data\raw\pdraw_wave\test\healthy\V02HO01.png,0,0.154033,0
pdraw_wave,vgg16,perspective,1,C:\Users\ramti\Desktop\ramtin legion pc\article_project\data\raw\pdraw_wave\test\healthy\V03HO01.png,0,0.197346,0
pdraw_wave,vgg16,perspective,1,C:\Users\ramti\Desktop\ramtin legion pc\article_project\data\raw\pdraw_wave\test\healthy\V04HO01.png,0,0.192600,0
pdraw_wave,vgg16,perspective,1,C:\Users\ramti\Desktop\ramtin legion pc\article_project\data\raw\pdraw_wave\test\healthy\V05HO01.png,0,0.652498,1
pdraw_wave,vgg16,perspective,1,C:\Users\ramti\Desktop\ramtin legion pc\article_project\data\raw\pdraw_wave\test\healthy\V06HO01.png,0,0.249267,0
pdraw_wave,vgg16,perspective,1,C:\Users\ramti\Desktop\ramtin legion pc\article_project\data\raw\pdraw_wave\test\healthy\V07HO01.png,0,0.147952,0
pdraw_wave,vgg16,perspective,1,C:\Users\ramti\Desktop\ramtin legion pc\article_project\data\raw\pdraw_wave\test\healthy\V08HO01.png,0,0.179976,0
pdraw_wave,vgg16,perspective,1,C:\Users\ramti\Desktop\ramtin legion pc\article_project\data\raw\pdraw_wave\test\healthy\V09HO01.png,0,0.199501,0
pdraw_wave,vgg16,perspective,1,C:\Users\ramti\Desktop\ramtin legion pc\article_project\data\raw\pdraw_wave\test\healthy\V10HO01.png,0,0.317833,0
pdraw_wave,vgg16,perspective,1,C:\Users\ramti\Desktop\ramtin legion pc\article_project\data\raw\pdraw_wave\test\healthy\V11HO01.png,0,0.295880,0
pdraw_wave,vgg16,perspective,1,C:\Users\ramti\Desktop\ramtin legion pc\article_project\data\raw\pdraw_wave\test\healthy\V55HO08.png,0,0.140467,0
pdraw_wave,vgg16,perspective,1,C:\Users\ramti\Desktop\ramtin legion pc\article_project\data\raw\pdraw_wave\test\healthy\V55HO09.png,0,0.293587,0
pdraw_wave,vgg16,perspective,1,C:\Users\ramti\Desktop\ramtin legion pc\article_project\data\raw\pdraw_wave\test\healthy\V55HO10.png,0,0.271007,0
pdraw_wave,vgg16,perspective,1,C:\Users\ramti\Desktop\ramtin legion pc\article_project\data\raw\pdraw_wave\test\healthy\V55HO11.png,0,0.365086,0
pdraw_wave,vgg16,perspective,1,C:\Users\ramti\Desktop\ramtin legion pc\article_project\data\raw\pdraw_wave\test\parkinson\V01PO01.png,1,0.370686,0
pdraw_wave,vgg16,perspective,1,C:\Users\ramti\Desktop\ramtin legion pc\article_project\data\raw\pdraw_wave\test\parkinson\V02PO01.png,1,0.828103,1
pdraw_wave,vgg16,perspective,1,C:\Users\ramti\Desktop\ramtin legion pc\article_project\data\raw\pdraw_wave\test\parkinson\V03PO01.png,1,0.700072,1
pdraw_wave,vgg16,perspective,1,C:\Users\ramti\Desktop\ramtin legion pc\article_project\data\raw\pdraw_wave\test\parkinson\V03PO04.png,1,0.810600,1
pdraw_wave,vgg16,perspective,1,C:\Users\ramti\Desktop\ramtin legion pc\article_project\data\raw\pdraw_wave\test\parkinson\V03PO07.png,1,0.780934,1
pdraw_wave,vgg16,perspective,1,C:\Users\ramti\Desktop\ramtin legion pc\article_project\data\raw\pdraw_wave\test\parkinson\V04PO01.png,1,0.765206,1
pdraw_wave,vgg16,perspective,1,C:\Users\ramti\Desktop\ramtin legion pc\article_project\data\raw\pdraw_wave\test\parkinson\V05PO01.png,1,0.822120,1
pdraw_wave,vgg16,perspective,1,C:\Users\ramti\Desktop\ramtin legion pc\article_project\data\raw\pdraw_wave\test\parkinson\V06PO01.png,1,0.629317,1
pdraw_wave,vgg16,perspective,1,C:\Users\ramti\Desktop\ramtin legion pc\article_project\data\raw\pdraw_wave\test\parkinson\V07PO01.png,1,0.896828,1
pdraw_wave,vgg16,perspective,1,C:\Users\ramti\Desktop\ramtin legion pc\article_project\data\raw\pdraw_wave\test\parkinson\V08PO01.png,1,0.139935,0
pdraw_wave,vgg16,perspective,1,C:\Users\ramti\Desktop\ramtin legion pc\article_project\data\raw\pdraw_wave\test\parkinson\V09PO01.png,1,0.755848,1
pdraw_wave,vgg16,perspective,1,C:\Users\ramti\Desktop\ramtin legion pc\article_project\data\raw\pdraw_wave\test\parkinson\V10PO01.png,1,0.532512,1
pdraw_wave,vgg16,perspective,1,C:\Users\ramti\Desktop\ramtin legion pc\article_project\data\raw\pdraw_wave\test\parkinson\V11PO01.png,1,0.290872,0
pdraw_wave,vgg16,perspective,1,C:\Users\ramti\Desktop\ramtin legion pc\article_project\data\raw\pdraw_wave\test\parkinson\V14PO01.png,1,0.820050,1
pdraw_wave,vgg16,perspective,1,C:\Users\ramti\Desktop\ramtin legion pc\article_project\data\raw\pdraw_wave\test\parkinson\V14PO03.png,1,0.769115,1
pdraw_wave,vgg16,perspective,2,C:\Users\ramti\Desktop\ramtin legion pc\article_project\data\raw\pdraw_wave\test\healthy\V01HO01.png,0,0.387970,0
pdraw_wave,vgg16,perspective,2,C:\Users\ramti\Desktop\ramtin legion pc\article_project\data\raw\pdraw_wave\test\healthy\V02HO01.png,0,0.196040,0
pdraw_wave,vgg16,perspective,2,C:\Users\ramti\Desktop\ramtin legion pc\article_project\data\raw\pdraw_wave\test\healthy\V03HO01.png,0,0.201354,0
pdraw_wave,vgg16,perspective,2,C:\Users\ramti\Desktop\ramtin legion pc\article_project\data\raw\pdraw_wave\test\healthy\V04HO01.png,0,0.223514,0
pdraw_wave,vgg16,perspective,2,C:\Users\ramti\Desktop\ramtin legion pc\article_project\data\raw\pdraw_wave\test\healthy\V05HO01.png,0,0.611207,1
pdraw_wave,vgg16,perspective,2,C:\Users\ramti\Desktop\ramtin legion pc\article_project\data\raw\pdraw_wave\test\healthy\V06HO01.png,0,0.237076,0
pdraw_wave,vgg16,perspective,2,C:\Users\ramti\Desktop\ramtin legion pc\article_project\data\raw\pdraw_wave\test\healthy\V07HO01.png,0,0.138582,0
pdraw_wave,vgg16,perspective,2,C:\Users\ramti\Desktop\ramtin legion pc\article_project\data\raw\pdraw_wave\test\healthy\V08HO01.png,0,0.189280,0
pdraw_wave,vgg16,perspective,2,C:\Users\ramti\Desktop\ramtin legion pc\article_project\data\raw\pdraw_wave\test\healthy\V09HO01.png,0,0.160847,0
pdraw_wave,vgg16,perspective,2,C:\Users\ramti\Desktop\ramtin legion pc\article_project\data\raw\pdraw_wave\test\healthy\V10HO01.png,0,0.271562,0
pdraw_wave,vgg16,perspective,2,C:\Users\ramti\Desktop\ramtin legion pc\article_project\data\raw\pdraw_wave\test\healthy\V11HO01.png,0,0.312283,0
pdraw_wave,vgg16,perspective,2,C:\Users\ramti\Desktop\ramtin legion pc\article_project\data\raw\pdraw_wave\test\healthy\V55HO08.png,0,0.151631,0
pdraw_wave,vgg16,perspective,2,C:\Users\ramti\Desktop\ramtin legion pc\article_project\data\raw\pdraw_wave\test\healthy\V55HO09.png,0,0.303621,0
pdraw_wave,vgg16,perspective,2,C:\Users\ramti\Desktop\ramtin legion pc\article_project\data\raw\pdraw_wave\test\healthy\V55HO10.png,0,0.238240,0
pdraw_wave,vgg16,perspective,2,C:\Users\ramti\Desktop\ramtin legion pc\article_project\data\raw\pdraw_wave\test\healthy\V55HO11.png,0,0.296859,0
pdraw_wave,vgg16,perspective,2,C:\Users\ramti\Desktop\ramtin legion pc\article_project\data\raw\pdraw_wave\test\parkinson\V01PO01.png,1,0.337711,0
pdraw_wave,vgg16,perspective,2,C:\Users\ramti\Desktop\ramtin legion pc\article_project\data\raw\pdraw_wave\test\parkinson\V02PO01.png,1,0.828490,1
pdraw_wave,vgg16,perspective,2,C:\Users\ramti\Desktop\ramtin legion pc\article_project\data\raw\pdraw_wave\test\parkinson\V03PO01.png,1,0.683915,1
pdraw_wave,vgg16,perspective,2,C:\Users\ramti\Desktop\ramtin legion pc\article_project\data\raw\pdraw_wave\test\parkinson\V03PO04.png,1,0.762681,1
pdraw_wave,vgg16,perspective,2,C:\Users\ramti\Desktop\ramtin legion pc\article_project\data\raw\pdraw_wave\test\parkinson\V03PO07.png,1,0.683555,1
pdraw_wave,vgg16,perspective,2,C:\Users\ramti\Desktop\ramtin legion pc\article_project\data\raw\pdraw_wave\test\parkinson\V04PO01.png,1,0.746860,1
pdraw_wave,vgg16,perspective,2,C:\Users\ramti\Desktop\ramtin legion pc\article_project\data\raw\pdraw_wave\test\parkinson\V05PO01.png,1,0.804086,1
pdraw_wave,vgg16,perspective,2,C:\Users\ramti\Desktop\ramtin legion pc\article_project\data\raw\pdraw_wave\test\parkinson\V06PO01.png,1,0.601833,1
pdraw_wave,vgg16,perspective,2,C:\Users\ramti\Desktop\ramtin legion pc\article_project\data\raw\pdraw_wave\test\parkinson\V07PO01.png,1,0.883328,1
pdraw_wave,vgg16,perspective,2,C:\Users\ramti\Desktop\ramtin legion pc\article_project\data\raw\pdraw_wave\test\parkinson\V08PO01.png,1,0.146443,0
pdraw_wave,vgg16,perspective,2,C:\Users\ramti\Desktop\ramtin legion pc\article_project\data\raw\pdraw_wave\test\parkinson\V09PO01.png,1,0.738086,1
pdraw_wave,vgg16,perspective,2,C:\Users\ramti\Desktop\ramtin legion pc\article_project\data\raw\pdraw_wave\test\parkinson\V10PO01.png,1,0.465898,1
pdraw_wave,vgg16,perspective,2,C:\Users\ramti\Desktop\ramtin legion pc\article_project\data\raw\pdraw_wave\test\parkinson\V11PO01.png,1,0.269337,0
pdraw_wave,vgg16,perspective,2,C:\Users\ramti\Desktop\ramtin legion pc\article_project\data\raw\pdraw_wave\test\parkinson\V14PO01.png,1,0.806797,1
pdraw_wave,vgg16,perspective,2,C:\Users\ramti\Desktop\ramtin legion pc\article_project\data\raw\pdraw_wave\test\parkinson\V14PO03.png,1,0.747043,1
pdraw_wave,vgg16,perspective,3,C:\Users\ramti\Desktop\ramtin legion pc\article_project\data\raw\pdraw_wave\test\healthy\V01HO01.png,0,0.350804,0
pdraw_wave,vgg16,perspective,3,C:\Users\ramti\Desktop\ramtin legion pc\article_project\data\raw\pdraw_wave\test\healthy\V02HO01.png,0,0.206296,0
pdraw_wave,vgg16,perspective,3,C:\Users\ramti\Desktop\ramtin legion pc\article_project\data\raw\pdraw_wave\test\healthy\V03HO01.png,0,0.211002,0
pdraw_wave,vgg16,perspective,3,C:\Users\ramti\Desktop\ramtin legion pc\article_project\data\raw\pdraw_wave\test\healthy\V04HO01.png,0,0.227392,0
pdraw_wave,vgg16,perspective,3,C:\Users\ramti\Desktop\ramtin legion pc\article_project\data\raw\pdraw_wave\test\healthy\V05HO01.png,0,0.543898,1
pdraw_wave,vgg16,perspective,3,C:\Users\ramti\Desktop\ramtin legion pc\article_project\data\raw\pdraw_wave\test\healthy\V06HO01.png,0,0.233559,0
pdraw_wave,vgg16,perspective,3,C:\Users\ramti\Desktop\ramtin legion pc\article_project\data\raw\pdraw_wave\test\healthy\V07HO01.png,0,0.156861,0
pdraw_wave,vgg16,perspective,3,C:\Users\ramti\Desktop\ramtin legion pc\article_project\data\raw\pdraw_wave\test\healthy\V08HO01.png,0,0.194951,0
pdraw_wave,vgg16,perspective,3,C:\Users\ramti\Desktop\ramtin legion pc\article_project\data\raw\pdraw_wave\test\healthy\V09HO01.png,0,0.185951,0
pdraw_wave,vgg16,perspective,3,C:\Users\ramti\Desktop\ramtin legion pc\article_project\data\raw\pdraw_wave\test\healthy\V10HO01.png,0,0.269940,0
pdraw_wave,vgg16,perspective,3,C:\Users\ramti\Desktop\ramtin legion pc\article_project\data\raw\pdraw_wave\test\healthy\V11HO01.png,0,0.341975,0
pdraw_wave,vgg16,perspective,3,C:\Users\ramti\Desktop\ramtin legion pc\article_project\data\raw\pdraw_wave\test\healthy\V55HO08.png,0,0.162477,0
pdraw_wave,vgg16,perspective,3,C:\Users\ramti\Desktop\ramtin legion pc\article_project\data\raw\pdraw_wave\test\healthy\V55HO09.png,0,0.305434,0
pdraw_wave,vgg16,perspective,3,C:\Users\ramti\Desktop\ramtin legion pc\article_project\data\raw\pdraw_wave\test\healthy\V55HO10.png,0,0.206929,0
pdraw_wave,vgg16,perspective,3,C:\Users\ramti\Desktop\ramtin legion pc\article_project\data\raw\pdraw_wave\test\healthy\V55HO11.png,0,0.273844,0
pdraw_wave,vgg16,perspective,3,C:\Users\ramti\Desktop\ramtin legion pc\article_project\data\raw\pdraw_wave\test\parkinson\V01PO01.png,1,0.310805,0
pdraw_wave,vgg16,perspective,3,C:\Users\ramti\Desktop\ramtin legion pc\article_project\data\raw\pdraw_wave\test\parkinson\V02PO01.png,1,0.762808,1
pdraw_wave,vgg16,perspective,3,C:\Users\ramti\Desktop\ramtin legion pc\article_project\data\raw\pdraw_wave\test\parkinson\V03PO01.png,1,0.674717,1
pdraw_wave,vgg16,perspective,3,C:\Users\ramti\Desktop\ramtin legion pc\article_project\data\raw\pdraw_wave\test\parkinson\V03PO04.png,1,0.769097,1
pdraw_wave,vgg16,perspective,3,C:\Users\ramti\Desktop\ramtin legion pc\article_project\data\raw\pdraw_wave\test\parkinson\V03PO07.png,1,0.687257,1
pdraw_wave,vgg16,perspective,3,C:\Users\ramti\Desktop\ramtin legion pc\article_project\data\raw\pdraw_wave\test\parkinson\V04PO01.png,1,0.762602,1
pdraw_wave,vgg16,perspective,3,C:\Users\ramti\Desktop\ramtin legion pc\article_project\data\raw\pdraw_wave\test\parkinson\V05PO01.png,1,0.785871,1
pdraw_wave,vgg16,perspective,3,C:\Users\ramti\Desktop\ramtin legion pc\article_project\data\raw\pdraw_wave\test\parkinson\V06PO01.png,1,0.602562,1
pdraw_wave,vgg16,perspective,3,C:\Users\ramti\Desktop\ramtin legion pc\article_project\data\raw\pdraw_wave\test\parkinson\V07PO01.png,1,0.879370,1
pdraw_wave,vgg16,perspective,3,C:\Users\ramti\Desktop\ramtin legion pc\article_project\data\raw\pdraw_wave\test\parkinson\V08PO01.png,1,0.152094,0
pdraw_wave,vgg16,perspective,3,C:\Users\ramti\Desktop\ramtin legion pc\article_project\data\raw\pdraw_wave\test\parkinson\V09PO01.png,1,0.754623,1
pdraw_wave,vgg16,perspective,3,C:\Users\ramti\Desktop\ramtin legion pc\article_project\data\raw\pdraw_wave\test\parkinson\V10PO01.png,1,0.429853,1
pdraw_wave,vgg16,perspective,3,C:\Users\ramti\Desktop\ramtin legion pc\article_project\data\raw\pdraw_wave\test\parkinson\V11PO01.png,1,0.276555,0
pdraw_wave,vgg16,perspective,3,C:\Users\ramti\Desktop\ramtin legion pc\article_project\data\raw\pdraw_wave\test\parkinson\V14PO01.png,1,0.796961,1
pdraw_wave,vgg16,perspective,3,C:\Users\ramti\Desktop\ramtin legion pc\article_project\data\raw\pdraw_wave\test\parkinson\V14PO03.png,1,0.731865,1
pdraw_wave,vgg16,perspective,4,C:\Users\ramti\Desktop\ramtin legion pc\article_project\data\raw\pdraw_wave\test\healthy\V01HO01.png,0,0.337816,0
pdraw_wave,vgg16,perspective,4,C:\Users\ramti\Desktop\ramtin legion pc\article_project\data\raw\pdraw_wave\test\healthy\V02HO01.png,0,0.212980,0
pdraw_wave,vgg16,perspective,4,C:\Users\ramti\Desktop\ramtin legion pc\article_project\data\raw\pdraw_wave\test\healthy\V03HO01.png,0,0.223236,0
pdraw_wave,vgg16,perspective,4,C:\Users\ramti\Desktop\ramtin legion pc\article_project\data\raw\pdraw_wave\test\healthy\V04HO01.png,0,0.236254,0
pdraw_wave,vgg16,perspective,4,C:\Users\ramti\Desktop\ramtin legion pc\article_project\data\raw\pdraw_wave\test\healthy\V05HO01.png,0,0.565551,1
pdraw_wave,vgg16,perspective,4,C:\Users\ramti\Desktop\ramtin legion pc\article_project\data\raw\pdraw_wave\test\healthy\V06HO01.png,0,0.276221,0
pdraw_wave,vgg16,perspective,4,C:\Users\ramti\Desktop\ramtin legion pc\article_project\data\raw\pdraw_wave\test\healthy\V07HO01.png,0,0.176762,0
pdraw_wave,vgg16,perspective,4,C:\Users\ramti\Desktop\ramtin legion pc\article_project\data\raw\pdraw_wave\test\healthy\V08HO01.png,0,0.218333,0
pdraw_wave,vgg16,perspective,4,C:\Users\ramti\Desktop\ramtin legion pc\article_project\data\raw\pdraw_wave\test\healthy\V09HO01.png,0,0.196040,0
pdraw_wave,vgg16,perspective,4,C:\Users\ramti\Desktop\ramtin legion pc\article_project\data\raw\pdraw_wave\test\healthy\V10HO01.png,0,0.261750,0
pdraw_wave,vgg16,perspective,4,C:\Users\ramti\Desktop\ramtin legion pc\article_project\data\raw\pdraw_wave\test\healthy\V11HO01.png,0,0.318703,0
pdraw_wave,vgg16,perspective,4,C:\Users\ramti\Desktop\ramtin legion pc\article_project\data\raw\pdraw_wave\test\healthy\V55HO08.png,0,0.168406,0
pdraw_wave,vgg16,perspective,4,C:\Users\ramti\Desktop\ramtin legion pc\article_project\data\raw\pdraw_wave\test\healthy\V55HO09.png,0,0.333432,0
pdraw_wave,vgg16,perspective,4,C:\Users\ramti\Desktop\ramtin legion pc\article_project\data\raw\pdraw_wave\test\healthy\V55HO10.png,0,0.222501,0
pdraw_wave,vgg16,perspective,4,C:\Users\ramti\Desktop\ramtin legion pc\article_project\data\raw\pdraw_wave\test\healthy\V55HO11.png,0,0.281341,0
pdraw_wave,vgg16,perspective,4,C:\Users\ramti\Desktop\ramtin legion pc\article_project\data\raw\pdraw_wave\test\parkinson\V01PO01.png,1,0.285860,0
pdraw_wave,vgg16,perspective,4,C:\Users\ramti\Desktop\ramtin legion pc\article_project\data\raw\pdraw_wave\test\parkinson\V02PO01.png,1,0.778630,1
pdraw_wave,vgg16,perspective,4,C:\Users\ramti\Desktop\ramtin legion pc\article_project\data\raw\pdraw_wave\test\parkinson\V03PO01.png,1,0.688410,1
pdraw_wave,vgg16,perspective,4,C:\Users\ramti\Desktop\ramtin legion pc\article_project\data\raw\pdraw_wave\test\parkinson\V03PO04.png,1,0.783127,1
pdraw_wave,vgg16,perspective,4,C:\Users\ramti\Desktop\ramtin legion pc\article_project\data\raw\pdraw_wave\test\parkinson\V03PO07.png,1,0.700146,1
pdraw_wave,vgg16,perspective,4,C:\Users\ramti\Desktop\ramtin legion pc\article_project\data\raw\pdraw_wave\test\parkinson\V04PO01.png,1,0.778708,1
pdraw_wave,vgg16,perspective,4,C:\Users\ramti\Desktop\ramtin legion pc\article_project\data\raw\pdraw_wave\test\parkinson\V05PO01.png,1,0.797890,1
pdraw_wave,vgg16,perspective,4,C:\Users\ramti\Desktop\ramtin legion pc\article_project\data\raw\pdraw_wave\test\parkinson\V06PO01.png,1,0.609930,1
pdraw_wave,vgg16,perspective,4,C:\Users\ramti\Desktop\ramtin legion pc\article_project\data\raw\pdraw_wave\test\parkinson\V07PO01.png,1,0.888284,1
pdraw_wave,vgg16,perspective,4,C:\Users\ramti\Desktop\ramtin legion pc\article_project\data\raw\pdraw_wave\test\parkinson\V08PO01.png,1,0.150885,0
pdraw_wave,vgg16,perspective,4,C:\Users\ramti\Desktop\ramtin legion pc\article_project\data\raw\pdraw_wave\test\parkinson\V09PO01.png,1,0.764461,1
pdraw_wave,vgg16,perspective,4,C:\Users\ramti\Desktop\ramtin legion pc\article_project\data\raw\pdraw_wave\test\parkinson\V10PO01.png,1,0.444002,1
pdraw_wave,vgg16,perspective,4,C:\Users\ramti\Desktop\ramtin legion pc\article_project\data\raw\pdraw_wave\test\parkinson\V11PO01.png,1,0.295874,0
pdraw_wave,vgg16,perspective,4,C:\Users\ramti\Desktop\ramtin legion pc\article_project\data\raw\pdraw_wave\test\parkinson\V14PO01.png,1,0.773440,1
pdraw_wave,vgg16,perspective,4,C:\Users\ramti\Desktop\ramtin legion pc\article_project\data\raw\pdraw_wave\test\parkinson\V14PO03.png,1,0.737231,1
pdraw_wave,vgg16,perspective,5,C:\Users\ramti\Desktop\ramtin legion pc\article_project\data\raw\pdraw_wave\test\healthy\V01HO01.png,0,0.366950,0
pdraw_wave,vgg16,perspective,5,C:\Users\ramti\Desktop\ramtin legion pc\article_project\data\raw\pdraw_wave\test\healthy\V02HO01.png,0,0.247165,0
pdraw_wave,vgg16,perspective,5,C:\Users\ramti\Desktop\ramtin legion pc\article_project\data\raw\pdraw_wave\test\healthy\V03HO01.png,0,0.237438,0
pdraw_wave,vgg16,perspective,5,C:\Users\ramti\Desktop\ramtin legion pc\article_project\data\raw\pdraw_wave\test\healthy\V04HO01.png,0,0.247951,0
pdraw_wave,vgg16,perspective,5,C:\Users\ramti\Desktop\ramtin legion pc\article_project\data\raw\pdraw_wave\test\healthy\V05HO01.png,0,0.588448,1
pdraw_wave,vgg16,perspective,5,C:\Users\ramti\Desktop\ramtin legion pc\article_project\data\raw\pdraw_wave\test\healthy\V06HO01.png,0,0.285994,0
pdraw_wave,vgg16,perspective,5,C:\Users\ramti\Desktop\ramtin legion pc\article_project\data\raw\pdraw_wave\test\healthy\V07HO01.png,0,0.170011,0
pdraw_wave,vgg16,perspective,5,C:\Users\ramti\Desktop\ramtin legion pc\article_project\data\raw\pdraw_wave\test\healthy\V08HO01.png,0,0.230095,0
pdraw_wave,vgg16,perspective,5,C:\Users\ramti\Desktop\ramtin legion pc\article_project\data\raw\pdraw_wave\test\healthy\V09HO01.png,0,0.165522,0
pdraw_wave,vgg16,perspective,5,C:\Users\ramti\Desktop\ramtin legion pc\article_project\data\raw\pdraw_wave\test\healthy\V10HO01.png,0,0.256457,0
pdraw_wave,vgg16,perspective,5,C:\Users\ramti\Desktop\ramtin legion pc\article_project\data\raw\pdraw_wave\test\healthy\V11HO01.png,0,0.291056,0
pdraw_wave,vgg16,perspective,5,C:\Users\ramti\Desktop\ramtin legion pc\article_project\data\raw\pdraw_wave\test\healthy\V55HO08.png,0,0.187428,0
pdraw_wave,vgg16,perspective,5,C:\Users\ramti\Desktop\ramtin legion pc\article_project\data\raw\pdraw_wave\test\healthy\V55HO09.png,0,0.339698,0
pdraw_wave,vgg16,perspective,5,C:\Users\ramti\Desktop\ramtin legion pc\article_project\data\raw\pdraw_wave\test\healthy\V55HO10.png,0,0.217816,0
pdraw_wave,vgg16,perspective,5,C:\Users\ramti\Desktop\ramtin legion pc\article_project\data\raw\pdraw_wave\test\healthy\V55HO11.png,0,0.289092,0
pdraw_wave,vgg16,perspective,5,C:\Users\ramti\Desktop\ramtin legion pc\article_project\data\raw\pdraw_wave\test\parkinson\V01PO01.png,1,0.292866,0
pdraw_wave,vgg16,perspective,5,C:\Users\ramti\Desktop\ramtin legion pc\article_project\data\raw\pdraw_wave\test\parkinson\V02PO01.png,1,0.777967,1
pdraw_wave,vgg16,perspective,5,C:\Users\ramti\Desktop\ramtin legion pc\article_project\data\raw\pdraw_wave\test\parkinson\V03PO01.png,1,0.708891,1
pdraw_wave,vgg16,perspective,5,C:\Users\ramti\Desktop\ramtin legion pc\article_project\data\raw\pdraw_wave\test\parkinson\V03PO04.png,1,0.783866,1
pdraw_wave,vgg16,perspective,5,C:\Users\ramti\Desktop\ramtin legion pc\article_project\data\raw\pdraw_wave\test\parkinson\V03PO07.png,1,0.722521,1
pdraw_wave,vgg16,perspective,5,C:\Users\ramti\Desktop\ramtin legion pc\article_project\data\raw\pdraw_wave\test\parkinson\V04PO01.png,1,0.752928,1
pdraw_wave,vgg16,perspective,5,C:\Users\ramti\Desktop\ramtin legion pc\article_project\data\raw\pdraw_wave\test\parkinson\V05PO01.png,1,0.790724,1
pdraw_wave,vgg16,perspective,5,C:\Users\ramti\Desktop\ramtin legion pc\article_project\data\raw\pdraw_wave\test\parkinson\V06PO01.png,1,0.620430,1
pdraw_wave,vgg16,perspective,5,C:\Users\ramti\Desktop\ramtin legion pc\article_project\data\raw\pdraw_wave\test\parkinson\V07PO01.png,1,0.880664,1
pdraw_wave,vgg16,perspective,5,C:\Users\ramti\Desktop\ramtin legion pc\article_project\data\raw\pdraw_wave\test\parkinson\V08PO01.png,1,0.133269,0
pdraw_wave,vgg16,perspective,5,C:\Users\ramti\Desktop\ramtin legion pc\article_project\data\raw\pdraw_wave\test\parkinson\V09PO01.png,1,0.772867,1
pdraw_wave,vgg16,perspective,5,C:\Users\ramti\Desktop\ramtin legion pc\article_project\data\raw\pdraw_wave\test\parkinson\V10PO01.png,1,0.453685,1
pdraw_wave,vgg16,perspective,5,C:\Users\ramti\Desktop\ramtin legion pc\article_project\data\raw\pdraw_wave\test\parkinson\V11PO01.png,1,0.288509,0
pdraw_wave,vgg16,perspective,5,C:\Users\ramti\Desktop\ramtin legion pc\article_project\data\raw\pdraw_wave\test\parkinson\V14PO01.png,1,0.758353,1
pdraw_wave,vgg16,perspective,5,C:\Users\ramti\Desktop\ramtin legion pc\article_project\data\raw\pdraw_wave\test\parkinson\V14PO03.png,1,0.718242,1
pdraw_wave,vgg16,rotation,1,C:\Users\ramti\Desktop\ramtin legion pc\article_project\data\raw\pdraw_wave\test\healthy\V01HO01.png,0,0.350871,0
pdraw_wave,vgg16,rotation,1,C:\Users\ramti\Desktop\ramtin legion pc\article_project\data\raw\pdraw_wave\test\healthy\V02HO01.png,0,0.199332,0
pdraw_wave,vgg16,rotation,1,C:\Users\ramti\Desktop\ramtin legion pc\article_project\data\raw\pdraw_wave\test\healthy\V03HO01.png,0,0.173375,0
pdraw_wave,vgg16,rotation,1,C:\Users\ramti\Desktop\ramtin legion pc\article_project\data\raw\pdraw_wave\test\healthy\V04HO01.png,0,0.188878,0
pdraw_wave,vgg16,rotation,1,C:\Users\ramti\Desktop\ramtin legion pc\article_project\data\raw\pdraw_wave\test\healthy\V05HO01.png,0,0.574434,1
pdraw_wave,vgg16,rotation,1,C:\Users\ramti\Desktop\ramtin legion pc\article_project\data\raw\pdraw_wave\test\healthy\V06HO01.png,0,0.229262,0
pdraw_wave,vgg16,rotation,1,C:\Users\ramti\Desktop\ramtin legion pc\article_project\data\raw\pdraw_wave\test\healthy\V07HO01.png,0,0.122303,0
pdraw_wave,vgg16,rotation,1,C:\Users\ramti\Desktop\ramtin legion pc\article_project\data\raw\pdraw_wave\test\healthy\V08HO01.png,0,0.163819,0
pdraw_wave,vgg16,rotation,1,C:\Users\ramti\Desktop\ramtin legion pc\article_project\data\raw\pdraw_wave\test\healthy\V09HO01.png,0,0.150672,0
pdraw_wave,vgg16,rotation,1,C:\Users\ramti\Desktop\ramtin legion pc\article_project\data\raw\pdraw_wave\test\healthy\V10HO01.png,0,0.184393,0
pdraw_wave,vgg16,rotation,1,C:\Users\ramti\Desktop\ramtin legion pc\article_project\data\raw\pdraw_wave\test\healthy\V11HO01.png,0,0.278279,0
pdraw_wave,vgg16,rotation,1,C:\Users\ramti\Desktop\ramtin legion pc\article_project\data\raw\pdraw_wave\test\healthy\V55HO08.png,0,0.125343,0
pdraw_wave,vgg16,rotation,1,C:\Users\ramti\Desktop\ramtin legion pc\article_project\data\raw\pdraw_wave\test\healthy\V55HO09.png,0,0.273433,0
pdraw_wave,vgg16,rotation,1,C:\Users\ramti\Desktop\ramtin legion pc\article_project\data\raw\pdraw_wave\test\healthy\V55HO10.png,0,0.290429,0
pdraw_wave,vgg16,rotation,1,C:\Users\ramti\Desktop\ramtin legion pc\article_project\data\raw\pdraw_wave\test\healthy\V55HO11.png,0,0.325448,0
pdraw_wave,vgg16,rotation,1,C:\Users\ramti\Desktop\ramtin legion pc\article_project\data\raw\pdraw_wave\test\parkinson\V01PO01.png,1,0.402457,1
pdraw_wave,vgg16,rotation,1,C:\Users\ramti\Desktop\ramtin legion pc\article_project\data\raw\pdraw_wave\test\parkinson\V02PO01.png,1,0.801380,1
pdraw_wave,vgg16,rotation,1,C:\Users\ramti\Desktop\ramtin legion pc\article_project\data\raw\pdraw_wave\test\parkinson\V03PO01.png,1,0.781657,1
pdraw_wave,vgg16,rotation,1,C:\Users\ramti\Desktop\ramtin legion pc\article_project\data\raw\pdraw_wave\test\parkinson\V03PO04.png,1,0.813049,1
pdraw_wave,vgg16,rotation,1,C:\Users\ramti\Desktop\ramtin legion pc\article_project\data\raw\pdraw_wave\test\parkinson\V03PO07.png,1,0.769394,1
pdraw_wave,vgg16,rotation,1,C:\Users\ramti\Desktop\ramtin legion pc\article_project\data\raw\pdraw_wave\test\parkinson\V04PO01.png,1,0.808288,1
pdraw_wave,vgg16,rotation,1,C:\Users\ramti\Desktop\ramtin legion pc\article_project\data\raw\pdraw_wave\test\parkinson\V05PO01.png,1,0.813796,1
pdraw_wave,vgg16,rotation,1,C:\Users\ramti\Desktop\ramtin legion pc\article_project\data\raw\pdraw_wave\test\parkinson\V06PO01.png,1,0.695516,1
pdraw_wave,vgg16,rotation,1,C:\Users\ramti\Desktop\ramtin legion pc\article_project\data\raw\pdraw_wave\test\parkinson\V07PO01.png,1,0.899240,1
pdraw_wave,vgg16,rotation,1,C:\Users\ramti\Desktop\ramtin legion pc\article_project\data\raw\pdraw_wave\test\parkinson\V08PO01.png,1,0.117633,0
pdraw_wave,vgg16,rotation,1,C:\Users\ramti\Desktop\ramtin legion pc\article_project\data\raw\pdraw_wave\test\parkinson\V09PO01.png,1,0.791830,1
pdraw_wave,vgg16,rotation,1,C:\Users\ramti\Desktop\ramtin legion pc\article_project\data\raw\pdraw_wave\test\parkinson\V10PO01.png,1,0.481770,1
pdraw_wave,vgg16,rotation,1,C:\Users\ramti\Desktop\ramtin legion pc\article_project\data\raw\pdraw_wave\test\parkinson\V11PO01.png,1,0.264440,0
pdraw_wave,vgg16,rotation,1,C:\Users\ramti\Desktop\ramtin legion pc\article_project\data\raw\pdraw_wave\test\parkinson\V14PO01.png,1,0.812746,1
pdraw_wave,vgg16,rotation,1,C:\Users\ramti\Desktop\ramtin legion pc\article_project\data\raw\pdraw_wave\test\parkinson\V14PO03.png,1,0.749186,1
pdraw_wave,vgg16,rotation,2,C:\Users\ramti\Desktop\ramtin legion pc\article_project\data\raw\pdraw_wave\test\healthy\V01HO01.png,0,0.373260,0
pdraw_wave,vgg16,rotation,2,C:\Users\ramti\Desktop\ramtin legion pc\article_project\data\raw\pdraw_wave\test\healthy\V02HO01.png,0,0.169365,0
pdraw_wave,vgg16,rotation,2,C:\Users\ramti\Desktop\ramtin legion pc\article_project\data\raw\pdraw_wave\test\healthy\V03HO01.png,0,0.157889,0
pdraw_wave,vgg16,rotation,2,C:\Users\ramti\Desktop\ramtin legion pc\article_project\data\raw\pdraw_wave\test\healthy\V04HO01.png,0,0.173624,0
pdraw_wave,vgg16,rotation,2,C:\Users\ramti\Desktop\ramtin legion pc\article_project\data\raw\pdraw_wave\test\healthy\V05HO01.png,0,0.594734,1
pdraw_wave,vgg16,rotation,2,C:\Users\ramti\Desktop\ramtin legion pc\article_project\data\raw\pdraw_wave\test\healthy\V06HO01.png,0,0.174114,0
pdraw_wave,vgg16,rotation,2,C:\Users\ramti\Desktop\ramtin legion pc\article_project\data\raw\pdraw_wave\test\healthy\V07HO01.png,0,0.162465,0
pdraw_wave,vgg16,rotation,2,C:\Users\ramti\Desktop\ramtin legion pc\article_project\data\raw\pdraw_wave\test\healthy\V08HO01.png,0,0.182031,0
pdraw_wave,vgg16,rotation,2,C:\Users\ramti\Desktop\ramtin legion pc\article_project\data\raw\pdraw_wave\test\healthy\V09HO01.png,0,0.144393,0
pdraw_wave,vgg16,rotation,2,C:\Users\ramti\Desktop\ramtin legion pc\article_project\data\raw\pdraw_wave\test\healthy\V10HO01.png,0,0.203538,0
pdraw_wave,vgg16,rotation,2,C:\Users\ramti\Desktop\ramtin legion pc\article_project\data\raw\pdraw_wave\test\healthy\V11HO01.png,0,0.268752,0
pdraw_wave,vgg16,rotation,2,C:\Users\ramti\Desktop\ramtin legion pc\article_project\data\raw\pdraw_wave\test\healthy\V55HO08.png,0,0.122290,0
pdraw_wave,vgg16,rotation,2,C:\Users\ramti\Desktop\ramtin legion pc\article_project\data\raw\pdraw_wave\test\healthy\V55HO09.png,0,0.391770,0
pdraw_wave,vgg16,rotation,2,C:\Users\ramti\Desktop\ramtin legion pc\article_project\data\raw\pdraw_wave\test\healthy\V55HO10.png,0,0.176879,0
pdraw_wave,vgg16,rotation,2,C:\Users\ramti\Desktop\ramtin legion pc\article_project\data\raw\pdraw_wave\test\healthy\V55HO11.png,0,0.316601,0
pdraw_wave,vgg16,rotation,2,C:\Users\ramti\Desktop\ramtin legion pc\article_project\data\raw\pdraw_wave\test\parkinson\V01PO01.png,1,0.242927,0
pdraw_wave,vgg16,rotation,2,C:\Users\ramti\Desktop\ramtin legion pc\article_project\data\raw\pdraw_wave\test\parkinson\V02PO01.png,1,0.742821,1
pdraw_wave,vgg16,rotation,2,C:\Users\ramti\Desktop\ramtin legion pc\article_project\data\raw\pdraw_wave\test\parkinson\V03PO01.png,1,0.721890,1
pdraw_wave,vgg16,rotation,2,C:\Users\ramti\Desktop\ramtin legion pc\article_project\data\raw\pdraw_wave\test\parkinson\V03PO04.png,1,0.828154,1
pdraw_wave,vgg16,rotation,2,C:\Users\ramti\Desktop\ramtin legion pc\article_project\data\raw\pdraw_wave\test\parkinson\V03PO07.png,1,0.742815,1
pdraw_wave,vgg16,rotation,2,C:\Users\ramti\Desktop\ramtin legion pc\article_project\data\raw\pdraw_wave\test\parkinson\V04PO01.png,1,0.760604,1
pdraw_wave,vgg16,rotation,2,C:\Users\ramti\Desktop\ramtin legion pc\article_project\data\raw\pdraw_wave\test\parkinson\V05PO01.png,1,0.829461,1
pdraw_wave,vgg16,rotation,2,C:\Users\ramti\Desktop\ramtin legion pc\article_project\data\raw\pdraw_wave\test\parkinson\V06PO01.png,1,0.595438,1
pdraw_wave,vgg16,rotation,2,C:\Users\ramti\Desktop\ramtin legion pc\article_project\data\raw\pdraw_wave\test\parkinson\V07PO01.png,1,0.907720,1
pdraw_wave,vgg16,rotation,2,C:\Users\ramti\Desktop\ramtin legion pc\article_project\data\raw\pdraw_wave\test\parkinson\V08PO01.png,1,0.115640,0
pdraw_wave,vgg16,rotation,2,C:\Users\ramti\Desktop\ramtin legion pc\article_project\data\raw\pdraw_wave\test\parkinson\V09PO01.png,1,0.744441,1
pdraw_wave,vgg16,rotation,2,C:\Users\ramti\Desktop\ramtin legion pc\article_project\data\raw\pdraw_wave\test\parkinson\V10PO01.png,1,0.395494,0
pdraw_wave,vgg16,rotation,2,C:\Users\ramti\Desktop\ramtin legion pc\article_project\data\raw\pdraw_wave\test\parkinson\V11PO01.png,1,0.187299,0
pdraw_wave,vgg16,rotation,2,C:\Users\ramti\Desktop\ramtin legion pc\article_project\data\raw\pdraw_wave\test\parkinson\V14PO01.png,1,0.756856,1
pdraw_wave,vgg16,rotation,2,C:\Users\ramti\Desktop\ramtin legion pc\article_project\data\raw\pdraw_wave\test\parkinson\V14PO03.png,1,0.744086,1
pdraw_wave,vgg16,rotation,3,C:\Users\ramti\Desktop\ramtin legion pc\article_project\data\raw\pdraw_wave\test\healthy\V01HO01.png,0,0.333095,0
pdraw_wave,vgg16,rotation,3,C:\Users\ramti\Desktop\ramtin legion pc\article_project\data\raw\pdraw_wave\test\healthy\V02HO01.png,0,0.188295,0
pdraw_wave,vgg16,rotation,3,C:\Users\ramti\Desktop\ramtin legion pc\article_project\data\raw\pdraw_wave\test\healthy\V03HO01.png,0,0.216395,0
pdraw_wave,vgg16,rotation,3,C:\Users\ramti\Desktop\ramtin legion pc\article_project\data\raw\pdraw_wave\test\healthy\V04HO01.png,0,0.177755,0
pdraw_wave,vgg16,rotation,3,C:\Users\ramti\Desktop\ramtin legion pc\article_project\data\raw\pdraw_wave\test\healthy\V05HO01.png,0,0.568532,1
pdraw_wave,vgg16,rotation,3,C:\Users\ramti\Desktop\ramtin legion pc\article_project\data\raw\pdraw_wave\test\healthy\V06HO01.png,0,0.361832,0
pdraw_wave,vgg16,rotation,3,C:\Users\ramti\Desktop\ramtin legion pc\article_project\data\raw\pdraw_wave\test\healthy\V07HO01.png,0,0.123099,0
pdraw_wave,vgg16,rotation,3,C:\Users\ramti\Desktop\ramtin legion pc\article_project\data\raw\pdraw_wave\test\healthy\V08HO01.png,0,0.190584,0
pdraw_wave,vgg16,rotation,3,C:\Users\ramti\Desktop\ramtin legion pc\article_project\data\raw\pdraw_wave\test\healthy\V09HO01.png,0,0.117621,0
pdraw_wave,vgg16,rotation,3,C:\Users\ramti\Desktop\ramtin legion pc\article_project\data\raw\pdraw_wave\test\healthy\V10HO01.png,0,0.131853,0
pdraw_wave,vgg16,rotation,3,C:\Users\ramti\Desktop\ramtin legion pc\article_project\data\raw\pdraw_wave\test\healthy\V11HO01.png,0,0.264324,0
pdraw_wave,vgg16,rotation,3,C:\Users\ramti\Desktop\ramtin legion pc\article_project\data\raw\pdraw_wave\test\healthy\V55HO08.png,0,0.096266,0
pdraw_wave,vgg16,rotation,3,C:\Users\ramti\Desktop\ramtin legion pc\article_project\data\raw\pdraw_wave\test\healthy\V55HO09.png,0,0.221514,0
pdraw_wave,vgg16,rotation,3,C:\Users\ramti\Desktop\ramtin legion pc\article_project\data\raw\pdraw_wave\test\healthy\V55HO10.png,0,0.351781,0
pdraw_wave,vgg16,rotation,3,C:\Users\ramti\Desktop\ramtin legion pc\article_project\data\raw\pdraw_wave\test\healthy\V55HO11.png,0,0.307316,0
pdraw_wave,vgg16,rotation,3,C:\Users\ramti\Desktop\ramtin legion pc\article_project\data\raw\pdraw_wave\test\parkinson\V01PO01.png,1,0.396435,0
pdraw_wave,vgg16,rotation,3,C:\Users\ramti\Desktop\ramtin legion pc\article_project\data\raw\pdraw_wave\test\parkinson\V02PO01.png,1,0.801296,1
pdraw_wave,vgg16,rotation,3,C:\Users\ramti\Desktop\ramtin legion pc\article_project\data\raw\pdraw_wave\test\parkinson\V03PO01.png,1,0.758021,1
pdraw_wave,vgg16,rotation,3,C:\Users\ramti\Desktop\ramtin legion pc\article_project\data\raw\pdraw_wave\test\parkinson\V03PO04.png,1,0.843355,1
pdraw_wave,vgg16,rotation,3,C:\Users\ramti\Desktop\ramtin legion pc\article_project\data\raw\pdraw_wave\test\parkinson\V03PO07.png,1,0.791264,1
pdraw_wave,vgg16,rotation,3,C:\Users\ramti\Desktop\ramtin legion pc\article_project\data\raw\pdraw_wave\test\parkinson\V04PO01.png,1,0.815864,1
pdraw_wave,vgg16,rotation,3,C:\Users\ramti\Desktop\ramtin legion pc\article_project\data\raw\pdraw_wave\test\parkinson\V05PO01.png,1,0.853905,1
pdraw_wave,vgg16,rotation,3,C:\Users\ramti\Desktop\ramtin legion pc\article_project\data\raw\pdraw_wave\test\parkinson\V06PO01.png,1,0.647840,1
pdraw_wave,vgg16,rotation,3,C:\Users\ramti\Desktop\ramtin legion pc\article_project\data\raw\pdraw_wave\test\parkinson\V07PO01.png,1,0.871227,1
pdraw_wave,vgg16,rotation,3,C:\Users\ramti\Desktop\ramtin legion pc\article_project\data\raw\pdraw_wave\test\parkinson\V08PO01.png,1,0.125058,0
pdraw_wave,vgg16,rotation,3,C:\Users\ramti\Desktop\ramtin legion pc\article_project\data\raw\pdraw_wave\test\parkinson\V09PO01.png,1,0.706255,1
pdraw_wave,vgg16,rotation,3,C:\Users\ramti\Desktop\ramtin legion pc\article_project\data\raw\pdraw_wave\test\parkinson\V10PO01.png,1,0.375108,0
pdraw_wave,vgg16,rotation,3,C:\Users\ramti\Desktop\ramtin legion pc\article_project\data\raw\pdraw_wave\test\parkinson\V11PO01.png,1,0.280123,0
pdraw_wave,vgg16,rotation,3,C:\Users\ramti\Desktop\ramtin legion pc\article_project\data\raw\pdraw_wave\test\parkinson\V14PO01.png,1,0.738844,1
pdraw_wave,vgg16,rotation,3,C:\Users\ramti\Desktop\ramtin legion pc\article_project\data\raw\pdraw_wave\test\parkinson\V14PO03.png,1,0.721766,1
pdraw_wave,vgg16,rotation,4,C:\Users\ramti\Desktop\ramtin legion pc\article_project\data\raw\pdraw_wave\test\healthy\V01HO01.png,0,0.364623,0
pdraw_wave,vgg16,rotation,4,C:\Users\ramti\Desktop\ramtin legion pc\article_project\data\raw\pdraw_wave\test\healthy\V02HO01.png,0,0.156288,0
pdraw_wave,vgg16,rotation,4,C:\Users\ramti\Desktop\ramtin legion pc\article_project\data\raw\pdraw_wave\test\healthy\V03HO01.png,0,0.190775,0
pdraw_wave,vgg16,rotation,4,C:\Users\ramti\Desktop\ramtin legion pc\article_project\data\raw\pdraw_wave\test\healthy\V04HO01.png,0,0.205152,0
pdraw_wave,vgg16,rotation,4,C:\Users\ramti\Desktop\ramtin legion pc\article_project\data\raw\pdraw_wave\test\healthy\V05HO01.png,0,0.598975,1
pdraw_wave,vgg16,rotation,4,C:\Users\ramti\Desktop\ramtin legion pc\article_project\data\raw\pdraw_wave\test\healthy\V06HO01.png,0,0.150186,0
pdraw_wave,vgg16,rotation,4,C:\Users\ramti\Desktop\ramtin legion pc\article_project\data\raw\pdraw_wave\test\healthy\V07HO01.png,0,0.152827,0
pdraw_wave,vgg16,rotation,4,C:\Users\ramti\Desktop\ramtin legion pc\article_project\data\raw\pdraw_wave\test\healthy\V08HO01.png,0,0.173402,0
pdraw_wave,vgg16,rotation,4,C:\Users\ramti\Desktop\ramtin legion pc\article_project\data\raw\pdraw_wave\test\healthy\V09HO01.png,0,0.128910,0
pdraw_wave,vgg16,rotation,4,C:\Users\ramti\Desktop\ramtin legion pc\article_project\data\raw\pdraw_wave\test\healthy\V10HO01.png,0,0.155666,0
pdraw_wave,vgg16,rotation,4,C:\Users\ramti\Desktop\ramtin legion pc\article_project\data\raw\pdraw_wave\test\healthy\V11HO01.png,0,0.289915,0
pdraw_wave,vgg16,rotation,4,C:\Users\ramti\Desktop\ramtin legion pc\article_project\data\raw\pdraw_wave\test\healthy\V55HO08.png,0,0.112490,0
pdraw_wave,vgg16,rotation,4,C:\Users\ramti\Desktop\ramtin legion pc\article_project\data\raw\pdraw_wave\test\healthy\V55HO09.png,0,0.395978,0
pdraw_wave,vgg16,rotation,4,C:\Users\ramti\Desktop\ramtin legion pc\article_project\data\raw\pdraw_wave\test\healthy\V55HO10.png,0,0.154829,0
pdraw_wave,vgg16,rotation,4,C:\Users\ramti\Desktop\ramtin legion pc\article_project\data\raw\pdraw_wave\test\healthy\V55HO11.png,0,0.283742,0
pdraw_wave,vgg16,rotation,4,C:\Users\ramti\Desktop\ramtin legion pc\article_project\data\raw\pdraw_wave\test\parkinson\V01PO01.png,1,0.179374,0
pdraw_wave,vgg16,rotation,4,C:\Users\ramti\Desktop\ramtin legion pc\article_project\data\raw\pdraw_wave\test\parkinson\V02PO01.png,1,0.738620,1
pdraw_wave,vgg16,rotation,4,C:\Users\ramti\Desktop\ramtin legion pc\article_project\data\raw\pdraw_wave\test\parkinson\V03PO01.png,1,0.623545,1
pdraw_wave,vgg16,rotation,4,C:\Users\ramti\Desktop\ramtin legion pc\article_project\data\raw\pdraw_wave\test\parkinson\V03PO04.png,1,0.772651,1
pdraw_wave,vgg16,rotation,4,C:\Users\ramti\Desktop\ramtin legion pc\article_project\data\raw\pdraw_wave\test\parkinson\V03PO07.png,1,0.674424,1
pdraw_wave,vgg16,rotation,4,C:\Users\ramti\Desktop\ramtin legion pc\article_project\data\raw\pdraw_wave\test\parkinson\V04PO01.png,1,0.719139,1
pdraw_wave,vgg16,rotation,4,C:\Users\ramti\Desktop\ramtin legion pc\article_project\data\raw\pdraw_wave\test\parkinson\V05PO01.png,1,0.822845,1
pdraw_wave,vgg16,rotation,4,C:\Users\ramti\Desktop\ramtin legion pc\article_project\data\raw\pdraw_wave\test\parkinson\V06PO01.png,1,0.535917,1
pdraw_wave,vgg16,rotation,4,C:\Users\ramti\Desktop\ramtin legion pc\article_project\data\raw\pdraw_wave\test\parkinson\V07PO01.png,1,0.893159,1
pdraw_wave,vgg16,rotation,4,C:\Users\ramti\Desktop\ramtin legion pc\article_project\data\raw\pdraw_wave\test\parkinson\V08PO01.png,1,0.109717,0
pdraw_wave,vgg16,rotation,4,C:\Users\ramti\Desktop\ramtin legion pc\article_project\data\raw\pdraw_wave\test\parkinson\V09PO01.png,1,0.742642,1
pdraw_wave,vgg16,rotation,4,C:\Users\ramti\Desktop\ramtin legion pc\article_project\data\raw\pdraw_wave\test\parkinson\V10PO01.png,1,0.348666,0
pdraw_wave,vgg16,rotation,4,C:\Users\ramti\Desktop\ramtin legion pc\article_project\data\raw\pdraw_wave\test\parkinson\V11PO01.png,1,0.227538,0
pdraw_wave,vgg16,rotation,4,C:\Users\ramti\Desktop\ramtin legion pc\article_project\data\raw\pdraw_wave\test\parkinson\V14PO01.png,1,0.710662,1
pdraw_wave,vgg16,rotation,4,C:\Users\ramti\Desktop\ramtin legion pc\article_project\data\raw\pdraw_wave\test\parkinson\V14PO03.png,1,0.629766,1
pdraw_wave,vgg16,rotation,5,C:\Users\ramti\Desktop\ramtin legion pc\article_project\data\raw\pdraw_wave\test\healthy\V01HO01.png,0,0.224402,0
pdraw_wave,vgg16,rotation,5,C:\Users\ramti\Desktop\ramtin legion pc\article_project\data\raw\pdraw_wave\test\healthy\V02HO01.png,0,0.126635,0
pdraw_wave,vgg16,rotation,5,C:\Users\ramti\Desktop\ramtin legion pc\article_project\data\raw\pdraw_wave\test\healthy\V03HO01.png,0,0.229787,0
pdraw_wave,vgg16,rotation,5,C:\Users\ramti\Desktop\ramtin legion pc\article_project\data\raw\pdraw_wave\test\healthy\V04HO01.png,0,0.245696,0
pdraw_wave,vgg16,rotation,5,C:\Users\ramti\Desktop\ramtin legion pc\article_project\data\raw\pdraw_wave\test\healthy\V05HO01.png,0,0.562809,1
pdraw_wave,vgg16,rotation,5,C:\Users\ramti\Desktop\ramtin legion pc\article_project\data\raw\pdraw_wave\test\healthy\V06HO01.png,0,0.368438,0
pdraw_wave,vgg16,rotation,5,C:\Users\ramti\Desktop\ramtin legion pc\article_project\data\raw\pdraw_wave\test\healthy\V07HO01.png,0,0.190014,0
pdraw_wave,vgg16,rotation,5,C:\Users\ramti\Desktop\ramtin legion pc\article_project\data\raw\pdraw_wave\test\healthy\V08HO01.png,0,0.147707,0
pdraw_wave,vgg16,rotation,5,C:\Users\ramti\Desktop\ramtin legion pc\article_project\data\raw\pdraw_wave\test\healthy\V09HO01.png,0,0.176145,0
pdraw_wave,vgg16,rotation,5,C:\Users\ramti\Desktop\ramtin legion pc\article_project\data\raw\pdraw_wave\test\healthy\V10HO01.png,0,0.143264,0
pdraw_wave,vgg16,rotation,5,C:\Users\ramti\Desktop\ramtin legion pc\article_project\data\raw\pdraw_wave\test\healthy\V11HO01.png,0,0.268605,0
pdraw_wave,vgg16,rotation,5,C:\Users\ramti\Desktop\ramtin legion pc\article_project\data\raw\pdraw_wave\test\healthy\V55HO08.png,0,0.103472,0
pdraw_wave,vgg16,rotation,5,C:\Users\ramti\Desktop\ramtin legion pc\article_project\data\raw\pdraw_wave\test\healthy\V55HO09.png,0,0.203866,0
pdraw_wave,vgg16,rotation,5,C:\Users\ramti\Desktop\ramtin legion pc\article_project\data\raw\pdraw_wave\test\healthy\V55HO10.png,0,0.297253,0
pdraw_wave,vgg16,rotation,5,C:\Users\ramti\Desktop\ramtin legion pc\article_project\data\raw\pdraw_wave\test\healthy\V55HO11.png,0,0.331795,0
pdraw_wave,vgg16,rotation,5,C:\Users\ramti\Desktop\ramtin legion pc\article_project\data\raw\pdraw_wave\test\parkinson\V01PO01.png,1,0.477819,1
pdraw_wave,vgg16,rotation,5,C:\Users\ramti\Desktop\ramtin legion pc\article_project\data\raw\pdraw_wave\test\parkinson\V02PO01.png,1,0.771660,1
pdraw_wave,vgg16,rotation,5,C:\Users\ramti\Desktop\ramtin legion pc\article_project\data\raw\pdraw_wave\test\parkinson\V03PO01.png,1,0.742184,1
pdraw_wave,vgg16,rotation,5,C:\Users\ramti\Desktop\ramtin legion pc\article_project\data\raw\pdraw_wave\test\parkinson\V03PO04.png,1,0.842791,1
pdraw_wave,vgg16,rotation,5,C:\Users\ramti\Desktop\ramtin legion pc\article_project\data\raw\pdraw_wave\test\parkinson\V03PO07.png,1,0.726944,1
pdraw_wave,vgg16,rotation,5,C:\Users\ramti\Desktop\ramtin legion pc\article_project\data\raw\pdraw_wave\test\parkinson\V04PO01.png,1,0.834396,1
pdraw_wave,vgg16,rotation,5,C:\Users\ramti\Desktop\ramtin legion pc\article_project\data\raw\pdraw_wave\test\parkinson\V05PO01.png,1,0.834183,1
pdraw_wave,vgg16,rotation,5,C:\Users\ramti\Desktop\ramtin legion pc\article_project\data\raw\pdraw_wave\test\parkinson\V06PO01.png,1,0.652522,1
pdraw_wave,vgg16,rotation,5,C:\Users\ramti\Desktop\ramtin legion pc\article_project\data\raw\pdraw_wave\test\parkinson\V07PO01.png,1,0.845738,1
pdraw_wave,vgg16,rotation,5,C:\Users\ramti\Desktop\ramtin legion pc\article_project\data\raw\pdraw_wave\test\parkinson\V08PO01.png,1,0.160446,0
pdraw_wave,vgg16,rotation,5,C:\Users\ramti\Desktop\ramtin legion pc\article_project\data\raw\pdraw_wave\test\parkinson\V09PO01.png,1,0.683171,1
pdraw_wave,vgg16,rotation,5,C:\Users\ramti\Desktop\ramtin legion pc\article_project\data\raw\pdraw_wave\test\parkinson\V10PO01.png,1,0.420137,1
pdraw_wave,vgg16,rotation,5,C:\Users\ramti\Desktop\ramtin legion pc\article_project\data\raw\pdraw_wave\test\parkinson\V11PO01.png,1,0.436901,1
pdraw_wave,vgg16,rotation,5,C:\Users\ramti\Desktop\ramtin legion pc\article_project\data\raw\pdraw_wave\test\parkinson\V14PO01.png,1,0.702491,1
pdraw_wave,vgg16,rotation,5,C:\Users\ramti\Desktop\ramtin legion pc\article_project\data\raw\pdraw_wave\test\parkinson\V14PO03.png,1,0.723147,1
pdraw_wave,efficientnet_b0,clean,0,C:\Users\ramti\Desktop\ramtin legion pc\article_project\data\raw\pdraw_wave\test\healthy\V01HO01.png,0,0.548320,1
pdraw_wave,efficientnet_b0,clean,0,C:\Users\ramti\Desktop\ramtin legion pc\article_project\data\raw\pdraw_wave\test\healthy\V02HO01.png,0,0.091673,0
pdraw_wave,efficientnet_b0,clean,0,C:\Users\ramti\Desktop\ramtin legion pc\article_project\data\raw\pdraw_wave\test\healthy\V03HO01.png,0,0.171428,0
pdraw_wave,efficientnet_b0,clean,0,C:\Users\ramti\Desktop\ramtin legion pc\article_project\data\raw\pdraw_wave\test\healthy\V04HO01.png,0,0.165199,0
pdraw_wave,efficientnet_b0,clean,0,C:\Users\ramti\Desktop\ramtin legion pc\article_project\data\raw\pdraw_wave\test\healthy\V05HO01.png,0,0.665143,1
pdraw_wave,efficientnet_b0,clean,0,C:\Users\ramti\Desktop\ramtin legion pc\article_project\data\raw\pdraw_wave\test\healthy\V06HO01.png,0,0.466574,1
pdraw_wave,efficientnet_b0,clean,0,C:\Users\ramti\Desktop\ramtin legion pc\article_project\data\raw\pdraw_wave\test\healthy\V07HO01.png,0,0.048809,0
pdraw_wave,efficientnet_b0,clean,0,C:\Users\ramti\Desktop\ramtin legion pc\article_project\data\raw\pdraw_wave\test\healthy\V08HO01.png,0,0.200718,0
pdraw_wave,efficientnet_b0,clean,0,C:\Users\ramti\Desktop\ramtin legion pc\article_project\data\raw\pdraw_wave\test\healthy\V09HO01.png,0,0.202071,0
pdraw_wave,efficientnet_b0,clean,0,C:\Users\ramti\Desktop\ramtin legion pc\article_project\data\raw\pdraw_wave\test\healthy\V10HO01.png,0,0.459682,1
pdraw_wave,efficientnet_b0,clean,0,C:\Users\ramti\Desktop\ramtin legion pc\article_project\data\raw\pdraw_wave\test\healthy\V11HO01.png,0,0.131751,0
pdraw_wave,efficientnet_b0,clean,0,C:\Users\ramti\Desktop\ramtin legion pc\article_project\data\raw\pdraw_wave\test\healthy\V55HO08.png,0,0.112126,0
pdraw_wave,efficientnet_b0,clean,0,C:\Users\ramti\Desktop\ramtin legion pc\article_project\data\raw\pdraw_wave\test\healthy\V55HO09.png,0,0.368338,0
pdraw_wave,efficientnet_b0,clean,0,C:\Users\ramti\Desktop\ramtin legion pc\article_project\data\raw\pdraw_wave\test\healthy\V55HO10.png,0,0.183697,0
pdraw_wave,efficientnet_b0,clean,0,C:\Users\ramti\Desktop\ramtin legion pc\article_project\data\raw\pdraw_wave\test\healthy\V55HO11.png,0,0.422239,1
pdraw_wave,efficientnet_b0,clean,0,C:\Users\ramti\Desktop\ramtin legion pc\article_project\data\raw\pdraw_wave\test\parkinson\V01PO01.png,1,0.549401,1
pdraw_wave,efficientnet_b0,clean,0,C:\Users\ramti\Desktop\ramtin legion pc\article_project\data\raw\pdraw_wave\test\parkinson\V02PO01.png,1,0.971973,1
pdraw_wave,efficientnet_b0,clean,0,C:\Users\ramti\Desktop\ramtin legion pc\article_project\data\raw\pdraw_wave\test\parkinson\V03PO01.png,1,0.924788,1
pdraw_wave,efficientnet_b0,clean,0,C:\Users\ramti\Desktop\ramtin legion pc\article_project\data\raw\pdraw_wave\test\parkinson\V03PO04.png,1,0.987058,1
pdraw_wave,efficientnet_b0,clean,0,C:\Users\ramti\Desktop\ramtin legion pc\article_project\data\raw\pdraw_wave\test\parkinson\V03PO07.png,1,0.990088,1
pdraw_wave,efficientnet_b0,clean,0,C:\Users\ramti\Desktop\ramtin legion pc\article_project\data\raw\pdraw_wave\test\parkinson\V04PO01.png,1,0.986125,1
pdraw_wave,efficientnet_b0,clean,0,C:\Users\ramti\Desktop\ramtin legion pc\article_project\data\raw\pdraw_wave\test\parkinson\V05PO01.png,1,0.971690,1
pdraw_wave,efficientnet_b0,clean,0,C:\Users\ramti\Desktop\ramtin legion pc\article_project\data\raw\pdraw_wave\test\parkinson\V06PO01.png,1,0.978626,1
pdraw_wave,efficientnet_b0,clean,0,C:\Users\ramti\Desktop\ramtin legion pc\article_project\data\raw\pdraw_wave\test\parkinson\V07PO01.png,1,0.989657,1
pdraw_wave,efficientnet_b0,clean,0,C:\Users\ramti\Desktop\ramtin legion pc\article_project\data\raw\pdraw_wave\test\parkinson\V08PO01.png,1,0.258786,0
pdraw_wave,efficientnet_b0,clean,0,C:\Users\ramti\Desktop\ramtin legion pc\article_project\data\raw\pdraw_wave\test\parkinson\V09PO01.png,1,0.986950,1
pdraw_wave,efficientnet_b0,clean,0,C:\Users\ramti\Desktop\ramtin legion pc\article_project\data\raw\pdraw_wave\test\parkinson\V10PO01.png,1,0.793061,1
pdraw_wave,efficientnet_b0,clean,0,C:\Users\ramti\Desktop\ramtin legion pc\article_project\data\raw\pdraw_wave\test\parkinson\V11PO01.png,1,0.287905,0
pdraw_wave,efficientnet_b0,clean,0,C:\Users\ramti\Desktop\ramtin legion pc\article_project\data\raw\pdraw_wave\test\parkinson\V14PO01.png,1,0.980907,1
pdraw_wave,efficientnet_b0,clean,0,C:\Users\ramti\Desktop\ramtin legion pc\article_project\data\raw\pdraw_wave\test\parkinson\V14PO03.png,1,0.985485,1
pdraw_wave,efficientnet_b0,jpeg_compression,1,C:\Users\ramti\Desktop\ramtin legion pc\article_project\data\raw\pdraw_wave\test\healthy\V01HO01.png,0,0.513147,1
pdraw_wave,efficientnet_b0,jpeg_compression,1,C:\Users\ramti\Desktop\ramtin legion pc\article_project\data\raw\pdraw_wave\test\healthy\V02HO01.png,0,0.082845,0
pdraw_wave,efficientnet_b0,jpeg_compression,1,C:\Users\ramti\Desktop\ramtin legion pc\article_project\data\raw\pdraw_wave\test\healthy\V03HO01.png,0,0.157607,0
pdraw_wave,efficientnet_b0,jpeg_compression,1,C:\Users\ramti\Desktop\ramtin legion pc\article_project\data\raw\pdraw_wave\test\healthy\V04HO01.png,0,0.168830,0
pdraw_wave,efficientnet_b0,jpeg_compression,1,C:\Users\ramti\Desktop\ramtin legion pc\article_project\data\raw\pdraw_wave\test\healthy\V05HO01.png,0,0.646048,1
pdraw_wave,efficientnet_b0,jpeg_compression,1,C:\Users\ramti\Desktop\ramtin legion pc\article_project\data\raw\pdraw_wave\test\healthy\V06HO01.png,0,0.463622,1
pdraw_wave,efficientnet_b0,jpeg_compression,1,C:\Users\ramti\Desktop\ramtin legion pc\article_project\data\raw\pdraw_wave\test\healthy\V07HO01.png,0,0.050740,0
pdraw_wave,efficientnet_b0,jpeg_compression,1,C:\Users\ramti\Desktop\ramtin legion pc\article_project\data\raw\pdraw_wave\test\healthy\V08HO01.png,0,0.197547,0
pdraw_wave,efficientnet_b0,jpeg_compression,1,C:\Users\ramti\Desktop\ramtin legion pc\article_project\data\raw\pdraw_wave\test\healthy\V09HO01.png,0,0.200699,0
pdraw_wave,efficientnet_b0,jpeg_compression,1,C:\Users\ramti\Desktop\ramtin legion pc\article_project\data\raw\pdraw_wave\test\healthy\V10HO01.png,0,0.470918,1
pdraw_wave,efficientnet_b0,jpeg_compression,1,C:\Users\ramti\Desktop\ramtin legion pc\article_project\data\raw\pdraw_wave\test\healthy\V11HO01.png,0,0.108670,0
pdraw_wave,efficientnet_b0,jpeg_compression,1,C:\Users\ramti\Desktop\ramtin legion pc\article_project\data\raw\pdraw_wave\test\healthy\V55HO08.png,0,0.109120,0
pdraw_wave,efficientnet_b0,jpeg_compression,1,C:\Users\ramti\Desktop\ramtin legion pc\article_project\data\raw\pdraw_wave\test\healthy\V55HO09.png,0,0.360407,0
pdraw_wave,efficientnet_b0,jpeg_compression,1,C:\Users\ramti\Desktop\ramtin legion pc\article_project\data\raw\pdraw_wave\test\healthy\V55HO10.png,0,0.169104,0
pdraw_wave,efficientnet_b0,jpeg_compression,1,C:\Users\ramti\Desktop\ramtin legion pc\article_project\data\raw\pdraw_wave\test\healthy\V55HO11.png,0,0.410720,1
pdraw_wave,efficientnet_b0,jpeg_compression,1,C:\Users\ramti\Desktop\ramtin legion pc\article_project\data\raw\pdraw_wave\test\parkinson\V01PO01.png,1,0.561531,1
pdraw_wave,efficientnet_b0,jpeg_compression,1,C:\Users\ramti\Desktop\ramtin legion pc\article_project\data\raw\pdraw_wave\test\parkinson\V02PO01.png,1,0.969185,1
pdraw_wave,efficientnet_b0,jpeg_compression,1,C:\Users\ramti\Desktop\ramtin legion pc\article_project\data\raw\pdraw_wave\test\parkinson\V03PO01.png,1,0.920129,1
pdraw_wave,efficientnet_b0,jpeg_compression,1,C:\Users\ramti\Desktop\ramtin legion pc\article_project\data\raw\pdraw_wave\test\parkinson\V03PO04.png,1,0.986848,1
pdraw_wave,efficientnet_b0,jpeg_compression,1,C:\Users\ramti\Desktop\ramtin legion pc\article_project\data\raw\pdraw_wave\test\parkinson\V03PO07.png,1,0.989993,1
pdraw_wave,efficientnet_b0,jpeg_compression,1,C:\Users\ramti\Desktop\ramtin legion pc\article_project\data\raw\pdraw_wave\test\parkinson\V04PO01.png,1,0.985509,1
pdraw_wave,efficientnet_b0,jpeg_compression,1,C:\Users\ramti\Desktop\ramtin legion pc\article_project\data\raw\pdraw_wave\test\parkinson\V05PO01.png,1,0.970852,1
pdraw_wave,efficientnet_b0,jpeg_compression,1,C:\Users\ramti\Desktop\ramtin legion pc\article_project\data\raw\pdraw_wave\test\parkinson\V06PO01.png,1,0.977386,1
pdraw_wave,efficientnet_b0,jpeg_compression,1,C:\Users\ramti\Desktop\ramtin legion pc\article_project\data\raw\pdraw_wave\test\parkinson\V07PO01.png,1,0.989631,1
pdraw_wave,efficientnet_b0,jpeg_compression,1,C:\Users\ramti\Desktop\ramtin legion pc\article_project\data\raw\pdraw_wave\test\parkinson\V08PO01.png,1,0.241047,0
pdraw_wave,efficientnet_b0,jpeg_compression,1,C:\Users\ramti\Desktop\ramtin legion pc\article_project\data\raw\pdraw_wave\test\parkinson\V09PO01.png,1,0.987727,1
pdraw_wave,efficientnet_b0,jpeg_compression,1,C:\Users\ramti\Desktop\ramtin legion pc\article_project\data\raw\pdraw_wave\test\parkinson\V10PO01.png,1,0.769370,1
pdraw_wave,efficientnet_b0,jpeg_compression,1,C:\Users\ramti\Desktop\ramtin legion pc\article_project\data\raw\pdraw_wave\test\parkinson\V11PO01.png,1,0.268973,0
pdraw_wave,efficientnet_b0,jpeg_compression,1,C:\Users\ramti\Desktop\ramtin legion pc\article_project\data\raw\pdraw_wave\test\parkinson\V14PO01.png,1,0.982719,1
pdraw_wave,efficientnet_b0,jpeg_compression,1,C:\Users\ramti\Desktop\ramtin legion pc\article_project\data\raw\pdraw_wave\test\parkinson\V14PO03.png,1,0.985411,1
pdraw_wave,efficientnet_b0,jpeg_compression,2,C:\Users\ramti\Desktop\ramtin legion pc\article_project\data\raw\pdraw_wave\test\healthy\V01HO01.png,0,0.508728,1
pdraw_wave,efficientnet_b0,jpeg_compression,2,C:\Users\ramti\Desktop\ramtin legion pc\article_project\data\raw\pdraw_wave\test\healthy\V02HO01.png,0,0.089178,0
pdraw_wave,efficientnet_b0,jpeg_compression,2,C:\Users\ramti\Desktop\ramtin legion pc\article_project\data\raw\pdraw_wave\test\healthy\V03HO01.png,0,0.210340,0
pdraw_wave,efficientnet_b0,jpeg_compression,2,C:\Users\ramti\Desktop\ramtin legion pc\article_project\data\raw\pdraw_wave\test\healthy\V04HO01.png,0,0.154475,0
pdraw_wave,efficientnet_b0,jpeg_compression,2,C:\Users\ramti\Desktop\ramtin legion pc\article_project\data\raw\pdraw_wave\test\healthy\V05HO01.png,0,0.709617,1
pdraw_wave,efficientnet_b0,jpeg_compression,2,C:\Users\ramti\Desktop\ramtin legion pc\article_project\data\raw\pdraw_wave\test\healthy\V06HO01.png,0,0.524359,1
pdraw_wave,efficientnet_b0,jpeg_compression,2,C:\Users\ramti\Desktop\ramtin legion pc\article_project\data\raw\pdraw_wave\test\healthy\V07HO01.png,0,0.041297,0
pdraw_wave,efficientnet_b0,jpeg_compression,2,C:\Users\ramti\Desktop\ramtin legion pc\article_project\data\raw\pdraw_wave\test\healthy\V08HO01.png,0,0.209626,0
pdraw_wave,efficientnet_b0,jpeg_compression,2,C:\Users\ramti\Desktop\ramtin legion pc\article_project\data\raw\pdraw_wave\test\healthy\V09HO01.png,0,0.194662,0
pdraw_wave,efficientnet_b0,jpeg_compression,2,C:\Users\ramti\Desktop\ramtin legion pc\article_project\data\raw\pdraw_wave\test\healthy\V10HO01.png,0,0.559514,1
pdraw_wave,efficientnet_b0,jpeg_compression,2,C:\Users\ramti\Desktop\ramtin legion pc\article_project\data\raw\pdraw_wave\test\healthy\V11HO01.png,0,0.120107,0
pdraw_wave,efficientnet_b0,jpeg_compression,2,C:\Users\ramti\Desktop\ramtin legion pc\article_project\data\raw\pdraw_wave\test\healthy\V55HO08.png,0,0.112029,0
pdraw_wave,efficientnet_b0,jpeg_compression,2,C:\Users\ramti\Desktop\ramtin legion pc\article_project\data\raw\pdraw_wave\test\healthy\V55HO09.png,0,0.380906,0
pdraw_wave,efficientnet_b0,jpeg_compression,2,C:\Users\ramti\Desktop\ramtin legion pc\article_project\data\raw\pdraw_wave\test\healthy\V55HO10.png,0,0.200143,0
pdraw_wave,efficientnet_b0,jpeg_compression,2,C:\Users\ramti\Desktop\ramtin legion pc\article_project\data\raw\pdraw_wave\test\healthy\V55HO11.png,0,0.447373,1
pdraw_wave,efficientnet_b0,jpeg_compression,2,C:\Users\ramti\Desktop\ramtin legion pc\article_project\data\raw\pdraw_wave\test\parkinson\V01PO01.png,1,0.558807,1
pdraw_wave,efficientnet_b0,jpeg_compression,2,C:\Users\ramti\Desktop\ramtin legion pc\article_project\data\raw\pdraw_wave\test\parkinson\V02PO01.png,1,0.971439,1
pdraw_wave,efficientnet_b0,jpeg_compression,2,C:\Users\ramti\Desktop\ramtin legion pc\article_project\data\raw\pdraw_wave\test\parkinson\V03PO01.png,1,0.935655,1
pdraw_wave,efficientnet_b0,jpeg_compression,2,C:\Users\ramti\Desktop\ramtin legion pc\article_project\data\raw\pdraw_wave\test\parkinson\V03PO04.png,1,0.984863,1
pdraw_wave,efficientnet_b0,jpeg_compression,2,C:\Users\ramti\Desktop\ramtin legion pc\article_project\data\raw\pdraw_wave\test\parkinson\V03PO07.png,1,0.989859,1
pdraw_wave,efficientnet_b0,jpeg_compression,2,C:\Users\ramti\Desktop\ramtin legion pc\article_project\data\raw\pdraw_wave\test\parkinson\V04PO01.png,1,0.984746,1
pdraw_wave,efficientnet_b0,jpeg_compression,2,C:\Users\ramti\Desktop\ramtin legion pc\article_project\data\raw\pdraw_wave\test\parkinson\V05PO01.png,1,0.969078,1
pdraw_wave,efficientnet_b0,jpeg_compression,2,C:\Users\ramti\Desktop\ramtin legion pc\article_project\data\raw\pdraw_wave\test\parkinson\V06PO01.png,1,0.974709,1
pdraw_wave,efficientnet_b0,jpeg_compression,2,C:\Users\ramti\Desktop\ramtin legion pc\article_project\data\raw\pdraw_wave\test\parkinson\V07PO01.png,1,0.990523,1
pdraw_wave,efficientnet_b0,jpeg_compression,2,C:\Users\ramti\Desktop\ramtin legion pc\article_project\data\raw\pdraw_wave\test\parkinson\V08PO01.png,1,0.288617,0
pdraw_wave,efficientnet_b0,jpeg_compression,2,C:\Users\ramti\Desktop\ramtin legion pc\article_project\data\raw\pdraw_wave\test\parkinson\V09PO01.png,1,0.985685,1
pdraw_wave,efficientnet_b0,jpeg_compression,2,C:\Users\ramti\Desktop\ramtin legion pc\article_project\data\raw\pdraw_wave\test\parkinson\V10PO01.png,1,0.760313,1
pdraw_wave,efficientnet_b0,jpeg_compression,2,C:\Users\ramti\Desktop\ramtin legion pc\article_project\data\raw\pdraw_wave\test\parkinson\V11PO01.png,1,0.266482,0
pdraw_wave,efficientnet_b0,jpeg_compression,2,C:\Users\ramti\Desktop\ramtin legion pc\article_project\data\raw\pdraw_wave\test\parkinson\V14PO01.png,1,0.980777,1
pdraw_wave,efficientnet_b0,jpeg_compression,2,C:\Users\ramti\Desktop\ramtin legion pc\article_project\data\raw\pdraw_wave\test\parkinson\V14PO03.png,1,0.984228,1
pdraw_wave,efficientnet_b0,jpeg_compression,3,C:\Users\ramti\Desktop\ramtin legion pc\article_project\data\raw\pdraw_wave\test\healthy\V01HO01.png,0,0.562846,1
pdraw_wave,efficientnet_b0,jpeg_compression,3,C:\Users\ramti\Desktop\ramtin legion pc\article_project\data\raw\pdraw_wave\test\healthy\V02HO01.png,0,0.148646,0
pdraw_wave,efficientnet_b0,jpeg_compression,3,C:\Users\ramti\Desktop\ramtin legion pc\article_project\data\raw\pdraw_wave\test\healthy\V03HO01.png,0,0.212304,0
pdraw_wave,efficientnet_b0,jpeg_compression,3,C:\Users\ramti\Desktop\ramtin legion pc\article_project\data\raw\pdraw_wave\test\healthy\V04HO01.png,0,0.226824,0
pdraw_wave,efficientnet_b0,jpeg_compression,3,C:\Users\ramti\Desktop\ramtin legion pc\article_project\data\raw\pdraw_wave\test\healthy\V05HO01.png,0,0.752690,1
pdraw_wave,efficientnet_b0,jpeg_compression,3,C:\Users\ramti\Desktop\ramtin legion pc\article_project\data\raw\pdraw_wave\test\healthy\V06HO01.png,0,0.635586,1
pdraw_wave,efficientnet_b0,jpeg_compression,3,C:\Users\ramti\Desktop\ramtin legion pc\article_project\data\raw\pdraw_wave\test\healthy\V07HO01.png,0,0.066434,0
pdraw_wave,efficientnet_b0,jpeg_compression,3,C:\Users\ramti\Desktop\ramtin legion pc\article_project\data\raw\pdraw_wave\test\healthy\V08HO01.png,0,0.249655,0
pdraw_wave,efficientnet_b0,jpeg_compression,3,C:\Users\ramti\Desktop\ramtin legion pc\article_project\data\raw\pdraw_wave\test\healthy\V09HO01.png,0,0.180997,0
pdraw_wave,efficientnet_b0,jpeg_compression,3,C:\Users\ramti\Desktop\ramtin legion pc\article_project\data\raw\pdraw_wave\test\healthy\V10HO01.png,0,0.674637,1
pdraw_wave,efficientnet_b0,jpeg_compression,3,C:\Users\ramti\Desktop\ramtin legion pc\article_project\data\raw\pdraw_wave\test\healthy\V11HO01.png,0,0.240325,0
pdraw_wave,efficientnet_b0,jpeg_compression,3,C:\Users\ramti\Desktop\ramtin legion pc\article_project\data\raw\pdraw_wave\test\healthy\V55HO08.png,0,0.162590,0
pdraw_wave,efficientnet_b0,jpeg_compression,3,C:\Users\ramti\Desktop\ramtin legion pc\article_project\data\raw\pdraw_wave\test\healthy\V55HO09.png,0,0.451141,1
pdraw_wave,efficientnet_b0,jpeg_compression,3,C:\Users\ramti\Desktop\ramtin legion pc\article_project\data\raw\pdraw_wave\test\healthy\V55HO10.png,0,0.303602,0
pdraw_wave,efficientnet_b0,jpeg_compression,3,C:\Users\ramti\Desktop\ramtin legion pc\article_project\data\raw\pdraw_wave\test\healthy\V55HO11.png,0,0.515101,1
pdraw_wave,efficientnet_b0,jpeg_compression,3,C:\Users\ramti\Desktop\ramtin legion pc\article_project\data\raw\pdraw_wave\test\parkinson\V01PO01.png,1,0.631904,1
pdraw_wave,efficientnet_b0,jpeg_compression,3,C:\Users\ramti\Desktop\ramtin legion pc\article_project\data\raw\pdraw_wave\test\parkinson\V02PO01.png,1,0.965124,1
pdraw_wave,efficientnet_b0,jpeg_compression,3,C:\Users\ramti\Desktop\ramtin legion pc\article_project\data\raw\pdraw_wave\test\parkinson\V03PO01.png,1,0.924948,1
pdraw_wave,efficientnet_b0,jpeg_compression,3,C:\Users\ramti\Desktop\ramtin legion pc\article_project\data\raw\pdraw_wave\test\parkinson\V03PO04.png,1,0.980789,1
pdraw_wave,efficientnet_b0,jpeg_compression,3,C:\Users\ramti\Desktop\ramtin legion pc\article_project\data\raw\pdraw_wave\test\parkinson\V03PO07.png,1,0.989096,1
pdraw_wave,efficientnet_b0,jpeg_compression,3,C:\Users\ramti\Desktop\ramtin legion pc\article_project\data\raw\pdraw_wave\test\parkinson\V04PO01.png,1,0.977236,1
pdraw_wave,efficientnet_b0,jpeg_compression,3,C:\Users\ramti\Desktop\ramtin legion pc\article_project\data\raw\pdraw_wave\test\parkinson\V05PO01.png,1,0.970918,1
pdraw_wave,efficientnet_b0,jpeg_compression,3,C:\Users\ramti\Desktop\ramtin legion pc\article_project\data\raw\pdraw_wave\test\parkinson\V06PO01.png,1,0.971183,1
pdraw_wave,efficientnet_b0,jpeg_compression,3,C:\Users\ramti\Desktop\ramtin legion pc\article_project\data\raw\pdraw_wave\test\parkinson\V07PO01.png,1,0.990088,1
pdraw_wave,efficientnet_b0,jpeg_compression,3,C:\Users\ramti\Desktop\ramtin legion pc\article_project\data\raw\pdraw_wave\test\parkinson\V08PO01.png,1,0.392554,0
pdraw_wave,efficientnet_b0,jpeg_compression,3,C:\Users\ramti\Desktop\ramtin legion pc\article_project\data\raw\pdraw_wave\test\parkinson\V09PO01.png,1,0.987768,1
pdraw_wave,efficientnet_b0,jpeg_compression,3,C:\Users\ramti\Desktop\ramtin legion pc\article_project\data\raw\pdraw_wave\test\parkinson\V10PO01.png,1,0.836106,1
pdraw_wave,efficientnet_b0,jpeg_compression,3,C:\Users\ramti\Desktop\ramtin legion pc\article_project\data\raw\pdraw_wave\test\parkinson\V11PO01.png,1,0.361243,0
pdraw_wave,efficientnet_b0,jpeg_compression,3,C:\Users\ramti\Desktop\ramtin legion pc\article_project\data\raw\pdraw_wave\test\parkinson\V14PO01.png,1,0.978426,1
pdraw_wave,efficientnet_b0,jpeg_compression,3,C:\Users\ramti\Desktop\ramtin legion pc\article_project\data\raw\pdraw_wave\test\parkinson\V14PO03.png,1,0.983726,1
pdraw_wave,efficientnet_b0,jpeg_compression,4,C:\Users\ramti\Desktop\ramtin legion pc\article_project\data\raw\pdraw_wave\test\healthy\V01HO01.png,0,0.605112,1
pdraw_wave,efficientnet_b0,jpeg_compression,4,C:\Users\ramti\Desktop\ramtin legion pc\article_project\data\raw\pdraw_wave\test\healthy\V02HO01.png,0,0.235341,0
pdraw_wave,efficientnet_b0,jpeg_compression,4,C:\Users\ramti\Desktop\ramtin legion pc\article_project\data\raw\pdraw_wave\test\healthy\V03HO01.png,0,0.297244,0
pdraw_wave,efficientnet_b0,jpeg_compression,4,C:\Users\ramti\Desktop\ramtin legion pc\article_project\data\raw\pdraw_wave\test\healthy\V04HO01.png,0,0.315997,0
pdraw_wave,efficientnet_b0,jpeg_compression,4,C:\Users\ramti\Desktop\ramtin legion pc\article_project\data\raw\pdraw_wave\test\healthy\V05HO01.png,0,0.849702,1
pdraw_wave,efficientnet_b0,jpeg_compression,4,C:\Users\ramti\Desktop\ramtin legion pc\article_project\data\raw\pdraw_wave\test\healthy\V06HO01.png,0,0.730296,1
pdraw_wave,efficientnet_b0,jpeg_compression,4,C:\Users\ramti\Desktop\ramtin legion pc\article_project\data\raw\pdraw_wave\test\healthy\V07HO01.png,0,0.145239,0
pdraw_wave,efficientnet_b0,jpeg_compression,4,C:\Users\ramti\Desktop\ramtin legion pc\article_project\data\raw\pdraw_wave\test\healthy\V08HO01.png,0,0.345118,0
pdraw_wave,efficientnet_b0,jpeg_compression,4,C:\Users\ramti\Desktop\ramtin legion pc\article_project\data\raw\pdraw_wave\test\healthy\V09HO01.png,0,0.270985,0
pdraw_wave,efficientnet_b0,jpeg_compression,4,C:\Users\ramti\Desktop\ramtin legion pc\article_project\data\raw\pdraw_wave\test\healthy\V10HO01.png,0,0.769183,1
pdraw_wave,efficientnet_b0,jpeg_compression,4,C:\Users\ramti\Desktop\ramtin legion pc\article_project\data\raw\pdraw_wave\test\healthy\V11HO01.png,0,0.326371,0
pdraw_wave,efficientnet_b0,jpeg_compression,4,C:\Users\ramti\Desktop\ramtin legion pc\article_project\data\raw\pdraw_wave\test\healthy\V55HO08.png,0,0.320019,0
pdraw_wave,efficientnet_b0,jpeg_compression,4,C:\Users\ramti\Desktop\ramtin legion pc\article_project\data\raw\pdraw_wave\test\healthy\V55HO09.png,0,0.460044,1
pdraw_wave,efficientnet_b0,jpeg_compression,4,C:\Users\ramti\Desktop\ramtin legion pc\article_project\data\raw\pdraw_wave\test\healthy\V55HO10.png,0,0.424308,1
pdraw_wave,efficientnet_b0,jpeg_compression,4,C:\Users\ramti\Desktop\ramtin legion pc\article_project\data\raw\pdraw_wave\test\healthy\V55HO11.png,0,0.588093,1
pdraw_wave,efficientnet_b0,jpeg_compression,4,C:\Users\ramti\Desktop\ramtin legion pc\article_project\data\raw\pdraw_wave\test\parkinson\V01PO01.png,1,0.652515,1
pdraw_wave,efficientnet_b0,jpeg_compression,4,C:\Users\ramti\Desktop\ramtin legion pc\article_project\data\raw\pdraw_wave\test\parkinson\V02PO01.png,1,0.944668,1
pdraw_wave,efficientnet_b0,jpeg_compression,4,C:\Users\ramti\Desktop\ramtin legion pc\article_project\data\raw\pdraw_wave\test\parkinson\V03PO01.png,1,0.950034,1
pdraw_wave,efficientnet_b0,jpeg_compression,4,C:\Users\ramti\Desktop\ramtin legion pc\article_project\data\raw\pdraw_wave\test\parkinson\V03PO04.png,1,0.979061,1
pdraw_wave,efficientnet_b0,jpeg_compression,4,C:\Users\ramti\Desktop\ramtin legion pc\article_project\data\raw\pdraw_wave\test\parkinson\V03PO07.png,1,0.987051,1
pdraw_wave,efficientnet_b0,jpeg_compression,4,C:\Users\ramti\Desktop\ramtin legion pc\article_project\data\raw\pdraw_wave\test\parkinson\V04PO01.png,1,0.977514,1
pdraw_wave,efficientnet_b0,jpeg_compression,4,C:\Users\ramti\Desktop\ramtin legion pc\article_project\data\raw\pdraw_wave\test\parkinson\V05PO01.png,1,0.971236,1
pdraw_wave,efficientnet_b0,jpeg_compression,4,C:\Users\ramti\Desktop\ramtin legion pc\article_project\data\raw\pdraw_wave\test\parkinson\V06PO01.png,1,0.963943,1
pdraw_wave,efficientnet_b0,jpeg_compression,4,C:\Users\ramti\Desktop\ramtin legion pc\article_project\data\raw\pdraw_wave\test\parkinson\V07PO01.png,1,0.986763,1
pdraw_wave,efficientnet_b0,jpeg_compression,4,C:\Users\ramti\Desktop\ramtin legion pc\article_project\data\raw\pdraw_wave\test\parkinson\V08PO01.png,1,0.501689,1
pdraw_wave,efficientnet_b0,jpeg_compression,4,C:\Users\ramti\Desktop\ramtin legion pc\article_project\data\raw\pdraw_wave\test\parkinson\V09PO01.png,1,0.983613,1
pdraw_wave,efficientnet_b0,jpeg_compression,4,C:\Users\ramti\Desktop\ramtin legion pc\article_project\data\raw\pdraw_wave\test\parkinson\V10PO01.png,1,0.786429,1
pdraw_wave,efficientnet_b0,jpeg_compression,4,C:\Users\ramti\Desktop\ramtin legion pc\article_project\data\raw\pdraw_wave\test\parkinson\V11PO01.png,1,0.459892,1
pdraw_wave,efficientnet_b0,jpeg_compression,4,C:\Users\ramti\Desktop\ramtin legion pc\article_project\data\raw\pdraw_wave\test\parkinson\V14PO01.png,1,0.977557,1
pdraw_wave,efficientnet_b0,jpeg_compression,4,C:\Users\ramti\Desktop\ramtin legion pc\article_project\data\raw\pdraw_wave\test\parkinson\V14PO03.png,1,0.987740,1
pdraw_wave,efficientnet_b0,jpeg_compression,5,C:\Users\ramti\Desktop\ramtin legion pc\article_project\data\raw\pdraw_wave\test\healthy\V01HO01.png,0,0.462656,1
pdraw_wave,efficientnet_b0,jpeg_compression,5,C:\Users\ramti\Desktop\ramtin legion pc\article_project\data\raw\pdraw_wave\test\healthy\V02HO01.png,0,0.236421,0
pdraw_wave,efficientnet_b0,jpeg_compression,5,C:\Users\ramti\Desktop\ramtin legion pc\article_project\data\raw\pdraw_wave\test\healthy\V03HO01.png,0,0.388892,0
pdraw_wave,efficientnet_b0,jpeg_compression,5,C:\Users\ramti\Desktop\ramtin legion pc\article_project\data\raw\pdraw_wave\test\healthy\V04HO01.png,0,0.432851,1
pdraw_wave,efficientnet_b0,jpeg_compression,5,C:\Users\ramti\Desktop\ramtin legion pc\article_project\data\raw\pdraw_wave\test\healthy\V05HO01.png,0,0.563347,1
pdraw_wave,efficientnet_b0,jpeg_compression,5,C:\Users\ramti\Desktop\ramtin legion pc\article_project\data\raw\pdraw_wave\test\healthy\V06HO01.png,0,0.681095,1
pdraw_wave,efficientnet_b0,jpeg_compression,5,C:\Users\ramti\Desktop\ramtin legion pc\article_project\data\raw\pdraw_wave\test\healthy\V07HO01.png,0,0.387824,0
pdraw_wave,efficientnet_b0,jpeg_compression,5,C:\Users\ramti\Desktop\ramtin legion pc\article_project\data\raw\pdraw_wave\test\healthy\V08HO01.png,0,0.270184,0
pdraw_wave,efficientnet_b0,jpeg_compression,5,C:\Users\ramti\Desktop\ramtin legion pc\article_project\data\raw\pdraw_wave\test\healthy\V09HO01.png,0,0.404227,1
pdraw_wave,efficientnet_b0,jpeg_compression,5,C:\Users\ramti\Desktop\ramtin legion pc\article_project\data\raw\pdraw_wave\test\healthy\V10HO01.png,0,0.432071,1
pdraw_wave,efficientnet_b0,jpeg_compression,5,C:\Users\ramti\Desktop\ramtin legion pc\article_project\data\raw\pdraw_wave\test\healthy\V11HO01.png,0,0.297348,0
pdraw_wave,efficientnet_b0,jpeg_compression,5,C:\Users\ramti\Desktop\ramtin legion pc\article_project\data\raw\pdraw_wave\test\healthy\V55HO08.png,0,0.424002,1
pdraw_wave,efficientnet_b0,jpeg_compression,5,C:\Users\ramti\Desktop\ramtin legion pc\article_project\data\raw\pdraw_wave\test\healthy\V55HO09.png,0,0.440033,1
pdraw_wave,efficientnet_b0,jpeg_compression,5,C:\Users\ramti\Desktop\ramtin legion pc\article_project\data\raw\pdraw_wave\test\healthy\V55HO10.png,0,0.433030,1
pdraw_wave,efficientnet_b0,jpeg_compression,5,C:\Users\ramti\Desktop\ramtin legion pc\article_project\data\raw\pdraw_wave\test\healthy\V55HO11.png,0,0.487198,1
pdraw_wave,efficientnet_b0,jpeg_compression,5,C:\Users\ramti\Desktop\ramtin legion pc\article_project\data\raw\pdraw_wave\test\parkinson\V01PO01.png,1,0.673338,1
pdraw_wave,efficientnet_b0,jpeg_compression,5,C:\Users\ramti\Desktop\ramtin legion pc\article_project\data\raw\pdraw_wave\test\parkinson\V02PO01.png,1,0.829506,1
pdraw_wave,efficientnet_b0,jpeg_compression,5,C:\Users\ramti\Desktop\ramtin legion pc\article_project\data\raw\pdraw_wave\test\parkinson\V03PO01.png,1,0.922679,1
pdraw_wave,efficientnet_b0,jpeg_compression,5,C:\Users\ramti\Desktop\ramtin legion pc\article_project\data\raw\pdraw_wave\test\parkinson\V03PO04.png,1,0.954859,1
pdraw_wave,efficientnet_b0,jpeg_compression,5,C:\Users\ramti\Desktop\ramtin legion pc\article_project\data\raw\pdraw_wave\test\parkinson\V03PO07.png,1,0.975792,1
pdraw_wave,efficientnet_b0,jpeg_compression,5,C:\Users\ramti\Desktop\ramtin legion pc\article_project\data\raw\pdraw_wave\test\parkinson\V04PO01.png,1,0.952103,1
pdraw_wave,efficientnet_b0,jpeg_compression,5,C:\Users\ramti\Desktop\ramtin legion pc\article_project\data\raw\pdraw_wave\test\parkinson\V05PO01.png,1,0.943100,1
pdraw_wave,efficientnet_b0,jpeg_compression,5,C:\Users\ramti\Desktop\ramtin legion pc\article_project\data\raw\pdraw_wave\test\parkinson\V06PO01.png,1,0.942863,1
pdraw_wave,efficientnet_b0,jpeg_compression,5,C:\Users\ramti\Desktop\ramtin legion pc\article_project\data\raw\pdraw_wave\test\parkinson\V07PO01.png,1,0.962748,1
pdraw_wave,efficientnet_b0,jpeg_compression,5,C:\Users\ramti\Desktop\ramtin legion pc\article_project\data\raw\pdraw_wave\test\parkinson\V08PO01.png,1,0.388564,0
pdraw_wave,efficientnet_b0,jpeg_compression,5,C:\Users\ramti\Desktop\ramtin legion pc\article_project\data\raw\pdraw_wave\test\parkinson\V09PO01.png,1,0.966998,1
pdraw_wave,efficientnet_b0,jpeg_compression,5,C:\Users\ramti\Desktop\ramtin legion pc\article_project\data\raw\pdraw_wave\test\parkinson\V10PO01.png,1,0.661814,1
pdraw_wave,efficientnet_b0,jpeg_compression,5,C:\Users\ramti\Desktop\ramtin legion pc\article_project\data\raw\pdraw_wave\test\parkinson\V11PO01.png,1,0.606469,1
pdraw_wave,efficientnet_b0,jpeg_compression,5,C:\Users\ramti\Desktop\ramtin legion pc\article_project\data\raw\pdraw_wave\test\parkinson\V14PO01.png,1,0.938489,1
pdraw_wave,efficientnet_b0,jpeg_compression,5,C:\Users\ramti\Desktop\ramtin legion pc\article_project\data\raw\pdraw_wave\test\parkinson\V14PO03.png,1,0.959187,1
pdraw_wave,efficientnet_b0,gaussian_blur,1,C:\Users\ramti\Desktop\ramtin legion pc\article_project\data\raw\pdraw_wave\test\healthy\V01HO01.png,0,0.664861,1
pdraw_wave,efficientnet_b0,gaussian_blur,1,C:\Users\ramti\Desktop\ramtin legion pc\article_project\data\raw\pdraw_wave\test\healthy\V02HO01.png,0,0.079459,0
pdraw_wave,efficientnet_b0,gaussian_blur,1,C:\Users\ramti\Desktop\ramtin legion pc\article_project\data\raw\pdraw_wave\test\healthy\V03HO01.png,0,0.200187,0
pdraw_wave,efficientnet_b0,gaussian_blur,1,C:\Users\ramti\Desktop\ramtin legion pc\article_project\data\raw\pdraw_wave\test\healthy\V04HO01.png,0,0.220608,0
pdraw_wave,efficientnet_b0,gaussian_blur,1,C:\Users\ramti\Desktop\ramtin legion pc\article_project\data\raw\pdraw_wave\test\healthy\V05HO01.png,0,0.822599,1
pdraw_wave,efficientnet_b0,gaussian_blur,1,C:\Users\ramti\Desktop\ramtin legion pc\article_project\data\raw\pdraw_wave\test\healthy\V06HO01.png,0,0.624841,1
pdraw_wave,efficientnet_b0,gaussian_blur,1,C:\Users\ramti\Desktop\ramtin legion pc\article_project\data\raw\pdraw_wave\test\healthy\V07HO01.png,0,0.088167,0
pdraw_wave,efficientnet_b0,gaussian_blur,1,C:\Users\ramti\Desktop\ramtin legion pc\article_project\data\raw\pdraw_wave\test\healthy\V08HO01.png,0,0.285597,0
pdraw_wave,efficientnet_b0,gaussian_blur,1,C:\Users\ramti\Desktop\ramtin legion pc\article_project\data\raw\pdraw_wave\test\healthy\V09HO01.png,0,0.237211,0
pdraw_wave,efficientnet_b0,gaussian_blur,1,C:\Users\ramti\Desktop\ramtin legion pc\article_project\data\raw\pdraw_wave\test\healthy\V10HO01.png,0,0.596957,1
pdraw_wave,efficientnet_b0,gaussian_blur,1,C:\Users\ramti\Desktop\ramtin legion pc\article_project\data\raw\pdraw_wave\test\healthy\V11HO01.png,0,0.343793,0
pdraw_wave,efficientnet_b0,gaussian_blur,1,C:\Users\ramti\Desktop\ramtin legion pc\article_project\data\raw\pdraw_wave\test\healthy\V55HO08.png,0,0.181744,0
pdraw_wave,efficientnet_b0,gaussian_blur,1,C:\Users\ramti\Desktop\ramtin legion pc\article_project\data\raw\pdraw_wave\test\healthy\V55HO09.png,0,0.377714,0
pdraw_wave,efficientnet_b0,gaussian_blur,1,C:\Users\ramti\Desktop\ramtin legion pc\article_project\data\raw\pdraw_wave\test\healthy\V55HO10.png,0,0.297070,0
pdraw_wave,efficientnet_b0,gaussian_blur,1,C:\Users\ramti\Desktop\ramtin legion pc\article_project\data\raw\pdraw_wave\test\healthy\V55HO11.png,0,0.604677,1
pdraw_wave,efficientnet_b0,gaussian_blur,1,C:\Users\ramti\Desktop\ramtin legion pc\article_project\data\raw\pdraw_wave\test\parkinson\V01PO01.png,1,0.615585,1
pdraw_wave,efficientnet_b0,gaussian_blur,1,C:\Users\ramti\Desktop\ramtin legion pc\article_project\data\raw\pdraw_wave\test\parkinson\V02PO01.png,1,0.976339,1
pdraw_wave,efficientnet_b0,gaussian_blur,1,C:\Users\ramti\Desktop\ramtin legion pc\article_project\data\raw\pdraw_wave\test\parkinson\V03PO01.png,1,0.957047,1
pdraw_wave,efficientnet_b0,gaussian_blur,1,C:\Users\ramti\Desktop\ramtin legion pc\article_project\data\raw\pdraw_wave\test\parkinson\V03PO04.png,1,0.981914,1
pdraw_wave,efficientnet_b0,gaussian_blur,1,C:\Users\ramti\Desktop\ramtin legion pc\article_project\data\raw\pdraw_wave\test\parkinson\V03PO07.png,1,0.987804,1
pdraw_wave,efficientnet_b0,gaussian_blur,1,C:\Users\ramti\Desktop\ramtin legion pc\article_project\data\raw\pdraw_wave\test\parkinson\V04PO01.png,1,0.984231,1
pdraw_wave,efficientnet_b0,gaussian_blur,1,C:\Users\ramti\Desktop\ramtin legion pc\article_project\data\raw\pdraw_wave\test\parkinson\V05PO01.png,1,0.967964,1
pdraw_wave,efficientnet_b0,gaussian_blur,1,C:\Users\ramti\Desktop\ramtin legion pc\article_project\data\raw\pdraw_wave\test\parkinson\V06PO01.png,1,0.978183,1
pdraw_wave,efficientnet_b0,gaussian_blur,1,C:\Users\ramti\Desktop\ramtin legion pc\article_project\data\raw\pdraw_wave\test\parkinson\V07PO01.png,1,0.989364,1
pdraw_wave,efficientnet_b0,gaussian_blur,1,C:\Users\ramti\Desktop\ramtin legion pc\article_project\data\raw\pdraw_wave\test\parkinson\V08PO01.png,1,0.420399,1
pdraw_wave,efficientnet_b0,gaussian_blur,1,C:\Users\ramti\Desktop\ramtin legion pc\article_project\data\raw\pdraw_wave\test\parkinson\V09PO01.png,1,0.988470,1
pdraw_wave,efficientnet_b0,gaussian_blur,1,C:\Users\ramti\Desktop\ramtin legion pc\article_project\data\raw\pdraw_wave\test\parkinson\V10PO01.png,1,0.843432,1
pdraw_wave,efficientnet_b0,gaussian_blur,1,C:\Users\ramti\Desktop\ramtin legion pc\article_project\data\raw\pdraw_wave\test\parkinson\V11PO01.png,1,0.458560,1
pdraw_wave,efficientnet_b0,gaussian_blur,1,C:\Users\ramti\Desktop\ramtin legion pc\article_project\data\raw\pdraw_wave\test\parkinson\V14PO01.png,1,0.973460,1
pdraw_wave,efficientnet_b0,gaussian_blur,1,C:\Users\ramti\Desktop\ramtin legion pc\article_project\data\raw\pdraw_wave\test\parkinson\V14PO03.png,1,0.985296,1
pdraw_wave,efficientnet_b0,gaussian_blur,2,C:\Users\ramti\Desktop\ramtin legion pc\article_project\data\raw\pdraw_wave\test\healthy\V01HO01.png,0,0.623158,1
pdraw_wave,efficientnet_b0,gaussian_blur,2,C:\Users\ramti\Desktop\ramtin legion pc\article_project\data\raw\pdraw_wave\test\healthy\V02HO01.png,0,0.067683,0
pdraw_wave,efficientnet_b0,gaussian_blur,2,C:\Users\ramti\Desktop\ramtin legion pc\article_project\data\raw\pdraw_wave\test\healthy\V03HO01.png,0,0.184745,0
pdraw_wave,efficientnet_b0,gaussian_blur,2,C:\Users\ramti\Desktop\ramtin legion pc\article_project\data\raw\pdraw_wave\test\healthy\V04HO01.png,0,0.231216,0
pdraw_wave,efficientnet_b0,gaussian_blur,2,C:\Users\ramti\Desktop\ramtin legion pc\article_project\data\raw\pdraw_wave\test\healthy\V05HO01.png,0,0.844914,1
pdraw_wave,efficientnet_b0,gaussian_blur,2,C:\Users\ramti\Desktop\ramtin legion pc\article_project\data\raw\pdraw_wave\test\healthy\V06HO01.png,0,0.693416,1
pdraw_wave,efficientnet_b0,gaussian_blur,2,C:\Users\ramti\Desktop\ramtin legion pc\article_project\data\raw\pdraw_wave\test\healthy\V07HO01.png,0,0.116243,0
pdraw_wave,efficientnet_b0,gaussian_blur,2,C:\Users\ramti\Desktop\ramtin legion pc\article_project\data\raw\pdraw_wave\test\healthy\V08HO01.png,0,0.397712,0
pdraw_wave,efficientnet_b0,gaussian_blur,2,C:\Users\ramti\Desktop\ramtin legion pc\article_project\data\raw\pdraw_wave\test\healthy\V09HO01.png,0,0.254960,0
pdraw_wave,efficientnet_b0,gaussian_blur,2,C:\Users\ramti\Desktop\ramtin legion pc\article_project\data\raw\pdraw_wave\test\healthy\V10HO01.png,0,0.589697,1
pdraw_wave,efficientnet_b0,gaussian_blur,2,C:\Users\ramti\Desktop\ramtin legion pc\article_project\data\raw\pdraw_wave\test\healthy\V11HO01.png,0,0.545624,1
pdraw_wave,efficientnet_b0,gaussian_blur,2,C:\Users\ramti\Desktop\ramtin legion pc\article_project\data\raw\pdraw_wave\test\healthy\V55HO08.png,0,0.176056,0
pdraw_wave,efficientnet_b0,gaussian_blur,2,C:\Users\ramti\Desktop\ramtin legion pc\article_project\data\raw\pdraw_wave\test\healthy\V55HO09.png,0,0.350299,0
pdraw_wave,efficientnet_b0,gaussian_blur,2,C:\Users\ramti\Desktop\ramtin legion pc\article_project\data\raw\pdraw_wave\test\healthy\V55HO10.png,0,0.266021,0
pdraw_wave,efficientnet_b0,gaussian_blur,2,C:\Users\ramti\Desktop\ramtin legion pc\article_project\data\raw\pdraw_wave\test\healthy\V55HO11.png,0,0.575984,1
pdraw_wave,efficientnet_b0,gaussian_blur,2,C:\Users\ramti\Desktop\ramtin legion pc\article_project\data\raw\pdraw_wave\test\parkinson\V01PO01.png,1,0.602430,1
pdraw_wave,efficientnet_b0,gaussian_blur,2,C:\Users\ramti\Desktop\ramtin legion pc\article_project\data\raw\pdraw_wave\test\parkinson\V02PO01.png,1,0.968340,1
pdraw_wave,efficientnet_b0,gaussian_blur,2,C:\Users\ramti\Desktop\ramtin legion pc\article_project\data\raw\pdraw_wave\test\parkinson\V03PO01.png,1,0.965141,1
pdraw_wave,efficientnet_b0,gaussian_blur,2,C:\Users\ramti\Desktop\ramtin legion pc\article_project\data\raw\pdraw_wave\test\parkinson\V03PO04.png,1,0.971215,1
pdraw_wave,efficientnet_b0,gaussian_blur,2,C:\Users\ramti\Desktop\ramtin legion pc\article_project\data\raw\pdraw_wave\test\parkinson\V03PO07.png,1,0.985557,1
pdraw_wave,efficientnet_b0,gaussian_blur,2,C:\Users\ramti\Desktop\ramtin legion pc\article_project\data\raw\pdraw_wave\test\parkinson\V04PO01.png,1,0.978854,1
pdraw_wave,efficientnet_b0,gaussian_blur,2,C:\Users\ramti\Desktop\ramtin legion pc\article_project\data\raw\pdraw_wave\test\parkinson\V05PO01.png,1,0.966439,1
pdraw_wave,efficientnet_b0,gaussian_blur,2,C:\Users\ramti\Desktop\ramtin legion pc\article_project\data\raw\pdraw_wave\test\parkinson\V06PO01.png,1,0.975863,1
pdraw_wave,efficientnet_b0,gaussian_blur,2,C:\Users\ramti\Desktop\ramtin legion pc\article_project\data\raw\pdraw_wave\test\parkinson\V07PO01.png,1,0.987440,1
pdraw_wave,efficientnet_b0,gaussian_blur,2,C:\Users\ramti\Desktop\ramtin legion pc\article_project\data\raw\pdraw_wave\test\parkinson\V08PO01.png,1,0.427234,1
pdraw_wave,efficientnet_b0,gaussian_blur,2,C:\Users\ramti\Desktop\ramtin legion pc\article_project\data\raw\pdraw_wave\test\parkinson\V09PO01.png,1,0.987668,1
pdraw_wave,efficientnet_b0,gaussian_blur,2,C:\Users\ramti\Desktop\ramtin legion pc\article_project\data\raw\pdraw_wave\test\parkinson\V10PO01.png,1,0.836710,1
pdraw_wave,efficientnet_b0,gaussian_blur,2,C:\Users\ramti\Desktop\ramtin legion pc\article_project\data\raw\pdraw_wave\test\parkinson\V11PO01.png,1,0.544568,1
pdraw_wave,efficientnet_b0,gaussian_blur,2,C:\Users\ramti\Desktop\ramtin legion pc\article_project\data\raw\pdraw_wave\test\parkinson\V14PO01.png,1,0.965965,1
pdraw_wave,efficientnet_b0,gaussian_blur,2,C:\Users\ramti\Desktop\ramtin legion pc\article_project\data\raw\pdraw_wave\test\parkinson\V14PO03.png,1,0.980758,1
pdraw_wave,efficientnet_b0,gaussian_blur,3,C:\Users\ramti\Desktop\ramtin legion pc\article_project\data\raw\pdraw_wave\test\healthy\V01HO01.png,0,0.504779,1
pdraw_wave,efficientnet_b0,gaussian_blur,3,C:\Users\ramti\Desktop\ramtin legion pc\article_project\data\raw\pdraw_wave\test\healthy\V02HO01.png,0,0.066159,0
pdraw_wave,efficientnet_b0,gaussian_blur,3,C:\Users\ramti\Desktop\ramtin legion pc\article_project\data\raw\pdraw_wave\test\healthy\V03HO01.png,0,0.149670,0
pdraw_wave,efficientnet_b0,gaussian_blur,3,C:\Users\ramti\Desktop\ramtin legion pc\article_project\data\raw\pdraw_wave\test\healthy\V04HO01.png,0,0.222450,0
pdraw_wave,efficientnet_b0,gaussian_blur,3,C:\Users\ramti\Desktop\ramtin legion pc\article_project\data\raw\pdraw_wave\test\healthy\V05HO01.png,0,0.867524,1
pdraw_wave,efficientnet_b0,gaussian_blur,3,C:\Users\ramti\Desktop\ramtin legion pc\article_project\data\raw\pdraw_wave\test\healthy\V06HO01.png,0,0.732107,1
pdraw_wave,efficientnet_b0,gaussian_blur,3,C:\Users\ramti\Desktop\ramtin legion pc\article_project\data\raw\pdraw_wave\test\healthy\V07HO01.png,0,0.149278,0
pdraw_wave,efficientnet_b0,gaussian_blur,3,C:\Users\ramti\Desktop\ramtin legion pc\article_project\data\raw\pdraw_wave\test\healthy\V08HO01.png,0,0.485661,1
pdraw_wave,efficientnet_b0,gaussian_blur,3,C:\Users\ramti\Desktop\ramtin legion pc\article_project\data\raw\pdraw_wave\test\healthy\V09HO01.png,0,0.300810,0
pdraw_wave,efficientnet_b0,gaussian_blur,3,C:\Users\ramti\Desktop\ramtin legion pc\article_project\data\raw\pdraw_wave\test\healthy\V10HO01.png,0,0.488457,1
pdraw_wave,efficientnet_b0,gaussian_blur,3,C:\Users\ramti\Desktop\ramtin legion pc\article_project\data\raw\pdraw_wave\test\healthy\V11HO01.png,0,0.676971,1
pdraw_wave,efficientnet_b0,gaussian_blur,3,C:\Users\ramti\Desktop\ramtin legion pc\article_project\data\raw\pdraw_wave\test\healthy\V55HO08.png,0,0.164027,0
pdraw_wave,efficientnet_b0,gaussian_blur,3,C:\Users\ramti\Desktop\ramtin legion pc\article_project\data\raw\pdraw_wave\test\healthy\V55HO09.png,0,0.343592,0
pdraw_wave,efficientnet_b0,gaussian_blur,3,C:\Users\ramti\Desktop\ramtin legion pc\article_project\data\raw\pdraw_wave\test\healthy\V55HO10.png,0,0.275436,0
pdraw_wave,efficientnet_b0,gaussian_blur,3,C:\Users\ramti\Desktop\ramtin legion pc\article_project\data\raw\pdraw_wave\test\healthy\V55HO11.png,0,0.486295,1
pdraw_wave,efficientnet_b0,gaussian_blur,3,C:\Users\ramti\Desktop\ramtin legion pc\article_project\data\raw\pdraw_wave\test\parkinson\V01PO01.png,1,0.582326,1
pdraw_wave,efficientnet_b0,gaussian_blur,3,C:\Users\ramti\Desktop\ramtin legion pc\article_project\data\raw\pdraw_wave\test\parkinson\V02PO01.png,1,0.950576,1
pdraw_wave,efficientnet_b0,gaussian_blur,3,C:\Users\ramti\Desktop\ramtin legion pc\article_project\data\raw\pdraw_wave\test\parkinson\V03PO01.png,1,0.968813,1
pdraw_wave,efficientnet_b0,gaussian_blur,3,C:\Users\ramti\Desktop\ramtin legion pc\article_project\data\raw\pdraw_wave\test\parkinson\V03PO04.png,1,0.959162,1
pdraw_wave,efficientnet_b0,gaussian_blur,3,C:\Users\ramti\Desktop\ramtin legion pc\article_project\data\raw\pdraw_wave\test\parkinson\V03PO07.png,1,0.980977,1
pdraw_wave,efficientnet_b0,gaussian_blur,3,C:\Users\ramti\Desktop\ramtin legion pc\article_project\data\raw\pdraw_wave\test\parkinson\V04PO01.png,1,0.968945,1
pdraw_wave,efficientnet_b0,gaussian_blur,3,C:\Users\ramti\Desktop\ramtin legion pc\article_project\data\raw\pdraw_wave\test\parkinson\V05PO01.png,1,0.966141,1
pdraw_wave,efficientnet_b0,gaussian_blur,3,C:\Users\ramti\Desktop\ramtin legion pc\article_project\data\raw\pdraw_wave\test\parkinson\V06PO01.png,1,0.969706,1
pdraw_wave,efficientnet_b0,gaussian_blur,3,C:\Users\ramti\Desktop\ramtin legion pc\article_project\data\raw\pdraw_wave\test\parkinson\V07PO01.png,1,0.981572,1
pdraw_wave,efficientnet_b0,gaussian_blur,3,C:\Users\ramti\Desktop\ramtin legion pc\article_project\data\raw\pdraw_wave\test\parkinson\V08PO01.png,1,0.363275,0
pdraw_wave,efficientnet_b0,gaussian_blur,3,C:\Users\ramti\Desktop\ramtin legion pc\article_project\data\raw\pdraw_wave\test\parkinson\V09PO01.png,1,0.986082,1
pdraw_wave,efficientnet_b0,gaussian_blur,3,C:\Users\ramti\Desktop\ramtin legion pc\article_project\data\raw\pdraw_wave\test\parkinson\V10PO01.png,1,0.844568,1
pdraw_wave,efficientnet_b0,gaussian_blur,3,C:\Users\ramti\Desktop\ramtin legion pc\article_project\data\raw\pdraw_wave\test\parkinson\V11PO01.png,1,0.578019,1
pdraw_wave,efficientnet_b0,gaussian_blur,3,C:\Users\ramti\Desktop\ramtin legion pc\article_project\data\raw\pdraw_wave\test\parkinson\V14PO01.png,1,0.949137,1
pdraw_wave,efficientnet_b0,gaussian_blur,3,C:\Users\ramti\Desktop\ramtin legion pc\article_project\data\raw\pdraw_wave\test\parkinson\V14PO03.png,1,0.970497,1
pdraw_wave,efficientnet_b0,gaussian_blur,4,C:\Users\ramti\Desktop\ramtin legion pc\article_project\data\raw\pdraw_wave\test\healthy\V01HO01.png,0,0.446084,1
pdraw_wave,efficientnet_b0,gaussian_blur,4,C:\Users\ramti\Desktop\ramtin legion pc\article_project\data\raw\pdraw_wave\test\healthy\V02HO01.png,0,0.081408,0
pdraw_wave,efficientnet_b0,gaussian_blur,4,C:\Users\ramti\Desktop\ramtin legion pc\article_project\data\raw\pdraw_wave\test\healthy\V03HO01.png,0,0.137745,0
pdraw_wave,efficientnet_b0,gaussian_blur,4,C:\Users\ramti\Desktop\ramtin legion pc\article_project\data\raw\pdraw_wave\test\healthy\V04HO01.png,0,0.223434,0
pdraw_wave,efficientnet_b0,gaussian_blur,4,C:\Users\ramti\Desktop\ramtin legion pc\article_project\data\raw\pdraw_wave\test\healthy\V05HO01.png,0,0.875164,1
pdraw_wave,efficientnet_b0,gaussian_blur,4,C:\Users\ramti\Desktop\ramtin legion pc\article_project\data\raw\pdraw_wave\test\healthy\V06HO01.png,0,0.741316,1
pdraw_wave,efficientnet_b0,gaussian_blur,4,C:\Users\ramti\Desktop\ramtin legion pc\article_project\data\raw\pdraw_wave\test\healthy\V07HO01.png,0,0.173652,0
pdraw_wave,efficientnet_b0,gaussian_blur,4,C:\Users\ramti\Desktop\ramtin legion pc\article_project\data\raw\pdraw_wave\test\healthy\V08HO01.png,0,0.520715,1
pdraw_wave,efficientnet_b0,gaussian_blur,4,C:\Users\ramti\Desktop\ramtin legion pc\article_project\data\raw\pdraw_wave\test\healthy\V09HO01.png,0,0.320881,0
pdraw_wave,efficientnet_b0,gaussian_blur,4,C:\Users\ramti\Desktop\ramtin legion pc\article_project\data\raw\pdraw_wave\test\healthy\V10HO01.png,0,0.467536,1
pdraw_wave,efficientnet_b0,gaussian_blur,4,C:\Users\ramti\Desktop\ramtin legion pc\article_project\data\raw\pdraw_wave\test\healthy\V11HO01.png,0,0.671803,1
pdraw_wave,efficientnet_b0,gaussian_blur,4,C:\Users\ramti\Desktop\ramtin legion pc\article_project\data\raw\pdraw_wave\test\healthy\V55HO08.png,0,0.155380,0
pdraw_wave,efficientnet_b0,gaussian_blur,4,C:\Users\ramti\Desktop\ramtin legion pc\article_project\data\raw\pdraw_wave\test\healthy\V55HO09.png,0,0.306851,0
pdraw_wave,efficientnet_b0,gaussian_blur,4,C:\Users\ramti\Desktop\ramtin legion pc\article_project\data\raw\pdraw_wave\test\healthy\V55HO10.png,0,0.291605,0
pdraw_wave,efficientnet_b0,gaussian_blur,4,C:\Users\ramti\Desktop\ramtin legion pc\article_project\data\raw\pdraw_wave\test\healthy\V55HO11.png,0,0.426938,1
pdraw_wave,efficientnet_b0,gaussian_blur,4,C:\Users\ramti\Desktop\ramtin legion pc\article_project\data\raw\pdraw_wave\test\parkinson\V01PO01.png,1,0.562830,1
pdraw_wave,efficientnet_b0,gaussian_blur,4,C:\Users\ramti\Desktop\ramtin legion pc\article_project\data\raw\pdraw_wave\test\parkinson\V02PO01.png,1,0.929481,1
pdraw_wave,efficientnet_b0,gaussian_blur,4,C:\Users\ramti\Desktop\ramtin legion pc\article_project\data\raw\pdraw_wave\test\parkinson\V03PO01.png,1,0.970426,1
pdraw_wave,efficientnet_b0,gaussian_blur,4,C:\Users\ramti\Desktop\ramtin legion pc\article_project\data\raw\pdraw_wave\test\parkinson\V03PO04.png,1,0.948681,1
pdraw_wave,efficientnet_b0,gaussian_blur,4,C:\Users\ramti\Desktop\ramtin legion pc\article_project\data\raw\pdraw_wave\test\parkinson\V03PO07.png,1,0.979269,1
pdraw_wave,efficientnet_b0,gaussian_blur,4,C:\Users\ramti\Desktop\ramtin legion pc\article_project\data\raw\pdraw_wave\test\parkinson\V04PO01.png,1,0.961175,1
pdraw_wave,efficientnet_b0,gaussian_blur,4,C:\Users\ramti\Desktop\ramtin legion pc\article_project\data\raw\pdraw_wave\test\parkinson\V05PO01.png,1,0.964839,1
pdraw_wave,efficientnet_b0,gaussian_blur,4,C:\Users\ramti\Desktop\ramtin legion pc\article_project\data\raw\pdraw_wave\test\parkinson\V06PO01.png,1,0.956557,1
pdraw_wave,efficientnet_b0,gaussian_blur,4,C:\Users\ramti\Desktop\ramtin legion pc\article_project\data\raw\pdraw_wave\test\parkinson\V07PO01.png,1,0.976789,1
pdraw_wave,efficientnet_b0,gaussian_blur,4,C:\Users\ramti\Desktop\ramtin legion pc\article_project\data\raw\pdraw_wave\test\parkinson\V08PO01.png,1,0.328403,0
pdraw_wave,efficientnet_b0,gaussian_blur,4,C:\Users\ramti\Desktop\ramtin legion pc\article_project\data\raw\pdraw_wave\test\parkinson\V09PO01.png,1,0.984383,1
pdraw_wave,efficientnet_b0,gaussian_blur,4,C:\Users\ramti\Desktop\ramtin legion pc\article_project\data\raw\pdraw_wave\test\parkinson\V10PO01.png,1,0.840761,1
pdraw_wave,efficientnet_b0,gaussian_blur,4,C:\Users\ramti\Desktop\ramtin legion pc\article_project\data\raw\pdraw_wave\test\parkinson\V11PO01.png,1,0.553900,1
pdraw_wave,efficientnet_b0,gaussian_blur,4,C:\Users\ramti\Desktop\ramtin legion pc\article_project\data\raw\pdraw_wave\test\parkinson\V14PO01.png,1,0.941638,1
pdraw_wave,efficientnet_b0,gaussian_blur,4,C:\Users\ramti\Desktop\ramtin legion pc\article_project\data\raw\pdraw_wave\test\parkinson\V14PO03.png,1,0.961973,1
pdraw_wave,efficientnet_b0,gaussian_blur,5,C:\Users\ramti\Desktop\ramtin legion pc\article_project\data\raw\pdraw_wave\test\healthy\V01HO01.png,0,0.425315,1
pdraw_wave,efficientnet_b0,gaussian_blur,5,C:\Users\ramti\Desktop\ramtin legion pc\article_project\data\raw\pdraw_wave\test\healthy\V02HO01.png,0,0.087513,0
pdraw_wave,efficientnet_b0,gaussian_blur,5,C:\Users\ramti\Desktop\ramtin legion pc\article_project\data\raw\pdraw_wave\test\healthy\V03HO01.png,0,0.136587,0
pdraw_wave,efficientnet_b0,gaussian_blur,5,C:\Users\ramti\Desktop\ramtin legion pc\article_project\data\raw\pdraw_wave\test\healthy\V04HO01.png,0,0.236665,0
pdraw_wave,efficientnet_b0,gaussian_blur,5,C:\Users\ramti\Desktop\ramtin legion pc\article_project\data\raw\pdraw_wave\test\healthy\V05HO01.png,0,0.860616,1
pdraw_wave,efficientnet_b0,gaussian_blur,5,C:\Users\ramti\Desktop\ramtin legion pc\article_project\data\raw\pdraw_wave\test\healthy\V06HO01.png,0,0.752966,1
pdraw_wave,efficientnet_b0,gaussian_blur,5,C:\Users\ramti\Desktop\ramtin legion pc\article_project\data\raw\pdraw_wave\test\healthy\V07HO01.png,0,0.209680,0
pdraw_wave,efficientnet_b0,gaussian_blur,5,C:\Users\ramti\Desktop\ramtin legion pc\article_project\data\raw\pdraw_wave\test\healthy\V08HO01.png,0,0.553078,1
pdraw_wave,efficientnet_b0,gaussian_blur,5,C:\Users\ramti\Desktop\ramtin legion pc\article_project\data\raw\pdraw_wave\test\healthy\V09HO01.png,0,0.331665,0
pdraw_wave,efficientnet_b0,gaussian_blur,5,C:\Users\ramti\Desktop\ramtin legion pc\article_project\data\raw\pdraw_wave\test\healthy\V10HO01.png,0,0.415795,1
pdraw_wave,efficientnet_b0,gaussian_blur,5,C:\Users\ramti\Desktop\ramtin legion pc\article_project\data\raw\pdraw_wave\test\healthy\V11HO01.png,0,0.655457,1
pdraw_wave,efficientnet_b0,gaussian_blur,5,C:\Users\ramti\Desktop\ramtin legion pc\article_project\data\raw\pdraw_wave\test\healthy\V55HO08.png,0,0.158270,0
pdraw_wave,efficientnet_b0,gaussian_blur,5,C:\Users\ramti\Desktop\ramtin legion pc\article_project\data\raw\pdraw_wave\test\healthy\V55HO09.png,0,0.287021,0
pdraw_wave,efficientnet_b0,gaussian_blur,5,C:\Users\ramti\Desktop\ramtin legion pc\article_project\data\raw\pdraw_wave\test\healthy\V55HO10.png,0,0.279937,0
pdraw_wave,efficientnet_b0,gaussian_blur,5,C:\Users\ramti\Desktop\ramtin legion pc\article_project\data\raw\pdraw_wave\test\healthy\V55HO11.png,0,0.397593,0
pdraw_wave,efficientnet_b0,gaussian_blur,5,C:\Users\ramti\Desktop\ramtin legion pc\article_project\data\raw\pdraw_wave\test\parkinson\V01PO01.png,1,0.546064,1
pdraw_wave,efficientnet_b0,gaussian_blur,5,C:\Users\ramti\Desktop\ramtin legion pc\article_project\data\raw\pdraw_wave\test\parkinson\V02PO01.png,1,0.901554,1
pdraw_wave,efficientnet_b0,gaussian_blur,5,C:\Users\ramti\Desktop\ramtin legion pc\article_project\data\raw\pdraw_wave\test\parkinson\V03PO01.png,1,0.968270,1
pdraw_wave,efficientnet_b0,gaussian_blur,5,C:\Users\ramti\Desktop\ramtin legion pc\article_project\data\raw\pdraw_wave\test\parkinson\V03PO04.png,1,0.934499,1
pdraw_wave,efficientnet_b0,gaussian_blur,5,C:\Users\ramti\Desktop\ramtin legion pc\article_project\data\raw\pdraw_wave\test\parkinson\V03PO07.png,1,0.978154,1
pdraw_wave,efficientnet_b0,gaussian_blur,5,C:\Users\ramti\Desktop\ramtin legion pc\article_project\data\raw\pdraw_wave\test\parkinson\V04PO01.png,1,0.955197,1
pdraw_wave,efficientnet_b0,gaussian_blur,5,C:\Users\ramti\Desktop\ramtin legion pc\article_project\data\raw\pdraw_wave\test\parkinson\V05PO01.png,1,0.964725,1
pdraw_wave,efficientnet_b0,gaussian_blur,5,C:\Users\ramti\Desktop\ramtin legion pc\article_project\data\raw\pdraw_wave\test\parkinson\V06PO01.png,1,0.943536,1
pdraw_wave,efficientnet_b0,gaussian_blur,5,C:\Users\ramti\Desktop\ramtin legion pc\article_project\data\raw\pdraw_wave\test\parkinson\V07PO01.png,1,0.970678,1
pdraw_wave,efficientnet_b0,gaussian_blur,5,C:\Users\ramti\Desktop\ramtin legion pc\article_project\data\raw\pdraw_wave\test\parkinson\V08PO01.png,1,0.307534,0
pdraw_wave,efficientnet_b0,gaussian_blur,5,C:\Users\ramti\Desktop\ramtin legion pc\article_project\data\raw\pdraw_wave\test\parkinson\V09PO01.png,1,0.982702,1
pdraw_wave,efficientnet_b0,gaussian_blur,5,C:\Users\ramti\Desktop\ramtin legion pc\article_project\data\raw\pdraw_wave\test\parkinson\V10PO01.png,1,0.816960,1
pdraw_wave,efficientnet_b0,gaussian_blur,5,C:\Users\ramti\Desktop\ramtin legion pc\article_project\data\raw\pdraw_wave\test\parkinson\V11PO01.png,1,0.536512,1
pdraw_wave,efficientnet_b0,gaussian_blur,5,C:\Users\ramti\Desktop\ramtin legion pc\article_project\data\raw\pdraw_wave\test\parkinson\V14PO01.png,1,0.931805,1
pdraw_wave,efficientnet_b0,gaussian_blur,5,C:\Users\ramti\Desktop\ramtin legion pc\article_project\data\raw\pdraw_wave\test\parkinson\V14PO03.png,1,0.944074,1
pdraw_wave,efficientnet_b0,gaussian_noise,1,C:\Users\ramti\Desktop\ramtin legion pc\article_project\data\raw\pdraw_wave\test\healthy\V01HO01.png,0,0.478215,1
pdraw_wave,efficientnet_b0,gaussian_noise,1,C:\Users\ramti\Desktop\ramtin legion pc\article_project\data\raw\pdraw_wave\test\healthy\V02HO01.png,0,0.064565,0
pdraw_wave,efficientnet_b0,gaussian_noise,1,C:\Users\ramti\Desktop\ramtin legion pc\article_project\data\raw\pdraw_wave\test\healthy\V03HO01.png,0,0.134895,0
pdraw_wave,efficientnet_b0,gaussian_noise,1,C:\Users\ramti\Desktop\ramtin legion pc\article_project\data\raw\pdraw_wave\test\healthy\V04HO01.png,0,0.162540,0
pdraw_wave,efficientnet_b0,gaussian_noise,1,C:\Users\ramti\Desktop\ramtin legion pc\article_project\data\raw\pdraw_wave\test\healthy\V05HO01.png,0,0.617096,1
pdraw_wave,efficientnet_b0,gaussian_noise,1,C:\Users\ramti\Desktop\ramtin legion pc\article_project\data\raw\pdraw_wave\test\healthy\V06HO01.png,0,0.402909,1
pdraw_wave,efficientnet_b0,gaussian_noise,1,C:\Users\ramti\Desktop\ramtin legion pc\article_project\data\raw\pdraw_wave\test\healthy\V07HO01.png,0,0.040872,0
pdraw_wave,efficientnet_b0,gaussian_noise,1,C:\Users\ramti\Desktop\ramtin legion pc\article_project\data\raw\pdraw_wave\test\healthy\V08HO01.png,0,0.192191,0
pdraw_wave,efficientnet_b0,gaussian_noise,1,C:\Users\ramti\Desktop\ramtin legion pc\article_project\data\raw\pdraw_wave\test\healthy\V09HO01.png,0,0.182471,0
pdraw_wave,efficientnet_b0,gaussian_noise,1,C:\Users\ramti\Desktop\ramtin legion pc\article_project\data\raw\pdraw_wave\test\healthy\V10HO01.png,0,0.391820,0
pdraw_wave,efficientnet_b0,gaussian_noise,1,C:\Users\ramti\Desktop\ramtin legion pc\article_project\data\raw\pdraw_wave\test\healthy\V11HO01.png,0,0.111771,0
pdraw_wave,efficientnet_b0,gaussian_noise,1,C:\Users\ramti\Desktop\ramtin legion pc\article_project\data\raw\pdraw_wave\test\healthy\V55HO08.png,0,0.087460,0
pdraw_wave,efficientnet_b0,gaussian_noise,1,C:\Users\ramti\Desktop\ramtin legion pc\article_project\data\raw\pdraw_wave\test\healthy\V55HO09.png,0,0.309974,0
pdraw_wave,efficientnet_b0,gaussian_noise,1,C:\Users\ramti\Desktop\ramtin legion pc\article_project\data\raw\pdraw_wave\test\healthy\V55HO10.png,0,0.146708,0
pdraw_wave,efficientnet_b0,gaussian_noise,1,C:\Users\ramti\Desktop\ramtin legion pc\article_project\data\raw\pdraw_wave\test\healthy\V55HO11.png,0,0.356196,0
pdraw_wave,efficientnet_b0,gaussian_noise,1,C:\Users\ramti\Desktop\ramtin legion pc\article_project\data\raw\pdraw_wave\test\parkinson\V01PO01.png,1,0.511491,1
pdraw_wave,efficientnet_b0,gaussian_noise,1,C:\Users\ramti\Desktop\ramtin legion pc\article_project\data\raw\pdraw_wave\test\parkinson\V02PO01.png,1,0.972703,1
pdraw_wave,efficientnet_b0,gaussian_noise,1,C:\Users\ramti\Desktop\ramtin legion pc\article_project\data\raw\pdraw_wave\test\parkinson\V03PO01.png,1,0.909968,1
pdraw_wave,efficientnet_b0,gaussian_noise,1,C:\Users\ramti\Desktop\ramtin legion pc\article_project\data\raw\pdraw_wave\test\parkinson\V03PO04.png,1,0.985639,1
pdraw_wave,efficientnet_b0,gaussian_noise,1,C:\Users\ramti\Desktop\ramtin legion pc\article_project\data\raw\pdraw_wave\test\parkinson\V03PO07.png,1,0.988328,1
pdraw_wave,efficientnet_b0,gaussian_noise,1,C:\Users\ramti\Desktop\ramtin legion pc\article_project\data\raw\pdraw_wave\test\parkinson\V04PO01.png,1,0.984845,1
pdraw_wave,efficientnet_b0,gaussian_noise,1,C:\Users\ramti\Desktop\ramtin legion pc\article_project\data\raw\pdraw_wave\test\parkinson\V05PO01.png,1,0.966161,1
pdraw_wave,efficientnet_b0,gaussian_noise,1,C:\Users\ramti\Desktop\ramtin legion pc\article_project\data\raw\pdraw_wave\test\parkinson\V06PO01.png,1,0.974948,1
pdraw_wave,efficientnet_b0,gaussian_noise,1,C:\Users\ramti\Desktop\ramtin legion pc\article_project\data\raw\pdraw_wave\test\parkinson\V07PO01.png,1,0.989188,1
pdraw_wave,efficientnet_b0,gaussian_noise,1,C:\Users\ramti\Desktop\ramtin legion pc\article_project\data\raw\pdraw_wave\test\parkinson\V08PO01.png,1,0.193323,0
pdraw_wave,efficientnet_b0,gaussian_noise,1,C:\Users\ramti\Desktop\ramtin legion pc\article_project\data\raw\pdraw_wave\test\parkinson\V09PO01.png,1,0.987855,1
pdraw_wave,efficientnet_b0,gaussian_noise,1,C:\Users\ramti\Desktop\ramtin legion pc\article_project\data\raw\pdraw_wave\test\parkinson\V10PO01.png,1,0.787170,1
pdraw_wave,efficientnet_b0,gaussian_noise,1,C:\Users\ramti\Desktop\ramtin legion pc\article_project\data\raw\pdraw_wave\test\parkinson\V11PO01.png,1,0.255700,0
pdraw_wave,efficientnet_b0,gaussian_noise,1,C:\Users\ramti\Desktop\ramtin legion pc\article_project\data\raw\pdraw_wave\test\parkinson\V14PO01.png,1,0.978880,1
pdraw_wave,efficientnet_b0,gaussian_noise,1,C:\Users\ramti\Desktop\ramtin legion pc\article_project\data\raw\pdraw_wave\test\parkinson\V14PO03.png,1,0.981196,1
pdraw_wave,efficientnet_b0,gaussian_noise,2,C:\Users\ramti\Desktop\ramtin legion pc\article_project\data\raw\pdraw_wave\test\healthy\V01HO01.png,0,0.355650,0
pdraw_wave,efficientnet_b0,gaussian_noise,2,C:\Users\ramti\Desktop\ramtin legion pc\article_project\data\raw\pdraw_wave\test\healthy\V02HO01.png,0,0.043327,0
pdraw_wave,efficientnet_b0,gaussian_noise,2,C:\Users\ramti\Desktop\ramtin legion pc\article_project\data\raw\pdraw_wave\test\healthy\V03HO01.png,0,0.129988,0
pdraw_wave,efficientnet_b0,gaussian_noise,2,C:\Users\ramti\Desktop\ramtin legion pc\article_project\data\raw\pdraw_wave\test\healthy\V04HO01.png,0,0.131276,0
pdraw_wave,efficientnet_b0,gaussian_noise,2,C:\Users\ramti\Desktop\ramtin legion pc\article_project\data\raw\pdraw_wave\test\healthy\V05HO01.png,0,0.516551,1
pdraw_wave,efficientnet_b0,gaussian_noise,2,C:\Users\ramti\Desktop\ramtin legion pc\article_project\data\raw\pdraw_wave\test\healthy\V06HO01.png,0,0.371149,0
pdraw_wave,efficientnet_b0,gaussian_noise,2,C:\Users\ramti\Desktop\ramtin legion pc\article_project\data\raw\pdraw_wave\test\healthy\V07HO01.png,0,0.040846,0
pdraw_wave,efficientnet_b0,gaussian_noise,2,C:\Users\ramti\Desktop\ramtin legion pc\article_project\data\raw\pdraw_wave\test\healthy\V08HO01.png,0,0.130700,0
pdraw_wave,efficientnet_b0,gaussian_noise,2,C:\Users\ramti\Desktop\ramtin legion pc\article_project\data\raw\pdraw_wave\test\healthy\V09HO01.png,0,0.179369,0
pdraw_wave,efficientnet_b0,gaussian_noise,2,C:\Users\ramti\Desktop\ramtin legion pc\article_project\data\raw\pdraw_wave\test\healthy\V10HO01.png,0,0.351560,0
pdraw_wave,efficientnet_b0,gaussian_noise,2,C:\Users\ramti\Desktop\ramtin legion pc\article_project\data\raw\pdraw_wave\test\healthy\V11HO01.png,0,0.080558,0
pdraw_wave,efficientnet_b0,gaussian_noise,2,C:\Users\ramti\Desktop\ramtin legion pc\article_project\data\raw\pdraw_wave\test\healthy\V55HO08.png,0,0.059165,0
pdraw_wave,efficientnet_b0,gaussian_noise,2,C:\Users\ramti\Desktop\ramtin legion pc\article_project\data\raw\pdraw_wave\test\healthy\V55HO09.png,0,0.284632,0
pdraw_wave,efficientnet_b0,gaussian_noise,2,C:\Users\ramti\Desktop\ramtin legion pc\article_project\data\raw\pdraw_wave\test\healthy\V55HO10.png,0,0.093750,0
pdraw_wave,efficientnet_b0,gaussian_noise,2,C:\Users\ramti\Desktop\ramtin legion pc\article_project\data\raw\pdraw_wave\test\healthy\V55HO11.png,0,0.241516,0
pdraw_wave,efficientnet_b0,gaussian_noise,2,C:\Users\ramti\Desktop\ramtin legion pc\article_project\data\raw\pdraw_wave\test\parkinson\V01PO01.png,1,0.569640,1
pdraw_wave,efficientnet_b0,gaussian_noise,2,C:\Users\ramti\Desktop\ramtin legion pc\article_project\data\raw\pdraw_wave\test\parkinson\V02PO01.png,1,0.956163,1
pdraw_wave,efficientnet_b0,gaussian_noise,2,C:\Users\ramti\Desktop\ramtin legion pc\article_project\data\raw\pdraw_wave\test\parkinson\V03PO01.png,1,0.896569,1
pdraw_wave,efficientnet_b0,gaussian_noise,2,C:\Users\ramti\Desktop\ramtin legion pc\article_project\data\raw\pdraw_wave\test\parkinson\V03PO04.png,1,0.983411,1
pdraw_wave,efficientnet_b0,gaussian_noise,2,C:\Users\ramti\Desktop\ramtin legion pc\article_project\data\raw\pdraw_wave\test\parkinson\V03PO07.png,1,0.977771,1
pdraw_wave,efficientnet_b0,gaussian_noise,2,C:\Users\ramti\Desktop\ramtin legion pc\article_project\data\raw\pdraw_wave\test\parkinson\V04PO01.png,1,0.974952,1
pdraw_wave,efficientnet_b0,gaussian_noise,2,C:\Users\ramti\Desktop\ramtin legion pc\article_project\data\raw\pdraw_wave\test\parkinson\V05PO01.png,1,0.956516,1
pdraw_wave,efficientnet_b0,gaussian_noise,2,C:\Users\ramti\Desktop\ramtin legion pc\article_project\data\raw\pdraw_wave\test\parkinson\V06PO01.png,1,0.955166,1
pdraw_wave,efficientnet_b0,gaussian_noise,2,C:\Users\ramti\Desktop\ramtin legion pc\article_project\data\raw\pdraw_wave\test\parkinson\V07PO01.png,1,0.985463,1
pdraw_wave,efficientnet_b0,gaussian_noise,2,C:\Users\ramti\Desktop\ramtin legion pc\article_project\data\raw\pdraw_wave\test\parkinson\V08PO01.png,1,0.143525,0
pdraw_wave,efficientnet_b0,gaussian_noise,2,C:\Users\ramti\Desktop\ramtin legion pc\article_project\data\raw\pdraw_wave\test\parkinson\V09PO01.png,1,0.987540,1
pdraw_wave,efficientnet_b0,gaussian_noise,2,C:\Users\ramti\Desktop\ramtin legion pc\article_project\data\raw\pdraw_wave\test\parkinson\V10PO01.png,1,0.723489,1
pdraw_wave,efficientnet_b0,gaussian_noise,2,C:\Users\ramti\Desktop\ramtin legion pc\article_project\data\raw\pdraw_wave\test\parkinson\V11PO01.png,1,0.232890,0
pdraw_wave,efficientnet_b0,gaussian_noise,2,C:\Users\ramti\Desktop\ramtin legion pc\article_project\data\raw\pdraw_wave\test\parkinson\V14PO01.png,1,0.970399,1
pdraw_wave,efficientnet_b0,gaussian_noise,2,C:\Users\ramti\Desktop\ramtin legion pc\article_project\data\raw\pdraw_wave\test\parkinson\V14PO03.png,1,0.971300,1
pdraw_wave,efficientnet_b0,gaussian_noise,3,C:\Users\ramti\Desktop\ramtin legion pc\article_project\data\raw\pdraw_wave\test\healthy\V01HO01.png,0,0.329511,0
pdraw_wave,efficientnet_b0,gaussian_noise,3,C:\Users\ramti\Desktop\ramtin legion pc\article_project\data\raw\pdraw_wave\test\healthy\V02HO01.png,0,0.058023,0
pdraw_wave,efficientnet_b0,gaussian_noise,3,C:\Users\ramti\Desktop\ramtin legion pc\article_project\data\raw\pdraw_wave\test\healthy\V03HO01.png,0,0.171805,0
pdraw_wave,efficientnet_b0,gaussian_noise,3,C:\Users\ramti\Desktop\ramtin legion pc\article_project\data\raw\pdraw_wave\test\healthy\V04HO01.png,0,0.113372,0
pdraw_wave,efficientnet_b0,gaussian_noise,3,C:\Users\ramti\Desktop\ramtin legion pc\article_project\data\raw\pdraw_wave\test\healthy\V05HO01.png,0,0.468085,1
pdraw_wave,efficientnet_b0,gaussian_noise,3,C:\Users\ramti\Desktop\ramtin legion pc\article_project\data\raw\pdraw_wave\test\healthy\V06HO01.png,0,0.272120,0
pdraw_wave,efficientnet_b0,gaussian_noise,3,C:\Users\ramti\Desktop\ramtin legion pc\article_project\data\raw\pdraw_wave\test\healthy\V07HO01.png,0,0.055694,0
pdraw_wave,efficientnet_b0,gaussian_noise,3,C:\Users\ramti\Desktop\ramtin legion pc\article_project\data\raw\pdraw_wave\test\healthy\V08HO01.png,0,0.156847,0
pdraw_wave,efficientnet_b0,gaussian_noise,3,C:\Users\ramti\Desktop\ramtin legion pc\article_project\data\raw\pdraw_wave\test\healthy\V09HO01.png,0,0.195015,0
pdraw_wave,efficientnet_b0,gaussian_noise,3,C:\Users\ramti\Desktop\ramtin legion pc\article_project\data\raw\pdraw_wave\test\healthy\V10HO01.png,0,0.267765,0
pdraw_wave,efficientnet_b0,gaussian_noise,3,C:\Users\ramti\Desktop\ramtin legion pc\article_project\data\raw\pdraw_wave\test\healthy\V11HO01.png,0,0.108467,0
pdraw_wave,efficientnet_b0,gaussian_noise,3,C:\Users\ramti\Desktop\ramtin legion pc\article_project\data\raw\pdraw_wave\test\healthy\V55HO08.png,0,0.059802,0
pdraw_wave,efficientnet_b0,gaussian_noise,3,C:\Users\ramti\Desktop\ramtin legion pc\article_project\data\raw\pdraw_wave\test\healthy\V55HO09.png,0,0.244953,0
pdraw_wave,efficientnet_b0,gaussian_noise,3,C:\Users\ramti\Desktop\ramtin legion pc\article_project\data\raw\pdraw_wave\test\healthy\V55HO10.png,0,0.099468,0
pdraw_wave,efficientnet_b0,gaussian_noise,3,C:\Users\ramti\Desktop\ramtin legion pc\article_project\data\raw\pdraw_wave\test\healthy\V55HO11.png,0,0.181404,0
pdraw_wave,efficientnet_b0,gaussian_noise,3,C:\Users\ramti\Desktop\ramtin legion pc\article_project\data\raw\pdraw_wave\test\parkinson\V01PO01.png,1,0.568857,1
pdraw_wave,efficientnet_b0,gaussian_noise,3,C:\Users\ramti\Desktop\ramtin legion pc\article_project\data\raw\pdraw_wave\test\parkinson\V02PO01.png,1,0.935631,1
pdraw_wave,efficientnet_b0,gaussian_noise,3,C:\Users\ramti\Desktop\ramtin legion pc\article_project\data\raw\pdraw_wave\test\parkinson\V03PO01.png,1,0.882170,1
pdraw_wave,efficientnet_b0,gaussian_noise,3,C:\Users\ramti\Desktop\ramtin legion pc\article_project\data\raw\pdraw_wave\test\parkinson\V03PO04.png,1,0.983329,1
pdraw_wave,efficientnet_b0,gaussian_noise,3,C:\Users\ramti\Desktop\ramtin legion pc\article_project\data\raw\pdraw_wave\test\parkinson\V03PO07.png,1,0.969219,1
pdraw_wave,efficientnet_b0,gaussian_noise,3,C:\Users\ramti\Desktop\ramtin legion pc\article_project\data\raw\pdraw_wave\test\parkinson\V04PO01.png,1,0.965599,1
pdraw_wave,efficientnet_b0,gaussian_noise,3,C:\Users\ramti\Desktop\ramtin legion pc\article_project\data\raw\pdraw_wave\test\parkinson\V05PO01.png,1,0.951859,1
pdraw_wave,efficientnet_b0,gaussian_noise,3,C:\Users\ramti\Desktop\ramtin legion pc\article_project\data\raw\pdraw_wave\test\parkinson\V06PO01.png,1,0.899825,1
pdraw_wave,efficientnet_b0,gaussian_noise,3,C:\Users\ramti\Desktop\ramtin legion pc\article_project\data\raw\pdraw_wave\test\parkinson\V07PO01.png,1,0.981941,1
pdraw_wave,efficientnet_b0,gaussian_noise,3,C:\Users\ramti\Desktop\ramtin legion pc\article_project\data\raw\pdraw_wave\test\parkinson\V08PO01.png,1,0.103351,0
pdraw_wave,efficientnet_b0,gaussian_noise,3,C:\Users\ramti\Desktop\ramtin legion pc\article_project\data\raw\pdraw_wave\test\parkinson\V09PO01.png,1,0.980554,1
pdraw_wave,efficientnet_b0,gaussian_noise,3,C:\Users\ramti\Desktop\ramtin legion pc\article_project\data\raw\pdraw_wave\test\parkinson\V10PO01.png,1,0.585197,1
pdraw_wave,efficientnet_b0,gaussian_noise,3,C:\Users\ramti\Desktop\ramtin legion pc\article_project\data\raw\pdraw_wave\test\parkinson\V11PO01.png,1,0.299761,0
pdraw_wave,efficientnet_b0,gaussian_noise,3,C:\Users\ramti\Desktop\ramtin legion pc\article_project\data\raw\pdraw_wave\test\parkinson\V14PO01.png,1,0.965853,1
pdraw_wave,efficientnet_b0,gaussian_noise,3,C:\Users\ramti\Desktop\ramtin legion pc\article_project\data\raw\pdraw_wave\test\parkinson\V14PO03.png,1,0.966758,1
pdraw_wave,efficientnet_b0,gaussian_noise,4,C:\Users\ramti\Desktop\ramtin legion pc\article_project\data\raw\pdraw_wave\test\healthy\V01HO01.png,0,0.246682,0
pdraw_wave,efficientnet_b0,gaussian_noise,4,C:\Users\ramti\Desktop\ramtin legion pc\article_project\data\raw\pdraw_wave\test\healthy\V02HO01.png,0,0.054099,0
pdraw_wave,efficientnet_b0,gaussian_noise,4,C:\Users\ramti\Desktop\ramtin legion pc\article_project\data\raw\pdraw_wave\test\healthy\V03HO01.png,0,0.079052,0
pdraw_wave,efficientnet_b0,gaussian_noise,4,C:\Users\ramti\Desktop\ramtin legion pc\article_project\data\raw\pdraw_wave\test\healthy\V04HO01.png,0,0.107294,0
pdraw_wave,efficientnet_b0,gaussian_noise,4,C:\Users\ramti\Desktop\ramtin legion pc\article_project\data\raw\pdraw_wave\test\healthy\V05HO01.png,0,0.420145,1
pdraw_wave,efficientnet_b0,gaussian_noise,4,C:\Users\ramti\Desktop\ramtin legion pc\article_project\data\raw\pdraw_wave\test\healthy\V06HO01.png,0,0.327495,0
pdraw_wave,efficientnet_b0,gaussian_noise,4,C:\Users\ramti\Desktop\ramtin legion pc\article_project\data\raw\pdraw_wave\test\healthy\V07HO01.png,0,0.031642,0
pdraw_wave,efficientnet_b0,gaussian_noise,4,C:\Users\ramti\Desktop\ramtin legion pc\article_project\data\raw\pdraw_wave\test\healthy\V08HO01.png,0,0.166552,0
pdraw_wave,efficientnet_b0,gaussian_noise,4,C:\Users\ramti\Desktop\ramtin legion pc\article_project\data\raw\pdraw_wave\test\healthy\V09HO01.png,0,0.148973,0
pdraw_wave,efficientnet_b0,gaussian_noise,4,C:\Users\ramti\Desktop\ramtin legion pc\article_project\data\raw\pdraw_wave\test\healthy\V10HO01.png,0,0.273543,0
pdraw_wave,efficientnet_b0,gaussian_noise,4,C:\Users\ramti\Desktop\ramtin legion pc\article_project\data\raw\pdraw_wave\test\healthy\V11HO01.png,0,0.118943,0
pdraw_wave,efficientnet_b0,gaussian_noise,4,C:\Users\ramti\Desktop\ramtin legion pc\article_project\data\raw\pdraw_wave\test\healthy\V55HO08.png,0,0.061173,0
pdraw_wave,efficientnet_b0,gaussian_noise,4,C:\Users\ramti\Desktop\ramtin legion pc\article_project\data\raw\pdraw_wave\test\healthy\V55HO09.png,0,0.228636,0
pdraw_wave,efficientnet_b0,gaussian_noise,4,C:\Users\ramti\Desktop\ramtin legion pc\article_project\data\raw\pdraw_wave\test\healthy\V55HO10.png,0,0.088512,0
pdraw_wave,efficientnet_b0,gaussian_noise,4,C:\Users\ramti\Desktop\ramtin legion pc\article_project\data\raw\pdraw_wave\test\healthy\V55HO11.png,0,0.206650,0
pdraw_wave,efficientnet_b0,gaussian_noise,4,C:\Users\ramti\Desktop\ramtin legion pc\article_project\data\raw\pdraw_wave\test\parkinson\V01PO01.png,1,0.577728,1
pdraw_wave,efficientnet_b0,gaussian_noise,4,C:\Users\ramti\Desktop\ramtin legion pc\article_project\data\raw\pdraw_wave\test\parkinson\V02PO01.png,1,0.906779,1
pdraw_wave,efficientnet_b0,gaussian_noise,4,C:\Users\ramti\Desktop\ramtin legion pc\article_project\data\raw\pdraw_wave\test\parkinson\V03PO01.png,1,0.845103,1
pdraw_wave,efficientnet_b0,gaussian_noise,4,C:\Users\ramti\Desktop\ramtin legion pc\article_project\data\raw\pdraw_wave\test\parkinson\V03PO04.png,1,0.978390,1
pdraw_wave,efficientnet_b0,gaussian_noise,4,C:\Users\ramti\Desktop\ramtin legion pc\article_project\data\raw\pdraw_wave\test\parkinson\V03PO07.png,1,0.967482,1
pdraw_wave,efficientnet_b0,gaussian_noise,4,C:\Users\ramti\Desktop\ramtin legion pc\article_project\data\raw\pdraw_wave\test\parkinson\V04PO01.png,1,0.959513,1
pdraw_wave,efficientnet_b0,gaussian_noise,4,C:\Users\ramti\Desktop\ramtin legion pc\article_project\data\raw\pdraw_wave\test\parkinson\V05PO01.png,1,0.964564,1
pdraw_wave,efficientnet_b0,gaussian_noise,4,C:\Users\ramti\Desktop\ramtin legion pc\article_project\data\raw\pdraw_wave\test\parkinson\V06PO01.png,1,0.922899,1
pdraw_wave,efficientnet_b0,gaussian_noise,4,C:\Users\ramti\Desktop\ramtin legion pc\article_project\data\raw\pdraw_wave\test\parkinson\V07PO01.png,1,0.976372,1
pdraw_wave,efficientnet_b0,gaussian_noise,4,C:\Users\ramti\Desktop\ramtin legion pc\article_project\data\raw\pdraw_wave\test\parkinson\V08PO01.png,1,0.117229,0
pdraw_wave,efficientnet_b0,gaussian_noise,4,C:\Users\ramti\Desktop\ramtin legion pc\article_project\data\raw\pdraw_wave\test\parkinson\V09PO01.png,1,0.974821,1
pdraw_wave,efficientnet_b0,gaussian_noise,4,C:\Users\ramti\Desktop\ramtin legion pc\article_project\data\raw\pdraw_wave\test\parkinson\V10PO01.png,1,0.629599,1
pdraw_wave,efficientnet_b0,gaussian_noise,4,C:\Users\ramti\Desktop\ramtin legion pc\article_project\data\raw\pdraw_wave\test\parkinson\V11PO01.png,1,0.302180,0
pdraw_wave,efficientnet_b0,gaussian_noise,4,C:\Users\ramti\Desktop\ramtin legion pc\article_project\data\raw\pdraw_wave\test\parkinson\V14PO01.png,1,0.949159,1
pdraw_wave,efficientnet_b0,gaussian_noise,4,C:\Users\ramti\Desktop\ramtin legion pc\article_project\data\raw\pdraw_wave\test\parkinson\V14PO03.png,1,0.962183,1
pdraw_wave,efficientnet_b0,gaussian_noise,5,C:\Users\ramti\Desktop\ramtin legion pc\article_project\data\raw\pdraw_wave\test\healthy\V01HO01.png,0,0.194602,0
pdraw_wave,efficientnet_b0,gaussian_noise,5,C:\Users\ramti\Desktop\ramtin legion pc\article_project\data\raw\pdraw_wave\test\healthy\V02HO01.png,0,0.061017,0
pdraw_wave,efficientnet_b0,gaussian_noise,5,C:\Users\ramti\Desktop\ramtin legion pc\article_project\data\raw\pdraw_wave\test\healthy\V03HO01.png,0,0.080232,0
pdraw_wave,efficientnet_b0,gaussian_noise,5,C:\Users\ramti\Desktop\ramtin legion pc\article_project\data\raw\pdraw_wave\test\healthy\V04HO01.png,0,0.113298,0
pdraw_wave,efficientnet_b0,gaussian_noise,5,C:\Users\ramti\Desktop\ramtin legion pc\article_project\data\raw\pdraw_wave\test\healthy\V05HO01.png,0,0.501997,1
pdraw_wave,efficientnet_b0,gaussian_noise,5,C:\Users\ramti\Desktop\ramtin legion pc\article_project\data\raw\pdraw_wave\test\healthy\V06HO01.png,0,0.264029,0
pdraw_wave,efficientnet_b0,gaussian_noise,5,C:\Users\ramti\Desktop\ramtin legion pc\article_project\data\raw\pdraw_wave\test\healthy\V07HO01.png,0,0.024469,0
pdraw_wave,efficientnet_b0,gaussian_noise,5,C:\Users\ramti\Desktop\ramtin legion pc\article_project\data\raw\pdraw_wave\test\healthy\V08HO01.png,0,0.215568,0
pdraw_wave,efficientnet_b0,gaussian_noise,5,C:\Users\ramti\Desktop\ramtin legion pc\article_project\data\raw\pdraw_wave\test\healthy\V09HO01.png,0,0.139109,0
pdraw_wave,efficientnet_b0,gaussian_noise,5,C:\Users\ramti\Desktop\ramtin legion pc\article_project\data\raw\pdraw_wave\test\healthy\V10HO01.png,0,0.446729,1
pdraw_wave,efficientnet_b0,gaussian_noise,5,C:\Users\ramti\Desktop\ramtin legion pc\article_project\data\raw\pdraw_wave\test\healthy\V11HO01.png,0,0.090471,0
pdraw_wave,efficientnet_b0,gaussian_noise,5,C:\Users\ramti\Desktop\ramtin legion pc\article_project\data\raw\pdraw_wave\test\healthy\V55HO08.png,0,0.057751,0
pdraw_wave,efficientnet_b0,gaussian_noise,5,C:\Users\ramti\Desktop\ramtin legion pc\article_project\data\raw\pdraw_wave\test\healthy\V55HO09.png,0,0.139696,0
pdraw_wave,efficientnet_b0,gaussian_noise,5,C:\Users\ramti\Desktop\ramtin legion pc\article_project\data\raw\pdraw_wave\test\healthy\V55HO10.png,0,0.074594,0
pdraw_wave,efficientnet_b0,gaussian_noise,5,C:\Users\ramti\Desktop\ramtin legion pc\article_project\data\raw\pdraw_wave\test\healthy\V55HO11.png,0,0.110977,0
pdraw_wave,efficientnet_b0,gaussian_noise,5,C:\Users\ramti\Desktop\ramtin legion pc\article_project\data\raw\pdraw_wave\test\parkinson\V01PO01.png,1,0.576855,1
pdraw_wave,efficientnet_b0,gaussian_noise,5,C:\Users\ramti\Desktop\ramtin legion pc\article_project\data\raw\pdraw_wave\test\parkinson\V02PO01.png,1,0.831289,1
pdraw_wave,efficientnet_b0,gaussian_noise,5,C:\Users\ramti\Desktop\ramtin legion pc\article_project\data\raw\pdraw_wave\test\parkinson\V03PO01.png,1,0.791158,1
pdraw_wave,efficientnet_b0,gaussian_noise,5,C:\Users\ramti\Desktop\ramtin legion pc\article_project\data\raw\pdraw_wave\test\parkinson\V03PO04.png,1,0.969676,1
pdraw_wave,efficientnet_b0,gaussian_noise,5,C:\Users\ramti\Desktop\ramtin legion pc\article_project\data\raw\pdraw_wave\test\parkinson\V03PO07.png,1,0.970574,1
pdraw_wave,efficientnet_b0,gaussian_noise,5,C:\Users\ramti\Desktop\ramtin legion pc\article_project\data\raw\pdraw_wave\test\parkinson\V04PO01.png,1,0.949964,1
pdraw_wave,efficientnet_b0,gaussian_noise,5,C:\Users\ramti\Desktop\ramtin legion pc\article_project\data\raw\pdraw_wave\test\parkinson\V05PO01.png,1,0.968260,1
pdraw_wave,efficientnet_b0,gaussian_noise,5,C:\Users\ramti\Desktop\ramtin legion pc\article_project\data\raw\pdraw_wave\test\parkinson\V06PO01.png,1,0.952569,1
pdraw_wave,efficientnet_b0,gaussian_noise,5,C:\Users\ramti\Desktop\ramtin legion pc\article_project\data\raw\pdraw_wave\test\parkinson\V07PO01.png,1,0.975137,1
pdraw_wave,efficientnet_b0,gaussian_noise,5,C:\Users\ramti\Desktop\ramtin legion pc\article_project\data\raw\pdraw_wave\test\parkinson\V08PO01.png,1,0.071393,0
pdraw_wave,efficientnet_b0,gaussian_noise,5,C:\Users\ramti\Desktop\ramtin legion pc\article_project\data\raw\pdraw_wave\test\parkinson\V09PO01.png,1,0.960083,1
pdraw_wave,efficientnet_b0,gaussian_noise,5,C:\Users\ramti\Desktop\ramtin legion pc\article_project\data\raw\pdraw_wave\test\parkinson\V10PO01.png,1,0.620994,1
pdraw_wave,efficientnet_b0,gaussian_noise,5,C:\Users\ramti\Desktop\ramtin legion pc\article_project\data\raw\pdraw_wave\test\parkinson\V11PO01.png,1,0.236784,0
pdraw_wave,efficientnet_b0,gaussian_noise,5,C:\Users\ramti\Desktop\ramtin legion pc\article_project\data\raw\pdraw_wave\test\parkinson\V14PO01.png,1,0.938578,1
pdraw_wave,efficientnet_b0,gaussian_noise,5,C:\Users\ramti\Desktop\ramtin legion pc\article_project\data\raw\pdraw_wave\test\parkinson\V14PO03.png,1,0.966527,1
pdraw_wave,efficientnet_b0,contrast,1,C:\Users\ramti\Desktop\ramtin legion pc\article_project\data\raw\pdraw_wave\test\healthy\V01HO01.png,0,0.508950,1
pdraw_wave,efficientnet_b0,contrast,1,C:\Users\ramti\Desktop\ramtin legion pc\article_project\data\raw\pdraw_wave\test\healthy\V02HO01.png,0,0.058929,0
pdraw_wave,efficientnet_b0,contrast,1,C:\Users\ramti\Desktop\ramtin legion pc\article_project\data\raw\pdraw_wave\test\healthy\V03HO01.png,0,0.083349,0
pdraw_wave,efficientnet_b0,contrast,1,C:\Users\ramti\Desktop\ramtin legion pc\article_project\data\raw\pdraw_wave\test\healthy\V04HO01.png,0,0.087523,0
pdraw_wave,efficientnet_b0,contrast,1,C:\Users\ramti\Desktop\ramtin legion pc\article_project\data\raw\pdraw_wave\test\healthy\V05HO01.png,0,0.509040,1
pdraw_wave,efficientnet_b0,contrast,1,C:\Users\ramti\Desktop\ramtin legion pc\article_project\data\raw\pdraw_wave\test\healthy\V06HO01.png,0,0.245644,0
pdraw_wave,efficientnet_b0,contrast,1,C:\Users\ramti\Desktop\ramtin legion pc\article_project\data\raw\pdraw_wave\test\healthy\V07HO01.png,0,0.034519,0
pdraw_wave,efficientnet_b0,contrast,1,C:\Users\ramti\Desktop\ramtin legion pc\article_project\data\raw\pdraw_wave\test\healthy\V08HO01.png,0,0.094113,0
pdraw_wave,efficientnet_b0,contrast,1,C:\Users\ramti\Desktop\ramtin legion pc\article_project\data\raw\pdraw_wave\test\healthy\V09HO01.png,0,0.108253,0
pdraw_wave,efficientnet_b0,contrast,1,C:\Users\ramti\Desktop\ramtin legion pc\article_project\data\raw\pdraw_wave\test\healthy\V10HO01.png,0,0.372353,0
pdraw_wave,efficientnet_b0,contrast,1,C:\Users\ramti\Desktop\ramtin legion pc\article_project\data\raw\pdraw_wave\test\healthy\V11HO01.png,0,0.047901,0
pdraw_wave,efficientnet_b0,contrast,1,C:\Users\ramti\Desktop\ramtin legion pc\article_project\data\raw\pdraw_wave\test\healthy\V55HO08.png,0,0.075971,0
pdraw_wave,efficientnet_b0,contrast,1,C:\Users\ramti\Desktop\ramtin legion pc\article_project\data\raw\pdraw_wave\test\healthy\V55HO09.png,0,0.236284,0
pdraw_wave,efficientnet_b0,contrast,1,C:\Users\ramti\Desktop\ramtin legion pc\article_project\data\raw\pdraw_wave\test\healthy\V55HO10.png,0,0.158167,0
pdraw_wave,efficientnet_b0,contrast,1,C:\Users\ramti\Desktop\ramtin legion pc\article_project\data\raw\pdraw_wave\test\healthy\V55HO11.png,0,0.294856,0
pdraw_wave,efficientnet_b0,contrast,1,C:\Users\ramti\Desktop\ramtin legion pc\article_project\data\raw\pdraw_wave\test\parkinson\V01PO01.png,1,0.337061,0
pdraw_wave,efficientnet_b0,contrast,1,C:\Users\ramti\Desktop\ramtin legion pc\article_project\data\raw\pdraw_wave\test\parkinson\V02PO01.png,1,0.957365,1
pdraw_wave,efficientnet_b0,contrast,1,C:\Users\ramti\Desktop\ramtin legion pc\article_project\data\raw\pdraw_wave\test\parkinson\V03PO01.png,1,0.891593,1
pdraw_wave,efficientnet_b0,contrast,1,C:\Users\ramti\Desktop\ramtin legion pc\article_project\data\raw\pdraw_wave\test\parkinson\V03PO04.png,1,0.977831,1
pdraw_wave,efficientnet_b0,contrast,1,C:\Users\ramti\Desktop\ramtin legion pc\article_project\data\raw\pdraw_wave\test\parkinson\V03PO07.png,1,0.961973,1
pdraw_wave,efficientnet_b0,contrast,1,C:\Users\ramti\Desktop\ramtin legion pc\article_project\data\raw\pdraw_wave\test\parkinson\V04PO01.png,1,0.980284,1
pdraw_wave,efficientnet_b0,contrast,1,C:\Users\ramti\Desktop\ramtin legion pc\article_project\data\raw\pdraw_wave\test\parkinson\V05PO01.png,1,0.948956,1
pdraw_wave,efficientnet_b0,contrast,1,C:\Users\ramti\Desktop\ramtin legion pc\article_project\data\raw\pdraw_wave\test\parkinson\V06PO01.png,1,0.918320,1
pdraw_wave,efficientnet_b0,contrast,1,C:\Users\ramti\Desktop\ramtin legion pc\article_project\data\raw\pdraw_wave\test\parkinson\V07PO01.png,1,0.986970,1
pdraw_wave,efficientnet_b0,contrast,1,C:\Users\ramti\Desktop\ramtin legion pc\article_project\data\raw\pdraw_wave\test\parkinson\V08PO01.png,1,0.119704,0
pdraw_wave,efficientnet_b0,contrast,1,C:\Users\ramti\Desktop\ramtin legion pc\article_project\data\raw\pdraw_wave\test\parkinson\V09PO01.png,1,0.981711,1
pdraw_wave,efficientnet_b0,contrast,1,C:\Users\ramti\Desktop\ramtin legion pc\article_project\data\raw\pdraw_wave\test\parkinson\V10PO01.png,1,0.782083,1
pdraw_wave,efficientnet_b0,contrast,1,C:\Users\ramti\Desktop\ramtin legion pc\article_project\data\raw\pdraw_wave\test\parkinson\V11PO01.png,1,0.237830,0
pdraw_wave,efficientnet_b0,contrast,1,C:\Users\ramti\Desktop\ramtin legion pc\article_project\data\raw\pdraw_wave\test\parkinson\V14PO01.png,1,0.967783,1
pdraw_wave,efficientnet_b0,contrast,1,C:\Users\ramti\Desktop\ramtin legion pc\article_project\data\raw\pdraw_wave\test\parkinson\V14PO03.png,1,0.975606,1
pdraw_wave,efficientnet_b0,contrast,2,C:\Users\ramti\Desktop\ramtin legion pc\article_project\data\raw\pdraw_wave\test\healthy\V01HO01.png,0,0.552321,1
pdraw_wave,efficientnet_b0,contrast,2,C:\Users\ramti\Desktop\ramtin legion pc\article_project\data\raw\pdraw_wave\test\healthy\V02HO01.png,0,0.074393,0
pdraw_wave,efficientnet_b0,contrast,2,C:\Users\ramti\Desktop\ramtin legion pc\article_project\data\raw\pdraw_wave\test\healthy\V03HO01.png,0,0.124954,0
pdraw_wave,efficientnet_b0,contrast,2,C:\Users\ramti\Desktop\ramtin legion pc\article_project\data\raw\pdraw_wave\test\healthy\V04HO01.png,0,0.118488,0
pdraw_wave,efficientnet_b0,contrast,2,C:\Users\ramti\Desktop\ramtin legion pc\article_project\data\raw\pdraw_wave\test\healthy\V05HO01.png,0,0.589442,1
pdraw_wave,efficientnet_b0,contrast,2,C:\Users\ramti\Desktop\ramtin legion pc\article_project\data\raw\pdraw_wave\test\healthy\V06HO01.png,0,0.348381,0
pdraw_wave,efficientnet_b0,contrast,2,C:\Users\ramti\Desktop\ramtin legion pc\article_project\data\raw\pdraw_wave\test\healthy\V07HO01.png,0,0.036278,0
pdraw_wave,efficientnet_b0,contrast,2,C:\Users\ramti\Desktop\ramtin legion pc\article_project\data\raw\pdraw_wave\test\healthy\V08HO01.png,0,0.149172,0
pdraw_wave,efficientnet_b0,contrast,2,C:\Users\ramti\Desktop\ramtin legion pc\article_project\data\raw\pdraw_wave\test\healthy\V09HO01.png,0,0.139949,0
pdraw_wave,efficientnet_b0,contrast,2,C:\Users\ramti\Desktop\ramtin legion pc\article_project\data\raw\pdraw_wave\test\healthy\V10HO01.png,0,0.400864,1
pdraw_wave,efficientnet_b0,contrast,2,C:\Users\ramti\Desktop\ramtin legion pc\article_project\data\raw\pdraw_wave\test\healthy\V11HO01.png,0,0.085293,0
pdraw_wave,efficientnet_b0,contrast,2,C:\Users\ramti\Desktop\ramtin legion pc\article_project\data\raw\pdraw_wave\test\healthy\V55HO08.png,0,0.086694,0
pdraw_wave,efficientnet_b0,contrast,2,C:\Users\ramti\Desktop\ramtin legion pc\article_project\data\raw\pdraw_wave\test\healthy\V55HO09.png,0,0.278808,0
pdraw_wave,efficientnet_b0,contrast,2,C:\Users\ramti\Desktop\ramtin legion pc\article_project\data\raw\pdraw_wave\test\healthy\V55HO10.png,0,0.154550,0
pdraw_wave,efficientnet_b0,contrast,2,C:\Users\ramti\Desktop\ramtin legion pc\article_project\data\raw\pdraw_wave\test\healthy\V55HO11.png,0,0.363498,0
pdraw_wave,efficientnet_b0,contrast,2,C:\Users\ramti\Desktop\ramtin legion pc\article_project\data\raw\pdraw_wave\test\parkinson\V01PO01.png,1,0.425030,1
pdraw_wave,efficientnet_b0,contrast,2,C:\Users\ramti\Desktop\ramtin legion pc\article_project\data\raw\pdraw_wave\test\parkinson\V02PO01.png,1,0.967995,1
pdraw_wave,efficientnet_b0,contrast,2,C:\Users\ramti\Desktop\ramtin legion pc\article_project\data\raw\pdraw_wave\test\parkinson\V03PO01.png,1,0.910705,1
pdraw_wave,efficientnet_b0,contrast,2,C:\Users\ramti\Desktop\ramtin legion pc\article_project\data\raw\pdraw_wave\test\parkinson\V03PO04.png,1,0.984414,1
pdraw_wave,efficientnet_b0,contrast,2,C:\Users\ramti\Desktop\ramtin legion pc\article_project\data\raw\pdraw_wave\test\parkinson\V03PO07.png,1,0.980927,1
pdraw_wave,efficientnet_b0,contrast,2,C:\Users\ramti\Desktop\ramtin legion pc\article_project\data\raw\pdraw_wave\test\parkinson\V04PO01.png,1,0.985039,1
pdraw_wave,efficientnet_b0,contrast,2,C:\Users\ramti\Desktop\ramtin legion pc\article_project\data\raw\pdraw_wave\test\parkinson\V05PO01.png,1,0.964132,1
pdraw_wave,efficientnet_b0,contrast,2,C:\Users\ramti\Desktop\ramtin legion pc\article_project\data\raw\pdraw_wave\test\parkinson\V06PO01.png,1,0.961645,1
pdraw_wave,efficientnet_b0,contrast,2,C:\Users\ramti\Desktop\ramtin legion pc\article_project\data\raw\pdraw_wave\test\parkinson\V07PO01.png,1,0.988728,1
pdraw_wave,efficientnet_b0,contrast,2,C:\Users\ramti\Desktop\ramtin legion pc\article_project\data\raw\pdraw_wave\test\parkinson\V08PO01.png,1,0.169217,0
pdraw_wave,efficientnet_b0,contrast,2,C:\Users\ramti\Desktop\ramtin legion pc\article_project\data\raw\pdraw_wave\test\parkinson\V09PO01.png,1,0.984623,1
pdraw_wave,efficientnet_b0,contrast,2,C:\Users\ramti\Desktop\ramtin legion pc\article_project\data\raw\pdraw_wave\test\parkinson\V10PO01.png,1,0.777624,1
pdraw_wave,efficientnet_b0,contrast,2,C:\Users\ramti\Desktop\ramtin legion pc\article_project\data\raw\pdraw_wave\test\parkinson\V11PO01.png,1,0.286015,0
pdraw_wave,efficientnet_b0,contrast,2,C:\Users\ramti\Desktop\ramtin legion pc\article_project\data\raw\pdraw_wave\test\parkinson\V14PO01.png,1,0.974629,1
pdraw_wave,efficientnet_b0,contrast,2,C:\Users\ramti\Desktop\ramtin legion pc\article_project\data\raw\pdraw_wave\test\parkinson\V14PO03.png,1,0.981232,1
pdraw_wave,efficientnet_b0,contrast,3,C:\Users\ramti\Desktop\ramtin legion pc\article_project\data\raw\pdraw_wave\test\healthy\V01HO01.png,0,0.549124,1
pdraw_wave,efficientnet_b0,contrast,3,C:\Users\ramti\Desktop\ramtin legion pc\article_project\data\raw\pdraw_wave\test\healthy\V02HO01.png,0,0.078748,0
pdraw_wave,efficientnet_b0,contrast,3,C:\Users\ramti\Desktop\ramtin legion pc\article_project\data\raw\pdraw_wave\test\healthy\V03HO01.png,0,0.136410,0
pdraw_wave,efficientnet_b0,contrast,3,C:\Users\ramti\Desktop\ramtin legion pc\article_project\data\raw\pdraw_wave\test\healthy\V04HO01.png,0,0.140293,0
pdraw_wave,efficientnet_b0,contrast,3,C:\Users\ramti\Desktop\ramtin legion pc\article_project\data\raw\pdraw_wave\test\healthy\V05HO01.png,0,0.633893,1
pdraw_wave,efficientnet_b0,contrast,3,C:\Users\ramti\Desktop\ramtin legion pc\article_project\data\raw\pdraw_wave\test\healthy\V06HO01.png,0,0.428580,1
pdraw_wave,efficientnet_b0,contrast,3,C:\Users\ramti\Desktop\ramtin legion pc\article_project\data\raw\pdraw_wave\test\healthy\V07HO01.png,0,0.041755,0
pdraw_wave,efficientnet_b0,contrast,3,C:\Users\ramti\Desktop\ramtin legion pc\article_project\data\raw\pdraw_wave\test\healthy\V08HO01.png,0,0.170054,0
pdraw_wave,efficientnet_b0,contrast,3,C:\Users\ramti\Desktop\ramtin legion pc\article_project\data\raw\pdraw_wave\test\healthy\V09HO01.png,0,0.164872,0
pdraw_wave,efficientnet_b0,contrast,3,C:\Users\ramti\Desktop\ramtin legion pc\article_project\data\raw\pdraw_wave\test\healthy\V10HO01.png,0,0.434399,1
pdraw_wave,efficientnet_b0,contrast,3,C:\Users\ramti\Desktop\ramtin legion pc\article_project\data\raw\pdraw_wave\test\healthy\V11HO01.png,0,0.119418,0
pdraw_wave,efficientnet_b0,contrast,3,C:\Users\ramti\Desktop\ramtin legion pc\article_project\data\raw\pdraw_wave\test\healthy\V55HO08.png,0,0.094784,0
pdraw_wave,efficientnet_b0,contrast,3,C:\Users\ramti\Desktop\ramtin legion pc\article_project\data\raw\pdraw_wave\test\healthy\V55HO09.png,0,0.320598,0
pdraw_wave,efficientnet_b0,contrast,3,C:\Users\ramti\Desktop\ramtin legion pc\article_project\data\raw\pdraw_wave\test\healthy\V55HO10.png,0,0.174408,0
pdraw_wave,efficientnet_b0,contrast,3,C:\Users\ramti\Desktop\ramtin legion pc\article_project\data\raw\pdraw_wave\test\healthy\V55HO11.png,0,0.392617,0
pdraw_wave,efficientnet_b0,contrast,3,C:\Users\ramti\Desktop\ramtin legion pc\article_project\data\raw\pdraw_wave\test\parkinson\V01PO01.png,1,0.498787,1
pdraw_wave,efficientnet_b0,contrast,3,C:\Users\ramti\Desktop\ramtin legion pc\article_project\data\raw\pdraw_wave\test\parkinson\V02PO01.png,1,0.971943,1
pdraw_wave,efficientnet_b0,contrast,3,C:\Users\ramti\Desktop\ramtin legion pc\article_project\data\raw\pdraw_wave\test\parkinson\V03PO01.png,1,0.914467,1
pdraw_wave,efficientnet_b0,contrast,3,C:\Users\ramti\Desktop\ramtin legion pc\article_project\data\raw\pdraw_wave\test\parkinson\V03PO04.png,1,0.986415,1
pdraw_wave,efficientnet_b0,contrast,3,C:\Users\ramti\Desktop\ramtin legion pc\article_project\data\raw\pdraw_wave\test\parkinson\V03PO07.png,1,0.987048,1
pdraw_wave,efficientnet_b0,contrast,3,C:\Users\ramti\Desktop\ramtin legion pc\article_project\data\raw\pdraw_wave\test\parkinson\V04PO01.png,1,0.986106,1
pdraw_wave,efficientnet_b0,contrast,3,C:\Users\ramti\Desktop\ramtin legion pc\article_project\data\raw\pdraw_wave\test\parkinson\V05PO01.png,1,0.969403,1
pdraw_wave,efficientnet_b0,contrast,3,C:\Users\ramti\Desktop\ramtin legion pc\article_project\data\raw\pdraw_wave\test\parkinson\V06PO01.png,1,0.974161,1
pdraw_wave,efficientnet_b0,contrast,3,C:\Users\ramti\Desktop\ramtin legion pc\article_project\data\raw\pdraw_wave\test\parkinson\V07PO01.png,1,0.989291,1
pdraw_wave,efficientnet_b0,contrast,3,C:\Users\ramti\Desktop\ramtin legion pc\article_project\data\raw\pdraw_wave\test\parkinson\V08PO01.png,1,0.227340,0
pdraw_wave,efficientnet_b0,contrast,3,C:\Users\ramti\Desktop\ramtin legion pc\article_project\data\raw\pdraw_wave\test\parkinson\V09PO01.png,1,0.986225,1
pdraw_wave,efficientnet_b0,contrast,3,C:\Users\ramti\Desktop\ramtin legion pc\article_project\data\raw\pdraw_wave\test\parkinson\V10PO01.png,1,0.787690,1
pdraw_wave,efficientnet_b0,contrast,3,C:\Users\ramti\Desktop\ramtin legion pc\article_project\data\raw\pdraw_wave\test\parkinson\V11PO01.png,1,0.290783,0
pdraw_wave,efficientnet_b0,contrast,3,C:\Users\ramti\Desktop\ramtin legion pc\article_project\data\raw\pdraw_wave\test\parkinson\V14PO01.png,1,0.977632,1
pdraw_wave,efficientnet_b0,contrast,3,C:\Users\ramti\Desktop\ramtin legion pc\article_project\data\raw\pdraw_wave\test\parkinson\V14PO03.png,1,0.983486,1
pdraw_wave,efficientnet_b0,contrast,4,C:\Users\ramti\Desktop\ramtin legion pc\article_project\data\raw\pdraw_wave\test\healthy\V01HO01.png,0,0.562131,1
pdraw_wave,efficientnet_b0,contrast,4,C:\Users\ramti\Desktop\ramtin legion pc\article_project\data\raw\pdraw_wave\test\healthy\V02HO01.png,0,0.115999,0
pdraw_wave,efficientnet_b0,contrast,4,C:\Users\ramti\Desktop\ramtin legion pc\article_project\data\raw\pdraw_wave\test\healthy\V03HO01.png,0,0.236509,0
pdraw_wave,efficientnet_b0,contrast,4,C:\Users\ramti\Desktop\ramtin legion pc\article_project\data\raw\pdraw_wave\test\healthy\V04HO01.png,0,0.221388,0
pdraw_wave,efficientnet_b0,contrast,4,C:\Users\ramti\Desktop\ramtin legion pc\article_project\data\raw\pdraw_wave\test\healthy\V05HO01.png,0,0.677656,1
pdraw_wave,efficientnet_b0,contrast,4,C:\Users\ramti\Desktop\ramtin legion pc\article_project\data\raw\pdraw_wave\test\healthy\V06HO01.png,0,0.479313,1
pdraw_wave,efficientnet_b0,contrast,4,C:\Users\ramti\Desktop\ramtin legion pc\article_project\data\raw\pdraw_wave\test\healthy\V07HO01.png,0,0.066106,0
pdraw_wave,efficientnet_b0,contrast,4,C:\Users\ramti\Desktop\ramtin legion pc\article_project\data\raw\pdraw_wave\test\healthy\V08HO01.png,0,0.243213,0
pdraw_wave,efficientnet_b0,contrast,4,C:\Users\ramti\Desktop\ramtin legion pc\article_project\data\raw\pdraw_wave\test\healthy\V09HO01.png,0,0.284336,0
pdraw_wave,efficientnet_b0,contrast,4,C:\Users\ramti\Desktop\ramtin legion pc\article_project\data\raw\pdraw_wave\test\healthy\V10HO01.png,0,0.542498,1
pdraw_wave,efficientnet_b0,contrast,4,C:\Users\ramti\Desktop\ramtin legion pc\article_project\data\raw\pdraw_wave\test\healthy\V11HO01.png,0,0.149991,0
pdraw_wave,efficientnet_b0,contrast,4,C:\Users\ramti\Desktop\ramtin legion pc\article_project\data\raw\pdraw_wave\test\healthy\V55HO08.png,0,0.155582,0
pdraw_wave,efficientnet_b0,contrast,4,C:\Users\ramti\Desktop\ramtin legion pc\article_project\data\raw\pdraw_wave\test\healthy\V55HO09.png,0,0.455304,1
pdraw_wave,efficientnet_b0,contrast,4,C:\Users\ramti\Desktop\ramtin legion pc\article_project\data\raw\pdraw_wave\test\healthy\V55HO10.png,0,0.217739,0
pdraw_wave,efficientnet_b0,contrast,4,C:\Users\ramti\Desktop\ramtin legion pc\article_project\data\raw\pdraw_wave\test\healthy\V55HO11.png,0,0.485222,1
pdraw_wave,efficientnet_b0,contrast,4,C:\Users\ramti\Desktop\ramtin legion pc\article_project\data\raw\pdraw_wave\test\parkinson\V01PO01.png,1,0.638101,1
pdraw_wave,efficientnet_b0,contrast,4,C:\Users\ramti\Desktop\ramtin legion pc\article_project\data\raw\pdraw_wave\test\parkinson\V02PO01.png,1,0.971191,1
pdraw_wave,efficientnet_b0,contrast,4,C:\Users\ramti\Desktop\ramtin legion pc\article_project\data\raw\pdraw_wave\test\parkinson\V03PO01.png,1,0.928776,1
pdraw_wave,efficientnet_b0,contrast,4,C:\Users\ramti\Desktop\ramtin legion pc\article_project\data\raw\pdraw_wave\test\parkinson\V03PO04.png,1,0.988389,1
pdraw_wave,efficientnet_b0,contrast,4,C:\Users\ramti\Desktop\ramtin legion pc\article_project\data\raw\pdraw_wave\test\parkinson\V03PO07.png,1,0.992441,1
pdraw_wave,efficientnet_b0,contrast,4,C:\Users\ramti\Desktop\ramtin legion pc\article_project\data\raw\pdraw_wave\test\parkinson\V04PO01.png,1,0.985935,1
pdraw_wave,efficientnet_b0,contrast,4,C:\Users\ramti\Desktop\ramtin legion pc\article_project\data\raw\pdraw_wave\test\parkinson\V05PO01.png,1,0.969189,1
pdraw_wave,efficientnet_b0,contrast,4,C:\Users\ramti\Desktop\ramtin legion pc\article_project\data\raw\pdraw_wave\test\parkinson\V06PO01.png,1,0.983432,1
pdraw_wave,efficientnet_b0,contrast,4,C:\Users\ramti\Desktop\ramtin legion pc\article_project\data\raw\pdraw_wave\test\parkinson\V07PO01.png,1,0.990018,1
pdraw_wave,efficientnet_b0,contrast,4,C:\Users\ramti\Desktop\ramtin legion pc\article_project\data\raw\pdraw_wave\test\parkinson\V08PO01.png,1,0.330848,0
pdraw_wave,efficientnet_b0,contrast,4,C:\Users\ramti\Desktop\ramtin legion pc\article_project\data\raw\pdraw_wave\test\parkinson\V09PO01.png,1,0.988031,1
pdraw_wave,efficientnet_b0,contrast,4,C:\Users\ramti\Desktop\ramtin legion pc\article_project\data\raw\pdraw_wave\test\parkinson\V10PO01.png,1,0.786967,1
pdraw_wave,efficientnet_b0,contrast,4,C:\Users\ramti\Desktop\ramtin legion pc\article_project\data\raw\pdraw_wave\test\parkinson\V11PO01.png,1,0.282726,0
pdraw_wave,efficientnet_b0,contrast,4,C:\Users\ramti\Desktop\ramtin legion pc\article_project\data\raw\pdraw_wave\test\parkinson\V14PO01.png,1,0.986868,1
pdraw_wave,efficientnet_b0,contrast,4,C:\Users\ramti\Desktop\ramtin legion pc\article_project\data\raw\pdraw_wave\test\parkinson\V14PO03.png,1,0.987672,1
pdraw_wave,efficientnet_b0,contrast,5,C:\Users\ramti\Desktop\ramtin legion pc\article_project\data\raw\pdraw_wave\test\healthy\V01HO01.png,0,0.558848,1
pdraw_wave,efficientnet_b0,contrast,5,C:\Users\ramti\Desktop\ramtin legion pc\article_project\data\raw\pdraw_wave\test\healthy\V02HO01.png,0,0.132978,0
pdraw_wave,efficientnet_b0,contrast,5,C:\Users\ramti\Desktop\ramtin legion pc\article_project\data\raw\pdraw_wave\test\healthy\V03HO01.png,0,0.275205,0
pdraw_wave,efficientnet_b0,contrast,5,C:\Users\ramti\Desktop\ramtin legion pc\article_project\data\raw\pdraw_wave\test\healthy\V04HO01.png,0,0.250476,0
pdraw_wave,efficientnet_b0,contrast,5,C:\Users\ramti\Desktop\ramtin legion pc\article_project\data\raw\pdraw_wave\test\healthy\V05HO01.png,0,0.687795,1
pdraw_wave,efficientnet_b0,contrast,5,C:\Users\ramti\Desktop\ramtin legion pc\article_project\data\raw\pdraw_wave\test\healthy\V06HO01.png,0,0.505812,1
pdraw_wave,efficientnet_b0,contrast,5,C:\Users\ramti\Desktop\ramtin legion pc\article_project\data\raw\pdraw_wave\test\healthy\V07HO01.png,0,0.074794,0
pdraw_wave,efficientnet_b0,contrast,5,C:\Users\ramti\Desktop\ramtin legion pc\article_project\data\raw\pdraw_wave\test\healthy\V08HO01.png,0,0.255034,0
pdraw_wave,efficientnet_b0,contrast,5,C:\Users\ramti\Desktop\ramtin legion pc\article_project\data\raw\pdraw_wave\test\healthy\V09HO01.png,0,0.335539,0
pdraw_wave,efficientnet_b0,contrast,5,C:\Users\ramti\Desktop\ramtin legion pc\article_project\data\raw\pdraw_wave\test\healthy\V10HO01.png,0,0.602883,1
pdraw_wave,efficientnet_b0,contrast,5,C:\Users\ramti\Desktop\ramtin legion pc\article_project\data\raw\pdraw_wave\test\healthy\V11HO01.png,0,0.162782,0
pdraw_wave,efficientnet_b0,contrast,5,C:\Users\ramti\Desktop\ramtin legion pc\article_project\data\raw\pdraw_wave\test\healthy\V55HO08.png,0,0.198859,0
pdraw_wave,efficientnet_b0,contrast,5,C:\Users\ramti\Desktop\ramtin legion pc\article_project\data\raw\pdraw_wave\test\healthy\V55HO09.png,0,0.476585,1
pdraw_wave,efficientnet_b0,contrast,5,C:\Users\ramti\Desktop\ramtin legion pc\article_project\data\raw\pdraw_wave\test\healthy\V55HO10.png,0,0.250475,0
pdraw_wave,efficientnet_b0,contrast,5,C:\Users\ramti\Desktop\ramtin legion pc\article_project\data\raw\pdraw_wave\test\healthy\V55HO11.png,0,0.509257,1
pdraw_wave,efficientnet_b0,contrast,5,C:\Users\ramti\Desktop\ramtin legion pc\article_project\data\raw\pdraw_wave\test\parkinson\V01PO01.png,1,0.663405,1
pdraw_wave,efficientnet_b0,contrast,5,C:\Users\ramti\Desktop\ramtin legion pc\article_project\data\raw\pdraw_wave\test\parkinson\V02PO01.png,1,0.967825,1
pdraw_wave,efficientnet_b0,contrast,5,C:\Users\ramti\Desktop\ramtin legion pc\article_project\data\raw\pdraw_wave\test\parkinson\V03PO01.png,1,0.930262,1
pdraw_wave,efficientnet_b0,contrast,5,C:\Users\ramti\Desktop\ramtin legion pc\article_project\data\raw\pdraw_wave\test\parkinson\V03PO04.png,1,0.988834,1
pdraw_wave,efficientnet_b0,contrast,5,C:\Users\ramti\Desktop\ramtin legion pc\article_project\data\raw\pdraw_wave\test\parkinson\V03PO07.png,1,0.992900,1
pdraw_wave,efficientnet_b0,contrast,5,C:\Users\ramti\Desktop\ramtin legion pc\article_project\data\raw\pdraw_wave\test\parkinson\V04PO01.png,1,0.985931,1
pdraw_wave,efficientnet_b0,contrast,5,C:\Users\ramti\Desktop\ramtin legion pc\article_project\data\raw\pdraw_wave\test\parkinson\V05PO01.png,1,0.967012,1
pdraw_wave,efficientnet_b0,contrast,5,C:\Users\ramti\Desktop\ramtin legion pc\article_project\data\raw\pdraw_wave\test\parkinson\V06PO01.png,1,0.984007,1
pdraw_wave,efficientnet_b0,contrast,5,C:\Users\ramti\Desktop\ramtin legion pc\article_project\data\raw\pdraw_wave\test\parkinson\V07PO01.png,1,0.989541,1
pdraw_wave,efficientnet_b0,contrast,5,C:\Users\ramti\Desktop\ramtin legion pc\article_project\data\raw\pdraw_wave\test\parkinson\V08PO01.png,1,0.346954,0
pdraw_wave,efficientnet_b0,contrast,5,C:\Users\ramti\Desktop\ramtin legion pc\article_project\data\raw\pdraw_wave\test\parkinson\V09PO01.png,1,0.987596,1
pdraw_wave,efficientnet_b0,contrast,5,C:\Users\ramti\Desktop\ramtin legion pc\article_project\data\raw\pdraw_wave\test\parkinson\V10PO01.png,1,0.776418,1
pdraw_wave,efficientnet_b0,contrast,5,C:\Users\ramti\Desktop\ramtin legion pc\article_project\data\raw\pdraw_wave\test\parkinson\V11PO01.png,1,0.283378,0
pdraw_wave,efficientnet_b0,contrast,5,C:\Users\ramti\Desktop\ramtin legion pc\article_project\data\raw\pdraw_wave\test\parkinson\V14PO01.png,1,0.988596,1
pdraw_wave,efficientnet_b0,contrast,5,C:\Users\ramti\Desktop\ramtin legion pc\article_project\data\raw\pdraw_wave\test\parkinson\V14PO03.png,1,0.988820,1
pdraw_wave,efficientnet_b0,brightness,1,C:\Users\ramti\Desktop\ramtin legion pc\article_project\data\raw\pdraw_wave\test\healthy\V01HO01.png,0,0.602218,1
pdraw_wave,efficientnet_b0,brightness,1,C:\Users\ramti\Desktop\ramtin legion pc\article_project\data\raw\pdraw_wave\test\healthy\V02HO01.png,0,0.070344,0
pdraw_wave,efficientnet_b0,brightness,1,C:\Users\ramti\Desktop\ramtin legion pc\article_project\data\raw\pdraw_wave\test\healthy\V03HO01.png,0,0.148394,0
pdraw_wave,efficientnet_b0,brightness,1,C:\Users\ramti\Desktop\ramtin legion pc\article_project\data\raw\pdraw_wave\test\healthy\V04HO01.png,0,0.146052,0
pdraw_wave,efficientnet_b0,brightness,1,C:\Users\ramti\Desktop\ramtin legion pc\article_project\data\raw\pdraw_wave\test\healthy\V05HO01.png,0,0.813318,1
pdraw_wave,efficientnet_b0,brightness,1,C:\Users\ramti\Desktop\ramtin legion pc\article_project\data\raw\pdraw_wave\test\healthy\V06HO01.png,0,0.672523,1
pdraw_wave,efficientnet_b0,brightness,1,C:\Users\ramti\Desktop\ramtin legion pc\article_project\data\raw\pdraw_wave\test\healthy\V07HO01.png,0,0.065404,0
pdraw_wave,efficientnet_b0,brightness,1,C:\Users\ramti\Desktop\ramtin legion pc\article_project\data\raw\pdraw_wave\test\healthy\V08HO01.png,0,0.437865,1
pdraw_wave,efficientnet_b0,brightness,1,C:\Users\ramti\Desktop\ramtin legion pc\article_project\data\raw\pdraw_wave\test\healthy\V09HO01.png,0,0.233946,0
pdraw_wave,efficientnet_b0,brightness,1,C:\Users\ramti\Desktop\ramtin legion pc\article_project\data\raw\pdraw_wave\test\healthy\V10HO01.png,0,0.526682,1
pdraw_wave,efficientnet_b0,brightness,1,C:\Users\ramti\Desktop\ramtin legion pc\article_project\data\raw\pdraw_wave\test\healthy\V11HO01.png,0,0.308671,0
pdraw_wave,efficientnet_b0,brightness,1,C:\Users\ramti\Desktop\ramtin legion pc\article_project\data\raw\pdraw_wave\test\healthy\V55HO08.png,0,0.154397,0
pdraw_wave,efficientnet_b0,brightness,1,C:\Users\ramti\Desktop\ramtin legion pc\article_project\data\raw\pdraw_wave\test\healthy\V55HO09.png,0,0.307689,0
pdraw_wave,efficientnet_b0,brightness,1,C:\Users\ramti\Desktop\ramtin legion pc\article_project\data\raw\pdraw_wave\test\healthy\V55HO10.png,0,0.175827,0
pdraw_wave,efficientnet_b0,brightness,1,C:\Users\ramti\Desktop\ramtin legion pc\article_project\data\raw\pdraw_wave\test\healthy\V55HO11.png,0,0.331811,0
pdraw_wave,efficientnet_b0,brightness,1,C:\Users\ramti\Desktop\ramtin legion pc\article_project\data\raw\pdraw_wave\test\parkinson\V01PO01.png,1,0.493658,1
pdraw_wave,efficientnet_b0,brightness,1,C:\Users\ramti\Desktop\ramtin legion pc\article_project\data\raw\pdraw_wave\test\parkinson\V02PO01.png,1,0.958787,1
pdraw_wave,efficientnet_b0,brightness,1,C:\Users\ramti\Desktop\ramtin legion pc\article_project\data\raw\pdraw_wave\test\parkinson\V03PO01.png,1,0.966217,1
pdraw_wave,efficientnet_b0,brightness,1,C:\Users\ramti\Desktop\ramtin legion pc\article_project\data\raw\pdraw_wave\test\parkinson\V03PO04.png,1,0.981963,1
pdraw_wave,efficientnet_b0,brightness,1,C:\Users\ramti\Desktop\ramtin legion pc\article_project\data\raw\pdraw_wave\test\parkinson\V03PO07.png,1,0.976379,1
pdraw_wave,efficientnet_b0,brightness,1,C:\Users\ramti\Desktop\ramtin legion pc\article_project\data\raw\pdraw_wave\test\parkinson\V04PO01.png,1,0.981944,1
pdraw_wave,efficientnet_b0,brightness,1,C:\Users\ramti\Desktop\ramtin legion pc\article_project\data\raw\pdraw_wave\test\parkinson\V05PO01.png,1,0.944098,1
pdraw_wave,efficientnet_b0,brightness,1,C:\Users\ramti\Desktop\ramtin legion pc\article_project\data\raw\pdraw_wave\test\parkinson\V06PO01.png,1,0.984882,1
pdraw_wave,efficientnet_b0,brightness,1,C:\Users\ramti\Desktop\ramtin legion pc\article_project\data\raw\pdraw_wave\test\parkinson\V07PO01.png,1,0.984616,1
pdraw_wave,efficientnet_b0,brightness,1,C:\Users\ramti\Desktop\ramtin legion pc\article_project\data\raw\pdraw_wave\test\parkinson\V08PO01.png,1,0.305996,0
pdraw_wave,efficientnet_b0,brightness,1,C:\Users\ramti\Desktop\ramtin legion pc\article_project\data\raw\pdraw_wave\test\parkinson\V09PO01.png,1,0.980550,1
pdraw_wave,efficientnet_b0,brightness,1,C:\Users\ramti\Desktop\ramtin legion pc\article_project\data\raw\pdraw_wave\test\parkinson\V10PO01.png,1,0.874864,1
pdraw_wave,efficientnet_b0,brightness,1,C:\Users\ramti\Desktop\ramtin legion pc\article_project\data\raw\pdraw_wave\test\parkinson\V11PO01.png,1,0.597869,1
pdraw_wave,efficientnet_b0,brightness,1,C:\Users\ramti\Desktop\ramtin legion pc\article_project\data\raw\pdraw_wave\test\parkinson\V14PO01.png,1,0.978968,1
pdraw_wave,efficientnet_b0,brightness,1,C:\Users\ramti\Desktop\ramtin legion pc\article_project\data\raw\pdraw_wave\test\parkinson\V14PO03.png,1,0.980939,1
pdraw_wave,efficientnet_b0,brightness,2,C:\Users\ramti\Desktop\ramtin legion pc\article_project\data\raw\pdraw_wave\test\healthy\V01HO01.png,0,0.555926,1
pdraw_wave,efficientnet_b0,brightness,2,C:\Users\ramti\Desktop\ramtin legion pc\article_project\data\raw\pdraw_wave\test\healthy\V02HO01.png,0,0.084288,0
pdraw_wave,efficientnet_b0,brightness,2,C:\Users\ramti\Desktop\ramtin legion pc\article_project\data\raw\pdraw_wave\test\healthy\V03HO01.png,0,0.132966,0
pdraw_wave,efficientnet_b0,brightness,2,C:\Users\ramti\Desktop\ramtin legion pc\article_project\data\raw\pdraw_wave\test\healthy\V04HO01.png,0,0.168830,0
pdraw_wave,efficientnet_b0,brightness,2,C:\Users\ramti\Desktop\ramtin legion pc\article_project\data\raw\pdraw_wave\test\healthy\V05HO01.png,0,0.707681,1
pdraw_wave,efficientnet_b0,brightness,2,C:\Users\ramti\Desktop\ramtin legion pc\article_project\data\raw\pdraw_wave\test\healthy\V06HO01.png,0,0.611848,1
pdraw_wave,efficientnet_b0,brightness,2,C:\Users\ramti\Desktop\ramtin legion pc\article_project\data\raw\pdraw_wave\test\healthy\V07HO01.png,0,0.085168,0
pdraw_wave,efficientnet_b0,brightness,2,C:\Users\ramti\Desktop\ramtin legion pc\article_project\data\raw\pdraw_wave\test\healthy\V08HO01.png,0,0.429677,1
pdraw_wave,efficientnet_b0,brightness,2,C:\Users\ramti\Desktop\ramtin legion pc\article_project\data\raw\pdraw_wave\test\healthy\V09HO01.png,0,0.267082,0
pdraw_wave,efficientnet_b0,brightness,2,C:\Users\ramti\Desktop\ramtin legion pc\article_project\data\raw\pdraw_wave\test\healthy\V10HO01.png,0,0.520727,1
pdraw_wave,efficientnet_b0,brightness,2,C:\Users\ramti\Desktop\ramtin legion pc\article_project\data\raw\pdraw_wave\test\healthy\V11HO01.png,0,0.227048,0
pdraw_wave,efficientnet_b0,brightness,2,C:\Users\ramti\Desktop\ramtin legion pc\article_project\data\raw\pdraw_wave\test\healthy\V55HO08.png,0,0.148020,0
pdraw_wave,efficientnet_b0,brightness,2,C:\Users\ramti\Desktop\ramtin legion pc\article_project\data\raw\pdraw_wave\test\healthy\V55HO09.png,0,0.267706,0
pdraw_wave,efficientnet_b0,brightness,2,C:\Users\ramti\Desktop\ramtin legion pc\article_project\data\raw\pdraw_wave\test\healthy\V55HO10.png,0,0.149637,0
pdraw_wave,efficientnet_b0,brightness,2,C:\Users\ramti\Desktop\ramtin legion pc\article_project\data\raw\pdraw_wave\test\healthy\V55HO11.png,0,0.316569,0
pdraw_wave,efficientnet_b0,brightness,2,C:\Users\ramti\Desktop\ramtin legion pc\article_project\data\raw\pdraw_wave\test\parkinson\V01PO01.png,1,0.492242,1
pdraw_wave,efficientnet_b0,brightness,2,C:\Users\ramti\Desktop\ramtin legion pc\article_project\data\raw\pdraw_wave\test\parkinson\V02PO01.png,1,0.962707,1
pdraw_wave,efficientnet_b0,brightness,2,C:\Users\ramti\Desktop\ramtin legion pc\article_project\data\raw\pdraw_wave\test\parkinson\V03PO01.png,1,0.962610,1
pdraw_wave,efficientnet_b0,brightness,2,C:\Users\ramti\Desktop\ramtin legion pc\article_project\data\raw\pdraw_wave\test\parkinson\V03PO04.png,1,0.982885,1
pdraw_wave,efficientnet_b0,brightness,2,C:\Users\ramti\Desktop\ramtin legion pc\article_project\data\raw\pdraw_wave\test\parkinson\V03PO07.png,1,0.982656,1
pdraw_wave,efficientnet_b0,brightness,2,C:\Users\ramti\Desktop\ramtin legion pc\article_project\data\raw\pdraw_wave\test\parkinson\V04PO01.png,1,0.982276,1
pdraw_wave,efficientnet_b0,brightness,2,C:\Users\ramti\Desktop\ramtin legion pc\article_project\data\raw\pdraw_wave\test\parkinson\V05PO01.png,1,0.947124,1
pdraw_wave,efficientnet_b0,brightness,2,C:\Users\ramti\Desktop\ramtin legion pc\article_project\data\raw\pdraw_wave\test\parkinson\V06PO01.png,1,0.986660,1
pdraw_wave,efficientnet_b0,brightness,2,C:\Users\ramti\Desktop\ramtin legion pc\article_project\data\raw\pdraw_wave\test\parkinson\V07PO01.png,1,0.984968,1
pdraw_wave,efficientnet_b0,brightness,2,C:\Users\ramti\Desktop\ramtin legion pc\article_project\data\raw\pdraw_wave\test\parkinson\V08PO01.png,1,0.348306,0
pdraw_wave,efficientnet_b0,brightness,2,C:\Users\ramti\Desktop\ramtin legion pc\article_project\data\raw\pdraw_wave\test\parkinson\V09PO01.png,1,0.981984,1
pdraw_wave,efficientnet_b0,brightness,2,C:\Users\ramti\Desktop\ramtin legion pc\article_project\data\raw\pdraw_wave\test\parkinson\V10PO01.png,1,0.789657,1
pdraw_wave,efficientnet_b0,brightness,2,C:\Users\ramti\Desktop\ramtin legion pc\article_project\data\raw\pdraw_wave\test\parkinson\V11PO01.png,1,0.587602,1
pdraw_wave,efficientnet_b0,brightness,2,C:\Users\ramti\Desktop\ramtin legion pc\article_project\data\raw\pdraw_wave\test\parkinson\V14PO01.png,1,0.978959,1
pdraw_wave,efficientnet_b0,brightness,2,C:\Users\ramti\Desktop\ramtin legion pc\article_project\data\raw\pdraw_wave\test\parkinson\V14PO03.png,1,0.979946,1
pdraw_wave,efficientnet_b0,brightness,3,C:\Users\ramti\Desktop\ramtin legion pc\article_project\data\raw\pdraw_wave\test\healthy\V01HO01.png,0,0.585509,1
pdraw_wave,efficientnet_b0,brightness,3,C:\Users\ramti\Desktop\ramtin legion pc\article_project\data\raw\pdraw_wave\test\healthy\V02HO01.png,0,0.084966,0
pdraw_wave,efficientnet_b0,brightness,3,C:\Users\ramti\Desktop\ramtin legion pc\article_project\data\raw\pdraw_wave\test\healthy\V03HO01.png,0,0.131937,0
pdraw_wave,efficientnet_b0,brightness,3,C:\Users\ramti\Desktop\ramtin legion pc\article_project\data\raw\pdraw_wave\test\healthy\V04HO01.png,0,0.167640,0
pdraw_wave,efficientnet_b0,brightness,3,C:\Users\ramti\Desktop\ramtin legion pc\article_project\data\raw\pdraw_wave\test\healthy\V05HO01.png,0,0.741699,1
pdraw_wave,efficientnet_b0,brightness,3,C:\Users\ramti\Desktop\ramtin legion pc\article_project\data\raw\pdraw_wave\test\healthy\V06HO01.png,0,0.561801,1
pdraw_wave,efficientnet_b0,brightness,3,C:\Users\ramti\Desktop\ramtin legion pc\article_project\data\raw\pdraw_wave\test\healthy\V07HO01.png,0,0.063693,0
pdraw_wave,efficientnet_b0,brightness,3,C:\Users\ramti\Desktop\ramtin legion pc\article_project\data\raw\pdraw_wave\test\healthy\V08HO01.png,0,0.362185,0
pdraw_wave,efficientnet_b0,brightness,3,C:\Users\ramti\Desktop\ramtin legion pc\article_project\data\raw\pdraw_wave\test\healthy\V09HO01.png,0,0.251376,0
pdraw_wave,efficientnet_b0,brightness,3,C:\Users\ramti\Desktop\ramtin legion pc\article_project\data\raw\pdraw_wave\test\healthy\V10HO01.png,0,0.519973,1
pdraw_wave,efficientnet_b0,brightness,3,C:\Users\ramti\Desktop\ramtin legion pc\article_project\data\raw\pdraw_wave\test\healthy\V11HO01.png,0,0.211044,0
pdraw_wave,efficientnet_b0,brightness,3,C:\Users\ramti\Desktop\ramtin legion pc\article_project\data\raw\pdraw_wave\test\healthy\V55HO08.png,0,0.131065,0
pdraw_wave,efficientnet_b0,brightness,3,C:\Users\ramti\Desktop\ramtin legion pc\article_project\data\raw\pdraw_wave\test\healthy\V55HO09.png,0,0.304540,0
pdraw_wave,efficientnet_b0,brightness,3,C:\Users\ramti\Desktop\ramtin legion pc\article_project\data\raw\pdraw_wave\test\healthy\V55HO10.png,0,0.153614,0
pdraw_wave,efficientnet_b0,brightness,3,C:\Users\ramti\Desktop\ramtin legion pc\article_project\data\raw\pdraw_wave\test\healthy\V55HO11.png,0,0.343465,0
pdraw_wave,efficientnet_b0,brightness,3,C:\Users\ramti\Desktop\ramtin legion pc\article_project\data\raw\pdraw_wave\test\parkinson\V01PO01.png,1,0.546972,1
pdraw_wave,efficientnet_b0,brightness,3,C:\Users\ramti\Desktop\ramtin legion pc\article_project\data\raw\pdraw_wave\test\parkinson\V02PO01.png,1,0.970489,1
pdraw_wave,efficientnet_b0,brightness,3,C:\Users\ramti\Desktop\ramtin legion pc\article_project\data\raw\pdraw_wave\test\parkinson\V03PO01.png,1,0.954486,1
pdraw_wave,efficientnet_b0,brightness,3,C:\Users\ramti\Desktop\ramtin legion pc\article_project\data\raw\pdraw_wave\test\parkinson\V03PO04.png,1,0.985214,1
pdraw_wave,efficientnet_b0,brightness,3,C:\Users\ramti\Desktop\ramtin legion pc\article_project\data\raw\pdraw_wave\test\parkinson\V03PO07.png,1,0.988055,1
pdraw_wave,efficientnet_b0,brightness,3,C:\Users\ramti\Desktop\ramtin legion pc\article_project\data\raw\pdraw_wave\test\parkinson\V04PO01.png,1,0.984034,1
pdraw_wave,efficientnet_b0,brightness,3,C:\Users\ramti\Desktop\ramtin legion pc\article_project\data\raw\pdraw_wave\test\parkinson\V05PO01.png,1,0.960745,1
pdraw_wave,efficientnet_b0,brightness,3,C:\Users\ramti\Desktop\ramtin legion pc\article_project\data\raw\pdraw_wave\test\parkinson\V06PO01.png,1,0.986091,1
pdraw_wave,efficientnet_b0,brightness,3,C:\Users\ramti\Desktop\ramtin legion pc\article_project\data\raw\pdraw_wave\test\parkinson\V07PO01.png,1,0.986852,1
pdraw_wave,efficientnet_b0,brightness,3,C:\Users\ramti\Desktop\ramtin legion pc\article_project\data\raw\pdraw_wave\test\parkinson\V08PO01.png,1,0.345322,0
pdraw_wave,efficientnet_b0,brightness,3,C:\Users\ramti\Desktop\ramtin legion pc\article_project\data\raw\pdraw_wave\test\parkinson\V09PO01.png,1,0.984548,1
pdraw_wave,efficientnet_b0,brightness,3,C:\Users\ramti\Desktop\ramtin legion pc\article_project\data\raw\pdraw_wave\test\parkinson\V10PO01.png,1,0.806554,1
pdraw_wave,efficientnet_b0,brightness,3,C:\Users\ramti\Desktop\ramtin legion pc\article_project\data\raw\pdraw_wave\test\parkinson\V11PO01.png,1,0.465733,1
pdraw_wave,efficientnet_b0,brightness,3,C:\Users\ramti\Desktop\ramtin legion pc\article_project\data\raw\pdraw_wave\test\parkinson\V14PO01.png,1,0.978667,1
pdraw_wave,efficientnet_b0,brightness,3,C:\Users\ramti\Desktop\ramtin legion pc\article_project\data\raw\pdraw_wave\test\parkinson\V14PO03.png,1,0.981830,1
pdraw_wave,efficientnet_b0,brightness,4,C:\Users\ramti\Desktop\ramtin legion pc\article_project\data\raw\pdraw_wave\test\healthy\V01HO01.png,0,0.226114,0
pdraw_wave,efficientnet_b0,brightness,4,C:\Users\ramti\Desktop\ramtin legion pc\article_project\data\raw\pdraw_wave\test\healthy\V02HO01.png,0,0.096264,0
pdraw_wave,efficientnet_b0,brightness,4,C:\Users\ramti\Desktop\ramtin legion pc\article_project\data\raw\pdraw_wave\test\healthy\V03HO01.png,0,0.453592,1
pdraw_wave,efficientnet_b0,brightness,4,C:\Users\ramti\Desktop\ramtin legion pc\article_project\data\raw\pdraw_wave\test\healthy\V04HO01.png,0,0.187502,0
pdraw_wave,efficientnet_b0,brightness,4,C:\Users\ramti\Desktop\ramtin legion pc\article_project\data\raw\pdraw_wave\test\healthy\V05HO01.png,0,0.288719,0
pdraw_wave,efficientnet_b0,brightness,4,C:\Users\ramti\Desktop\ramtin legion pc\article_project\data\raw\pdraw_wave\test\healthy\V06HO01.png,0,0.132661,0
pdraw_wave,efficientnet_b0,brightness,4,C:\Users\ramti\Desktop\ramtin legion pc\article_project\data\raw\pdraw_wave\test\healthy\V07HO01.png,0,0.064715,0
pdraw_wave,efficientnet_b0,brightness,4,C:\Users\ramti\Desktop\ramtin legion pc\article_project\data\raw\pdraw_wave\test\healthy\V08HO01.png,0,0.056682,0
pdraw_wave,efficientnet_b0,brightness,4,C:\Users\ramti\Desktop\ramtin legion pc\article_project\data\raw\pdraw_wave\test\healthy\V09HO01.png,0,0.175161,0
pdraw_wave,efficientnet_b0,brightness,4,C:\Users\ramti\Desktop\ramtin legion pc\article_project\data\raw\pdraw_wave\test\healthy\V10HO01.png,0,0.201245,0
pdraw_wave,efficientnet_b0,brightness,4,C:\Users\ramti\Desktop\ramtin legion pc\article_project\data\raw\pdraw_wave\test\healthy\V11HO01.png,0,0.034272,0
pdraw_wave,efficientnet_b0,brightness,4,C:\Users\ramti\Desktop\ramtin legion pc\article_project\data\raw\pdraw_wave\test\healthy\V55HO08.png,0,0.082039,0
pdraw_wave,efficientnet_b0,brightness,4,C:\Users\ramti\Desktop\ramtin legion pc\article_project\data\raw\pdraw_wave\test\healthy\V55HO09.png,0,0.447953,1
pdraw_wave,efficientnet_b0,brightness,4,C:\Users\ramti\Desktop\ramtin legion pc\article_project\data\raw\pdraw_wave\test\healthy\V55HO10.png,0,0.289408,0
pdraw_wave,efficientnet_b0,brightness,4,C:\Users\ramti\Desktop\ramtin legion pc\article_project\data\raw\pdraw_wave\test\healthy\V55HO11.png,0,0.191713,0
pdraw_wave,efficientnet_b0,brightness,4,C:\Users\ramti\Desktop\ramtin legion pc\article_project\data\raw\pdraw_wave\test\parkinson\V01PO01.png,1,0.338801,0
pdraw_wave,efficientnet_b0,brightness,4,C:\Users\ramti\Desktop\ramtin legion pc\article_project\data\raw\pdraw_wave\test\parkinson\V02PO01.png,1,0.812754,1
pdraw_wave,efficientnet_b0,brightness,4,C:\Users\ramti\Desktop\ramtin legion pc\article_project\data\raw\pdraw_wave\test\parkinson\V03PO01.png,1,0.556718,1
pdraw_wave,efficientnet_b0,brightness,4,C:\Users\ramti\Desktop\ramtin legion pc\article_project\data\raw\pdraw_wave\test\parkinson\V03PO04.png,1,0.896111,1
pdraw_wave,efficientnet_b0,brightness,4,C:\Users\ramti\Desktop\ramtin legion pc\article_project\data\raw\pdraw_wave\test\parkinson\V03PO07.png,1,0.916320,1
pdraw_wave,efficientnet_b0,brightness,4,C:\Users\ramti\Desktop\ramtin legion pc\article_project\data\raw\pdraw_wave\test\parkinson\V04PO01.png,1,0.917859,1
pdraw_wave,efficientnet_b0,brightness,4,C:\Users\ramti\Desktop\ramtin legion pc\article_project\data\raw\pdraw_wave\test\parkinson\V05PO01.png,1,0.783487,1
pdraw_wave,efficientnet_b0,brightness,4,C:\Users\ramti\Desktop\ramtin legion pc\article_project\data\raw\pdraw_wave\test\parkinson\V06PO01.png,1,0.733670,1
pdraw_wave,efficientnet_b0,brightness,4,C:\Users\ramti\Desktop\ramtin legion pc\article_project\data\raw\pdraw_wave\test\parkinson\V07PO01.png,1,0.889090,1
pdraw_wave,efficientnet_b0,brightness,4,C:\Users\ramti\Desktop\ramtin legion pc\article_project\data\raw\pdraw_wave\test\parkinson\V08PO01.png,1,0.079197,0
pdraw_wave,efficientnet_b0,brightness,4,C:\Users\ramti\Desktop\ramtin legion pc\article_project\data\raw\pdraw_wave\test\parkinson\V09PO01.png,1,0.964381,1
pdraw_wave,efficientnet_b0,brightness,4,C:\Users\ramti\Desktop\ramtin legion pc\article_project\data\raw\pdraw_wave\test\parkinson\V10PO01.png,1,0.692004,1
pdraw_wave,efficientnet_b0,brightness,4,C:\Users\ramti\Desktop\ramtin legion pc\article_project\data\raw\pdraw_wave\test\parkinson\V11PO01.png,1,0.390652,0
pdraw_wave,efficientnet_b0,brightness,4,C:\Users\ramti\Desktop\ramtin legion pc\article_project\data\raw\pdraw_wave\test\parkinson\V14PO01.png,1,0.943157,1
pdraw_wave,efficientnet_b0,brightness,4,C:\Users\ramti\Desktop\ramtin legion pc\article_project\data\raw\pdraw_wave\test\parkinson\V14PO03.png,1,0.964184,1
pdraw_wave,efficientnet_b0,brightness,5,C:\Users\ramti\Desktop\ramtin legion pc\article_project\data\raw\pdraw_wave\test\healthy\V01HO01.png,0,0.184502,0
pdraw_wave,efficientnet_b0,brightness,5,C:\Users\ramti\Desktop\ramtin legion pc\article_project\data\raw\pdraw_wave\test\healthy\V02HO01.png,0,0.077331,0
pdraw_wave,efficientnet_b0,brightness,5,C:\Users\ramti\Desktop\ramtin legion pc\article_project\data\raw\pdraw_wave\test\healthy\V03HO01.png,0,0.646433,1
pdraw_wave,efficientnet_b0,brightness,5,C:\Users\ramti\Desktop\ramtin legion pc\article_project\data\raw\pdraw_wave\test\healthy\V04HO01.png,0,0.195771,0
pdraw_wave,efficientnet_b0,brightness,5,C:\Users\ramti\Desktop\ramtin legion pc\article_project\data\raw\pdraw_wave\test\healthy\V05HO01.png,0,0.163783,0
pdraw_wave,efficientnet_b0,brightness,5,C:\Users\ramti\Desktop\ramtin legion pc\article_project\data\raw\pdraw_wave\test\healthy\V06HO01.png,0,0.109697,0
pdraw_wave,efficientnet_b0,brightness,5,C:\Users\ramti\Desktop\ramtin legion pc\article_project\data\raw\pdraw_wave\test\healthy\V07HO01.png,0,0.179733,0
pdraw_wave,efficientnet_b0,brightness,5,C:\Users\ramti\Desktop\ramtin legion pc\article_project\data\raw\pdraw_wave\test\healthy\V08HO01.png,0,0.037463,0
pdraw_wave,efficientnet_b0,brightness,5,C:\Users\ramti\Desktop\ramtin legion pc\article_project\data\raw\pdraw_wave\test\healthy\V09HO01.png,0,0.142348,0
pdraw_wave,efficientnet_b0,brightness,5,C:\Users\ramti\Desktop\ramtin legion pc\article_project\data\raw\pdraw_wave\test\healthy\V10HO01.png,0,0.169417,0
pdraw_wave,efficientnet_b0,brightness,5,C:\Users\ramti\Desktop\ramtin legion pc\article_project\data\raw\pdraw_wave\test\healthy\V11HO01.png,0,0.031915,0
pdraw_wave,efficientnet_b0,brightness,5,C:\Users\ramti\Desktop\ramtin legion pc\article_project\data\raw\pdraw_wave\test\healthy\V55HO08.png,0,0.080312,0
pdraw_wave,efficientnet_b0,brightness,5,C:\Users\ramti\Desktop\ramtin legion pc\article_project\data\raw\pdraw_wave\test\healthy\V55HO09.png,0,0.427258,1
pdraw_wave,efficientnet_b0,brightness,5,C:\Users\ramti\Desktop\ramtin legion pc\article_project\data\raw\pdraw_wave\test\healthy\V55HO10.png,0,0.370539,0
pdraw_wave,efficientnet_b0,brightness,5,C:\Users\ramti\Desktop\ramtin legion pc\article_project\data\raw\pdraw_wave\test\healthy\V55HO11.png,0,0.154053,0
pdraw_wave,efficientnet_b0,brightness,5,C:\Users\ramti\Desktop\ramtin legion pc\article_project\data\raw\pdraw_wave\test\parkinson\V01PO01.png,1,0.265443,0
pdraw_wave,efficientnet_b0,brightness,5,C:\Users\ramti\Desktop\ramtin legion pc\article_project\data\raw\pdraw_wave\test\parkinson\V02PO01.png,1,0.766852,1
pdraw_wave,efficientnet_b0,brightness,5,C:\Users\ramti\Desktop\ramtin legion pc\article_project\data\raw\pdraw_wave\test\parkinson\V03PO01.png,1,0.362677,0
pdraw_wave,efficientnet_b0,brightness,5,C:\Users\ramti\Desktop\ramtin legion pc\article_project\data\raw\pdraw_wave\test\parkinson\V03PO04.png,1,0.867956,1
pdraw_wave,efficientnet_b0,brightness,5,C:\Users\ramti\Desktop\ramtin legion pc\article_project\data\raw\pdraw_wave\test\parkinson\V03PO07.png,1,0.865604,1
pdraw_wave,efficientnet_b0,brightness,5,C:\Users\ramti\Desktop\ramtin legion pc\article_project\data\raw\pdraw_wave\test\parkinson\V04PO01.png,1,0.850730,1
pdraw_wave,efficientnet_b0,brightness,5,C:\Users\ramti\Desktop\ramtin legion pc\article_project\data\raw\pdraw_wave\test\parkinson\V05PO01.png,1,0.639951,1
pdraw_wave,efficientnet_b0,brightness,5,C:\Users\ramti\Desktop\ramtin legion pc\article_project\data\raw\pdraw_wave\test\parkinson\V06PO01.png,1,0.746722,1
pdraw_wave,efficientnet_b0,brightness,5,C:\Users\ramti\Desktop\ramtin legion pc\article_project\data\raw\pdraw_wave\test\parkinson\V07PO01.png,1,0.845899,1
pdraw_wave,efficientnet_b0,brightness,5,C:\Users\ramti\Desktop\ramtin legion pc\article_project\data\raw\pdraw_wave\test\parkinson\V08PO01.png,1,0.077407,0
pdraw_wave,efficientnet_b0,brightness,5,C:\Users\ramti\Desktop\ramtin legion pc\article_project\data\raw\pdraw_wave\test\parkinson\V09PO01.png,1,0.915258,1
pdraw_wave,efficientnet_b0,brightness,5,C:\Users\ramti\Desktop\ramtin legion pc\article_project\data\raw\pdraw_wave\test\parkinson\V10PO01.png,1,0.581277,1
pdraw_wave,efficientnet_b0,brightness,5,C:\Users\ramti\Desktop\ramtin legion pc\article_project\data\raw\pdraw_wave\test\parkinson\V11PO01.png,1,0.223096,0
pdraw_wave,efficientnet_b0,brightness,5,C:\Users\ramti\Desktop\ramtin legion pc\article_project\data\raw\pdraw_wave\test\parkinson\V14PO01.png,1,0.918812,1
pdraw_wave,efficientnet_b0,brightness,5,C:\Users\ramti\Desktop\ramtin legion pc\article_project\data\raw\pdraw_wave\test\parkinson\V14PO03.png,1,0.947077,1
pdraw_wave,efficientnet_b0,shadow,1,C:\Users\ramti\Desktop\ramtin legion pc\article_project\data\raw\pdraw_wave\test\healthy\V01HO01.png,0,0.624979,1
pdraw_wave,efficientnet_b0,shadow,1,C:\Users\ramti\Desktop\ramtin legion pc\article_project\data\raw\pdraw_wave\test\healthy\V02HO01.png,0,0.120151,0
pdraw_wave,efficientnet_b0,shadow,1,C:\Users\ramti\Desktop\ramtin legion pc\article_project\data\raw\pdraw_wave\test\healthy\V03HO01.png,0,0.160081,0
pdraw_wave,efficientnet_b0,shadow,1,C:\Users\ramti\Desktop\ramtin legion pc\article_project\data\raw\pdraw_wave\test\healthy\V04HO01.png,0,0.197085,0
pdraw_wave,efficientnet_b0,shadow,1,C:\Users\ramti\Desktop\ramtin legion pc\article_project\data\raw\pdraw_wave\test\healthy\V05HO01.png,0,0.772708,1
pdraw_wave,efficientnet_b0,shadow,1,C:\Users\ramti\Desktop\ramtin legion pc\article_project\data\raw\pdraw_wave\test\healthy\V06HO01.png,0,0.594469,1
pdraw_wave,efficientnet_b0,shadow,1,C:\Users\ramti\Desktop\ramtin legion pc\article_project\data\raw\pdraw_wave\test\healthy\V07HO01.png,0,0.065645,0
pdraw_wave,efficientnet_b0,shadow,1,C:\Users\ramti\Desktop\ramtin legion pc\article_project\data\raw\pdraw_wave\test\healthy\V08HO01.png,0,0.350064,0
pdraw_wave,efficientnet_b0,shadow,1,C:\Users\ramti\Desktop\ramtin legion pc\article_project\data\raw\pdraw_wave\test\healthy\V09HO01.png,0,0.245248,0
pdraw_wave,efficientnet_b0,shadow,1,C:\Users\ramti\Desktop\ramtin legion pc\article_project\data\raw\pdraw_wave\test\healthy\V10HO01.png,0,0.557061,1
pdraw_wave,efficientnet_b0,shadow,1,C:\Users\ramti\Desktop\ramtin legion pc\article_project\data\raw\pdraw_wave\test\healthy\V11HO01.png,0,0.226975,0
pdraw_wave,efficientnet_b0,shadow,1,C:\Users\ramti\Desktop\ramtin legion pc\article_project\data\raw\pdraw_wave\test\healthy\V55HO08.png,0,0.142068,0
pdraw_wave,efficientnet_b0,shadow,1,C:\Users\ramti\Desktop\ramtin legion pc\article_project\data\raw\pdraw_wave\test\healthy\V55HO09.png,0,0.359365,0
pdraw_wave,efficientnet_b0,shadow,1,C:\Users\ramti\Desktop\ramtin legion pc\article_project\data\raw\pdraw_wave\test\healthy\V55HO10.png,0,0.204807,0
pdraw_wave,efficientnet_b0,shadow,1,C:\Users\ramti\Desktop\ramtin legion pc\article_project\data\raw\pdraw_wave\test\healthy\V55HO11.png,0,0.428699,1
pdraw_wave,efficientnet_b0,shadow,1,C:\Users\ramti\Desktop\ramtin legion pc\article_project\data\raw\pdraw_wave\test\parkinson\V01PO01.png,1,0.605470,1
pdraw_wave,efficientnet_b0,shadow,1,C:\Users\ramti\Desktop\ramtin legion pc\article_project\data\raw\pdraw_wave\test\parkinson\V02PO01.png,1,0.977220,1
pdraw_wave,efficientnet_b0,shadow,1,C:\Users\ramti\Desktop\ramtin legion pc\article_project\data\raw\pdraw_wave\test\parkinson\V03PO01.png,1,0.950685,1
pdraw_wave,efficientnet_b0,shadow,1,C:\Users\ramti\Desktop\ramtin legion pc\article_project\data\raw\pdraw_wave\test\parkinson\V03PO04.png,1,0.987728,1
pdraw_wave,efficientnet_b0,shadow,1,C:\Users\ramti\Desktop\ramtin legion pc\article_project\data\raw\pdraw_wave\test\parkinson\V03PO07.png,1,0.991333,1
pdraw_wave,efficientnet_b0,shadow,1,C:\Users\ramti\Desktop\ramtin legion pc\article_project\data\raw\pdraw_wave\test\parkinson\V04PO01.png,1,0.986319,1
pdraw_wave,efficientnet_b0,shadow,1,C:\Users\ramti\Desktop\ramtin legion pc\article_project\data\raw\pdraw_wave\test\parkinson\V05PO01.png,1,0.969951,1
pdraw_wave,efficientnet_b0,shadow,1,C:\Users\ramti\Desktop\ramtin legion pc\article_project\data\raw\pdraw_wave\test\parkinson\V06PO01.png,1,0.985781,1
pdraw_wave,efficientnet_b0,shadow,1,C:\Users\ramti\Desktop\ramtin legion pc\article_project\data\raw\pdraw_wave\test\parkinson\V07PO01.png,1,0.988202,1
pdraw_wave,efficientnet_b0,shadow,1,C:\Users\ramti\Desktop\ramtin legion pc\article_project\data\raw\pdraw_wave\test\parkinson\V08PO01.png,1,0.386157,0
pdraw_wave,efficientnet_b0,shadow,1,C:\Users\ramti\Desktop\ramtin legion pc\article_project\data\raw\pdraw_wave\test\parkinson\V09PO01.png,1,0.987210,1
pdraw_wave,efficientnet_b0,shadow,1,C:\Users\ramti\Desktop\ramtin legion pc\article_project\data\raw\pdraw_wave\test\parkinson\V10PO01.png,1,0.850043,1
pdraw_wave,efficientnet_b0,shadow,1,C:\Users\ramti\Desktop\ramtin legion pc\article_project\data\raw\pdraw_wave\test\parkinson\V11PO01.png,1,0.450428,1
pdraw_wave,efficientnet_b0,shadow,1,C:\Users\ramti\Desktop\ramtin legion pc\article_project\data\raw\pdraw_wave\test\parkinson\V14PO01.png,1,0.980437,1
pdraw_wave,efficientnet_b0,shadow,1,C:\Users\ramti\Desktop\ramtin legion pc\article_project\data\raw\pdraw_wave\test\parkinson\V14PO03.png,1,0.983391,1
pdraw_wave,efficientnet_b0,shadow,2,C:\Users\ramti\Desktop\ramtin legion pc\article_project\data\raw\pdraw_wave\test\healthy\V01HO01.png,0,0.766087,1
pdraw_wave,efficientnet_b0,shadow,2,C:\Users\ramti\Desktop\ramtin legion pc\article_project\data\raw\pdraw_wave\test\healthy\V02HO01.png,0,0.194460,0
pdraw_wave,efficientnet_b0,shadow,2,C:\Users\ramti\Desktop\ramtin legion pc\article_project\data\raw\pdraw_wave\test\healthy\V03HO01.png,0,0.220773,0
pdraw_wave,efficientnet_b0,shadow,2,C:\Users\ramti\Desktop\ramtin legion pc\article_project\data\raw\pdraw_wave\test\healthy\V04HO01.png,0,0.242646,0
pdraw_wave,efficientnet_b0,shadow,2,C:\Users\ramti\Desktop\ramtin legion pc\article_project\data\raw\pdraw_wave\test\healthy\V05HO01.png,0,0.867325,1
pdraw_wave,efficientnet_b0,shadow,2,C:\Users\ramti\Desktop\ramtin legion pc\article_project\data\raw\pdraw_wave\test\healthy\V06HO01.png,0,0.747333,1
pdraw_wave,efficientnet_b0,shadow,2,C:\Users\ramti\Desktop\ramtin legion pc\article_project\data\raw\pdraw_wave\test\healthy\V07HO01.png,0,0.122933,0
pdraw_wave,efficientnet_b0,shadow,2,C:\Users\ramti\Desktop\ramtin legion pc\article_project\data\raw\pdraw_wave\test\healthy\V08HO01.png,0,0.438170,1
pdraw_wave,efficientnet_b0,shadow,2,C:\Users\ramti\Desktop\ramtin legion pc\article_project\data\raw\pdraw_wave\test\healthy\V09HO01.png,0,0.342802,0
pdraw_wave,efficientnet_b0,shadow,2,C:\Users\ramti\Desktop\ramtin legion pc\article_project\data\raw\pdraw_wave\test\healthy\V10HO01.png,0,0.667266,1
pdraw_wave,efficientnet_b0,shadow,2,C:\Users\ramti\Desktop\ramtin legion pc\article_project\data\raw\pdraw_wave\test\healthy\V11HO01.png,0,0.347166,0
pdraw_wave,efficientnet_b0,shadow,2,C:\Users\ramti\Desktop\ramtin legion pc\article_project\data\raw\pdraw_wave\test\healthy\V55HO08.png,0,0.199666,0
pdraw_wave,efficientnet_b0,shadow,2,C:\Users\ramti\Desktop\ramtin legion pc\article_project\data\raw\pdraw_wave\test\healthy\V55HO09.png,0,0.421478,1
pdraw_wave,efficientnet_b0,shadow,2,C:\Users\ramti\Desktop\ramtin legion pc\article_project\data\raw\pdraw_wave\test\healthy\V55HO10.png,0,0.279069,0
pdraw_wave,efficientnet_b0,shadow,2,C:\Users\ramti\Desktop\ramtin legion pc\article_project\data\raw\pdraw_wave\test\healthy\V55HO11.png,0,0.521453,1
pdraw_wave,efficientnet_b0,shadow,2,C:\Users\ramti\Desktop\ramtin legion pc\article_project\data\raw\pdraw_wave\test\parkinson\V01PO01.png,1,0.668602,1
pdraw_wave,efficientnet_b0,shadow,2,C:\Users\ramti\Desktop\ramtin legion pc\article_project\data\raw\pdraw_wave\test\parkinson\V02PO01.png,1,0.979238,1
pdraw_wave,efficientnet_b0,shadow,2,C:\Users\ramti\Desktop\ramtin legion pc\article_project\data\raw\pdraw_wave\test\parkinson\V03PO01.png,1,0.956184,1
pdraw_wave,efficientnet_b0,shadow,2,C:\Users\ramti\Desktop\ramtin legion pc\article_project\data\raw\pdraw_wave\test\parkinson\V03PO04.png,1,0.987058,1
pdraw_wave,efficientnet_b0,shadow,2,C:\Users\ramti\Desktop\ramtin legion pc\article_project\data\raw\pdraw_wave\test\parkinson\V03PO07.png,1,0.990616,1
pdraw_wave,efficientnet_b0,shadow,2,C:\Users\ramti\Desktop\ramtin legion pc\article_project\data\raw\pdraw_wave\test\parkinson\V04PO01.png,1,0.986426,1
pdraw_wave,efficientnet_b0,shadow,2,C:\Users\ramti\Desktop\ramtin legion pc\article_project\data\raw\pdraw_wave\test\parkinson\V05PO01.png,1,0.967683,1
pdraw_wave,efficientnet_b0,shadow,2,C:\Users\ramti\Desktop\ramtin legion pc\article_project\data\raw\pdraw_wave\test\parkinson\V06PO01.png,1,0.986358,1
pdraw_wave,efficientnet_b0,shadow,2,C:\Users\ramti\Desktop\ramtin legion pc\article_project\data\raw\pdraw_wave\test\parkinson\V07PO01.png,1,0.984469,1
pdraw_wave,efficientnet_b0,shadow,2,C:\Users\ramti\Desktop\ramtin legion pc\article_project\data\raw\pdraw_wave\test\parkinson\V08PO01.png,1,0.530122,1
pdraw_wave,efficientnet_b0,shadow,2,C:\Users\ramti\Desktop\ramtin legion pc\article_project\data\raw\pdraw_wave\test\parkinson\V09PO01.png,1,0.985569,1
pdraw_wave,efficientnet_b0,shadow,2,C:\Users\ramti\Desktop\ramtin legion pc\article_project\data\raw\pdraw_wave\test\parkinson\V10PO01.png,1,0.892997,1
pdraw_wave,efficientnet_b0,shadow,2,C:\Users\ramti\Desktop\ramtin legion pc\article_project\data\raw\pdraw_wave\test\parkinson\V11PO01.png,1,0.643065,1
pdraw_wave,efficientnet_b0,shadow,2,C:\Users\ramti\Desktop\ramtin legion pc\article_project\data\raw\pdraw_wave\test\parkinson\V14PO01.png,1,0.980247,1
pdraw_wave,efficientnet_b0,shadow,2,C:\Users\ramti\Desktop\ramtin legion pc\article_project\data\raw\pdraw_wave\test\parkinson\V14PO03.png,1,0.982966,1
pdraw_wave,efficientnet_b0,shadow,3,C:\Users\ramti\Desktop\ramtin legion pc\article_project\data\raw\pdraw_wave\test\healthy\V01HO01.png,0,0.854205,1
pdraw_wave,efficientnet_b0,shadow,3,C:\Users\ramti\Desktop\ramtin legion pc\article_project\data\raw\pdraw_wave\test\healthy\V02HO01.png,0,0.291124,0
pdraw_wave,efficientnet_b0,shadow,3,C:\Users\ramti\Desktop\ramtin legion pc\article_project\data\raw\pdraw_wave\test\healthy\V03HO01.png,0,0.330699,0
pdraw_wave,efficientnet_b0,shadow,3,C:\Users\ramti\Desktop\ramtin legion pc\article_project\data\raw\pdraw_wave\test\healthy\V04HO01.png,0,0.293705,0
pdraw_wave,efficientnet_b0,shadow,3,C:\Users\ramti\Desktop\ramtin legion pc\article_project\data\raw\pdraw_wave\test\healthy\V05HO01.png,0,0.907501,1
pdraw_wave,efficientnet_b0,shadow,3,C:\Users\ramti\Desktop\ramtin legion pc\article_project\data\raw\pdraw_wave\test\healthy\V06HO01.png,0,0.802327,1
pdraw_wave,efficientnet_b0,shadow,3,C:\Users\ramti\Desktop\ramtin legion pc\article_project\data\raw\pdraw_wave\test\healthy\V07HO01.png,0,0.221757,0
pdraw_wave,efficientnet_b0,shadow,3,C:\Users\ramti\Desktop\ramtin legion pc\article_project\data\raw\pdraw_wave\test\healthy\V08HO01.png,0,0.500063,1
pdraw_wave,efficientnet_b0,shadow,3,C:\Users\ramti\Desktop\ramtin legion pc\article_project\data\raw\pdraw_wave\test\healthy\V09HO01.png,0,0.416266,1
pdraw_wave,efficientnet_b0,shadow,3,C:\Users\ramti\Desktop\ramtin legion pc\article_project\data\raw\pdraw_wave\test\healthy\V10HO01.png,0,0.764063,1
pdraw_wave,efficientnet_b0,shadow,3,C:\Users\ramti\Desktop\ramtin legion pc\article_project\data\raw\pdraw_wave\test\healthy\V11HO01.png,0,0.461821,1
pdraw_wave,efficientnet_b0,shadow,3,C:\Users\ramti\Desktop\ramtin legion pc\article_project\data\raw\pdraw_wave\test\healthy\V55HO08.png,0,0.243732,0
pdraw_wave,efficientnet_b0,shadow,3,C:\Users\ramti\Desktop\ramtin legion pc\article_project\data\raw\pdraw_wave\test\healthy\V55HO09.png,0,0.491985,1
pdraw_wave,efficientnet_b0,shadow,3,C:\Users\ramti\Desktop\ramtin legion pc\article_project\data\raw\pdraw_wave\test\healthy\V55HO10.png,0,0.381897,0
pdraw_wave,efficientnet_b0,shadow,3,C:\Users\ramti\Desktop\ramtin legion pc\article_project\data\raw\pdraw_wave\test\healthy\V55HO11.png,0,0.665217,1
pdraw_wave,efficientnet_b0,shadow,3,C:\Users\ramti\Desktop\ramtin legion pc\article_project\data\raw\pdraw_wave\test\parkinson\V01PO01.png,1,0.721370,1
pdraw_wave,efficientnet_b0,shadow,3,C:\Users\ramti\Desktop\ramtin legion pc\article_project\data\raw\pdraw_wave\test\parkinson\V02PO01.png,1,0.982350,1
pdraw_wave,efficientnet_b0,shadow,3,C:\Users\ramti\Desktop\ramtin legion pc\article_project\data\raw\pdraw_wave\test\parkinson\V03PO01.png,1,0.952212,1
pdraw_wave,efficientnet_b0,shadow,3,C:\Users\ramti\Desktop\ramtin legion pc\article_project\data\raw\pdraw_wave\test\parkinson\V03PO04.png,1,0.985002,1
pdraw_wave,efficientnet_b0,shadow,3,C:\Users\ramti\Desktop\ramtin legion pc\article_project\data\raw\pdraw_wave\test\parkinson\V03PO07.png,1,0.988478,1
pdraw_wave,efficientnet_b0,shadow,3,C:\Users\ramti\Desktop\ramtin legion pc\article_project\data\raw\pdraw_wave\test\parkinson\V04PO01.png,1,0.985645,1
pdraw_wave,efficientnet_b0,shadow,3,C:\Users\ramti\Desktop\ramtin legion pc\article_project\data\raw\pdraw_wave\test\parkinson\V05PO01.png,1,0.967750,1
pdraw_wave,efficientnet_b0,shadow,3,C:\Users\ramti\Desktop\ramtin legion pc\article_project\data\raw\pdraw_wave\test\parkinson\V06PO01.png,1,0.984804,1
pdraw_wave,efficientnet_b0,shadow,3,C:\Users\ramti\Desktop\ramtin legion pc\article_project\data\raw\pdraw_wave\test\parkinson\V07PO01.png,1,0.980731,1
pdraw_wave,efficientnet_b0,shadow,3,C:\Users\ramti\Desktop\ramtin legion pc\article_project\data\raw\pdraw_wave\test\parkinson\V08PO01.png,1,0.598437,1
pdraw_wave,efficientnet_b0,shadow,3,C:\Users\ramti\Desktop\ramtin legion pc\article_project\data\raw\pdraw_wave\test\parkinson\V09PO01.png,1,0.983622,1
pdraw_wave,efficientnet_b0,shadow,3,C:\Users\ramti\Desktop\ramtin legion pc\article_project\data\raw\pdraw_wave\test\parkinson\V10PO01.png,1,0.915031,1
pdraw_wave,efficientnet_b0,shadow,3,C:\Users\ramti\Desktop\ramtin legion pc\article_project\data\raw\pdraw_wave\test\parkinson\V11PO01.png,1,0.753052,1
pdraw_wave,efficientnet_b0,shadow,3,C:\Users\ramti\Desktop\ramtin legion pc\article_project\data\raw\pdraw_wave\test\parkinson\V14PO01.png,1,0.978049,1
pdraw_wave,efficientnet_b0,shadow,3,C:\Users\ramti\Desktop\ramtin legion pc\article_project\data\raw\pdraw_wave\test\parkinson\V14PO03.png,1,0.982473,1
pdraw_wave,efficientnet_b0,shadow,4,C:\Users\ramti\Desktop\ramtin legion pc\article_project\data\raw\pdraw_wave\test\healthy\V01HO01.png,0,0.883039,1
pdraw_wave,efficientnet_b0,shadow,4,C:\Users\ramti\Desktop\ramtin legion pc\article_project\data\raw\pdraw_wave\test\healthy\V02HO01.png,0,0.360291,0
pdraw_wave,efficientnet_b0,shadow,4,C:\Users\ramti\Desktop\ramtin legion pc\article_project\data\raw\pdraw_wave\test\healthy\V03HO01.png,0,0.419742,1
pdraw_wave,efficientnet_b0,shadow,4,C:\Users\ramti\Desktop\ramtin legion pc\article_project\data\raw\pdraw_wave\test\healthy\V04HO01.png,0,0.313269,0
pdraw_wave,efficientnet_b0,shadow,4,C:\Users\ramti\Desktop\ramtin legion pc\article_project\data\raw\pdraw_wave\test\healthy\V05HO01.png,0,0.925716,1
pdraw_wave,efficientnet_b0,shadow,4,C:\Users\ramti\Desktop\ramtin legion pc\article_project\data\raw\pdraw_wave\test\healthy\V06HO01.png,0,0.815504,1
pdraw_wave,efficientnet_b0,shadow,4,C:\Users\ramti\Desktop\ramtin legion pc\article_project\data\raw\pdraw_wave\test\healthy\V07HO01.png,0,0.274588,0
pdraw_wave,efficientnet_b0,shadow,4,C:\Users\ramti\Desktop\ramtin legion pc\article_project\data\raw\pdraw_wave\test\healthy\V08HO01.png,0,0.547125,1
pdraw_wave,efficientnet_b0,shadow,4,C:\Users\ramti\Desktop\ramtin legion pc\article_project\data\raw\pdraw_wave\test\healthy\V09HO01.png,0,0.457667,1
pdraw_wave,efficientnet_b0,shadow,4,C:\Users\ramti\Desktop\ramtin legion pc\article_project\data\raw\pdraw_wave\test\healthy\V10HO01.png,0,0.770148,1
pdraw_wave,efficientnet_b0,shadow,4,C:\Users\ramti\Desktop\ramtin legion pc\article_project\data\raw\pdraw_wave\test\healthy\V11HO01.png,0,0.528754,1
pdraw_wave,efficientnet_b0,shadow,4,C:\Users\ramti\Desktop\ramtin legion pc\article_project\data\raw\pdraw_wave\test\healthy\V55HO08.png,0,0.278376,0
pdraw_wave,efficientnet_b0,shadow,4,C:\Users\ramti\Desktop\ramtin legion pc\article_project\data\raw\pdraw_wave\test\healthy\V55HO09.png,0,0.567432,1
pdraw_wave,efficientnet_b0,shadow,4,C:\Users\ramti\Desktop\ramtin legion pc\article_project\data\raw\pdraw_wave\test\healthy\V55HO10.png,0,0.444828,1
pdraw_wave,efficientnet_b0,shadow,4,C:\Users\ramti\Desktop\ramtin legion pc\article_project\data\raw\pdraw_wave\test\healthy\V55HO11.png,0,0.762888,1
pdraw_wave,efficientnet_b0,shadow,4,C:\Users\ramti\Desktop\ramtin legion pc\article_project\data\raw\pdraw_wave\test\parkinson\V01PO01.png,1,0.734092,1
pdraw_wave,efficientnet_b0,shadow,4,C:\Users\ramti\Desktop\ramtin legion pc\article_project\data\raw\pdraw_wave\test\parkinson\V02PO01.png,1,0.983941,1
pdraw_wave,efficientnet_b0,shadow,4,C:\Users\ramti\Desktop\ramtin legion pc\article_project\data\raw\pdraw_wave\test\parkinson\V03PO01.png,1,0.950238,1
pdraw_wave,efficientnet_b0,shadow,4,C:\Users\ramti\Desktop\ramtin legion pc\article_project\data\raw\pdraw_wave\test\parkinson\V03PO04.png,1,0.982931,1
pdraw_wave,efficientnet_b0,shadow,4,C:\Users\ramti\Desktop\ramtin legion pc\article_project\data\raw\pdraw_wave\test\parkinson\V03PO07.png,1,0.985816,1
pdraw_wave,efficientnet_b0,shadow,4,C:\Users\ramti\Desktop\ramtin legion pc\article_project\data\raw\pdraw_wave\test\parkinson\V04PO01.png,1,0.984561,1
pdraw_wave,efficientnet_b0,shadow,4,C:\Users\ramti\Desktop\ramtin legion pc\article_project\data\raw\pdraw_wave\test\parkinson\V05PO01.png,1,0.966919,1
pdraw_wave,efficientnet_b0,shadow,4,C:\Users\ramti\Desktop\ramtin legion pc\article_project\data\raw\pdraw_wave\test\parkinson\V06PO01.png,1,0.982418,1
pdraw_wave,efficientnet_b0,shadow,4,C:\Users\ramti\Desktop\ramtin legion pc\article_project\data\raw\pdraw_wave\test\parkinson\V07PO01.png,1,0.978535,1
pdraw_wave,efficientnet_b0,shadow,4,C:\Users\ramti\Desktop\ramtin legion pc\article_project\data\raw\pdraw_wave\test\parkinson\V08PO01.png,1,0.614594,1
pdraw_wave,efficientnet_b0,shadow,4,C:\Users\ramti\Desktop\ramtin legion pc\article_project\data\raw\pdraw_wave\test\parkinson\V09PO01.png,1,0.981613,1
pdraw_wave,efficientnet_b0,shadow,4,C:\Users\ramti\Desktop\ramtin legion pc\article_project\data\raw\pdraw_wave\test\parkinson\V10PO01.png,1,0.925861,1
pdraw_wave,efficientnet_b0,shadow,4,C:\Users\ramti\Desktop\ramtin legion pc\article_project\data\raw\pdraw_wave\test\parkinson\V11PO01.png,1,0.807848,1
pdraw_wave,efficientnet_b0,shadow,4,C:\Users\ramti\Desktop\ramtin legion pc\article_project\data\raw\pdraw_wave\test\parkinson\V14PO01.png,1,0.975196,1
pdraw_wave,efficientnet_b0,shadow,4,C:\Users\ramti\Desktop\ramtin legion pc\article_project\data\raw\pdraw_wave\test\parkinson\V14PO03.png,1,0.981376,1
pdraw_wave,efficientnet_b0,shadow,5,C:\Users\ramti\Desktop\ramtin legion pc\article_project\data\raw\pdraw_wave\test\healthy\V01HO01.png,0,0.895086,1
pdraw_wave,efficientnet_b0,shadow,5,C:\Users\ramti\Desktop\ramtin legion pc\article_project\data\raw\pdraw_wave\test\healthy\V02HO01.png,0,0.373558,0
pdraw_wave,efficientnet_b0,shadow,5,C:\Users\ramti\Desktop\ramtin legion pc\article_project\data\raw\pdraw_wave\test\healthy\V03HO01.png,0,0.441229,1
pdraw_wave,efficientnet_b0,shadow,5,C:\Users\ramti\Desktop\ramtin legion pc\article_project\data\raw\pdraw_wave\test\healthy\V04HO01.png,0,0.309328,0
pdraw_wave,efficientnet_b0,shadow,5,C:\Users\ramti\Desktop\ramtin legion pc\article_project\data\raw\pdraw_wave\test\healthy\V05HO01.png,0,0.929816,1
pdraw_wave,efficientnet_b0,shadow,5,C:\Users\ramti\Desktop\ramtin legion pc\article_project\data\raw\pdraw_wave\test\healthy\V06HO01.png,0,0.810086,1
pdraw_wave,efficientnet_b0,shadow,5,C:\Users\ramti\Desktop\ramtin legion pc\article_project\data\raw\pdraw_wave\test\healthy\V07HO01.png,0,0.297995,0
pdraw_wave,efficientnet_b0,shadow,5,C:\Users\ramti\Desktop\ramtin legion pc\article_project\data\raw\pdraw_wave\test\healthy\V08HO01.png,0,0.584467,1
pdraw_wave,efficientnet_b0,shadow,5,C:\Users\ramti\Desktop\ramtin legion pc\article_project\data\raw\pdraw_wave\test\healthy\V09HO01.png,0,0.456999,1
pdraw_wave,efficientnet_b0,shadow,5,C:\Users\ramti\Desktop\ramtin legion pc\article_project\data\raw\pdraw_wave\test\healthy\V10HO01.png,0,0.771535,1
pdraw_wave,efficientnet_b0,shadow,5,C:\Users\ramti\Desktop\ramtin legion pc\article_project\data\raw\pdraw_wave\test\healthy\V11HO01.png,0,0.549684,1
pdraw_wave,efficientnet_b0,shadow,5,C:\Users\ramti\Desktop\ramtin legion pc\article_project\data\raw\pdraw_wave\test\healthy\V55HO08.png,0,0.291588,0
pdraw_wave,efficientnet_b0,shadow,5,C:\Users\ramti\Desktop\ramtin legion pc\article_project\data\raw\pdraw_wave\test\healthy\V55HO09.png,0,0.598992,1
pdraw_wave,efficientnet_b0,shadow,5,C:\Users\ramti\Desktop\ramtin legion pc\article_project\data\raw\pdraw_wave\test\healthy\V55HO10.png,0,0.469059,1
pdraw_wave,efficientnet_b0,shadow,5,C:\Users\ramti\Desktop\ramtin legion pc\article_project\data\raw\pdraw_wave\test\healthy\V55HO11.png,0,0.798779,1
pdraw_wave,efficientnet_b0,shadow,5,C:\Users\ramti\Desktop\ramtin legion pc\article_project\data\raw\pdraw_wave\test\parkinson\V01PO01.png,1,0.740663,1
pdraw_wave,efficientnet_b0,shadow,5,C:\Users\ramti\Desktop\ramtin legion pc\article_project\data\raw\pdraw_wave\test\parkinson\V02PO01.png,1,0.983717,1
pdraw_wave,efficientnet_b0,shadow,5,C:\Users\ramti\Desktop\ramtin legion pc\article_project\data\raw\pdraw_wave\test\parkinson\V03PO01.png,1,0.948113,1
pdraw_wave,efficientnet_b0,shadow,5,C:\Users\ramti\Desktop\ramtin legion pc\article_project\data\raw\pdraw_wave\test\parkinson\V03PO04.png,1,0.980704,1
pdraw_wave,efficientnet_b0,shadow,5,C:\Users\ramti\Desktop\ramtin legion pc\article_project\data\raw\pdraw_wave\test\parkinson\V03PO07.png,1,0.979955,1
pdraw_wave,efficientnet_b0,shadow,5,C:\Users\ramti\Desktop\ramtin legion pc\article_project\data\raw\pdraw_wave\test\parkinson\V04PO01.png,1,0.983102,1
pdraw_wave,efficientnet_b0,shadow,5,C:\Users\ramti\Desktop\ramtin legion pc\article_project\data\raw\pdraw_wave\test\parkinson\V05PO01.png,1,0.964262,1
pdraw_wave,efficientnet_b0,shadow,5,C:\Users\ramti\Desktop\ramtin legion pc\article_project\data\raw\pdraw_wave\test\parkinson\V06PO01.png,1,0.978310,1
pdraw_wave,efficientnet_b0,shadow,5,C:\Users\ramti\Desktop\ramtin legion pc\article_project\data\raw\pdraw_wave\test\parkinson\V07PO01.png,1,0.974381,1
pdraw_wave,efficientnet_b0,shadow,5,C:\Users\ramti\Desktop\ramtin legion pc\article_project\data\raw\pdraw_wave\test\parkinson\V08PO01.png,1,0.587952,1
pdraw_wave,efficientnet_b0,shadow,5,C:\Users\ramti\Desktop\ramtin legion pc\article_project\data\raw\pdraw_wave\test\parkinson\V09PO01.png,1,0.979662,1
pdraw_wave,efficientnet_b0,shadow,5,C:\Users\ramti\Desktop\ramtin legion pc\article_project\data\raw\pdraw_wave\test\parkinson\V10PO01.png,1,0.928424,1
pdraw_wave,efficientnet_b0,shadow,5,C:\Users\ramti\Desktop\ramtin legion pc\article_project\data\raw\pdraw_wave\test\parkinson\V11PO01.png,1,0.829068,1
pdraw_wave,efficientnet_b0,shadow,5,C:\Users\ramti\Desktop\ramtin legion pc\article_project\data\raw\pdraw_wave\test\parkinson\V14PO01.png,1,0.971580,1
pdraw_wave,efficientnet_b0,shadow,5,C:\Users\ramti\Desktop\ramtin legion pc\article_project\data\raw\pdraw_wave\test\parkinson\V14PO03.png,1,0.977655,1
pdraw_wave,efficientnet_b0,perspective,1,C:\Users\ramti\Desktop\ramtin legion pc\article_project\data\raw\pdraw_wave\test\healthy\V01HO01.png,0,0.526032,1
pdraw_wave,efficientnet_b0,perspective,1,C:\Users\ramti\Desktop\ramtin legion pc\article_project\data\raw\pdraw_wave\test\healthy\V02HO01.png,0,0.069591,0
pdraw_wave,efficientnet_b0,perspective,1,C:\Users\ramti\Desktop\ramtin legion pc\article_project\data\raw\pdraw_wave\test\healthy\V03HO01.png,0,0.218441,0
pdraw_wave,efficientnet_b0,perspective,1,C:\Users\ramti\Desktop\ramtin legion pc\article_project\data\raw\pdraw_wave\test\healthy\V04HO01.png,0,0.210951,0
pdraw_wave,efficientnet_b0,perspective,1,C:\Users\ramti\Desktop\ramtin legion pc\article_project\data\raw\pdraw_wave\test\healthy\V05HO01.png,0,0.436532,1
pdraw_wave,efficientnet_b0,perspective,1,C:\Users\ramti\Desktop\ramtin legion pc\article_project\data\raw\pdraw_wave\test\healthy\V06HO01.png,0,0.092802,0
pdraw_wave,efficientnet_b0,perspective,1,C:\Users\ramti\Desktop\ramtin legion pc\article_project\data\raw\pdraw_wave\test\healthy\V07HO01.png,0,0.122242,0
pdraw_wave,efficientnet_b0,perspective,1,C:\Users\ramti\Desktop\ramtin legion pc\article_project\data\raw\pdraw_wave\test\healthy\V08HO01.png,0,0.073149,0
pdraw_wave,efficientnet_b0,perspective,1,C:\Users\ramti\Desktop\ramtin legion pc\article_project\data\raw\pdraw_wave\test\healthy\V09HO01.png,0,0.188448,0
pdraw_wave,efficientnet_b0,perspective,1,C:\Users\ramti\Desktop\ramtin legion pc\article_project\data\raw\pdraw_wave\test\healthy\V10HO01.png,0,0.265276,0
pdraw_wave,efficientnet_b0,perspective,1,C:\Users\ramti\Desktop\ramtin legion pc\article_project\data\raw\pdraw_wave\test\healthy\V11HO01.png,0,0.024136,0
pdraw_wave,efficientnet_b0,perspective,1,C:\Users\ramti\Desktop\ramtin legion pc\article_project\data\raw\pdraw_wave\test\healthy\V55HO08.png,0,0.119982,0
pdraw_wave,efficientnet_b0,perspective,1,C:\Users\ramti\Desktop\ramtin legion pc\article_project\data\raw\pdraw_wave\test\healthy\V55HO09.png,0,0.516859,1
pdraw_wave,efficientnet_b0,perspective,1,C:\Users\ramti\Desktop\ramtin legion pc\article_project\data\raw\pdraw_wave\test\healthy\V55HO10.png,0,0.156252,0
pdraw_wave,efficientnet_b0,perspective,1,C:\Users\ramti\Desktop\ramtin legion pc\article_project\data\raw\pdraw_wave\test\healthy\V55HO11.png,0,0.499874,1
pdraw_wave,efficientnet_b0,perspective,1,C:\Users\ramti\Desktop\ramtin legion pc\article_project\data\raw\pdraw_wave\test\parkinson\V01PO01.png,1,0.532416,1
pdraw_wave,efficientnet_b0,perspective,1,C:\Users\ramti\Desktop\ramtin legion pc\article_project\data\raw\pdraw_wave\test\parkinson\V02PO01.png,1,0.858159,1
pdraw_wave,efficientnet_b0,perspective,1,C:\Users\ramti\Desktop\ramtin legion pc\article_project\data\raw\pdraw_wave\test\parkinson\V03PO01.png,1,0.863353,1
pdraw_wave,efficientnet_b0,perspective,1,C:\Users\ramti\Desktop\ramtin legion pc\article_project\data\raw\pdraw_wave\test\parkinson\V03PO04.png,1,0.982279,1
pdraw_wave,efficientnet_b0,perspective,1,C:\Users\ramti\Desktop\ramtin legion pc\article_project\data\raw\pdraw_wave\test\parkinson\V03PO07.png,1,0.974849,1
pdraw_wave,efficientnet_b0,perspective,1,C:\Users\ramti\Desktop\ramtin legion pc\article_project\data\raw\pdraw_wave\test\parkinson\V04PO01.png,1,0.956882,1
pdraw_wave,efficientnet_b0,perspective,1,C:\Users\ramti\Desktop\ramtin legion pc\article_project\data\raw\pdraw_wave\test\parkinson\V05PO01.png,1,0.959974,1
pdraw_wave,efficientnet_b0,perspective,1,C:\Users\ramti\Desktop\ramtin legion pc\article_project\data\raw\pdraw_wave\test\parkinson\V06PO01.png,1,0.926233,1
pdraw_wave,efficientnet_b0,perspective,1,C:\Users\ramti\Desktop\ramtin legion pc\article_project\data\raw\pdraw_wave\test\parkinson\V07PO01.png,1,0.976544,1
pdraw_wave,efficientnet_b0,perspective,1,C:\Users\ramti\Desktop\ramtin legion pc\article_project\data\raw\pdraw_wave\test\parkinson\V08PO01.png,1,0.146621,0
pdraw_wave,efficientnet_b0,perspective,1,C:\Users\ramti\Desktop\ramtin legion pc\article_project\data\raw\pdraw_wave\test\parkinson\V09PO01.png,1,0.961385,1
pdraw_wave,efficientnet_b0,perspective,1,C:\Users\ramti\Desktop\ramtin legion pc\article_project\data\raw\pdraw_wave\test\parkinson\V10PO01.png,1,0.580156,1
pdraw_wave,efficientnet_b0,perspective,1,C:\Users\ramti\Desktop\ramtin legion pc\article_project\data\raw\pdraw_wave\test\parkinson\V11PO01.png,1,0.246747,0
pdraw_wave,efficientnet_b0,perspective,1,C:\Users\ramti\Desktop\ramtin legion pc\article_project\data\raw\pdraw_wave\test\parkinson\V14PO01.png,1,0.969981,1
pdraw_wave,efficientnet_b0,perspective,1,C:\Users\ramti\Desktop\ramtin legion pc\article_project\data\raw\pdraw_wave\test\parkinson\V14PO03.png,1,0.985063,1
pdraw_wave,efficientnet_b0,perspective,2,C:\Users\ramti\Desktop\ramtin legion pc\article_project\data\raw\pdraw_wave\test\healthy\V01HO01.png,0,0.524871,1
pdraw_wave,efficientnet_b0,perspective,2,C:\Users\ramti\Desktop\ramtin legion pc\article_project\data\raw\pdraw_wave\test\healthy\V02HO01.png,0,0.093503,0
pdraw_wave,efficientnet_b0,perspective,2,C:\Users\ramti\Desktop\ramtin legion pc\article_project\data\raw\pdraw_wave\test\healthy\V03HO01.png,0,0.218693,0
pdraw_wave,efficientnet_b0,perspective,2,C:\Users\ramti\Desktop\ramtin legion pc\article_project\data\raw\pdraw_wave\test\healthy\V04HO01.png,0,0.289061,0
pdraw_wave,efficientnet_b0,perspective,2,C:\Users\ramti\Desktop\ramtin legion pc\article_project\data\raw\pdraw_wave\test\healthy\V05HO01.png,0,0.354423,0
pdraw_wave,efficientnet_b0,perspective,2,C:\Users\ramti\Desktop\ramtin legion pc\article_project\data\raw\pdraw_wave\test\healthy\V06HO01.png,0,0.146201,0
pdraw_wave,efficientnet_b0,perspective,2,C:\Users\ramti\Desktop\ramtin legion pc\article_project\data\raw\pdraw_wave\test\healthy\V07HO01.png,0,0.164493,0
pdraw_wave,efficientnet_b0,perspective,2,C:\Users\ramti\Desktop\ramtin legion pc\article_project\data\raw\pdraw_wave\test\healthy\V08HO01.png,0,0.103094,0
pdraw_wave,efficientnet_b0,perspective,2,C:\Users\ramti\Desktop\ramtin legion pc\article_project\data\raw\pdraw_wave\test\healthy\V09HO01.png,0,0.229225,0
pdraw_wave,efficientnet_b0,perspective,2,C:\Users\ramti\Desktop\ramtin legion pc\article_project\data\raw\pdraw_wave\test\healthy\V10HO01.png,0,0.312033,0
pdraw_wave,efficientnet_b0,perspective,2,C:\Users\ramti\Desktop\ramtin legion pc\article_project\data\raw\pdraw_wave\test\healthy\V11HO01.png,0,0.030132,0
pdraw_wave,efficientnet_b0,perspective,2,C:\Users\ramti\Desktop\ramtin legion pc\article_project\data\raw\pdraw_wave\test\healthy\V55HO08.png,0,0.144564,0
pdraw_wave,efficientnet_b0,perspective,2,C:\Users\ramti\Desktop\ramtin legion pc\article_project\data\raw\pdraw_wave\test\healthy\V55HO09.png,0,0.530798,1
pdraw_wave,efficientnet_b0,perspective,2,C:\Users\ramti\Desktop\ramtin legion pc\article_project\data\raw\pdraw_wave\test\healthy\V55HO10.png,0,0.152388,0
pdraw_wave,efficientnet_b0,perspective,2,C:\Users\ramti\Desktop\ramtin legion pc\article_project\data\raw\pdraw_wave\test\healthy\V55HO11.png,0,0.552970,1
pdraw_wave,efficientnet_b0,perspective,2,C:\Users\ramti\Desktop\ramtin legion pc\article_project\data\raw\pdraw_wave\test\parkinson\V01PO01.png,1,0.471539,1
pdraw_wave,efficientnet_b0,perspective,2,C:\Users\ramti\Desktop\ramtin legion pc\article_project\data\raw\pdraw_wave\test\parkinson\V02PO01.png,1,0.851211,1
pdraw_wave,efficientnet_b0,perspective,2,C:\Users\ramti\Desktop\ramtin legion pc\article_project\data\raw\pdraw_wave\test\parkinson\V03PO01.png,1,0.825052,1
pdraw_wave,efficientnet_b0,perspective,2,C:\Users\ramti\Desktop\ramtin legion pc\article_project\data\raw\pdraw_wave\test\parkinson\V03PO04.png,1,0.981745,1
pdraw_wave,efficientnet_b0,perspective,2,C:\Users\ramti\Desktop\ramtin legion pc\article_project\data\raw\pdraw_wave\test\parkinson\V03PO07.png,1,0.971437,1
pdraw_wave,efficientnet_b0,perspective,2,C:\Users\ramti\Desktop\ramtin legion pc\article_project\data\raw\pdraw_wave\test\parkinson\V04PO01.png,1,0.938905,1
pdraw_wave,efficientnet_b0,perspective,2,C:\Users\ramti\Desktop\ramtin legion pc\article_project\data\raw\pdraw_wave\test\parkinson\V05PO01.png,1,0.973164,1
pdraw_wave,efficientnet_b0,perspective,2,C:\Users\ramti\Desktop\ramtin legion pc\article_project\data\raw\pdraw_wave\test\parkinson\V06PO01.png,1,0.944235,1
pdraw_wave,efficientnet_b0,perspective,2,C:\Users\ramti\Desktop\ramtin legion pc\article_project\data\raw\pdraw_wave\test\parkinson\V07PO01.png,1,0.975371,1
pdraw_wave,efficientnet_b0,perspective,2,C:\Users\ramti\Desktop\ramtin legion pc\article_project\data\raw\pdraw_wave\test\parkinson\V08PO01.png,1,0.153771,0
pdraw_wave,efficientnet_b0,perspective,2,C:\Users\ramti\Desktop\ramtin legion pc\article_project\data\raw\pdraw_wave\test\parkinson\V09PO01.png,1,0.956482,1
pdraw_wave,efficientnet_b0,perspective,2,C:\Users\ramti\Desktop\ramtin legion pc\article_project\data\raw\pdraw_wave\test\parkinson\V10PO01.png,1,0.648227,1
pdraw_wave,efficientnet_b0,perspective,2,C:\Users\ramti\Desktop\ramtin legion pc\article_project\data\raw\pdraw_wave\test\parkinson\V11PO01.png,1,0.201970,0
pdraw_wave,efficientnet_b0,perspective,2,C:\Users\ramti\Desktop\ramtin legion pc\article_project\data\raw\pdraw_wave\test\parkinson\V14PO01.png,1,0.978682,1
pdraw_wave,efficientnet_b0,perspective,2,C:\Users\ramti\Desktop\ramtin legion pc\article_project\data\raw\pdraw_wave\test\parkinson\V14PO03.png,1,0.982993,1
pdraw_wave,efficientnet_b0,perspective,3,C:\Users\ramti\Desktop\ramtin legion pc\article_project\data\raw\pdraw_wave\test\healthy\V01HO01.png,0,0.482613,1
pdraw_wave,efficientnet_b0,perspective,3,C:\Users\ramti\Desktop\ramtin legion pc\article_project\data\raw\pdraw_wave\test\healthy\V02HO01.png,0,0.113804,0
pdraw_wave,efficientnet_b0,perspective,3,C:\Users\ramti\Desktop\ramtin legion pc\article_project\data\raw\pdraw_wave\test\healthy\V03HO01.png,0,0.290113,0
pdraw_wave,efficientnet_b0,perspective,3,C:\Users\ramti\Desktop\ramtin legion pc\article_project\data\raw\pdraw_wave\test\healthy\V04HO01.png,0,0.342624,0
pdraw_wave,efficientnet_b0,perspective,3,C:\Users\ramti\Desktop\ramtin legion pc\article_project\data\raw\pdraw_wave\test\healthy\V05HO01.png,0,0.338263,0
pdraw_wave,efficientnet_b0,perspective,3,C:\Users\ramti\Desktop\ramtin legion pc\article_project\data\raw\pdraw_wave\test\healthy\V06HO01.png,0,0.098069,0
pdraw_wave,efficientnet_b0,perspective,3,C:\Users\ramti\Desktop\ramtin legion pc\article_project\data\raw\pdraw_wave\test\healthy\V07HO01.png,0,0.143804,0
pdraw_wave,efficientnet_b0,perspective,3,C:\Users\ramti\Desktop\ramtin legion pc\article_project\data\raw\pdraw_wave\test\healthy\V08HO01.png,0,0.137954,0
pdraw_wave,efficientnet_b0,perspective,3,C:\Users\ramti\Desktop\ramtin legion pc\article_project\data\raw\pdraw_wave\test\healthy\V09HO01.png,0,0.224023,0
pdraw_wave,efficientnet_b0,perspective,3,C:\Users\ramti\Desktop\ramtin legion pc\article_project\data\raw\pdraw_wave\test\healthy\V10HO01.png,0,0.328664,0
pdraw_wave,efficientnet_b0,perspective,3,C:\Users\ramti\Desktop\ramtin legion pc\article_project\data\raw\pdraw_wave\test\healthy\V11HO01.png,0,0.030626,0
pdraw_wave,efficientnet_b0,perspective,3,C:\Users\ramti\Desktop\ramtin legion pc\article_project\data\raw\pdraw_wave\test\healthy\V55HO08.png,0,0.151667,0
pdraw_wave,efficientnet_b0,perspective,3,C:\Users\ramti\Desktop\ramtin legion pc\article_project\data\raw\pdraw_wave\test\healthy\V55HO09.png,0,0.529895,1
pdraw_wave,efficientnet_b0,perspective,3,C:\Users\ramti\Desktop\ramtin legion pc\article_project\data\raw\pdraw_wave\test\healthy\V55HO10.png,0,0.108220,0
pdraw_wave,efficientnet_b0,perspective,3,C:\Users\ramti\Desktop\ramtin legion pc\article_project\data\raw\pdraw_wave\test\healthy\V55HO11.png,0,0.519448,1
pdraw_wave,efficientnet_b0,perspective,3,C:\Users\ramti\Desktop\ramtin legion pc\article_project\data\raw\pdraw_wave\test\parkinson\V01PO01.png,1,0.410737,1
pdraw_wave,efficientnet_b0,perspective,3,C:\Users\ramti\Desktop\ramtin legion pc\article_project\data\raw\pdraw_wave\test\parkinson\V02PO01.png,1,0.864997,1
pdraw_wave,efficientnet_b0,perspective,3,C:\Users\ramti\Desktop\ramtin legion pc\article_project\data\raw\pdraw_wave\test\parkinson\V03PO01.png,1,0.888939,1
pdraw_wave,efficientnet_b0,perspective,3,C:\Users\ramti\Desktop\ramtin legion pc\article_project\data\raw\pdraw_wave\test\parkinson\V03PO04.png,1,0.971981,1
pdraw_wave,efficientnet_b0,perspective,3,C:\Users\ramti\Desktop\ramtin legion pc\article_project\data\raw\pdraw_wave\test\parkinson\V03PO07.png,1,0.960802,1
pdraw_wave,efficientnet_b0,perspective,3,C:\Users\ramti\Desktop\ramtin legion pc\article_project\data\raw\pdraw_wave\test\parkinson\V04PO01.png,1,0.926691,1
pdraw_wave,efficientnet_b0,perspective,3,C:\Users\ramti\Desktop\ramtin legion pc\article_project\data\raw\pdraw_wave\test\parkinson\V05PO01.png,1,0.965084,1
pdraw_wave,efficientnet_b0,perspective,3,C:\Users\ramti\Desktop\ramtin legion pc\article_project\data\raw\pdraw_wave\test\parkinson\V06PO01.png,1,0.950798,1
pdraw_wave,efficientnet_b0,perspective,3,C:\Users\ramti\Desktop\ramtin legion pc\article_project\data\raw\pdraw_wave\test\parkinson\V07PO01.png,1,0.961936,1
pdraw_wave,efficientnet_b0,perspective,3,C:\Users\ramti\Desktop\ramtin legion pc\article_project\data\raw\pdraw_wave\test\parkinson\V08PO01.png,1,0.173270,0
pdraw_wave,efficientnet_b0,perspective,3,C:\Users\ramti\Desktop\ramtin legion pc\article_project\data\raw\pdraw_wave\test\parkinson\V09PO01.png,1,0.954592,1
pdraw_wave,efficientnet_b0,perspective,3,C:\Users\ramti\Desktop\ramtin legion pc\article_project\data\raw\pdraw_wave\test\parkinson\V10PO01.png,1,0.597268,1
pdraw_wave,efficientnet_b0,perspective,3,C:\Users\ramti\Desktop\ramtin legion pc\article_project\data\raw\pdraw_wave\test\parkinson\V11PO01.png,1,0.218490,0
pdraw_wave,efficientnet_b0,perspective,3,C:\Users\ramti\Desktop\ramtin legion pc\article_project\data\raw\pdraw_wave\test\parkinson\V14PO01.png,1,0.981532,1
pdraw_wave,efficientnet_b0,perspective,3,C:\Users\ramti\Desktop\ramtin legion pc\article_project\data\raw\pdraw_wave\test\parkinson\V14PO03.png,1,0.978520,1
pdraw_wave,efficientnet_b0,perspective,4,C:\Users\ramti\Desktop\ramtin legion pc\article_project\data\raw\pdraw_wave\test\healthy\V01HO01.png,0,0.443677,1
pdraw_wave,efficientnet_b0,perspective,4,C:\Users\ramti\Desktop\ramtin legion pc\article_project\data\raw\pdraw_wave\test\healthy\V02HO01.png,0,0.102715,0
pdraw_wave,efficientnet_b0,perspective,4,C:\Users\ramti\Desktop\ramtin legion pc\article_project\data\raw\pdraw_wave\test\healthy\V03HO01.png,0,0.218200,0
pdraw_wave,efficientnet_b0,perspective,4,C:\Users\ramti\Desktop\ramtin legion pc\article_project\data\raw\pdraw_wave\test\healthy\V04HO01.png,0,0.286082,0
pdraw_wave,efficientnet_b0,perspective,4,C:\Users\ramti\Desktop\ramtin legion pc\article_project\data\raw\pdraw_wave\test\healthy\V05HO01.png,0,0.332729,0
pdraw_wave,efficientnet_b0,perspective,4,C:\Users\ramti\Desktop\ramtin legion pc\article_project\data\raw\pdraw_wave\test\healthy\V06HO01.png,0,0.051441,0
pdraw_wave,efficientnet_b0,perspective,4,C:\Users\ramti\Desktop\ramtin legion pc\article_project\data\raw\pdraw_wave\test\healthy\V07HO01.png,0,0.147363,0
pdraw_wave,efficientnet_b0,perspective,4,C:\Users\ramti\Desktop\ramtin legion pc\article_project\data\raw\pdraw_wave\test\healthy\V08HO01.png,0,0.115124,0
pdraw_wave,efficientnet_b0,perspective,4,C:\Users\ramti\Desktop\ramtin legion pc\article_project\data\raw\pdraw_wave\test\healthy\V09HO01.png,0,0.213307,0
pdraw_wave,efficientnet_b0,perspective,4,C:\Users\ramti\Desktop\ramtin legion pc\article_project\data\raw\pdraw_wave\test\healthy\V10HO01.png,0,0.288765,0
pdraw_wave,efficientnet_b0,perspective,4,C:\Users\ramti\Desktop\ramtin legion pc\article_project\data\raw\pdraw_wave\test\healthy\V11HO01.png,0,0.031545,0
pdraw_wave,efficientnet_b0,perspective,4,C:\Users\ramti\Desktop\ramtin legion pc\article_project\data\raw\pdraw_wave\test\healthy\V55HO08.png,0,0.138973,0
pdraw_wave,efficientnet_b0,perspective,4,C:\Users\ramti\Desktop\ramtin legion pc\article_project\data\raw\pdraw_wave\test\healthy\V55HO09.png,0,0.492603,1
pdraw_wave,efficientnet_b0,perspective,4,C:\Users\ramti\Desktop\ramtin legion pc\article_project\data\raw\pdraw_wave\test\healthy\V55HO10.png,0,0.135139,0
pdraw_wave,efficientnet_b0,perspective,4,C:\Users\ramti\Desktop\ramtin legion pc\article_project\data\raw\pdraw_wave\test\healthy\V55HO11.png,0,0.508987,1
pdraw_wave,efficientnet_b0,perspective,4,C:\Users\ramti\Desktop\ramtin legion pc\article_project\data\raw\pdraw_wave\test\parkinson\V01PO01.png,1,0.457213,1
pdraw_wave,efficientnet_b0,perspective,4,C:\Users\ramti\Desktop\ramtin legion pc\article_project\data\raw\pdraw_wave\test\parkinson\V02PO01.png,1,0.883306,1
pdraw_wave,efficientnet_b0,perspective,4,C:\Users\ramti\Desktop\ramtin legion pc\article_project\data\raw\pdraw_wave\test\parkinson\V03PO01.png,1,0.835972,1
pdraw_wave,efficientnet_b0,perspective,4,C:\Users\ramti\Desktop\ramtin legion pc\article_project\data\raw\pdraw_wave\test\parkinson\V03PO04.png,1,0.964133,1
pdraw_wave,efficientnet_b0,perspective,4,C:\Users\ramti\Desktop\ramtin legion pc\article_project\data\raw\pdraw_wave\test\parkinson\V03PO07.png,1,0.949612,1
pdraw_wave,efficientnet_b0,perspective,4,C:\Users\ramti\Desktop\ramtin legion pc\article_project\data\raw\pdraw_wave\test\parkinson\V04PO01.png,1,0.920824,1
pdraw_wave,efficientnet_b0,perspective,4,C:\Users\ramti\Desktop\ramtin legion pc\article_project\data\raw\pdraw_wave\test\parkinson\V05PO01.png,1,0.948451,1
pdraw_wave,efficientnet_b0,perspective,4,C:\Users\ramti\Desktop\ramtin legion pc\article_project\data\raw\pdraw_wave\test\parkinson\V06PO01.png,1,0.926613,1
pdraw_wave,efficientnet_b0,perspective,4,C:\Users\ramti\Desktop\ramtin legion pc\article_project\data\raw\pdraw_wave\test\parkinson\V07PO01.png,1,0.949566,1
pdraw_wave,efficientnet_b0,perspective,4,C:\Users\ramti\Desktop\ramtin legion pc\article_project\data\raw\pdraw_wave\test\parkinson\V08PO01.png,1,0.171807,0
pdraw_wave,efficientnet_b0,perspective,4,C:\Users\ramti\Desktop\ramtin legion pc\article_project\data\raw\pdraw_wave\test\parkinson\V09PO01.png,1,0.956087,1
pdraw_wave,efficientnet_b0,perspective,4,C:\Users\ramti\Desktop\ramtin legion pc\article_project\data\raw\pdraw_wave\test\parkinson\V10PO01.png,1,0.581944,1
pdraw_wave,efficientnet_b0,perspective,4,C:\Users\ramti\Desktop\ramtin legion pc\article_project\data\raw\pdraw_wave\test\parkinson\V11PO01.png,1,0.200398,0
pdraw_wave,efficientnet_b0,perspective,4,C:\Users\ramti\Desktop\ramtin legion pc\article_project\data\raw\pdraw_wave\test\parkinson\V14PO01.png,1,0.957271,1
pdraw_wave,efficientnet_b0,perspective,4,C:\Users\ramti\Desktop\ramtin legion pc\article_project\data\raw\pdraw_wave\test\parkinson\V14PO03.png,1,0.979076,1
pdraw_wave,efficientnet_b0,perspective,5,C:\Users\ramti\Desktop\ramtin legion pc\article_project\data\raw\pdraw_wave\test\healthy\V01HO01.png,0,0.516510,1
pdraw_wave,efficientnet_b0,perspective,5,C:\Users\ramti\Desktop\ramtin legion pc\article_project\data\raw\pdraw_wave\test\healthy\V02HO01.png,0,0.095272,0
pdraw_wave,efficientnet_b0,perspective,5,C:\Users\ramti\Desktop\ramtin legion pc\article_project\data\raw\pdraw_wave\test\healthy\V03HO01.png,0,0.250305,0
pdraw_wave,efficientnet_b0,perspective,5,C:\Users\ramti\Desktop\ramtin legion pc\article_project\data\raw\pdraw_wave\test\healthy\V04HO01.png,0,0.285440,0
pdraw_wave,efficientnet_b0,perspective,5,C:\Users\ramti\Desktop\ramtin legion pc\article_project\data\raw\pdraw_wave\test\healthy\V05HO01.png,0,0.407565,1
pdraw_wave,efficientnet_b0,perspective,5,C:\Users\ramti\Desktop\ramtin legion pc\article_project\data\raw\pdraw_wave\test\healthy\V06HO01.png,0,0.061757,0
pdraw_wave,efficientnet_b0,perspective,5,C:\Users\ramti\Desktop\ramtin legion pc\article_project\data\raw\pdraw_wave\test\healthy\V07HO01.png,0,0.162760,0
pdraw_wave,efficientnet_b0,perspective,5,C:\Users\ramti\Desktop\ramtin legion pc\article_project\data\raw\pdraw_wave\test\healthy\V08HO01.png,0,0.113552,0
pdraw_wave,efficientnet_b0,perspective,5,C:\Users\ramti\Desktop\ramtin legion pc\article_project\data\raw\pdraw_wave\test\healthy\V09HO01.png,0,0.148880,0
pdraw_wave,efficientnet_b0,perspective,5,C:\Users\ramti\Desktop\ramtin legion pc\article_project\data\raw\pdraw_wave\test\healthy\V10HO01.png,0,0.305296,0
pdraw_wave,efficientnet_b0,perspective,5,C:\Users\ramti\Desktop\ramtin legion pc\article_project\data\raw\pdraw_wave\test\healthy\V11HO01.png,0,0.061924,0
pdraw_wave,efficientnet_b0,perspective,5,C:\Users\ramti\Desktop\ramtin legion pc\article_project\data\raw\pdraw_wave\test\healthy\V55HO08.png,0,0.139570,0
pdraw_wave,efficientnet_b0,perspective,5,C:\Users\ramti\Desktop\ramtin legion pc\article_project\data\raw\pdraw_wave\test\healthy\V55HO09.png,0,0.423872,1
pdraw_wave,efficientnet_b0,perspective,5,C:\Users\ramti\Desktop\ramtin legion pc\article_project\data\raw\pdraw_wave\test\healthy\V55HO10.png,0,0.117244,0
pdraw_wave,efficientnet_b0,perspective,5,C:\Users\ramti\Desktop\ramtin legion pc\article_project\data\raw\pdraw_wave\test\healthy\V55HO11.png,0,0.486331,1
pdraw_wave,efficientnet_b0,perspective,5,C:\Users\ramti\Desktop\ramtin legion pc\article_project\data\raw\pdraw_wave\test\parkinson\V01PO01.png,1,0.496449,1
pdraw_wave,efficientnet_b0,perspective,5,C:\Users\ramti\Desktop\ramtin legion pc\article_project\data\raw\pdraw_wave\test\parkinson\V02PO01.png,1,0.861182,1
pdraw_wave,efficientnet_b0,perspective,5,C:\Users\ramti\Desktop\ramtin legion pc\article_project\data\raw\pdraw_wave\test\parkinson\V03PO01.png,1,0.797153,1
pdraw_wave,efficientnet_b0,perspective,5,C:\Users\ramti\Desktop\ramtin legion pc\article_project\data\raw\pdraw_wave\test\parkinson\V03PO04.png,1,0.958297,1
pdraw_wave,efficientnet_b0,perspective,5,C:\Users\ramti\Desktop\ramtin legion pc\article_project\data\raw\pdraw_wave\test\parkinson\V03PO07.png,1,0.946440,1
pdraw_wave,efficientnet_b0,perspective,5,C:\Users\ramti\Desktop\ramtin legion pc\article_project\data\raw\pdraw_wave\test\parkinson\V04PO01.png,1,0.903826,1
pdraw_wave,efficientnet_b0,perspective,5,C:\Users\ramti\Desktop\ramtin legion pc\article_project\data\raw\pdraw_wave\test\parkinson\V05PO01.png,1,0.934268,1
pdraw_wave,efficientnet_b0,perspective,5,C:\Users\ramti\Desktop\ramtin legion pc\article_project\data\raw\pdraw_wave\test\parkinson\V06PO01.png,1,0.911030,1
pdraw_wave,efficientnet_b0,perspective,5,C:\Users\ramti\Desktop\ramtin legion pc\article_project\data\raw\pdraw_wave\test\parkinson\V07PO01.png,1,0.916332,1
pdraw_wave,efficientnet_b0,perspective,5,C:\Users\ramti\Desktop\ramtin legion pc\article_project\data\raw\pdraw_wave\test\parkinson\V08PO01.png,1,0.167005,0
pdraw_wave,efficientnet_b0,perspective,5,C:\Users\ramti\Desktop\ramtin legion pc\article_project\data\raw\pdraw_wave\test\parkinson\V09PO01.png,1,0.936145,1
pdraw_wave,efficientnet_b0,perspective,5,C:\Users\ramti\Desktop\ramtin legion pc\article_project\data\raw\pdraw_wave\test\parkinson\V10PO01.png,1,0.556138,1
pdraw_wave,efficientnet_b0,perspective,5,C:\Users\ramti\Desktop\ramtin legion pc\article_project\data\raw\pdraw_wave\test\parkinson\V11PO01.png,1,0.252867,0
pdraw_wave,efficientnet_b0,perspective,5,C:\Users\ramti\Desktop\ramtin legion pc\article_project\data\raw\pdraw_wave\test\parkinson\V14PO01.png,1,0.948213,1
pdraw_wave,efficientnet_b0,perspective,5,C:\Users\ramti\Desktop\ramtin legion pc\article_project\data\raw\pdraw_wave\test\parkinson\V14PO03.png,1,0.980813,1
pdraw_wave,efficientnet_b0,rotation,1,C:\Users\ramti\Desktop\ramtin legion pc\article_project\data\raw\pdraw_wave\test\healthy\V01HO01.png,0,0.416466,1
pdraw_wave,efficientnet_b0,rotation,1,C:\Users\ramti\Desktop\ramtin legion pc\article_project\data\raw\pdraw_wave\test\healthy\V02HO01.png,0,0.111896,0
pdraw_wave,efficientnet_b0,rotation,1,C:\Users\ramti\Desktop\ramtin legion pc\article_project\data\raw\pdraw_wave\test\healthy\V03HO01.png,0,0.460678,1
pdraw_wave,efficientnet_b0,rotation,1,C:\Users\ramti\Desktop\ramtin legion pc\article_project\data\raw\pdraw_wave\test\healthy\V04HO01.png,0,0.269437,0
pdraw_wave,efficientnet_b0,rotation,1,C:\Users\ramti\Desktop\ramtin legion pc\article_project\data\raw\pdraw_wave\test\healthy\V05HO01.png,0,0.735488,1
pdraw_wave,efficientnet_b0,rotation,1,C:\Users\ramti\Desktop\ramtin legion pc\article_project\data\raw\pdraw_wave\test\healthy\V06HO01.png,0,0.196262,0
pdraw_wave,efficientnet_b0,rotation,1,C:\Users\ramti\Desktop\ramtin legion pc\article_project\data\raw\pdraw_wave\test\healthy\V07HO01.png,0,0.162147,0
pdraw_wave,efficientnet_b0,rotation,1,C:\Users\ramti\Desktop\ramtin legion pc\article_project\data\raw\pdraw_wave\test\healthy\V08HO01.png,0,0.302668,0
pdraw_wave,efficientnet_b0,rotation,1,C:\Users\ramti\Desktop\ramtin legion pc\article_project\data\raw\pdraw_wave\test\healthy\V09HO01.png,0,0.180083,0
pdraw_wave,efficientnet_b0,rotation,1,C:\Users\ramti\Desktop\ramtin legion pc\article_project\data\raw\pdraw_wave\test\healthy\V10HO01.png,0,0.411481,1
pdraw_wave,efficientnet_b0,rotation,1,C:\Users\ramti\Desktop\ramtin legion pc\article_project\data\raw\pdraw_wave\test\healthy\V11HO01.png,0,0.137118,0
pdraw_wave,efficientnet_b0,rotation,1,C:\Users\ramti\Desktop\ramtin legion pc\article_project\data\raw\pdraw_wave\test\healthy\V55HO08.png,0,0.252445,0
pdraw_wave,efficientnet_b0,rotation,1,C:\Users\ramti\Desktop\ramtin legion pc\article_project\data\raw\pdraw_wave\test\healthy\V55HO09.png,0,0.503986,1
pdraw_wave,efficientnet_b0,rotation,1,C:\Users\ramti\Desktop\ramtin legion pc\article_project\data\raw\pdraw_wave\test\healthy\V55HO10.png,0,0.243763,0
pdraw_wave,efficientnet_b0,rotation,1,C:\Users\ramti\Desktop\ramtin legion pc\article_project\data\raw\pdraw_wave\test\healthy\V55HO11.png,0,0.550859,1
pdraw_wave,efficientnet_b0,rotation,1,C:\Users\ramti\Desktop\ramtin legion pc\article_project\data\raw\pdraw_wave\test\parkinson\V01PO01.png,1,0.441983,1
pdraw_wave,efficientnet_b0,rotation,1,C:\Users\ramti\Desktop\ramtin legion pc\article_project\data\raw\pdraw_wave\test\parkinson\V02PO01.png,1,0.887119,1
pdraw_wave,efficientnet_b0,rotation,1,C:\Users\ramti\Desktop\ramtin legion pc\article_project\data\raw\pdraw_wave\test\parkinson\V03PO01.png,1,0.888043,1
pdraw_wave,efficientnet_b0,rotation,1,C:\Users\ramti\Desktop\ramtin legion pc\article_project\data\raw\pdraw_wave\test\parkinson\V03PO04.png,1,0.875138,1
pdraw_wave,efficientnet_b0,rotation,1,C:\Users\ramti\Desktop\ramtin legion pc\article_project\data\raw\pdraw_wave\test\parkinson\V03PO07.png,1,0.889128,1
pdraw_wave,efficientnet_b0,rotation,1,C:\Users\ramti\Desktop\ramtin legion pc\article_project\data\raw\pdraw_wave\test\parkinson\V04PO01.png,1,0.889481,1
pdraw_wave,efficientnet_b0,rotation,1,C:\Users\ramti\Desktop\ramtin legion pc\article_project\data\raw\pdraw_wave\test\parkinson\V05PO01.png,1,0.907552,1
pdraw_wave,efficientnet_b0,rotation,1,C:\Users\ramti\Desktop\ramtin legion pc\article_project\data\raw\pdraw_wave\test\parkinson\V06PO01.png,1,0.928530,1
pdraw_wave,efficientnet_b0,rotation,1,C:\Users\ramti\Desktop\ramtin legion pc\article_project\data\raw\pdraw_wave\test\parkinson\V07PO01.png,1,0.902519,1
pdraw_wave,efficientnet_b0,rotation,1,C:\Users\ramti\Desktop\ramtin legion pc\article_project\data\raw\pdraw_wave\test\parkinson\V08PO01.png,1,0.212388,0
pdraw_wave,efficientnet_b0,rotation,1,C:\Users\ramti\Desktop\ramtin legion pc\article_project\data\raw\pdraw_wave\test\parkinson\V09PO01.png,1,0.966876,1
pdraw_wave,efficientnet_b0,rotation,1,C:\Users\ramti\Desktop\ramtin legion pc\article_project\data\raw\pdraw_wave\test\parkinson\V10PO01.png,1,0.804996,1
pdraw_wave,efficientnet_b0,rotation,1,C:\Users\ramti\Desktop\ramtin legion pc\article_project\data\raw\pdraw_wave\test\parkinson\V11PO01.png,1,0.420772,1
pdraw_wave,efficientnet_b0,rotation,1,C:\Users\ramti\Desktop\ramtin legion pc\article_project\data\raw\pdraw_wave\test\parkinson\V14PO01.png,1,0.844128,1
pdraw_wave,efficientnet_b0,rotation,1,C:\Users\ramti\Desktop\ramtin legion pc\article_project\data\raw\pdraw_wave\test\parkinson\V14PO03.png,1,0.921646,1
pdraw_wave,efficientnet_b0,rotation,2,C:\Users\ramti\Desktop\ramtin legion pc\article_project\data\raw\pdraw_wave\test\healthy\V01HO01.png,0,0.652526,1
pdraw_wave,efficientnet_b0,rotation,2,C:\Users\ramti\Desktop\ramtin legion pc\article_project\data\raw\pdraw_wave\test\healthy\V02HO01.png,0,0.253694,0
pdraw_wave,efficientnet_b0,rotation,2,C:\Users\ramti\Desktop\ramtin legion pc\article_project\data\raw\pdraw_wave\test\healthy\V03HO01.png,0,0.547858,1
pdraw_wave,efficientnet_b0,rotation,2,C:\Users\ramti\Desktop\ramtin legion pc\article_project\data\raw\pdraw_wave\test\healthy\V04HO01.png,0,0.367650,0
pdraw_wave,efficientnet_b0,rotation,2,C:\Users\ramti\Desktop\ramtin legion pc\article_project\data\raw\pdraw_wave\test\healthy\V05HO01.png,0,0.606946,1
pdraw_wave,efficientnet_b0,rotation,2,C:\Users\ramti\Desktop\ramtin legion pc\article_project\data\raw\pdraw_wave\test\healthy\V06HO01.png,0,0.339380,0
pdraw_wave,efficientnet_b0,rotation,2,C:\Users\ramti\Desktop\ramtin legion pc\article_project\data\raw\pdraw_wave\test\healthy\V07HO01.png,0,0.327996,0
pdraw_wave,efficientnet_b0,rotation,2,C:\Users\ramti\Desktop\ramtin legion pc\article_project\data\raw\pdraw_wave\test\healthy\V08HO01.png,0,0.194746,0
pdraw_wave,efficientnet_b0,rotation,2,C:\Users\ramti\Desktop\ramtin legion pc\article_project\data\raw\pdraw_wave\test\healthy\V09HO01.png,0,0.287814,0
pdraw_wave,efficientnet_b0,rotation,2,C:\Users\ramti\Desktop\ramtin legion pc\article_project\data\raw\pdraw_wave\test\healthy\V10HO01.png,0,0.526686,1
pdraw_wave,efficientnet_b0,rotation,2,C:\Users\ramti\Desktop\ramtin legion pc\article_project\data\raw\pdraw_wave\test\healthy\V11HO01.png,0,0.206961,0
pdraw_wave,efficientnet_b0,rotation,2,C:\Users\ramti\Desktop\ramtin legion pc\article_project\data\raw\pdraw_wave\test\healthy\V55HO08.png,0,0.250266,0
pdraw_wave,efficientnet_b0,rotation,2,C:\Users\ramti\Desktop\ramtin legion pc\article_project\data\raw\pdraw_wave\test\healthy\V55HO09.png,0,0.568335,1
pdraw_wave,efficientnet_b0,rotation,2,C:\Users\ramti\Desktop\ramtin legion pc\article_project\data\raw\pdraw_wave\test\healthy\V55HO10.png,0,0.321064,0
pdraw_wave,efficientnet_b0,rotation,2,C:\Users\ramti\Desktop\ramtin legion pc\article_project\data\raw\pdraw_wave\test\healthy\V55HO11.png,0,0.647335,1
pdraw_wave,efficientnet_b0,rotation,2,C:\Users\ramti\Desktop\ramtin legion pc\article_project\data\raw\pdraw_wave\test\parkinson\V01PO01.png,1,0.516990,1
pdraw_wave,efficientnet_b0,rotation,2,C:\Users\ramti\Desktop\ramtin legion pc\article_project\data\raw\pdraw_wave\test\parkinson\V02PO01.png,1,0.894890,1
pdraw_wave,efficientnet_b0,rotation,2,C:\Users\ramti\Desktop\ramtin legion pc\article_project\data\raw\pdraw_wave\test\parkinson\V03PO01.png,1,0.701320,1
pdraw_wave,efficientnet_b0,rotation,2,C:\Users\ramti\Desktop\ramtin legion pc\article_project\data\raw\pdraw_wave\test\parkinson\V03PO04.png,1,0.824428,1
pdraw_wave,efficientnet_b0,rotation,2,C:\Users\ramti\Desktop\ramtin legion pc\article_project\data\raw\pdraw_wave\test\parkinson\V03PO07.png,1,0.791415,1
pdraw_wave,efficientnet_b0,rotation,2,C:\Users\ramti\Desktop\ramtin legion pc\article_project\data\raw\pdraw_wave\test\parkinson\V04PO01.png,1,0.932284,1
pdraw_wave,efficientnet_b0,rotation,2,C:\Users\ramti\Desktop\ramtin legion pc\article_project\data\raw\pdraw_wave\test\parkinson\V05PO01.png,1,0.845981,1
pdraw_wave,efficientnet_b0,rotation,2,C:\Users\ramti\Desktop\ramtin legion pc\article_project\data\raw\pdraw_wave\test\parkinson\V06PO01.png,1,0.824540,1
pdraw_wave,efficientnet_b0,rotation,2,C:\Users\ramti\Desktop\ramtin legion pc\article_project\data\raw\pdraw_wave\test\parkinson\V07PO01.png,1,0.862628,1
pdraw_wave,efficientnet_b0,rotation,2,C:\Users\ramti\Desktop\ramtin legion pc\article_project\data\raw\pdraw_wave\test\parkinson\V08PO01.png,1,0.365603,0
pdraw_wave,efficientnet_b0,rotation,2,C:\Users\ramti\Desktop\ramtin legion pc\article_project\data\raw\pdraw_wave\test\parkinson\V09PO01.png,1,0.910687,1
pdraw_wave,efficientnet_b0,rotation,2,C:\Users\ramti\Desktop\ramtin legion pc\article_project\data\raw\pdraw_wave\test\parkinson\V10PO01.png,1,0.860709,1
pdraw_wave,efficientnet_b0,rotation,2,C:\Users\ramti\Desktop\ramtin legion pc\article_project\data\raw\pdraw_wave\test\parkinson\V11PO01.png,1,0.441035,1
pdraw_wave,efficientnet_b0,rotation,2,C:\Users\ramti\Desktop\ramtin legion pc\article_project\data\raw\pdraw_wave\test\parkinson\V14PO01.png,1,0.834735,1
pdraw_wave,efficientnet_b0,rotation,2,C:\Users\ramti\Desktop\ramtin legion pc\article_project\data\raw\pdraw_wave\test\parkinson\V14PO03.png,1,0.876089,1
pdraw_wave,efficientnet_b0,rotation,3,C:\Users\ramti\Desktop\ramtin legion pc\article_project\data\raw\pdraw_wave\test\healthy\V01HO01.png,0,0.605061,1
pdraw_wave,efficientnet_b0,rotation,3,C:\Users\ramti\Desktop\ramtin legion pc\article_project\data\raw\pdraw_wave\test\healthy\V02HO01.png,0,0.317928,0
pdraw_wave,efficientnet_b0,rotation,3,C:\Users\ramti\Desktop\ramtin legion pc\article_project\data\raw\pdraw_wave\test\healthy\V03HO01.png,0,0.645369,1
pdraw_wave,efficientnet_b0,rotation,3,C:\Users\ramti\Desktop\ramtin legion pc\article_project\data\raw\pdraw_wave\test\healthy\V04HO01.png,0,0.414811,1
pdraw_wave,efficientnet_b0,rotation,3,C:\Users\ramti\Desktop\ramtin legion pc\article_project\data\raw\pdraw_wave\test\healthy\V05HO01.png,0,0.654035,1
pdraw_wave,efficientnet_b0,rotation,3,C:\Users\ramti\Desktop\ramtin legion pc\article_project\data\raw\pdraw_wave\test\healthy\V06HO01.png,0,0.422071,1
pdraw_wave,efficientnet_b0,rotation,3,C:\Users\ramti\Desktop\ramtin legion pc\article_project\data\raw\pdraw_wave\test\healthy\V07HO01.png,0,0.315453,0
pdraw_wave,efficientnet_b0,rotation,3,C:\Users\ramti\Desktop\ramtin legion pc\article_project\data\raw\pdraw_wave\test\healthy\V08HO01.png,0,0.514830,1
pdraw_wave,efficientnet_b0,rotation,3,C:\Users\ramti\Desktop\ramtin legion pc\article_project\data\raw\pdraw_wave\test\healthy\V09HO01.png,0,0.302870,0
pdraw_wave,efficientnet_b0,rotation,3,C:\Users\ramti\Desktop\ramtin legion pc\article_project\data\raw\pdraw_wave\test\healthy\V10HO01.png,0,0.460700,1
pdraw_wave,efficientnet_b0,rotation,3,C:\Users\ramti\Desktop\ramtin legion pc\article_project\data\raw\pdraw_wave\test\healthy\V11HO01.png,0,0.361913,0
pdraw_wave,efficientnet_b0,rotation,3,C:\Users\ramti\Desktop\ramtin legion pc\article_project\data\raw\pdraw_wave\test\healthy\V55HO08.png,0,0.429186,1
pdraw_wave,efficientnet_b0,rotation,3,C:\Users\ramti\Desktop\ramtin legion pc\article_project\data\raw\pdraw_wave\test\healthy\V55HO09.png,0,0.709696,1
pdraw_wave,efficientnet_b0,rotation,3,C:\Users\ramti\Desktop\ramtin legion pc\article_project\data\raw\pdraw_wave\test\healthy\V55HO10.png,0,0.571387,1
pdraw_wave,efficientnet_b0,rotation,3,C:\Users\ramti\Desktop\ramtin legion pc\article_project\data\raw\pdraw_wave\test\healthy\V55HO11.png,0,0.652320,1
pdraw_wave,efficientnet_b0,rotation,3,C:\Users\ramti\Desktop\ramtin legion pc\article_project\data\raw\pdraw_wave\test\parkinson\V01PO01.png,1,0.501220,1
pdraw_wave,efficientnet_b0,rotation,3,C:\Users\ramti\Desktop\ramtin legion pc\article_project\data\raw\pdraw_wave\test\parkinson\V02PO01.png,1,0.887476,1
pdraw_wave,efficientnet_b0,rotation,3,C:\Users\ramti\Desktop\ramtin legion pc\article_project\data\raw\pdraw_wave\test\parkinson\V03PO01.png,1,0.786053,1
pdraw_wave,efficientnet_b0,rotation,3,C:\Users\ramti\Desktop\ramtin legion pc\article_project\data\raw\pdraw_wave\test\parkinson\V03PO04.png,1,0.871787,1
pdraw_wave,efficientnet_b0,rotation,3,C:\Users\ramti\Desktop\ramtin legion pc\article_project\data\raw\pdraw_wave\test\parkinson\V03PO07.png,1,0.781935,1
pdraw_wave,efficientnet_b0,rotation,3,C:\Users\ramti\Desktop\ramtin legion pc\article_project\data\raw\pdraw_wave\test\parkinson\V04PO01.png,1,0.841949,1
pdraw_wave,efficientnet_b0,rotation,3,C:\Users\ramti\Desktop\ramtin legion pc\article_project\data\raw\pdraw_wave\test\parkinson\V05PO01.png,1,0.871443,1
pdraw_wave,efficientnet_b0,rotation,3,C:\Users\ramti\Desktop\ramtin legion pc\article_project\data\raw\pdraw_wave\test\parkinson\V06PO01.png,1,0.750718,1
pdraw_wave,efficientnet_b0,rotation,3,C:\Users\ramti\Desktop\ramtin legion pc\article_project\data\raw\pdraw_wave\test\parkinson\V07PO01.png,1,0.873273,1
pdraw_wave,efficientnet_b0,rotation,3,C:\Users\ramti\Desktop\ramtin legion pc\article_project\data\raw\pdraw_wave\test\parkinson\V08PO01.png,1,0.329044,0
pdraw_wave,efficientnet_b0,rotation,3,C:\Users\ramti\Desktop\ramtin legion pc\article_project\data\raw\pdraw_wave\test\parkinson\V09PO01.png,1,0.930994,1
pdraw_wave,efficientnet_b0,rotation,3,C:\Users\ramti\Desktop\ramtin legion pc\article_project\data\raw\pdraw_wave\test\parkinson\V10PO01.png,1,0.848714,1
pdraw_wave,efficientnet_b0,rotation,3,C:\Users\ramti\Desktop\ramtin legion pc\article_project\data\raw\pdraw_wave\test\parkinson\V11PO01.png,1,0.563015,1
pdraw_wave,efficientnet_b0,rotation,3,C:\Users\ramti\Desktop\ramtin legion pc\article_project\data\raw\pdraw_wave\test\parkinson\V14PO01.png,1,0.850704,1
pdraw_wave,efficientnet_b0,rotation,3,C:\Users\ramti\Desktop\ramtin legion pc\article_project\data\raw\pdraw_wave\test\parkinson\V14PO03.png,1,0.896862,1
pdraw_wave,efficientnet_b0,rotation,4,C:\Users\ramti\Desktop\ramtin legion pc\article_project\data\raw\pdraw_wave\test\healthy\V01HO01.png,0,0.624272,1
pdraw_wave,efficientnet_b0,rotation,4,C:\Users\ramti\Desktop\ramtin legion pc\article_project\data\raw\pdraw_wave\test\healthy\V02HO01.png,0,0.403045,1
pdraw_wave,efficientnet_b0,rotation,4,C:\Users\ramti\Desktop\ramtin legion pc\article_project\data\raw\pdraw_wave\test\healthy\V03HO01.png,0,0.630543,1
pdraw_wave,efficientnet_b0,rotation,4,C:\Users\ramti\Desktop\ramtin legion pc\article_project\data\raw\pdraw_wave\test\healthy\V04HO01.png,0,0.506168,1
pdraw_wave,efficientnet_b0,rotation,4,C:\Users\ramti\Desktop\ramtin legion pc\article_project\data\raw\pdraw_wave\test\healthy\V05HO01.png,0,0.627894,1
pdraw_wave,efficientnet_b0,rotation,4,C:\Users\ramti\Desktop\ramtin legion pc\article_project\data\raw\pdraw_wave\test\healthy\V06HO01.png,0,0.479050,1
pdraw_wave,efficientnet_b0,rotation,4,C:\Users\ramti\Desktop\ramtin legion pc\article_project\data\raw\pdraw_wave\test\healthy\V07HO01.png,0,0.386190,0
pdraw_wave,efficientnet_b0,rotation,4,C:\Users\ramti\Desktop\ramtin legion pc\article_project\data\raw\pdraw_wave\test\healthy\V08HO01.png,0,0.284787,0
pdraw_wave,efficientnet_b0,rotation,4,C:\Users\ramti\Desktop\ramtin legion pc\article_project\data\raw\pdraw_wave\test\healthy\V09HO01.png,0,0.407332,1
pdraw_wave,efficientnet_b0,rotation,4,C:\Users\ramti\Desktop\ramtin legion pc\article_project\data\raw\pdraw_wave\test\healthy\V10HO01.png,0,0.608657,1
pdraw_wave,efficientnet_b0,rotation,4,C:\Users\ramti\Desktop\ramtin legion pc\article_project\data\raw\pdraw_wave\test\healthy\V11HO01.png,0,0.348244,0
pdraw_wave,efficientnet_b0,rotation,4,C:\Users\ramti\Desktop\ramtin legion pc\article_project\data\raw\pdraw_wave\test\healthy\V55HO08.png,0,0.398170,0
pdraw_wave,efficientnet_b0,rotation,4,C:\Users\ramti\Desktop\ramtin legion pc\article_project\data\raw\pdraw_wave\test\healthy\V55HO09.png,0,0.629908,1
pdraw_wave,efficientnet_b0,rotation,4,C:\Users\ramti\Desktop\ramtin legion pc\article_project\data\raw\pdraw_wave\test\healthy\V55HO10.png,0,0.526374,1
pdraw_wave,efficientnet_b0,rotation,4,C:\Users\ramti\Desktop\ramtin legion pc\article_project\data\raw\pdraw_wave\test\healthy\V55HO11.png,0,0.629920,1
pdraw_wave,efficientnet_b0,rotation,4,C:\Users\ramti\Desktop\ramtin legion pc\article_project\data\raw\pdraw_wave\test\parkinson\V01PO01.png,1,0.545459,1
pdraw_wave,efficientnet_b0,rotation,4,C:\Users\ramti\Desktop\ramtin legion pc\article_project\data\raw\pdraw_wave\test\parkinson\V02PO01.png,1,0.865372,1
pdraw_wave,efficientnet_b0,rotation,4,C:\Users\ramti\Desktop\ramtin legion pc\article_project\data\raw\pdraw_wave\test\parkinson\V03PO01.png,1,0.572129,1
pdraw_wave,efficientnet_b0,rotation,4,C:\Users\ramti\Desktop\ramtin legion pc\article_project\data\raw\pdraw_wave\test\parkinson\V03PO04.png,1,0.792009,1
pdraw_wave,efficientnet_b0,rotation,4,C:\Users\ramti\Desktop\ramtin legion pc\article_project\data\raw\pdraw_wave\test\parkinson\V03PO07.png,1,0.548474,1
pdraw_wave,efficientnet_b0,rotation,4,C:\Users\ramti\Desktop\ramtin legion pc\article_project\data\raw\pdraw_wave\test\parkinson\V04PO01.png,1,0.891092,1
pdraw_wave,efficientnet_b0,rotation,4,C:\Users\ramti\Desktop\ramtin legion pc\article_project\data\raw\pdraw_wave\test\parkinson\V05PO01.png,1,0.823452,1
pdraw_wave,efficientnet_b0,rotation,4,C:\Users\ramti\Desktop\ramtin legion pc\article_project\data\raw\pdraw_wave\test\parkinson\V06PO01.png,1,0.776085,1
pdraw_wave,efficientnet_b0,rotation,4,C:\Users\ramti\Desktop\ramtin legion pc\article_project\data\raw\pdraw_wave\test\parkinson\V07PO01.png,1,0.887165,1
pdraw_wave,efficientnet_b0,rotation,4,C:\Users\ramti\Desktop\ramtin legion pc\article_project\data\raw\pdraw_wave\test\parkinson\V08PO01.png,1,0.437176,1
pdraw_wave,efficientnet_b0,rotation,4,C:\Users\ramti\Desktop\ramtin legion pc\article_project\data\raw\pdraw_wave\test\parkinson\V09PO01.png,1,0.898883,1
pdraw_wave,efficientnet_b0,rotation,4,C:\Users\ramti\Desktop\ramtin legion pc\article_project\data\raw\pdraw_wave\test\parkinson\V10PO01.png,1,0.805122,1
pdraw_wave,efficientnet_b0,rotation,4,C:\Users\ramti\Desktop\ramtin legion pc\article_project\data\raw\pdraw_wave\test\parkinson\V11PO01.png,1,0.537739,1
pdraw_wave,efficientnet_b0,rotation,4,C:\Users\ramti\Desktop\ramtin legion pc\article_project\data\raw\pdraw_wave\test\parkinson\V14PO01.png,1,0.825116,1
pdraw_wave,efficientnet_b0,rotation,4,C:\Users\ramti\Desktop\ramtin legion pc\article_project\data\raw\pdraw_wave\test\parkinson\V14PO03.png,1,0.854772,1
pdraw_wave,efficientnet_b0,rotation,5,C:\Users\ramti\Desktop\ramtin legion pc\article_project\data\raw\pdraw_wave\test\healthy\V01HO01.png,0,0.560849,1
pdraw_wave,efficientnet_b0,rotation,5,C:\Users\ramti\Desktop\ramtin legion pc\article_project\data\raw\pdraw_wave\test\healthy\V02HO01.png,0,0.422577,1
pdraw_wave,efficientnet_b0,rotation,5,C:\Users\ramti\Desktop\ramtin legion pc\article_project\data\raw\pdraw_wave\test\healthy\V03HO01.png,0,0.645824,1
pdraw_wave,efficientnet_b0,rotation,5,C:\Users\ramti\Desktop\ramtin legion pc\article_project\data\raw\pdraw_wave\test\healthy\V04HO01.png,0,0.475884,1
pdraw_wave,efficientnet_b0,rotation,5,C:\Users\ramti\Desktop\ramtin legion pc\article_project\data\raw\pdraw_wave\test\healthy\V05HO01.png,0,0.669039,1
pdraw_wave,efficientnet_b0,rotation,5,C:\Users\ramti\Desktop\ramtin legion pc\article_project\data\raw\pdraw_wave\test\healthy\V06HO01.png,0,0.407787,1
pdraw_wave,efficientnet_b0,rotation,5,C:\Users\ramti\Desktop\ramtin legion pc\article_project\data\raw\pdraw_wave\test\healthy\V07HO01.png,0,0.422189,1
pdraw_wave,efficientnet_b0,rotation,5,C:\Users\ramti\Desktop\ramtin legion pc\article_project\data\raw\pdraw_wave\test\healthy\V08HO01.png,0,0.456500,1
pdraw_wave,efficientnet_b0,rotation,5,C:\Users\ramti\Desktop\ramtin legion pc\article_project\data\raw\pdraw_wave\test\healthy\V09HO01.png,0,0.381842,0
pdraw_wave,efficientnet_b0,rotation,5,C:\Users\ramti\Desktop\ramtin legion pc\article_project\data\raw\pdraw_wave\test\healthy\V10HO01.png,0,0.574555,1
pdraw_wave,efficientnet_b0,rotation,5,C:\Users\ramti\Desktop\ramtin legion pc\article_project\data\raw\pdraw_wave\test\healthy\V11HO01.png,0,0.456702,1
pdraw_wave,efficientnet_b0,rotation,5,C:\Users\ramti\Desktop\ramtin legion pc\article_project\data\raw\pdraw_wave\test\healthy\V55HO08.png,0,0.493072,1
pdraw_wave,efficientnet_b0,rotation,5,C:\Users\ramti\Desktop\ramtin legion pc\article_project\data\raw\pdraw_wave\test\healthy\V55HO09.png,0,0.773287,1
pdraw_wave,efficientnet_b0,rotation,5,C:\Users\ramti\Desktop\ramtin legion pc\article_project\data\raw\pdraw_wave\test\healthy\V55HO10.png,0,0.552966,1
pdraw_wave,efficientnet_b0,rotation,5,C:\Users\ramti\Desktop\ramtin legion pc\article_project\data\raw\pdraw_wave\test\healthy\V55HO11.png,0,0.581744,1
pdraw_wave,efficientnet_b0,rotation,5,C:\Users\ramti\Desktop\ramtin legion pc\article_project\data\raw\pdraw_wave\test\parkinson\V01PO01.png,1,0.612533,1
pdraw_wave,efficientnet_b0,rotation,5,C:\Users\ramti\Desktop\ramtin legion pc\article_project\data\raw\pdraw_wave\test\parkinson\V02PO01.png,1,0.841070,1
pdraw_wave,efficientnet_b0,rotation,5,C:\Users\ramti\Desktop\ramtin legion pc\article_project\data\raw\pdraw_wave\test\parkinson\V03PO01.png,1,0.696436,1
pdraw_wave,efficientnet_b0,rotation,5,C:\Users\ramti\Desktop\ramtin legion pc\article_project\data\raw\pdraw_wave\test\parkinson\V03PO04.png,1,0.865575,1
pdraw_wave,efficientnet_b0,rotation,5,C:\Users\ramti\Desktop\ramtin legion pc\article_project\data\raw\pdraw_wave\test\parkinson\V03PO07.png,1,0.770143,1
pdraw_wave,efficientnet_b0,rotation,5,C:\Users\ramti\Desktop\ramtin legion pc\article_project\data\raw\pdraw_wave\test\parkinson\V04PO01.png,1,0.754319,1
pdraw_wave,efficientnet_b0,rotation,5,C:\Users\ramti\Desktop\ramtin legion pc\article_project\data\raw\pdraw_wave\test\parkinson\V05PO01.png,1,0.865598,1
pdraw_wave,efficientnet_b0,rotation,5,C:\Users\ramti\Desktop\ramtin legion pc\article_project\data\raw\pdraw_wave\test\parkinson\V06PO01.png,1,0.698326,1
pdraw_wave,efficientnet_b0,rotation,5,C:\Users\ramti\Desktop\ramtin legion pc\article_project\data\raw\pdraw_wave\test\parkinson\V07PO01.png,1,0.862471,1
pdraw_wave,efficientnet_b0,rotation,5,C:\Users\ramti\Desktop\ramtin legion pc\article_project\data\raw\pdraw_wave\test\parkinson\V08PO01.png,1,0.437390,1
pdraw_wave,efficientnet_b0,rotation,5,C:\Users\ramti\Desktop\ramtin legion pc\article_project\data\raw\pdraw_wave\test\parkinson\V09PO01.png,1,0.897798,1
pdraw_wave,efficientnet_b0,rotation,5,C:\Users\ramti\Desktop\ramtin legion pc\article_project\data\raw\pdraw_wave\test\parkinson\V10PO01.png,1,0.892561,1
pdraw_wave,efficientnet_b0,rotation,5,C:\Users\ramti\Desktop\ramtin legion pc\article_project\data\raw\pdraw_wave\test\parkinson\V11PO01.png,1,0.547292,1
pdraw_wave,efficientnet_b0,rotation,5,C:\Users\ramti\Desktop\ramtin legion pc\article_project\data\raw\pdraw_wave\test\parkinson\V14PO01.png,1,0.863356,1
pdraw_wave,efficientnet_b0,rotation,5,C:\Users\ramti\Desktop\ramtin legion pc\article_project\data\raw\pdraw_wave\test\parkinson\V14PO03.png,1,0.883691,1
pdraw_wave,mobilenet_v3_large,clean,0,C:\Users\ramti\Desktop\ramtin legion pc\article_project\data\raw\pdraw_wave\test\healthy\V01HO01.png,0,0.546810,0
pdraw_wave,mobilenet_v3_large,clean,0,C:\Users\ramti\Desktop\ramtin legion pc\article_project\data\raw\pdraw_wave\test\healthy\V02HO01.png,0,0.117862,0
pdraw_wave,mobilenet_v3_large,clean,0,C:\Users\ramti\Desktop\ramtin legion pc\article_project\data\raw\pdraw_wave\test\healthy\V03HO01.png,0,0.246526,0
pdraw_wave,mobilenet_v3_large,clean,0,C:\Users\ramti\Desktop\ramtin legion pc\article_project\data\raw\pdraw_wave\test\healthy\V04HO01.png,0,0.131517,0
pdraw_wave,mobilenet_v3_large,clean,0,C:\Users\ramti\Desktop\ramtin legion pc\article_project\data\raw\pdraw_wave\test\healthy\V05HO01.png,0,0.577864,0
pdraw_wave,mobilenet_v3_large,clean,0,C:\Users\ramti\Desktop\ramtin legion pc\article_project\data\raw\pdraw_wave\test\healthy\V06HO01.png,0,0.550510,0
pdraw_wave,mobilenet_v3_large,clean,0,C:\Users\ramti\Desktop\ramtin legion pc\article_project\data\raw\pdraw_wave\test\healthy\V07HO01.png,0,0.093944,0
pdraw_wave,mobilenet_v3_large,clean,0,C:\Users\ramti\Desktop\ramtin legion pc\article_project\data\raw\pdraw_wave\test\healthy\V08HO01.png,0,0.359347,0
pdraw_wave,mobilenet_v3_large,clean,0,C:\Users\ramti\Desktop\ramtin legion pc\article_project\data\raw\pdraw_wave\test\healthy\V09HO01.png,0,0.271219,0
pdraw_wave,mobilenet_v3_large,clean,0,C:\Users\ramti\Desktop\ramtin legion pc\article_project\data\raw\pdraw_wave\test\healthy\V10HO01.png,0,0.373688,0
pdraw_wave,mobilenet_v3_large,clean,0,C:\Users\ramti\Desktop\ramtin legion pc\article_project\data\raw\pdraw_wave\test\healthy\V11HO01.png,0,0.204221,0
pdraw_wave,mobilenet_v3_large,clean,0,C:\Users\ramti\Desktop\ramtin legion pc\article_project\data\raw\pdraw_wave\test\healthy\V55HO08.png,0,0.190473,0
pdraw_wave,mobilenet_v3_large,clean,0,C:\Users\ramti\Desktop\ramtin legion pc\article_project\data\raw\pdraw_wave\test\healthy\V55HO09.png,0,0.276772,0
pdraw_wave,mobilenet_v3_large,clean,0,C:\Users\ramti\Desktop\ramtin legion pc\article_project\data\raw\pdraw_wave\test\healthy\V55HO10.png,0,0.157182,0
pdraw_wave,mobilenet_v3_large,clean,0,C:\Users\ramti\Desktop\ramtin legion pc\article_project\data\raw\pdraw_wave\test\healthy\V55HO11.png,0,0.552736,0
pdraw_wave,mobilenet_v3_large,clean,0,C:\Users\ramti\Desktop\ramtin legion pc\article_project\data\raw\pdraw_wave\test\parkinson\V01PO01.png,1,0.292235,0
pdraw_wave,mobilenet_v3_large,clean,0,C:\Users\ramti\Desktop\ramtin legion pc\article_project\data\raw\pdraw_wave\test\parkinson\V02PO01.png,1,0.899103,1
pdraw_wave,mobilenet_v3_large,clean,0,C:\Users\ramti\Desktop\ramtin legion pc\article_project\data\raw\pdraw_wave\test\parkinson\V03PO01.png,1,0.945770,1
pdraw_wave,mobilenet_v3_large,clean,0,C:\Users\ramti\Desktop\ramtin legion pc\article_project\data\raw\pdraw_wave\test\parkinson\V03PO04.png,1,0.965399,1
pdraw_wave,mobilenet_v3_large,clean,0,C:\Users\ramti\Desktop\ramtin legion pc\article_project\data\raw\pdraw_wave\test\parkinson\V03PO07.png,1,0.924141,1
pdraw_wave,mobilenet_v3_large,clean,0,C:\Users\ramti\Desktop\ramtin legion pc\article_project\data\raw\pdraw_wave\test\parkinson\V04PO01.png,1,0.950782,1
pdraw_wave,mobilenet_v3_large,clean,0,C:\Users\ramti\Desktop\ramtin legion pc\article_project\data\raw\pdraw_wave\test\parkinson\V05PO01.png,1,0.943149,1
pdraw_wave,mobilenet_v3_large,clean,0,C:\Users\ramti\Desktop\ramtin legion pc\article_project\data\raw\pdraw_wave\test\parkinson\V06PO01.png,1,0.896163,1
pdraw_wave,mobilenet_v3_large,clean,0,C:\Users\ramti\Desktop\ramtin legion pc\article_project\data\raw\pdraw_wave\test\parkinson\V07PO01.png,1,0.944860,1
pdraw_wave,mobilenet_v3_large,clean,0,C:\Users\ramti\Desktop\ramtin legion pc\article_project\data\raw\pdraw_wave\test\parkinson\V08PO01.png,1,0.216631,0
pdraw_wave,mobilenet_v3_large,clean,0,C:\Users\ramti\Desktop\ramtin legion pc\article_project\data\raw\pdraw_wave\test\parkinson\V09PO01.png,1,0.924804,1
pdraw_wave,mobilenet_v3_large,clean,0,C:\Users\ramti\Desktop\ramtin legion pc\article_project\data\raw\pdraw_wave\test\parkinson\V10PO01.png,1,0.735927,1
pdraw_wave,mobilenet_v3_large,clean,0,C:\Users\ramti\Desktop\ramtin legion pc\article_project\data\raw\pdraw_wave\test\parkinson\V11PO01.png,1,0.714756,1
pdraw_wave,mobilenet_v3_large,clean,0,C:\Users\ramti\Desktop\ramtin legion pc\article_project\data\raw\pdraw_wave\test\parkinson\V14PO01.png,1,0.980524,1
pdraw_wave,mobilenet_v3_large,clean,0,C:\Users\ramti\Desktop\ramtin legion pc\article_project\data\raw\pdraw_wave\test\parkinson\V14PO03.png,1,0.963575,1
pdraw_wave,mobilenet_v3_large,jpeg_compression,1,C:\Users\ramti\Desktop\ramtin legion pc\article_project\data\raw\pdraw_wave\test\healthy\V01HO01.png,0,0.552256,0
pdraw_wave,mobilenet_v3_large,jpeg_compression,1,C:\Users\ramti\Desktop\ramtin legion pc\article_project\data\raw\pdraw_wave\test\healthy\V02HO01.png,0,0.108661,0
pdraw_wave,mobilenet_v3_large,jpeg_compression,1,C:\Users\ramti\Desktop\ramtin legion pc\article_project\data\raw\pdraw_wave\test\healthy\V03HO01.png,0,0.265604,0
pdraw_wave,mobilenet_v3_large,jpeg_compression,1,C:\Users\ramti\Desktop\ramtin legion pc\article_project\data\raw\pdraw_wave\test\healthy\V04HO01.png,0,0.156289,0
pdraw_wave,mobilenet_v3_large,jpeg_compression,1,C:\Users\ramti\Desktop\ramtin legion pc\article_project\data\raw\pdraw_wave\test\healthy\V05HO01.png,0,0.547117,0
pdraw_wave,mobilenet_v3_large,jpeg_compression,1,C:\Users\ramti\Desktop\ramtin legion pc\article_project\data\raw\pdraw_wave\test\healthy\V06HO01.png,0,0.540385,0
pdraw_wave,mobilenet_v3_large,jpeg_compression,1,C:\Users\ramti\Desktop\ramtin legion pc\article_project\data\raw\pdraw_wave\test\healthy\V07HO01.png,0,0.088354,0
pdraw_wave,mobilenet_v3_large,jpeg_compression,1,C:\Users\ramti\Desktop\ramtin legion pc\article_project\data\raw\pdraw_wave\test\healthy\V08HO01.png,0,0.355597,0
pdraw_wave,mobilenet_v3_large,jpeg_compression,1,C:\Users\ramti\Desktop\ramtin legion pc\article_project\data\raw\pdraw_wave\test\healthy\V09HO01.png,0,0.262805,0
pdraw_wave,mobilenet_v3_large,jpeg_compression,1,C:\Users\ramti\Desktop\ramtin legion pc\article_project\data\raw\pdraw_wave\test\healthy\V10HO01.png,0,0.398230,0
pdraw_wave,mobilenet_v3_large,jpeg_compression,1,C:\Users\ramti\Desktop\ramtin legion pc\article_project\data\raw\pdraw_wave\test\healthy\V11HO01.png,0,0.215624,0
pdraw_wave,mobilenet_v3_large,jpeg_compression,1,C:\Users\ramti\Desktop\ramtin legion pc\article_project\data\raw\pdraw_wave\test\healthy\V55HO08.png,0,0.204495,0
pdraw_wave,mobilenet_v3_large,jpeg_compression,1,C:\Users\ramti\Desktop\ramtin legion pc\article_project\data\raw\pdraw_wave\test\healthy\V55HO09.png,0,0.313410,0
pdraw_wave,mobilenet_v3_large,jpeg_compression,1,C:\Users\ramti\Desktop\ramtin legion pc\article_project\data\raw\pdraw_wave\test\healthy\V55HO10.png,0,0.137139,0
pdraw_wave,mobilenet_v3_large,jpeg_compression,1,C:\Users\ramti\Desktop\ramtin legion pc\article_project\data\raw\pdraw_wave\test\healthy\V55HO11.png,0,0.521585,0
pdraw_wave,mobilenet_v3_large,jpeg_compression,1,C:\Users\ramti\Desktop\ramtin legion pc\article_project\data\raw\pdraw_wave\test\parkinson\V01PO01.png,1,0.332965,0
pdraw_wave,mobilenet_v3_large,jpeg_compression,1,C:\Users\ramti\Desktop\ramtin legion pc\article_project\data\raw\pdraw_wave\test\parkinson\V02PO01.png,1,0.895296,1
pdraw_wave,mobilenet_v3_large,jpeg_compression,1,C:\Users\ramti\Desktop\ramtin legion pc\article_project\data\raw\pdraw_wave\test\parkinson\V03PO01.png,1,0.945298,1
pdraw_wave,mobilenet_v3_large,jpeg_compression,1,C:\Users\ramti\Desktop\ramtin legion pc\article_project\data\raw\pdraw_wave\test\parkinson\V03PO04.png,1,0.965520,1
pdraw_wave,mobilenet_v3_large,jpeg_compression,1,C:\Users\ramti\Desktop\ramtin legion pc\article_project\data\raw\pdraw_wave\test\parkinson\V03PO07.png,1,0.923600,1
pdraw_wave,mobilenet_v3_large,jpeg_compression,1,C:\Users\ramti\Desktop\ramtin legion pc\article_project\data\raw\pdraw_wave\test\parkinson\V04PO01.png,1,0.953248,1
pdraw_wave,mobilenet_v3_large,jpeg_compression,1,C:\Users\ramti\Desktop\ramtin legion pc\article_project\data\raw\pdraw_wave\test\parkinson\V05PO01.png,1,0.943392,1
pdraw_wave,mobilenet_v3_large,jpeg_compression,1,C:\Users\ramti\Desktop\ramtin legion pc\article_project\data\raw\pdraw_wave\test\parkinson\V06PO01.png,1,0.896424,1
pdraw_wave,mobilenet_v3_large,jpeg_compression,1,C:\Users\ramti\Desktop\ramtin legion pc\article_project\data\raw\pdraw_wave\test\parkinson\V07PO01.png,1,0.943477,1
pdraw_wave,mobilenet_v3_large,jpeg_compression,1,C:\Users\ramti\Desktop\ramtin legion pc\article_project\data\raw\pdraw_wave\test\parkinson\V08PO01.png,1,0.223787,0
pdraw_wave,mobilenet_v3_large,jpeg_compression,1,C:\Users\ramti\Desktop\ramtin legion pc\article_project\data\raw\pdraw_wave\test\parkinson\V09PO01.png,1,0.922205,1
pdraw_wave,mobilenet_v3_large,jpeg_compression,1,C:\Users\ramti\Desktop\ramtin legion pc\article_project\data\raw\pdraw_wave\test\parkinson\V10PO01.png,1,0.686294,1
pdraw_wave,mobilenet_v3_large,jpeg_compression,1,C:\Users\ramti\Desktop\ramtin legion pc\article_project\data\raw\pdraw_wave\test\parkinson\V11PO01.png,1,0.711657,1
pdraw_wave,mobilenet_v3_large,jpeg_compression,1,C:\Users\ramti\Desktop\ramtin legion pc\article_project\data\raw\pdraw_wave\test\parkinson\V14PO01.png,1,0.979792,1
pdraw_wave,mobilenet_v3_large,jpeg_compression,1,C:\Users\ramti\Desktop\ramtin legion pc\article_project\data\raw\pdraw_wave\test\parkinson\V14PO03.png,1,0.968137,1
pdraw_wave,mobilenet_v3_large,jpeg_compression,2,C:\Users\ramti\Desktop\ramtin legion pc\article_project\data\raw\pdraw_wave\test\healthy\V01HO01.png,0,0.561924,0
pdraw_wave,mobilenet_v3_large,jpeg_compression,2,C:\Users\ramti\Desktop\ramtin legion pc\article_project\data\raw\pdraw_wave\test\healthy\V02HO01.png,0,0.090090,0
pdraw_wave,mobilenet_v3_large,jpeg_compression,2,C:\Users\ramti\Desktop\ramtin legion pc\article_project\data\raw\pdraw_wave\test\healthy\V03HO01.png,0,0.300118,0
pdraw_wave,mobilenet_v3_large,jpeg_compression,2,C:\Users\ramti\Desktop\ramtin legion pc\article_project\data\raw\pdraw_wave\test\healthy\V04HO01.png,0,0.167168,0
pdraw_wave,mobilenet_v3_large,jpeg_compression,2,C:\Users\ramti\Desktop\ramtin legion pc\article_project\data\raw\pdraw_wave\test\healthy\V05HO01.png,0,0.616024,0
pdraw_wave,mobilenet_v3_large,jpeg_compression,2,C:\Users\ramti\Desktop\ramtin legion pc\article_project\data\raw\pdraw_wave\test\healthy\V06HO01.png,0,0.627244,0
pdraw_wave,mobilenet_v3_large,jpeg_compression,2,C:\Users\ramti\Desktop\ramtin legion pc\article_project\data\raw\pdraw_wave\test\healthy\V07HO01.png,0,0.100772,0
pdraw_wave,mobilenet_v3_large,jpeg_compression,2,C:\Users\ramti\Desktop\ramtin legion pc\article_project\data\raw\pdraw_wave\test\healthy\V08HO01.png,0,0.387369,0
pdraw_wave,mobilenet_v3_large,jpeg_compression,2,C:\Users\ramti\Desktop\ramtin legion pc\article_project\data\raw\pdraw_wave\test\healthy\V09HO01.png,0,0.250323,0
pdraw_wave,mobilenet_v3_large,jpeg_compression,2,C:\Users\ramti\Desktop\ramtin legion pc\article_project\data\raw\pdraw_wave\test\healthy\V10HO01.png,0,0.371679,0
pdraw_wave,mobilenet_v3_large,jpeg_compression,2,C:\Users\ramti\Desktop\ramtin legion pc\article_project\data\raw\pdraw_wave\test\healthy\V11HO01.png,0,0.251586,0
pdraw_wave,mobilenet_v3_large,jpeg_compression,2,C:\Users\ramti\Desktop\ramtin legion pc\article_project\data\raw\pdraw_wave\test\healthy\V55HO08.png,0,0.243924,0
pdraw_wave,mobilenet_v3_large,jpeg_compression,2,C:\Users\ramti\Desktop\ramtin legion pc\article_project\data\raw\pdraw_wave\test\healthy\V55HO09.png,0,0.386030,0
pdraw_wave,mobilenet_v3_large,jpeg_compression,2,C:\Users\ramti\Desktop\ramtin legion pc\article_project\data\raw\pdraw_wave\test\healthy\V55HO10.png,0,0.145959,0
pdraw_wave,mobilenet_v3_large,jpeg_compression,2,C:\Users\ramti\Desktop\ramtin legion pc\article_project\data\raw\pdraw_wave\test\healthy\V55HO11.png,0,0.576270,0
pdraw_wave,mobilenet_v3_large,jpeg_compression,2,C:\Users\ramti\Desktop\ramtin legion pc\article_project\data\raw\pdraw_wave\test\parkinson\V01PO01.png,1,0.396935,0
pdraw_wave,mobilenet_v3_large,jpeg_compression,2,C:\Users\ramti\Desktop\ramtin legion pc\article_project\data\raw\pdraw_wave\test\parkinson\V02PO01.png,1,0.889807,1
pdraw_wave,mobilenet_v3_large,jpeg_compression,2,C:\Users\ramti\Desktop\ramtin legion pc\article_project\data\raw\pdraw_wave\test\parkinson\V03PO01.png,1,0.947420,1
pdraw_wave,mobilenet_v3_large,jpeg_compression,2,C:\Users\ramti\Desktop\ramtin legion pc\article_project\data\raw\pdraw_wave\test\parkinson\V03PO04.png,1,0.961357,1
pdraw_wave,mobilenet_v3_large,jpeg_compression,2,C:\Users\ramti\Desktop\ramtin legion pc\article_project\data\raw\pdraw_wave\test\parkinson\V03PO07.png,1,0.923796,1
pdraw_wave,mobilenet_v3_large,jpeg_compression,2,C:\Users\ramti\Desktop\ramtin legion pc\article_project\data\raw\pdraw_wave\test\parkinson\V04PO01.png,1,0.961699,1
pdraw_wave,mobilenet_v3_large,jpeg_compression,2,C:\Users\ramti\Desktop\ramtin legion pc\article_project\data\raw\pdraw_wave\test\parkinson\V05PO01.png,1,0.943859,1
pdraw_wave,mobilenet_v3_large,jpeg_compression,2,C:\Users\ramti\Desktop\ramtin legion pc\article_project\data\raw\pdraw_wave\test\parkinson\V06PO01.png,1,0.889256,1
pdraw_wave,mobilenet_v3_large,jpeg_compression,2,C:\Users\ramti\Desktop\ramtin legion pc\article_project\data\raw\pdraw_wave\test\parkinson\V07PO01.png,1,0.952713,1
pdraw_wave,mobilenet_v3_large,jpeg_compression,2,C:\Users\ramti\Desktop\ramtin legion pc\article_project\data\raw\pdraw_wave\test\parkinson\V08PO01.png,1,0.252022,0
pdraw_wave,mobilenet_v3_large,jpeg_compression,2,C:\Users\ramti\Desktop\ramtin legion pc\article_project\data\raw\pdraw_wave\test\parkinson\V09PO01.png,1,0.907109,1
pdraw_wave,mobilenet_v3_large,jpeg_compression,2,C:\Users\ramti\Desktop\ramtin legion pc\article_project\data\raw\pdraw_wave\test\parkinson\V10PO01.png,1,0.756394,1
pdraw_wave,mobilenet_v3_large,jpeg_compression,2,C:\Users\ramti\Desktop\ramtin legion pc\article_project\data\raw\pdraw_wave\test\parkinson\V11PO01.png,1,0.720924,1
pdraw_wave,mobilenet_v3_large,jpeg_compression,2,C:\Users\ramti\Desktop\ramtin legion pc\article_project\data\raw\pdraw_wave\test\parkinson\V14PO01.png,1,0.980048,1
pdraw_wave,mobilenet_v3_large,jpeg_compression,2,C:\Users\ramti\Desktop\ramtin legion pc\article_project\data\raw\pdraw_wave\test\parkinson\V14PO03.png,1,0.962654,1
pdraw_wave,mobilenet_v3_large,jpeg_compression,3,C:\Users\ramti\Desktop\ramtin legion pc\article_project\data\raw\pdraw_wave\test\healthy\V01HO01.png,0,0.537028,0
pdraw_wave,mobilenet_v3_large,jpeg_compression,3,C:\Users\ramti\Desktop\ramtin legion pc\article_project\data\raw\pdraw_wave\test\healthy\V02HO01.png,0,0.107217,0
pdraw_wave,mobilenet_v3_large,jpeg_compression,3,C:\Users\ramti\Desktop\ramtin legion pc\article_project\data\raw\pdraw_wave\test\healthy\V03HO01.png,0,0.329778,0
pdraw_wave,mobilenet_v3_large,jpeg_compression,3,C:\Users\ramti\Desktop\ramtin legion pc\article_project\data\raw\pdraw_wave\test\healthy\V04HO01.png,0,0.194696,0
pdraw_wave,mobilenet_v3_large,jpeg_compression,3,C:\Users\ramti\Desktop\ramtin legion pc\article_project\data\raw\pdraw_wave\test\healthy\V05HO01.png,0,0.489728,0
pdraw_wave,mobilenet_v3_large,jpeg_compression,3,C:\Users\ramti\Desktop\ramtin legion pc\article_project\data\raw\pdraw_wave\test\healthy\V06HO01.png,0,0.572032,0
pdraw_wave,mobilenet_v3_large,jpeg_compression,3,C:\Users\ramti\Desktop\ramtin legion pc\article_project\data\raw\pdraw_wave\test\healthy\V07HO01.png,0,0.111602,0
pdraw_wave,mobilenet_v3_large,jpeg_compression,3,C:\Users\ramti\Desktop\ramtin legion pc\article_project\data\raw\pdraw_wave\test\healthy\V08HO01.png,0,0.448727,0
pdraw_wave,mobilenet_v3_large,jpeg_compression,3,C:\Users\ramti\Desktop\ramtin legion pc\article_project\data\raw\pdraw_wave\test\healthy\V09HO01.png,0,0.251542,0
pdraw_wave,mobilenet_v3_large,jpeg_compression,3,C:\Users\ramti\Desktop\ramtin legion pc\article_project\data\raw\pdraw_wave\test\healthy\V10HO01.png,0,0.411551,0
pdraw_wave,mobilenet_v3_large,jpeg_compression,3,C:\Users\ramti\Desktop\ramtin legion pc\article_project\data\raw\pdraw_wave\test\healthy\V11HO01.png,0,0.251769,0
pdraw_wave,mobilenet_v3_large,jpeg_compression,3,C:\Users\ramti\Desktop\ramtin legion pc\article_project\data\raw\pdraw_wave\test\healthy\V55HO08.png,0,0.261255,0
pdraw_wave,mobilenet_v3_large,jpeg_compression,3,C:\Users\ramti\Desktop\ramtin legion pc\article_project\data\raw\pdraw_wave\test\healthy\V55HO09.png,0,0.461901,0
pdraw_wave,mobilenet_v3_large,jpeg_compression,3,C:\Users\ramti\Desktop\ramtin legion pc\article_project\data\raw\pdraw_wave\test\healthy\V55HO10.png,0,0.167895,0
pdraw_wave,mobilenet_v3_large,jpeg_compression,3,C:\Users\ramti\Desktop\ramtin legion pc\article_project\data\raw\pdraw_wave\test\healthy\V55HO11.png,0,0.559914,0
pdraw_wave,mobilenet_v3_large,jpeg_compression,3,C:\Users\ramti\Desktop\ramtin legion pc\article_project\data\raw\pdraw_wave\test\parkinson\V01PO01.png,1,0.359275,0
pdraw_wave,mobilenet_v3_large,jpeg_compression,3,C:\Users\ramti\Desktop\ramtin legion pc\article_project\data\raw\pdraw_wave\test\parkinson\V02PO01.png,1,0.908097,1
pdraw_wave,mobilenet_v3_large,jpeg_compression,3,C:\Users\ramti\Desktop\ramtin legion pc\article_project\data\raw\pdraw_wave\test\parkinson\V03PO01.png,1,0.939811,1
pdraw_wave,mobilenet_v3_large,jpeg_compression,3,C:\Users\ramti\Desktop\ramtin legion pc\article_project\data\raw\pdraw_wave\test\parkinson\V03PO04.png,1,0.959538,1
pdraw_wave,mobilenet_v3_large,jpeg_compression,3,C:\Users\ramti\Desktop\ramtin legion pc\article_project\data\raw\pdraw_wave\test\parkinson\V03PO07.png,1,0.931324,1
pdraw_wave,mobilenet_v3_large,jpeg_compression,3,C:\Users\ramti\Desktop\ramtin legion pc\article_project\data\raw\pdraw_wave\test\parkinson\V04PO01.png,1,0.957360,1
pdraw_wave,mobilenet_v3_large,jpeg_compression,3,C:\Users\ramti\Desktop\ramtin legion pc\article_project\data\raw\pdraw_wave\test\parkinson\V05PO01.png,1,0.927180,1
pdraw_wave,mobilenet_v3_large,jpeg_compression,3,C:\Users\ramti\Desktop\ramtin legion pc\article_project\data\raw\pdraw_wave\test\parkinson\V06PO01.png,1,0.870809,1
pdraw_wave,mobilenet_v3_large,jpeg_compression,3,C:\Users\ramti\Desktop\ramtin legion pc\article_project\data\raw\pdraw_wave\test\parkinson\V07PO01.png,1,0.961781,1
pdraw_wave,mobilenet_v3_large,jpeg_compression,3,C:\Users\ramti\Desktop\ramtin legion pc\article_project\data\raw\pdraw_wave\test\parkinson\V08PO01.png,1,0.185714,0
pdraw_wave,mobilenet_v3_large,jpeg_compression,3,C:\Users\ramti\Desktop\ramtin legion pc\article_project\data\raw\pdraw_wave\test\parkinson\V09PO01.png,1,0.915679,1
pdraw_wave,mobilenet_v3_large,jpeg_compression,3,C:\Users\ramti\Desktop\ramtin legion pc\article_project\data\raw\pdraw_wave\test\parkinson\V10PO01.png,1,0.797744,1
pdraw_wave,mobilenet_v3_large,jpeg_compression,3,C:\Users\ramti\Desktop\ramtin legion pc\article_project\data\raw\pdraw_wave\test\parkinson\V11PO01.png,1,0.696784,1
pdraw_wave,mobilenet_v3_large,jpeg_compression,3,C:\Users\ramti\Desktop\ramtin legion pc\article_project\data\raw\pdraw_wave\test\parkinson\V14PO01.png,1,0.977429,1
pdraw_wave,mobilenet_v3_large,jpeg_compression,3,C:\Users\ramti\Desktop\ramtin legion pc\article_project\data\raw\pdraw_wave\test\parkinson\V14PO03.png,1,0.965327,1
pdraw_wave,mobilenet_v3_large,jpeg_compression,4,C:\Users\ramti\Desktop\ramtin legion pc\article_project\data\raw\pdraw_wave\test\healthy\V01HO01.png,0,0.712407,1
pdraw_wave,mobilenet_v3_large,jpeg_compression,4,C:\Users\ramti\Desktop\ramtin legion pc\article_project\data\raw\pdraw_wave\test\healthy\V02HO01.png,0,0.127617,0
pdraw_wave,mobilenet_v3_large,jpeg_compression,4,C:\Users\ramti\Desktop\ramtin legion pc\article_project\data\raw\pdraw_wave\test\healthy\V03HO01.png,0,0.484005,0
pdraw_wave,mobilenet_v3_large,jpeg_compression,4,C:\Users\ramti\Desktop\ramtin legion pc\article_project\data\raw\pdraw_wave\test\healthy\V04HO01.png,0,0.262973,0
pdraw_wave,mobilenet_v3_large,jpeg_compression,4,C:\Users\ramti\Desktop\ramtin legion pc\article_project\data\raw\pdraw_wave\test\healthy\V05HO01.png,0,0.591745,0
pdraw_wave,mobilenet_v3_large,jpeg_compression,4,C:\Users\ramti\Desktop\ramtin legion pc\article_project\data\raw\pdraw_wave\test\healthy\V06HO01.png,0,0.515877,0
pdraw_wave,mobilenet_v3_large,jpeg_compression,4,C:\Users\ramti\Desktop\ramtin legion pc\article_project\data\raw\pdraw_wave\test\healthy\V07HO01.png,0,0.141387,0
pdraw_wave,mobilenet_v3_large,jpeg_compression,4,C:\Users\ramti\Desktop\ramtin legion pc\article_project\data\raw\pdraw_wave\test\healthy\V08HO01.png,0,0.451997,0
pdraw_wave,mobilenet_v3_large,jpeg_compression,4,C:\Users\ramti\Desktop\ramtin legion pc\article_project\data\raw\pdraw_wave\test\healthy\V09HO01.png,0,0.213399,0
pdraw_wave,mobilenet_v3_large,jpeg_compression,4,C:\Users\ramti\Desktop\ramtin legion pc\article_project\data\raw\pdraw_wave\test\healthy\V10HO01.png,0,0.453822,0
pdraw_wave,mobilenet_v3_large,jpeg_compression,4,C:\Users\ramti\Desktop\ramtin legion pc\article_project\data\raw\pdraw_wave\test\healthy\V11HO01.png,0,0.295446,0
pdraw_wave,mobilenet_v3_large,jpeg_compression,4,C:\Users\ramti\Desktop\ramtin legion pc\article_project\data\raw\pdraw_wave\test\healthy\V55HO08.png,0,0.205287,0
pdraw_wave,mobilenet_v3_large,jpeg_compression,4,C:\Users\ramti\Desktop\ramtin legion pc\article_project\data\raw\pdraw_wave\test\healthy\V55HO09.png,0,0.467132,0
pdraw_wave,mobilenet_v3_large,jpeg_compression,4,C:\Users\ramti\Desktop\ramtin legion pc\article_project\data\raw\pdraw_wave\test\healthy\V55HO10.png,0,0.294331,0
pdraw_wave,mobilenet_v3_large,jpeg_compression,4,C:\Users\ramti\Desktop\ramtin legion pc\article_project\data\raw\pdraw_wave\test\healthy\V55HO11.png,0,0.708425,1
pdraw_wave,mobilenet_v3_large,jpeg_compression,4,C:\Users\ramti\Desktop\ramtin legion pc\article_project\data\raw\pdraw_wave\test\parkinson\V01PO01.png,1,0.282031,0
pdraw_wave,mobilenet_v3_large,jpeg_compression,4,C:\Users\ramti\Desktop\ramtin legion pc\article_project\data\raw\pdraw_wave\test\parkinson\V02PO01.png,1,0.926081,1
pdraw_wave,mobilenet_v3_large,jpeg_compression,4,C:\Users\ramti\Desktop\ramtin legion pc\article_project\data\raw\pdraw_wave\test\parkinson\V03PO01.png,1,0.924711,1
pdraw_wave,mobilenet_v3_large,jpeg_compression,4,C:\Users\ramti\Desktop\ramtin legion pc\article_project\data\raw\pdraw_wave\test\parkinson\V03PO04.png,1,0.943581,1
pdraw_wave,mobilenet_v3_large,jpeg_compression,4,C:\Users\ramti\Desktop\ramtin legion pc\article_project\data\raw\pdraw_wave\test\parkinson\V03PO07.png,1,0.879216,1
pdraw_wave,mobilenet_v3_large,jpeg_compression,4,C:\Users\ramti\Desktop\ramtin legion pc\article_project\data\raw\pdraw_wave\test\parkinson\V04PO01.png,1,0.953093,1
pdraw_wave,mobilenet_v3_large,jpeg_compression,4,C:\Users\ramti\Desktop\ramtin legion pc\article_project\data\raw\pdraw_wave\test\parkinson\V05PO01.png,1,0.915133,1
pdraw_wave,mobilenet_v3_large,jpeg_compression,4,C:\Users\ramti\Desktop\ramtin legion pc\article_project\data\raw\pdraw_wave\test\parkinson\V06PO01.png,1,0.862455,1
pdraw_wave,mobilenet_v3_large,jpeg_compression,4,C:\Users\ramti\Desktop\ramtin legion pc\article_project\data\raw\pdraw_wave\test\parkinson\V07PO01.png,1,0.956357,1
pdraw_wave,mobilenet_v3_large,jpeg_compression,4,C:\Users\ramti\Desktop\ramtin legion pc\article_project\data\raw\pdraw_wave\test\parkinson\V08PO01.png,1,0.170896,0
pdraw_wave,mobilenet_v3_large,jpeg_compression,4,C:\Users\ramti\Desktop\ramtin legion pc\article_project\data\raw\pdraw_wave\test\parkinson\V09PO01.png,1,0.894544,1
pdraw_wave,mobilenet_v3_large,jpeg_compression,4,C:\Users\ramti\Desktop\ramtin legion pc\article_project\data\raw\pdraw_wave\test\parkinson\V10PO01.png,1,0.760776,1
pdraw_wave,mobilenet_v3_large,jpeg_compression,4,C:\Users\ramti\Desktop\ramtin legion pc\article_project\data\raw\pdraw_wave\test\parkinson\V11PO01.png,1,0.719203,1
pdraw_wave,mobilenet_v3_large,jpeg_compression,4,C:\Users\ramti\Desktop\ramtin legion pc\article_project\data\raw\pdraw_wave\test\parkinson\V14PO01.png,1,0.962419,1
pdraw_wave,mobilenet_v3_large,jpeg_compression,4,C:\Users\ramti\Desktop\ramtin legion pc\article_project\data\raw\pdraw_wave\test\parkinson\V14PO03.png,1,0.958101,1
pdraw_wave,mobilenet_v3_large,jpeg_compression,5,C:\Users\ramti\Desktop\ramtin legion pc\article_project\data\raw\pdraw_wave\test\healthy\V01HO01.png,0,0.808584,1
pdraw_wave,mobilenet_v3_large,jpeg_compression,5,C:\Users\ramti\Desktop\ramtin legion pc\article_project\data\raw\pdraw_wave\test\healthy\V02HO01.png,0,0.330496,0
pdraw_wave,mobilenet_v3_large,jpeg_compression,5,C:\Users\ramti\Desktop\ramtin legion pc\article_project\data\raw\pdraw_wave\test\healthy\V03HO01.png,0,0.676423,1
pdraw_wave,mobilenet_v3_large,jpeg_compression,5,C:\Users\ramti\Desktop\ramtin legion pc\article_project\data\raw\pdraw_wave\test\healthy\V04HO01.png,0,0.550113,0
pdraw_wave,mobilenet_v3_large,jpeg_compression,5,C:\Users\ramti\Desktop\ramtin legion pc\article_project\data\raw\pdraw_wave\test\healthy\V05HO01.png,0,0.876631,1
pdraw_wave,mobilenet_v3_large,jpeg_compression,5,C:\Users\ramti\Desktop\ramtin legion pc\article_project\data\raw\pdraw_wave\test\healthy\V06HO01.png,0,0.599534,0
pdraw_wave,mobilenet_v3_large,jpeg_compression,5,C:\Users\ramti\Desktop\ramtin legion pc\article_project\data\raw\pdraw_wave\test\healthy\V07HO01.png,0,0.419454,0
pdraw_wave,mobilenet_v3_large,jpeg_compression,5,C:\Users\ramti\Desktop\ramtin legion pc\article_project\data\raw\pdraw_wave\test\healthy\V08HO01.png,0,0.482438,0
pdraw_wave,mobilenet_v3_large,jpeg_compression,5,C:\Users\ramti\Desktop\ramtin legion pc\article_project\data\raw\pdraw_wave\test\healthy\V09HO01.png,0,0.446546,0
pdraw_wave,mobilenet_v3_large,jpeg_compression,5,C:\Users\ramti\Desktop\ramtin legion pc\article_project\data\raw\pdraw_wave\test\healthy\V10HO01.png,0,0.701399,1
pdraw_wave,mobilenet_v3_large,jpeg_compression,5,C:\Users\ramti\Desktop\ramtin legion pc\article_project\data\raw\pdraw_wave\test\healthy\V11HO01.png,0,0.486358,0
pdraw_wave,mobilenet_v3_large,jpeg_compression,5,C:\Users\ramti\Desktop\ramtin legion pc\article_project\data\raw\pdraw_wave\test\healthy\V55HO08.png,0,0.504746,0
pdraw_wave,mobilenet_v3_large,jpeg_compression,5,C:\Users\ramti\Desktop\ramtin legion pc\article_project\data\raw\pdraw_wave\test\healthy\V55HO09.png,0,0.725225,1
pdraw_wave,mobilenet_v3_large,jpeg_compression,5,C:\Users\ramti\Desktop\ramtin legion pc\article_project\data\raw\pdraw_wave\test\healthy\V55HO10.png,0,0.645847,0
pdraw_wave,mobilenet_v3_large,jpeg_compression,5,C:\Users\ramti\Desktop\ramtin legion pc\article_project\data\raw\pdraw_wave\test\healthy\V55HO11.png,0,0.785107,1
pdraw_wave,mobilenet_v3_large,jpeg_compression,5,C:\Users\ramti\Desktop\ramtin legion pc\article_project\data\raw\pdraw_wave\test\parkinson\V01PO01.png,1,0.739192,1
pdraw_wave,mobilenet_v3_large,jpeg_compression,5,C:\Users\ramti\Desktop\ramtin legion pc\article_project\data\raw\pdraw_wave\test\parkinson\V02PO01.png,1,0.913037,1
pdraw_wave,mobilenet_v3_large,jpeg_compression,5,C:\Users\ramti\Desktop\ramtin legion pc\article_project\data\raw\pdraw_wave\test\parkinson\V03PO01.png,1,0.867388,1
pdraw_wave,mobilenet_v3_large,jpeg_compression,5,C:\Users\ramti\Desktop\ramtin legion pc\article_project\data\raw\pdraw_wave\test\parkinson\V03PO04.png,1,0.928865,1
pdraw_wave,mobilenet_v3_large,jpeg_compression,5,C:\Users\ramti\Desktop\ramtin legion pc\article_project\data\raw\pdraw_wave\test\parkinson\V03PO07.png,1,0.907325,1
pdraw_wave,mobilenet_v3_large,jpeg_compression,5,C:\Users\ramti\Desktop\ramtin legion pc\article_project\data\raw\pdraw_wave\test\parkinson\V04PO01.png,1,0.931800,1
pdraw_wave,mobilenet_v3_large,jpeg_compression,5,C:\Users\ramti\Desktop\ramtin legion pc\article_project\data\raw\pdraw_wave\test\parkinson\V05PO01.png,1,0.905948,1
pdraw_wave,mobilenet_v3_large,jpeg_compression,5,C:\Users\ramti\Desktop\ramtin legion pc\article_project\data\raw\pdraw_wave\test\parkinson\V06PO01.png,1,0.875444,1
pdraw_wave,mobilenet_v3_large,jpeg_compression,5,C:\Users\ramti\Desktop\ramtin legion pc\article_project\data\raw\pdraw_wave\test\parkinson\V07PO01.png,1,0.827391,1
pdraw_wave,mobilenet_v3_large,jpeg_compression,5,C:\Users\ramti\Desktop\ramtin legion pc\article_project\data\raw\pdraw_wave\test\parkinson\V08PO01.png,1,0.431990,0
pdraw_wave,mobilenet_v3_large,jpeg_compression,5,C:\Users\ramti\Desktop\ramtin legion pc\article_project\data\raw\pdraw_wave\test\parkinson\V09PO01.png,1,0.846295,1
pdraw_wave,mobilenet_v3_large,jpeg_compression,5,C:\Users\ramti\Desktop\ramtin legion pc\article_project\data\raw\pdraw_wave\test\parkinson\V10PO01.png,1,0.635786,0
pdraw_wave,mobilenet_v3_large,jpeg_compression,5,C:\Users\ramti\Desktop\ramtin legion pc\article_project\data\raw\pdraw_wave\test\parkinson\V11PO01.png,1,0.828667,1
pdraw_wave,mobilenet_v3_large,jpeg_compression,5,C:\Users\ramti\Desktop\ramtin legion pc\article_project\data\raw\pdraw_wave\test\parkinson\V14PO01.png,1,0.937954,1
pdraw_wave,mobilenet_v3_large,jpeg_compression,5,C:\Users\ramti\Desktop\ramtin legion pc\article_project\data\raw\pdraw_wave\test\parkinson\V14PO03.png,1,0.946885,1
pdraw_wave,mobilenet_v3_large,gaussian_blur,1,C:\Users\ramti\Desktop\ramtin legion pc\article_project\data\raw\pdraw_wave\test\healthy\V01HO01.png,0,0.473698,0
pdraw_wave,mobilenet_v3_large,gaussian_blur,1,C:\Users\ramti\Desktop\ramtin legion pc\article_project\data\raw\pdraw_wave\test\healthy\V02HO01.png,0,0.103885,0
pdraw_wave,mobilenet_v3_large,gaussian_blur,1,C:\Users\ramti\Desktop\ramtin legion pc\article_project\data\raw\pdraw_wave\test\healthy\V03HO01.png,0,0.273015,0
pdraw_wave,mobilenet_v3_large,gaussian_blur,1,C:\Users\ramti\Desktop\ramtin legion pc\article_project\data\raw\pdraw_wave\test\healthy\V04HO01.png,0,0.112455,0
pdraw_wave,mobilenet_v3_large,gaussian_blur,1,C:\Users\ramti\Desktop\ramtin legion pc\article_project\data\raw\pdraw_wave\test\healthy\V05HO01.png,0,0.652828,1
pdraw_wave,mobilenet_v3_large,gaussian_blur,1,C:\Users\ramti\Desktop\ramtin legion pc\article_project\data\raw\pdraw_wave\test\healthy\V06HO01.png,0,0.636221,0
pdraw_wave,mobilenet_v3_large,gaussian_blur,1,C:\Users\ramti\Desktop\ramtin legion pc\article_project\data\raw\pdraw_wave\test\healthy\V07HO01.png,0,0.108599,0
pdraw_wave,mobilenet_v3_large,gaussian_blur,1,C:\Users\ramti\Desktop\ramtin legion pc\article_project\data\raw\pdraw_wave\test\healthy\V08HO01.png,0,0.416980,0
pdraw_wave,mobilenet_v3_large,gaussian_blur,1,C:\Users\ramti\Desktop\ramtin legion pc\article_project\data\raw\pdraw_wave\test\healthy\V09HO01.png,0,0.232624,0
pdraw_wave,mobilenet_v3_large,gaussian_blur,1,C:\Users\ramti\Desktop\ramtin legion pc\article_project\data\raw\pdraw_wave\test\healthy\V10HO01.png,0,0.323963,0
pdraw_wave,mobilenet_v3_large,gaussian_blur,1,C:\Users\ramti\Desktop\ramtin legion pc\article_project\data\raw\pdraw_wave\test\healthy\V11HO01.png,0,0.366169,0
pdraw_wave,mobilenet_v3_large,gaussian_blur,1,C:\Users\ramti\Desktop\ramtin legion pc\article_project\data\raw\pdraw_wave\test\healthy\V55HO08.png,0,0.166358,0
pdraw_wave,mobilenet_v3_large,gaussian_blur,1,C:\Users\ramti\Desktop\ramtin legion pc\article_project\data\raw\pdraw_wave\test\healthy\V55HO09.png,0,0.247157,0
pdraw_wave,mobilenet_v3_large,gaussian_blur,1,C:\Users\ramti\Desktop\ramtin legion pc\article_project\data\raw\pdraw_wave\test\healthy\V55HO10.png,0,0.278992,0
pdraw_wave,mobilenet_v3_large,gaussian_blur,1,C:\Users\ramti\Desktop\ramtin legion pc\article_project\data\raw\pdraw_wave\test\healthy\V55HO11.png,0,0.565302,0
pdraw_wave,mobilenet_v3_large,gaussian_blur,1,C:\Users\ramti\Desktop\ramtin legion pc\article_project\data\raw\pdraw_wave\test\parkinson\V01PO01.png,1,0.253903,0
pdraw_wave,mobilenet_v3_large,gaussian_blur,1,C:\Users\ramti\Desktop\ramtin legion pc\article_project\data\raw\pdraw_wave\test\parkinson\V02PO01.png,1,0.935862,1
pdraw_wave,mobilenet_v3_large,gaussian_blur,1,C:\Users\ramti\Desktop\ramtin legion pc\article_project\data\raw\pdraw_wave\test\parkinson\V03PO01.png,1,0.939716,1
pdraw_wave,mobilenet_v3_large,gaussian_blur,1,C:\Users\ramti\Desktop\ramtin legion pc\article_project\data\raw\pdraw_wave\test\parkinson\V03PO04.png,1,0.960408,1
pdraw_wave,mobilenet_v3_large,gaussian_blur,1,C:\Users\ramti\Desktop\ramtin legion pc\article_project\data\raw\pdraw_wave\test\parkinson\V03PO07.png,1,0.920963,1
pdraw_wave,mobilenet_v3_large,gaussian_blur,1,C:\Users\ramti\Desktop\ramtin legion pc\article_project\data\raw\pdraw_wave\test\parkinson\V04PO01.png,1,0.937891,1
pdraw_wave,mobilenet_v3_large,gaussian_blur,1,C:\Users\ramti\Desktop\ramtin legion pc\article_project\data\raw\pdraw_wave\test\parkinson\V05PO01.png,1,0.952052,1
pdraw_wave,mobilenet_v3_large,gaussian_blur,1,C:\Users\ramti\Desktop\ramtin legion pc\article_project\data\raw\pdraw_wave\test\parkinson\V06PO01.png,1,0.842039,1
pdraw_wave,mobilenet_v3_large,gaussian_blur,1,C:\Users\ramti\Desktop\ramtin legion pc\article_project\data\raw\pdraw_wave\test\parkinson\V07PO01.png,1,0.948028,1
pdraw_wave,mobilenet_v3_large,gaussian_blur,1,C:\Users\ramti\Desktop\ramtin legion pc\article_project\data\raw\pdraw_wave\test\parkinson\V08PO01.png,1,0.201050,0
pdraw_wave,mobilenet_v3_large,gaussian_blur,1,C:\Users\ramti\Desktop\ramtin legion pc\article_project\data\raw\pdraw_wave\test\parkinson\V09PO01.png,1,0.947776,1
pdraw_wave,mobilenet_v3_large,gaussian_blur,1,C:\Users\ramti\Desktop\ramtin legion pc\article_project\data\raw\pdraw_wave\test\parkinson\V10PO01.png,1,0.687904,1
pdraw_wave,mobilenet_v3_large,gaussian_blur,1,C:\Users\ramti\Desktop\ramtin legion pc\article_project\data\raw\pdraw_wave\test\parkinson\V11PO01.png,1,0.651362,1
pdraw_wave,mobilenet_v3_large,gaussian_blur,1,C:\Users\ramti\Desktop\ramtin legion pc\article_project\data\raw\pdraw_wave\test\parkinson\V14PO01.png,1,0.967047,1
pdraw_wave,mobilenet_v3_large,gaussian_blur,1,C:\Users\ramti\Desktop\ramtin legion pc\article_project\data\raw\pdraw_wave\test\parkinson\V14PO03.png,1,0.937264,1
pdraw_wave,mobilenet_v3_large,gaussian_blur,2,C:\Users\ramti\Desktop\ramtin legion pc\article_project\data\raw\pdraw_wave\test\healthy\V01HO01.png,0,0.397807,0
pdraw_wave,mobilenet_v3_large,gaussian_blur,2,C:\Users\ramti\Desktop\ramtin legion pc\article_project\data\raw\pdraw_wave\test\healthy\V02HO01.png,0,0.104252,0
pdraw_wave,mobilenet_v3_large,gaussian_blur,2,C:\Users\ramti\Desktop\ramtin legion pc\article_project\data\raw\pdraw_wave\test\healthy\V03HO01.png,0,0.238735,0
pdraw_wave,mobilenet_v3_large,gaussian_blur,2,C:\Users\ramti\Desktop\ramtin legion pc\article_project\data\raw\pdraw_wave\test\healthy\V04HO01.png,0,0.123911,0
pdraw_wave,mobilenet_v3_large,gaussian_blur,2,C:\Users\ramti\Desktop\ramtin legion pc\article_project\data\raw\pdraw_wave\test\healthy\V05HO01.png,0,0.663731,1
pdraw_wave,mobilenet_v3_large,gaussian_blur,2,C:\Users\ramti\Desktop\ramtin legion pc\article_project\data\raw\pdraw_wave\test\healthy\V06HO01.png,0,0.622262,0
pdraw_wave,mobilenet_v3_large,gaussian_blur,2,C:\Users\ramti\Desktop\ramtin legion pc\article_project\data\raw\pdraw_wave\test\healthy\V07HO01.png,0,0.116347,0
pdraw_wave,mobilenet_v3_large,gaussian_blur,2,C:\Users\ramti\Desktop\ramtin legion pc\article_project\data\raw\pdraw_wave\test\healthy\V08HO01.png,0,0.440628,0
pdraw_wave,mobilenet_v3_large,gaussian_blur,2,C:\Users\ramti\Desktop\ramtin legion pc\article_project\data\raw\pdraw_wave\test\healthy\V09HO01.png,0,0.207716,0
pdraw_wave,mobilenet_v3_large,gaussian_blur,2,C:\Users\ramti\Desktop\ramtin legion pc\article_project\data\raw\pdraw_wave\test\healthy\V10HO01.png,0,0.292267,0
pdraw_wave,mobilenet_v3_large,gaussian_blur,2,C:\Users\ramti\Desktop\ramtin legion pc\article_project\data\raw\pdraw_wave\test\healthy\V11HO01.png,0,0.411922,0
pdraw_wave,mobilenet_v3_large,gaussian_blur,2,C:\Users\ramti\Desktop\ramtin legion pc\article_project\data\raw\pdraw_wave\test\healthy\V55HO08.png,0,0.140560,0
pdraw_wave,mobilenet_v3_large,gaussian_blur,2,C:\Users\ramti\Desktop\ramtin legion pc\article_project\data\raw\pdraw_wave\test\healthy\V55HO09.png,0,0.227477,0
pdraw_wave,mobilenet_v3_large,gaussian_blur,2,C:\Users\ramti\Desktop\ramtin legion pc\article_project\data\raw\pdraw_wave\test\healthy\V55HO10.png,0,0.293796,0
pdraw_wave,mobilenet_v3_large,gaussian_blur,2,C:\Users\ramti\Desktop\ramtin legion pc\article_project\data\raw\pdraw_wave\test\healthy\V55HO11.png,0,0.521525,0
pdraw_wave,mobilenet_v3_large,gaussian_blur,2,C:\Users\ramti\Desktop\ramtin legion pc\article_project\data\raw\pdraw_wave\test\parkinson\V01PO01.png,1,0.244114,0
pdraw_wave,mobilenet_v3_large,gaussian_blur,2,C:\Users\ramti\Desktop\ramtin legion pc\article_project\data\raw\pdraw_wave\test\parkinson\V02PO01.png,1,0.937059,1
pdraw_wave,mobilenet_v3_large,gaussian_blur,2,C:\Users\ramti\Desktop\ramtin legion pc\article_project\data\raw\pdraw_wave\test\parkinson\V03PO01.png,1,0.939897,1
pdraw_wave,mobilenet_v3_large,gaussian_blur,2,C:\Users\ramti\Desktop\ramtin legion pc\article_project\data\raw\pdraw_wave\test\parkinson\V03PO04.png,1,0.948983,1
pdraw_wave,mobilenet_v3_large,gaussian_blur,2,C:\Users\ramti\Desktop\ramtin legion pc\article_project\data\raw\pdraw_wave\test\parkinson\V03PO07.png,1,0.913331,1
pdraw_wave,mobilenet_v3_large,gaussian_blur,2,C:\Users\ramti\Desktop\ramtin legion pc\article_project\data\raw\pdraw_wave\test\parkinson\V04PO01.png,1,0.919498,1
pdraw_wave,mobilenet_v3_large,gaussian_blur,2,C:\Users\ramti\Desktop\ramtin legion pc\article_project\data\raw\pdraw_wave\test\parkinson\V05PO01.png,1,0.952858,1
pdraw_wave,mobilenet_v3_large,gaussian_blur,2,C:\Users\ramti\Desktop\ramtin legion pc\article_project\data\raw\pdraw_wave\test\parkinson\V06PO01.png,1,0.777780,1
pdraw_wave,mobilenet_v3_large,gaussian_blur,2,C:\Users\ramti\Desktop\ramtin legion pc\article_project\data\raw\pdraw_wave\test\parkinson\V07PO01.png,1,0.941031,1
pdraw_wave,mobilenet_v3_large,gaussian_blur,2,C:\Users\ramti\Desktop\ramtin legion pc\article_project\data\raw\pdraw_wave\test\parkinson\V08PO01.png,1,0.170018,0
pdraw_wave,mobilenet_v3_large,gaussian_blur,2,C:\Users\ramti\Desktop\ramtin legion pc\article_project\data\raw\pdraw_wave\test\parkinson\V09PO01.png,1,0.953761,1
pdraw_wave,mobilenet_v3_large,gaussian_blur,2,C:\Users\ramti\Desktop\ramtin legion pc\article_project\data\raw\pdraw_wave\test\parkinson\V10PO01.png,1,0.608440,0
pdraw_wave,mobilenet_v3_large,gaussian_blur,2,C:\Users\ramti\Desktop\ramtin legion pc\article_project\data\raw\pdraw_wave\test\parkinson\V11PO01.png,1,0.546490,0
pdraw_wave,mobilenet_v3_large,gaussian_blur,2,C:\Users\ramti\Desktop\ramtin legion pc\article_project\data\raw\pdraw_wave\test\parkinson\V14PO01.png,1,0.943185,1
pdraw_wave,mobilenet_v3_large,gaussian_blur,2,C:\Users\ramti\Desktop\ramtin legion pc\article_project\data\raw\pdraw_wave\test\parkinson\V14PO03.png,1,0.892073,1
pdraw_wave,mobilenet_v3_large,gaussian_blur,3,C:\Users\ramti\Desktop\ramtin legion pc\article_project\data\raw\pdraw_wave\test\healthy\V01HO01.png,0,0.351884,0
pdraw_wave,mobilenet_v3_large,gaussian_blur,3,C:\Users\ramti\Desktop\ramtin legion pc\article_project\data\raw\pdraw_wave\test\healthy\V02HO01.png,0,0.139446,0
pdraw_wave,mobilenet_v3_large,gaussian_blur,3,C:\Users\ramti\Desktop\ramtin legion pc\article_project\data\raw\pdraw_wave\test\healthy\V03HO01.png,0,0.221273,0
pdraw_wave,mobilenet_v3_large,gaussian_blur,3,C:\Users\ramti\Desktop\ramtin legion pc\article_project\data\raw\pdraw_wave\test\healthy\V04HO01.png,0,0.135431,0
pdraw_wave,mobilenet_v3_large,gaussian_blur,3,C:\Users\ramti\Desktop\ramtin legion pc\article_project\data\raw\pdraw_wave\test\healthy\V05HO01.png,0,0.661022,1
pdraw_wave,mobilenet_v3_large,gaussian_blur,3,C:\Users\ramti\Desktop\ramtin legion pc\article_project\data\raw\pdraw_wave\test\healthy\V06HO01.png,0,0.555850,0
pdraw_wave,mobilenet_v3_large,gaussian_blur,3,C:\Users\ramti\Desktop\ramtin legion pc\article_project\data\raw\pdraw_wave\test\healthy\V07HO01.png,0,0.124041,0
pdraw_wave,mobilenet_v3_large,gaussian_blur,3,C:\Users\ramti\Desktop\ramtin legion pc\article_project\data\raw\pdraw_wave\test\healthy\V08HO01.png,0,0.444584,0
pdraw_wave,mobilenet_v3_large,gaussian_blur,3,C:\Users\ramti\Desktop\ramtin legion pc\article_project\data\raw\pdraw_wave\test\healthy\V09HO01.png,0,0.190847,0
pdraw_wave,mobilenet_v3_large,gaussian_blur,3,C:\Users\ramti\Desktop\ramtin legion pc\article_project\data\raw\pdraw_wave\test\healthy\V10HO01.png,0,0.335858,0
pdraw_wave,mobilenet_v3_large,gaussian_blur,3,C:\Users\ramti\Desktop\ramtin legion pc\article_project\data\raw\pdraw_wave\test\healthy\V11HO01.png,0,0.350067,0
pdraw_wave,mobilenet_v3_large,gaussian_blur,3,C:\Users\ramti\Desktop\ramtin legion pc\article_project\data\raw\pdraw_wave\test\healthy\V55HO08.png,0,0.147312,0
pdraw_wave,mobilenet_v3_large,gaussian_blur,3,C:\Users\ramti\Desktop\ramtin legion pc\article_project\data\raw\pdraw_wave\test\healthy\V55HO09.png,0,0.225110,0
pdraw_wave,mobilenet_v3_large,gaussian_blur,3,C:\Users\ramti\Desktop\ramtin legion pc\article_project\data\raw\pdraw_wave\test\healthy\V55HO10.png,0,0.326576,0
pdraw_wave,mobilenet_v3_large,gaussian_blur,3,C:\Users\ramti\Desktop\ramtin legion pc\article_project\data\raw\pdraw_wave\test\healthy\V55HO11.png,0,0.433065,0
pdraw_wave,mobilenet_v3_large,gaussian_blur,3,C:\Users\ramti\Desktop\ramtin legion pc\article_project\data\raw\pdraw_wave\test\parkinson\V01PO01.png,1,0.260345,0
pdraw_wave,mobilenet_v3_large,gaussian_blur,3,C:\Users\ramti\Desktop\ramtin legion pc\article_project\data\raw\pdraw_wave\test\parkinson\V02PO01.png,1,0.919402,1
pdraw_wave,mobilenet_v3_large,gaussian_blur,3,C:\Users\ramti\Desktop\ramtin legion pc\article_project\data\raw\pdraw_wave\test\parkinson\V03PO01.png,1,0.937679,1
pdraw_wave,mobilenet_v3_large,gaussian_blur,3,C:\Users\ramti\Desktop\ramtin legion pc\article_project\data\raw\pdraw_wave\test\parkinson\V03PO04.png,1,0.914551,1
pdraw_wave,mobilenet_v3_large,gaussian_blur,3,C:\Users\ramti\Desktop\ramtin legion pc\article_project\data\raw\pdraw_wave\test\parkinson\V03PO07.png,1,0.905804,1
pdraw_wave,mobilenet_v3_large,gaussian_blur,3,C:\Users\ramti\Desktop\ramtin legion pc\article_project\data\raw\pdraw_wave\test\parkinson\V04PO01.png,1,0.903880,1
pdraw_wave,mobilenet_v3_large,gaussian_blur,3,C:\Users\ramti\Desktop\ramtin legion pc\article_project\data\raw\pdraw_wave\test\parkinson\V05PO01.png,1,0.956392,1
pdraw_wave,mobilenet_v3_large,gaussian_blur,3,C:\Users\ramti\Desktop\ramtin legion pc\article_project\data\raw\pdraw_wave\test\parkinson\V06PO01.png,1,0.686904,1
pdraw_wave,mobilenet_v3_large,gaussian_blur,3,C:\Users\ramti\Desktop\ramtin legion pc\article_project\data\raw\pdraw_wave\test\parkinson\V07PO01.png,1,0.924876,1
pdraw_wave,mobilenet_v3_large,gaussian_blur,3,C:\Users\ramti\Desktop\ramtin legion pc\article_project\data\raw\pdraw_wave\test\parkinson\V08PO01.png,1,0.171917,0
pdraw_wave,mobilenet_v3_large,gaussian_blur,3,C:\Users\ramti\Desktop\ramtin legion pc\article_project\data\raw\pdraw_wave\test\parkinson\V09PO01.png,1,0.958007,1
pdraw_wave,mobilenet_v3_large,gaussian_blur,3,C:\Users\ramti\Desktop\ramtin legion pc\article_project\data\raw\pdraw_wave\test\parkinson\V10PO01.png,1,0.563656,0
pdraw_wave,mobilenet_v3_large,gaussian_blur,3,C:\Users\ramti\Desktop\ramtin legion pc\article_project\data\raw\pdraw_wave\test\parkinson\V11PO01.png,1,0.477779,0
pdraw_wave,mobilenet_v3_large,gaussian_blur,3,C:\Users\ramti\Desktop\ramtin legion pc\article_project\data\raw\pdraw_wave\test\parkinson\V14PO01.png,1,0.870301,1
pdraw_wave,mobilenet_v3_large,gaussian_blur,3,C:\Users\ramti\Desktop\ramtin legion pc\article_project\data\raw\pdraw_wave\test\parkinson\V14PO03.png,1,0.852314,1
pdraw_wave,mobilenet_v3_large,gaussian_blur,4,C:\Users\ramti\Desktop\ramtin legion pc\article_project\data\raw\pdraw_wave\test\healthy\V01HO01.png,0,0.332257,0
pdraw_wave,mobilenet_v3_large,gaussian_blur,4,C:\Users\ramti\Desktop\ramtin legion pc\article_project\data\raw\pdraw_wave\test\healthy\V02HO01.png,0,0.175574,0
pdraw_wave,mobilenet_v3_large,gaussian_blur,4,C:\Users\ramti\Desktop\ramtin legion pc\article_project\data\raw\pdraw_wave\test\healthy\V03HO01.png,0,0.235196,0
pdraw_wave,mobilenet_v3_large,gaussian_blur,4,C:\Users\ramti\Desktop\ramtin legion pc\article_project\data\raw\pdraw_wave\test\healthy\V04HO01.png,0,0.152365,0
pdraw_wave,mobilenet_v3_large,gaussian_blur,4,C:\Users\ramti\Desktop\ramtin legion pc\article_project\data\raw\pdraw_wave\test\healthy\V05HO01.png,0,0.681025,1
pdraw_wave,mobilenet_v3_large,gaussian_blur,4,C:\Users\ramti\Desktop\ramtin legion pc\article_project\data\raw\pdraw_wave\test\healthy\V06HO01.png,0,0.487528,0
pdraw_wave,mobilenet_v3_large,gaussian_blur,4,C:\Users\ramti\Desktop\ramtin legion pc\article_project\data\raw\pdraw_wave\test\healthy\V07HO01.png,0,0.145209,0
pdraw_wave,mobilenet_v3_large,gaussian_blur,4,C:\Users\ramti\Desktop\ramtin legion pc\article_project\data\raw\pdraw_wave\test\healthy\V08HO01.png,0,0.332552,0
pdraw_wave,mobilenet_v3_large,gaussian_blur,4,C:\Users\ramti\Desktop\ramtin legion pc\article_project\data\raw\pdraw_wave\test\healthy\V09HO01.png,0,0.200974,0
pdraw_wave,mobilenet_v3_large,gaussian_blur,4,C:\Users\ramti\Desktop\ramtin legion pc\article_project\data\raw\pdraw_wave\test\healthy\V10HO01.png,0,0.412083,0
pdraw_wave,mobilenet_v3_large,gaussian_blur,4,C:\Users\ramti\Desktop\ramtin legion pc\article_project\data\raw\pdraw_wave\test\healthy\V11HO01.png,0,0.294506,0
pdraw_wave,mobilenet_v3_large,gaussian_blur,4,C:\Users\ramti\Desktop\ramtin legion pc\article_project\data\raw\pdraw_wave\test\healthy\V55HO08.png,0,0.171464,0
pdraw_wave,mobilenet_v3_large,gaussian_blur,4,C:\Users\ramti\Desktop\ramtin legion pc\article_project\data\raw\pdraw_wave\test\healthy\V55HO09.png,0,0.251033,0
pdraw_wave,mobilenet_v3_large,gaussian_blur,4,C:\Users\ramti\Desktop\ramtin legion pc\article_project\data\raw\pdraw_wave\test\healthy\V55HO10.png,0,0.335897,0
pdraw_wave,mobilenet_v3_large,gaussian_blur,4,C:\Users\ramti\Desktop\ramtin legion pc\article_project\data\raw\pdraw_wave\test\healthy\V55HO11.png,0,0.389553,0
pdraw_wave,mobilenet_v3_large,gaussian_blur,4,C:\Users\ramti\Desktop\ramtin legion pc\article_project\data\raw\pdraw_wave\test\parkinson\V01PO01.png,1,0.271449,0
pdraw_wave,mobilenet_v3_large,gaussian_blur,4,C:\Users\ramti\Desktop\ramtin legion pc\article_project\data\raw\pdraw_wave\test\parkinson\V02PO01.png,1,0.893515,1
pdraw_wave,mobilenet_v3_large,gaussian_blur,4,C:\Users\ramti\Desktop\ramtin legion pc\article_project\data\raw\pdraw_wave\test\parkinson\V03PO01.png,1,0.940820,1
pdraw_wave,mobilenet_v3_large,gaussian_blur,4,C:\Users\ramti\Desktop\ramtin legion pc\article_project\data\raw\pdraw_wave\test\parkinson\V03PO04.png,1,0.860339,1
pdraw_wave,mobilenet_v3_large,gaussian_blur,4,C:\Users\ramti\Desktop\ramtin legion pc\article_project\data\raw\pdraw_wave\test\parkinson\V03PO07.png,1,0.896293,1
pdraw_wave,mobilenet_v3_large,gaussian_blur,4,C:\Users\ramti\Desktop\ramtin legion pc\article_project\data\raw\pdraw_wave\test\parkinson\V04PO01.png,1,0.901488,1
pdraw_wave,mobilenet_v3_large,gaussian_blur,4,C:\Users\ramti\Desktop\ramtin legion pc\article_project\data\raw\pdraw_wave\test\parkinson\V05PO01.png,1,0.949897,1
pdraw_wave,mobilenet_v3_large,gaussian_blur,4,C:\Users\ramti\Desktop\ramtin legion pc\article_project\data\raw\pdraw_wave\test\parkinson\V06PO01.png,1,0.668326,1
pdraw_wave,mobilenet_v3_large,gaussian_blur,4,C:\Users\ramti\Desktop\ramtin legion pc\article_project\data\raw\pdraw_wave\test\parkinson\V07PO01.png,1,0.894393,1
pdraw_wave,mobilenet_v3_large,gaussian_blur,4,C:\Users\ramti\Desktop\ramtin legion pc\article_project\data\raw\pdraw_wave\test\parkinson\V08PO01.png,1,0.170263,0
pdraw_wave,mobilenet_v3_large,gaussian_blur,4,C:\Users\ramti\Desktop\ramtin legion pc\article_project\data\raw\pdraw_wave\test\parkinson\V09PO01.png,1,0.956846,1
pdraw_wave,mobilenet_v3_large,gaussian_blur,4,C:\Users\ramti\Desktop\ramtin legion pc\article_project\data\raw\pdraw_wave\test\parkinson\V10PO01.png,1,0.552031,0
pdraw_wave,mobilenet_v3_large,gaussian_blur,4,C:\Users\ramti\Desktop\ramtin legion pc\article_project\data\raw\pdraw_wave\test\parkinson\V11PO01.png,1,0.469764,0
pdraw_wave,mobilenet_v3_large,gaussian_blur,4,C:\Users\ramti\Desktop\ramtin legion pc\article_project\data\raw\pdraw_wave\test\parkinson\V14PO01.png,1,0.836404,1
pdraw_wave,mobilenet_v3_large,gaussian_blur,4,C:\Users\ramti\Desktop\ramtin legion pc\article_project\data\raw\pdraw_wave\test\parkinson\V14PO03.png,1,0.827433,1
pdraw_wave,mobilenet_v3_large,gaussian_blur,5,C:\Users\ramti\Desktop\ramtin legion pc\article_project\data\raw\pdraw_wave\test\healthy\V01HO01.png,0,0.322743,0
pdraw_wave,mobilenet_v3_large,gaussian_blur,5,C:\Users\ramti\Desktop\ramtin legion pc\article_project\data\raw\pdraw_wave\test\healthy\V02HO01.png,0,0.202331,0
pdraw_wave,mobilenet_v3_large,gaussian_blur,5,C:\Users\ramti\Desktop\ramtin legion pc\article_project\data\raw\pdraw_wave\test\healthy\V03HO01.png,0,0.259727,0
pdraw_wave,mobilenet_v3_large,gaussian_blur,5,C:\Users\ramti\Desktop\ramtin legion pc\article_project\data\raw\pdraw_wave\test\healthy\V04HO01.png,0,0.177007,0
pdraw_wave,mobilenet_v3_large,gaussian_blur,5,C:\Users\ramti\Desktop\ramtin legion pc\article_project\data\raw\pdraw_wave\test\healthy\V05HO01.png,0,0.670852,1
pdraw_wave,mobilenet_v3_large,gaussian_blur,5,C:\Users\ramti\Desktop\ramtin legion pc\article_project\data\raw\pdraw_wave\test\healthy\V06HO01.png,0,0.512866,0
pdraw_wave,mobilenet_v3_large,gaussian_blur,5,C:\Users\ramti\Desktop\ramtin legion pc\article_project\data\raw\pdraw_wave\test\healthy\V07HO01.png,0,0.185889,0
pdraw_wave,mobilenet_v3_large,gaussian_blur,5,C:\Users\ramti\Desktop\ramtin legion pc\article_project\data\raw\pdraw_wave\test\healthy\V08HO01.png,0,0.271113,0
pdraw_wave,mobilenet_v3_large,gaussian_blur,5,C:\Users\ramti\Desktop\ramtin legion pc\article_project\data\raw\pdraw_wave\test\healthy\V09HO01.png,0,0.232837,0
pdraw_wave,mobilenet_v3_large,gaussian_blur,5,C:\Users\ramti\Desktop\ramtin legion pc\article_project\data\raw\pdraw_wave\test\healthy\V10HO01.png,0,0.473424,0
pdraw_wave,mobilenet_v3_large,gaussian_blur,5,C:\Users\ramti\Desktop\ramtin legion pc\article_project\data\raw\pdraw_wave\test\healthy\V11HO01.png,0,0.270500,0
pdraw_wave,mobilenet_v3_large,gaussian_blur,5,C:\Users\ramti\Desktop\ramtin legion pc\article_project\data\raw\pdraw_wave\test\healthy\V55HO08.png,0,0.210860,0
pdraw_wave,mobilenet_v3_large,gaussian_blur,5,C:\Users\ramti\Desktop\ramtin legion pc\article_project\data\raw\pdraw_wave\test\healthy\V55HO09.png,0,0.285682,0
pdraw_wave,mobilenet_v3_large,gaussian_blur,5,C:\Users\ramti\Desktop\ramtin legion pc\article_project\data\raw\pdraw_wave\test\healthy\V55HO10.png,0,0.349223,0
pdraw_wave,mobilenet_v3_large,gaussian_blur,5,C:\Users\ramti\Desktop\ramtin legion pc\article_project\data\raw\pdraw_wave\test\healthy\V55HO11.png,0,0.357470,0
pdraw_wave,mobilenet_v3_large,gaussian_blur,5,C:\Users\ramti\Desktop\ramtin legion pc\article_project\data\raw\pdraw_wave\test\parkinson\V01PO01.png,1,0.283526,0
pdraw_wave,mobilenet_v3_large,gaussian_blur,5,C:\Users\ramti\Desktop\ramtin legion pc\article_project\data\raw\pdraw_wave\test\parkinson\V02PO01.png,1,0.876990,1
pdraw_wave,mobilenet_v3_large,gaussian_blur,5,C:\Users\ramti\Desktop\ramtin legion pc\article_project\data\raw\pdraw_wave\test\parkinson\V03PO01.png,1,0.946598,1
pdraw_wave,mobilenet_v3_large,gaussian_blur,5,C:\Users\ramti\Desktop\ramtin legion pc\article_project\data\raw\pdraw_wave\test\parkinson\V03PO04.png,1,0.847181,1
pdraw_wave,mobilenet_v3_large,gaussian_blur,5,C:\Users\ramti\Desktop\ramtin legion pc\article_project\data\raw\pdraw_wave\test\parkinson\V03PO07.png,1,0.899559,1
pdraw_wave,mobilenet_v3_large,gaussian_blur,5,C:\Users\ramti\Desktop\ramtin legion pc\article_project\data\raw\pdraw_wave\test\parkinson\V04PO01.png,1,0.911011,1
pdraw_wave,mobilenet_v3_large,gaussian_blur,5,C:\Users\ramti\Desktop\ramtin legion pc\article_project\data\raw\pdraw_wave\test\parkinson\V05PO01.png,1,0.944781,1
pdraw_wave,mobilenet_v3_large,gaussian_blur,5,C:\Users\ramti\Desktop\ramtin legion pc\article_project\data\raw\pdraw_wave\test\parkinson\V06PO01.png,1,0.674569,1
pdraw_wave,mobilenet_v3_large,gaussian_blur,5,C:\Users\ramti\Desktop\ramtin legion pc\article_project\data\raw\pdraw_wave\test\parkinson\V07PO01.png,1,0.874548,1
pdraw_wave,mobilenet_v3_large,gaussian_blur,5,C:\Users\ramti\Desktop\ramtin legion pc\article_project\data\raw\pdraw_wave\test\parkinson\V08PO01.png,1,0.209036,0
pdraw_wave,mobilenet_v3_large,gaussian_blur,5,C:\Users\ramti\Desktop\ramtin legion pc\article_project\data\raw\pdraw_wave\test\parkinson\V09PO01.png,1,0.958111,1
pdraw_wave,mobilenet_v3_large,gaussian_blur,5,C:\Users\ramti\Desktop\ramtin legion pc\article_project\data\raw\pdraw_wave\test\parkinson\V10PO01.png,1,0.593234,0
pdraw_wave,mobilenet_v3_large,gaussian_blur,5,C:\Users\ramti\Desktop\ramtin legion pc\article_project\data\raw\pdraw_wave\test\parkinson\V11PO01.png,1,0.533779,0
pdraw_wave,mobilenet_v3_large,gaussian_blur,5,C:\Users\ramti\Desktop\ramtin legion pc\article_project\data\raw\pdraw_wave\test\parkinson\V14PO01.png,1,0.825347,1
pdraw_wave,mobilenet_v3_large,gaussian_blur,5,C:\Users\ramti\Desktop\ramtin legion pc\article_project\data\raw\pdraw_wave\test\parkinson\V14PO03.png,1,0.825159,1
pdraw_wave,mobilenet_v3_large,gaussian_noise,1,C:\Users\ramti\Desktop\ramtin legion pc\article_project\data\raw\pdraw_wave\test\healthy\V01HO01.png,0,0.424407,0
pdraw_wave,mobilenet_v3_large,gaussian_noise,1,C:\Users\ramti\Desktop\ramtin legion pc\article_project\data\raw\pdraw_wave\test\healthy\V02HO01.png,0,0.108085,0
pdraw_wave,mobilenet_v3_large,gaussian_noise,1,C:\Users\ramti\Desktop\ramtin legion pc\article_project\data\raw\pdraw_wave\test\healthy\V03HO01.png,0,0.195852,0
pdraw_wave,mobilenet_v3_large,gaussian_noise,1,C:\Users\ramti\Desktop\ramtin legion pc\article_project\data\raw\pdraw_wave\test\healthy\V04HO01.png,0,0.132005,0
pdraw_wave,mobilenet_v3_large,gaussian_noise,1,C:\Users\ramti\Desktop\ramtin legion pc\article_project\data\raw\pdraw_wave\test\healthy\V05HO01.png,0,0.669686,1
pdraw_wave,mobilenet_v3_large,gaussian_noise,1,C:\Users\ramti\Desktop\ramtin legion pc\article_project\data\raw\pdraw_wave\test\healthy\V06HO01.png,0,0.623783,0
pdraw_wave,mobilenet_v3_large,gaussian_noise,1,C:\Users\ramti\Desktop\ramtin legion pc\article_project\data\raw\pdraw_wave\test\healthy\V07HO01.png,0,0.086455,0
pdraw_wave,mobilenet_v3_large,gaussian_noise,1,C:\Users\ramti\Desktop\ramtin legion pc\article_project\data\raw\pdraw_wave\test\healthy\V08HO01.png,0,0.362059,0
pdraw_wave,mobilenet_v3_large,gaussian_noise,1,C:\Users\ramti\Desktop\ramtin legion pc\article_project\data\raw\pdraw_wave\test\healthy\V09HO01.png,0,0.233664,0
pdraw_wave,mobilenet_v3_large,gaussian_noise,1,C:\Users\ramti\Desktop\ramtin legion pc\article_project\data\raw\pdraw_wave\test\healthy\V10HO01.png,0,0.336244,0
pdraw_wave,mobilenet_v3_large,gaussian_noise,1,C:\Users\ramti\Desktop\ramtin legion pc\article_project\data\raw\pdraw_wave\test\healthy\V11HO01.png,0,0.236700,0
pdraw_wave,mobilenet_v3_large,gaussian_noise,1,C:\Users\ramti\Desktop\ramtin legion pc\article_project\data\raw\pdraw_wave\test\healthy\V55HO08.png,0,0.175510,0
pdraw_wave,mobilenet_v3_large,gaussian_noise,1,C:\Users\ramti\Desktop\ramtin legion pc\article_project\data\raw\pdraw_wave\test\healthy\V55HO09.png,0,0.271223,0
pdraw_wave,mobilenet_v3_large,gaussian_noise,1,C:\Users\ramti\Desktop\ramtin legion pc\article_project\data\raw\pdraw_wave\test\healthy\V55HO10.png,0,0.120479,0
pdraw_wave,mobilenet_v3_large,gaussian_noise,1,C:\Users\ramti\Desktop\ramtin legion pc\article_project\data\raw\pdraw_wave\test\healthy\V55HO11.png,0,0.530926,0
pdraw_wave,mobilenet_v3_large,gaussian_noise,1,C:\Users\ramti\Desktop\ramtin legion pc\article_project\data\raw\pdraw_wave\test\parkinson\V01PO01.png,1,0.304013,0
pdraw_wave,mobilenet_v3_large,gaussian_noise,1,C:\Users\ramti\Desktop\ramtin legion pc\article_project\data\raw\pdraw_wave\test\parkinson\V02PO01.png,1,0.882534,1
pdraw_wave,mobilenet_v3_large,gaussian_noise,1,C:\Users\ramti\Desktop\ramtin legion pc\article_project\data\raw\pdraw_wave\test\parkinson\V03PO01.png,1,0.939860,1
pdraw_wave,mobilenet_v3_large,gaussian_noise,1,C:\Users\ramti\Desktop\ramtin legion pc\article_project\data\raw\pdraw_wave\test\parkinson\V03PO04.png,1,0.951019,1
pdraw_wave,mobilenet_v3_large,gaussian_noise,1,C:\Users\ramti\Desktop\ramtin legion pc\article_project\data\raw\pdraw_wave\test\parkinson\V03PO07.png,1,0.945470,1
pdraw_wave,mobilenet_v3_large,gaussian_noise,1,C:\Users\ramti\Desktop\ramtin legion pc\article_project\data\raw\pdraw_wave\test\parkinson\V04PO01.png,1,0.924499,1
pdraw_wave,mobilenet_v3_large,gaussian_noise,1,C:\Users\ramti\Desktop\ramtin legion pc\article_project\data\raw\pdraw_wave\test\parkinson\V05PO01.png,1,0.942355,1
pdraw_wave,mobilenet_v3_large,gaussian_noise,1,C:\Users\ramti\Desktop\ramtin legion pc\article_project\data\raw\pdraw_wave\test\parkinson\V06PO01.png,1,0.851273,1
pdraw_wave,mobilenet_v3_large,gaussian_noise,1,C:\Users\ramti\Desktop\ramtin legion pc\article_project\data\raw\pdraw_wave\test\parkinson\V07PO01.png,1,0.917356,1
pdraw_wave,mobilenet_v3_large,gaussian_noise,1,C:\Users\ramti\Desktop\ramtin legion pc\article_project\data\raw\pdraw_wave\test\parkinson\V08PO01.png,1,0.185008,0
pdraw_wave,mobilenet_v3_large,gaussian_noise,1,C:\Users\ramti\Desktop\ramtin legion pc\article_project\data\raw\pdraw_wave\test\parkinson\V09PO01.png,1,0.923836,1
pdraw_wave,mobilenet_v3_large,gaussian_noise,1,C:\Users\ramti\Desktop\ramtin legion pc\article_project\data\raw\pdraw_wave\test\parkinson\V10PO01.png,1,0.767876,1
pdraw_wave,mobilenet_v3_large,gaussian_noise,1,C:\Users\ramti\Desktop\ramtin legion pc\article_project\data\raw\pdraw_wave\test\parkinson\V11PO01.png,1,0.690413,1
pdraw_wave,mobilenet_v3_large,gaussian_noise,1,C:\Users\ramti\Desktop\ramtin legion pc\article_project\data\raw\pdraw_wave\test\parkinson\V14PO01.png,1,0.967295,1
pdraw_wave,mobilenet_v3_large,gaussian_noise,1,C:\Users\ramti\Desktop\ramtin legion pc\article_project\data\raw\pdraw_wave\test\parkinson\V14PO03.png,1,0.949267,1
pdraw_wave,mobilenet_v3_large,gaussian_noise,2,C:\Users\ramti\Desktop\ramtin legion pc\article_project\data\raw\pdraw_wave\test\healthy\V01HO01.png,0,0.565586,0
pdraw_wave,mobilenet_v3_large,gaussian_noise,2,C:\Users\ramti\Desktop\ramtin legion pc\article_project\data\raw\pdraw_wave\test\healthy\V02HO01.png,0,0.112324,0
pdraw_wave,mobilenet_v3_large,gaussian_noise,2,C:\Users\ramti\Desktop\ramtin legion pc\article_project\data\raw\pdraw_wave\test\healthy\V03HO01.png,0,0.231677,0
pdraw_wave,mobilenet_v3_large,gaussian_noise,2,C:\Users\ramti\Desktop\ramtin legion pc\article_project\data\raw\pdraw_wave\test\healthy\V04HO01.png,0,0.163884,0
pdraw_wave,mobilenet_v3_large,gaussian_noise,2,C:\Users\ramti\Desktop\ramtin legion pc\article_project\data\raw\pdraw_wave\test\healthy\V05HO01.png,0,0.697250,1
pdraw_wave,mobilenet_v3_large,gaussian_noise,2,C:\Users\ramti\Desktop\ramtin legion pc\article_project\data\raw\pdraw_wave\test\healthy\V06HO01.png,0,0.682636,1
pdraw_wave,mobilenet_v3_large,gaussian_noise,2,C:\Users\ramti\Desktop\ramtin legion pc\article_project\data\raw\pdraw_wave\test\healthy\V07HO01.png,0,0.102153,0
pdraw_wave,mobilenet_v3_large,gaussian_noise,2,C:\Users\ramti\Desktop\ramtin legion pc\article_project\data\raw\pdraw_wave\test\healthy\V08HO01.png,0,0.424234,0
pdraw_wave,mobilenet_v3_large,gaussian_noise,2,C:\Users\ramti\Desktop\ramtin legion pc\article_project\data\raw\pdraw_wave\test\healthy\V09HO01.png,0,0.231893,0
pdraw_wave,mobilenet_v3_large,gaussian_noise,2,C:\Users\ramti\Desktop\ramtin legion pc\article_project\data\raw\pdraw_wave\test\healthy\V10HO01.png,0,0.504784,0
pdraw_wave,mobilenet_v3_large,gaussian_noise,2,C:\Users\ramti\Desktop\ramtin legion pc\article_project\data\raw\pdraw_wave\test\healthy\V11HO01.png,0,0.332625,0
pdraw_wave,mobilenet_v3_large,gaussian_noise,2,C:\Users\ramti\Desktop\ramtin legion pc\article_project\data\raw\pdraw_wave\test\healthy\V55HO08.png,0,0.264537,0
pdraw_wave,mobilenet_v3_large,gaussian_noise,2,C:\Users\ramti\Desktop\ramtin legion pc\article_project\data\raw\pdraw_wave\test\healthy\V55HO09.png,0,0.374763,0
pdraw_wave,mobilenet_v3_large,gaussian_noise,2,C:\Users\ramti\Desktop\ramtin legion pc\article_project\data\raw\pdraw_wave\test\healthy\V55HO10.png,0,0.132030,0
pdraw_wave,mobilenet_v3_large,gaussian_noise,2,C:\Users\ramti\Desktop\ramtin legion pc\article_project\data\raw\pdraw_wave\test\healthy\V55HO11.png,0,0.610568,0
pdraw_wave,mobilenet_v3_large,gaussian_noise,2,C:\Users\ramti\Desktop\ramtin legion pc\article_project\data\raw\pdraw_wave\test\parkinson\V01PO01.png,1,0.445202,0
pdraw_wave,mobilenet_v3_large,gaussian_noise,2,C:\Users\ramti\Desktop\ramtin legion pc\article_project\data\raw\pdraw_wave\test\parkinson\V02PO01.png,1,0.893788,1
pdraw_wave,mobilenet_v3_large,gaussian_noise,2,C:\Users\ramti\Desktop\ramtin legion pc\article_project\data\raw\pdraw_wave\test\parkinson\V03PO01.png,1,0.927653,1
pdraw_wave,mobilenet_v3_large,gaussian_noise,2,C:\Users\ramti\Desktop\ramtin legion pc\article_project\data\raw\pdraw_wave\test\parkinson\V03PO04.png,1,0.958690,1
pdraw_wave,mobilenet_v3_large,gaussian_noise,2,C:\Users\ramti\Desktop\ramtin legion pc\article_project\data\raw\pdraw_wave\test\parkinson\V03PO07.png,1,0.948770,1
pdraw_wave,mobilenet_v3_large,gaussian_noise,2,C:\Users\ramti\Desktop\ramtin legion pc\article_project\data\raw\pdraw_wave\test\parkinson\V04PO01.png,1,0.949768,1
pdraw_wave,mobilenet_v3_large,gaussian_noise,2,C:\Users\ramti\Desktop\ramtin legion pc\article_project\data\raw\pdraw_wave\test\parkinson\V05PO01.png,1,0.927643,1
pdraw_wave,mobilenet_v3_large,gaussian_noise,2,C:\Users\ramti\Desktop\ramtin legion pc\article_project\data\raw\pdraw_wave\test\parkinson\V06PO01.png,1,0.863227,1
pdraw_wave,mobilenet_v3_large,gaussian_noise,2,C:\Users\ramti\Desktop\ramtin legion pc\article_project\data\raw\pdraw_wave\test\parkinson\V07PO01.png,1,0.914844,1
pdraw_wave,mobilenet_v3_large,gaussian_noise,2,C:\Users\ramti\Desktop\ramtin legion pc\article_project\data\raw\pdraw_wave\test\parkinson\V08PO01.png,1,0.215719,0
pdraw_wave,mobilenet_v3_large,gaussian_noise,2,C:\Users\ramti\Desktop\ramtin legion pc\article_project\data\raw\pdraw_wave\test\parkinson\V09PO01.png,1,0.925179,1
pdraw_wave,mobilenet_v3_large,gaussian_noise,2,C:\Users\ramti\Desktop\ramtin legion pc\article_project\data\raw\pdraw_wave\test\parkinson\V10PO01.png,1,0.717274,1
pdraw_wave,mobilenet_v3_large,gaussian_noise,2,C:\Users\ramti\Desktop\ramtin legion pc\article_project\data\raw\pdraw_wave\test\parkinson\V11PO01.png,1,0.714051,1
pdraw_wave,mobilenet_v3_large,gaussian_noise,2,C:\Users\ramti\Desktop\ramtin legion pc\article_project\data\raw\pdraw_wave\test\parkinson\V14PO01.png,1,0.959342,1
pdraw_wave,mobilenet_v3_large,gaussian_noise,2,C:\Users\ramti\Desktop\ramtin legion pc\article_project\data\raw\pdraw_wave\test\parkinson\V14PO03.png,1,0.956909,1
pdraw_wave,mobilenet_v3_large,gaussian_noise,3,C:\Users\ramti\Desktop\ramtin legion pc\article_project\data\raw\pdraw_wave\test\healthy\V01HO01.png,0,0.572632,0
pdraw_wave,mobilenet_v3_large,gaussian_noise,3,C:\Users\ramti\Desktop\ramtin legion pc\article_project\data\raw\pdraw_wave\test\healthy\V02HO01.png,0,0.107553,0
pdraw_wave,mobilenet_v3_large,gaussian_noise,3,C:\Users\ramti\Desktop\ramtin legion pc\article_project\data\raw\pdraw_wave\test\healthy\V03HO01.png,0,0.245523,0
pdraw_wave,mobilenet_v3_large,gaussian_noise,3,C:\Users\ramti\Desktop\ramtin legion pc\article_project\data\raw\pdraw_wave\test\healthy\V04HO01.png,0,0.177979,0
pdraw_wave,mobilenet_v3_large,gaussian_noise,3,C:\Users\ramti\Desktop\ramtin legion pc\article_project\data\raw\pdraw_wave\test\healthy\V05HO01.png,0,0.731340,1
pdraw_wave,mobilenet_v3_large,gaussian_noise,3,C:\Users\ramti\Desktop\ramtin legion pc\article_project\data\raw\pdraw_wave\test\healthy\V06HO01.png,0,0.697183,1
pdraw_wave,mobilenet_v3_large,gaussian_noise,3,C:\Users\ramti\Desktop\ramtin legion pc\article_project\data\raw\pdraw_wave\test\healthy\V07HO01.png,0,0.173537,0
pdraw_wave,mobilenet_v3_large,gaussian_noise,3,C:\Users\ramti\Desktop\ramtin legion pc\article_project\data\raw\pdraw_wave\test\healthy\V08HO01.png,0,0.477392,0
pdraw_wave,mobilenet_v3_large,gaussian_noise,3,C:\Users\ramti\Desktop\ramtin legion pc\article_project\data\raw\pdraw_wave\test\healthy\V09HO01.png,0,0.314672,0
pdraw_wave,mobilenet_v3_large,gaussian_noise,3,C:\Users\ramti\Desktop\ramtin legion pc\article_project\data\raw\pdraw_wave\test\healthy\V10HO01.png,0,0.584554,0
pdraw_wave,mobilenet_v3_large,gaussian_noise,3,C:\Users\ramti\Desktop\ramtin legion pc\article_project\data\raw\pdraw_wave\test\healthy\V11HO01.png,0,0.504390,0
pdraw_wave,mobilenet_v3_large,gaussian_noise,3,C:\Users\ramti\Desktop\ramtin legion pc\article_project\data\raw\pdraw_wave\test\healthy\V55HO08.png,0,0.274204,0
pdraw_wave,mobilenet_v3_large,gaussian_noise,3,C:\Users\ramti\Desktop\ramtin legion pc\article_project\data\raw\pdraw_wave\test\healthy\V55HO09.png,0,0.325172,0
pdraw_wave,mobilenet_v3_large,gaussian_noise,3,C:\Users\ramti\Desktop\ramtin legion pc\article_project\data\raw\pdraw_wave\test\healthy\V55HO10.png,0,0.156003,0
pdraw_wave,mobilenet_v3_large,gaussian_noise,3,C:\Users\ramti\Desktop\ramtin legion pc\article_project\data\raw\pdraw_wave\test\healthy\V55HO11.png,0,0.627401,0
pdraw_wave,mobilenet_v3_large,gaussian_noise,3,C:\Users\ramti\Desktop\ramtin legion pc\article_project\data\raw\pdraw_wave\test\parkinson\V01PO01.png,1,0.409617,0
pdraw_wave,mobilenet_v3_large,gaussian_noise,3,C:\Users\ramti\Desktop\ramtin legion pc\article_project\data\raw\pdraw_wave\test\parkinson\V02PO01.png,1,0.917541,1
pdraw_wave,mobilenet_v3_large,gaussian_noise,3,C:\Users\ramti\Desktop\ramtin legion pc\article_project\data\raw\pdraw_wave\test\parkinson\V03PO01.png,1,0.910925,1
pdraw_wave,mobilenet_v3_large,gaussian_noise,3,C:\Users\ramti\Desktop\ramtin legion pc\article_project\data\raw\pdraw_wave\test\parkinson\V03PO04.png,1,0.960279,1
pdraw_wave,mobilenet_v3_large,gaussian_noise,3,C:\Users\ramti\Desktop\ramtin legion pc\article_project\data\raw\pdraw_wave\test\parkinson\V03PO07.png,1,0.939234,1
pdraw_wave,mobilenet_v3_large,gaussian_noise,3,C:\Users\ramti\Desktop\ramtin legion pc\article_project\data\raw\pdraw_wave\test\parkinson\V04PO01.png,1,0.948663,1
pdraw_wave,mobilenet_v3_large,gaussian_noise,3,C:\Users\ramti\Desktop\ramtin legion pc\article_project\data\raw\pdraw_wave\test\parkinson\V05PO01.png,1,0.938390,1
pdraw_wave,mobilenet_v3_large,gaussian_noise,3,C:\Users\ramti\Desktop\ramtin legion pc\article_project\data\raw\pdraw_wave\test\parkinson\V06PO01.png,1,0.875717,1
pdraw_wave,mobilenet_v3_large,gaussian_noise,3,C:\Users\ramti\Desktop\ramtin legion pc\article_project\data\raw\pdraw_wave\test\parkinson\V07PO01.png,1,0.894479,1
pdraw_wave,mobilenet_v3_large,gaussian_noise,3,C:\Users\ramti\Desktop\ramtin legion pc\article_project\data\raw\pdraw_wave\test\parkinson\V08PO01.png,1,0.205961,0
pdraw_wave,mobilenet_v3_large,gaussian_noise,3,C:\Users\ramti\Desktop\ramtin legion pc\article_project\data\raw\pdraw_wave\test\parkinson\V09PO01.png,1,0.906662,1
pdraw_wave,mobilenet_v3_large,gaussian_noise,3,C:\Users\ramti\Desktop\ramtin legion pc\article_project\data\raw\pdraw_wave\test\parkinson\V10PO01.png,1,0.802658,1
pdraw_wave,mobilenet_v3_large,gaussian_noise,3,C:\Users\ramti\Desktop\ramtin legion pc\article_project\data\raw\pdraw_wave\test\parkinson\V11PO01.png,1,0.665357,1
pdraw_wave,mobilenet_v3_large,gaussian_noise,3,C:\Users\ramti\Desktop\ramtin legion pc\article_project\data\raw\pdraw_wave\test\parkinson\V14PO01.png,1,0.962459,1
pdraw_wave,mobilenet_v3_large,gaussian_noise,3,C:\Users\ramti\Desktop\ramtin legion pc\article_project\data\raw\pdraw_wave\test\parkinson\V14PO03.png,1,0.958644,1
pdraw_wave,mobilenet_v3_large,gaussian_noise,4,C:\Users\ramti\Desktop\ramtin legion pc\article_project\data\raw\pdraw_wave\test\healthy\V01HO01.png,0,0.686067,1
pdraw_wave,mobilenet_v3_large,gaussian_noise,4,C:\Users\ramti\Desktop\ramtin legion pc\article_project\data\raw\pdraw_wave\test\healthy\V02HO01.png,0,0.152041,0
pdraw_wave,mobilenet_v3_large,gaussian_noise,4,C:\Users\ramti\Desktop\ramtin legion pc\article_project\data\raw\pdraw_wave\test\healthy\V03HO01.png,0,0.252789,0
pdraw_wave,mobilenet_v3_large,gaussian_noise,4,C:\Users\ramti\Desktop\ramtin legion pc\article_project\data\raw\pdraw_wave\test\healthy\V04HO01.png,0,0.204152,0
pdraw_wave,mobilenet_v3_large,gaussian_noise,4,C:\Users\ramti\Desktop\ramtin legion pc\article_project\data\raw\pdraw_wave\test\healthy\V05HO01.png,0,0.714882,1
pdraw_wave,mobilenet_v3_large,gaussian_noise,4,C:\Users\ramti\Desktop\ramtin legion pc\article_project\data\raw\pdraw_wave\test\healthy\V06HO01.png,0,0.730772,1
pdraw_wave,mobilenet_v3_large,gaussian_noise,4,C:\Users\ramti\Desktop\ramtin legion pc\article_project\data\raw\pdraw_wave\test\healthy\V07HO01.png,0,0.210319,0
pdraw_wave,mobilenet_v3_large,gaussian_noise,4,C:\Users\ramti\Desktop\ramtin legion pc\article_project\data\raw\pdraw_wave\test\healthy\V08HO01.png,0,0.520834,0
pdraw_wave,mobilenet_v3_large,gaussian_noise,4,C:\Users\ramti\Desktop\ramtin legion pc\article_project\data\raw\pdraw_wave\test\healthy\V09HO01.png,0,0.266599,0
pdraw_wave,mobilenet_v3_large,gaussian_noise,4,C:\Users\ramti\Desktop\ramtin legion pc\article_project\data\raw\pdraw_wave\test\healthy\V10HO01.png,0,0.640591,0
pdraw_wave,mobilenet_v3_large,gaussian_noise,4,C:\Users\ramti\Desktop\ramtin legion pc\article_project\data\raw\pdraw_wave\test\healthy\V11HO01.png,0,0.404158,0
pdraw_wave,mobilenet_v3_large,gaussian_noise,4,C:\Users\ramti\Desktop\ramtin legion pc\article_project\data\raw\pdraw_wave\test\healthy\V55HO08.png,0,0.264832,0
pdraw_wave,mobilenet_v3_large,gaussian_noise,4,C:\Users\ramti\Desktop\ramtin legion pc\article_project\data\raw\pdraw_wave\test\healthy\V55HO09.png,0,0.319272,0
pdraw_wave,mobilenet_v3_large,gaussian_noise,4,C:\Users\ramti\Desktop\ramtin legion pc\article_project\data\raw\pdraw_wave\test\healthy\V55HO10.png,0,0.162196,0
pdraw_wave,mobilenet_v3_large,gaussian_noise,4,C:\Users\ramti\Desktop\ramtin legion pc\article_project\data\raw\pdraw_wave\test\healthy\V55HO11.png,0,0.730628,1
pdraw_wave,mobilenet_v3_large,gaussian_noise,4,C:\Users\ramti\Desktop\ramtin legion pc\article_project\data\raw\pdraw_wave\test\parkinson\V01PO01.png,1,0.639916,0
pdraw_wave,mobilenet_v3_large,gaussian_noise,4,C:\Users\ramti\Desktop\ramtin legion pc\article_project\data\raw\pdraw_wave\test\parkinson\V02PO01.png,1,0.904273,1
pdraw_wave,mobilenet_v3_large,gaussian_noise,4,C:\Users\ramti\Desktop\ramtin legion pc\article_project\data\raw\pdraw_wave\test\parkinson\V03PO01.png,1,0.918874,1
pdraw_wave,mobilenet_v3_large,gaussian_noise,4,C:\Users\ramti\Desktop\ramtin legion pc\article_project\data\raw\pdraw_wave\test\parkinson\V03PO04.png,1,0.960775,1
pdraw_wave,mobilenet_v3_large,gaussian_noise,4,C:\Users\ramti\Desktop\ramtin legion pc\article_project\data\raw\pdraw_wave\test\parkinson\V03PO07.png,1,0.941540,1
pdraw_wave,mobilenet_v3_large,gaussian_noise,4,C:\Users\ramti\Desktop\ramtin legion pc\article_project\data\raw\pdraw_wave\test\parkinson\V04PO01.png,1,0.949118,1
pdraw_wave,mobilenet_v3_large,gaussian_noise,4,C:\Users\ramti\Desktop\ramtin legion pc\article_project\data\raw\pdraw_wave\test\parkinson\V05PO01.png,1,0.946308,1
pdraw_wave,mobilenet_v3_large,gaussian_noise,4,C:\Users\ramti\Desktop\ramtin legion pc\article_project\data\raw\pdraw_wave\test\parkinson\V06PO01.png,1,0.880639,1
pdraw_wave,mobilenet_v3_large,gaussian_noise,4,C:\Users\ramti\Desktop\ramtin legion pc\article_project\data\raw\pdraw_wave\test\parkinson\V07PO01.png,1,0.937812,1
pdraw_wave,mobilenet_v3_large,gaussian_noise,4,C:\Users\ramti\Desktop\ramtin legion pc\article_project\data\raw\pdraw_wave\test\parkinson\V08PO01.png,1,0.189293,0
pdraw_wave,mobilenet_v3_large,gaussian_noise,4,C:\Users\ramti\Desktop\ramtin legion pc\article_project\data\raw\pdraw_wave\test\parkinson\V09PO01.png,1,0.896872,1
pdraw_wave,mobilenet_v3_large,gaussian_noise,4,C:\Users\ramti\Desktop\ramtin legion pc\article_project\data\raw\pdraw_wave\test\parkinson\V10PO01.png,1,0.784567,1
pdraw_wave,mobilenet_v3_large,gaussian_noise,4,C:\Users\ramti\Desktop\ramtin legion pc\article_project\data\raw\pdraw_wave\test\parkinson\V11PO01.png,1,0.635801,0
pdraw_wave,mobilenet_v3_large,gaussian_noise,4,C:\Users\ramti\Desktop\ramtin legion pc\article_project\data\raw\pdraw_wave\test\parkinson\V14PO01.png,1,0.961378,1
pdraw_wave,mobilenet_v3_large,gaussian_noise,4,C:\Users\ramti\Desktop\ramtin legion pc\article_project\data\raw\pdraw_wave\test\parkinson\V14PO03.png,1,0.959786,1
pdraw_wave,mobilenet_v3_large,gaussian_noise,5,C:\Users\ramti\Desktop\ramtin legion pc\article_project\data\raw\pdraw_wave\test\healthy\V01HO01.png,0,0.625647,0
pdraw_wave,mobilenet_v3_large,gaussian_noise,5,C:\Users\ramti\Desktop\ramtin legion pc\article_project\data\raw\pdraw_wave\test\healthy\V02HO01.png,0,0.081842,0
pdraw_wave,mobilenet_v3_large,gaussian_noise,5,C:\Users\ramti\Desktop\ramtin legion pc\article_project\data\raw\pdraw_wave\test\healthy\V03HO01.png,0,0.251821,0
pdraw_wave,mobilenet_v3_large,gaussian_noise,5,C:\Users\ramti\Desktop\ramtin legion pc\article_project\data\raw\pdraw_wave\test\healthy\V04HO01.png,0,0.226245,0
pdraw_wave,mobilenet_v3_large,gaussian_noise,5,C:\Users\ramti\Desktop\ramtin legion pc\article_project\data\raw\pdraw_wave\test\healthy\V05HO01.png,0,0.762330,1
pdraw_wave,mobilenet_v3_large,gaussian_noise,5,C:\Users\ramti\Desktop\ramtin legion pc\article_project\data\raw\pdraw_wave\test\healthy\V06HO01.png,0,0.722991,1
pdraw_wave,mobilenet_v3_large,gaussian_noise,5,C:\Users\ramti\Desktop\ramtin legion pc\article_project\data\raw\pdraw_wave\test\healthy\V07HO01.png,0,0.117267,0
pdraw_wave,mobilenet_v3_large,gaussian_noise,5,C:\Users\ramti\Desktop\ramtin legion pc\article_project\data\raw\pdraw_wave\test\healthy\V08HO01.png,0,0.543373,0
pdraw_wave,mobilenet_v3_large,gaussian_noise,5,C:\Users\ramti\Desktop\ramtin legion pc\article_project\data\raw\pdraw_wave\test\healthy\V09HO01.png,0,0.310486,0
pdraw_wave,mobilenet_v3_large,gaussian_noise,5,C:\Users\ramti\Desktop\ramtin legion pc\article_project\data\raw\pdraw_wave\test\healthy\V10HO01.png,0,0.590142,0
pdraw_wave,mobilenet_v3_large,gaussian_noise,5,C:\Users\ramti\Desktop\ramtin legion pc\article_project\data\raw\pdraw_wave\test\healthy\V11HO01.png,0,0.336812,0
pdraw_wave,mobilenet_v3_large,gaussian_noise,5,C:\Users\ramti\Desktop\ramtin legion pc\article_project\data\raw\pdraw_wave\test\healthy\V55HO08.png,0,0.333097,0
pdraw_wave,mobilenet_v3_large,gaussian_noise,5,C:\Users\ramti\Desktop\ramtin legion pc\article_project\data\raw\pdraw_wave\test\healthy\V55HO09.png,0,0.315833,0
pdraw_wave,mobilenet_v3_large,gaussian_noise,5,C:\Users\ramti\Desktop\ramtin legion pc\article_project\data\raw\pdraw_wave\test\healthy\V55HO10.png,0,0.123114,0
pdraw_wave,mobilenet_v3_large,gaussian_noise,5,C:\Users\ramti\Desktop\ramtin legion pc\article_project\data\raw\pdraw_wave\test\healthy\V55HO11.png,0,0.592495,0
pdraw_wave,mobilenet_v3_large,gaussian_noise,5,C:\Users\ramti\Desktop\ramtin legion pc\article_project\data\raw\pdraw_wave\test\parkinson\V01PO01.png,1,0.440636,0
pdraw_wave,mobilenet_v3_large,gaussian_noise,5,C:\Users\ramti\Desktop\ramtin legion pc\article_project\data\raw\pdraw_wave\test\parkinson\V02PO01.png,1,0.911158,1
pdraw_wave,mobilenet_v3_large,gaussian_noise,5,C:\Users\ramti\Desktop\ramtin legion pc\article_project\data\raw\pdraw_wave\test\parkinson\V03PO01.png,1,0.908993,1
pdraw_wave,mobilenet_v3_large,gaussian_noise,5,C:\Users\ramti\Desktop\ramtin legion pc\article_project\data\raw\pdraw_wave\test\parkinson\V03PO04.png,1,0.946402,1
pdraw_wave,mobilenet_v3_large,gaussian_noise,5,C:\Users\ramti\Desktop\ramtin legion pc\article_project\data\raw\pdraw_wave\test\parkinson\V03PO07.png,1,0.916650,1
pdraw_wave,mobilenet_v3_large,gaussian_noise,5,C:\Users\ramti\Desktop\ramtin legion pc\article_project\data\raw\pdraw_wave\test\parkinson\V04PO01.png,1,0.948077,1
pdraw_wave,mobilenet_v3_large,gaussian_noise,5,C:\Users\ramti\Desktop\ramtin legion pc\article_project\data\raw\pdraw_wave\test\parkinson\V05PO01.png,1,0.931085,1
pdraw_wave,mobilenet_v3_large,gaussian_noise,5,C:\Users\ramti\Desktop\ramtin legion pc\article_project\data\raw\pdraw_wave\test\parkinson\V06PO01.png,1,0.897945,1
pdraw_wave,mobilenet_v3_large,gaussian_noise,5,C:\Users\ramti\Desktop\ramtin legion pc\article_project\data\raw\pdraw_wave\test\parkinson\V07PO01.png,1,0.947370,1
pdraw_wave,mobilenet_v3_large,gaussian_noise,5,C:\Users\ramti\Desktop\ramtin legion pc\article_project\data\raw\pdraw_wave\test\parkinson\V08PO01.png,1,0.233535,0
pdraw_wave,mobilenet_v3_large,gaussian_noise,5,C:\Users\ramti\Desktop\ramtin legion pc\article_project\data\raw\pdraw_wave\test\parkinson\V09PO01.png,1,0.912066,1
pdraw_wave,mobilenet_v3_large,gaussian_noise,5,C:\Users\ramti\Desktop\ramtin legion pc\article_project\data\raw\pdraw_wave\test\parkinson\V10PO01.png,1,0.793583,1
pdraw_wave,mobilenet_v3_large,gaussian_noise,5,C:\Users\ramti\Desktop\ramtin legion pc\article_project\data\raw\pdraw_wave\test\parkinson\V11PO01.png,1,0.661003,1
pdraw_wave,mobilenet_v3_large,gaussian_noise,5,C:\Users\ramti\Desktop\ramtin legion pc\article_project\data\raw\pdraw_wave\test\parkinson\V14PO01.png,1,0.960804,1
pdraw_wave,mobilenet_v3_large,gaussian_noise,5,C:\Users\ramti\Desktop\ramtin legion pc\article_project\data\raw\pdraw_wave\test\parkinson\V14PO03.png,1,0.955488,1
pdraw_wave,mobilenet_v3_large,contrast,1,C:\Users\ramti\Desktop\ramtin legion pc\article_project\data\raw\pdraw_wave\test\healthy\V01HO01.png,0,0.461549,0
pdraw_wave,mobilenet_v3_large,contrast,1,C:\Users\ramti\Desktop\ramtin legion pc\article_project\data\raw\pdraw_wave\test\healthy\V02HO01.png,0,0.094274,0
pdraw_wave,mobilenet_v3_large,contrast,1,C:\Users\ramti\Desktop\ramtin legion pc\article_project\data\raw\pdraw_wave\test\healthy\V03HO01.png,0,0.192805,0
pdraw_wave,mobilenet_v3_large,contrast,1,C:\Users\ramti\Desktop\ramtin legion pc\article_project\data\raw\pdraw_wave\test\healthy\V04HO01.png,0,0.114301,0
pdraw_wave,mobilenet_v3_large,contrast,1,C:\Users\ramti\Desktop\ramtin legion pc\article_project\data\raw\pdraw_wave\test\healthy\V05HO01.png,0,0.556010,0
pdraw_wave,mobilenet_v3_large,contrast,1,C:\Users\ramti\Desktop\ramtin legion pc\article_project\data\raw\pdraw_wave\test\healthy\V06HO01.png,0,0.637947,0
pdraw_wave,mobilenet_v3_large,contrast,1,C:\Users\ramti\Desktop\ramtin legion pc\article_project\data\raw\pdraw_wave\test\healthy\V07HO01.png,0,0.078812,0
pdraw_wave,mobilenet_v3_large,contrast,1,C:\Users\ramti\Desktop\ramtin legion pc\article_project\data\raw\pdraw_wave\test\healthy\V08HO01.png,0,0.446658,0
pdraw_wave,mobilenet_v3_large,contrast,1,C:\Users\ramti\Desktop\ramtin legion pc\article_project\data\raw\pdraw_wave\test\healthy\V09HO01.png,0,0.273974,0
pdraw_wave,mobilenet_v3_large,contrast,1,C:\Users\ramti\Desktop\ramtin legion pc\article_project\data\raw\pdraw_wave\test\healthy\V10HO01.png,0,0.332751,0
pdraw_wave,mobilenet_v3_large,contrast,1,C:\Users\ramti\Desktop\ramtin legion pc\article_project\data\raw\pdraw_wave\test\healthy\V11HO01.png,0,0.247359,0
pdraw_wave,mobilenet_v3_large,contrast,1,C:\Users\ramti\Desktop\ramtin legion pc\article_project\data\raw\pdraw_wave\test\healthy\V55HO08.png,0,0.199876,0
pdraw_wave,mobilenet_v3_large,contrast,1,C:\Users\ramti\Desktop\ramtin legion pc\article_project\data\raw\pdraw_wave\test\healthy\V55HO09.png,0,0.212709,0
pdraw_wave,mobilenet_v3_large,contrast,1,C:\Users\ramti\Desktop\ramtin legion pc\article_project\data\raw\pdraw_wave\test\healthy\V55HO10.png,0,0.174723,0
pdraw_wave,mobilenet_v3_large,contrast,1,C:\Users\ramti\Desktop\ramtin legion pc\article_project\data\raw\pdraw_wave\test\healthy\V55HO11.png,0,0.528362,0
pdraw_wave,mobilenet_v3_large,contrast,1,C:\Users\ramti\Desktop\ramtin legion pc\article_project\data\raw\pdraw_wave\test\parkinson\V01PO01.png,1,0.229800,0
pdraw_wave,mobilenet_v3_large,contrast,1,C:\Users\ramti\Desktop\ramtin legion pc\article_project\data\raw\pdraw_wave\test\parkinson\V02PO01.png,1,0.817634,1
pdraw_wave,mobilenet_v3_large,contrast,1,C:\Users\ramti\Desktop\ramtin legion pc\article_project\data\raw\pdraw_wave\test\parkinson\V03PO01.png,1,0.927700,1
pdraw_wave,mobilenet_v3_large,contrast,1,C:\Users\ramti\Desktop\ramtin legion pc\article_project\data\raw\pdraw_wave\test\parkinson\V03PO04.png,1,0.963740,1
pdraw_wave,mobilenet_v3_large,contrast,1,C:\Users\ramti\Desktop\ramtin legion pc\article_project\data\raw\pdraw_wave\test\parkinson\V03PO07.png,1,0.934800,1
pdraw_wave,mobilenet_v3_large,contrast,1,C:\Users\ramti\Desktop\ramtin legion pc\article_project\data\raw\pdraw_wave\test\parkinson\V04PO01.png,1,0.943984,1
pdraw_wave,mobilenet_v3_large,contrast,1,C:\Users\ramti\Desktop\ramtin legion pc\article_project\data\raw\pdraw_wave\test\parkinson\V05PO01.png,1,0.924771,1
pdraw_wave,mobilenet_v3_large,contrast,1,C:\Users\ramti\Desktop\ramtin legion pc\article_project\data\raw\pdraw_wave\test\parkinson\V06PO01.png,1,0.830141,1
pdraw_wave,mobilenet_v3_large,contrast,1,C:\Users\ramti\Desktop\ramtin legion pc\article_project\data\raw\pdraw_wave\test\parkinson\V07PO01.png,1,0.951005,1
pdraw_wave,mobilenet_v3_large,contrast,1,C:\Users\ramti\Desktop\ramtin legion pc\article_project\data\raw\pdraw_wave\test\parkinson\V08PO01.png,1,0.228299,0
pdraw_wave,mobilenet_v3_large,contrast,1,C:\Users\ramti\Desktop\ramtin legion pc\article_project\data\raw\pdraw_wave\test\parkinson\V09PO01.png,1,0.934726,1
pdraw_wave,mobilenet_v3_large,contrast,1,C:\Users\ramti\Desktop\ramtin legion pc\article_project\data\raw\pdraw_wave\test\parkinson\V10PO01.png,1,0.694508,1
pdraw_wave,mobilenet_v3_large,contrast,1,C:\Users\ramti\Desktop\ramtin legion pc\article_project\data\raw\pdraw_wave\test\parkinson\V11PO01.png,1,0.633651,0
pdraw_wave,mobilenet_v3_large,contrast,1,C:\Users\ramti\Desktop\ramtin legion pc\article_project\data\raw\pdraw_wave\test\parkinson\V14PO01.png,1,0.972520,1
pdraw_wave,mobilenet_v3_large,contrast,1,C:\Users\ramti\Desktop\ramtin legion pc\article_project\data\raw\pdraw_wave\test\parkinson\V14PO03.png,1,0.965650,1
pdraw_wave,mobilenet_v3_large,contrast,2,C:\Users\ramti\Desktop\ramtin legion pc\article_project\data\raw\pdraw_wave\test\healthy\V01HO01.png,0,0.527177,0
pdraw_wave,mobilenet_v3_large,contrast,2,C:\Users\ramti\Desktop\ramtin legion pc\article_project\data\raw\pdraw_wave\test\healthy\V02HO01.png,0,0.105358,0
pdraw_wave,mobilenet_v3_large,contrast,2,C:\Users\ramti\Desktop\ramtin legion pc\article_project\data\raw\pdraw_wave\test\healthy\V03HO01.png,0,0.226987,0
pdraw_wave,mobilenet_v3_large,contrast,2,C:\Users\ramti\Desktop\ramtin legion pc\article_project\data\raw\pdraw_wave\test\healthy\V04HO01.png,0,0.108341,0
pdraw_wave,mobilenet_v3_large,contrast,2,C:\Users\ramti\Desktop\ramtin legion pc\article_project\data\raw\pdraw_wave\test\healthy\V05HO01.png,0,0.569904,0
pdraw_wave,mobilenet_v3_large,contrast,2,C:\Users\ramti\Desktop\ramtin legion pc\article_project\data\raw\pdraw_wave\test\healthy\V06HO01.png,0,0.625383,0
pdraw_wave,mobilenet_v3_large,contrast,2,C:\Users\ramti\Desktop\ramtin legion pc\article_project\data\raw\pdraw_wave\test\healthy\V07HO01.png,0,0.088022,0
pdraw_wave,mobilenet_v3_large,contrast,2,C:\Users\ramti\Desktop\ramtin legion pc\article_project\data\raw\pdraw_wave\test\healthy\V08HO01.png,0,0.419252,0
pdraw_wave,mobilenet_v3_large,contrast,2,C:\Users\ramti\Desktop\ramtin legion pc\article_project\data\raw\pdraw_wave\test\healthy\V09HO01.png,0,0.284514,0
pdraw_wave,mobilenet_v3_large,contrast,2,C:\Users\ramti\Desktop\ramtin legion pc\article_project\data\raw\pdraw_wave\test\healthy\V10HO01.png,0,0.347016,0
pdraw_wave,mobilenet_v3_large,contrast,2,C:\Users\ramti\Desktop\ramtin legion pc\article_project\data\raw\pdraw_wave\test\healthy\V11HO01.png,0,0.237020,0
pdraw_wave,mobilenet_v3_large,contrast,2,C:\Users\ramti\Desktop\ramtin legion pc\article_project\data\raw\pdraw_wave\test\healthy\V55HO08.png,0,0.192041,0
pdraw_wave,mobilenet_v3_large,contrast,2,C:\Users\ramti\Desktop\ramtin legion pc\article_project\data\raw\pdraw_wave\test\healthy\V55HO09.png,0,0.235655,0
pdraw_wave,mobilenet_v3_large,contrast,2,C:\Users\ramti\Desktop\ramtin legion pc\article_project\data\raw\pdraw_wave\test\healthy\V55HO10.png,0,0.191573,0
pdraw_wave,mobilenet_v3_large,contrast,2,C:\Users\ramti\Desktop\ramtin legion pc\article_project\data\raw\pdraw_wave\test\healthy\V55HO11.png,0,0.584927,0
pdraw_wave,mobilenet_v3_large,contrast,2,C:\Users\ramti\Desktop\ramtin legion pc\article_project\data\raw\pdraw_wave\test\parkinson\V01PO01.png,1,0.251001,0
pdraw_wave,mobilenet_v3_large,contrast,2,C:\Users\ramti\Desktop\ramtin legion pc\article_project\data\raw\pdraw_wave\test\parkinson\V02PO01.png,1,0.871723,1
pdraw_wave,mobilenet_v3_large,contrast,2,C:\Users\ramti\Desktop\ramtin legion pc\article_project\data\raw\pdraw_wave\test\parkinson\V03PO01.png,1,0.939734,1
pdraw_wave,mobilenet_v3_large,contrast,2,C:\Users\ramti\Desktop\ramtin legion pc\article_project\data\raw\pdraw_wave\test\parkinson\V03PO04.png,1,0.964176,1
pdraw_wave,mobilenet_v3_large,contrast,2,C:\Users\ramti\Desktop\ramtin legion pc\article_project\data\raw\pdraw_wave\test\parkinson\V03PO07.png,1,0.932739,1
pdraw_wave,mobilenet_v3_large,contrast,2,C:\Users\ramti\Desktop\ramtin legion pc\article_project\data\raw\pdraw_wave\test\parkinson\V04PO01.png,1,0.951592,1
pdraw_wave,mobilenet_v3_large,contrast,2,C:\Users\ramti\Desktop\ramtin legion pc\article_project\data\raw\pdraw_wave\test\parkinson\V05PO01.png,1,0.941521,1
pdraw_wave,mobilenet_v3_large,contrast,2,C:\Users\ramti\Desktop\ramtin legion pc\article_project\data\raw\pdraw_wave\test\parkinson\V06PO01.png,1,0.864076,1
pdraw_wave,mobilenet_v3_large,contrast,2,C:\Users\ramti\Desktop\ramtin legion pc\article_project\data\raw\pdraw_wave\test\parkinson\V07PO01.png,1,0.949512,1
pdraw_wave,mobilenet_v3_large,contrast,2,C:\Users\ramti\Desktop\ramtin legion pc\article_project\data\raw\pdraw_wave\test\parkinson\V08PO01.png,1,0.245408,0
pdraw_wave,mobilenet_v3_large,contrast,2,C:\Users\ramti\Desktop\ramtin legion pc\article_project\data\raw\pdraw_wave\test\parkinson\V09PO01.png,1,0.926774,1
pdraw_wave,mobilenet_v3_large,contrast,2,C:\Users\ramti\Desktop\ramtin legion pc\article_project\data\raw\pdraw_wave\test\parkinson\V10PO01.png,1,0.746315,1
pdraw_wave,mobilenet_v3_large,contrast,2,C:\Users\ramti\Desktop\ramtin legion pc\article_project\data\raw\pdraw_wave\test\parkinson\V11PO01.png,1,0.660327,1
pdraw_wave,mobilenet_v3_large,contrast,2,C:\Users\ramti\Desktop\ramtin legion pc\article_project\data\raw\pdraw_wave\test\parkinson\V14PO01.png,1,0.978315,1
pdraw_wave,mobilenet_v3_large,contrast,2,C:\Users\ramti\Desktop\ramtin legion pc\article_project\data\raw\pdraw_wave\test\parkinson\V14PO03.png,1,0.968825,1
pdraw_wave,mobilenet_v3_large,contrast,3,C:\Users\ramti\Desktop\ramtin legion pc\article_project\data\raw\pdraw_wave\test\healthy\V01HO01.png,0,0.553981,0
pdraw_wave,mobilenet_v3_large,contrast,3,C:\Users\ramti\Desktop\ramtin legion pc\article_project\data\raw\pdraw_wave\test\healthy\V02HO01.png,0,0.112122,0
pdraw_wave,mobilenet_v3_large,contrast,3,C:\Users\ramti\Desktop\ramtin legion pc\article_project\data\raw\pdraw_wave\test\healthy\V03HO01.png,0,0.233368,0
pdraw_wave,mobilenet_v3_large,contrast,3,C:\Users\ramti\Desktop\ramtin legion pc\article_project\data\raw\pdraw_wave\test\healthy\V04HO01.png,0,0.125198,0
pdraw_wave,mobilenet_v3_large,contrast,3,C:\Users\ramti\Desktop\ramtin legion pc\article_project\data\raw\pdraw_wave\test\healthy\V05HO01.png,0,0.566876,0
pdraw_wave,mobilenet_v3_large,contrast,3,C:\Users\ramti\Desktop\ramtin legion pc\article_project\data\raw\pdraw_wave\test\healthy\V06HO01.png,0,0.588939,0
pdraw_wave,mobilenet_v3_large,contrast,3,C:\Users\ramti\Desktop\ramtin legion pc\article_project\data\raw\pdraw_wave\test\healthy\V07HO01.png,0,0.090806,0
pdraw_wave,mobilenet_v3_large,contrast,3,C:\Users\ramti\Desktop\ramtin legion pc\article_project\data\raw\pdraw_wave\test\healthy\V08HO01.png,0,0.381712,0
pdraw_wave,mobilenet_v3_large,contrast,3,C:\Users\ramti\Desktop\ramtin legion pc\article_project\data\raw\pdraw_wave\test\healthy\V09HO01.png,0,0.278046,0
pdraw_wave,mobilenet_v3_large,contrast,3,C:\Users\ramti\Desktop\ramtin legion pc\article_project\data\raw\pdraw_wave\test\healthy\V10HO01.png,0,0.383769,0
pdraw_wave,mobilenet_v3_large,contrast,3,C:\Users\ramti\Desktop\ramtin legion pc\article_project\data\raw\pdraw_wave\test\healthy\V11HO01.png,0,0.226160,0
pdraw_wave,mobilenet_v3_large,contrast,3,C:\Users\ramti\Desktop\ramtin legion pc\article_project\data\raw\pdraw_wave\test\healthy\V55HO08.png,0,0.200459,0
pdraw_wave,mobilenet_v3_large,contrast,3,C:\Users\ramti\Desktop\ramtin legion pc\article_project\data\raw\pdraw_wave\test\healthy\V55HO09.png,0,0.250529,0
pdraw_wave,mobilenet_v3_large,contrast,3,C:\Users\ramti\Desktop\ramtin legion pc\article_project\data\raw\pdraw_wave\test\healthy\V55HO10.png,0,0.168973,0
pdraw_wave,mobilenet_v3_large,contrast,3,C:\Users\ramti\Desktop\ramtin legion pc\article_project\data\raw\pdraw_wave\test\healthy\V55HO11.png,0,0.579089,0
pdraw_wave,mobilenet_v3_large,contrast,3,C:\Users\ramti\Desktop\ramtin legion pc\article_project\data\raw\pdraw_wave\test\parkinson\V01PO01.png,1,0.282352,0
pdraw_wave,mobilenet_v3_large,contrast,3,C:\Users\ramti\Desktop\ramtin legion pc\article_project\data\raw\pdraw_wave\test\parkinson\V02PO01.png,1,0.886433,1
pdraw_wave,mobilenet_v3_large,contrast,3,C:\Users\ramti\Desktop\ramtin legion pc\article_project\data\raw\pdraw_wave\test\parkinson\V03PO01.png,1,0.944575,1
pdraw_wave,mobilenet_v3_large,contrast,3,C:\Users\ramti\Desktop\ramtin legion pc\article_project\data\raw\pdraw_wave\test\parkinson\V03PO04.png,1,0.963552,1
pdraw_wave,mobilenet_v3_large,contrast,3,C:\Users\ramti\Desktop\ramtin legion pc\article_project\data\raw\pdraw_wave\test\parkinson\V03PO07.png,1,0.931975,1
pdraw_wave,mobilenet_v3_large,contrast,3,C:\Users\ramti\Desktop\ramtin legion pc\article_project\data\raw\pdraw_wave\test\parkinson\V04PO01.png,1,0.953007,1
pdraw_wave,mobilenet_v3_large,contrast,3,C:\Users\ramti\Desktop\ramtin legion pc\article_project\data\raw\pdraw_wave\test\parkinson\V05PO01.png,1,0.949050,1
pdraw_wave,mobilenet_v3_large,contrast,3,C:\Users\ramti\Desktop\ramtin legion pc\article_project\data\raw\pdraw_wave\test\parkinson\V06PO01.png,1,0.893458,1
pdraw_wave,mobilenet_v3_large,contrast,3,C:\Users\ramti\Desktop\ramtin legion pc\article_project\data\raw\pdraw_wave\test\parkinson\V07PO01.png,1,0.949448,1
pdraw_wave,mobilenet_v3_large,contrast,3,C:\Users\ramti\Desktop\ramtin legion pc\article_project\data\raw\pdraw_wave\test\parkinson\V08PO01.png,1,0.246996,0
pdraw_wave,mobilenet_v3_large,contrast,3,C:\Users\ramti\Desktop\ramtin legion pc\article_project\data\raw\pdraw_wave\test\parkinson\V09PO01.png,1,0.924402,1
pdraw_wave,mobilenet_v3_large,contrast,3,C:\Users\ramti\Desktop\ramtin legion pc\article_project\data\raw\pdraw_wave\test\parkinson\V10PO01.png,1,0.758899,1
pdraw_wave,mobilenet_v3_large,contrast,3,C:\Users\ramti\Desktop\ramtin legion pc\article_project\data\raw\pdraw_wave\test\parkinson\V11PO01.png,1,0.695352,1
pdraw_wave,mobilenet_v3_large,contrast,3,C:\Users\ramti\Desktop\ramtin legion pc\article_project\data\raw\pdraw_wave\test\parkinson\V14PO01.png,1,0.979489,1
pdraw_wave,mobilenet_v3_large,contrast,3,C:\Users\ramti\Desktop\ramtin legion pc\article_project\data\raw\pdraw_wave\test\parkinson\V14PO03.png,1,0.965661,1
pdraw_wave,mobilenet_v3_large,contrast,4,C:\Users\ramti\Desktop\ramtin legion pc\article_project\data\raw\pdraw_wave\test\healthy\V01HO01.png,0,0.575553,0
pdraw_wave,mobilenet_v3_large,contrast,4,C:\Users\ramti\Desktop\ramtin legion pc\article_project\data\raw\pdraw_wave\test\healthy\V02HO01.png,0,0.128357,0
pdraw_wave,mobilenet_v3_large,contrast,4,C:\Users\ramti\Desktop\ramtin legion pc\article_project\data\raw\pdraw_wave\test\healthy\V03HO01.png,0,0.236715,0
pdraw_wave,mobilenet_v3_large,contrast,4,C:\Users\ramti\Desktop\ramtin legion pc\article_project\data\raw\pdraw_wave\test\healthy\V04HO01.png,0,0.149395,0
pdraw_wave,mobilenet_v3_large,contrast,4,C:\Users\ramti\Desktop\ramtin legion pc\article_project\data\raw\pdraw_wave\test\healthy\V05HO01.png,0,0.559844,0
pdraw_wave,mobilenet_v3_large,contrast,4,C:\Users\ramti\Desktop\ramtin legion pc\article_project\data\raw\pdraw_wave\test\healthy\V06HO01.png,0,0.534230,0
pdraw_wave,mobilenet_v3_large,contrast,4,C:\Users\ramti\Desktop\ramtin legion pc\article_project\data\raw\pdraw_wave\test\healthy\V07HO01.png,0,0.090920,0
pdraw_wave,mobilenet_v3_large,contrast,4,C:\Users\ramti\Desktop\ramtin legion pc\article_project\data\raw\pdraw_wave\test\healthy\V08HO01.png,0,0.338544,0
pdraw_wave,mobilenet_v3_large,contrast,4,C:\Users\ramti\Desktop\ramtin legion pc\article_project\data\raw\pdraw_wave\test\healthy\V09HO01.png,0,0.250654,0
pdraw_wave,mobilenet_v3_large,contrast,4,C:\Users\ramti\Desktop\ramtin legion pc\article_project\data\raw\pdraw_wave\test\healthy\V10HO01.png,0,0.372022,0
pdraw_wave,mobilenet_v3_large,contrast,4,C:\Users\ramti\Desktop\ramtin legion pc\article_project\data\raw\pdraw_wave\test\healthy\V11HO01.png,0,0.191068,0
pdraw_wave,mobilenet_v3_large,contrast,4,C:\Users\ramti\Desktop\ramtin legion pc\article_project\data\raw\pdraw_wave\test\healthy\V55HO08.png,0,0.191680,0
pdraw_wave,mobilenet_v3_large,contrast,4,C:\Users\ramti\Desktop\ramtin legion pc\article_project\data\raw\pdraw_wave\test\healthy\V55HO09.png,0,0.315546,0
pdraw_wave,mobilenet_v3_large,contrast,4,C:\Users\ramti\Desktop\ramtin legion pc\article_project\data\raw\pdraw_wave\test\healthy\V55HO10.png,0,0.156868,0
pdraw_wave,mobilenet_v3_large,contrast,4,C:\Users\ramti\Desktop\ramtin legion pc\article_project\data\raw\pdraw_wave\test\healthy\V55HO11.png,0,0.563553,0
pdraw_wave,mobilenet_v3_large,contrast,4,C:\Users\ramti\Desktop\ramtin legion pc\article_project\data\raw\pdraw_wave\test\parkinson\V01PO01.png,1,0.332081,0
pdraw_wave,mobilenet_v3_large,contrast,4,C:\Users\ramti\Desktop\ramtin legion pc\article_project\data\raw\pdraw_wave\test\parkinson\V02PO01.png,1,0.904134,1
pdraw_wave,mobilenet_v3_large,contrast,4,C:\Users\ramti\Desktop\ramtin legion pc\article_project\data\raw\pdraw_wave\test\parkinson\V03PO01.png,1,0.947922,1
pdraw_wave,mobilenet_v3_large,contrast,4,C:\Users\ramti\Desktop\ramtin legion pc\article_project\data\raw\pdraw_wave\test\parkinson\V03PO04.png,1,0.959891,1
pdraw_wave,mobilenet_v3_large,contrast,4,C:\Users\ramti\Desktop\ramtin legion pc\article_project\data\raw\pdraw_wave\test\parkinson\V03PO07.png,1,0.917189,1
pdraw_wave,mobilenet_v3_large,contrast,4,C:\Users\ramti\Desktop\ramtin legion pc\article_project\data\raw\pdraw_wave\test\parkinson\V04PO01.png,1,0.951102,1
pdraw_wave,mobilenet_v3_large,contrast,4,C:\Users\ramti\Desktop\ramtin legion pc\article_project\data\raw\pdraw_wave\test\parkinson\V05PO01.png,1,0.936168,1
pdraw_wave,mobilenet_v3_large,contrast,4,C:\Users\ramti\Desktop\ramtin legion pc\article_project\data\raw\pdraw_wave\test\parkinson\V06PO01.png,1,0.898623,1
pdraw_wave,mobilenet_v3_large,contrast,4,C:\Users\ramti\Desktop\ramtin legion pc\article_project\data\raw\pdraw_wave\test\parkinson\V07PO01.png,1,0.943992,1
pdraw_wave,mobilenet_v3_large,contrast,4,C:\Users\ramti\Desktop\ramtin legion pc\article_project\data\raw\pdraw_wave\test\parkinson\V08PO01.png,1,0.210358,0
pdraw_wave,mobilenet_v3_large,contrast,4,C:\Users\ramti\Desktop\ramtin legion pc\article_project\data\raw\pdraw_wave\test\parkinson\V09PO01.png,1,0.907088,1
pdraw_wave,mobilenet_v3_large,contrast,4,C:\Users\ramti\Desktop\ramtin legion pc\article_project\data\raw\pdraw_wave\test\parkinson\V10PO01.png,1,0.720947,1
pdraw_wave,mobilenet_v3_large,contrast,4,C:\Users\ramti\Desktop\ramtin legion pc\article_project\data\raw\pdraw_wave\test\parkinson\V11PO01.png,1,0.698361,1
pdraw_wave,mobilenet_v3_large,contrast,4,C:\Users\ramti\Desktop\ramtin legion pc\article_project\data\raw\pdraw_wave\test\parkinson\V14PO01.png,1,0.980046,1
pdraw_wave,mobilenet_v3_large,contrast,4,C:\Users\ramti\Desktop\ramtin legion pc\article_project\data\raw\pdraw_wave\test\parkinson\V14PO03.png,1,0.958235,1
pdraw_wave,mobilenet_v3_large,contrast,5,C:\Users\ramti\Desktop\ramtin legion pc\article_project\data\raw\pdraw_wave\test\healthy\V01HO01.png,0,0.629875,0
pdraw_wave,mobilenet_v3_large,contrast,5,C:\Users\ramti\Desktop\ramtin legion pc\article_project\data\raw\pdraw_wave\test\healthy\V02HO01.png,0,0.147602,0
pdraw_wave,mobilenet_v3_large,contrast,5,C:\Users\ramti\Desktop\ramtin legion pc\article_project\data\raw\pdraw_wave\test\healthy\V03HO01.png,0,0.238631,0
pdraw_wave,mobilenet_v3_large,contrast,5,C:\Users\ramti\Desktop\ramtin legion pc\article_project\data\raw\pdraw_wave\test\healthy\V04HO01.png,0,0.164501,0
pdraw_wave,mobilenet_v3_large,contrast,5,C:\Users\ramti\Desktop\ramtin legion pc\article_project\data\raw\pdraw_wave\test\healthy\V05HO01.png,0,0.544106,0
pdraw_wave,mobilenet_v3_large,contrast,5,C:\Users\ramti\Desktop\ramtin legion pc\article_project\data\raw\pdraw_wave\test\healthy\V06HO01.png,0,0.519671,0
pdraw_wave,mobilenet_v3_large,contrast,5,C:\Users\ramti\Desktop\ramtin legion pc\article_project\data\raw\pdraw_wave\test\healthy\V07HO01.png,0,0.094101,0
pdraw_wave,mobilenet_v3_large,contrast,5,C:\Users\ramti\Desktop\ramtin legion pc\article_project\data\raw\pdraw_wave\test\healthy\V08HO01.png,0,0.347702,0
pdraw_wave,mobilenet_v3_large,contrast,5,C:\Users\ramti\Desktop\ramtin legion pc\article_project\data\raw\pdraw_wave\test\healthy\V09HO01.png,0,0.264352,0
pdraw_wave,mobilenet_v3_large,contrast,5,C:\Users\ramti\Desktop\ramtin legion pc\article_project\data\raw\pdraw_wave\test\healthy\V10HO01.png,0,0.399622,0
pdraw_wave,mobilenet_v3_large,contrast,5,C:\Users\ramti\Desktop\ramtin legion pc\article_project\data\raw\pdraw_wave\test\healthy\V11HO01.png,0,0.182101,0
pdraw_wave,mobilenet_v3_large,contrast,5,C:\Users\ramti\Desktop\ramtin legion pc\article_project\data\raw\pdraw_wave\test\healthy\V55HO08.png,0,0.210073,0
pdraw_wave,mobilenet_v3_large,contrast,5,C:\Users\ramti\Desktop\ramtin legion pc\article_project\data\raw\pdraw_wave\test\healthy\V55HO09.png,0,0.326119,0
pdraw_wave,mobilenet_v3_large,contrast,5,C:\Users\ramti\Desktop\ramtin legion pc\article_project\data\raw\pdraw_wave\test\healthy\V55HO10.png,0,0.162844,0
pdraw_wave,mobilenet_v3_large,contrast,5,C:\Users\ramti\Desktop\ramtin legion pc\article_project\data\raw\pdraw_wave\test\healthy\V55HO11.png,0,0.569515,0
pdraw_wave,mobilenet_v3_large,contrast,5,C:\Users\ramti\Desktop\ramtin legion pc\article_project\data\raw\pdraw_wave\test\parkinson\V01PO01.png,1,0.364275,0
pdraw_wave,mobilenet_v3_large,contrast,5,C:\Users\ramti\Desktop\ramtin legion pc\article_project\data\raw\pdraw_wave\test\parkinson\V02PO01.png,1,0.909413,1
pdraw_wave,mobilenet_v3_large,contrast,5,C:\Users\ramti\Desktop\ramtin legion pc\article_project\data\raw\pdraw_wave\test\parkinson\V03PO01.png,1,0.948962,1
pdraw_wave,mobilenet_v3_large,contrast,5,C:\Users\ramti\Desktop\ramtin legion pc\article_project\data\raw\pdraw_wave\test\parkinson\V03PO04.png,1,0.954956,1
pdraw_wave,mobilenet_v3_large,contrast,5,C:\Users\ramti\Desktop\ramtin legion pc\article_project\data\raw\pdraw_wave\test\parkinson\V03PO07.png,1,0.891593,1
pdraw_wave,mobilenet_v3_large,contrast,5,C:\Users\ramti\Desktop\ramtin legion pc\article_project\data\raw\pdraw_wave\test\parkinson\V04PO01.png,1,0.952961,1
pdraw_wave,mobilenet_v3_large,contrast,5,C:\Users\ramti\Desktop\ramtin legion pc\article_project\data\raw\pdraw_wave\test\parkinson\V05PO01.png,1,0.931761,1
pdraw_wave,mobilenet_v3_large,contrast,5,C:\Users\ramti\Desktop\ramtin legion pc\article_project\data\raw\pdraw_wave\test\parkinson\V06PO01.png,1,0.889791,1
pdraw_wave,mobilenet_v3_large,contrast,5,C:\Users\ramti\Desktop\ramtin legion pc\article_project\data\raw\pdraw_wave\test\parkinson\V07PO01.png,1,0.941809,1
pdraw_wave,mobilenet_v3_large,contrast,5,C:\Users\ramti\Desktop\ramtin legion pc\article_project\data\raw\pdraw_wave\test\parkinson\V08PO01.png,1,0.211102,0
pdraw_wave,mobilenet_v3_large,contrast,5,C:\Users\ramti\Desktop\ramtin legion pc\article_project\data\raw\pdraw_wave\test\parkinson\V09PO01.png,1,0.900182,1
pdraw_wave,mobilenet_v3_large,contrast,5,C:\Users\ramti\Desktop\ramtin legion pc\article_project\data\raw\pdraw_wave\test\parkinson\V10PO01.png,1,0.715690,1
pdraw_wave,mobilenet_v3_large,contrast,5,C:\Users\ramti\Desktop\ramtin legion pc\article_project\data\raw\pdraw_wave\test\parkinson\V11PO01.png,1,0.674647,1
pdraw_wave,mobilenet_v3_large,contrast,5,C:\Users\ramti\Desktop\ramtin legion pc\article_project\data\raw\pdraw_wave\test\parkinson\V14PO01.png,1,0.979843,1
pdraw_wave,mobilenet_v3_large,contrast,5,C:\Users\ramti\Desktop\ramtin legion pc\article_project\data\raw\pdraw_wave\test\parkinson\V14PO03.png,1,0.954468,1
pdraw_wave,mobilenet_v3_large,brightness,1,C:\Users\ramti\Desktop\ramtin legion pc\article_project\data\raw\pdraw_wave\test\healthy\V01HO01.png,0,0.480675,0
pdraw_wave,mobilenet_v3_large,brightness,1,C:\Users\ramti\Desktop\ramtin legion pc\article_project\data\raw\pdraw_wave\test\healthy\V02HO01.png,0,0.093151,0
pdraw_wave,mobilenet_v3_large,brightness,1,C:\Users\ramti\Desktop\ramtin legion pc\article_project\data\raw\pdraw_wave\test\healthy\V03HO01.png,0,0.158742,0
pdraw_wave,mobilenet_v3_large,brightness,1,C:\Users\ramti\Desktop\ramtin legion pc\article_project\data\raw\pdraw_wave\test\healthy\V04HO01.png,0,0.087981,0
pdraw_wave,mobilenet_v3_large,brightness,1,C:\Users\ramti\Desktop\ramtin legion pc\article_project\data\raw\pdraw_wave\test\healthy\V05HO01.png,0,0.535137,0
pdraw_wave,mobilenet_v3_large,brightness,1,C:\Users\ramti\Desktop\ramtin legion pc\article_project\data\raw\pdraw_wave\test\healthy\V06HO01.png,0,0.663330,1
pdraw_wave,mobilenet_v3_large,brightness,1,C:\Users\ramti\Desktop\ramtin legion pc\article_project\data\raw\pdraw_wave\test\healthy\V07HO01.png,0,0.073044,0
pdraw_wave,mobilenet_v3_large,brightness,1,C:\Users\ramti\Desktop\ramtin legion pc\article_project\data\raw\pdraw_wave\test\healthy\V08HO01.png,0,0.398362,0
pdraw_wave,mobilenet_v3_large,brightness,1,C:\Users\ramti\Desktop\ramtin legion pc\article_project\data\raw\pdraw_wave\test\healthy\V09HO01.png,0,0.177857,0
pdraw_wave,mobilenet_v3_large,brightness,1,C:\Users\ramti\Desktop\ramtin legion pc\article_project\data\raw\pdraw_wave\test\healthy\V10HO01.png,0,0.262717,0
pdraw_wave,mobilenet_v3_large,brightness,1,C:\Users\ramti\Desktop\ramtin legion pc\article_project\data\raw\pdraw_wave\test\healthy\V11HO01.png,0,0.179203,0
pdraw_wave,mobilenet_v3_large,brightness,1,C:\Users\ramti\Desktop\ramtin legion pc\article_project\data\raw\pdraw_wave\test\healthy\V55HO08.png,0,0.126795,0
pdraw_wave,mobilenet_v3_large,brightness,1,C:\Users\ramti\Desktop\ramtin legion pc\article_project\data\raw\pdraw_wave\test\healthy\V55HO09.png,0,0.219874,0
pdraw_wave,mobilenet_v3_large,brightness,1,C:\Users\ramti\Desktop\ramtin legion pc\article_project\data\raw\pdraw_wave\test\healthy\V55HO10.png,0,0.177918,0
pdraw_wave,mobilenet_v3_large,brightness,1,C:\Users\ramti\Desktop\ramtin legion pc\article_project\data\raw\pdraw_wave\test\healthy\V55HO11.png,0,0.562450,0
pdraw_wave,mobilenet_v3_large,brightness,1,C:\Users\ramti\Desktop\ramtin legion pc\article_project\data\raw\pdraw_wave\test\parkinson\V01PO01.png,1,0.215863,0
pdraw_wave,mobilenet_v3_large,brightness,1,C:\Users\ramti\Desktop\ramtin legion pc\article_project\data\raw\pdraw_wave\test\parkinson\V02PO01.png,1,0.850355,1
pdraw_wave,mobilenet_v3_large,brightness,1,C:\Users\ramti\Desktop\ramtin legion pc\article_project\data\raw\pdraw_wave\test\parkinson\V03PO01.png,1,0.930315,1
pdraw_wave,mobilenet_v3_large,brightness,1,C:\Users\ramti\Desktop\ramtin legion pc\article_project\data\raw\pdraw_wave\test\parkinson\V03PO04.png,1,0.939267,1
pdraw_wave,mobilenet_v3_large,brightness,1,C:\Users\ramti\Desktop\ramtin legion pc\article_project\data\raw\pdraw_wave\test\parkinson\V03PO07.png,1,0.895147,1
pdraw_wave,mobilenet_v3_large,brightness,1,C:\Users\ramti\Desktop\ramtin legion pc\article_project\data\raw\pdraw_wave\test\parkinson\V04PO01.png,1,0.938113,1
pdraw_wave,mobilenet_v3_large,brightness,1,C:\Users\ramti\Desktop\ramtin legion pc\article_project\data\raw\pdraw_wave\test\parkinson\V05PO01.png,1,0.815267,1
pdraw_wave,mobilenet_v3_large,brightness,1,C:\Users\ramti\Desktop\ramtin legion pc\article_project\data\raw\pdraw_wave\test\parkinson\V06PO01.png,1,0.827822,1
pdraw_wave,mobilenet_v3_large,brightness,1,C:\Users\ramti\Desktop\ramtin legion pc\article_project\data\raw\pdraw_wave\test\parkinson\V07PO01.png,1,0.913932,1
pdraw_wave,mobilenet_v3_large,brightness,1,C:\Users\ramti\Desktop\ramtin legion pc\article_project\data\raw\pdraw_wave\test\parkinson\V08PO01.png,1,0.172399,0
pdraw_wave,mobilenet_v3_large,brightness,1,C:\Users\ramti\Desktop\ramtin legion pc\article_project\data\raw\pdraw_wave\test\parkinson\V09PO01.png,1,0.895337,1
pdraw_wave,mobilenet_v3_large,brightness,1,C:\Users\ramti\Desktop\ramtin legion pc\article_project\data\raw\pdraw_wave\test\parkinson\V10PO01.png,1,0.723323,1
pdraw_wave,mobilenet_v3_large,brightness,1,C:\Users\ramti\Desktop\ramtin legion pc\article_project\data\raw\pdraw_wave\test\parkinson\V11PO01.png,1,0.586123,0
pdraw_wave,mobilenet_v3_large,brightness,1,C:\Users\ramti\Desktop\ramtin legion pc\article_project\data\raw\pdraw_wave\test\parkinson\V14PO01.png,1,0.965573,1
pdraw_wave,mobilenet_v3_large,brightness,1,C:\Users\ramti\Desktop\ramtin legion pc\article_project\data\raw\pdraw_wave\test\parkinson\V14PO03.png,1,0.936490,1
pdraw_wave,mobilenet_v3_large,brightness,2,C:\Users\ramti\Desktop\ramtin legion pc\article_project\data\raw\pdraw_wave\test\healthy\V01HO01.png,0,0.540411,0
pdraw_wave,mobilenet_v3_large,brightness,2,C:\Users\ramti\Desktop\ramtin legion pc\article_project\data\raw\pdraw_wave\test\healthy\V02HO01.png,0,0.114108,0
pdraw_wave,mobilenet_v3_large,brightness,2,C:\Users\ramti\Desktop\ramtin legion pc\article_project\data\raw\pdraw_wave\test\healthy\V03HO01.png,0,0.164705,0
pdraw_wave,mobilenet_v3_large,brightness,2,C:\Users\ramti\Desktop\ramtin legion pc\article_project\data\raw\pdraw_wave\test\healthy\V04HO01.png,0,0.085172,0
pdraw_wave,mobilenet_v3_large,brightness,2,C:\Users\ramti\Desktop\ramtin legion pc\article_project\data\raw\pdraw_wave\test\healthy\V05HO01.png,0,0.548957,0
pdraw_wave,mobilenet_v3_large,brightness,2,C:\Users\ramti\Desktop\ramtin legion pc\article_project\data\raw\pdraw_wave\test\healthy\V06HO01.png,0,0.687875,1
pdraw_wave,mobilenet_v3_large,brightness,2,C:\Users\ramti\Desktop\ramtin legion pc\article_project\data\raw\pdraw_wave\test\healthy\V07HO01.png,0,0.078499,0
pdraw_wave,mobilenet_v3_large,brightness,2,C:\Users\ramti\Desktop\ramtin legion pc\article_project\data\raw\pdraw_wave\test\healthy\V08HO01.png,0,0.425350,0
pdraw_wave,mobilenet_v3_large,brightness,2,C:\Users\ramti\Desktop\ramtin legion pc\article_project\data\raw\pdraw_wave\test\healthy\V09HO01.png,0,0.221939,0
pdraw_wave,mobilenet_v3_large,brightness,2,C:\Users\ramti\Desktop\ramtin legion pc\article_project\data\raw\pdraw_wave\test\healthy\V10HO01.png,0,0.312156,0
pdraw_wave,mobilenet_v3_large,brightness,2,C:\Users\ramti\Desktop\ramtin legion pc\article_project\data\raw\pdraw_wave\test\healthy\V11HO01.png,0,0.207068,0
pdraw_wave,mobilenet_v3_large,brightness,2,C:\Users\ramti\Desktop\ramtin legion pc\article_project\data\raw\pdraw_wave\test\healthy\V55HO08.png,0,0.187828,0
pdraw_wave,mobilenet_v3_large,brightness,2,C:\Users\ramti\Desktop\ramtin legion pc\article_project\data\raw\pdraw_wave\test\healthy\V55HO09.png,0,0.199607,0
pdraw_wave,mobilenet_v3_large,brightness,2,C:\Users\ramti\Desktop\ramtin legion pc\article_project\data\raw\pdraw_wave\test\healthy\V55HO10.png,0,0.177702,0
pdraw_wave,mobilenet_v3_large,brightness,2,C:\Users\ramti\Desktop\ramtin legion pc\article_project\data\raw\pdraw_wave\test\healthy\V55HO11.png,0,0.596158,0
pdraw_wave,mobilenet_v3_large,brightness,2,C:\Users\ramti\Desktop\ramtin legion pc\article_project\data\raw\pdraw_wave\test\parkinson\V01PO01.png,1,0.210195,0
pdraw_wave,mobilenet_v3_large,brightness,2,C:\Users\ramti\Desktop\ramtin legion pc\article_project\data\raw\pdraw_wave\test\parkinson\V02PO01.png,1,0.838589,1
pdraw_wave,mobilenet_v3_large,brightness,2,C:\Users\ramti\Desktop\ramtin legion pc\article_project\data\raw\pdraw_wave\test\parkinson\V03PO01.png,1,0.942353,1
pdraw_wave,mobilenet_v3_large,brightness,2,C:\Users\ramti\Desktop\ramtin legion pc\article_project\data\raw\pdraw_wave\test\parkinson\V03PO04.png,1,0.940976,1
pdraw_wave,mobilenet_v3_large,brightness,2,C:\Users\ramti\Desktop\ramtin legion pc\article_project\data\raw\pdraw_wave\test\parkinson\V03PO07.png,1,0.904898,1
pdraw_wave,mobilenet_v3_large,brightness,2,C:\Users\ramti\Desktop\ramtin legion pc\article_project\data\raw\pdraw_wave\test\parkinson\V04PO01.png,1,0.933867,1
pdraw_wave,mobilenet_v3_large,brightness,2,C:\Users\ramti\Desktop\ramtin legion pc\article_project\data\raw\pdraw_wave\test\parkinson\V05PO01.png,1,0.860283,1
pdraw_wave,mobilenet_v3_large,brightness,2,C:\Users\ramti\Desktop\ramtin legion pc\article_project\data\raw\pdraw_wave\test\parkinson\V06PO01.png,1,0.842161,1
pdraw_wave,mobilenet_v3_large,brightness,2,C:\Users\ramti\Desktop\ramtin legion pc\article_project\data\raw\pdraw_wave\test\parkinson\V07PO01.png,1,0.921474,1
pdraw_wave,mobilenet_v3_large,brightness,2,C:\Users\ramti\Desktop\ramtin legion pc\article_project\data\raw\pdraw_wave\test\parkinson\V08PO01.png,1,0.218112,0
pdraw_wave,mobilenet_v3_large,brightness,2,C:\Users\ramti\Desktop\ramtin legion pc\article_project\data\raw\pdraw_wave\test\parkinson\V09PO01.png,1,0.916210,1
pdraw_wave,mobilenet_v3_large,brightness,2,C:\Users\ramti\Desktop\ramtin legion pc\article_project\data\raw\pdraw_wave\test\parkinson\V10PO01.png,1,0.699982,1
pdraw_wave,mobilenet_v3_large,brightness,2,C:\Users\ramti\Desktop\ramtin legion pc\article_project\data\raw\pdraw_wave\test\parkinson\V11PO01.png,1,0.604410,0
pdraw_wave,mobilenet_v3_large,brightness,2,C:\Users\ramti\Desktop\ramtin legion pc\article_project\data\raw\pdraw_wave\test\parkinson\V14PO01.png,1,0.974322,1
pdraw_wave,mobilenet_v3_large,brightness,2,C:\Users\ramti\Desktop\ramtin legion pc\article_project\data\raw\pdraw_wave\test\parkinson\V14PO03.png,1,0.954229,1
pdraw_wave,mobilenet_v3_large,brightness,3,C:\Users\ramti\Desktop\ramtin legion pc\article_project\data\raw\pdraw_wave\test\healthy\V01HO01.png,0,0.550804,0
pdraw_wave,mobilenet_v3_large,brightness,3,C:\Users\ramti\Desktop\ramtin legion pc\article_project\data\raw\pdraw_wave\test\healthy\V02HO01.png,0,0.137339,0
pdraw_wave,mobilenet_v3_large,brightness,3,C:\Users\ramti\Desktop\ramtin legion pc\article_project\data\raw\pdraw_wave\test\healthy\V03HO01.png,0,0.171594,0
pdraw_wave,mobilenet_v3_large,brightness,3,C:\Users\ramti\Desktop\ramtin legion pc\article_project\data\raw\pdraw_wave\test\healthy\V04HO01.png,0,0.097243,0
pdraw_wave,mobilenet_v3_large,brightness,3,C:\Users\ramti\Desktop\ramtin legion pc\article_project\data\raw\pdraw_wave\test\healthy\V05HO01.png,0,0.600193,0
pdraw_wave,mobilenet_v3_large,brightness,3,C:\Users\ramti\Desktop\ramtin legion pc\article_project\data\raw\pdraw_wave\test\healthy\V06HO01.png,0,0.687539,1
pdraw_wave,mobilenet_v3_large,brightness,3,C:\Users\ramti\Desktop\ramtin legion pc\article_project\data\raw\pdraw_wave\test\healthy\V07HO01.png,0,0.080736,0
pdraw_wave,mobilenet_v3_large,brightness,3,C:\Users\ramti\Desktop\ramtin legion pc\article_project\data\raw\pdraw_wave\test\healthy\V08HO01.png,0,0.421169,0
pdraw_wave,mobilenet_v3_large,brightness,3,C:\Users\ramti\Desktop\ramtin legion pc\article_project\data\raw\pdraw_wave\test\healthy\V09HO01.png,0,0.276092,0
pdraw_wave,mobilenet_v3_large,brightness,3,C:\Users\ramti\Desktop\ramtin legion pc\article_project\data\raw\pdraw_wave\test\healthy\V10HO01.png,0,0.347445,0
pdraw_wave,mobilenet_v3_large,brightness,3,C:\Users\ramti\Desktop\ramtin legion pc\article_project\data\raw\pdraw_wave\test\healthy\V11HO01.png,0,0.223447,0
pdraw_wave,mobilenet_v3_large,brightness,3,C:\Users\ramti\Desktop\ramtin legion pc\article_project\data\raw\pdraw_wave\test\healthy\V55HO08.png,0,0.208213,0
pdraw_wave,mobilenet_v3_large,brightness,3,C:\Users\ramti\Desktop\ramtin legion pc\article_project\data\raw\pdraw_wave\test\healthy\V55HO09.png,0,0.192991,0
pdraw_wave,mobilenet_v3_large,brightness,3,C:\Users\ramti\Desktop\ramtin legion pc\article_project\data\raw\pdraw_wave\test\healthy\V55HO10.png,0,0.165147,0
pdraw_wave,mobilenet_v3_large,brightness,3,C:\Users\ramti\Desktop\ramtin legion pc\article_project\data\raw\pdraw_wave\test\healthy\V55HO11.png,0,0.614674,0
pdraw_wave,mobilenet_v3_large,brightness,3,C:\Users\ramti\Desktop\ramtin legion pc\article_project\data\raw\pdraw_wave\test\parkinson\V01PO01.png,1,0.233010,0
pdraw_wave,mobilenet_v3_large,brightness,3,C:\Users\ramti\Desktop\ramtin legion pc\article_project\data\raw\pdraw_wave\test\parkinson\V02PO01.png,1,0.862290,1
pdraw_wave,mobilenet_v3_large,brightness,3,C:\Users\ramti\Desktop\ramtin legion pc\article_project\data\raw\pdraw_wave\test\parkinson\V03PO01.png,1,0.947060,1
pdraw_wave,mobilenet_v3_large,brightness,3,C:\Users\ramti\Desktop\ramtin legion pc\article_project\data\raw\pdraw_wave\test\parkinson\V03PO04.png,1,0.951139,1
pdraw_wave,mobilenet_v3_large,brightness,3,C:\Users\ramti\Desktop\ramtin legion pc\article_project\data\raw\pdraw_wave\test\parkinson\V03PO07.png,1,0.922591,1
pdraw_wave,mobilenet_v3_large,brightness,3,C:\Users\ramti\Desktop\ramtin legion pc\article_project\data\raw\pdraw_wave\test\parkinson\V04PO01.png,1,0.947173,1
pdraw_wave,mobilenet_v3_large,brightness,3,C:\Users\ramti\Desktop\ramtin legion pc\article_project\data\raw\pdraw_wave\test\parkinson\V05PO01.png,1,0.915034,1
pdraw_wave,mobilenet_v3_large,brightness,3,C:\Users\ramti\Desktop\ramtin legion pc\article_project\data\raw\pdraw_wave\test\parkinson\V06PO01.png,1,0.883115,1
pdraw_wave,mobilenet_v3_large,brightness,3,C:\Users\ramti\Desktop\ramtin legion pc\article_project\data\raw\pdraw_wave\test\parkinson\V07PO01.png,1,0.938575,1
pdraw_wave,mobilenet_v3_large,brightness,3,C:\Users\ramti\Desktop\ramtin legion pc\article_project\data\raw\pdraw_wave\test\parkinson\V08PO01.png,1,0.254436,0
pdraw_wave,mobilenet_v3_large,brightness,3,C:\Users\ramti\Desktop\ramtin legion pc\article_project\data\raw\pdraw_wave\test\parkinson\V09PO01.png,1,0.928188,1
pdraw_wave,mobilenet_v3_large,brightness,3,C:\Users\ramti\Desktop\ramtin legion pc\article_project\data\raw\pdraw_wave\test\parkinson\V10PO01.png,1,0.708003,1
pdraw_wave,mobilenet_v3_large,brightness,3,C:\Users\ramti\Desktop\ramtin legion pc\article_project\data\raw\pdraw_wave\test\parkinson\V11PO01.png,1,0.654752,1
pdraw_wave,mobilenet_v3_large,brightness,3,C:\Users\ramti\Desktop\ramtin legion pc\article_project\data\raw\pdraw_wave\test\parkinson\V14PO01.png,1,0.978238,1
pdraw_wave,mobilenet_v3_large,brightness,3,C:\Users\ramti\Desktop\ramtin legion pc\article_project\data\raw\pdraw_wave\test\parkinson\V14PO03.png,1,0.961703,1
pdraw_wave,mobilenet_v3_large,brightness,4,C:\Users\ramti\Desktop\ramtin legion pc\article_project\data\raw\pdraw_wave\test\healthy\V01HO01.png,0,0.763321,1
pdraw_wave,mobilenet_v3_large,brightness,4,C:\Users\ramti\Desktop\ramtin legion pc\article_project\data\raw\pdraw_wave\test\healthy\V02HO01.png,0,0.249811,0
pdraw_wave,mobilenet_v3_large,brightness,4,C:\Users\ramti\Desktop\ramtin legion pc\article_project\data\raw\pdraw_wave\test\healthy\V03HO01.png,0,0.501024,0
pdraw_wave,mobilenet_v3_large,brightness,4,C:\Users\ramti\Desktop\ramtin legion pc\article_project\data\raw\pdraw_wave\test\healthy\V04HO01.png,0,0.443783,0
pdraw_wave,mobilenet_v3_large,brightness,4,C:\Users\ramti\Desktop\ramtin legion pc\article_project\data\raw\pdraw_wave\test\healthy\V05HO01.png,0,0.707134,1
pdraw_wave,mobilenet_v3_large,brightness,4,C:\Users\ramti\Desktop\ramtin legion pc\article_project\data\raw\pdraw_wave\test\healthy\V06HO01.png,0,0.500794,0
pdraw_wave,mobilenet_v3_large,brightness,4,C:\Users\ramti\Desktop\ramtin legion pc\article_project\data\raw\pdraw_wave\test\healthy\V07HO01.png,0,0.207336,0
pdraw_wave,mobilenet_v3_large,brightness,4,C:\Users\ramti\Desktop\ramtin legion pc\article_project\data\raw\pdraw_wave\test\healthy\V08HO01.png,0,0.179698,0
pdraw_wave,mobilenet_v3_large,brightness,4,C:\Users\ramti\Desktop\ramtin legion pc\article_project\data\raw\pdraw_wave\test\healthy\V09HO01.png,0,0.314625,0
pdraw_wave,mobilenet_v3_large,brightness,4,C:\Users\ramti\Desktop\ramtin legion pc\article_project\data\raw\pdraw_wave\test\healthy\V10HO01.png,0,0.540428,0
pdraw_wave,mobilenet_v3_large,brightness,4,C:\Users\ramti\Desktop\ramtin legion pc\article_project\data\raw\pdraw_wave\test\healthy\V11HO01.png,0,0.242090,0
pdraw_wave,mobilenet_v3_large,brightness,4,C:\Users\ramti\Desktop\ramtin legion pc\article_project\data\raw\pdraw_wave\test\healthy\V55HO08.png,0,0.420385,0
pdraw_wave,mobilenet_v3_large,brightness,4,C:\Users\ramti\Desktop\ramtin legion pc\article_project\data\raw\pdraw_wave\test\healthy\V55HO09.png,0,0.476310,0
pdraw_wave,mobilenet_v3_large,brightness,4,C:\Users\ramti\Desktop\ramtin legion pc\article_project\data\raw\pdraw_wave\test\healthy\V55HO10.png,0,0.428663,0
pdraw_wave,mobilenet_v3_large,brightness,4,C:\Users\ramti\Desktop\ramtin legion pc\article_project\data\raw\pdraw_wave\test\healthy\V55HO11.png,0,0.755497,1
pdraw_wave,mobilenet_v3_large,brightness,4,C:\Users\ramti\Desktop\ramtin legion pc\article_project\data\raw\pdraw_wave\test\parkinson\V01PO01.png,1,0.487031,0
pdraw_wave,mobilenet_v3_large,brightness,4,C:\Users\ramti\Desktop\ramtin legion pc\article_project\data\raw\pdraw_wave\test\parkinson\V02PO01.png,1,0.858695,1
pdraw_wave,mobilenet_v3_large,brightness,4,C:\Users\ramti\Desktop\ramtin legion pc\article_project\data\raw\pdraw_wave\test\parkinson\V03PO01.png,1,0.693889,1
pdraw_wave,mobilenet_v3_large,brightness,4,C:\Users\ramti\Desktop\ramtin legion pc\article_project\data\raw\pdraw_wave\test\parkinson\V03PO04.png,1,0.864178,1
pdraw_wave,mobilenet_v3_large,brightness,4,C:\Users\ramti\Desktop\ramtin legion pc\article_project\data\raw\pdraw_wave\test\parkinson\V03PO07.png,1,0.741584,1
pdraw_wave,mobilenet_v3_large,brightness,4,C:\Users\ramti\Desktop\ramtin legion pc\article_project\data\raw\pdraw_wave\test\parkinson\V04PO01.png,1,0.941037,1
pdraw_wave,mobilenet_v3_large,brightness,4,C:\Users\ramti\Desktop\ramtin legion pc\article_project\data\raw\pdraw_wave\test\parkinson\V05PO01.png,1,0.868507,1
pdraw_wave,mobilenet_v3_large,brightness,4,C:\Users\ramti\Desktop\ramtin legion pc\article_project\data\raw\pdraw_wave\test\parkinson\V06PO01.png,1,0.671173,1
pdraw_wave,mobilenet_v3_large,brightness,4,C:\Users\ramti\Desktop\ramtin legion pc\article_project\data\raw\pdraw_wave\test\parkinson\V07PO01.png,1,0.591391,0
pdraw_wave,mobilenet_v3_large,brightness,4,C:\Users\ramti\Desktop\ramtin legion pc\article_project\data\raw\pdraw_wave\test\parkinson\V08PO01.png,1,0.343161,0
pdraw_wave,mobilenet_v3_large,brightness,4,C:\Users\ramti\Desktop\ramtin legion pc\article_project\data\raw\pdraw_wave\test\parkinson\V09PO01.png,1,0.867666,1
pdraw_wave,mobilenet_v3_large,brightness,4,C:\Users\ramti\Desktop\ramtin legion pc\article_project\data\raw\pdraw_wave\test\parkinson\V10PO01.png,1,0.720188,1
pdraw_wave,mobilenet_v3_large,brightness,4,C:\Users\ramti\Desktop\ramtin legion pc\article_project\data\raw\pdraw_wave\test\parkinson\V11PO01.png,1,0.411474,0
pdraw_wave,mobilenet_v3_large,brightness,4,C:\Users\ramti\Desktop\ramtin legion pc\article_project\data\raw\pdraw_wave\test\parkinson\V14PO01.png,1,0.956167,1
pdraw_wave,mobilenet_v3_large,brightness,4,C:\Users\ramti\Desktop\ramtin legion pc\article_project\data\raw\pdraw_wave\test\parkinson\V14PO03.png,1,0.955918,1
pdraw_wave,mobilenet_v3_large,brightness,5,C:\Users\ramti\Desktop\ramtin legion pc\article_project\data\raw\pdraw_wave\test\healthy\V01HO01.png,0,0.691327,1
pdraw_wave,mobilenet_v3_large,brightness,5,C:\Users\ramti\Desktop\ramtin legion pc\article_project\data\raw\pdraw_wave\test\healthy\V02HO01.png,0,0.184376,0
pdraw_wave,mobilenet_v3_large,brightness,5,C:\Users\ramti\Desktop\ramtin legion pc\article_project\data\raw\pdraw_wave\test\healthy\V03HO01.png,0,0.382219,0
pdraw_wave,mobilenet_v3_large,brightness,5,C:\Users\ramti\Desktop\ramtin legion pc\article_project\data\raw\pdraw_wave\test\healthy\V04HO01.png,0,0.281397,0
pdraw_wave,mobilenet_v3_large,brightness,5,C:\Users\ramti\Desktop\ramtin legion pc\article_project\data\raw\pdraw_wave\test\healthy\V05HO01.png,0,0.506595,0
pdraw_wave,mobilenet_v3_large,brightness,5,C:\Users\ramti\Desktop\ramtin legion pc\article_project\data\raw\pdraw_wave\test\healthy\V06HO01.png,0,0.354272,0
pdraw_wave,mobilenet_v3_large,brightness,5,C:\Users\ramti\Desktop\ramtin legion pc\article_project\data\raw\pdraw_wave\test\healthy\V07HO01.png,0,0.313316,0
pdraw_wave,mobilenet_v3_large,brightness,5,C:\Users\ramti\Desktop\ramtin legion pc\article_project\data\raw\pdraw_wave\test\healthy\V08HO01.png,0,0.139945,0
pdraw_wave,mobilenet_v3_large,brightness,5,C:\Users\ramti\Desktop\ramtin legion pc\article_project\data\raw\pdraw_wave\test\healthy\V09HO01.png,0,0.185595,0
pdraw_wave,mobilenet_v3_large,brightness,5,C:\Users\ramti\Desktop\ramtin legion pc\article_project\data\raw\pdraw_wave\test\healthy\V10HO01.png,0,0.445456,0
pdraw_wave,mobilenet_v3_large,brightness,5,C:\Users\ramti\Desktop\ramtin legion pc\article_project\data\raw\pdraw_wave\test\healthy\V11HO01.png,0,0.201481,0
pdraw_wave,mobilenet_v3_large,brightness,5,C:\Users\ramti\Desktop\ramtin legion pc\article_project\data\raw\pdraw_wave\test\healthy\V55HO08.png,0,0.280870,0
pdraw_wave,mobilenet_v3_large,brightness,5,C:\Users\ramti\Desktop\ramtin legion pc\article_project\data\raw\pdraw_wave\test\healthy\V55HO09.png,0,0.334811,0
pdraw_wave,mobilenet_v3_large,brightness,5,C:\Users\ramti\Desktop\ramtin legion pc\article_project\data\raw\pdraw_wave\test\healthy\V55HO10.png,0,0.333115,0
pdraw_wave,mobilenet_v3_large,brightness,5,C:\Users\ramti\Desktop\ramtin legion pc\article_project\data\raw\pdraw_wave\test\healthy\V55HO11.png,0,0.703937,1
pdraw_wave,mobilenet_v3_large,brightness,5,C:\Users\ramti\Desktop\ramtin legion pc\article_project\data\raw\pdraw_wave\test\parkinson\V01PO01.png,1,0.341902,0
pdraw_wave,mobilenet_v3_large,brightness,5,C:\Users\ramti\Desktop\ramtin legion pc\article_project\data\raw\pdraw_wave\test\parkinson\V02PO01.png,1,0.841344,1
pdraw_wave,mobilenet_v3_large,brightness,5,C:\Users\ramti\Desktop\ramtin legion pc\article_project\data\raw\pdraw_wave\test\parkinson\V03PO01.png,1,0.590463,0
pdraw_wave,mobilenet_v3_large,brightness,5,C:\Users\ramti\Desktop\ramtin legion pc\article_project\data\raw\pdraw_wave\test\parkinson\V03PO04.png,1,0.785145,1
pdraw_wave,mobilenet_v3_large,brightness,5,C:\Users\ramti\Desktop\ramtin legion pc\article_project\data\raw\pdraw_wave\test\parkinson\V03PO07.png,1,0.740830,1
pdraw_wave,mobilenet_v3_large,brightness,5,C:\Users\ramti\Desktop\ramtin legion pc\article_project\data\raw\pdraw_wave\test\parkinson\V04PO01.png,1,0.918355,1
pdraw_wave,mobilenet_v3_large,brightness,5,C:\Users\ramti\Desktop\ramtin legion pc\article_project\data\raw\pdraw_wave\test\parkinson\V05PO01.png,1,0.833827,1
pdraw_wave,mobilenet_v3_large,brightness,5,C:\Users\ramti\Desktop\ramtin legion pc\article_project\data\raw\pdraw_wave\test\parkinson\V06PO01.png,1,0.551442,0
pdraw_wave,mobilenet_v3_large,brightness,5,C:\Users\ramti\Desktop\ramtin legion pc\article_project\data\raw\pdraw_wave\test\parkinson\V07PO01.png,1,0.519401,0
pdraw_wave,mobilenet_v3_large,brightness,5,C:\Users\ramti\Desktop\ramtin legion pc\article_project\data\raw\pdraw_wave\test\parkinson\V08PO01.png,1,0.263579,0
pdraw_wave,mobilenet_v3_large,brightness,5,C:\Users\ramti\Desktop\ramtin legion pc\article_project\data\raw\pdraw_wave\test\parkinson\V09PO01.png,1,0.822994,1
pdraw_wave,mobilenet_v3_large,brightness,5,C:\Users\ramti\Desktop\ramtin legion pc\article_project\data\raw\pdraw_wave\test\parkinson\V10PO01.png,1,0.601835,0
pdraw_wave,mobilenet_v3_large,brightness,5,C:\Users\ramti\Desktop\ramtin legion pc\article_project\data\raw\pdraw_wave\test\parkinson\V11PO01.png,1,0.217171,0
pdraw_wave,mobilenet_v3_large,brightness,5,C:\Users\ramti\Desktop\ramtin legion pc\article_project\data\raw\pdraw_wave\test\parkinson\V14PO01.png,1,0.933502,1
pdraw_wave,mobilenet_v3_large,brightness,5,C:\Users\ramti\Desktop\ramtin legion pc\article_project\data\raw\pdraw_wave\test\parkinson\V14PO03.png,1,0.941366,1
pdraw_wave,mobilenet_v3_large,shadow,1,C:\Users\ramti\Desktop\ramtin legion pc\article_project\data\raw\pdraw_wave\test\healthy\V01HO01.png,0,0.509354,0
pdraw_wave,mobilenet_v3_large,shadow,1,C:\Users\ramti\Desktop\ramtin legion pc\article_project\data\raw\pdraw_wave\test\healthy\V02HO01.png,0,0.133887,0
pdraw_wave,mobilenet_v3_large,shadow,1,C:\Users\ramti\Desktop\ramtin legion pc\article_project\data\raw\pdraw_wave\test\healthy\V03HO01.png,0,0.158850,0
pdraw_wave,mobilenet_v3_large,shadow,1,C:\Users\ramti\Desktop\ramtin legion pc\article_project\data\raw\pdraw_wave\test\healthy\V04HO01.png,0,0.093029,0
pdraw_wave,mobilenet_v3_large,shadow,1,C:\Users\ramti\Desktop\ramtin legion pc\article_project\data\raw\pdraw_wave\test\healthy\V05HO01.png,0,0.584628,0
pdraw_wave,mobilenet_v3_large,shadow,1,C:\Users\ramti\Desktop\ramtin legion pc\article_project\data\raw\pdraw_wave\test\healthy\V06HO01.png,0,0.659554,1
pdraw_wave,mobilenet_v3_large,shadow,1,C:\Users\ramti\Desktop\ramtin legion pc\article_project\data\raw\pdraw_wave\test\healthy\V07HO01.png,0,0.076115,0
pdraw_wave,mobilenet_v3_large,shadow,1,C:\Users\ramti\Desktop\ramtin legion pc\article_project\data\raw\pdraw_wave\test\healthy\V08HO01.png,0,0.430425,0
pdraw_wave,mobilenet_v3_large,shadow,1,C:\Users\ramti\Desktop\ramtin legion pc\article_project\data\raw\pdraw_wave\test\healthy\V09HO01.png,0,0.260127,0
pdraw_wave,mobilenet_v3_large,shadow,1,C:\Users\ramti\Desktop\ramtin legion pc\article_project\data\raw\pdraw_wave\test\healthy\V10HO01.png,0,0.290223,0
pdraw_wave,mobilenet_v3_large,shadow,1,C:\Users\ramti\Desktop\ramtin legion pc\article_project\data\raw\pdraw_wave\test\healthy\V11HO01.png,0,0.224958,0
pdraw_wave,mobilenet_v3_large,shadow,1,C:\Users\ramti\Desktop\ramtin legion pc\article_project\data\raw\pdraw_wave\test\healthy\V55HO08.png,0,0.206719,0
pdraw_wave,mobilenet_v3_large,shadow,1,C:\Users\ramti\Desktop\ramtin legion pc\article_project\data\raw\pdraw_wave\test\healthy\V55HO09.png,0,0.194888,0
pdraw_wave,mobilenet_v3_large,shadow,1,C:\Users\ramti\Desktop\ramtin legion pc\article_project\data\raw\pdraw_wave\test\healthy\V55HO10.png,0,0.162117,0
pdraw_wave,mobilenet_v3_large,shadow,1,C:\Users\ramti\Desktop\ramtin legion pc\article_project\data\raw\pdraw_wave\test\healthy\V55HO11.png,0,0.567093,0
pdraw_wave,mobilenet_v3_large,shadow,1,C:\Users\ramti\Desktop\ramtin legion pc\article_project\data\raw\pdraw_wave\test\parkinson\V01PO01.png,1,0.213296,0
pdraw_wave,mobilenet_v3_large,shadow,1,C:\Users\ramti\Desktop\ramtin legion pc\article_project\data\raw\pdraw_wave\test\parkinson\V02PO01.png,1,0.880689,1
pdraw_wave,mobilenet_v3_large,shadow,1,C:\Users\ramti\Desktop\ramtin legion pc\article_project\data\raw\pdraw_wave\test\parkinson\V03PO01.png,1,0.950063,1
pdraw_wave,mobilenet_v3_large,shadow,1,C:\Users\ramti\Desktop\ramtin legion pc\article_project\data\raw\pdraw_wave\test\parkinson\V03PO04.png,1,0.957337,1
pdraw_wave,mobilenet_v3_large,shadow,1,C:\Users\ramti\Desktop\ramtin legion pc\article_project\data\raw\pdraw_wave\test\parkinson\V03PO07.png,1,0.932289,1
pdraw_wave,mobilenet_v3_large,shadow,1,C:\Users\ramti\Desktop\ramtin legion pc\article_project\data\raw\pdraw_wave\test\parkinson\V04PO01.png,1,0.948656,1
pdraw_wave,mobilenet_v3_large,shadow,1,C:\Users\ramti\Desktop\ramtin legion pc\article_project\data\raw\pdraw_wave\test\parkinson\V05PO01.png,1,0.929353,1
pdraw_wave,mobilenet_v3_large,shadow,1,C:\Users\ramti\Desktop\ramtin legion pc\article_project\data\raw\pdraw_wave\test\parkinson\V06PO01.png,1,0.877264,1
pdraw_wave,mobilenet_v3_large,shadow,1,C:\Users\ramti\Desktop\ramtin legion pc\article_project\data\raw\pdraw_wave\test\parkinson\V07PO01.png,1,0.942774,1
pdraw_wave,mobilenet_v3_large,shadow,1,C:\Users\ramti\Desktop\ramtin legion pc\article_project\data\raw\pdraw_wave\test\parkinson\V08PO01.png,1,0.213101,0
pdraw_wave,mobilenet_v3_large,shadow,1,C:\Users\ramti\Desktop\ramtin legion pc\article_project\data\raw\pdraw_wave\test\parkinson\V09PO01.png,1,0.927635,1
pdraw_wave,mobilenet_v3_large,shadow,1,C:\Users\ramti\Desktop\ramtin legion pc\article_project\data\raw\pdraw_wave\test\parkinson\V10PO01.png,1,0.723971,1
pdraw_wave,mobilenet_v3_large,shadow,1,C:\Users\ramti\Desktop\ramtin legion pc\article_project\data\raw\pdraw_wave\test\parkinson\V11PO01.png,1,0.668755,1
pdraw_wave,mobilenet_v3_large,shadow,1,C:\Users\ramti\Desktop\ramtin legion pc\article_project\data\raw\pdraw_wave\test\parkinson\V14PO01.png,1,0.980238,1
pdraw_wave,mobilenet_v3_large,shadow,1,C:\Users\ramti\Desktop\ramtin legion pc\article_project\data\raw\pdraw_wave\test\parkinson\V14PO03.png,1,0.961102,1
pdraw_wave,mobilenet_v3_large,shadow,2,C:\Users\ramti\Desktop\ramtin legion pc\article_project\data\raw\pdraw_wave\test\healthy\V01HO01.png,0,0.448336,0
pdraw_wave,mobilenet_v3_large,shadow,2,C:\Users\ramti\Desktop\ramtin legion pc\article_project\data\raw\pdraw_wave\test\healthy\V02HO01.png,0,0.122220,0
pdraw_wave,mobilenet_v3_large,shadow,2,C:\Users\ramti\Desktop\ramtin legion pc\article_project\data\raw\pdraw_wave\test\healthy\V03HO01.png,0,0.141045,0
pdraw_wave,mobilenet_v3_large,shadow,2,C:\Users\ramti\Desktop\ramtin legion pc\article_project\data\raw\pdraw_wave\test\healthy\V04HO01.png,0,0.083207,0
pdraw_wave,mobilenet_v3_large,shadow,2,C:\Users\ramti\Desktop\ramtin legion pc\article_project\data\raw\pdraw_wave\test\healthy\V05HO01.png,0,0.541797,0
pdraw_wave,mobilenet_v3_large,shadow,2,C:\Users\ramti\Desktop\ramtin legion pc\article_project\data\raw\pdraw_wave\test\healthy\V06HO01.png,0,0.640270,0
pdraw_wave,mobilenet_v3_large,shadow,2,C:\Users\ramti\Desktop\ramtin legion pc\article_project\data\raw\pdraw_wave\test\healthy\V07HO01.png,0,0.081461,0
pdraw_wave,mobilenet_v3_large,shadow,2,C:\Users\ramti\Desktop\ramtin legion pc\article_project\data\raw\pdraw_wave\test\healthy\V08HO01.png,0,0.418635,0
pdraw_wave,mobilenet_v3_large,shadow,2,C:\Users\ramti\Desktop\ramtin legion pc\article_project\data\raw\pdraw_wave\test\healthy\V09HO01.png,0,0.221302,0
pdraw_wave,mobilenet_v3_large,shadow,2,C:\Users\ramti\Desktop\ramtin legion pc\article_project\data\raw\pdraw_wave\test\healthy\V10HO01.png,0,0.248910,0
pdraw_wave,mobilenet_v3_large,shadow,2,C:\Users\ramti\Desktop\ramtin legion pc\article_project\data\raw\pdraw_wave\test\healthy\V11HO01.png,0,0.191305,0
pdraw_wave,mobilenet_v3_large,shadow,2,C:\Users\ramti\Desktop\ramtin legion pc\article_project\data\raw\pdraw_wave\test\healthy\V55HO08.png,0,0.200377,0
pdraw_wave,mobilenet_v3_large,shadow,2,C:\Users\ramti\Desktop\ramtin legion pc\article_project\data\raw\pdraw_wave\test\healthy\V55HO09.png,0,0.170322,0
pdraw_wave,mobilenet_v3_large,shadow,2,C:\Users\ramti\Desktop\ramtin legion pc\article_project\data\raw\pdraw_wave\test\healthy\V55HO10.png,0,0.145651,0
pdraw_wave,mobilenet_v3_large,shadow,2,C:\Users\ramti\Desktop\ramtin legion pc\article_project\data\raw\pdraw_wave\test\healthy\V55HO11.png,0,0.526856,0
pdraw_wave,mobilenet_v3_large,shadow,2,C:\Users\ramti\Desktop\ramtin legion pc\article_project\data\raw\pdraw_wave\test\parkinson\V01PO01.png,1,0.190342,0
pdraw_wave,mobilenet_v3_large,shadow,2,C:\Users\ramti\Desktop\ramtin legion pc\article_project\data\raw\pdraw_wave\test\parkinson\V02PO01.png,1,0.841879,1
pdraw_wave,mobilenet_v3_large,shadow,2,C:\Users\ramti\Desktop\ramtin legion pc\article_project\data\raw\pdraw_wave\test\parkinson\V03PO01.png,1,0.946892,1
pdraw_wave,mobilenet_v3_large,shadow,2,C:\Users\ramti\Desktop\ramtin legion pc\article_project\data\raw\pdraw_wave\test\parkinson\V03PO04.png,1,0.947090,1
pdraw_wave,mobilenet_v3_large,shadow,2,C:\Users\ramti\Desktop\ramtin legion pc\article_project\data\raw\pdraw_wave\test\parkinson\V03PO07.png,1,0.922933,1
pdraw_wave,mobilenet_v3_large,shadow,2,C:\Users\ramti\Desktop\ramtin legion pc\article_project\data\raw\pdraw_wave\test\parkinson\V04PO01.png,1,0.935689,1
pdraw_wave,mobilenet_v3_large,shadow,2,C:\Users\ramti\Desktop\ramtin legion pc\article_project\data\raw\pdraw_wave\test\parkinson\V05PO01.png,1,0.891631,1
pdraw_wave,mobilenet_v3_large,shadow,2,C:\Users\ramti\Desktop\ramtin legion pc\article_project\data\raw\pdraw_wave\test\parkinson\V06PO01.png,1,0.840203,1
pdraw_wave,mobilenet_v3_large,shadow,2,C:\Users\ramti\Desktop\ramtin legion pc\article_project\data\raw\pdraw_wave\test\parkinson\V07PO01.png,1,0.931257,1
pdraw_wave,mobilenet_v3_large,shadow,2,C:\Users\ramti\Desktop\ramtin legion pc\article_project\data\raw\pdraw_wave\test\parkinson\V08PO01.png,1,0.192369,0
pdraw_wave,mobilenet_v3_large,shadow,2,C:\Users\ramti\Desktop\ramtin legion pc\article_project\data\raw\pdraw_wave\test\parkinson\V09PO01.png,1,0.920785,1
pdraw_wave,mobilenet_v3_large,shadow,2,C:\Users\ramti\Desktop\ramtin legion pc\article_project\data\raw\pdraw_wave\test\parkinson\V10PO01.png,1,0.676479,1
pdraw_wave,mobilenet_v3_large,shadow,2,C:\Users\ramti\Desktop\ramtin legion pc\article_project\data\raw\pdraw_wave\test\parkinson\V11PO01.png,1,0.604448,0
pdraw_wave,mobilenet_v3_large,shadow,2,C:\Users\ramti\Desktop\ramtin legion pc\article_project\data\raw\pdraw_wave\test\parkinson\V14PO01.png,1,0.974158,1
pdraw_wave,mobilenet_v3_large,shadow,2,C:\Users\ramti\Desktop\ramtin legion pc\article_project\data\raw\pdraw_wave\test\parkinson\V14PO03.png,1,0.949414,1
pdraw_wave,mobilenet_v3_large,shadow,3,C:\Users\ramti\Desktop\ramtin legion pc\article_project\data\raw\pdraw_wave\test\healthy\V01HO01.png,0,0.432115,0
pdraw_wave,mobilenet_v3_large,shadow,3,C:\Users\ramti\Desktop\ramtin legion pc\article_project\data\raw\pdraw_wave\test\healthy\V02HO01.png,0,0.105786,0
pdraw_wave,mobilenet_v3_large,shadow,3,C:\Users\ramti\Desktop\ramtin legion pc\article_project\data\raw\pdraw_wave\test\healthy\V03HO01.png,0,0.145265,0
pdraw_wave,mobilenet_v3_large,shadow,3,C:\Users\ramti\Desktop\ramtin legion pc\article_project\data\raw\pdraw_wave\test\healthy\V04HO01.png,0,0.088215,0
pdraw_wave,mobilenet_v3_large,shadow,3,C:\Users\ramti\Desktop\ramtin legion pc\article_project\data\raw\pdraw_wave\test\healthy\V05HO01.png,0,0.467963,0
pdraw_wave,mobilenet_v3_large,shadow,3,C:\Users\ramti\Desktop\ramtin legion pc\article_project\data\raw\pdraw_wave\test\healthy\V06HO01.png,0,0.586981,0
pdraw_wave,mobilenet_v3_large,shadow,3,C:\Users\ramti\Desktop\ramtin legion pc\article_project\data\raw\pdraw_wave\test\healthy\V07HO01.png,0,0.100950,0
pdraw_wave,mobilenet_v3_large,shadow,3,C:\Users\ramti\Desktop\ramtin legion pc\article_project\data\raw\pdraw_wave\test\healthy\V08HO01.png,0,0.404321,0
pdraw_wave,mobilenet_v3_large,shadow,3,C:\Users\ramti\Desktop\ramtin legion pc\article_project\data\raw\pdraw_wave\test\healthy\V09HO01.png,0,0.206677,0
pdraw_wave,mobilenet_v3_large,shadow,3,C:\Users\ramti\Desktop\ramtin legion pc\article_project\data\raw\pdraw_wave\test\healthy\V10HO01.png,0,0.202314,0
pdraw_wave,mobilenet_v3_large,shadow,3,C:\Users\ramti\Desktop\ramtin legion pc\article_project\data\raw\pdraw_wave\test\healthy\V11HO01.png,0,0.177006,0
pdraw_wave,mobilenet_v3_large,shadow,3,C:\Users\ramti\Desktop\ramtin legion pc\article_project\data\raw\pdraw_wave\test\healthy\V55HO08.png,0,0.179304,0
pdraw_wave,mobilenet_v3_large,shadow,3,C:\Users\ramti\Desktop\ramtin legion pc\article_project\data\raw\pdraw_wave\test\healthy\V55HO09.png,0,0.163713,0
pdraw_wave,mobilenet_v3_large,shadow,3,C:\Users\ramti\Desktop\ramtin legion pc\article_project\data\raw\pdraw_wave\test\healthy\V55HO10.png,0,0.148654,0
pdraw_wave,mobilenet_v3_large,shadow,3,C:\Users\ramti\Desktop\ramtin legion pc\article_project\data\raw\pdraw_wave\test\healthy\V55HO11.png,0,0.513003,0
pdraw_wave,mobilenet_v3_large,shadow,3,C:\Users\ramti\Desktop\ramtin legion pc\article_project\data\raw\pdraw_wave\test\parkinson\V01PO01.png,1,0.182127,0
pdraw_wave,mobilenet_v3_large,shadow,3,C:\Users\ramti\Desktop\ramtin legion pc\article_project\data\raw\pdraw_wave\test\parkinson\V02PO01.png,1,0.803574,1
pdraw_wave,mobilenet_v3_large,shadow,3,C:\Users\ramti\Desktop\ramtin legion pc\article_project\data\raw\pdraw_wave\test\parkinson\V03PO01.png,1,0.932140,1
pdraw_wave,mobilenet_v3_large,shadow,3,C:\Users\ramti\Desktop\ramtin legion pc\article_project\data\raw\pdraw_wave\test\parkinson\V03PO04.png,1,0.935530,1
pdraw_wave,mobilenet_v3_large,shadow,3,C:\Users\ramti\Desktop\ramtin legion pc\article_project\data\raw\pdraw_wave\test\parkinson\V03PO07.png,1,0.902115,1
pdraw_wave,mobilenet_v3_large,shadow,3,C:\Users\ramti\Desktop\ramtin legion pc\article_project\data\raw\pdraw_wave\test\parkinson\V04PO01.png,1,0.906648,1
pdraw_wave,mobilenet_v3_large,shadow,3,C:\Users\ramti\Desktop\ramtin legion pc\article_project\data\raw\pdraw_wave\test\parkinson\V05PO01.png,1,0.847988,1
pdraw_wave,mobilenet_v3_large,shadow,3,C:\Users\ramti\Desktop\ramtin legion pc\article_project\data\raw\pdraw_wave\test\parkinson\V06PO01.png,1,0.738090,1
pdraw_wave,mobilenet_v3_large,shadow,3,C:\Users\ramti\Desktop\ramtin legion pc\article_project\data\raw\pdraw_wave\test\parkinson\V07PO01.png,1,0.915740,1
pdraw_wave,mobilenet_v3_large,shadow,3,C:\Users\ramti\Desktop\ramtin legion pc\article_project\data\raw\pdraw_wave\test\parkinson\V08PO01.png,1,0.157521,0
pdraw_wave,mobilenet_v3_large,shadow,3,C:\Users\ramti\Desktop\ramtin legion pc\article_project\data\raw\pdraw_wave\test\parkinson\V09PO01.png,1,0.903067,1
pdraw_wave,mobilenet_v3_large,shadow,3,C:\Users\ramti\Desktop\ramtin legion pc\article_project\data\raw\pdraw_wave\test\parkinson\V10PO01.png,1,0.676863,1
pdraw_wave,mobilenet_v3_large,shadow,3,C:\Users\ramti\Desktop\ramtin legion pc\article_project\data\raw\pdraw_wave\test\parkinson\V11PO01.png,1,0.545563,0
pdraw_wave,mobilenet_v3_large,shadow,3,C:\Users\ramti\Desktop\ramtin legion pc\article_project\data\raw\pdraw_wave\test\parkinson\V14PO01.png,1,0.959961,1
pdraw_wave,mobilenet_v3_large,shadow,3,C:\Users\ramti\Desktop\ramtin legion pc\article_project\data\raw\pdraw_wave\test\parkinson\V14PO03.png,1,0.930451,1
pdraw_wave,mobilenet_v3_large,shadow,4,C:\Users\ramti\Desktop\ramtin legion pc\article_project\data\raw\pdraw_wave\test\healthy\V01HO01.png,0,0.416231,0
pdraw_wave,mobilenet_v3_large,shadow,4,C:\Users\ramti\Desktop\ramtin legion pc\article_project\data\raw\pdraw_wave\test\healthy\V02HO01.png,0,0.115060,0
pdraw_wave,mobilenet_v3_large,shadow,4,C:\Users\ramti\Desktop\ramtin legion pc\article_project\data\raw\pdraw_wave\test\healthy\V03HO01.png,0,0.160127,0
pdraw_wave,mobilenet_v3_large,shadow,4,C:\Users\ramti\Desktop\ramtin legion pc\article_project\data\raw\pdraw_wave\test\healthy\V04HO01.png,0,0.106250,0
pdraw_wave,mobilenet_v3_large,shadow,4,C:\Users\ramti\Desktop\ramtin legion pc\article_project\data\raw\pdraw_wave\test\healthy\V05HO01.png,0,0.430371,0
pdraw_wave,mobilenet_v3_large,shadow,4,C:\Users\ramti\Desktop\ramtin legion pc\article_project\data\raw\pdraw_wave\test\healthy\V06HO01.png,0,0.537897,0
pdraw_wave,mobilenet_v3_large,shadow,4,C:\Users\ramti\Desktop\ramtin legion pc\article_project\data\raw\pdraw_wave\test\healthy\V07HO01.png,0,0.132013,0
pdraw_wave,mobilenet_v3_large,shadow,4,C:\Users\ramti\Desktop\ramtin legion pc\article_project\data\raw\pdraw_wave\test\healthy\V08HO01.png,0,0.387823,0
pdraw_wave,mobilenet_v3_large,shadow,4,C:\Users\ramti\Desktop\ramtin legion pc\article_project\data\raw\pdraw_wave\test\healthy\V09HO01.png,0,0.205445,0
pdraw_wave,mobilenet_v3_large,shadow,4,C:\Users\ramti\Desktop\ramtin legion pc\article_project\data\raw\pdraw_wave\test\healthy\V10HO01.png,0,0.195903,0
pdraw_wave,mobilenet_v3_large,shadow,4,C:\Users\ramti\Desktop\ramtin legion pc\article_project\data\raw\pdraw_wave\test\healthy\V11HO01.png,0,0.193786,0
pdraw_wave,mobilenet_v3_large,shadow,4,C:\Users\ramti\Desktop\ramtin legion pc\article_project\data\raw\pdraw_wave\test\healthy\V55HO08.png,0,0.159649,0
pdraw_wave,mobilenet_v3_large,shadow,4,C:\Users\ramti\Desktop\ramtin legion pc\article_project\data\raw\pdraw_wave\test\healthy\V55HO09.png,0,0.173060,0
pdraw_wave,mobilenet_v3_large,shadow,4,C:\Users\ramti\Desktop\ramtin legion pc\article_project\data\raw\pdraw_wave\test\healthy\V55HO10.png,0,0.178028,0
pdraw_wave,mobilenet_v3_large,shadow,4,C:\Users\ramti\Desktop\ramtin legion pc\article_project\data\raw\pdraw_wave\test\healthy\V55HO11.png,0,0.477350,0
pdraw_wave,mobilenet_v3_large,shadow,4,C:\Users\ramti\Desktop\ramtin legion pc\article_project\data\raw\pdraw_wave\test\parkinson\V01PO01.png,1,0.186369,0
pdraw_wave,mobilenet_v3_large,shadow,4,C:\Users\ramti\Desktop\ramtin legion pc\article_project\data\raw\pdraw_wave\test\parkinson\V02PO01.png,1,0.765385,1
pdraw_wave,mobilenet_v3_large,shadow,4,C:\Users\ramti\Desktop\ramtin legion pc\article_project\data\raw\pdraw_wave\test\parkinson\V03PO01.png,1,0.916072,1
pdraw_wave,mobilenet_v3_large,shadow,4,C:\Users\ramti\Desktop\ramtin legion pc\article_project\data\raw\pdraw_wave\test\parkinson\V03PO04.png,1,0.922442,1
pdraw_wave,mobilenet_v3_large,shadow,4,C:\Users\ramti\Desktop\ramtin legion pc\article_project\data\raw\pdraw_wave\test\parkinson\V03PO07.png,1,0.867814,1
pdraw_wave,mobilenet_v3_large,shadow,4,C:\Users\ramti\Desktop\ramtin legion pc\article_project\data\raw\pdraw_wave\test\parkinson\V04PO01.png,1,0.880129,1
pdraw_wave,mobilenet_v3_large,shadow,4,C:\Users\ramti\Desktop\ramtin legion pc\article_project\data\raw\pdraw_wave\test\parkinson\V05PO01.png,1,0.812567,1
pdraw_wave,mobilenet_v3_large,shadow,4,C:\Users\ramti\Desktop\ramtin legion pc\article_project\data\raw\pdraw_wave\test\parkinson\V06PO01.png,1,0.667015,1
pdraw_wave,mobilenet_v3_large,shadow,4,C:\Users\ramti\Desktop\ramtin legion pc\article_project\data\raw\pdraw_wave\test\parkinson\V07PO01.png,1,0.906102,1
pdraw_wave,mobilenet_v3_large,shadow,4,C:\Users\ramti\Desktop\ramtin legion pc\article_project\data\raw\pdraw_wave\test\parkinson\V08PO01.png,1,0.180648,0
pdraw_wave,mobilenet_v3_large,shadow,4,C:\Users\ramti\Desktop\ramtin legion pc\article_project\data\raw\pdraw_wave\test\parkinson\V09PO01.png,1,0.892089,1
pdraw_wave,mobilenet_v3_large,shadow,4,C:\Users\ramti\Desktop\ramtin legion pc\article_project\data\raw\pdraw_wave\test\parkinson\V10PO01.png,1,0.657612,1
pdraw_wave,mobilenet_v3_large,shadow,4,C:\Users\ramti\Desktop\ramtin legion pc\article_project\data\raw\pdraw_wave\test\parkinson\V11PO01.png,1,0.483432,0
pdraw_wave,mobilenet_v3_large,shadow,4,C:\Users\ramti\Desktop\ramtin legion pc\article_project\data\raw\pdraw_wave\test\parkinson\V14PO01.png,1,0.943084,1
pdraw_wave,mobilenet_v3_large,shadow,4,C:\Users\ramti\Desktop\ramtin legion pc\article_project\data\raw\pdraw_wave\test\parkinson\V14PO03.png,1,0.913572,1
pdraw_wave,mobilenet_v3_large,shadow,5,C:\Users\ramti\Desktop\ramtin legion pc\article_project\data\raw\pdraw_wave\test\healthy\V01HO01.png,0,0.428255,0
pdraw_wave,mobilenet_v3_large,shadow,5,C:\Users\ramti\Desktop\ramtin legion pc\article_project\data\raw\pdraw_wave\test\healthy\V02HO01.png,0,0.133563,0
pdraw_wave,mobilenet_v3_large,shadow,5,C:\Users\ramti\Desktop\ramtin legion pc\article_project\data\raw\pdraw_wave\test\healthy\V03HO01.png,0,0.191630,0
pdraw_wave,mobilenet_v3_large,shadow,5,C:\Users\ramti\Desktop\ramtin legion pc\article_project\data\raw\pdraw_wave\test\healthy\V04HO01.png,0,0.133009,0
pdraw_wave,mobilenet_v3_large,shadow,5,C:\Users\ramti\Desktop\ramtin legion pc\article_project\data\raw\pdraw_wave\test\healthy\V05HO01.png,0,0.393679,0
pdraw_wave,mobilenet_v3_large,shadow,5,C:\Users\ramti\Desktop\ramtin legion pc\article_project\data\raw\pdraw_wave\test\healthy\V06HO01.png,0,0.515248,0
pdraw_wave,mobilenet_v3_large,shadow,5,C:\Users\ramti\Desktop\ramtin legion pc\article_project\data\raw\pdraw_wave\test\healthy\V07HO01.png,0,0.169779,0
pdraw_wave,mobilenet_v3_large,shadow,5,C:\Users\ramti\Desktop\ramtin legion pc\article_project\data\raw\pdraw_wave\test\healthy\V08HO01.png,0,0.385638,0
pdraw_wave,mobilenet_v3_large,shadow,5,C:\Users\ramti\Desktop\ramtin legion pc\article_project\data\raw\pdraw_wave\test\healthy\V09HO01.png,0,0.214089,0
pdraw_wave,mobilenet_v3_large,shadow,5,C:\Users\ramti\Desktop\ramtin legion pc\article_project\data\raw\pdraw_wave\test\healthy\V10HO01.png,0,0.208545,0
pdraw_wave,mobilenet_v3_large,shadow,5,C:\Users\ramti\Desktop\ramtin legion pc\article_project\data\raw\pdraw_wave\test\healthy\V11HO01.png,0,0.194156,0
pdraw_wave,mobilenet_v3_large,shadow,5,C:\Users\ramti\Desktop\ramtin legion pc\article_project\data\raw\pdraw_wave\test\healthy\V55HO08.png,0,0.172968,0
pdraw_wave,mobilenet_v3_large,shadow,5,C:\Users\ramti\Desktop\ramtin legion pc\article_project\data\raw\pdraw_wave\test\healthy\V55HO09.png,0,0.188699,0
pdraw_wave,mobilenet_v3_large,shadow,5,C:\Users\ramti\Desktop\ramtin legion pc\article_project\data\raw\pdraw_wave\test\healthy\V55HO10.png,0,0.217492,0
pdraw_wave,mobilenet_v3_large,shadow,5,C:\Users\ramti\Desktop\ramtin legion pc\article_project\data\raw\pdraw_wave\test\healthy\V55HO11.png,0,0.461297,0
pdraw_wave,mobilenet_v3_large,shadow,5,C:\Users\ramti\Desktop\ramtin legion pc\article_project\data\raw\pdraw_wave\test\parkinson\V01PO01.png,1,0.210492,0
pdraw_wave,mobilenet_v3_large,shadow,5,C:\Users\ramti\Desktop\ramtin legion pc\article_project\data\raw\pdraw_wave\test\parkinson\V02PO01.png,1,0.739938,1
pdraw_wave,mobilenet_v3_large,shadow,5,C:\Users\ramti\Desktop\ramtin legion pc\article_project\data\raw\pdraw_wave\test\parkinson\V03PO01.png,1,0.900693,1
pdraw_wave,mobilenet_v3_large,shadow,5,C:\Users\ramti\Desktop\ramtin legion pc\article_project\data\raw\pdraw_wave\test\parkinson\V03PO04.png,1,0.909179,1
pdraw_wave,mobilenet_v3_large,shadow,5,C:\Users\ramti\Desktop\ramtin legion pc\article_project\data\raw\pdraw_wave\test\parkinson\V03PO07.png,1,0.815768,1
pdraw_wave,mobilenet_v3_large,shadow,5,C:\Users\ramti\Desktop\ramtin legion pc\article_project\data\raw\pdraw_wave\test\parkinson\V04PO01.png,1,0.864834,1
pdraw_wave,mobilenet_v3_large,shadow,5,C:\Users\ramti\Desktop\ramtin legion pc\article_project\data\raw\pdraw_wave\test\parkinson\V05PO01.png,1,0.782325,1
pdraw_wave,mobilenet_v3_large,shadow,5,C:\Users\ramti\Desktop\ramtin legion pc\article_project\data\raw\pdraw_wave\test\parkinson\V06PO01.png,1,0.624359,0
pdraw_wave,mobilenet_v3_large,shadow,5,C:\Users\ramti\Desktop\ramtin legion pc\article_project\data\raw\pdraw_wave\test\parkinson\V07PO01.png,1,0.896811,1
pdraw_wave,mobilenet_v3_large,shadow,5,C:\Users\ramti\Desktop\ramtin legion pc\article_project\data\raw\pdraw_wave\test\parkinson\V08PO01.png,1,0.212619,0
pdraw_wave,mobilenet_v3_large,shadow,5,C:\Users\ramti\Desktop\ramtin legion pc\article_project\data\raw\pdraw_wave\test\parkinson\V09PO01.png,1,0.882255,1
pdraw_wave,mobilenet_v3_large,shadow,5,C:\Users\ramti\Desktop\ramtin legion pc\article_project\data\raw\pdraw_wave\test\parkinson\V10PO01.png,1,0.627214,0
pdraw_wave,mobilenet_v3_large,shadow,5,C:\Users\ramti\Desktop\ramtin legion pc\article_project\data\raw\pdraw_wave\test\parkinson\V11PO01.png,1,0.478725,0
pdraw_wave,mobilenet_v3_large,shadow,5,C:\Users\ramti\Desktop\ramtin legion pc\article_project\data\raw\pdraw_wave\test\parkinson\V14PO01.png,1,0.931258,1
pdraw_wave,mobilenet_v3_large,shadow,5,C:\Users\ramti\Desktop\ramtin legion pc\article_project\data\raw\pdraw_wave\test\parkinson\V14PO03.png,1,0.889167,1
pdraw_wave,mobilenet_v3_large,perspective,1,C:\Users\ramti\Desktop\ramtin legion pc\article_project\data\raw\pdraw_wave\test\healthy\V01HO01.png,0,0.625354,0
pdraw_wave,mobilenet_v3_large,perspective,1,C:\Users\ramti\Desktop\ramtin legion pc\article_project\data\raw\pdraw_wave\test\healthy\V02HO01.png,0,0.073934,0
pdraw_wave,mobilenet_v3_large,perspective,1,C:\Users\ramti\Desktop\ramtin legion pc\article_project\data\raw\pdraw_wave\test\healthy\V03HO01.png,0,0.432012,0
pdraw_wave,mobilenet_v3_large,perspective,1,C:\Users\ramti\Desktop\ramtin legion pc\article_project\data\raw\pdraw_wave\test\healthy\V04HO01.png,0,0.207127,0
pdraw_wave,mobilenet_v3_large,perspective,1,C:\Users\ramti\Desktop\ramtin legion pc\article_project\data\raw\pdraw_wave\test\healthy\V05HO01.png,0,0.487851,0
pdraw_wave,mobilenet_v3_large,perspective,1,C:\Users\ramti\Desktop\ramtin legion pc\article_project\data\raw\pdraw_wave\test\healthy\V06HO01.png,0,0.441783,0
pdraw_wave,mobilenet_v3_large,perspective,1,C:\Users\ramti\Desktop\ramtin legion pc\article_project\data\raw\pdraw_wave\test\healthy\V07HO01.png,0,0.109370,0
pdraw_wave,mobilenet_v3_large,perspective,1,C:\Users\ramti\Desktop\ramtin legion pc\article_project\data\raw\pdraw_wave\test\healthy\V08HO01.png,0,0.252452,0
pdraw_wave,mobilenet_v3_large,perspective,1,C:\Users\ramti\Desktop\ramtin legion pc\article_project\data\raw\pdraw_wave\test\healthy\V09HO01.png,0,0.171264,0
pdraw_wave,mobilenet_v3_large,perspective,1,C:\Users\ramti\Desktop\ramtin legion pc\article_project\data\raw\pdraw_wave\test\healthy\V10HO01.png,0,0.357526,0
pdraw_wave,mobilenet_v3_large,perspective,1,C:\Users\ramti\Desktop\ramtin legion pc\article_project\data\raw\pdraw_wave\test\healthy\V11HO01.png,0,0.165023,0
pdraw_wave,mobilenet_v3_large,perspective,1,C:\Users\ramti\Desktop\ramtin legion pc\article_project\data\raw\pdraw_wave\test\healthy\V55HO08.png,0,0.174184,0
pdraw_wave,mobilenet_v3_large,perspective,1,C:\Users\ramti\Desktop\ramtin legion pc\article_project\data\raw\pdraw_wave\test\healthy\V55HO09.png,0,0.378697,0
pdraw_wave,mobilenet_v3_large,perspective,1,C:\Users\ramti\Desktop\ramtin legion pc\article_project\data\raw\pdraw_wave\test\healthy\V55HO10.png,0,0.240328,0
pdraw_wave,mobilenet_v3_large,perspective,1,C:\Users\ramti\Desktop\ramtin legion pc\article_project\data\raw\pdraw_wave\test\healthy\V55HO11.png,0,0.482714,0
pdraw_wave,mobilenet_v3_large,perspective,1,C:\Users\ramti\Desktop\ramtin legion pc\article_project\data\raw\pdraw_wave\test\parkinson\V01PO01.png,1,0.470008,0
pdraw_wave,mobilenet_v3_large,perspective,1,C:\Users\ramti\Desktop\ramtin legion pc\article_project\data\raw\pdraw_wave\test\parkinson\V02PO01.png,1,0.891214,1
pdraw_wave,mobilenet_v3_large,perspective,1,C:\Users\ramti\Desktop\ramtin legion pc\article_project\data\raw\pdraw_wave\test\parkinson\V03PO01.png,1,0.943838,1
pdraw_wave,mobilenet_v3_large,perspective,1,C:\Users\ramti\Desktop\ramtin legion pc\article_project\data\raw\pdraw_wave\test\parkinson\V03PO04.png,1,0.942650,1
pdraw_wave,mobilenet_v3_large,perspective,1,C:\Users\ramti\Desktop\ramtin legion pc\article_project\data\raw\pdraw_wave\test\parkinson\V03PO07.png,1,0.902319,1
pdraw_wave,mobilenet_v3_large,perspective,1,C:\Users\ramti\Desktop\ramtin legion pc\article_project\data\raw\pdraw_wave\test\parkinson\V04PO01.png,1,0.913592,1
pdraw_wave,mobilenet_v3_large,perspective,1,C:\Users\ramti\Desktop\ramtin legion pc\article_project\data\raw\pdraw_wave\test\parkinson\V05PO01.png,1,0.896814,1
pdraw_wave,mobilenet_v3_large,perspective,1,C:\Users\ramti\Desktop\ramtin legion pc\article_project\data\raw\pdraw_wave\test\parkinson\V06PO01.png,1,0.812448,1
pdraw_wave,mobilenet_v3_large,perspective,1,C:\Users\ramti\Desktop\ramtin legion pc\article_project\data\raw\pdraw_wave\test\parkinson\V07PO01.png,1,0.903209,1
pdraw_wave,mobilenet_v3_large,perspective,1,C:\Users\ramti\Desktop\ramtin legion pc\article_project\data\raw\pdraw_wave\test\parkinson\V08PO01.png,1,0.202490,0
pdraw_wave,mobilenet_v3_large,perspective,1,C:\Users\ramti\Desktop\ramtin legion pc\article_project\data\raw\pdraw_wave\test\parkinson\V09PO01.png,1,0.859832,1
pdraw_wave,mobilenet_v3_large,perspective,1,C:\Users\ramti\Desktop\ramtin legion pc\article_project\data\raw\pdraw_wave\test\parkinson\V10PO01.png,1,0.602572,0
pdraw_wave,mobilenet_v3_large,perspective,1,C:\Users\ramti\Desktop\ramtin legion pc\article_project\data\raw\pdraw_wave\test\parkinson\V11PO01.png,1,0.592044,0
pdraw_wave,mobilenet_v3_large,perspective,1,C:\Users\ramti\Desktop\ramtin legion pc\article_project\data\raw\pdraw_wave\test\parkinson\V14PO01.png,1,0.969348,1
pdraw_wave,mobilenet_v3_large,perspective,1,C:\Users\ramti\Desktop\ramtin legion pc\article_project\data\raw\pdraw_wave\test\parkinson\V14PO03.png,1,0.943902,1
pdraw_wave,mobilenet_v3_large,perspective,2,C:\Users\ramti\Desktop\ramtin legion pc\article_project\data\raw\pdraw_wave\test\healthy\V01HO01.png,0,0.495554,0
pdraw_wave,mobilenet_v3_large,perspective,2,C:\Users\ramti\Desktop\ramtin legion pc\article_project\data\raw\pdraw_wave\test\healthy\V02HO01.png,0,0.085484,0
pdraw_wave,mobilenet_v3_large,perspective,2,C:\Users\ramti\Desktop\ramtin legion pc\article_project\data\raw\pdraw_wave\test\healthy\V03HO01.png,0,0.420820,0
pdraw_wave,mobilenet_v3_large,perspective,2,C:\Users\ramti\Desktop\ramtin legion pc\article_project\data\raw\pdraw_wave\test\healthy\V04HO01.png,0,0.282284,0
pdraw_wave,mobilenet_v3_large,perspective,2,C:\Users\ramti\Desktop\ramtin legion pc\article_project\data\raw\pdraw_wave\test\healthy\V05HO01.png,0,0.419566,0
pdraw_wave,mobilenet_v3_large,perspective,2,C:\Users\ramti\Desktop\ramtin legion pc\article_project\data\raw\pdraw_wave\test\healthy\V06HO01.png,0,0.358807,0
pdraw_wave,mobilenet_v3_large,perspective,2,C:\Users\ramti\Desktop\ramtin legion pc\article_project\data\raw\pdraw_wave\test\healthy\V07HO01.png,0,0.091787,0
pdraw_wave,mobilenet_v3_large,perspective,2,C:\Users\ramti\Desktop\ramtin legion pc\article_project\data\raw\pdraw_wave\test\healthy\V08HO01.png,0,0.195116,0
pdraw_wave,mobilenet_v3_large,perspective,2,C:\Users\ramti\Desktop\ramtin legion pc\article_project\data\raw\pdraw_wave\test\healthy\V09HO01.png,0,0.236675,0
pdraw_wave,mobilenet_v3_large,perspective,2,C:\Users\ramti\Desktop\ramtin legion pc\article_project\data\raw\pdraw_wave\test\healthy\V10HO01.png,0,0.286139,0
pdraw_wave,mobilenet_v3_large,perspective,2,C:\Users\ramti\Desktop\ramtin legion pc\article_project\data\raw\pdraw_wave\test\healthy\V11HO01.png,0,0.132062,0
pdraw_wave,mobilenet_v3_large,perspective,2,C:\Users\ramti\Desktop\ramtin legion pc\article_project\data\raw\pdraw_wave\test\healthy\V55HO08.png,0,0.201171,0
pdraw_wave,mobilenet_v3_large,perspective,2,C:\Users\ramti\Desktop\ramtin legion pc\article_project\data\raw\pdraw_wave\test\healthy\V55HO09.png,0,0.471877,0
pdraw_wave,mobilenet_v3_large,perspective,2,C:\Users\ramti\Desktop\ramtin legion pc\article_project\data\raw\pdraw_wave\test\healthy\V55HO10.png,0,0.217449,0
pdraw_wave,mobilenet_v3_large,perspective,2,C:\Users\ramti\Desktop\ramtin legion pc\article_project\data\raw\pdraw_wave\test\healthy\V55HO11.png,0,0.564905,0
pdraw_wave,mobilenet_v3_large,perspective,2,C:\Users\ramti\Desktop\ramtin legion pc\article_project\data\raw\pdraw_wave\test\parkinson\V01PO01.png,1,0.460120,0
pdraw_wave,mobilenet_v3_large,perspective,2,C:\Users\ramti\Desktop\ramtin legion pc\article_project\data\raw\pdraw_wave\test\parkinson\V02PO01.png,1,0.859058,1
pdraw_wave,mobilenet_v3_large,perspective,2,C:\Users\ramti\Desktop\ramtin legion pc\article_project\data\raw\pdraw_wave\test\parkinson\V03PO01.png,1,0.935561,1
pdraw_wave,mobilenet_v3_large,perspective,2,C:\Users\ramti\Desktop\ramtin legion pc\article_project\data\raw\pdraw_wave\test\parkinson\V03PO04.png,1,0.931343,1
pdraw_wave,mobilenet_v3_large,perspective,2,C:\Users\ramti\Desktop\ramtin legion pc\article_project\data\raw\pdraw_wave\test\parkinson\V03PO07.png,1,0.893909,1
pdraw_wave,mobilenet_v3_large,perspective,2,C:\Users\ramti\Desktop\ramtin legion pc\article_project\data\raw\pdraw_wave\test\parkinson\V04PO01.png,1,0.857442,1
pdraw_wave,mobilenet_v3_large,perspective,2,C:\Users\ramti\Desktop\ramtin legion pc\article_project\data\raw\pdraw_wave\test\parkinson\V05PO01.png,1,0.919007,1
pdraw_wave,mobilenet_v3_large,perspective,2,C:\Users\ramti\Desktop\ramtin legion pc\article_project\data\raw\pdraw_wave\test\parkinson\V06PO01.png,1,0.878393,1
pdraw_wave,mobilenet_v3_large,perspective,2,C:\Users\ramti\Desktop\ramtin legion pc\article_project\data\raw\pdraw_wave\test\parkinson\V07PO01.png,1,0.886458,1
pdraw_wave,mobilenet_v3_large,perspective,2,C:\Users\ramti\Desktop\ramtin legion pc\article_project\data\raw\pdraw_wave\test\parkinson\V08PO01.png,1,0.190062,0
pdraw_wave,mobilenet_v3_large,perspective,2,C:\Users\ramti\Desktop\ramtin legion pc\article_project\data\raw\pdraw_wave\test\parkinson\V09PO01.png,1,0.907007,1
pdraw_wave,mobilenet_v3_large,perspective,2,C:\Users\ramti\Desktop\ramtin legion pc\article_project\data\raw\pdraw_wave\test\parkinson\V10PO01.png,1,0.577819,0
pdraw_wave,mobilenet_v3_large,perspective,2,C:\Users\ramti\Desktop\ramtin legion pc\article_project\data\raw\pdraw_wave\test\parkinson\V11PO01.png,1,0.559528,0
pdraw_wave,mobilenet_v3_large,perspective,2,C:\Users\ramti\Desktop\ramtin legion pc\article_project\data\raw\pdraw_wave\test\parkinson\V14PO01.png,1,0.944138,1
pdraw_wave,mobilenet_v3_large,perspective,2,C:\Users\ramti\Desktop\ramtin legion pc\article_project\data\raw\pdraw_wave\test\parkinson\V14PO03.png,1,0.925560,1
pdraw_wave,mobilenet_v3_large,perspective,3,C:\Users\ramti\Desktop\ramtin legion pc\article_project\data\raw\pdraw_wave\test\healthy\V01HO01.png,0,0.436830,0
pdraw_wave,mobilenet_v3_large,perspective,3,C:\Users\ramti\Desktop\ramtin legion pc\article_project\data\raw\pdraw_wave\test\healthy\V02HO01.png,0,0.102187,0
pdraw_wave,mobilenet_v3_large,perspective,3,C:\Users\ramti\Desktop\ramtin legion pc\article_project\data\raw\pdraw_wave\test\healthy\V03HO01.png,0,0.379062,0
pdraw_wave,mobilenet_v3_large,perspective,3,C:\Users\ramti\Desktop\ramtin legion pc\article_project\data\raw\pdraw_wave\test\healthy\V04HO01.png,0,0.246787,0
pdraw_wave,mobilenet_v3_large,perspective,3,C:\Users\ramti\Desktop\ramtin legion pc\article_project\data\raw\pdraw_wave\test\healthy\V05HO01.png,0,0.437806,0
pdraw_wave,mobilenet_v3_large,perspective,3,C:\Users\ramti\Desktop\ramtin legion pc\article_project\data\raw\pdraw_wave\test\healthy\V06HO01.png,0,0.208887,0
pdraw_wave,mobilenet_v3_large,perspective,3,C:\Users\ramti\Desktop\ramtin legion pc\article_project\data\raw\pdraw_wave\test\healthy\V07HO01.png,0,0.093501,0
pdraw_wave,mobilenet_v3_large,perspective,3,C:\Users\ramti\Desktop\ramtin legion pc\article_project\data\raw\pdraw_wave\test\healthy\V08HO01.png,0,0.204888,0
pdraw_wave,mobilenet_v3_large,perspective,3,C:\Users\ramti\Desktop\ramtin legion pc\article_project\data\raw\pdraw_wave\test\healthy\V09HO01.png,0,0.223231,0
pdraw_wave,mobilenet_v3_large,perspective,3,C:\Users\ramti\Desktop\ramtin legion pc\article_project\data\raw\pdraw_wave\test\healthy\V10HO01.png,0,0.332396,0
pdraw_wave,mobilenet_v3_large,perspective,3,C:\Users\ramti\Desktop\ramtin legion pc\article_project\data\raw\pdraw_wave\test\healthy\V11HO01.png,0,0.080117,0
pdraw_wave,mobilenet_v3_large,perspective,3,C:\Users\ramti\Desktop\ramtin legion pc\article_project\data\raw\pdraw_wave\test\healthy\V55HO08.png,0,0.199934,0
pdraw_wave,mobilenet_v3_large,perspective,3,C:\Users\ramti\Desktop\ramtin legion pc\article_project\data\raw\pdraw_wave\test\healthy\V55HO09.png,0,0.458670,0
pdraw_wave,mobilenet_v3_large,perspective,3,C:\Users\ramti\Desktop\ramtin legion pc\article_project\data\raw\pdraw_wave\test\healthy\V55HO10.png,0,0.215053,0
pdraw_wave,mobilenet_v3_large,perspective,3,C:\Users\ramti\Desktop\ramtin legion pc\article_project\data\raw\pdraw_wave\test\healthy\V55HO11.png,0,0.528408,0
pdraw_wave,mobilenet_v3_large,perspective,3,C:\Users\ramti\Desktop\ramtin legion pc\article_project\data\raw\pdraw_wave\test\parkinson\V01PO01.png,1,0.356106,0
pdraw_wave,mobilenet_v3_large,perspective,3,C:\Users\ramti\Desktop\ramtin legion pc\article_project\data\raw\pdraw_wave\test\parkinson\V02PO01.png,1,0.848546,1
pdraw_wave,mobilenet_v3_large,perspective,3,C:\Users\ramti\Desktop\ramtin legion pc\article_project\data\raw\pdraw_wave\test\parkinson\V03PO01.png,1,0.940965,1
pdraw_wave,mobilenet_v3_large,perspective,3,C:\Users\ramti\Desktop\ramtin legion pc\article_project\data\raw\pdraw_wave\test\parkinson\V03PO04.png,1,0.870021,1
pdraw_wave,mobilenet_v3_large,perspective,3,C:\Users\ramti\Desktop\ramtin legion pc\article_project\data\raw\pdraw_wave\test\parkinson\V03PO07.png,1,0.885268,1
pdraw_wave,mobilenet_v3_large,perspective,3,C:\Users\ramti\Desktop\ramtin legion pc\article_project\data\raw\pdraw_wave\test\parkinson\V04PO01.png,1,0.856589,1
pdraw_wave,mobilenet_v3_large,perspective,3,C:\Users\ramti\Desktop\ramtin legion pc\article_project\data\raw\pdraw_wave\test\parkinson\V05PO01.png,1,0.860730,1
pdraw_wave,mobilenet_v3_large,perspective,3,C:\Users\ramti\Desktop\ramtin legion pc\article_project\data\raw\pdraw_wave\test\parkinson\V06PO01.png,1,0.817397,1
pdraw_wave,mobilenet_v3_large,perspective,3,C:\Users\ramti\Desktop\ramtin legion pc\article_project\data\raw\pdraw_wave\test\parkinson\V07PO01.png,1,0.854264,1
pdraw_wave,mobilenet_v3_large,perspective,3,C:\Users\ramti\Desktop\ramtin legion pc\article_project\data\raw\pdraw_wave\test\parkinson\V08PO01.png,1,0.150405,0
pdraw_wave,mobilenet_v3_large,perspective,3,C:\Users\ramti\Desktop\ramtin legion pc\article_project\data\raw\pdraw_wave\test\parkinson\V09PO01.png,1,0.888206,1
pdraw_wave,mobilenet_v3_large,perspective,3,C:\Users\ramti\Desktop\ramtin legion pc\article_project\data\raw\pdraw_wave\test\parkinson\V10PO01.png,1,0.570629,0
pdraw_wave,mobilenet_v3_large,perspective,3,C:\Users\ramti\Desktop\ramtin legion pc\article_project\data\raw\pdraw_wave\test\parkinson\V11PO01.png,1,0.418664,0
pdraw_wave,mobilenet_v3_large,perspective,3,C:\Users\ramti\Desktop\ramtin legion pc\article_project\data\raw\pdraw_wave\test\parkinson\V14PO01.png,1,0.917724,1
pdraw_wave,mobilenet_v3_large,perspective,3,C:\Users\ramti\Desktop\ramtin legion pc\article_project\data\raw\pdraw_wave\test\parkinson\V14PO03.png,1,0.915472,1
pdraw_wave,mobilenet_v3_large,perspective,4,C:\Users\ramti\Desktop\ramtin legion pc\article_project\data\raw\pdraw_wave\test\healthy\V01HO01.png,0,0.334867,0
pdraw_wave,mobilenet_v3_large,perspective,4,C:\Users\ramti\Desktop\ramtin legion pc\article_project\data\raw\pdraw_wave\test\healthy\V02HO01.png,0,0.089813,0
pdraw_wave,mobilenet_v3_large,perspective,4,C:\Users\ramti\Desktop\ramtin legion pc\article_project\data\raw\pdraw_wave\test\healthy\V03HO01.png,0,0.290371,0
pdraw_wave,mobilenet_v3_large,perspective,4,C:\Users\ramti\Desktop\ramtin legion pc\article_project\data\raw\pdraw_wave\test\healthy\V04HO01.png,0,0.257168,0
pdraw_wave,mobilenet_v3_large,perspective,4,C:\Users\ramti\Desktop\ramtin legion pc\article_project\data\raw\pdraw_wave\test\healthy\V05HO01.png,0,0.385174,0
pdraw_wave,mobilenet_v3_large,perspective,4,C:\Users\ramti\Desktop\ramtin legion pc\article_project\data\raw\pdraw_wave\test\healthy\V06HO01.png,0,0.168770,0
pdraw_wave,mobilenet_v3_large,perspective,4,C:\Users\ramti\Desktop\ramtin legion pc\article_project\data\raw\pdraw_wave\test\healthy\V07HO01.png,0,0.104364,0
pdraw_wave,mobilenet_v3_large,perspective,4,C:\Users\ramti\Desktop\ramtin legion pc\article_project\data\raw\pdraw_wave\test\healthy\V08HO01.png,0,0.161273,0
pdraw_wave,mobilenet_v3_large,perspective,4,C:\Users\ramti\Desktop\ramtin legion pc\article_project\data\raw\pdraw_wave\test\healthy\V09HO01.png,0,0.195754,0
pdraw_wave,mobilenet_v3_large,perspective,4,C:\Users\ramti\Desktop\ramtin legion pc\article_project\data\raw\pdraw_wave\test\healthy\V10HO01.png,0,0.250565,0
pdraw_wave,mobilenet_v3_large,perspective,4,C:\Users\ramti\Desktop\ramtin legion pc\article_project\data\raw\pdraw_wave\test\healthy\V11HO01.png,0,0.075494,0
pdraw_wave,mobilenet_v3_large,perspective,4,C:\Users\ramti\Desktop\ramtin legion pc\article_project\data\raw\pdraw_wave\test\healthy\V55HO08.png,0,0.177632,0
pdraw_wave,mobilenet_v3_large,perspective,4,C:\Users\ramti\Desktop\ramtin legion pc\article_project\data\raw\pdraw_wave\test\healthy\V55HO09.png,0,0.390188,0
pdraw_wave,mobilenet_v3_large,perspective,4,C:\Users\ramti\Desktop\ramtin legion pc\article_project\data\raw\pdraw_wave\test\healthy\V55HO10.png,0,0.208087,0
pdraw_wave,mobilenet_v3_large,perspective,4,C:\Users\ramti\Desktop\ramtin legion pc\article_project\data\raw\pdraw_wave\test\healthy\V55HO11.png,0,0.568900,0
pdraw_wave,mobilenet_v3_large,perspective,4,C:\Users\ramti\Desktop\ramtin legion pc\article_project\data\raw\pdraw_wave\test\parkinson\V01PO01.png,1,0.315019,0
pdraw_wave,mobilenet_v3_large,perspective,4,C:\Users\ramti\Desktop\ramtin legion pc\article_project\data\raw\pdraw_wave\test\parkinson\V02PO01.png,1,0.828592,1
pdraw_wave,mobilenet_v3_large,perspective,4,C:\Users\ramti\Desktop\ramtin legion pc\article_project\data\raw\pdraw_wave\test\parkinson\V03PO01.png,1,0.902775,1
pdraw_wave,mobilenet_v3_large,perspective,4,C:\Users\ramti\Desktop\ramtin legion pc\article_project\data\raw\pdraw_wave\test\parkinson\V03PO04.png,1,0.885657,1
pdraw_wave,mobilenet_v3_large,perspective,4,C:\Users\ramti\Desktop\ramtin legion pc\article_project\data\raw\pdraw_wave\test\parkinson\V03PO07.png,1,0.830906,1
pdraw_wave,mobilenet_v3_large,perspective,4,C:\Users\ramti\Desktop\ramtin legion pc\article_project\data\raw\pdraw_wave\test\parkinson\V04PO01.png,1,0.819305,1
pdraw_wave,mobilenet_v3_large,perspective,4,C:\Users\ramti\Desktop\ramtin legion pc\article_project\data\raw\pdraw_wave\test\parkinson\V05PO01.png,1,0.813299,1
pdraw_wave,mobilenet_v3_large,perspective,4,C:\Users\ramti\Desktop\ramtin legion pc\article_project\data\raw\pdraw_wave\test\parkinson\V06PO01.png,1,0.778797,1
pdraw_wave,mobilenet_v3_large,perspective,4,C:\Users\ramti\Desktop\ramtin legion pc\article_project\data\raw\pdraw_wave\test\parkinson\V07PO01.png,1,0.780627,1
pdraw_wave,mobilenet_v3_large,perspective,4,C:\Users\ramti\Desktop\ramtin legion pc\article_project\data\raw\pdraw_wave\test\parkinson\V08PO01.png,1,0.137342,0
pdraw_wave,mobilenet_v3_large,perspective,4,C:\Users\ramti\Desktop\ramtin legion pc\article_project\data\raw\pdraw_wave\test\parkinson\V09PO01.png,1,0.852140,1
pdraw_wave,mobilenet_v3_large,perspective,4,C:\Users\ramti\Desktop\ramtin legion pc\article_project\data\raw\pdraw_wave\test\parkinson\V10PO01.png,1,0.523279,0
pdraw_wave,mobilenet_v3_large,perspective,4,C:\Users\ramti\Desktop\ramtin legion pc\article_project\data\raw\pdraw_wave\test\parkinson\V11PO01.png,1,0.433934,0
pdraw_wave,mobilenet_v3_large,perspective,4,C:\Users\ramti\Desktop\ramtin legion pc\article_project\data\raw\pdraw_wave\test\parkinson\V14PO01.png,1,0.925702,1
pdraw_wave,mobilenet_v3_large,perspective,4,C:\Users\ramti\Desktop\ramtin legion pc\article_project\data\raw\pdraw_wave\test\parkinson\V14PO03.png,1,0.889864,1
pdraw_wave,mobilenet_v3_large,perspective,5,C:\Users\ramti\Desktop\ramtin legion pc\article_project\data\raw\pdraw_wave\test\healthy\V01HO01.png,0,0.386382,0
pdraw_wave,mobilenet_v3_large,perspective,5,C:\Users\ramti\Desktop\ramtin legion pc\article_project\data\raw\pdraw_wave\test\healthy\V02HO01.png,0,0.117380,0
pdraw_wave,mobilenet_v3_large,perspective,5,C:\Users\ramti\Desktop\ramtin legion pc\article_project\data\raw\pdraw_wave\test\healthy\V03HO01.png,0,0.269106,0
pdraw_wave,mobilenet_v3_large,perspective,5,C:\Users\ramti\Desktop\ramtin legion pc\article_project\data\raw\pdraw_wave\test\healthy\V04HO01.png,0,0.273507,0
pdraw_wave,mobilenet_v3_large,perspective,5,C:\Users\ramti\Desktop\ramtin legion pc\article_project\data\raw\pdraw_wave\test\healthy\V05HO01.png,0,0.326005,0
pdraw_wave,mobilenet_v3_large,perspective,5,C:\Users\ramti\Desktop\ramtin legion pc\article_project\data\raw\pdraw_wave\test\healthy\V06HO01.png,0,0.143318,0
pdraw_wave,mobilenet_v3_large,perspective,5,C:\Users\ramti\Desktop\ramtin legion pc\article_project\data\raw\pdraw_wave\test\healthy\V07HO01.png,0,0.110129,0
pdraw_wave,mobilenet_v3_large,perspective,5,C:\Users\ramti\Desktop\ramtin legion pc\article_project\data\raw\pdraw_wave\test\healthy\V08HO01.png,0,0.120769,0
pdraw_wave,mobilenet_v3_large,perspective,5,C:\Users\ramti\Desktop\ramtin legion pc\article_project\data\raw\pdraw_wave\test\healthy\V09HO01.png,0,0.235604,0
pdraw_wave,mobilenet_v3_large,perspective,5,C:\Users\ramti\Desktop\ramtin legion pc\article_project\data\raw\pdraw_wave\test\healthy\V10HO01.png,0,0.178972,0
pdraw_wave,mobilenet_v3_large,perspective,5,C:\Users\ramti\Desktop\ramtin legion pc\article_project\data\raw\pdraw_wave\test\healthy\V11HO01.png,0,0.070405,0
pdraw_wave,mobilenet_v3_large,perspective,5,C:\Users\ramti\Desktop\ramtin legion pc\article_project\data\raw\pdraw_wave\test\healthy\V55HO08.png,0,0.173288,0
pdraw_wave,mobilenet_v3_large,perspective,5,C:\Users\ramti\Desktop\ramtin legion pc\article_project\data\raw\pdraw_wave\test\healthy\V55HO09.png,0,0.349117,0
pdraw_wave,mobilenet_v3_large,perspective,5,C:\Users\ramti\Desktop\ramtin legion pc\article_project\data\raw\pdraw_wave\test\healthy\V55HO10.png,0,0.202448,0
pdraw_wave,mobilenet_v3_large,perspective,5,C:\Users\ramti\Desktop\ramtin legion pc\article_project\data\raw\pdraw_wave\test\healthy\V55HO11.png,0,0.477338,0
pdraw_wave,mobilenet_v3_large,perspective,5,C:\Users\ramti\Desktop\ramtin legion pc\article_project\data\raw\pdraw_wave\test\parkinson\V01PO01.png,1,0.276974,0
pdraw_wave,mobilenet_v3_large,perspective,5,C:\Users\ramti\Desktop\ramtin legion pc\article_project\data\raw\pdraw_wave\test\parkinson\V02PO01.png,1,0.873912,1
pdraw_wave,mobilenet_v3_large,perspective,5,C:\Users\ramti\Desktop\ramtin legion pc\article_project\data\raw\pdraw_wave\test\parkinson\V03PO01.png,1,0.907202,1
pdraw_wave,mobilenet_v3_large,perspective,5,C:\Users\ramti\Desktop\ramtin legion pc\article_project\data\raw\pdraw_wave\test\parkinson\V03PO04.png,1,0.903059,1
pdraw_wave,mobilenet_v3_large,perspective,5,C:\Users\ramti\Desktop\ramtin legion pc\article_project\data\raw\pdraw_wave\test\parkinson\V03PO07.png,1,0.795435,1
pdraw_wave,mobilenet_v3_large,perspective,5,C:\Users\ramti\Desktop\ramtin legion pc\article_project\data\raw\pdraw_wave\test\parkinson\V04PO01.png,1,0.760264,1
pdraw_wave,mobilenet_v3_large,perspective,5,C:\Users\ramti\Desktop\ramtin legion pc\article_project\data\raw\pdraw_wave\test\parkinson\V05PO01.png,1,0.789685,1
pdraw_wave,mobilenet_v3_large,perspective,5,C:\Users\ramti\Desktop\ramtin legion pc\article_project\data\raw\pdraw_wave\test\parkinson\V06PO01.png,1,0.780520,1
pdraw_wave,mobilenet_v3_large,perspective,5,C:\Users\ramti\Desktop\ramtin legion pc\article_project\data\raw\pdraw_wave\test\parkinson\V07PO01.png,1,0.731132,1
pdraw_wave,mobilenet_v3_large,perspective,5,C:\Users\ramti\Desktop\ramtin legion pc\article_project\data\raw\pdraw_wave\test\parkinson\V08PO01.png,1,0.119855,0
pdraw_wave,mobilenet_v3_large,perspective,5,C:\Users\ramti\Desktop\ramtin legion pc\article_project\data\raw\pdraw_wave\test\parkinson\V09PO01.png,1,0.817453,1
pdraw_wave,mobilenet_v3_large,perspective,5,C:\Users\ramti\Desktop\ramtin legion pc\article_project\data\raw\pdraw_wave\test\parkinson\V10PO01.png,1,0.615256,0
pdraw_wave,mobilenet_v3_large,perspective,5,C:\Users\ramti\Desktop\ramtin legion pc\article_project\data\raw\pdraw_wave\test\parkinson\V11PO01.png,1,0.431240,0
pdraw_wave,mobilenet_v3_large,perspective,5,C:\Users\ramti\Desktop\ramtin legion pc\article_project\data\raw\pdraw_wave\test\parkinson\V14PO01.png,1,0.906156,1
pdraw_wave,mobilenet_v3_large,perspective,5,C:\Users\ramti\Desktop\ramtin legion pc\article_project\data\raw\pdraw_wave\test\parkinson\V14PO03.png,1,0.835926,1
pdraw_wave,mobilenet_v3_large,rotation,1,C:\Users\ramti\Desktop\ramtin legion pc\article_project\data\raw\pdraw_wave\test\healthy\V01HO01.png,0,0.233753,0
pdraw_wave,mobilenet_v3_large,rotation,1,C:\Users\ramti\Desktop\ramtin legion pc\article_project\data\raw\pdraw_wave\test\healthy\V02HO01.png,0,0.059131,0
pdraw_wave,mobilenet_v3_large,rotation,1,C:\Users\ramti\Desktop\ramtin legion pc\article_project\data\raw\pdraw_wave\test\healthy\V03HO01.png,0,0.153091,0
pdraw_wave,mobilenet_v3_large,rotation,1,C:\Users\ramti\Desktop\ramtin legion pc\article_project\data\raw\pdraw_wave\test\healthy\V04HO01.png,0,0.113647,0
pdraw_wave,mobilenet_v3_large,rotation,1,C:\Users\ramti\Desktop\ramtin legion pc\article_project\data\raw\pdraw_wave\test\healthy\V05HO01.png,0,0.179906,0
pdraw_wave,mobilenet_v3_large,rotation,1,C:\Users\ramti\Desktop\ramtin legion pc\article_project\data\raw\pdraw_wave\test\healthy\V06HO01.png,0,0.186557,0
pdraw_wave,mobilenet_v3_large,rotation,1,C:\Users\ramti\Desktop\ramtin legion pc\article_project\data\raw\pdraw_wave\test\healthy\V07HO01.png,0,0.088111,0
pdraw_wave,mobilenet_v3_large,rotation,1,C:\Users\ramti\Desktop\ramtin legion pc\article_project\data\raw\pdraw_wave\test\healthy\V08HO01.png,0,0.115622,0
pdraw_wave,mobilenet_v3_large,rotation,1,C:\Users\ramti\Desktop\ramtin legion pc\article_project\data\raw\pdraw_wave\test\healthy\V09HO01.png,0,0.087054,0
pdraw_wave,mobilenet_v3_large,rotation,1,C:\Users\ramti\Desktop\ramtin legion pc\article_project\data\raw\pdraw_wave\test\healthy\V10HO01.png,0,0.131169,0
pdraw_wave,mobilenet_v3_large,rotation,1,C:\Users\ramti\Desktop\ramtin legion pc\article_project\data\raw\pdraw_wave\test\healthy\V11HO01.png,0,0.072699,0
pdraw_wave,mobilenet_v3_large,rotation,1,C:\Users\ramti\Desktop\ramtin legion pc\article_project\data\raw\pdraw_wave\test\healthy\V55HO08.png,0,0.092116,0
pdraw_wave,mobilenet_v3_large,rotation,1,C:\Users\ramti\Desktop\ramtin legion pc\article_project\data\raw\pdraw_wave\test\healthy\V55HO09.png,0,0.139777,0
pdraw_wave,mobilenet_v3_large,rotation,1,C:\Users\ramti\Desktop\ramtin legion pc\article_project\data\raw\pdraw_wave\test\healthy\V55HO10.png,0,0.075746,0
pdraw_wave,mobilenet_v3_large,rotation,1,C:\Users\ramti\Desktop\ramtin legion pc\article_project\data\raw\pdraw_wave\test\healthy\V55HO11.png,0,0.153452,0
pdraw_wave,mobilenet_v3_large,rotation,1,C:\Users\ramti\Desktop\ramtin legion pc\article_project\data\raw\pdraw_wave\test\parkinson\V01PO01.png,1,0.150408,0
pdraw_wave,mobilenet_v3_large,rotation,1,C:\Users\ramti\Desktop\ramtin legion pc\article_project\data\raw\pdraw_wave\test\parkinson\V02PO01.png,1,0.578865,0
pdraw_wave,mobilenet_v3_large,rotation,1,C:\Users\ramti\Desktop\ramtin legion pc\article_project\data\raw\pdraw_wave\test\parkinson\V03PO01.png,1,0.792484,1
pdraw_wave,mobilenet_v3_large,rotation,1,C:\Users\ramti\Desktop\ramtin legion pc\article_project\data\raw\pdraw_wave\test\parkinson\V03PO04.png,1,0.861166,1
pdraw_wave,mobilenet_v3_large,rotation,1,C:\Users\ramti\Desktop\ramtin legion pc\article_project\data\raw\pdraw_wave\test\parkinson\V03PO07.png,1,0.538305,0
pdraw_wave,mobilenet_v3_large,rotation,1,C:\Users\ramti\Desktop\ramtin legion pc\article_project\data\raw\pdraw_wave\test\parkinson\V04PO01.png,1,0.840953,1
pdraw_wave,mobilenet_v3_large,rotation,1,C:\Users\ramti\Desktop\ramtin legion pc\article_project\data\raw\pdraw_wave\test\parkinson\V05PO01.png,1,0.675763,1
pdraw_wave,mobilenet_v3_large,rotation,1,C:\Users\ramti\Desktop\ramtin legion pc\article_project\data\raw\pdraw_wave\test\parkinson\V06PO01.png,1,0.565639,0
pdraw_wave,mobilenet_v3_large,rotation,1,C:\Users\ramti\Desktop\ramtin legion pc\article_project\data\raw\pdraw_wave\test\parkinson\V07PO01.png,1,0.808601,1
pdraw_wave,mobilenet_v3_large,rotation,1,C:\Users\ramti\Desktop\ramtin legion pc\article_project\data\raw\pdraw_wave\test\parkinson\V08PO01.png,1,0.061991,0
pdraw_wave,mobilenet_v3_large,rotation,1,C:\Users\ramti\Desktop\ramtin legion pc\article_project\data\raw\pdraw_wave\test\parkinson\V09PO01.png,1,0.908212,1
pdraw_wave,mobilenet_v3_large,rotation,1,C:\Users\ramti\Desktop\ramtin legion pc\article_project\data\raw\pdraw_wave\test\parkinson\V10PO01.png,1,0.298336,0
pdraw_wave,mobilenet_v3_large,rotation,1,C:\Users\ramti\Desktop\ramtin legion pc\article_project\data\raw\pdraw_wave\test\parkinson\V11PO01.png,1,0.241921,0
pdraw_wave,mobilenet_v3_large,rotation,1,C:\Users\ramti\Desktop\ramtin legion pc\article_project\data\raw\pdraw_wave\test\parkinson\V14PO01.png,1,0.593454,0
pdraw_wave,mobilenet_v3_large,rotation,1,C:\Users\ramti\Desktop\ramtin legion pc\article_project\data\raw\pdraw_wave\test\parkinson\V14PO03.png,1,0.599868,0
pdraw_wave,mobilenet_v3_large,rotation,2,C:\Users\ramti\Desktop\ramtin legion pc\article_project\data\raw\pdraw_wave\test\healthy\V01HO01.png,0,0.110788,0
pdraw_wave,mobilenet_v3_large,rotation,2,C:\Users\ramti\Desktop\ramtin legion pc\article_project\data\raw\pdraw_wave\test\healthy\V02HO01.png,0,0.059928,0
pdraw_wave,mobilenet_v3_large,rotation,2,C:\Users\ramti\Desktop\ramtin legion pc\article_project\data\raw\pdraw_wave\test\healthy\V03HO01.png,0,0.116112,0
pdraw_wave,mobilenet_v3_large,rotation,2,C:\Users\ramti\Desktop\ramtin legion pc\article_project\data\raw\pdraw_wave\test\healthy\V04HO01.png,0,0.104123,0
pdraw_wave,mobilenet_v3_large,rotation,2,C:\Users\ramti\Desktop\ramtin legion pc\article_project\data\raw\pdraw_wave\test\healthy\V05HO01.png,0,0.141223,0
pdraw_wave,mobilenet_v3_large,rotation,2,C:\Users\ramti\Desktop\ramtin legion pc\article_project\data\raw\pdraw_wave\test\healthy\V06HO01.png,0,0.082696,0
pdraw_wave,mobilenet_v3_large,rotation,2,C:\Users\ramti\Desktop\ramtin legion pc\article_project\data\raw\pdraw_wave\test\healthy\V07HO01.png,0,0.081815,0
pdraw_wave,mobilenet_v3_large,rotation,2,C:\Users\ramti\Desktop\ramtin legion pc\article_project\data\raw\pdraw_wave\test\healthy\V08HO01.png,0,0.051373,0
pdraw_wave,mobilenet_v3_large,rotation,2,C:\Users\ramti\Desktop\ramtin legion pc\article_project\data\raw\pdraw_wave\test\healthy\V09HO01.png,0,0.085020,0
pdraw_wave,mobilenet_v3_large,rotation,2,C:\Users\ramti\Desktop\ramtin legion pc\article_project\data\raw\pdraw_wave\test\healthy\V10HO01.png,0,0.087014,0
pdraw_wave,mobilenet_v3_large,rotation,2,C:\Users\ramti\Desktop\ramtin legion pc\article_project\data\raw\pdraw_wave\test\healthy\V11HO01.png,0,0.094086,0
pdraw_wave,mobilenet_v3_large,rotation,2,C:\Users\ramti\Desktop\ramtin legion pc\article_project\data\raw\pdraw_wave\test\healthy\V55HO08.png,0,0.098378,0
pdraw_wave,mobilenet_v3_large,rotation,2,C:\Users\ramti\Desktop\ramtin legion pc\article_project\data\raw\pdraw_wave\test\healthy\V55HO09.png,0,0.107343,0
pdraw_wave,mobilenet_v3_large,rotation,2,C:\Users\ramti\Desktop\ramtin legion pc\article_project\data\raw\pdraw_wave\test\healthy\V55HO10.png,0,0.073601,0
pdraw_wave,mobilenet_v3_large,rotation,2,C:\Users\ramti\Desktop\ramtin legion pc\article_project\data\raw\pdraw_wave\test\healthy\V55HO11.png,0,0.149020,0
pdraw_wave,mobilenet_v3_large,rotation,2,C:\Users\ramti\Desktop\ramtin legion pc\article_project\data\raw\pdraw_wave\test\parkinson\V01PO01.png,1,0.115397,0
pdraw_wave,mobilenet_v3_large,rotation,2,C:\Users\ramti\Desktop\ramtin legion pc\article_project\data\raw\pdraw_wave\test\parkinson\V02PO01.png,1,0.224832,0
pdraw_wave,mobilenet_v3_large,rotation,2,C:\Users\ramti\Desktop\ramtin legion pc\article_project\data\raw\pdraw_wave\test\parkinson\V03PO01.png,1,0.219092,0
pdraw_wave,mobilenet_v3_large,rotation,2,C:\Users\ramti\Desktop\ramtin legion pc\article_project\data\raw\pdraw_wave\test\parkinson\V03PO04.png,1,0.313566,0
pdraw_wave,mobilenet_v3_large,rotation,2,C:\Users\ramti\Desktop\ramtin legion pc\article_project\data\raw\pdraw_wave\test\parkinson\V03PO07.png,1,0.198054,0
pdraw_wave,mobilenet_v3_large,rotation,2,C:\Users\ramti\Desktop\ramtin legion pc\article_project\data\raw\pdraw_wave\test\parkinson\V04PO01.png,1,0.283692,0
pdraw_wave,mobilenet_v3_large,rotation,2,C:\Users\ramti\Desktop\ramtin legion pc\article_project\data\raw\pdraw_wave\test\parkinson\V05PO01.png,1,0.438475,0
pdraw_wave,mobilenet_v3_large,rotation,2,C:\Users\ramti\Desktop\ramtin legion pc\article_project\data\raw\pdraw_wave\test\parkinson\V06PO01.png,1,0.180436,0
pdraw_wave,mobilenet_v3_large,rotation,2,C:\Users\ramti\Desktop\ramtin legion pc\article_project\data\raw\pdraw_wave\test\parkinson\V07PO01.png,1,0.320515,0
pdraw_wave,mobilenet_v3_large,rotation,2,C:\Users\ramti\Desktop\ramtin legion pc\article_project\data\raw\pdraw_wave\test\parkinson\V08PO01.png,1,0.069385,0
pdraw_wave,mobilenet_v3_large,rotation,2,C:\Users\ramti\Desktop\ramtin legion pc\article_project\data\raw\pdraw_wave\test\parkinson\V09PO01.png,1,0.318608,0
pdraw_wave,mobilenet_v3_large,rotation,2,C:\Users\ramti\Desktop\ramtin legion pc\article_project\data\raw\pdraw_wave\test\parkinson\V10PO01.png,1,0.162907,0
pdraw_wave,mobilenet_v3_large,rotation,2,C:\Users\ramti\Desktop\ramtin legion pc\article_project\data\raw\pdraw_wave\test\parkinson\V11PO01.png,1,0.121768,0
pdraw_wave,mobilenet_v3_large,rotation,2,C:\Users\ramti\Desktop\ramtin legion pc\article_project\data\raw\pdraw_wave\test\parkinson\V14PO01.png,1,0.385163,0
pdraw_wave,mobilenet_v3_large,rotation,2,C:\Users\ramti\Desktop\ramtin legion pc\article_project\data\raw\pdraw_wave\test\parkinson\V14PO03.png,1,0.300509,0
pdraw_wave,mobilenet_v3_large,rotation,3,C:\Users\ramti\Desktop\ramtin legion pc\article_project\data\raw\pdraw_wave\test\healthy\V01HO01.png,0,0.106130,0
pdraw_wave,mobilenet_v3_large,rotation,3,C:\Users\ramti\Desktop\ramtin legion pc\article_project\data\raw\pdraw_wave\test\healthy\V02HO01.png,0,0.075833,0
pdraw_wave,mobilenet_v3_large,rotation,3,C:\Users\ramti\Desktop\ramtin legion pc\article_project\data\raw\pdraw_wave\test\healthy\V03HO01.png,0,0.132826,0
pdraw_wave,mobilenet_v3_large,rotation,3,C:\Users\ramti\Desktop\ramtin legion pc\article_project\data\raw\pdraw_wave\test\healthy\V04HO01.png,0,0.112640,0
pdraw_wave,mobilenet_v3_large,rotation,3,C:\Users\ramti\Desktop\ramtin legion pc\article_project\data\raw\pdraw_wave\test\healthy\V05HO01.png,0,0.109918,0
pdraw_wave,mobilenet_v3_large,rotation,3,C:\Users\ramti\Desktop\ramtin legion pc\article_project\data\raw\pdraw_wave\test\healthy\V06HO01.png,0,0.118466,0
pdraw_wave,mobilenet_v3_large,rotation,3,C:\Users\ramti\Desktop\ramtin legion pc\article_project\data\raw\pdraw_wave\test\healthy\V07HO01.png,0,0.105739,0
pdraw_wave,mobilenet_v3_large,rotation,3,C:\Users\ramti\Desktop\ramtin legion pc\article_project\data\raw\pdraw_wave\test\healthy\V08HO01.png,0,0.063550,0
pdraw_wave,mobilenet_v3_large,rotation,3,C:\Users\ramti\Desktop\ramtin legion pc\article_project\data\raw\pdraw_wave\test\healthy\V09HO01.png,0,0.082603,0
pdraw_wave,mobilenet_v3_large,rotation,3,C:\Users\ramti\Desktop\ramtin legion pc\article_project\data\raw\pdraw_wave\test\healthy\V10HO01.png,0,0.096644,0
pdraw_wave,mobilenet_v3_large,rotation,3,C:\Users\ramti\Desktop\ramtin legion pc\article_project\data\raw\pdraw_wave\test\healthy\V11HO01.png,0,0.089847,0
pdraw_wave,mobilenet_v3_large,rotation,3,C:\Users\ramti\Desktop\ramtin legion pc\article_project\data\raw\pdraw_wave\test\healthy\V55HO08.png,0,0.097621,0
pdraw_wave,mobilenet_v3_large,rotation,3,C:\Users\ramti\Desktop\ramtin legion pc\article_project\data\raw\pdraw_wave\test\healthy\V55HO09.png,0,0.161691,0
pdraw_wave,mobilenet_v3_large,rotation,3,C:\Users\ramti\Desktop\ramtin legion pc\article_project\data\raw\pdraw_wave\test\healthy\V55HO10.png,0,0.080678,0
pdraw_wave,mobilenet_v3_large,rotation,3,C:\Users\ramti\Desktop\ramtin legion pc\article_project\data\raw\pdraw_wave\test\healthy\V55HO11.png,0,0.086056,0
pdraw_wave,mobilenet_v3_large,rotation,3,C:\Users\ramti\Desktop\ramtin legion pc\article_project\data\raw\pdraw_wave\test\parkinson\V01PO01.png,1,0.123672,0
pdraw_wave,mobilenet_v3_large,rotation,3,C:\Users\ramti\Desktop\ramtin legion pc\article_project\data\raw\pdraw_wave\test\parkinson\V02PO01.png,1,0.487929,0
pdraw_wave,mobilenet_v3_large,rotation,3,C:\Users\ramti\Desktop\ramtin legion pc\article_project\data\raw\pdraw_wave\test\parkinson\V03PO01.png,1,0.266673,0
pdraw_wave,mobilenet_v3_large,rotation,3,C:\Users\ramti\Desktop\ramtin legion pc\article_project\data\raw\pdraw_wave\test\parkinson\V03PO04.png,1,0.291060,0
pdraw_wave,mobilenet_v3_large,rotation,3,C:\Users\ramti\Desktop\ramtin legion pc\article_project\data\raw\pdraw_wave\test\parkinson\V03PO07.png,1,0.216545,0
pdraw_wave,mobilenet_v3_large,rotation,3,C:\Users\ramti\Desktop\ramtin legion pc\article_project\data\raw\pdraw_wave\test\parkinson\V04PO01.png,1,0.412188,0
pdraw_wave,mobilenet_v3_large,rotation,3,C:\Users\ramti\Desktop\ramtin legion pc\article_project\data\raw\pdraw_wave\test\parkinson\V05PO01.png,1,0.415730,0
pdraw_wave,mobilenet_v3_large,rotation,3,C:\Users\ramti\Desktop\ramtin legion pc\article_project\data\raw\pdraw_wave\test\parkinson\V06PO01.png,1,0.191658,0
pdraw_wave,mobilenet_v3_large,rotation,3,C:\Users\ramti\Desktop\ramtin legion pc\article_project\data\raw\pdraw_wave\test\parkinson\V07PO01.png,1,0.296021,0
pdraw_wave,mobilenet_v3_large,rotation,3,C:\Users\ramti\Desktop\ramtin legion pc\article_project\data\raw\pdraw_wave\test\parkinson\V08PO01.png,1,0.072520,0
pdraw_wave,mobilenet_v3_large,rotation,3,C:\Users\ramti\Desktop\ramtin legion pc\article_project\data\raw\pdraw_wave\test\parkinson\V09PO01.png,1,0.710722,1
pdraw_wave,mobilenet_v3_large,rotation,3,C:\Users\ramti\Desktop\ramtin legion pc\article_project\data\raw\pdraw_wave\test\parkinson\V10PO01.png,1,0.139658,0
pdraw_wave,mobilenet_v3_large,rotation,3,C:\Users\ramti\Desktop\ramtin legion pc\article_project\data\raw\pdraw_wave\test\parkinson\V11PO01.png,1,0.149340,0
pdraw_wave,mobilenet_v3_large,rotation,3,C:\Users\ramti\Desktop\ramtin legion pc\article_project\data\raw\pdraw_wave\test\parkinson\V14PO01.png,1,0.321273,0
pdraw_wave,mobilenet_v3_large,rotation,3,C:\Users\ramti\Desktop\ramtin legion pc\article_project\data\raw\pdraw_wave\test\parkinson\V14PO03.png,1,0.371670,0
pdraw_wave,mobilenet_v3_large,rotation,4,C:\Users\ramti\Desktop\ramtin legion pc\article_project\data\raw\pdraw_wave\test\healthy\V01HO01.png,0,0.094506,0
pdraw_wave,mobilenet_v3_large,rotation,4,C:\Users\ramti\Desktop\ramtin legion pc\article_project\data\raw\pdraw_wave\test\healthy\V02HO01.png,0,0.102300,0
pdraw_wave,mobilenet_v3_large,rotation,4,C:\Users\ramti\Desktop\ramtin legion pc\article_project\data\raw\pdraw_wave\test\healthy\V03HO01.png,0,0.127089,0
pdraw_wave,mobilenet_v3_large,rotation,4,C:\Users\ramti\Desktop\ramtin legion pc\article_project\data\raw\pdraw_wave\test\healthy\V04HO01.png,0,0.097106,0
pdraw_wave,mobilenet_v3_large,rotation,4,C:\Users\ramti\Desktop\ramtin legion pc\article_project\data\raw\pdraw_wave\test\healthy\V05HO01.png,0,0.146020,0
pdraw_wave,mobilenet_v3_large,rotation,4,C:\Users\ramti\Desktop\ramtin legion pc\article_project\data\raw\pdraw_wave\test\healthy\V06HO01.png,0,0.073085,0
pdraw_wave,mobilenet_v3_large,rotation,4,C:\Users\ramti\Desktop\ramtin legion pc\article_project\data\raw\pdraw_wave\test\healthy\V07HO01.png,0,0.083269,0
pdraw_wave,mobilenet_v3_large,rotation,4,C:\Users\ramti\Desktop\ramtin legion pc\article_project\data\raw\pdraw_wave\test\healthy\V08HO01.png,0,0.057876,0
pdraw_wave,mobilenet_v3_large,rotation,4,C:\Users\ramti\Desktop\ramtin legion pc\article_project\data\raw\pdraw_wave\test\healthy\V09HO01.png,0,0.091324,0
pdraw_wave,mobilenet_v3_large,rotation,4,C:\Users\ramti\Desktop\ramtin legion pc\article_project\data\raw\pdraw_wave\test\healthy\V10HO01.png,0,0.094909,0
pdraw_wave,mobilenet_v3_large,rotation,4,C:\Users\ramti\Desktop\ramtin legion pc\article_project\data\raw\pdraw_wave\test\healthy\V11HO01.png,0,0.108243,0
pdraw_wave,mobilenet_v3_large,rotation,4,C:\Users\ramti\Desktop\ramtin legion pc\article_project\data\raw\pdraw_wave\test\healthy\V55HO08.png,0,0.119034,0
pdraw_wave,mobilenet_v3_large,rotation,4,C:\Users\ramti\Desktop\ramtin legion pc\article_project\data\raw\pdraw_wave\test\healthy\V55HO09.png,0,0.148316,0
pdraw_wave,mobilenet_v3_large,rotation,4,C:\Users\ramti\Desktop\ramtin legion pc\article_project\data\raw\pdraw_wave\test\healthy\V55HO10.png,0,0.110905,0
pdraw_wave,mobilenet_v3_large,rotation,4,C:\Users\ramti\Desktop\ramtin legion pc\article_project\data\raw\pdraw_wave\test\healthy\V55HO11.png,0,0.111731,0
pdraw_wave,mobilenet_v3_large,rotation,4,C:\Users\ramti\Desktop\ramtin legion pc\article_project\data\raw\pdraw_wave\test\parkinson\V01PO01.png,1,0.133354,0
pdraw_wave,mobilenet_v3_large,rotation,4,C:\Users\ramti\Desktop\ramtin legion pc\article_project\data\raw\pdraw_wave\test\parkinson\V02PO01.png,1,0.159776,0
pdraw_wave,mobilenet_v3_large,rotation,4,C:\Users\ramti\Desktop\ramtin legion pc\article_project\data\raw\pdraw_wave\test\parkinson\V03PO01.png,1,0.160033,0
pdraw_wave,mobilenet_v3_large,rotation,4,C:\Users\ramti\Desktop\ramtin legion pc\article_project\data\raw\pdraw_wave\test\parkinson\V03PO04.png,1,0.255247,0
pdraw_wave,mobilenet_v3_large,rotation,4,C:\Users\ramti\Desktop\ramtin legion pc\article_project\data\raw\pdraw_wave\test\parkinson\V03PO07.png,1,0.159089,0
pdraw_wave,mobilenet_v3_large,rotation,4,C:\Users\ramti\Desktop\ramtin legion pc\article_project\data\raw\pdraw_wave\test\parkinson\V04PO01.png,1,0.244170,0
pdraw_wave,mobilenet_v3_large,rotation,4,C:\Users\ramti\Desktop\ramtin legion pc\article_project\data\raw\pdraw_wave\test\parkinson\V05PO01.png,1,0.367362,0
pdraw_wave,mobilenet_v3_large,rotation,4,C:\Users\ramti\Desktop\ramtin legion pc\article_project\data\raw\pdraw_wave\test\parkinson\V06PO01.png,1,0.127477,0
pdraw_wave,mobilenet_v3_large,rotation,4,C:\Users\ramti\Desktop\ramtin legion pc\article_project\data\raw\pdraw_wave\test\parkinson\V07PO01.png,1,0.343275,0
pdraw_wave,mobilenet_v3_large,rotation,4,C:\Users\ramti\Desktop\ramtin legion pc\article_project\data\raw\pdraw_wave\test\parkinson\V08PO01.png,1,0.069916,0
pdraw_wave,mobilenet_v3_large,rotation,4,C:\Users\ramti\Desktop\ramtin legion pc\article_project\data\raw\pdraw_wave\test\parkinson\V09PO01.png,1,0.264001,0
pdraw_wave,mobilenet_v3_large,rotation,4,C:\Users\ramti\Desktop\ramtin legion pc\article_project\data\raw\pdraw_wave\test\parkinson\V10PO01.png,1,0.131291,0
pdraw_wave,mobilenet_v3_large,rotation,4,C:\Users\ramti\Desktop\ramtin legion pc\article_project\data\raw\pdraw_wave\test\parkinson\V11PO01.png,1,0.110687,0
pdraw_wave,mobilenet_v3_large,rotation,4,C:\Users\ramti\Desktop\ramtin legion pc\article_project\data\raw\pdraw_wave\test\parkinson\V14PO01.png,1,0.304259,0
pdraw_wave,mobilenet_v3_large,rotation,4,C:\Users\ramti\Desktop\ramtin legion pc\article_project\data\raw\pdraw_wave\test\parkinson\V14PO03.png,1,0.354629,0
pdraw_wave,mobilenet_v3_large,rotation,5,C:\Users\ramti\Desktop\ramtin legion pc\article_project\data\raw\pdraw_wave\test\healthy\V01HO01.png,0,0.104765,0
pdraw_wave,mobilenet_v3_large,rotation,5,C:\Users\ramti\Desktop\ramtin legion pc\article_project\data\raw\pdraw_wave\test\healthy\V02HO01.png,0,0.118728,0
pdraw_wave,mobilenet_v3_large,rotation,5,C:\Users\ramti\Desktop\ramtin legion pc\article_project\data\raw\pdraw_wave\test\healthy\V03HO01.png,0,0.154963,0
pdraw_wave,mobilenet_v3_large,rotation,5,C:\Users\ramti\Desktop\ramtin legion pc\article_project\data\raw\pdraw_wave\test\healthy\V04HO01.png,0,0.122730,0
pdraw_wave,mobilenet_v3_large,rotation,5,C:\Users\ramti\Desktop\ramtin legion pc\article_project\data\raw\pdraw_wave\test\healthy\V05HO01.png,0,0.130928,0
pdraw_wave,mobilenet_v3_large,rotation,5,C:\Users\ramti\Desktop\ramtin legion pc\article_project\data\raw\pdraw_wave\test\healthy\V06HO01.png,0,0.141757,0
pdraw_wave,mobilenet_v3_large,rotation,5,C:\Users\ramti\Desktop\ramtin legion pc\article_project\data\raw\pdraw_wave\test\healthy\V07HO01.png,0,0.124266,0
pdraw_wave,mobilenet_v3_large,rotation,5,C:\Users\ramti\Desktop\ramtin legion pc\article_project\data\raw\pdraw_wave\test\healthy\V08HO01.png,0,0.068923,0
pdraw_wave,mobilenet_v3_large,rotation,5,C:\Users\ramti\Desktop\ramtin legion pc\article_project\data\raw\pdraw_wave\test\healthy\V09HO01.png,0,0.087762,0
pdraw_wave,mobilenet_v3_large,rotation,5,C:\Users\ramti\Desktop\ramtin legion pc\article_project\data\raw\pdraw_wave\test\healthy\V10HO01.png,0,0.108618,0
pdraw_wave,mobilenet_v3_large,rotation,5,C:\Users\ramti\Desktop\ramtin legion pc\article_project\data\raw\pdraw_wave\test\healthy\V11HO01.png,0,0.117744,0
pdraw_wave,mobilenet_v3_large,rotation,5,C:\Users\ramti\Desktop\ramtin legion pc\article_project\data\raw\pdraw_wave\test\healthy\V55HO08.png,0,0.107262,0
pdraw_wave,mobilenet_v3_large,rotation,5,C:\Users\ramti\Desktop\ramtin legion pc\article_project\data\raw\pdraw_wave\test\healthy\V55HO09.png,0,0.169948,0
pdraw_wave,mobilenet_v3_large,rotation,5,C:\Users\ramti\Desktop\ramtin legion pc\article_project\data\raw\pdraw_wave\test\healthy\V55HO10.png,0,0.119864,0
pdraw_wave,mobilenet_v3_large,rotation,5,C:\Users\ramti\Desktop\ramtin legion pc\article_project\data\raw\pdraw_wave\test\healthy\V55HO11.png,0,0.110948,0
pdraw_wave,mobilenet_v3_large,rotation,5,C:\Users\ramti\Desktop\ramtin legion pc\article_project\data\raw\pdraw_wave\test\parkinson\V01PO01.png,1,0.151158,0
pdraw_wave,mobilenet_v3_large,rotation,5,C:\Users\ramti\Desktop\ramtin legion pc\article_project\data\raw\pdraw_wave\test\parkinson\V02PO01.png,1,0.288790,0
pdraw_wave,mobilenet_v3_large,rotation,5,C:\Users\ramti\Desktop\ramtin legion pc\article_project\data\raw\pdraw_wave\test\parkinson\V03PO01.png,1,0.221792,0
pdraw_wave,mobilenet_v3_large,rotation,5,C:\Users\ramti\Desktop\ramtin legion pc\article_project\data\raw\pdraw_wave\test\parkinson\V03PO04.png,1,0.285759,0
pdraw_wave,mobilenet_v3_large,rotation,5,C:\Users\ramti\Desktop\ramtin legion pc\article_project\data\raw\pdraw_wave\test\parkinson\V03PO07.png,1,0.245564,0
pdraw_wave,mobilenet_v3_large,rotation,5,C:\Users\ramti\Desktop\ramtin legion pc\article_project\data\raw\pdraw_wave\test\parkinson\V04PO01.png,1,0.224476,0
pdraw_wave,mobilenet_v3_large,rotation,5,C:\Users\ramti\Desktop\ramtin legion pc\article_project\data\raw\pdraw_wave\test\parkinson\V05PO01.png,1,0.339956,0
pdraw_wave,mobilenet_v3_large,rotation,5,C:\Users\ramti\Desktop\ramtin legion pc\article_project\data\raw\pdraw_wave\test\parkinson\V06PO01.png,1,0.193678,0
pdraw_wave,mobilenet_v3_large,rotation,5,C:\Users\ramti\Desktop\ramtin legion pc\article_project\data\raw\pdraw_wave\test\parkinson\V07PO01.png,1,0.220176,0
pdraw_wave,mobilenet_v3_large,rotation,5,C:\Users\ramti\Desktop\ramtin legion pc\article_project\data\raw\pdraw_wave\test\parkinson\V08PO01.png,1,0.093842,0
pdraw_wave,mobilenet_v3_large,rotation,5,C:\Users\ramti\Desktop\ramtin legion pc\article_project\data\raw\pdraw_wave\test\parkinson\V09PO01.png,1,0.472053,0
pdraw_wave,mobilenet_v3_large,rotation,5,C:\Users\ramti\Desktop\ramtin legion pc\article_project\data\raw\pdraw_wave\test\parkinson\V10PO01.png,1,0.124392,0
pdraw_wave,mobilenet_v3_large,rotation,5,C:\Users\ramti\Desktop\ramtin legion pc\article_project\data\raw\pdraw_wave\test\parkinson\V11PO01.png,1,0.150772,0
pdraw_wave,mobilenet_v3_large,rotation,5,C:\Users\ramti\Desktop\ramtin legion pc\article_project\data\raw\pdraw_wave\test\parkinson\V14PO01.png,1,0.274501,0
pdraw_wave,mobilenet_v3_large,rotation,5,C:\Users\ramti\Desktop\ramtin legion pc\article_project\data\raw\pdraw_wave\test\parkinson\V14PO03.png,1,0.248310,0
