dataset,model,image,y_true,corruption,level,pearson_clean,spearman_clean,ssim_clean,iou_top20_clean
pdraw_wave,resnet50,V09HO01,0,jpeg_compression,1,0.9923,0.9839,0.9484,0.8552
pdraw_wave,resnet50,V09HO01,0,jpeg_compression,2,0.9944,0.9711,0.942,0.7942
pdraw_wave,resnet50,V09HO01,0,jpeg_compression,3,0.9658,0.9464,0.8918,0.7706
pdraw_wave,resnet50,V09HO01,0,jpeg_compression,4,0.9431,0.8054,0.8153,0.7007
pdraw_wave,resnet50,V09HO01,0,jpeg_compression,5,0.3268,0.7101,0.5903,0.3966
pdraw_wave,resnet50,V09HO01,0,gaussian_blur,1,0.9846,0.8495,0.8548,0.6651
pdraw_wave,resnet50,V09HO01,0,gaussian_blur,2,0.9763,0.8342,0.8385,0.6642
pdraw_wave,resnet50,V09HO01,0,gaussian_blur,3,0.9704,0.5999,0.7426,0.5726
pdraw_wave,resnet50,V09HO01,0,gaussian_blur,4,0.9625,0.6231,0.7077,0.512
pdraw_wave,resnet50,V09HO01,0,gaussian_blur,5,0.9593,0.5944,0.7277,0.5653
pdraw_wave,resnet50,V09HO01,0,gaussian_noise,1,0.983,0.9442,0.9247,0.783
pdraw_wave,resnet50,V09HO01,0,gaussian_noise,2,0.9743,0.8641,0.8423,0.65
pdraw_wave,resnet50,V09HO01,0,gaussian_noise,3,0.9698,0.8045,0.7882,0.6148
pdraw_wave,resnet50,V09HO01,0,gaussian_noise,4,0.9397,0.7911,0.7216,0.6554
pdraw_wave,resnet50,V09HO01,0,gaussian_noise,5,0.8853,0.6396,0.5808,0.541
pdraw_wave,resnet50,V09HO01,0,contrast,1,0.9883,0.9823,0.9518,0.8797
pdraw_wave,resnet50,V09HO01,0,contrast,2,0.9909,0.9722,0.9598,0.9371
pdraw_wave,resnet50,V09HO01,0,contrast,3,0.9981,0.9853,0.9897,0.9382
pdraw_wave,resnet50,V09HO01,0,contrast,4,0.9957,0.9807,0.9692,0.9213
pdraw_wave,resnet50,V09HO01,0,contrast,5,0.9613,0.9584,0.8902,0.8486
pdraw_wave,resnet50,V09HO01,0,brightness,1,0.8998,0.8661,0.6999,0.6614
pdraw_wave,resnet50,V09HO01,0,brightness,2,0.9147,0.9342,0.8033,0.7164
pdraw_wave,resnet50,V09HO01,0,brightness,3,0.9652,0.9652,0.8762,0.8042
pdraw_wave,resnet50,V09HO01,0,brightness,4,0.8941,0.7759,0.743,0.5533
pdraw_wave,resnet50,V09HO01,0,brightness,5,0.8419,0.7831,0.6812,0.4901
pdraw_wave,resnet50,V09HO01,0,shadow,1,0.9675,0.9463,0.8867,0.7918
pdraw_wave,resnet50,V09HO01,0,shadow,2,0.9294,0.8508,0.7544,0.6636
pdraw_wave,resnet50,V09HO01,0,shadow,3,0.9033,0.7006,0.714,0.5018
pdraw_wave,resnet50,V09HO01,0,shadow,4,0.8746,0.6434,0.6498,0.4698
pdraw_wave,resnet50,V09HO01,0,shadow,5,0.8178,0.4825,0.5271,0.4243
pdraw_wave,resnet50,V09HO01,0,perspective,1,0.4541,0.6066,0.503,0.4923
pdraw_wave,resnet50,V09HO01,0,perspective,2,0.526,0.7907,0.632,0.5346
pdraw_wave,resnet50,V09HO01,0,perspective,3,0.5679,0.7751,0.6282,0.4449
pdraw_wave,resnet50,V09HO01,0,perspective,4,0.5679,0.7756,0.6301,0.5083
pdraw_wave,resnet50,V09HO01,0,perspective,5,0.4452,0.6679,0.5689,0.3731
pdraw_wave,resnet50,V09HO01,0,rotation,1,0.3775,0.3724,0.4094,0.4494
pdraw_wave,resnet50,V09HO01,0,rotation,2,0.3778,0.1218,0.4239,0.1783
pdraw_wave,resnet50,V09HO01,0,rotation,3,0.2476,0.3158,0.4049,0.2706
pdraw_wave,resnet50,V09HO01,0,rotation,4,-0.0099,-0.1218,0.2396,0.062
pdraw_wave,resnet50,V09HO01,0,rotation,5,0.655,0.4399,0.4354,0.455
pdraw_wave,resnet50,V55HO10,0,jpeg_compression,1,0.9975,0.8664,0.9503,0.9542
pdraw_wave,resnet50,V55HO10,0,jpeg_compression,2,0.9455,0.8676,0.8906,0.678
pdraw_wave,resnet50,V55HO10,0,jpeg_compression,3,0.9909,0.7547,0.8731,0.6773
pdraw_wave,resnet50,V55HO10,0,jpeg_compression,4,0.79,0.5946,0.6441,0.4351
pdraw_wave,resnet50,V55HO10,0,jpeg_compression,5,0.2755,0.3175,0.6952,0.3819
pdraw_wave,resnet50,V55HO10,0,gaussian_blur,1,0.901,0.4869,0.7677,0.5561
pdraw_wave,resnet50,V55HO10,0,gaussian_blur,2,0.9407,0.3593,0.733,0.4194
pdraw_wave,resnet50,V55HO10,0,gaussian_blur,3,0.7386,0.242,0.6117,0.3762
pdraw_wave,resnet50,V55HO10,0,gaussian_blur,4,0.8202,0.2428,0.6132,0.3383
pdraw_wave,resnet50,V55HO10,0,gaussian_blur,5,0.8284,0.3401,0.6838,0.431
pdraw_wave,resnet50,V55HO10,0,gaussian_noise,1,0.9475,0.5767,0.8238,0.6023
pdraw_wave,resnet50,V55HO10,0,gaussian_noise,2,0.9084,0.6386,0.8385,0.553
pdraw_wave,resnet50,V55HO10,0,gaussian_noise,3,0.8785,0.7413,0.8571,0.8916
pdraw_wave,resnet50,V55HO10,0,gaussian_noise,4,0.8069,0.5629,0.6603,0.3858
pdraw_wave,resnet50,V55HO10,0,gaussian_noise,5,0.7488,0.6184,0.7753,0.4748
pdraw_wave,resnet50,V55HO10,0,contrast,1,0.8928,0.6735,0.8802,0.8833
pdraw_wave,resnet50,V55HO10,0,contrast,2,0.9536,0.7736,0.9306,0.9116
pdraw_wave,resnet50,V55HO10,0,contrast,3,0.9791,0.9662,0.9785,0.9535
pdraw_wave,resnet50,V55HO10,0,contrast,4,0.9803,0.8449,0.9443,0.8668
pdraw_wave,resnet50,V55HO10,0,contrast,5,0.9596,0.8097,0.9014,0.7582
pdraw_wave,resnet50,V55HO10,0,brightness,1,0.9673,0.7898,0.9413,0.8654
pdraw_wave,resnet50,V55HO10,0,brightness,2,0.9924,0.7611,0.9611,0.9054
pdraw_wave,resnet50,V55HO10,0,brightness,3,0.997,0.8953,0.9833,0.9577
pdraw_wave,resnet50,V55HO10,0,brightness,4,0.3644,0.3405,0.5968,0.143
pdraw_wave,resnet50,V55HO10,0,brightness,5,0.555,0.1902,0.5467,0.2209
pdraw_wave,resnet50,V55HO10,0,shadow,1,0.9975,0.9055,0.9806,0.974
pdraw_wave,resnet50,V55HO10,0,shadow,2,0.9918,0.8421,0.847,0.8227
pdraw_wave,resnet50,V55HO10,0,shadow,3,0.9511,0.7746,0.6767,0.5619
pdraw_wave,resnet50,V55HO10,0,shadow,4,0.8744,0.6753,0.5745,0.4923
pdraw_wave,resnet50,V55HO10,0,shadow,5,0.8065,0.5721,0.5376,0.4549
pdraw_wave,resnet50,V55HO10,0,perspective,1,0.914,0.2808,0.6949,0.4173
pdraw_wave,resnet50,V55HO10,0,perspective,2,0.8108,0.3402,0.6229,0.3446
pdraw_wave,resnet50,V55HO10,0,perspective,3,0.3936,0.2081,0.5396,0.2243
pdraw_wave,resnet50,V55HO10,0,perspective,4,0.2237,0.2021,0.5984,0.1861
pdraw_wave,resnet50,V55HO10,0,perspective,5,0.435,0.3422,0.6142,0.3046
pdraw_wave,resnet50,V55HO10,0,rotation,1,0.1633,0.1545,0.4232,0.2557
pdraw_wave,resnet50,V55HO10,0,rotation,2,-0.0972,-0.1252,0.3905,0.0668
pdraw_wave,resnet50,V55HO10,0,rotation,3,0.3956,0.3097,0.2428,0.2973
pdraw_wave,resnet50,V55HO10,0,rotation,4,-0.1498,-0.1727,0.1466,0.0607
pdraw_wave,resnet50,V55HO10,0,rotation,5,-0.1063,-0.2852,0.1449,0.0304
pdraw_wave,resnet50,V08HO01,0,jpeg_compression,1,0.9991,0.9827,0.9906,0.9373
pdraw_wave,resnet50,V08HO01,0,jpeg_compression,2,0.9946,0.9558,0.9826,0.879
pdraw_wave,resnet50,V08HO01,0,jpeg_compression,3,0.9726,0.9157,0.9508,0.8366
pdraw_wave,resnet50,V08HO01,0,jpeg_compression,4,0.9433,0.7508,0.8392,0.5333
pdraw_wave,resnet50,V08HO01,0,jpeg_compression,5,0.8561,0.6312,0.6458,0.3714
pdraw_wave,resnet50,V08HO01,0,gaussian_blur,1,0.9614,0.9102,0.9149,0.7621
pdraw_wave,resnet50,V08HO01,0,gaussian_blur,2,0.946,0.826,0.8341,0.5661
pdraw_wave,resnet50,V08HO01,0,gaussian_blur,3,0.9767,0.6699,0.7661,0.5863
pdraw_wave,resnet50,V08HO01,0,gaussian_blur,4,0.9696,0.7156,0.7596,0.562
pdraw_wave,resnet50,V08HO01,0,gaussian_blur,5,0.9658,0.6887,0.7512,0.5337
pdraw_wave,resnet50,V08HO01,0,gaussian_noise,1,0.9628,0.8733,0.8742,0.7081
pdraw_wave,resnet50,V08HO01,0,gaussian_noise,2,0.9489,0.827,0.9067,0.8146
pdraw_wave,resnet50,V08HO01,0,gaussian_noise,3,0.9403,0.8582,0.8895,0.6686
pdraw_wave,resnet50,V08HO01,0,gaussian_noise,4,0.9264,0.7225,0.8202,0.5701
pdraw_wave,resnet50,V08HO01,0,gaussian_noise,5,0.9399,0.8494,0.8546,0.6722
pdraw_wave,resnet50,V08HO01,0,contrast,1,0.9569,0.8378,0.8754,0.6297
pdraw_wave,resnet50,V08HO01,0,contrast,2,0.9855,0.9676,0.9319,0.6638
pdraw_wave,resnet50,V08HO01,0,contrast,3,0.9953,0.9635,0.9724,0.8453
pdraw_wave,resnet50,V08HO01,0,contrast,4,0.973,0.8768,0.9082,0.6987
pdraw_wave,resnet50,V08HO01,0,contrast,5,0.9698,0.8831,0.9139,0.6856
pdraw_wave,resnet50,V08HO01,0,brightness,1,0.8968,0.9213,0.9126,0.7618
pdraw_wave,resnet50,V08HO01,0,brightness,2,0.939,0.954,0.9421,0.8176
pdraw_wave,resnet50,V08HO01,0,brightness,3,0.9781,0.9545,0.9602,0.8081
pdraw_wave,resnet50,V08HO01,0,brightness,4,0.8394,0.8075,0.8462,0.6346
pdraw_wave,resnet50,V08HO01,0,brightness,5,0.7946,0.8096,0.8268,0.6283
pdraw_wave,resnet50,V08HO01,0,shadow,1,0.9764,0.9228,0.9541,0.8237
pdraw_wave,resnet50,V08HO01,0,shadow,2,0.9227,0.9103,0.8847,0.6622
pdraw_wave,resnet50,V08HO01,0,shadow,3,0.9247,0.8903,0.8963,0.6817
pdraw_wave,resnet50,V08HO01,0,shadow,4,0.8967,0.9015,0.8621,0.626
pdraw_wave,resnet50,V08HO01,0,shadow,5,0.8886,0.8817,0.8446,0.6097
pdraw_wave,resnet50,V08HO01,0,perspective,1,0.2208,0.8177,0.6398,0.4708
pdraw_wave,resnet50,V08HO01,0,perspective,2,0.6288,0.7768,0.5949,0.435
pdraw_wave,resnet50,V08HO01,0,perspective,3,0.6928,0.7486,0.4776,0.474
pdraw_wave,resnet50,V08HO01,0,perspective,4,0.2698,0.5943,0.5259,0.2677
pdraw_wave,resnet50,V08HO01,0,perspective,5,0.0227,0.3891,0.4009,0.084
pdraw_wave,resnet50,V08HO01,0,rotation,1,0.1088,0.4884,0.3111,0.2414
pdraw_wave,resnet50,V08HO01,0,rotation,2,0.16,0.5357,0.4201,0.1971
pdraw_wave,resnet50,V08HO01,0,rotation,3,0.0513,0.2695,0.2044,0.1496
pdraw_wave,resnet50,V08HO01,0,rotation,4,0.5963,0.6753,0.2866,0.5954
pdraw_wave,resnet50,V08HO01,0,rotation,5,0.0971,-0.1534,0.2806,0.0389
pdraw_wave,resnet50,V07HO01,0,jpeg_compression,1,0.9392,0.996,0.9604,0.8202
pdraw_wave,resnet50,V07HO01,0,jpeg_compression,2,0.8915,0.8501,0.8466,0.741
pdraw_wave,resnet50,V07HO01,0,jpeg_compression,3,0.9251,0.894,0.8644,0.8049
pdraw_wave,resnet50,V07HO01,0,jpeg_compression,4,0.7838,0.742,0.7304,0.4864
pdraw_wave,resnet50,V07HO01,0,jpeg_compression,5,0.2914,0.5842,0.6306,0.3035
pdraw_wave,resnet50,V07HO01,0,gaussian_blur,1,0.7607,0.884,0.8283,0.6404
pdraw_wave,resnet50,V07HO01,0,gaussian_blur,2,0.7367,0.8662,0.7907,0.5337
pdraw_wave,resnet50,V07HO01,0,gaussian_blur,3,0.6433,0.8174,0.7329,0.4956
pdraw_wave,resnet50,V07HO01,0,gaussian_blur,4,0.6875,0.8036,0.7382,0.4939
pdraw_wave,resnet50,V07HO01,0,gaussian_blur,5,0.6322,0.636,0.6939,0.4572
pdraw_wave,resnet50,V07HO01,0,gaussian_noise,1,0.8838,0.906,0.8597,0.7335
pdraw_wave,resnet50,V07HO01,0,gaussian_noise,2,0.8366,0.9217,0.8761,0.6627
pdraw_wave,resnet50,V07HO01,0,gaussian_noise,3,0.8427,0.7669,0.7266,0.5908
pdraw_wave,resnet50,V07HO01,0,gaussian_noise,4,0.7267,0.744,0.761,0.5829
pdraw_wave,resnet50,V07HO01,0,gaussian_noise,5,0.7486,0.7994,0.8076,0.6243
pdraw_wave,resnet50,V07HO01,0,contrast,1,0.7853,0.8496,0.8098,0.6435
pdraw_wave,resnet50,V07HO01,0,contrast,2,0.9666,0.9237,0.8975,0.777
pdraw_wave,resnet50,V07HO01,0,contrast,3,0.9461,0.9209,0.9012,0.811
pdraw_wave,resnet50,V07HO01,0,contrast,4,0.9552,0.9883,0.9182,0.7859
pdraw_wave,resnet50,V07HO01,0,contrast,5,0.8781,0.9413,0.8198,0.6175
pdraw_wave,resnet50,V07HO01,0,brightness,1,0.5056,0.7992,0.6031,0.4181
pdraw_wave,resnet50,V07HO01,0,brightness,2,0.676,0.7594,0.6853,0.5213
pdraw_wave,resnet50,V07HO01,0,brightness,3,0.8739,0.9235,0.8186,0.606
pdraw_wave,resnet50,V07HO01,0,brightness,4,0.3192,0.5726,0.5958,0.2458
pdraw_wave,resnet50,V07HO01,0,brightness,5,0.3075,0.4049,0.4491,0.233
pdraw_wave,resnet50,V07HO01,0,shadow,1,0.9107,0.9108,0.8146,0.6921
pdraw_wave,resnet50,V07HO01,0,shadow,2,0.6887,0.7771,0.685,0.5704
pdraw_wave,resnet50,V07HO01,0,shadow,3,0.5234,0.6386,0.6146,0.3394
pdraw_wave,resnet50,V07HO01,0,shadow,4,0.517,0.5867,0.5791,0.3491
pdraw_wave,resnet50,V07HO01,0,shadow,5,0.4199,0.497,0.5129,0.2467
pdraw_wave,resnet50,V07HO01,0,perspective,1,0.674,0.7843,0.6643,0.5688
pdraw_wave,resnet50,V07HO01,0,perspective,2,0.4008,0.5789,0.6356,0.3712
pdraw_wave,resnet50,V07HO01,0,perspective,3,0.4309,0.3746,0.596,0.3177
pdraw_wave,resnet50,V07HO01,0,perspective,4,0.427,0.3639,0.5158,0.2835
pdraw_wave,resnet50,V07HO01,0,perspective,5,0.2375,0.2902,0.4931,0.1776
pdraw_wave,resnet50,V07HO01,0,rotation,1,0.4646,0.4433,0.5074,0.2817
pdraw_wave,resnet50,V07HO01,0,rotation,2,0.4572,0.201,0.3997,0.252
pdraw_wave,resnet50,V07HO01,0,rotation,3,0.296,0.2445,0.2585,0.2666
pdraw_wave,resnet50,V07HO01,0,rotation,4,0.0745,-0.0875,0.2559,0.1235
pdraw_wave,resnet50,V07HO01,0,rotation,5,0.6016,0.4066,0.3337,0.3069
pdraw_wave,resnet50,V55HO11,0,jpeg_compression,1,0.9692,0.9748,0.9254,0.8474
pdraw_wave,resnet50,V55HO11,0,jpeg_compression,2,0.9652,0.9711,0.8819,0.8394
pdraw_wave,resnet50,V55HO11,0,jpeg_compression,3,0.9678,0.9768,0.9142,0.8191
pdraw_wave,resnet50,V55HO11,0,jpeg_compression,4,0.7766,0.8191,0.6829,0.5932
pdraw_wave,resnet50,V55HO11,0,jpeg_compression,5,0.4516,0.6216,0.469,0.2627
pdraw_wave,resnet50,V55HO11,0,gaussian_blur,1,0.87,0.8695,0.781,0.6544
pdraw_wave,resnet50,V55HO11,0,gaussian_blur,2,0.8788,0.8803,0.745,0.7425
pdraw_wave,resnet50,V55HO11,0,gaussian_blur,3,0.6863,0.8233,0.5859,0.4504
pdraw_wave,resnet50,V55HO11,0,gaussian_blur,4,0.5885,0.7793,0.5259,0.3483
pdraw_wave,resnet50,V55HO11,0,gaussian_blur,5,0.5013,0.7582,0.5536,0.2581
pdraw_wave,resnet50,V55HO11,0,gaussian_noise,1,0.9492,0.9529,0.8024,0.8231
pdraw_wave,resnet50,V55HO11,0,gaussian_noise,2,0.7595,0.8571,0.7112,0.5474
pdraw_wave,resnet50,V55HO11,0,gaussian_noise,3,0.6284,0.7456,0.5831,0.3935
pdraw_wave,resnet50,V55HO11,0,gaussian_noise,4,0.8118,0.7938,0.6507,0.5816
pdraw_wave,resnet50,V55HO11,0,gaussian_noise,5,0.8102,0.7302,0.584,0.5634
pdraw_wave,resnet50,V55HO11,0,contrast,1,0.3305,0.5082,0.5372,0.2343
pdraw_wave,resnet50,V55HO11,0,contrast,2,0.6415,0.7493,0.6517,0.3297
pdraw_wave,resnet50,V55HO11,0,contrast,3,0.9596,0.9415,0.8565,0.7519
pdraw_wave,resnet50,V55HO11,0,contrast,4,0.9417,0.9607,0.8678,0.7702
pdraw_wave,resnet50,V55HO11,0,contrast,5,0.9117,0.9489,0.824,0.7314
pdraw_wave,resnet50,V55HO11,0,brightness,1,0.7805,0.8283,0.7019,0.5652
pdraw_wave,resnet50,V55HO11,0,brightness,2,0.8758,0.8344,0.7658,0.6288
pdraw_wave,resnet50,V55HO11,0,brightness,3,0.9559,0.9523,0.8687,0.7266
pdraw_wave,resnet50,V55HO11,0,brightness,4,0.1002,0.4886,0.4829,0.0724
pdraw_wave,resnet50,V55HO11,0,brightness,5,0.1875,0.5822,0.4949,0.0932
pdraw_wave,resnet50,V55HO11,0,shadow,1,0.9802,0.9698,0.8835,0.8197
pdraw_wave,resnet50,V55HO11,0,shadow,2,0.8653,0.8939,0.7338,0.6669
pdraw_wave,resnet50,V55HO11,0,shadow,3,0.7154,0.7764,0.6204,0.4249
pdraw_wave,resnet50,V55HO11,0,shadow,4,0.7186,0.7478,0.5678,0.4411
pdraw_wave,resnet50,V55HO11,0,shadow,5,0.7016,0.7203,0.5102,0.4213
pdraw_wave,resnet50,V55HO11,0,perspective,1,0.5925,0.7171,0.639,0.2487
pdraw_wave,resnet50,V55HO11,0,perspective,2,0.872,0.8459,0.7178,0.6025
pdraw_wave,resnet50,V55HO11,0,perspective,3,0.7952,0.8518,0.6502,0.5265
pdraw_wave,resnet50,V55HO11,0,perspective,4,0.8051,0.8291,0.6708,0.4798
pdraw_wave,resnet50,V55HO11,0,perspective,5,0.3869,0.6541,0.4679,0.1602
pdraw_wave,resnet50,V55HO11,0,rotation,1,0.5925,0.621,0.419,0.3817
pdraw_wave,resnet50,V55HO11,0,rotation,2,0.3175,0.0495,0.359,0.2527
pdraw_wave,resnet50,V55HO11,0,rotation,3,-0.0023,0.0747,0.2443,0.0762
pdraw_wave,resnet50,V55HO11,0,rotation,4,-0.1666,-0.2013,0.309,0.0664
pdraw_wave,resnet50,V55HO11,0,rotation,5,-0.1641,-0.2344,0.264,0.0336
pdraw_wave,resnet50,V03PO01,1,jpeg_compression,1,0.9828,0.9835,0.9801,0.7838
pdraw_wave,resnet50,V03PO01,1,jpeg_compression,2,0.9042,0.913,0.9001,0.5168
pdraw_wave,resnet50,V03PO01,1,jpeg_compression,3,0.9056,0.9038,0.8571,0.4281
pdraw_wave,resnet50,V03PO01,1,jpeg_compression,4,0.8351,0.8457,0.8369,0.4166
pdraw_wave,resnet50,V03PO01,1,jpeg_compression,5,0.6315,0.608,0.667,0.186
pdraw_wave,resnet50,V03PO01,1,gaussian_blur,1,0.9406,0.9474,0.9153,0.6858
pdraw_wave,resnet50,V03PO01,1,gaussian_blur,2,0.889,0.8983,0.8481,0.5452
pdraw_wave,resnet50,V03PO01,1,gaussian_blur,3,0.8012,0.803,0.7857,0.4301
pdraw_wave,resnet50,V03PO01,1,gaussian_blur,4,0.7181,0.724,0.7635,0.2743
pdraw_wave,resnet50,V03PO01,1,gaussian_blur,5,0.6568,0.6711,0.7242,0.2699
pdraw_wave,resnet50,V03PO01,1,gaussian_noise,1,0.9769,0.9823,0.9629,0.7719
pdraw_wave,resnet50,V03PO01,1,gaussian_noise,2,0.8645,0.87,0.8536,0.5392
pdraw_wave,resnet50,V03PO01,1,gaussian_noise,3,0.783,0.7884,0.7856,0.4082
pdraw_wave,resnet50,V03PO01,1,gaussian_noise,4,0.7859,0.8083,0.7251,0.4568
pdraw_wave,resnet50,V03PO01,1,gaussian_noise,5,0.8246,0.8259,0.7889,0.5807
pdraw_wave,resnet50,V03PO01,1,contrast,1,0.8998,0.898,0.8747,0.6273
pdraw_wave,resnet50,V03PO01,1,contrast,2,0.9649,0.9667,0.9525,0.6656
pdraw_wave,resnet50,V03PO01,1,contrast,3,0.9883,0.9892,0.9826,0.8229
pdraw_wave,resnet50,V03PO01,1,contrast,4,0.9895,0.9892,0.9732,0.8518
pdraw_wave,resnet50,V03PO01,1,contrast,5,0.9812,0.9806,0.9617,0.7739
pdraw_wave,resnet50,V03PO01,1,brightness,1,0.9304,0.929,0.9066,0.5768
pdraw_wave,resnet50,V03PO01,1,brightness,2,0.941,0.9446,0.9253,0.6396
pdraw_wave,resnet50,V03PO01,1,brightness,3,0.9804,0.9799,0.9725,0.7496
pdraw_wave,resnet50,V03PO01,1,brightness,4,0.6142,0.6944,0.5184,0.2513
pdraw_wave,resnet50,V03PO01,1,brightness,5,0.4765,0.595,0.4017,0.2334
pdraw_wave,resnet50,V03PO01,1,shadow,1,0.9801,0.9806,0.9773,0.736
pdraw_wave,resnet50,V03PO01,1,shadow,2,0.9392,0.9431,0.9461,0.5766
pdraw_wave,resnet50,V03PO01,1,shadow,3,0.9116,0.9122,0.9009,0.5295
pdraw_wave,resnet50,V03PO01,1,shadow,4,0.9322,0.9366,0.8885,0.618
pdraw_wave,resnet50,V03PO01,1,shadow,5,0.9239,0.939,0.8537,0.5874
pdraw_wave,resnet50,V03PO01,1,perspective,1,0.9033,0.9004,0.8818,0.5341
pdraw_wave,resnet50,V03PO01,1,perspective,2,0.9057,0.9012,0.879,0.6365
pdraw_wave,resnet50,V03PO01,1,perspective,3,0.8916,0.8888,0.8214,0.6293
pdraw_wave,resnet50,V03PO01,1,perspective,4,0.8701,0.8672,0.7981,0.5422
pdraw_wave,resnet50,V03PO01,1,perspective,5,0.8336,0.8303,0.7767,0.5112
pdraw_wave,resnet50,V03PO01,1,rotation,1,0.7458,0.7878,0.7758,0.3479
pdraw_wave,resnet50,V03PO01,1,rotation,2,0.6712,0.6649,0.6852,0.2863
pdraw_wave,resnet50,V03PO01,1,rotation,3,0.5869,0.5831,0.6104,0.3624
pdraw_wave,resnet50,V03PO01,1,rotation,4,0.5082,0.4896,0.6203,0.353
pdraw_wave,resnet50,V03PO01,1,rotation,5,0.1693,0.1496,0.4359,0.1508
pdraw_wave,resnet50,V11PO01,1,jpeg_compression,1,0.9928,0.9407,0.9292,0.8651
pdraw_wave,resnet50,V11PO01,1,jpeg_compression,2,0.9822,0.9292,0.8716,0.8021
pdraw_wave,resnet50,V11PO01,1,jpeg_compression,3,0.9343,0.7123,0.6418,0.5983
pdraw_wave,resnet50,V11PO01,1,jpeg_compression,4,0.9752,0.7128,0.7697,0.7266
pdraw_wave,resnet50,V11PO01,1,jpeg_compression,5,0.6865,0.6336,0.5822,0.2063
pdraw_wave,resnet50,V11PO01,1,gaussian_blur,1,0.986,0.7799,0.8024,0.6544
pdraw_wave,resnet50,V11PO01,1,gaussian_blur,2,0.9756,0.713,0.7662,0.5963
pdraw_wave,resnet50,V11PO01,1,gaussian_blur,3,0.9746,0.6462,0.6781,0.592
pdraw_wave,resnet50,V11PO01,1,gaussian_blur,4,0.9803,0.68,0.7148,0.6235
pdraw_wave,resnet50,V11PO01,1,gaussian_blur,5,0.9621,0.6639,0.7075,0.528
pdraw_wave,resnet50,V11PO01,1,gaussian_noise,1,0.9737,0.8349,0.795,0.6381
pdraw_wave,resnet50,V11PO01,1,gaussian_noise,2,0.9633,0.5958,0.6474,0.512
pdraw_wave,resnet50,V11PO01,1,gaussian_noise,3,0.8466,0.6812,0.4265,0.4169
pdraw_wave,resnet50,V11PO01,1,gaussian_noise,4,0.9366,0.6722,0.6993,0.4842
pdraw_wave,resnet50,V11PO01,1,gaussian_noise,5,0.9373,0.6896,0.7153,0.5083
pdraw_wave,resnet50,V11PO01,1,contrast,1,0.9915,0.8136,0.8503,0.8307
pdraw_wave,resnet50,V11PO01,1,contrast,2,0.9902,0.889,0.8866,0.8354
pdraw_wave,resnet50,V11PO01,1,contrast,3,0.9985,0.9647,0.959,0.9653
pdraw_wave,resnet50,V11PO01,1,contrast,4,0.9748,0.888,0.7812,0.7148
pdraw_wave,resnet50,V11PO01,1,contrast,5,0.9529,0.856,0.6895,0.6618
pdraw_wave,resnet50,V11PO01,1,brightness,1,0.9217,0.805,0.7307,0.5814
pdraw_wave,resnet50,V11PO01,1,brightness,2,0.9612,0.8536,0.8322,0.6118
pdraw_wave,resnet50,V11PO01,1,brightness,3,0.971,0.9289,0.8776,0.7414
pdraw_wave,resnet50,V11PO01,1,brightness,4,0.8819,0.668,0.6144,0.3391
pdraw_wave,resnet50,V11PO01,1,brightness,5,0.8007,0.5792,0.604,0.2164
pdraw_wave,resnet50,V11PO01,1,shadow,1,0.9929,0.913,0.8765,0.8493
pdraw_wave,resnet50,V11PO01,1,shadow,2,0.9907,0.8833,0.8302,0.8239
pdraw_wave,resnet50,V11PO01,1,shadow,3,0.9419,0.777,0.6286,0.6255
pdraw_wave,resnet50,V11PO01,1,shadow,4,0.8768,0.7172,0.5671,0.5553
pdraw_wave,resnet50,V11PO01,1,shadow,5,0.8903,0.6968,0.6405,0.5074
pdraw_wave,resnet50,V11PO01,1,perspective,1,0.5295,0.7666,0.4233,0.4805
pdraw_wave,resnet50,V11PO01,1,perspective,2,0.6263,0.8176,0.5597,0.5638
pdraw_wave,resnet50,V11PO01,1,perspective,3,0.6751,0.7417,0.5321,0.5017
pdraw_wave,resnet50,V11PO01,1,perspective,4,0.2493,0.528,0.3896,0.3483
pdraw_wave,resnet50,V11PO01,1,perspective,5,0.2199,0.5916,0.4243,0.2937
pdraw_wave,resnet50,V11PO01,1,rotation,1,0.2785,0.3362,0.3774,0.264
pdraw_wave,resnet50,V11PO01,1,rotation,2,0.28,0.2864,0.333,0.3112
pdraw_wave,resnet50,V11PO01,1,rotation,3,0.0878,-0.0002,0.2425,0.2283
pdraw_wave,resnet50,V11PO01,1,rotation,4,0.2428,-0.0454,0.2865,0.1739
pdraw_wave,resnet50,V11PO01,1,rotation,5,0.4384,0.1782,0.207,0.3179
pdraw_wave,resnet50,V08PO01,1,jpeg_compression,1,0.9593,0.9133,0.8799,0.8335
pdraw_wave,resnet50,V08PO01,1,jpeg_compression,2,0.5069,0.7,0.6492,0.2918
pdraw_wave,resnet50,V08PO01,1,jpeg_compression,3,0.3993,0.4551,0.5131,0.2167
pdraw_wave,resnet50,V08PO01,1,jpeg_compression,4,0.5796,0.7593,0.5816,0.4628
pdraw_wave,resnet50,V08PO01,1,jpeg_compression,5,0.6726,0.5145,0.529,0.4161
pdraw_wave,resnet50,V08PO01,1,gaussian_blur,1,0.7836,0.7783,0.7058,0.5853
pdraw_wave,resnet50,V08PO01,1,gaussian_blur,2,0.5139,0.6061,0.4941,0.3722
pdraw_wave,resnet50,V08PO01,1,gaussian_blur,3,0.447,0.7355,0.5549,0.28
pdraw_wave,resnet50,V08PO01,1,gaussian_blur,4,0.3793,0.3346,0.5095,0.2085
pdraw_wave,resnet50,V08PO01,1,gaussian_blur,5,0.4762,0.6189,0.517,0.2626
pdraw_wave,resnet50,V08PO01,1,gaussian_noise,1,0.9494,0.9365,0.8292,0.7747
pdraw_wave,resnet50,V08PO01,1,gaussian_noise,2,0.8966,0.8426,0.7096,0.688
pdraw_wave,resnet50,V08PO01,1,gaussian_noise,3,0.4303,0.476,0.5629,0.2863
pdraw_wave,resnet50,V08PO01,1,gaussian_noise,4,0.6097,0.5506,0.5534,0.4793
pdraw_wave,resnet50,V08PO01,1,gaussian_noise,5,0.5943,0.5883,0.5518,0.3972
pdraw_wave,resnet50,V08PO01,1,contrast,1,0.5925,0.6306,0.6455,0.3877
pdraw_wave,resnet50,V08PO01,1,contrast,2,0.7439,0.8173,0.7597,0.5628
pdraw_wave,resnet50,V08PO01,1,contrast,3,0.9496,0.9418,0.9037,0.8101
pdraw_wave,resnet50,V08PO01,1,contrast,4,0.8842,0.9163,0.8237,0.6097
pdraw_wave,resnet50,V08PO01,1,contrast,5,0.8107,0.8056,0.739,0.4893
pdraw_wave,resnet50,V08PO01,1,brightness,1,0.5296,0.561,0.5661,0.3978
pdraw_wave,resnet50,V08PO01,1,brightness,2,0.5647,0.5776,0.6682,0.3746
pdraw_wave,resnet50,V08PO01,1,brightness,3,0.6777,0.8716,0.7894,0.4464
pdraw_wave,resnet50,V08PO01,1,brightness,4,-0.0399,0.3008,0.4176,0.1454
pdraw_wave,resnet50,V08PO01,1,brightness,5,0.0237,0.3824,0.4434,0.1381
pdraw_wave,resnet50,V08PO01,1,shadow,1,0.9072,0.9233,0.7918,0.7006
pdraw_wave,resnet50,V08PO01,1,shadow,2,0.848,0.8918,0.7686,0.6046
pdraw_wave,resnet50,V08PO01,1,shadow,3,0.8536,0.853,0.7954,0.5911
pdraw_wave,resnet50,V08PO01,1,shadow,4,0.7915,0.7796,0.6855,0.5448
pdraw_wave,resnet50,V08PO01,1,shadow,5,0.7277,0.7318,0.6789,0.4752
pdraw_wave,resnet50,V08PO01,1,perspective,1,0.6548,0.8264,0.7282,0.436
pdraw_wave,resnet50,V08PO01,1,perspective,2,0.4203,0.5321,0.5605,0.3166
pdraw_wave,resnet50,V08PO01,1,perspective,3,0.4222,0.5006,0.5575,0.286
pdraw_wave,resnet50,V08PO01,1,perspective,4,0.3481,0.5379,0.5862,0.2791
pdraw_wave,resnet50,V08PO01,1,perspective,5,0.3508,0.5821,0.5719,0.2923
pdraw_wave,resnet50,V08PO01,1,rotation,1,0.2058,0.2914,0.4297,0.2132
pdraw_wave,resnet50,V08PO01,1,rotation,2,0.2318,0.6342,0.5065,0.1924
pdraw_wave,resnet50,V08PO01,1,rotation,3,0.2869,0.1888,0.259,0.2812
pdraw_wave,resnet50,V08PO01,1,rotation,4,-0.0912,0.097,0.3307,0.0642
pdraw_wave,resnet50,V08PO01,1,rotation,5,-0.0724,0.0489,0.2471,0.0534
pdraw_wave,resnet50,V06PO01,1,jpeg_compression,1,0.9878,0.9893,0.9892,0.8193
pdraw_wave,resnet50,V06PO01,1,jpeg_compression,2,0.9469,0.9393,0.9301,0.6505
pdraw_wave,resnet50,V06PO01,1,jpeg_compression,3,0.8963,0.8848,0.9345,0.5123
pdraw_wave,resnet50,V06PO01,1,jpeg_compression,4,0.9502,0.9454,0.9267,0.6338
pdraw_wave,resnet50,V06PO01,1,jpeg_compression,5,0.2563,0.3534,0.6665,0.1337
pdraw_wave,resnet50,V06PO01,1,gaussian_blur,1,0.6989,0.7229,0.8131,0.2742
pdraw_wave,resnet50,V06PO01,1,gaussian_blur,2,0.5115,0.548,0.7739,0.2364
pdraw_wave,resnet50,V06PO01,1,gaussian_blur,3,0.5019,0.5356,0.7696,0.2252
pdraw_wave,resnet50,V06PO01,1,gaussian_blur,4,0.4919,0.5786,0.7602,0.279
pdraw_wave,resnet50,V06PO01,1,gaussian_blur,5,0.4078,0.4461,0.6967,0.2365
pdraw_wave,resnet50,V06PO01,1,gaussian_noise,1,0.9112,0.8975,0.9304,0.6068
pdraw_wave,resnet50,V06PO01,1,gaussian_noise,2,0.8737,0.8863,0.9083,0.5741
pdraw_wave,resnet50,V06PO01,1,gaussian_noise,3,0.8253,0.8351,0.8531,0.5502
pdraw_wave,resnet50,V06PO01,1,gaussian_noise,4,0.9098,0.9112,0.871,0.6061
pdraw_wave,resnet50,V06PO01,1,gaussian_noise,5,0.7949,0.7439,0.795,0.4698
pdraw_wave,resnet50,V06PO01,1,contrast,1,0.8958,0.8804,0.8758,0.5375
pdraw_wave,resnet50,V06PO01,1,contrast,2,0.9233,0.9231,0.9125,0.6144
pdraw_wave,resnet50,V06PO01,1,contrast,3,0.9639,0.9718,0.9486,0.768
pdraw_wave,resnet50,V06PO01,1,contrast,4,0.9394,0.9345,0.9377,0.6124
pdraw_wave,resnet50,V06PO01,1,contrast,5,0.8885,0.8587,0.8728,0.545
pdraw_wave,resnet50,V06PO01,1,brightness,1,0.7336,0.7138,0.8,0.3535
pdraw_wave,resnet50,V06PO01,1,brightness,2,0.8421,0.8189,0.8783,0.5561
pdraw_wave,resnet50,V06PO01,1,brightness,3,0.9132,0.8848,0.9257,0.7458
pdraw_wave,resnet50,V06PO01,1,brightness,4,0.3809,0.1994,0.4393,0.1848
pdraw_wave,resnet50,V06PO01,1,brightness,5,0.1146,0.1225,0.3509,0.0508
pdraw_wave,resnet50,V06PO01,1,shadow,1,0.9415,0.9163,0.9469,0.6392
pdraw_wave,resnet50,V06PO01,1,shadow,2,0.8125,0.7627,0.8582,0.4724
pdraw_wave,resnet50,V06PO01,1,shadow,3,0.6779,0.6159,0.7968,0.3013
pdraw_wave,resnet50,V06PO01,1,shadow,4,0.5938,0.5471,0.7433,0.2758
pdraw_wave,resnet50,V06PO01,1,shadow,5,0.5438,0.4955,0.7052,0.2833
pdraw_wave,resnet50,V06PO01,1,perspective,1,0.8229,0.8111,0.7531,0.5758
pdraw_wave,resnet50,V06PO01,1,perspective,2,0.7456,0.6988,0.7909,0.4389
pdraw_wave,resnet50,V06PO01,1,perspective,3,0.6255,0.6491,0.7137,0.4287
pdraw_wave,resnet50,V06PO01,1,perspective,4,0.5176,0.5266,0.6565,0.3567
pdraw_wave,resnet50,V06PO01,1,perspective,5,0.2351,0.3081,0.6378,0.2026
pdraw_wave,resnet50,V06PO01,1,rotation,1,0.2479,0.3728,0.666,0.0847
pdraw_wave,resnet50,V06PO01,1,rotation,2,0.5104,0.4023,0.6906,0.1993
pdraw_wave,resnet50,V06PO01,1,rotation,3,-0.1307,-0.1602,0.5376,0.0982
pdraw_wave,resnet50,V06PO01,1,rotation,4,0.0919,0.1644,0.5346,0.0845
pdraw_wave,resnet50,V06PO01,1,rotation,5,-0.1096,-0.1448,0.532,0.1466
pdraw_wave,resnet50,V03PO07,1,jpeg_compression,1,0.9913,0.9911,0.9865,0.9204
pdraw_wave,resnet50,V03PO07,1,jpeg_compression,2,0.9656,0.9693,0.9593,0.7747
pdraw_wave,resnet50,V03PO07,1,jpeg_compression,3,0.9656,0.9663,0.9289,0.7974
pdraw_wave,resnet50,V03PO07,1,jpeg_compression,4,0.9236,0.948,0.9025,0.676
pdraw_wave,resnet50,V03PO07,1,jpeg_compression,5,0.7437,0.7663,0.7716,0.389
pdraw_wave,resnet50,V03PO07,1,gaussian_blur,1,0.9741,0.9687,0.9483,0.9127
pdraw_wave,resnet50,V03PO07,1,gaussian_blur,2,0.94,0.9401,0.8816,0.7834
pdraw_wave,resnet50,V03PO07,1,gaussian_blur,3,0.8989,0.9053,0.836,0.6743
pdraw_wave,resnet50,V03PO07,1,gaussian_blur,4,0.8887,0.9002,0.8538,0.6397
pdraw_wave,resnet50,V03PO07,1,gaussian_blur,5,0.8013,0.8652,0.8262,0.3788
pdraw_wave,resnet50,V03PO07,1,gaussian_noise,1,0.9283,0.9373,0.9084,0.6057
pdraw_wave,resnet50,V03PO07,1,gaussian_noise,2,0.9514,0.9659,0.9118,0.744
pdraw_wave,resnet50,V03PO07,1,gaussian_noise,3,0.8074,0.869,0.8158,0.4614
pdraw_wave,resnet50,V03PO07,1,gaussian_noise,4,0.8053,0.7797,0.8075,0.5755
pdraw_wave,resnet50,V03PO07,1,gaussian_noise,5,0.774,0.7207,0.7742,0.5622
pdraw_wave,resnet50,V03PO07,1,contrast,1,0.9515,0.9558,0.9154,0.7628
pdraw_wave,resnet50,V03PO07,1,contrast,2,0.972,0.9796,0.961,0.7278
pdraw_wave,resnet50,V03PO07,1,contrast,3,0.9942,0.996,0.9941,0.9343
pdraw_wave,resnet50,V03PO07,1,contrast,4,0.969,0.96,0.9577,0.8663
pdraw_wave,resnet50,V03PO07,1,contrast,5,0.9428,0.9248,0.934,0.8206
pdraw_wave,resnet50,V03PO07,1,brightness,1,0.9457,0.9347,0.9152,0.8075
pdraw_wave,resnet50,V03PO07,1,brightness,2,0.9658,0.9629,0.9393,0.7813
pdraw_wave,resnet50,V03PO07,1,brightness,3,0.9779,0.9778,0.9693,0.8389
pdraw_wave,resnet50,V03PO07,1,brightness,4,0.3535,0.3754,0.5475,0.2149
pdraw_wave,resnet50,V03PO07,1,brightness,5,0.4794,0.4397,0.5148,0.331
pdraw_wave,resnet50,V03PO07,1,shadow,1,0.9708,0.978,0.9663,0.7658
pdraw_wave,resnet50,V03PO07,1,shadow,2,0.9517,0.9541,0.9403,0.7297
pdraw_wave,resnet50,V03PO07,1,shadow,3,0.9181,0.8828,0.871,0.7695
pdraw_wave,resnet50,V03PO07,1,shadow,4,0.8123,0.7548,0.8093,0.6464
pdraw_wave,resnet50,V03PO07,1,shadow,5,0.7385,0.6921,0.7991,0.5259
pdraw_wave,resnet50,V03PO07,1,perspective,1,0.8829,0.8486,0.8428,0.7201
pdraw_wave,resnet50,V03PO07,1,perspective,2,0.8585,0.8053,0.8118,0.6712
pdraw_wave,resnet50,V03PO07,1,perspective,3,0.8445,0.7576,0.828,0.7132
pdraw_wave,resnet50,V03PO07,1,perspective,4,0.877,0.8401,0.842,0.7014
pdraw_wave,resnet50,V03PO07,1,perspective,5,0.7909,0.7637,0.7606,0.63
pdraw_wave,resnet50,V03PO07,1,rotation,1,0.7525,0.7189,0.7306,0.6221
pdraw_wave,resnet50,V03PO07,1,rotation,2,0.7873,0.7732,0.7666,0.5178
pdraw_wave,resnet50,V03PO07,1,rotation,3,0.4286,0.3998,0.5895,0.3588
pdraw_wave,resnet50,V03PO07,1,rotation,4,0.2668,0.3113,0.5559,0.1671
pdraw_wave,resnet50,V03PO07,1,rotation,5,0.1557,0.2725,0.5173,0.0813
pdraw_wave,vgg16,V09HO01,0,jpeg_compression,1,0.9983,0.9996,0.9901,0.9145
pdraw_wave,vgg16,V09HO01,0,jpeg_compression,2,0.9939,0.9999,0.9837,0.9514
pdraw_wave,vgg16,V09HO01,0,jpeg_compression,3,0.998,0.9646,0.9851,0.8865
pdraw_wave,vgg16,V09HO01,0,jpeg_compression,4,0.9838,0.8524,0.9308,0.8362
pdraw_wave,vgg16,V09HO01,0,jpeg_compression,5,0.061,0.2622,0.5762,0.1534
pdraw_wave,vgg16,V09HO01,0,gaussian_blur,1,0.9818,0.9518,0.9361,0.8193
pdraw_wave,vgg16,V09HO01,0,gaussian_blur,2,0.9701,0.9098,0.9307,0.8128
pdraw_wave,vgg16,V09HO01,0,gaussian_blur,3,0.9421,0.8149,0.871,0.6598
pdraw_wave,vgg16,V09HO01,0,gaussian_blur,4,0.94,0.5622,0.7521,0.6153
pdraw_wave,vgg16,V09HO01,0,gaussian_blur,5,0.903,0.5408,0.7363,0.5398
pdraw_wave,vgg16,V09HO01,0,gaussian_noise,1,0.9941,0.9084,0.9431,0.8865
pdraw_wave,vgg16,V09HO01,0,gaussian_noise,2,0.9868,0.9023,0.945,0.8479
pdraw_wave,vgg16,V09HO01,0,gaussian_noise,3,0.9279,0.749,0.8572,0.5641
pdraw_wave,vgg16,V09HO01,0,gaussian_noise,4,0.9121,0.7477,0.8607,0.5641
pdraw_wave,vgg16,V09HO01,0,gaussian_noise,5,0.9585,0.6536,0.8493,0.6065
pdraw_wave,vgg16,V09HO01,0,contrast,1,0.978,0.8986,0.9384,0.6988
pdraw_wave,vgg16,V09HO01,0,contrast,2,0.9943,0.9992,0.9847,0.893
pdraw_wave,vgg16,V09HO01,0,contrast,3,0.9981,0.9996,0.9918,0.9131
pdraw_wave,vgg16,V09HO01,0,contrast,4,0.9981,1.0,0.994,0.9787
pdraw_wave,vgg16,V09HO01,0,contrast,5,0.9953,0.9352,0.9637,0.922
pdraw_wave,vgg16,V09HO01,0,brightness,1,0.9396,0.6023,0.776,0.5802
pdraw_wave,vgg16,V09HO01,0,brightness,2,0.9516,0.7227,0.8382,0.6441
pdraw_wave,vgg16,V09HO01,0,brightness,3,0.9746,0.8456,0.8685,0.7419
pdraw_wave,vgg16,V09HO01,0,brightness,4,0.5305,0.6449,0.799,0.437
pdraw_wave,vgg16,V09HO01,0,brightness,5,0.3843,0.3854,0.783,0.2932
pdraw_wave,vgg16,V09HO01,0,shadow,1,0.9874,0.9247,0.9364,0.8525
pdraw_wave,vgg16,V09HO01,0,shadow,2,0.966,0.7344,0.8654,0.7003
pdraw_wave,vgg16,V09HO01,0,shadow,3,0.954,0.8047,0.8754,0.6631
pdraw_wave,vgg16,V09HO01,0,shadow,4,0.934,0.7754,0.8506,0.5986
pdraw_wave,vgg16,V09HO01,0,shadow,5,0.9274,0.6435,0.7776,0.5881
pdraw_wave,vgg16,V09HO01,0,perspective,1,0.6967,0.8599,0.8462,0.5849
pdraw_wave,vgg16,V09HO01,0,perspective,2,0.8261,0.5408,0.8107,0.3829
pdraw_wave,vgg16,V09HO01,0,perspective,3,0.9592,0.7912,0.8733,0.7136
pdraw_wave,vgg16,V09HO01,0,perspective,4,0.9319,0.704,0.8515,0.5692
pdraw_wave,vgg16,V09HO01,0,perspective,5,0.8061,0.4776,0.7873,0.3632
pdraw_wave,vgg16,V09HO01,0,rotation,1,0.3669,0.1531,0.733,0.2027
pdraw_wave,vgg16,V09HO01,0,rotation,2,0.1147,0.3183,0.7584,0.2897
pdraw_wave,vgg16,V09HO01,0,rotation,3,0.3863,0.4574,0.7912,0.2932
pdraw_wave,vgg16,V09HO01,0,rotation,4,0.0708,0.1086,0.6986,0.2387
pdraw_wave,vgg16,V09HO01,0,rotation,5,0.3009,0.2386,0.7408,0.2766
pdraw_wave,vgg16,V55HO10,0,jpeg_compression,1,0.9936,0.9343,0.9681,0.9053
pdraw_wave,vgg16,V55HO10,0,jpeg_compression,2,0.99,0.9382,0.9413,0.9143
pdraw_wave,vgg16,V55HO10,0,jpeg_compression,3,0.9008,0.8557,0.8538,0.7782
pdraw_wave,vgg16,V55HO10,0,jpeg_compression,4,0.9429,0.725,0.7766,0.8049
pdraw_wave,vgg16,V55HO10,0,jpeg_compression,5,0.3849,0.7456,0.7414,0.6075
pdraw_wave,vgg16,V55HO10,0,gaussian_blur,1,0.9364,0.6831,0.7862,0.7119
pdraw_wave,vgg16,V55HO10,0,gaussian_blur,2,0.9497,0.7183,0.8273,0.7885
pdraw_wave,vgg16,V55HO10,0,gaussian_blur,3,0.895,0.6885,0.8256,0.7119
pdraw_wave,vgg16,V55HO10,0,gaussian_blur,4,0.8041,0.7811,0.8089,0.6643
pdraw_wave,vgg16,V55HO10,0,gaussian_blur,5,0.6701,0.6173,0.7143,0.5676
pdraw_wave,vgg16,V55HO10,0,gaussian_noise,1,0.9881,0.9596,0.983,0.8913
pdraw_wave,vgg16,V55HO10,0,gaussian_noise,2,0.8942,0.7891,0.8702,0.7818
pdraw_wave,vgg16,V55HO10,0,gaussian_noise,3,0.8329,0.8543,0.847,0.7272
pdraw_wave,vgg16,V55HO10,0,gaussian_noise,4,0.9567,0.8283,0.9082,0.8613
pdraw_wave,vgg16,V55HO10,0,gaussian_noise,5,0.7574,0.6598,0.7677,0.4388
pdraw_wave,vgg16,V55HO10,0,contrast,1,0.8064,0.6226,0.7573,0.5301
pdraw_wave,vgg16,V55HO10,0,contrast,2,0.9905,0.9348,0.9635,0.9468
pdraw_wave,vgg16,V55HO10,0,contrast,3,0.9951,0.9997,0.9895,0.955
pdraw_wave,vgg16,V55HO10,0,contrast,4,0.9856,0.9301,0.9593,0.9276
pdraw_wave,vgg16,V55HO10,0,contrast,5,0.9593,0.7788,0.8349,0.8968
pdraw_wave,vgg16,V55HO10,0,brightness,1,0.367,0.4484,0.6824,0.3528
pdraw_wave,vgg16,V55HO10,0,brightness,2,0.8245,0.705,0.8078,0.5913
pdraw_wave,vgg16,V55HO10,0,brightness,3,0.9597,0.8168,0.8876,0.7835
pdraw_wave,vgg16,V55HO10,0,brightness,4,0.895,0.7287,0.814,0.6285
pdraw_wave,vgg16,V55HO10,0,brightness,5,0.8356,0.6693,0.7752,0.5553
pdraw_wave,vgg16,V55HO10,0,shadow,1,0.9587,0.9303,0.9345,0.7547
pdraw_wave,vgg16,V55HO10,0,shadow,2,0.9135,0.8568,0.8793,0.736
pdraw_wave,vgg16,V55HO10,0,shadow,3,0.7462,0.6308,0.77,0.4354
pdraw_wave,vgg16,V55HO10,0,shadow,4,0.4594,0.4311,0.6892,0.3573
pdraw_wave,vgg16,V55HO10,0,shadow,5,0.1649,0.026,0.6316,0.2176
pdraw_wave,vgg16,V55HO10,0,perspective,1,0.7418,0.6793,0.7905,0.5443
pdraw_wave,vgg16,V55HO10,0,perspective,2,0.4375,0.3871,0.6714,0.344
pdraw_wave,vgg16,V55HO10,0,perspective,3,0.5994,0.1803,0.6052,0.2372
pdraw_wave,vgg16,V55HO10,0,perspective,4,0.6347,0.1977,0.6243,0.2382
pdraw_wave,vgg16,V55HO10,0,perspective,5,0.6956,0.3383,0.6841,0.2432
pdraw_wave,vgg16,V55HO10,0,rotation,1,0.7097,0.4474,0.6018,0.3415
pdraw_wave,vgg16,V55HO10,0,rotation,2,0.7197,0.5088,0.7292,0.4269
pdraw_wave,vgg16,V55HO10,0,rotation,3,0.4145,0.4184,0.5826,0.3244
pdraw_wave,vgg16,V55HO10,0,rotation,4,0.263,0.3188,0.6735,0.3072
pdraw_wave,vgg16,V55HO10,0,rotation,5,0.5183,0.5178,0.5398,0.3516
pdraw_wave,vgg16,V08HO01,0,jpeg_compression,1,0.9983,0.966,0.9892,0.9414
pdraw_wave,vgg16,V08HO01,0,jpeg_compression,2,0.9957,0.931,0.9408,0.9482
pdraw_wave,vgg16,V08HO01,0,jpeg_compression,3,0.9827,0.9119,0.8808,0.8736
pdraw_wave,vgg16,V08HO01,0,jpeg_compression,4,0.9824,0.9441,0.8949,0.8776
pdraw_wave,vgg16,V08HO01,0,jpeg_compression,5,0.762,0.7074,0.6941,0.6661
pdraw_wave,vgg16,V08HO01,0,gaussian_blur,1,0.9791,0.9507,0.8185,0.8272
pdraw_wave,vgg16,V08HO01,0,gaussian_blur,2,0.9398,0.9285,0.7902,0.6653
pdraw_wave,vgg16,V08HO01,0,gaussian_blur,3,0.8947,0.8966,0.7643,0.5852
pdraw_wave,vgg16,V08HO01,0,gaussian_blur,4,0.8765,0.8968,0.7655,0.591
pdraw_wave,vgg16,V08HO01,0,gaussian_blur,5,0.8737,0.9002,0.7426,0.6485
pdraw_wave,vgg16,V08HO01,0,gaussian_noise,1,0.9957,0.9968,0.9588,0.932
pdraw_wave,vgg16,V08HO01,0,gaussian_noise,2,0.9776,0.916,0.8744,0.8748
pdraw_wave,vgg16,V08HO01,0,gaussian_noise,3,0.9843,0.9266,0.909,0.8673
pdraw_wave,vgg16,V08HO01,0,gaussian_noise,4,0.9521,0.8763,0.8539,0.7966
pdraw_wave,vgg16,V08HO01,0,gaussian_noise,5,0.9544,0.9151,0.9327,0.8666
pdraw_wave,vgg16,V08HO01,0,contrast,1,0.9798,0.8845,0.8958,0.8272
pdraw_wave,vgg16,V08HO01,0,contrast,2,0.9917,0.917,0.9516,0.9438
pdraw_wave,vgg16,V08HO01,0,contrast,3,0.9985,0.9801,0.9856,0.9525
pdraw_wave,vgg16,V08HO01,0,contrast,4,0.9948,0.9399,0.9469,0.92
pdraw_wave,vgg16,V08HO01,0,contrast,5,0.994,0.8479,0.8881,0.9047
pdraw_wave,vgg16,V08HO01,0,brightness,1,0.9076,0.7414,0.8212,0.7254
pdraw_wave,vgg16,V08HO01,0,brightness,2,0.968,0.8603,0.8328,0.7843
pdraw_wave,vgg16,V08HO01,0,brightness,3,0.9875,0.8882,0.8618,0.8699
pdraw_wave,vgg16,V08HO01,0,brightness,4,0.5733,0.642,0.7146,0.4866
pdraw_wave,vgg16,V08HO01,0,brightness,5,0.5341,0.6206,0.6951,0.4923
pdraw_wave,vgg16,V08HO01,0,shadow,1,0.9939,0.9076,0.8904,0.9414
pdraw_wave,vgg16,V08HO01,0,shadow,2,0.9922,0.9048,0.8828,0.927
pdraw_wave,vgg16,V08HO01,0,shadow,3,0.9862,0.9051,0.8719,0.9027
pdraw_wave,vgg16,V08HO01,0,shadow,4,0.9807,0.8849,0.8629,0.8822
pdraw_wave,vgg16,V08HO01,0,shadow,5,0.9628,0.8799,0.8349,0.8399
pdraw_wave,vgg16,V08HO01,0,perspective,1,0.8227,0.8478,0.8272,0.7486
pdraw_wave,vgg16,V08HO01,0,perspective,2,0.8442,0.8604,0.7848,0.7429
pdraw_wave,vgg16,V08HO01,0,perspective,3,0.8765,0.841,0.8299,0.7413
pdraw_wave,vgg16,V08HO01,0,perspective,4,0.8222,0.8025,0.7733,0.6627
pdraw_wave,vgg16,V08HO01,0,perspective,5,0.7874,0.7481,0.7538,0.6721
pdraw_wave,vgg16,V08HO01,0,rotation,1,0.5648,0.658,0.728,0.4993
pdraw_wave,vgg16,V08HO01,0,rotation,2,0.7916,0.7076,0.7486,0.6133
pdraw_wave,vgg16,V08HO01,0,rotation,3,0.4068,0.4008,0.6424,0.3488
pdraw_wave,vgg16,V08HO01,0,rotation,4,0.2336,0.4648,0.6234,0.3024
pdraw_wave,vgg16,V08HO01,0,rotation,5,0.4691,0.5703,0.7338,0.4523
pdraw_wave,vgg16,V07HO01,0,jpeg_compression,1,0.9989,0.9998,0.9914,0.9291
pdraw_wave,vgg16,V07HO01,0,jpeg_compression,2,0.9937,0.8453,0.9585,0.6861
pdraw_wave,vgg16,V07HO01,0,jpeg_compression,3,0.9894,0.7171,0.9155,0.4161
pdraw_wave,vgg16,V07HO01,0,jpeg_compression,4,0.9755,0.8687,0.9117,0.9078
pdraw_wave,vgg16,V07HO01,0,jpeg_compression,5,0.9058,0.8511,0.859,0.812
pdraw_wave,vgg16,V07HO01,0,gaussian_blur,1,0.992,0.8078,0.9227,0.6533
pdraw_wave,vgg16,V07HO01,0,gaussian_blur,2,0.9884,0.8069,0.9138,0.6417
pdraw_wave,vgg16,V07HO01,0,gaussian_blur,3,0.9864,0.7975,0.9041,0.6137
pdraw_wave,vgg16,V07HO01,0,gaussian_blur,4,0.9874,0.7851,0.9033,0.5709
pdraw_wave,vgg16,V07HO01,0,gaussian_blur,5,0.9919,0.7987,0.9167,0.6202
pdraw_wave,vgg16,V07HO01,0,gaussian_noise,1,0.9986,0.9997,0.991,0.932
pdraw_wave,vgg16,V07HO01,0,gaussian_noise,2,0.9896,0.9991,0.9748,0.8764
pdraw_wave,vgg16,V07HO01,0,gaussian_noise,3,0.9221,0.8416,0.9019,0.6861
pdraw_wave,vgg16,V07HO01,0,gaussian_noise,4,0.9761,0.9511,0.9528,0.933
pdraw_wave,vgg16,V07HO01,0,gaussian_noise,5,0.7355,0.9035,0.8005,0.7576
pdraw_wave,vgg16,V07HO01,0,contrast,1,0.9494,0.5675,0.88,0.3301
pdraw_wave,vgg16,V07HO01,0,contrast,2,0.9806,0.717,0.9067,0.4161
pdraw_wave,vgg16,V07HO01,0,contrast,3,0.9969,0.9521,0.9697,0.9655
pdraw_wave,vgg16,V07HO01,0,contrast,4,0.9799,0.9302,0.9122,0.8186
pdraw_wave,vgg16,V07HO01,0,contrast,5,0.9703,0.9233,0.8965,0.7793
pdraw_wave,vgg16,V07HO01,0,brightness,1,0.9471,0.8138,0.9115,0.662
pdraw_wave,vgg16,V07HO01,0,brightness,2,0.9688,0.9495,0.9499,0.9289
pdraw_wave,vgg16,V07HO01,0,brightness,3,0.9721,0.9984,0.9352,0.9215
pdraw_wave,vgg16,V07HO01,0,brightness,4,0.2568,0.3996,0.826,0.1212
pdraw_wave,vgg16,V07HO01,0,brightness,5,0.0714,0.1858,0.6016,0.2204
pdraw_wave,vgg16,V07HO01,0,shadow,1,0.9903,0.9994,0.9577,0.9193
pdraw_wave,vgg16,V07HO01,0,shadow,2,0.975,0.9984,0.9442,0.9376
pdraw_wave,vgg16,V07HO01,0,shadow,3,0.9478,0.7971,0.8972,0.912
pdraw_wave,vgg16,V07HO01,0,shadow,4,0.9003,0.6781,0.8814,0.6445
pdraw_wave,vgg16,V07HO01,0,shadow,5,0.8918,0.8159,0.883,0.662
pdraw_wave,vgg16,V07HO01,0,perspective,1,0.2568,0.3996,0.826,0.1212
pdraw_wave,vgg16,V07HO01,0,perspective,2,0.2568,0.3996,0.826,0.1212
pdraw_wave,vgg16,V07HO01,0,perspective,3,0.8457,0.6216,0.8641,0.2854
pdraw_wave,vgg16,V07HO01,0,perspective,4,0.7193,0.464,0.8213,0.2854
pdraw_wave,vgg16,V07HO01,0,perspective,5,0.7013,0.5102,0.8314,0.2854
pdraw_wave,vgg16,V07HO01,0,rotation,1,0.2568,0.3996,0.826,0.1212
pdraw_wave,vgg16,V07HO01,0,rotation,2,-0.0519,0.0573,0.737,0.1688
pdraw_wave,vgg16,V07HO01,0,rotation,3,0.2568,0.3996,0.826,0.1212
pdraw_wave,vgg16,V07HO01,0,rotation,4,-0.0557,0.126,0.7115,0.2071
pdraw_wave,vgg16,V07HO01,0,rotation,5,0.2086,0.2741,0.7262,0.1598
pdraw_wave,vgg16,V55HO11,0,jpeg_compression,1,0.9925,0.9853,0.9464,0.8988
pdraw_wave,vgg16,V55HO11,0,jpeg_compression,2,0.9875,0.9772,0.9444,0.8752
pdraw_wave,vgg16,V55HO11,0,jpeg_compression,3,0.9892,0.9905,0.9663,0.9092
pdraw_wave,vgg16,V55HO11,0,jpeg_compression,4,0.9259,0.9592,0.875,0.7151
pdraw_wave,vgg16,V55HO11,0,jpeg_compression,5,0.5737,0.7535,0.5614,0.3305
pdraw_wave,vgg16,V55HO11,0,gaussian_blur,1,0.9514,0.964,0.8225,0.7166
pdraw_wave,vgg16,V55HO11,0,gaussian_blur,2,0.913,0.9131,0.7546,0.6148
pdraw_wave,vgg16,V55HO11,0,gaussian_blur,3,0.8063,0.8146,0.6276,0.4418
pdraw_wave,vgg16,V55HO11,0,gaussian_blur,4,0.6793,0.6684,0.559,0.3478
pdraw_wave,vgg16,V55HO11,0,gaussian_blur,5,0.5759,0.5539,0.5039,0.308
pdraw_wave,vgg16,V55HO11,0,gaussian_noise,1,0.986,0.9907,0.9563,0.8252
pdraw_wave,vgg16,V55HO11,0,gaussian_noise,2,0.9651,0.9464,0.8649,0.8092
pdraw_wave,vgg16,V55HO11,0,gaussian_noise,3,0.9286,0.924,0.8017,0.7291
pdraw_wave,vgg16,V55HO11,0,gaussian_noise,4,0.8777,0.8236,0.6861,0.5881
pdraw_wave,vgg16,V55HO11,0,gaussian_noise,5,0.8132,0.7878,0.6574,0.5656
pdraw_wave,vgg16,V55HO11,0,contrast,1,0.8904,0.7269,0.7454,0.6467
pdraw_wave,vgg16,V55HO11,0,contrast,2,0.9512,0.9442,0.8615,0.6991
pdraw_wave,vgg16,V55HO11,0,contrast,3,0.9874,0.9824,0.9491,0.8254
pdraw_wave,vgg16,V55HO11,0,contrast,4,0.9585,0.9539,0.8607,0.778
pdraw_wave,vgg16,V55HO11,0,contrast,5,0.9293,0.9492,0.8029,0.694
pdraw_wave,vgg16,V55HO11,0,brightness,1,0.8694,0.8288,0.6244,0.6051
pdraw_wave,vgg16,V55HO11,0,brightness,2,0.9331,0.9273,0.734,0.7414
pdraw_wave,vgg16,V55HO11,0,brightness,3,0.9766,0.9575,0.8732,0.8327
pdraw_wave,vgg16,V55HO11,0,brightness,4,0.4707,0.5108,0.4531,0.3012
pdraw_wave,vgg16,V55HO11,0,brightness,5,0.4098,0.5124,0.4632,0.3114
pdraw_wave,vgg16,V55HO11,0,shadow,1,0.9897,0.9645,0.9081,0.8989
pdraw_wave,vgg16,V55HO11,0,shadow,2,0.9691,0.9498,0.867,0.7848
pdraw_wave,vgg16,V55HO11,0,shadow,3,0.9542,0.9373,0.8412,0.7404
pdraw_wave,vgg16,V55HO11,0,shadow,4,0.9281,0.8542,0.758,0.6934
pdraw_wave,vgg16,V55HO11,0,shadow,5,0.9184,0.8265,0.7207,0.6925
pdraw_wave,vgg16,V55HO11,0,perspective,1,0.7969,0.7416,0.6973,0.514
pdraw_wave,vgg16,V55HO11,0,perspective,2,0.7402,0.7019,0.5498,0.4045
pdraw_wave,vgg16,V55HO11,0,perspective,3,0.6517,0.5934,0.6024,0.3782
pdraw_wave,vgg16,V55HO11,0,perspective,4,0.5555,0.4266,0.524,0.274
pdraw_wave,vgg16,V55HO11,0,perspective,5,0.7044,0.6052,0.5538,0.3562
pdraw_wave,vgg16,V55HO11,0,rotation,1,0.3817,0.5439,0.5417,0.2407
pdraw_wave,vgg16,V55HO11,0,rotation,2,0.27,0.3695,0.4634,0.3057
pdraw_wave,vgg16,V55HO11,0,rotation,3,0.1335,0.1945,0.4197,0.1792
pdraw_wave,vgg16,V55HO11,0,rotation,4,-0.1029,-0.0748,0.2558,0.0428
pdraw_wave,vgg16,V55HO11,0,rotation,5,0.0452,0.1882,0.3907,0.1035
pdraw_wave,vgg16,V03PO01,1,jpeg_compression,1,0.9948,0.9949,0.9881,0.916
pdraw_wave,vgg16,V03PO01,1,jpeg_compression,2,0.984,0.988,0.9705,0.8125
pdraw_wave,vgg16,V03PO01,1,jpeg_compression,3,0.9834,0.9754,0.9307,0.9091
pdraw_wave,vgg16,V03PO01,1,jpeg_compression,4,0.9645,0.9673,0.9053,0.7872
pdraw_wave,vgg16,V03PO01,1,jpeg_compression,5,0.6755,0.732,0.7319,0.3651
pdraw_wave,vgg16,V03PO01,1,gaussian_blur,1,0.9581,0.9588,0.8454,0.7663
pdraw_wave,vgg16,V03PO01,1,gaussian_blur,2,0.9133,0.9117,0.7631,0.6658
pdraw_wave,vgg16,V03PO01,1,gaussian_blur,3,0.8346,0.826,0.7215,0.5998
pdraw_wave,vgg16,V03PO01,1,gaussian_blur,4,0.8263,0.8156,0.7102,0.5851
pdraw_wave,vgg16,V03PO01,1,gaussian_blur,5,0.8374,0.819,0.6966,0.6447
pdraw_wave,vgg16,V03PO01,1,gaussian_noise,1,0.9937,0.9911,0.9631,0.9131
pdraw_wave,vgg16,V03PO01,1,gaussian_noise,2,0.9552,0.9637,0.8779,0.807
pdraw_wave,vgg16,V03PO01,1,gaussian_noise,3,0.9395,0.9651,0.8618,0.675
pdraw_wave,vgg16,V03PO01,1,gaussian_noise,4,0.8519,0.862,0.6985,0.6066
pdraw_wave,vgg16,V03PO01,1,gaussian_noise,5,0.7271,0.7212,0.6173,0.4537
pdraw_wave,vgg16,V03PO01,1,contrast,1,0.9346,0.9415,0.8962,0.7296
pdraw_wave,vgg16,V03PO01,1,contrast,2,0.9879,0.9859,0.9638,0.843
pdraw_wave,vgg16,V03PO01,1,contrast,3,0.997,0.9966,0.986,0.9011
pdraw_wave,vgg16,V03PO01,1,contrast,4,0.9976,0.9964,0.9857,0.9478
pdraw_wave,vgg16,V03PO01,1,contrast,5,0.9958,0.9942,0.98,0.9215
pdraw_wave,vgg16,V03PO01,1,brightness,1,0.799,0.8166,0.7946,0.6719
pdraw_wave,vgg16,V03PO01,1,brightness,2,0.9169,0.9313,0.8925,0.7769
pdraw_wave,vgg16,V03PO01,1,brightness,3,0.9731,0.981,0.9548,0.8568
pdraw_wave,vgg16,V03PO01,1,brightness,4,0.4476,0.4306,0.4041,0.2549
pdraw_wave,vgg16,V03PO01,1,brightness,5,0.299,0.2391,0.3488,0.2197
pdraw_wave,vgg16,V03PO01,1,shadow,1,0.98,0.9876,0.9632,0.8842
pdraw_wave,vgg16,V03PO01,1,shadow,2,0.9474,0.9688,0.9175,0.7846
pdraw_wave,vgg16,V03PO01,1,shadow,3,0.8966,0.9325,0.8803,0.6617
pdraw_wave,vgg16,V03PO01,1,shadow,4,0.7991,0.8391,0.8124,0.5807
pdraw_wave,vgg16,V03PO01,1,shadow,5,0.7236,0.7506,0.7309,0.5337
pdraw_wave,vgg16,V03PO01,1,perspective,1,0.4768,0.5305,0.6641,0.2259
pdraw_wave,vgg16,V03PO01,1,perspective,2,0.3967,0.4236,0.5842,0.1767
pdraw_wave,vgg16,V03PO01,1,perspective,3,0.3796,0.4271,0.5014,0.1482
pdraw_wave,vgg16,V03PO01,1,perspective,4,0.369,0.4026,0.5271,0.2182
pdraw_wave,vgg16,V03PO01,1,perspective,5,0.2704,0.2659,0.5003,0.1431
pdraw_wave,vgg16,V03PO01,1,rotation,1,0.4067,0.3867,0.5604,0.322
pdraw_wave,vgg16,V03PO01,1,rotation,2,0.3461,0.3391,0.471,0.2739
pdraw_wave,vgg16,V03PO01,1,rotation,3,-0.2313,-0.1331,0.3703,0.0812
pdraw_wave,vgg16,V03PO01,1,rotation,4,0.2678,0.2885,0.3157,0.1433
pdraw_wave,vgg16,V03PO01,1,rotation,5,-0.1825,-0.1119,0.3667,0.0574
pdraw_wave,vgg16,V11PO01,1,jpeg_compression,1,0.9913,0.9871,0.9598,0.8491
pdraw_wave,vgg16,V11PO01,1,jpeg_compression,2,0.9889,0.9537,0.937,0.8287
pdraw_wave,vgg16,V11PO01,1,jpeg_compression,3,0.9719,0.9739,0.9377,0.7984
pdraw_wave,vgg16,V11PO01,1,jpeg_compression,4,0.9591,0.9524,0.9193,0.733
pdraw_wave,vgg16,V11PO01,1,jpeg_compression,5,0.613,0.7034,0.6957,0.4015
pdraw_wave,vgg16,V11PO01,1,gaussian_blur,1,0.9728,0.8729,0.8024,0.846
pdraw_wave,vgg16,V11PO01,1,gaussian_blur,2,0.9511,0.7999,0.7192,0.812
pdraw_wave,vgg16,V11PO01,1,gaussian_blur,3,0.8603,0.6706,0.532,0.602
pdraw_wave,vgg16,V11PO01,1,gaussian_blur,4,0.8123,0.5668,0.5022,0.5082
pdraw_wave,vgg16,V11PO01,1,gaussian_blur,5,0.8197,0.5545,0.4711,0.5013
pdraw_wave,vgg16,V11PO01,1,gaussian_noise,1,0.9915,0.9629,0.936,0.8859
pdraw_wave,vgg16,V11PO01,1,gaussian_noise,2,0.9841,0.9432,0.9176,0.8785
pdraw_wave,vgg16,V11PO01,1,gaussian_noise,3,0.9539,0.8843,0.8539,0.7512
pdraw_wave,vgg16,V11PO01,1,gaussian_noise,4,0.9511,0.8416,0.7951,0.8128
pdraw_wave,vgg16,V11PO01,1,gaussian_noise,5,0.9418,0.8139,0.8111,0.7918
pdraw_wave,vgg16,V11PO01,1,contrast,1,0.9352,0.7686,0.7682,0.747
pdraw_wave,vgg16,V11PO01,1,contrast,2,0.988,0.9784,0.943,0.9217
pdraw_wave,vgg16,V11PO01,1,contrast,3,0.998,0.98,0.9791,0.9527
pdraw_wave,vgg16,V11PO01,1,contrast,4,0.9938,0.997,0.9667,0.8443
pdraw_wave,vgg16,V11PO01,1,contrast,5,0.9896,0.9739,0.9532,0.8122
pdraw_wave,vgg16,V11PO01,1,brightness,1,0.7746,0.3316,0.5482,0.4141
pdraw_wave,vgg16,V11PO01,1,brightness,2,0.8987,0.7454,0.6825,0.5807
pdraw_wave,vgg16,V11PO01,1,brightness,3,0.9486,0.8681,0.7904,0.7023
pdraw_wave,vgg16,V11PO01,1,brightness,4,0.2998,0.5056,0.6133,0.3258
pdraw_wave,vgg16,V11PO01,1,brightness,5,0.1645,0.204,0.5844,0.2613
pdraw_wave,vgg16,V11PO01,1,shadow,1,0.9722,0.9543,0.8967,0.7425
pdraw_wave,vgg16,V11PO01,1,shadow,2,0.9283,0.7985,0.7862,0.6225
pdraw_wave,vgg16,V11PO01,1,shadow,3,0.8982,0.6029,0.6685,0.5796
pdraw_wave,vgg16,V11PO01,1,shadow,4,0.8808,0.5947,0.6284,0.5717
pdraw_wave,vgg16,V11PO01,1,shadow,5,0.8749,0.5682,0.5991,0.5643
pdraw_wave,vgg16,V11PO01,1,perspective,1,0.8454,0.7227,0.7242,0.6729
pdraw_wave,vgg16,V11PO01,1,perspective,2,0.7762,0.5834,0.6518,0.5979
pdraw_wave,vgg16,V11PO01,1,perspective,3,0.851,0.7509,0.7215,0.6078
pdraw_wave,vgg16,V11PO01,1,perspective,4,0.7393,0.5793,0.6796,0.4433
pdraw_wave,vgg16,V11PO01,1,perspective,5,0.6195,0.431,0.5806,0.3839
pdraw_wave,vgg16,V11PO01,1,rotation,1,0.226,0.3031,0.549,0.1708
pdraw_wave,vgg16,V11PO01,1,rotation,2,0.4458,0.6737,0.6873,0.4216
pdraw_wave,vgg16,V11PO01,1,rotation,3,0.2063,0.0823,0.4886,0.1746
pdraw_wave,vgg16,V11PO01,1,rotation,4,0.0952,0.3169,0.556,0.1349
pdraw_wave,vgg16,V11PO01,1,rotation,5,0.0973,0.0733,0.2882,0.1934
pdraw_wave,vgg16,V08PO01,1,jpeg_compression,1,0.995,0.9997,0.9946,0.9803
pdraw_wave,vgg16,V08PO01,1,jpeg_compression,2,0.9448,0.8956,0.9037,0.7254
pdraw_wave,vgg16,V08PO01,1,jpeg_compression,3,0.9499,0.6729,0.8691,0.6313
pdraw_wave,vgg16,V08PO01,1,jpeg_compression,4,0.9642,0.7611,0.8552,0.551
pdraw_wave,vgg16,V08PO01,1,jpeg_compression,5,0.9518,0.8109,0.9127,0.7139
pdraw_wave,vgg16,V08PO01,1,gaussian_blur,1,0.9886,0.8548,0.9355,0.7947
pdraw_wave,vgg16,V08PO01,1,gaussian_blur,2,0.9742,0.7322,0.836,0.6269
pdraw_wave,vgg16,V08PO01,1,gaussian_blur,3,0.9447,0.7009,0.7924,0.5338
pdraw_wave,vgg16,V08PO01,1,gaussian_blur,4,0.9214,0.7363,0.8452,0.5027
pdraw_wave,vgg16,V08PO01,1,gaussian_blur,5,0.8843,0.726,0.8249,0.5697
pdraw_wave,vgg16,V08PO01,1,gaussian_noise,1,0.9875,0.9006,0.9307,0.7987
pdraw_wave,vgg16,V08PO01,1,gaussian_noise,2,0.9829,0.8292,0.9138,0.7109
pdraw_wave,vgg16,V08PO01,1,gaussian_noise,3,0.9743,0.788,0.9331,0.7176
pdraw_wave,vgg16,V08PO01,1,gaussian_noise,4,0.9274,0.776,0.887,0.6834
pdraw_wave,vgg16,V08PO01,1,gaussian_noise,5,0.9573,0.722,0.8733,0.6467
pdraw_wave,vgg16,V08PO01,1,contrast,1,0.9663,0.6748,0.8945,0.4929
pdraw_wave,vgg16,V08PO01,1,contrast,2,0.972,0.9019,0.9157,0.8122
pdraw_wave,vgg16,V08PO01,1,contrast,3,0.9931,0.9472,0.9679,0.9226
pdraw_wave,vgg16,V08PO01,1,contrast,4,0.9955,0.9538,0.9861,0.9419
pdraw_wave,vgg16,V08PO01,1,contrast,5,0.9935,0.8861,0.9554,0.8324
pdraw_wave,vgg16,V08PO01,1,brightness,1,0.9097,0.6746,0.877,0.4929
pdraw_wave,vgg16,V08PO01,1,brightness,2,0.9364,0.9549,0.9315,0.8418
pdraw_wave,vgg16,V08PO01,1,brightness,3,0.9542,0.9159,0.9112,0.8806
pdraw_wave,vgg16,V08PO01,1,brightness,4,0.1463,0.3919,0.8057,0.2329
pdraw_wave,vgg16,V08PO01,1,brightness,5,0.1463,0.3919,0.8057,0.2329
pdraw_wave,vgg16,V08PO01,1,shadow,1,0.9823,0.9559,0.9605,0.8934
pdraw_wave,vgg16,V08PO01,1,shadow,2,0.9657,0.997,0.9541,0.8588
pdraw_wave,vgg16,V08PO01,1,shadow,3,0.9521,0.9531,0.9356,0.8117
pdraw_wave,vgg16,V08PO01,1,shadow,4,0.8628,0.9528,0.9101,0.8063
pdraw_wave,vgg16,V08PO01,1,shadow,5,0.7179,0.9021,0.9226,0.8122
pdraw_wave,vgg16,V08PO01,1,perspective,1,0.447,0.6857,0.8408,0.408
pdraw_wave,vgg16,V08PO01,1,perspective,2,0.8661,0.4993,0.8363,0.3368
pdraw_wave,vgg16,V08PO01,1,perspective,3,0.8756,0.6101,0.8647,0.3701
pdraw_wave,vgg16,V08PO01,1,perspective,4,0.752,0.502,0.8239,0.3368
pdraw_wave,vgg16,V08PO01,1,perspective,5,0.7473,0.5039,0.8343,0.3368
pdraw_wave,vgg16,V08PO01,1,rotation,1,0.1463,0.3919,0.8057,0.2329
pdraw_wave,vgg16,V08PO01,1,rotation,2,-0.0596,-0.1616,0.731,0.2256
pdraw_wave,vgg16,V08PO01,1,rotation,3,0.1273,0.3737,0.7977,0.2343
pdraw_wave,vgg16,V08PO01,1,rotation,4,-0.0903,-0.2648,0.6678,0.0285
pdraw_wave,vgg16,V08PO01,1,rotation,5,0.1615,0.491,0.7524,0.4032
pdraw_wave,vgg16,V06PO01,1,jpeg_compression,1,0.9979,0.9967,0.9838,0.9502
pdraw_wave,vgg16,V06PO01,1,jpeg_compression,2,0.9898,0.9875,0.9468,0.8738
pdraw_wave,vgg16,V06PO01,1,jpeg_compression,3,0.9666,0.98,0.889,0.7948
pdraw_wave,vgg16,V06PO01,1,jpeg_compression,4,0.9481,0.9426,0.8558,0.7396
pdraw_wave,vgg16,V06PO01,1,jpeg_compression,5,0.6966,0.566,0.5223,0.4372
pdraw_wave,vgg16,V06PO01,1,gaussian_blur,1,0.966,0.9713,0.7814,0.7498
pdraw_wave,vgg16,V06PO01,1,gaussian_blur,2,0.9284,0.9324,0.7335,0.6707
pdraw_wave,vgg16,V06PO01,1,gaussian_blur,3,0.9257,0.9338,0.7262,0.6681
pdraw_wave,vgg16,V06PO01,1,gaussian_blur,4,0.8803,0.9062,0.6958,0.5719
pdraw_wave,vgg16,V06PO01,1,gaussian_blur,5,0.8293,0.8457,0.671,0.5427
pdraw_wave,vgg16,V06PO01,1,gaussian_noise,1,0.9948,0.9957,0.9795,0.9133
pdraw_wave,vgg16,V06PO01,1,gaussian_noise,2,0.9814,0.9823,0.9151,0.8452
pdraw_wave,vgg16,V06PO01,1,gaussian_noise,3,0.9138,0.9225,0.6564,0.654
pdraw_wave,vgg16,V06PO01,1,gaussian_noise,4,0.8805,0.8855,0.5297,0.6717
pdraw_wave,vgg16,V06PO01,1,gaussian_noise,5,0.8295,0.7832,0.5037,0.6466
pdraw_wave,vgg16,V06PO01,1,contrast,1,0.9427,0.9472,0.8823,0.6542
pdraw_wave,vgg16,V06PO01,1,contrast,2,0.9893,0.9905,0.9654,0.8384
pdraw_wave,vgg16,V06PO01,1,contrast,3,0.997,0.9972,0.9878,0.9319
pdraw_wave,vgg16,V06PO01,1,contrast,4,0.9941,0.9912,0.9423,0.9248
pdraw_wave,vgg16,V06PO01,1,contrast,5,0.9863,0.9823,0.9125,0.8847
pdraw_wave,vgg16,V06PO01,1,brightness,1,0.8461,0.8383,0.776,0.4413
pdraw_wave,vgg16,V06PO01,1,brightness,2,0.9323,0.9441,0.8492,0.6432
pdraw_wave,vgg16,V06PO01,1,brightness,3,0.9714,0.9798,0.8941,0.7317
pdraw_wave,vgg16,V06PO01,1,brightness,4,0.6826,0.4874,0.3495,0.4122
pdraw_wave,vgg16,V06PO01,1,brightness,5,0.6661,0.4681,0.3125,0.415
pdraw_wave,vgg16,V06PO01,1,shadow,1,0.9858,0.991,0.9362,0.7936
pdraw_wave,vgg16,V06PO01,1,shadow,2,0.9654,0.9725,0.8777,0.6759
pdraw_wave,vgg16,V06PO01,1,shadow,3,0.9294,0.9361,0.8271,0.6073
pdraw_wave,vgg16,V06PO01,1,shadow,4,0.8749,0.8685,0.7541,0.5591
pdraw_wave,vgg16,V06PO01,1,shadow,5,0.7818,0.7393,0.6853,0.4828
pdraw_wave,vgg16,V06PO01,1,perspective,1,0.8288,0.7479,0.7118,0.5787
pdraw_wave,vgg16,V06PO01,1,perspective,2,0.7782,0.8105,0.6583,0.3918
pdraw_wave,vgg16,V06PO01,1,perspective,3,0.7509,0.7263,0.6406,0.4163
pdraw_wave,vgg16,V06PO01,1,perspective,4,0.6782,0.6335,0.5956,0.4063
pdraw_wave,vgg16,V06PO01,1,perspective,5,0.6804,0.5926,0.6009,0.4552
pdraw_wave,vgg16,V06PO01,1,rotation,1,0.6977,0.6874,0.5976,0.4669
pdraw_wave,vgg16,V06PO01,1,rotation,2,0.6489,0.5823,0.5795,0.4528
pdraw_wave,vgg16,V06PO01,1,rotation,3,0.4452,0.3564,0.3665,0.2585
pdraw_wave,vgg16,V06PO01,1,rotation,4,0.2962,0.3962,0.3805,0.2554
pdraw_wave,vgg16,V06PO01,1,rotation,5,0.1428,0.2122,0.2799,0.1297
pdraw_wave,vgg16,V03PO07,1,jpeg_compression,1,0.9987,0.9987,0.9933,0.9228
pdraw_wave,vgg16,V03PO07,1,jpeg_compression,2,0.9941,0.9934,0.9605,0.9198
pdraw_wave,vgg16,V03PO07,1,jpeg_compression,3,0.9923,0.9921,0.968,0.8089
pdraw_wave,vgg16,V03PO07,1,jpeg_compression,4,0.9694,0.9679,0.9222,0.7886
pdraw_wave,vgg16,V03PO07,1,jpeg_compression,5,0.2766,0.3674,0.4635,0.0435
pdraw_wave,vgg16,V03PO07,1,gaussian_blur,1,0.9495,0.9491,0.8499,0.6143
pdraw_wave,vgg16,V03PO07,1,gaussian_blur,2,0.902,0.9064,0.8018,0.5557
pdraw_wave,vgg16,V03PO07,1,gaussian_blur,3,0.8701,0.88,0.786,0.5369
pdraw_wave,vgg16,V03PO07,1,gaussian_blur,4,0.8801,0.888,0.7882,0.5556
pdraw_wave,vgg16,V03PO07,1,gaussian_blur,5,0.8838,0.891,0.7933,0.5708
pdraw_wave,vgg16,V03PO07,1,gaussian_noise,1,0.9933,0.9933,0.9746,0.7641
pdraw_wave,vgg16,V03PO07,1,gaussian_noise,2,0.9321,0.9387,0.8975,0.4748
pdraw_wave,vgg16,V03PO07,1,gaussian_noise,3,0.9109,0.9252,0.7513,0.4694
pdraw_wave,vgg16,V03PO07,1,gaussian_noise,4,0.8526,0.8466,0.7362,0.4812
pdraw_wave,vgg16,V03PO07,1,gaussian_noise,5,0.7916,0.7859,0.6993,0.4062
pdraw_wave,vgg16,V03PO07,1,contrast,1,0.9808,0.978,0.9231,0.6187
pdraw_wave,vgg16,V03PO07,1,contrast,2,0.9973,0.9971,0.9755,0.918
pdraw_wave,vgg16,V03PO07,1,contrast,3,0.9993,0.9992,0.9947,0.9322
pdraw_wave,vgg16,V03PO07,1,contrast,4,0.9973,0.9971,0.9882,0.9116
pdraw_wave,vgg16,V03PO07,1,contrast,5,0.9952,0.995,0.9826,0.8914
pdraw_wave,vgg16,V03PO07,1,brightness,1,0.9346,0.9458,0.8578,0.5171
pdraw_wave,vgg16,V03PO07,1,brightness,2,0.9667,0.9708,0.8685,0.6295
pdraw_wave,vgg16,V03PO07,1,brightness,3,0.9827,0.9828,0.8723,0.6771
pdraw_wave,vgg16,V03PO07,1,brightness,4,0.6219,0.6808,0.4593,0.3818
pdraw_wave,vgg16,V03PO07,1,brightness,5,0.389,0.3532,0.482,0.2152
pdraw_wave,vgg16,V03PO07,1,shadow,1,0.989,0.9875,0.9547,0.7043
pdraw_wave,vgg16,V03PO07,1,shadow,2,0.9739,0.9729,0.8798,0.6731
pdraw_wave,vgg16,V03PO07,1,shadow,3,0.9641,0.9664,0.8813,0.651
pdraw_wave,vgg16,V03PO07,1,shadow,4,0.9312,0.9386,0.8687,0.601
pdraw_wave,vgg16,V03PO07,1,shadow,5,0.8964,0.8935,0.8592,0.5178
pdraw_wave,vgg16,V03PO07,1,perspective,1,0.5375,0.5607,0.6541,0.2963
pdraw_wave,vgg16,V03PO07,1,perspective,2,0.43,0.4808,0.59,0.1433
pdraw_wave,vgg16,V03PO07,1,perspective,3,0.3664,0.435,0.5323,0.1072
pdraw_wave,vgg16,V03PO07,1,perspective,4,0.3874,0.4143,0.5542,0.2457
pdraw_wave,vgg16,V03PO07,1,perspective,5,0.2306,0.2171,0.5125,0.2138
pdraw_wave,vgg16,V03PO07,1,rotation,1,0.1987,0.2519,0.4843,0.1168
pdraw_wave,vgg16,V03PO07,1,rotation,2,0.3232,0.2821,0.5272,0.2933
pdraw_wave,vgg16,V03PO07,1,rotation,3,0.1632,0.2212,0.5035,0.1027
pdraw_wave,vgg16,V03PO07,1,rotation,4,0.4077,0.4378,0.4918,0.2666
pdraw_wave,vgg16,V03PO07,1,rotation,5,-0.1333,-0.0771,0.3328,0.0885
pdraw_wave,efficientnet_b0,V09HO01,0,jpeg_compression,1,0.9984,0.9998,0.9949,0.9521
pdraw_wave,efficientnet_b0,V09HO01,0,jpeg_compression,2,0.9839,0.9687,0.9623,0.9263
pdraw_wave,efficientnet_b0,V09HO01,0,jpeg_compression,3,0.9948,0.917,0.9444,0.9554
pdraw_wave,efficientnet_b0,V09HO01,0,jpeg_compression,4,0.9946,0.9982,0.9742,0.8941
pdraw_wave,efficientnet_b0,V09HO01,0,jpeg_compression,5,0.7146,0.8028,0.7035,0.6722
pdraw_wave,efficientnet_b0,V09HO01,0,gaussian_blur,1,0.9918,0.9445,0.9621,0.941
pdraw_wave,efficientnet_b0,V09HO01,0,gaussian_blur,2,0.9946,0.947,0.9803,0.9504
pdraw_wave,efficientnet_b0,V09HO01,0,gaussian_blur,3,0.9723,0.8885,0.8945,0.8219
pdraw_wave,efficientnet_b0,V09HO01,0,gaussian_blur,4,0.9773,0.8775,0.8964,0.8391
pdraw_wave,efficientnet_b0,V09HO01,0,gaussian_blur,5,0.9786,0.7888,0.8907,0.7985
pdraw_wave,efficientnet_b0,V09HO01,0,gaussian_noise,1,0.9982,0.9449,0.9702,0.9444
pdraw_wave,efficientnet_b0,V09HO01,0,gaussian_noise,2,0.9876,0.9155,0.9273,0.8875
pdraw_wave,efficientnet_b0,V09HO01,0,gaussian_noise,3,0.9818,0.8428,0.8939,0.8196
pdraw_wave,efficientnet_b0,V09HO01,0,gaussian_noise,4,0.995,0.8802,0.9334,0.9151
pdraw_wave,efficientnet_b0,V09HO01,0,gaussian_noise,5,0.9681,0.8405,0.8949,0.8516
pdraw_wave,efficientnet_b0,V09HO01,0,contrast,1,0.9767,0.814,0.8552,0.8498
pdraw_wave,efficientnet_b0,V09HO01,0,contrast,2,0.9912,0.88,0.8976,0.9006
pdraw_wave,efficientnet_b0,V09HO01,0,contrast,3,0.9962,0.917,0.9443,0.9418
pdraw_wave,efficientnet_b0,V09HO01,0,contrast,4,0.9927,0.9575,0.9282,0.8645
pdraw_wave,efficientnet_b0,V09HO01,0,contrast,5,0.983,0.8948,0.8399,0.8231
pdraw_wave,efficientnet_b0,V09HO01,0,brightness,1,0.9608,0.8231,0.8051,0.7556
pdraw_wave,efficientnet_b0,V09HO01,0,brightness,2,0.97,0.8742,0.8175,0.7681
pdraw_wave,efficientnet_b0,V09HO01,0,brightness,3,0.9855,0.9616,0.9142,0.8346
pdraw_wave,efficientnet_b0,V09HO01,0,brightness,4,0.5564,0.7222,0.7182,0.5829
pdraw_wave,efficientnet_b0,V09HO01,0,brightness,5,0.5845,0.623,0.7018,0.5553
pdraw_wave,efficientnet_b0,V09HO01,0,shadow,1,0.9909,0.9981,0.959,0.9116
pdraw_wave,efficientnet_b0,V09HO01,0,shadow,2,0.9697,0.8925,0.8119,0.8486
pdraw_wave,efficientnet_b0,V09HO01,0,shadow,3,0.941,0.8601,0.6984,0.7747
pdraw_wave,efficientnet_b0,V09HO01,0,shadow,4,0.9068,0.8373,0.6528,0.7279
pdraw_wave,efficientnet_b0,V09HO01,0,shadow,5,0.8682,0.813,0.6424,0.6627
pdraw_wave,efficientnet_b0,V09HO01,0,perspective,1,0.712,0.6207,0.6848,0.4819
pdraw_wave,efficientnet_b0,V09HO01,0,perspective,2,0.5164,0.4672,0.6087,0.422
pdraw_wave,efficientnet_b0,V09HO01,0,perspective,3,0.4477,0.4399,0.5905,0.3497
pdraw_wave,efficientnet_b0,V09HO01,0,perspective,4,0.2842,0.3425,0.6236,0.3152
pdraw_wave,efficientnet_b0,V09HO01,0,perspective,5,0.6435,0.4921,0.6538,0.4028
pdraw_wave,efficientnet_b0,V09HO01,0,rotation,1,0.8323,0.7099,0.7716,0.6086
pdraw_wave,efficientnet_b0,V09HO01,0,rotation,2,0.0781,0.108,0.4422,0.1158
pdraw_wave,efficientnet_b0,V09HO01,0,rotation,3,0.5237,0.6134,0.5824,0.4622
pdraw_wave,efficientnet_b0,V09HO01,0,rotation,4,-0.0533,0.0332,0.4011,0.0128
pdraw_wave,efficientnet_b0,V09HO01,0,rotation,5,0.4605,0.5346,0.4857,0.3429
pdraw_wave,efficientnet_b0,V55HO10,0,jpeg_compression,1,0.9956,0.9989,0.962,0.9431
pdraw_wave,efficientnet_b0,V55HO10,0,jpeg_compression,2,0.9853,0.9978,0.9626,0.9131
pdraw_wave,efficientnet_b0,V55HO10,0,jpeg_compression,3,0.9862,0.9575,0.9217,0.9071
pdraw_wave,efficientnet_b0,V55HO10,0,jpeg_compression,4,0.9381,0.9419,0.8308,0.9118
pdraw_wave,efficientnet_b0,V55HO10,0,jpeg_compression,5,0.76,0.876,0.6709,0.5065
pdraw_wave,efficientnet_b0,V55HO10,0,gaussian_blur,1,0.9768,0.9741,0.9174,0.925
pdraw_wave,efficientnet_b0,V55HO10,0,gaussian_blur,2,0.9729,0.984,0.9285,0.8831
pdraw_wave,efficientnet_b0,V55HO10,0,gaussian_blur,3,0.9143,0.9661,0.9009,0.6901
pdraw_wave,efficientnet_b0,V55HO10,0,gaussian_blur,4,0.8397,0.9436,0.8463,0.6144
pdraw_wave,efficientnet_b0,V55HO10,0,gaussian_blur,5,0.8047,0.9352,0.8185,0.5655
pdraw_wave,efficientnet_b0,V55HO10,0,gaussian_noise,1,0.9857,0.9879,0.941,0.8745
pdraw_wave,efficientnet_b0,V55HO10,0,gaussian_noise,2,0.9677,0.9333,0.8713,0.8895
pdraw_wave,efficientnet_b0,V55HO10,0,gaussian_noise,3,0.9331,0.8955,0.7896,0.9285
pdraw_wave,efficientnet_b0,V55HO10,0,gaussian_noise,4,0.932,0.8683,0.7919,0.8984
pdraw_wave,efficientnet_b0,V55HO10,0,gaussian_noise,5,0.9384,0.8479,0.7681,0.8049
pdraw_wave,efficientnet_b0,V55HO10,0,contrast,1,0.9018,0.9021,0.8394,0.6799
pdraw_wave,efficientnet_b0,V55HO10,0,contrast,2,0.9603,0.9087,0.8689,0.814
pdraw_wave,efficientnet_b0,V55HO10,0,contrast,3,0.9908,0.9979,0.9496,0.8872
pdraw_wave,efficientnet_b0,V55HO10,0,contrast,4,0.9957,0.9994,0.982,0.9644
pdraw_wave,efficientnet_b0,V55HO10,0,contrast,5,0.9868,0.9703,0.9245,0.9571
pdraw_wave,efficientnet_b0,V55HO10,0,brightness,1,0.9566,0.9104,0.841,0.8745
pdraw_wave,efficientnet_b0,V55HO10,0,brightness,2,0.9698,0.9113,0.8508,0.9162
pdraw_wave,efficientnet_b0,V55HO10,0,brightness,3,0.9797,0.9494,0.8701,0.9408
pdraw_wave,efficientnet_b0,V55HO10,0,brightness,4,0.8149,0.7928,0.7199,0.6218
pdraw_wave,efficientnet_b0,V55HO10,0,brightness,5,0.7288,0.7642,0.5536,0.4558
pdraw_wave,efficientnet_b0,V55HO10,0,shadow,1,0.9817,0.9977,0.9414,0.941
pdraw_wave,efficientnet_b0,V55HO10,0,shadow,2,0.959,0.9701,0.9103,0.8719
pdraw_wave,efficientnet_b0,V55HO10,0,shadow,3,0.9489,0.8527,0.7832,0.815
pdraw_wave,efficientnet_b0,V55HO10,0,shadow,4,0.9027,0.8063,0.7352,0.7469
pdraw_wave,efficientnet_b0,V55HO10,0,shadow,5,0.8759,0.7897,0.7202,0.7101
pdraw_wave,efficientnet_b0,V55HO10,0,perspective,1,0.5063,0.8284,0.7018,0.3681
pdraw_wave,efficientnet_b0,V55HO10,0,perspective,2,0.5581,0.8213,0.6933,0.3849
pdraw_wave,efficientnet_b0,V55HO10,0,perspective,3,0.4792,0.6551,0.6913,0.3055
pdraw_wave,efficientnet_b0,V55HO10,0,perspective,4,0.4621,0.7138,0.7142,0.2853
pdraw_wave,efficientnet_b0,V55HO10,0,perspective,5,0.3801,0.4677,0.612,0.2387
pdraw_wave,efficientnet_b0,V55HO10,0,rotation,1,0.5484,0.4922,0.5032,0.396
pdraw_wave,efficientnet_b0,V55HO10,0,rotation,2,0.3052,0.4686,0.446,0.2125
pdraw_wave,efficientnet_b0,V55HO10,0,rotation,3,0.2178,0.2234,0.2007,0.2336
pdraw_wave,efficientnet_b0,V55HO10,0,rotation,4,0.0582,0.2317,0.3032,0.1011
pdraw_wave,efficientnet_b0,V55HO10,0,rotation,5,0.1905,0.1926,0.1958,0.1781
pdraw_wave,efficientnet_b0,V08HO01,0,jpeg_compression,1,0.9994,0.9998,0.9888,0.9856
pdraw_wave,efficientnet_b0,V08HO01,0,jpeg_compression,2,0.9985,0.9763,0.969,0.9698
pdraw_wave,efficientnet_b0,V08HO01,0,jpeg_compression,3,0.9897,0.9578,0.928,0.9
pdraw_wave,efficientnet_b0,V08HO01,0,jpeg_compression,4,0.991,0.9422,0.9083,0.9045
pdraw_wave,efficientnet_b0,V08HO01,0,jpeg_compression,5,0.917,0.9319,0.831,0.7545
pdraw_wave,efficientnet_b0,V08HO01,0,gaussian_blur,1,0.9931,0.9491,0.9289,0.9138
pdraw_wave,efficientnet_b0,V08HO01,0,gaussian_blur,2,0.983,0.9037,0.8066,0.8888
pdraw_wave,efficientnet_b0,V08HO01,0,gaussian_blur,3,0.9638,0.8866,0.7591,0.8505
pdraw_wave,efficientnet_b0,V08HO01,0,gaussian_blur,4,0.9535,0.8882,0.7649,0.8019
pdraw_wave,efficientnet_b0,V08HO01,0,gaussian_blur,5,0.9551,0.8905,0.7736,0.8097
pdraw_wave,efficientnet_b0,V08HO01,0,gaussian_noise,1,0.9984,0.989,0.9836,0.9552
pdraw_wave,efficientnet_b0,V08HO01,0,gaussian_noise,2,0.9952,0.9986,0.9743,0.9455
pdraw_wave,efficientnet_b0,V08HO01,0,gaussian_noise,3,0.97,0.9792,0.9134,0.8382
pdraw_wave,efficientnet_b0,V08HO01,0,gaussian_noise,4,0.983,0.9634,0.9084,0.8995
pdraw_wave,efficientnet_b0,V08HO01,0,gaussian_noise,5,0.975,0.9511,0.8968,0.8651
pdraw_wave,efficientnet_b0,V08HO01,0,contrast,1,0.9797,0.9862,0.9065,0.9
pdraw_wave,efficientnet_b0,V08HO01,0,contrast,2,0.997,0.9886,0.977,0.9512
pdraw_wave,efficientnet_b0,V08HO01,0,contrast,3,0.9984,0.9887,0.9846,0.96
pdraw_wave,efficientnet_b0,V08HO01,0,contrast,4,0.9929,0.9977,0.9853,0.8998
pdraw_wave,efficientnet_b0,V08HO01,0,contrast,5,0.9846,0.9958,0.975,0.8554
pdraw_wave,efficientnet_b0,V08HO01,0,brightness,1,0.9811,0.9017,0.7851,0.9154
pdraw_wave,efficientnet_b0,V08HO01,0,brightness,2,0.9847,0.9023,0.8128,0.955
pdraw_wave,efficientnet_b0,V08HO01,0,brightness,3,0.9922,0.9202,0.8727,0.9613
pdraw_wave,efficientnet_b0,V08HO01,0,brightness,4,0.8853,0.87,0.7436,0.7625
pdraw_wave,efficientnet_b0,V08HO01,0,brightness,5,0.8062,0.8339,0.689,0.6607
pdraw_wave,efficientnet_b0,V08HO01,0,shadow,1,0.9942,0.9522,0.9212,0.9567
pdraw_wave,efficientnet_b0,V08HO01,0,shadow,2,0.98,0.9221,0.8598,0.9485
pdraw_wave,efficientnet_b0,V08HO01,0,shadow,3,0.9607,0.8907,0.7482,0.8952
pdraw_wave,efficientnet_b0,V08HO01,0,shadow,4,0.9288,0.8669,0.7065,0.8319
pdraw_wave,efficientnet_b0,V08HO01,0,shadow,5,0.876,0.8459,0.6424,0.7516
pdraw_wave,efficientnet_b0,V08HO01,0,perspective,1,0.8687,0.9086,0.7974,0.6726
pdraw_wave,efficientnet_b0,V08HO01,0,perspective,2,0.8721,0.9075,0.8046,0.6559
pdraw_wave,efficientnet_b0,V08HO01,0,perspective,3,0.8664,0.9285,0.8074,0.6532
pdraw_wave,efficientnet_b0,V08HO01,0,perspective,4,0.8331,0.8845,0.7806,0.5833
pdraw_wave,efficientnet_b0,V08HO01,0,perspective,5,0.8708,0.8748,0.7698,0.6667
pdraw_wave,efficientnet_b0,V08HO01,0,rotation,1,0.895,0.926,0.704,0.5921
pdraw_wave,efficientnet_b0,V08HO01,0,rotation,2,0.8116,0.6647,0.6258,0.5972
pdraw_wave,efficientnet_b0,V08HO01,0,rotation,3,0.4785,0.6326,0.3827,0.1652
pdraw_wave,efficientnet_b0,V08HO01,0,rotation,4,0.6178,0.45,0.465,0.5065
pdraw_wave,efficientnet_b0,V08HO01,0,rotation,5,0.2143,0.4266,0.3109,0.0767
pdraw_wave,efficientnet_b0,V07HO01,0,jpeg_compression,1,0.9965,0.949,0.9903,0.9809
pdraw_wave,efficientnet_b0,V07HO01,0,jpeg_compression,2,0.9993,0.9999,0.998,0.9915
pdraw_wave,efficientnet_b0,V07HO01,0,jpeg_compression,3,0.9966,0.9506,0.9964,0.9887
pdraw_wave,efficientnet_b0,V07HO01,0,jpeg_compression,4,0.9688,0.9482,0.9547,0.9702
pdraw_wave,efficientnet_b0,V07HO01,0,jpeg_compression,5,0.6216,0.5533,0.5998,0.3711
pdraw_wave,efficientnet_b0,V07HO01,0,gaussian_blur,1,0.9982,0.9479,0.9811,0.9431
pdraw_wave,efficientnet_b0,V07HO01,0,gaussian_blur,2,0.995,0.9496,0.9844,0.9907
pdraw_wave,efficientnet_b0,V07HO01,0,gaussian_blur,3,0.9914,0.9998,0.9916,0.9893
pdraw_wave,efficientnet_b0,V07HO01,0,gaussian_blur,4,0.9769,0.9996,0.9874,0.9911
pdraw_wave,efficientnet_b0,V07HO01,0,gaussian_blur,5,0.9589,0.9993,0.9774,0.984
pdraw_wave,efficientnet_b0,V07HO01,0,gaussian_noise,1,0.9961,0.9999,0.997,0.9948
pdraw_wave,efficientnet_b0,V07HO01,0,gaussian_noise,2,0.9875,0.9998,0.9859,0.9968
pdraw_wave,efficientnet_b0,V07HO01,0,gaussian_noise,3,0.8863,0.883,0.9008,0.6823
pdraw_wave,efficientnet_b0,V07HO01,0,gaussian_noise,4,0.8929,0.8484,0.8917,0.5864
pdraw_wave,efficientnet_b0,V07HO01,0,gaussian_noise,5,0.9519,0.9988,0.9603,0.9923
pdraw_wave,efficientnet_b0,V07HO01,0,contrast,1,0.9743,0.9345,0.9499,0.7955
pdraw_wave,efficientnet_b0,V07HO01,0,contrast,2,0.991,0.9998,0.9838,0.985
pdraw_wave,efficientnet_b0,V07HO01,0,contrast,3,0.9954,0.9999,0.9935,0.9903
pdraw_wave,efficientnet_b0,V07HO01,0,contrast,4,0.9989,0.9473,0.9839,0.9304
pdraw_wave,efficientnet_b0,V07HO01,0,contrast,5,0.9958,0.9452,0.9782,0.8932
pdraw_wave,efficientnet_b0,V07HO01,0,brightness,1,0.9942,0.9999,0.9922,0.993
pdraw_wave,efficientnet_b0,V07HO01,0,brightness,2,0.9888,0.9997,0.9821,0.9801
pdraw_wave,efficientnet_b0,V07HO01,0,brightness,3,0.996,0.9507,0.9926,0.982
pdraw_wave,efficientnet_b0,V07HO01,0,brightness,4,0.7796,0.2019,0.809,0.1749
pdraw_wave,efficientnet_b0,V07HO01,0,brightness,5,0.2471,0.1176,0.4411,0.1745
pdraw_wave,efficientnet_b0,V07HO01,0,shadow,1,0.9965,0.9464,0.9759,0.9107
pdraw_wave,efficientnet_b0,V07HO01,0,shadow,2,0.9806,0.8268,0.8949,0.834
pdraw_wave,efficientnet_b0,V07HO01,0,shadow,3,0.9417,0.7638,0.7597,0.8211
pdraw_wave,efficientnet_b0,V07HO01,0,shadow,4,0.9105,0.7304,0.6773,0.8304
pdraw_wave,efficientnet_b0,V07HO01,0,shadow,5,0.8747,0.7246,0.6424,0.8037
pdraw_wave,efficientnet_b0,V07HO01,0,perspective,1,0.5993,0.6563,0.8281,0.4707
pdraw_wave,efficientnet_b0,V07HO01,0,perspective,2,0.4274,0.5451,0.7774,0.4309
pdraw_wave,efficientnet_b0,V07HO01,0,perspective,3,0.3656,0.6272,0.797,0.45
pdraw_wave,efficientnet_b0,V07HO01,0,perspective,4,0.32,0.4142,0.7421,0.2923
pdraw_wave,efficientnet_b0,V07HO01,0,perspective,5,0.371,0.46,0.6299,0.2969
pdraw_wave,efficientnet_b0,V07HO01,0,rotation,1,0.6502,0.5397,0.6968,0.4427
pdraw_wave,efficientnet_b0,V07HO01,0,rotation,2,0.2007,0.1344,0.4786,0.0855
pdraw_wave,efficientnet_b0,V07HO01,0,rotation,3,0.6005,0.5191,0.6002,0.4567
pdraw_wave,efficientnet_b0,V07HO01,0,rotation,4,-0.1013,-0.1456,0.3776,0.0
pdraw_wave,efficientnet_b0,V07HO01,0,rotation,5,0.4544,0.478,0.4688,0.4054
pdraw_wave,efficientnet_b0,V55HO11,0,jpeg_compression,1,0.9992,0.9997,0.9975,0.9684
pdraw_wave,efficientnet_b0,V55HO11,0,jpeg_compression,2,0.9927,0.978,0.9488,0.8705
pdraw_wave,efficientnet_b0,V55HO11,0,jpeg_compression,3,0.9815,0.9265,0.8746,0.8558
pdraw_wave,efficientnet_b0,V55HO11,0,jpeg_compression,4,0.9239,0.8656,0.6984,0.8367
pdraw_wave,efficientnet_b0,V55HO11,0,jpeg_compression,5,0.7074,0.8289,0.5503,0.4067
pdraw_wave,efficientnet_b0,V55HO11,0,gaussian_blur,1,0.9784,0.9428,0.8282,0.8163
pdraw_wave,efficientnet_b0,V55HO11,0,gaussian_blur,2,0.9537,0.908,0.749,0.7525
pdraw_wave,efficientnet_b0,V55HO11,0,gaussian_blur,3,0.9356,0.8385,0.7229,0.7207
pdraw_wave,efficientnet_b0,V55HO11,0,gaussian_blur,4,0.9141,0.8279,0.7743,0.7117
pdraw_wave,efficientnet_b0,V55HO11,0,gaussian_blur,5,0.9069,0.7907,0.7955,0.7095
pdraw_wave,efficientnet_b0,V55HO11,0,gaussian_noise,1,0.9948,0.9989,0.9815,0.9373
pdraw_wave,efficientnet_b0,V55HO11,0,gaussian_noise,2,0.9697,0.9233,0.7729,0.8989
pdraw_wave,efficientnet_b0,V55HO11,0,gaussian_noise,3,0.8946,0.8832,0.7183,0.683
pdraw_wave,efficientnet_b0,V55HO11,0,gaussian_noise,4,0.8829,0.8749,0.7191,0.6602
pdraw_wave,efficientnet_b0,V55HO11,0,gaussian_noise,5,0.8938,0.895,0.733,0.6704
pdraw_wave,efficientnet_b0,V55HO11,0,contrast,1,0.9773,0.9349,0.8363,0.8508
pdraw_wave,efficientnet_b0,V55HO11,0,contrast,2,0.9902,0.9713,0.9209,0.8797
pdraw_wave,efficientnet_b0,V55HO11,0,contrast,3,0.9973,0.9986,0.9789,0.9254
pdraw_wave,efficientnet_b0,V55HO11,0,contrast,4,0.9921,0.9823,0.9299,0.9263
pdraw_wave,efficientnet_b0,V55HO11,0,contrast,5,0.9807,0.9756,0.8925,0.8362
pdraw_wave,efficientnet_b0,V55HO11,0,brightness,1,0.9712,0.9514,0.872,0.8057
pdraw_wave,efficientnet_b0,V55HO11,0,brightness,2,0.9692,0.9465,0.9202,0.8197
pdraw_wave,efficientnet_b0,V55HO11,0,brightness,3,0.9857,0.9829,0.9371,0.862
pdraw_wave,efficientnet_b0,V55HO11,0,brightness,4,0.6962,0.811,0.7128,0.4103
pdraw_wave,efficientnet_b0,V55HO11,0,brightness,5,0.7242,0.8076,0.6441,0.4969
pdraw_wave,efficientnet_b0,V55HO11,0,shadow,1,0.9903,0.9988,0.962,0.9208
pdraw_wave,efficientnet_b0,V55HO11,0,shadow,2,0.987,0.9581,0.9174,0.8813
pdraw_wave,efficientnet_b0,V55HO11,0,shadow,3,0.9673,0.9021,0.7755,0.8151
pdraw_wave,efficientnet_b0,V55HO11,0,shadow,4,0.9439,0.8486,0.6904,0.7622
pdraw_wave,efficientnet_b0,V55HO11,0,shadow,5,0.9228,0.823,0.6493,0.7285
pdraw_wave,efficientnet_b0,V55HO11,0,perspective,1,0.6866,0.7553,0.4993,0.2889
pdraw_wave,efficientnet_b0,V55HO11,0,perspective,2,0.5523,0.6901,0.3802,0.2773
pdraw_wave,efficientnet_b0,V55HO11,0,perspective,3,0.4604,0.6892,0.3992,0.1976
pdraw_wave,efficientnet_b0,V55HO11,0,perspective,4,0.5094,0.6711,0.3693,0.2783
pdraw_wave,efficientnet_b0,V55HO11,0,perspective,5,0.4783,0.5574,0.3691,0.2355
pdraw_wave,efficientnet_b0,V55HO11,0,rotation,1,0.4045,0.4474,0.4756,0.2636
pdraw_wave,efficientnet_b0,V55HO11,0,rotation,2,0.5627,0.6979,0.4471,0.2594
pdraw_wave,efficientnet_b0,V55HO11,0,rotation,3,0.1949,0.1797,0.3408,0.0976
pdraw_wave,efficientnet_b0,V55HO11,0,rotation,4,0.2929,0.3902,0.2583,0.0681
pdraw_wave,efficientnet_b0,V55HO11,0,rotation,5,-0.0438,-0.0666,0.2194,0.0821
pdraw_wave,efficientnet_b0,V03PO01,1,jpeg_compression,1,0.9981,0.9979,0.9884,0.9062
pdraw_wave,efficientnet_b0,V03PO01,1,jpeg_compression,2,0.9873,0.9826,0.981,0.8026
pdraw_wave,efficientnet_b0,V03PO01,1,jpeg_compression,3,0.9863,0.9817,0.9734,0.8389
pdraw_wave,efficientnet_b0,V03PO01,1,jpeg_compression,4,0.9045,0.8725,0.9154,0.7928
pdraw_wave,efficientnet_b0,V03PO01,1,jpeg_compression,5,0.7647,0.7669,0.7445,0.5681
pdraw_wave,efficientnet_b0,V03PO01,1,gaussian_blur,1,0.9819,0.9758,0.9444,0.7942
pdraw_wave,efficientnet_b0,V03PO01,1,gaussian_blur,2,0.9564,0.9426,0.9151,0.7551
pdraw_wave,efficientnet_b0,V03PO01,1,gaussian_blur,3,0.9316,0.9153,0.8841,0.7582
pdraw_wave,efficientnet_b0,V03PO01,1,gaussian_blur,4,0.8781,0.8568,0.8552,0.6825
pdraw_wave,efficientnet_b0,V03PO01,1,gaussian_blur,5,0.8108,0.7834,0.8264,0.4964
pdraw_wave,efficientnet_b0,V03PO01,1,gaussian_noise,1,0.9949,0.9934,0.9608,0.8145
pdraw_wave,efficientnet_b0,V03PO01,1,gaussian_noise,2,0.9676,0.9576,0.7831,0.572
pdraw_wave,efficientnet_b0,V03PO01,1,gaussian_noise,3,0.9588,0.9469,0.8898,0.7663
pdraw_wave,efficientnet_b0,V03PO01,1,gaussian_noise,4,0.9586,0.9569,0.6749,0.595
pdraw_wave,efficientnet_b0,V03PO01,1,gaussian_noise,5,0.9119,0.8755,0.7286,0.7241
pdraw_wave,efficientnet_b0,V03PO01,1,contrast,1,0.9838,0.9803,0.9446,0.7616
pdraw_wave,efficientnet_b0,V03PO01,1,contrast,2,0.9946,0.9936,0.9737,0.847
pdraw_wave,efficientnet_b0,V03PO01,1,contrast,3,0.9975,0.9968,0.9743,0.9078
pdraw_wave,efficientnet_b0,V03PO01,1,contrast,4,0.9937,0.9914,0.9843,0.805
pdraw_wave,efficientnet_b0,V03PO01,1,contrast,5,0.9879,0.9848,0.9537,0.7885
pdraw_wave,efficientnet_b0,V03PO01,1,brightness,1,0.8735,0.8407,0.869,0.7222
pdraw_wave,efficientnet_b0,V03PO01,1,brightness,2,0.9353,0.9184,0.8649,0.7384
pdraw_wave,efficientnet_b0,V03PO01,1,brightness,3,0.9684,0.9637,0.9023,0.7747
pdraw_wave,efficientnet_b0,V03PO01,1,brightness,4,0.8078,0.8497,0.4412,0.4945
pdraw_wave,efficientnet_b0,V03PO01,1,brightness,5,0.6893,0.5903,0.2296,0.3324
pdraw_wave,efficientnet_b0,V03PO01,1,shadow,1,0.9721,0.965,0.955,0.6836
pdraw_wave,efficientnet_b0,V03PO01,1,shadow,2,0.9475,0.9358,0.9046,0.6803
pdraw_wave,efficientnet_b0,V03PO01,1,shadow,3,0.8961,0.8849,0.858,0.4393
pdraw_wave,efficientnet_b0,V03PO01,1,shadow,4,0.8266,0.8336,0.7856,0.3144
pdraw_wave,efficientnet_b0,V03PO01,1,shadow,5,0.7204,0.7628,0.7811,0.2142
pdraw_wave,efficientnet_b0,V03PO01,1,perspective,1,0.8605,0.841,0.7739,0.3089
pdraw_wave,efficientnet_b0,V03PO01,1,perspective,2,0.7635,0.7837,0.6727,0.2397
pdraw_wave,efficientnet_b0,V03PO01,1,perspective,3,0.6944,0.7216,0.6662,0.2067
pdraw_wave,efficientnet_b0,V03PO01,1,perspective,4,0.6578,0.7074,0.637,0.1493
pdraw_wave,efficientnet_b0,V03PO01,1,perspective,5,0.6021,0.6701,0.5211,0.2093
pdraw_wave,efficientnet_b0,V03PO01,1,rotation,1,0.4988,0.5133,0.5923,0.1939
pdraw_wave,efficientnet_b0,V03PO01,1,rotation,2,0.6772,0.6595,0.5478,0.365
pdraw_wave,efficientnet_b0,V03PO01,1,rotation,3,0.3568,0.3484,0.4908,0.1851
pdraw_wave,efficientnet_b0,V03PO01,1,rotation,4,0.1296,0.1554,0.3551,0.1582
pdraw_wave,efficientnet_b0,V03PO01,1,rotation,5,-0.1362,-0.0998,0.3838,0.1429
pdraw_wave,efficientnet_b0,V11PO01,1,jpeg_compression,1,0.9973,0.9948,0.9493,0.9646
pdraw_wave,efficientnet_b0,V11PO01,1,jpeg_compression,2,0.9916,0.9793,0.9009,0.9296
pdraw_wave,efficientnet_b0,V11PO01,1,jpeg_compression,3,0.9756,0.9453,0.892,0.8011
pdraw_wave,efficientnet_b0,V11PO01,1,jpeg_compression,4,0.8821,0.9141,0.7731,0.6454
pdraw_wave,efficientnet_b0,V11PO01,1,jpeg_compression,5,0.6796,0.7939,0.521,0.4364
pdraw_wave,efficientnet_b0,V11PO01,1,gaussian_blur,1,0.9681,0.9733,0.8558,0.8329
pdraw_wave,efficientnet_b0,V11PO01,1,gaussian_blur,2,0.9427,0.933,0.7783,0.7166
pdraw_wave,efficientnet_b0,V11PO01,1,gaussian_blur,3,0.9178,0.8566,0.7163,0.6553
pdraw_wave,efficientnet_b0,V11PO01,1,gaussian_blur,4,0.8952,0.831,0.6966,0.6264
pdraw_wave,efficientnet_b0,V11PO01,1,gaussian_blur,5,0.8656,0.7698,0.6379,0.5989
pdraw_wave,efficientnet_b0,V11PO01,1,gaussian_noise,1,0.9943,0.961,0.904,0.9504
pdraw_wave,efficientnet_b0,V11PO01,1,gaussian_noise,2,0.979,0.888,0.8102,0.9133
pdraw_wave,efficientnet_b0,V11PO01,1,gaussian_noise,3,0.9765,0.9706,0.915,0.9211
pdraw_wave,efficientnet_b0,V11PO01,1,gaussian_noise,4,0.9754,0.9795,0.9254,0.8902
pdraw_wave,efficientnet_b0,V11PO01,1,gaussian_noise,5,0.9847,0.9505,0.9114,0.9467
pdraw_wave,efficientnet_b0,V11PO01,1,contrast,1,0.959,0.9497,0.8569,0.8357
pdraw_wave,efficientnet_b0,V11PO01,1,contrast,2,0.9853,0.9896,0.9423,0.9293
pdraw_wave,efficientnet_b0,V11PO01,1,contrast,3,0.997,0.9972,0.9792,0.977
pdraw_wave,efficientnet_b0,V11PO01,1,contrast,4,0.9915,0.9928,0.9363,0.8769
pdraw_wave,efficientnet_b0,V11PO01,1,contrast,5,0.9839,0.96,0.9087,0.8191
pdraw_wave,efficientnet_b0,V11PO01,1,brightness,1,0.9437,0.957,0.7592,0.8815
pdraw_wave,efficientnet_b0,V11PO01,1,brightness,2,0.9568,0.9696,0.7415,0.9209
pdraw_wave,efficientnet_b0,V11PO01,1,brightness,3,0.9769,0.9855,0.8759,0.9233
pdraw_wave,efficientnet_b0,V11PO01,1,brightness,4,0.3965,0.6576,0.5041,0.2464
pdraw_wave,efficientnet_b0,V11PO01,1,brightness,5,0.779,0.7864,0.664,0.572
pdraw_wave,efficientnet_b0,V11PO01,1,shadow,1,0.9736,0.9854,0.8997,0.8433
pdraw_wave,efficientnet_b0,V11PO01,1,shadow,2,0.9468,0.9421,0.7156,0.8493
pdraw_wave,efficientnet_b0,V11PO01,1,shadow,3,0.9139,0.914,0.6025,0.8247
pdraw_wave,efficientnet_b0,V11PO01,1,shadow,4,0.8836,0.9064,0.5241,0.8209
pdraw_wave,efficientnet_b0,V11PO01,1,shadow,5,0.8418,0.8866,0.4685,0.7495
pdraw_wave,efficientnet_b0,V11PO01,1,perspective,1,0.836,0.7591,0.6565,0.6148
pdraw_wave,efficientnet_b0,V11PO01,1,perspective,2,0.8614,0.726,0.6459,0.6574
pdraw_wave,efficientnet_b0,V11PO01,1,perspective,3,0.7518,0.7001,0.5741,0.5527
pdraw_wave,efficientnet_b0,V11PO01,1,perspective,4,0.7878,0.6823,0.6483,0.5391
pdraw_wave,efficientnet_b0,V11PO01,1,perspective,5,0.7455,0.6543,0.5877,0.4188
pdraw_wave,efficientnet_b0,V11PO01,1,rotation,1,0.7648,0.6426,0.5307,0.5182
pdraw_wave,efficientnet_b0,V11PO01,1,rotation,2,0.4674,0.6453,0.5454,0.253
pdraw_wave,efficientnet_b0,V11PO01,1,rotation,3,0.4898,0.556,0.3944,0.2546
pdraw_wave,efficientnet_b0,V11PO01,1,rotation,4,-0.1911,-0.0705,0.2311,0.0086
pdraw_wave,efficientnet_b0,V11PO01,1,rotation,5,0.318,0.3752,0.3978,0.1293
pdraw_wave,efficientnet_b0,V08PO01,1,jpeg_compression,1,0.9986,0.9993,0.9828,0.964
pdraw_wave,efficientnet_b0,V08PO01,1,jpeg_compression,2,0.9977,0.9994,0.9849,0.9579
pdraw_wave,efficientnet_b0,V08PO01,1,jpeg_compression,3,0.9938,0.9952,0.9435,0.8691
pdraw_wave,efficientnet_b0,V08PO01,1,jpeg_compression,4,0.9596,0.958,0.8336,0.7256
pdraw_wave,efficientnet_b0,V08PO01,1,jpeg_compression,5,0.918,0.8104,0.7277,0.6199
pdraw_wave,efficientnet_b0,V08PO01,1,gaussian_blur,1,0.9899,0.9737,0.9064,0.7689
pdraw_wave,efficientnet_b0,V08PO01,1,gaussian_blur,2,0.9704,0.9446,0.8626,0.6373
pdraw_wave,efficientnet_b0,V08PO01,1,gaussian_blur,3,0.9405,0.8153,0.7946,0.5878
pdraw_wave,efficientnet_b0,V08PO01,1,gaussian_blur,4,0.9235,0.7661,0.7909,0.5683
pdraw_wave,efficientnet_b0,V08PO01,1,gaussian_blur,5,0.9102,0.7639,0.7796,0.5418
pdraw_wave,efficientnet_b0,V08PO01,1,gaussian_noise,1,0.9964,0.9437,0.944,0.9307
pdraw_wave,efficientnet_b0,V08PO01,1,gaussian_noise,2,0.957,0.7705,0.7658,0.6817
pdraw_wave,efficientnet_b0,V08PO01,1,gaussian_noise,3,0.9726,0.8854,0.8201,0.7242
pdraw_wave,efficientnet_b0,V08PO01,1,gaussian_noise,4,0.9418,0.7937,0.7811,0.6697
pdraw_wave,efficientnet_b0,V08PO01,1,gaussian_noise,5,0.9614,0.7794,0.7682,0.6208
pdraw_wave,efficientnet_b0,V08PO01,1,contrast,1,0.9735,0.8876,0.8166,0.7705
pdraw_wave,efficientnet_b0,V08PO01,1,contrast,2,0.9952,0.9287,0.9232,0.9444
pdraw_wave,efficientnet_b0,V08PO01,1,contrast,3,0.999,0.9443,0.9661,0.9421
pdraw_wave,efficientnet_b0,V08PO01,1,contrast,4,0.997,0.9874,0.9588,0.8981
pdraw_wave,efficientnet_b0,V08PO01,1,contrast,5,0.9931,0.9821,0.943,0.8206
pdraw_wave,efficientnet_b0,V08PO01,1,brightness,1,0.9857,0.9653,0.8793,0.8166
pdraw_wave,efficientnet_b0,V08PO01,1,brightness,2,0.9846,0.9838,0.8867,0.8542
pdraw_wave,efficientnet_b0,V08PO01,1,brightness,3,0.9914,0.9919,0.9236,0.9067
pdraw_wave,efficientnet_b0,V08PO01,1,brightness,4,0.8434,0.6984,0.6815,0.592
pdraw_wave,efficientnet_b0,V08PO01,1,brightness,5,0.8782,0.6829,0.7121,0.6059
pdraw_wave,efficientnet_b0,V08PO01,1,shadow,1,0.983,0.9703,0.9004,0.8425
pdraw_wave,efficientnet_b0,V08PO01,1,shadow,2,0.9405,0.9148,0.7785,0.7588
pdraw_wave,efficientnet_b0,V08PO01,1,shadow,3,0.9039,0.8678,0.6743,0.636
pdraw_wave,efficientnet_b0,V08PO01,1,shadow,4,0.8716,0.8381,0.608,0.5636
pdraw_wave,efficientnet_b0,V08PO01,1,shadow,5,0.839,0.7901,0.5686,0.5155
pdraw_wave,efficientnet_b0,V08PO01,1,perspective,1,0.8327,0.77,0.7532,0.5617
pdraw_wave,efficientnet_b0,V08PO01,1,perspective,2,0.7535,0.7023,0.674,0.5156
pdraw_wave,efficientnet_b0,V08PO01,1,perspective,3,0.6755,0.6784,0.6644,0.5019
pdraw_wave,efficientnet_b0,V08PO01,1,perspective,4,0.5442,0.6717,0.6484,0.488
pdraw_wave,efficientnet_b0,V08PO01,1,perspective,5,0.5982,0.6445,0.6636,0.5478
pdraw_wave,efficientnet_b0,V08PO01,1,rotation,1,0.8251,0.7489,0.6874,0.5802
pdraw_wave,efficientnet_b0,V08PO01,1,rotation,2,0.4727,0.4294,0.484,0.3605
pdraw_wave,efficientnet_b0,V08PO01,1,rotation,3,0.722,0.8682,0.6066,0.5421
pdraw_wave,efficientnet_b0,V08PO01,1,rotation,4,-0.0987,-0.0069,0.3185,0.0826
pdraw_wave,efficientnet_b0,V08PO01,1,rotation,5,0.1538,0.3629,0.3698,0.1749
pdraw_wave,efficientnet_b0,V06PO01,1,jpeg_compression,1,0.9978,0.9974,0.9976,0.9444
pdraw_wave,efficientnet_b0,V06PO01,1,jpeg_compression,2,0.987,0.9876,0.971,0.8415
pdraw_wave,efficientnet_b0,V06PO01,1,jpeg_compression,3,0.9315,0.9372,0.9635,0.5393
pdraw_wave,efficientnet_b0,V06PO01,1,jpeg_compression,4,0.9029,0.9124,0.9122,0.5048
pdraw_wave,efficientnet_b0,V06PO01,1,jpeg_compression,5,0.4643,0.4759,0.7539,0.2653
pdraw_wave,efficientnet_b0,V06PO01,1,gaussian_blur,1,0.9157,0.9226,0.9271,0.5252
pdraw_wave,efficientnet_b0,V06PO01,1,gaussian_blur,2,0.801,0.7932,0.853,0.335
pdraw_wave,efficientnet_b0,V06PO01,1,gaussian_blur,3,0.6202,0.6513,0.6984,0.2409
pdraw_wave,efficientnet_b0,V06PO01,1,gaussian_blur,4,0.5416,0.5855,0.6416,0.217
pdraw_wave,efficientnet_b0,V06PO01,1,gaussian_blur,5,0.5282,0.5691,0.6458,0.2201
pdraw_wave,efficientnet_b0,V06PO01,1,gaussian_noise,1,0.9909,0.9926,0.9925,0.8274
pdraw_wave,efficientnet_b0,V06PO01,1,gaussian_noise,2,0.9094,0.9171,0.9206,0.5663
pdraw_wave,efficientnet_b0,V06PO01,1,gaussian_noise,3,0.8807,0.8833,0.8642,0.5456
pdraw_wave,efficientnet_b0,V06PO01,1,gaussian_noise,4,0.8667,0.8661,0.8818,0.5291
pdraw_wave,efficientnet_b0,V06PO01,1,gaussian_noise,5,0.7256,0.718,0.811,0.2567
pdraw_wave,efficientnet_b0,V06PO01,1,contrast,1,0.8491,0.8597,0.8214,0.4476
pdraw_wave,efficientnet_b0,V06PO01,1,contrast,2,0.9649,0.9671,0.969,0.7362
pdraw_wave,efficientnet_b0,V06PO01,1,contrast,3,0.9941,0.9947,0.993,0.9193
pdraw_wave,efficientnet_b0,V06PO01,1,contrast,4,0.9863,0.9879,0.9648,0.8335
pdraw_wave,efficientnet_b0,V06PO01,1,contrast,5,0.9726,0.9779,0.9421,0.741
pdraw_wave,efficientnet_b0,V06PO01,1,brightness,1,0.8971,0.8943,0.884,0.6504
pdraw_wave,efficientnet_b0,V06PO01,1,brightness,2,0.9241,0.925,0.9062,0.7161
pdraw_wave,efficientnet_b0,V06PO01,1,brightness,3,0.9482,0.9467,0.9372,0.805
pdraw_wave,efficientnet_b0,V06PO01,1,brightness,4,0.3542,0.2955,0.5822,0.1947
pdraw_wave,efficientnet_b0,V06PO01,1,brightness,5,0.4095,0.3316,0.5119,0.2326
pdraw_wave,efficientnet_b0,V06PO01,1,shadow,1,0.9622,0.9603,0.9544,0.8356
pdraw_wave,efficientnet_b0,V06PO01,1,shadow,2,0.9088,0.9028,0.9056,0.8186
pdraw_wave,efficientnet_b0,V06PO01,1,shadow,3,0.831,0.8074,0.8651,0.6675
pdraw_wave,efficientnet_b0,V06PO01,1,shadow,4,0.7189,0.6797,0.7862,0.5687
pdraw_wave,efficientnet_b0,V06PO01,1,shadow,5,0.65,0.622,0.6938,0.4837
pdraw_wave,efficientnet_b0,V06PO01,1,perspective,1,0.5791,0.54,0.6703,0.3616
pdraw_wave,efficientnet_b0,V06PO01,1,perspective,2,0.4366,0.4031,0.6391,0.2836
pdraw_wave,efficientnet_b0,V06PO01,1,perspective,3,0.3795,0.3451,0.6163,0.197
pdraw_wave,efficientnet_b0,V06PO01,1,perspective,4,0.3631,0.3631,0.5053,0.1658
pdraw_wave,efficientnet_b0,V06PO01,1,perspective,5,0.3113,0.3177,0.4836,0.2158
pdraw_wave,efficientnet_b0,V06PO01,1,rotation,1,0.7058,0.6681,0.6979,0.4459
pdraw_wave,efficientnet_b0,V06PO01,1,rotation,2,0.2609,0.2477,0.5643,0.1655
pdraw_wave,efficientnet_b0,V06PO01,1,rotation,3,0.4142,0.3915,0.5505,0.3031
pdraw_wave,efficientnet_b0,V06PO01,1,rotation,4,-0.2465,-0.2606,0.3801,0.0431
pdraw_wave,efficientnet_b0,V06PO01,1,rotation,5,0.1366,0.1087,0.4213,0.0951
pdraw_wave,efficientnet_b0,V03PO07,1,jpeg_compression,1,0.9971,0.9971,0.9949,0.8936
pdraw_wave,efficientnet_b0,V03PO07,1,jpeg_compression,2,0.9871,0.9872,0.9849,0.78
pdraw_wave,efficientnet_b0,V03PO07,1,jpeg_compression,3,0.9773,0.9823,0.9723,0.6717
pdraw_wave,efficientnet_b0,V03PO07,1,jpeg_compression,4,0.9136,0.9209,0.9049,0.5884
pdraw_wave,efficientnet_b0,V03PO07,1,jpeg_compression,5,0.6862,0.6781,0.7252,0.3189
pdraw_wave,efficientnet_b0,V03PO07,1,gaussian_blur,1,0.9914,0.9921,0.9885,0.8224
pdraw_wave,efficientnet_b0,V03PO07,1,gaussian_blur,2,0.977,0.9796,0.9736,0.7734
pdraw_wave,efficientnet_b0,V03PO07,1,gaussian_blur,3,0.943,0.9497,0.9363,0.6225
pdraw_wave,efficientnet_b0,V03PO07,1,gaussian_blur,4,0.9196,0.9306,0.9103,0.5546
pdraw_wave,efficientnet_b0,V03PO07,1,gaussian_blur,5,0.91,0.9214,0.8872,0.5794
pdraw_wave,efficientnet_b0,V03PO07,1,gaussian_noise,1,0.9827,0.9813,0.9811,0.9211
pdraw_wave,efficientnet_b0,V03PO07,1,gaussian_noise,2,0.9664,0.9725,0.9639,0.8396
pdraw_wave,efficientnet_b0,V03PO07,1,gaussian_noise,3,0.8698,0.8997,0.8883,0.4253
pdraw_wave,efficientnet_b0,V03PO07,1,gaussian_noise,4,0.8914,0.8795,0.8611,0.6247
pdraw_wave,efficientnet_b0,V03PO07,1,gaussian_noise,5,0.7728,0.812,0.8615,0.4081
pdraw_wave,efficientnet_b0,V03PO07,1,contrast,1,0.9646,0.979,0.9116,0.7875
pdraw_wave,efficientnet_b0,V03PO07,1,contrast,2,0.9877,0.9897,0.9238,0.892
pdraw_wave,efficientnet_b0,V03PO07,1,contrast,3,0.9925,0.9943,0.9726,0.906
pdraw_wave,efficientnet_b0,V03PO07,1,contrast,4,0.9782,0.9825,0.9598,0.8905
pdraw_wave,efficientnet_b0,V03PO07,1,contrast,5,0.9421,0.9597,0.9145,0.8142
pdraw_wave,efficientnet_b0,V03PO07,1,brightness,1,0.9453,0.943,0.91,0.7368
pdraw_wave,efficientnet_b0,V03PO07,1,brightness,2,0.9387,0.934,0.9374,0.7439
pdraw_wave,efficientnet_b0,V03PO07,1,brightness,3,0.9472,0.9412,0.9488,0.7905
pdraw_wave,efficientnet_b0,V03PO07,1,brightness,4,0.7465,0.7821,0.7508,0.3065
pdraw_wave,efficientnet_b0,V03PO07,1,brightness,5,0.6581,0.6937,0.6879,0.3239
pdraw_wave,efficientnet_b0,V03PO07,1,shadow,1,0.9582,0.9542,0.9674,0.7932
pdraw_wave,efficientnet_b0,V03PO07,1,shadow,2,0.908,0.9037,0.9325,0.6809
pdraw_wave,efficientnet_b0,V03PO07,1,shadow,3,0.8607,0.8663,0.8799,0.514
pdraw_wave,efficientnet_b0,V03PO07,1,shadow,4,0.784,0.7944,0.8403,0.3697
pdraw_wave,efficientnet_b0,V03PO07,1,shadow,5,0.6992,0.7312,0.8495,0.2211
pdraw_wave,efficientnet_b0,V03PO07,1,perspective,1,0.4573,0.5025,0.6632,0.2465
pdraw_wave,efficientnet_b0,V03PO07,1,perspective,2,0.2818,0.3195,0.6216,0.1946
pdraw_wave,efficientnet_b0,V03PO07,1,perspective,3,0.3034,0.3443,0.6249,0.1824
pdraw_wave,efficientnet_b0,V03PO07,1,perspective,4,0.1549,0.2294,0.5901,0.1219
pdraw_wave,efficientnet_b0,V03PO07,1,perspective,5,0.2045,0.2943,0.5433,0.1297
pdraw_wave,efficientnet_b0,V03PO07,1,rotation,1,0.4658,0.5091,0.6946,0.2422
pdraw_wave,efficientnet_b0,V03PO07,1,rotation,2,0.4772,0.5063,0.5071,0.2084
pdraw_wave,efficientnet_b0,V03PO07,1,rotation,3,-0.019,0.0992,0.5046,0.0248
pdraw_wave,efficientnet_b0,V03PO07,1,rotation,4,0.3365,0.3771,0.4177,0.1071
pdraw_wave,efficientnet_b0,V03PO07,1,rotation,5,-0.181,-0.1013,0.5642,0.0164
pdraw_wave,mobilenet_v3_large,V09HO01,0,jpeg_compression,1,0.9939,0.9504,0.947,0.8998
pdraw_wave,mobilenet_v3_large,V09HO01,0,jpeg_compression,2,0.9617,0.8891,0.847,0.7842
pdraw_wave,mobilenet_v3_large,V09HO01,0,jpeg_compression,3,0.9575,0.8056,0.8043,0.8252
pdraw_wave,mobilenet_v3_large,V09HO01,0,jpeg_compression,4,0.8818,0.7266,0.755,0.675
pdraw_wave,mobilenet_v3_large,V09HO01,0,jpeg_compression,5,0.3575,0.3615,0.452,0.298
pdraw_wave,mobilenet_v3_large,V09HO01,0,gaussian_blur,1,0.9389,0.897,0.8075,0.7929
pdraw_wave,mobilenet_v3_large,V09HO01,0,gaussian_blur,2,0.8927,0.7643,0.7507,0.7196
pdraw_wave,mobilenet_v3_large,V09HO01,0,gaussian_blur,3,0.8932,0.7144,0.7467,0.6069
pdraw_wave,mobilenet_v3_large,V09HO01,0,gaussian_blur,4,0.891,0.5499,0.7208,0.5982
pdraw_wave,mobilenet_v3_large,V09HO01,0,gaussian_blur,5,0.8907,0.5855,0.7451,0.6069
pdraw_wave,mobilenet_v3_large,V09HO01,0,gaussian_noise,1,0.9829,0.8883,0.8712,0.9358
pdraw_wave,mobilenet_v3_large,V09HO01,0,gaussian_noise,2,0.917,0.7259,0.7348,0.6911
pdraw_wave,mobilenet_v3_large,V09HO01,0,gaussian_noise,3,0.7888,0.6444,0.6529,0.455
pdraw_wave,mobilenet_v3_large,V09HO01,0,gaussian_noise,4,0.8503,0.7778,0.7749,0.6039
pdraw_wave,mobilenet_v3_large,V09HO01,0,gaussian_noise,5,0.6667,0.6528,0.6848,0.3355
pdraw_wave,mobilenet_v3_large,V09HO01,0,contrast,1,0.934,0.7852,0.8003,0.7202
pdraw_wave,mobilenet_v3_large,V09HO01,0,contrast,2,0.9458,0.8922,0.8522,0.7129
pdraw_wave,mobilenet_v3_large,V09HO01,0,contrast,3,0.9886,0.9421,0.9271,0.8889
pdraw_wave,mobilenet_v3_large,V09HO01,0,contrast,4,0.9761,0.8503,0.8762,0.8945
pdraw_wave,mobilenet_v3_large,V09HO01,0,contrast,5,0.9451,0.8034,0.8184,0.8315
pdraw_wave,mobilenet_v3_large,V09HO01,0,brightness,1,0.8605,0.8211,0.795,0.7476
pdraw_wave,mobilenet_v3_large,V09HO01,0,brightness,2,0.9809,0.9821,0.9241,0.8546
pdraw_wave,mobilenet_v3_large,V09HO01,0,brightness,3,0.9904,0.9971,0.9637,0.8689
pdraw_wave,mobilenet_v3_large,V09HO01,0,brightness,4,0.5782,0.2612,0.4617,0.3284
pdraw_wave,mobilenet_v3_large,V09HO01,0,brightness,5,0.6184,0.4075,0.6308,0.4059
pdraw_wave,mobilenet_v3_large,V09HO01,0,shadow,1,0.9922,0.9519,0.9516,0.9209
pdraw_wave,mobilenet_v3_large,V09HO01,0,shadow,2,0.9805,0.9498,0.8986,0.8997
pdraw_wave,mobilenet_v3_large,V09HO01,0,shadow,3,0.9387,0.863,0.8341,0.806
pdraw_wave,mobilenet_v3_large,V09HO01,0,shadow,4,0.8733,0.6669,0.7494,0.7398
pdraw_wave,mobilenet_v3_large,V09HO01,0,shadow,5,0.79,0.5898,0.7106,0.6775
pdraw_wave,mobilenet_v3_large,V09HO01,0,perspective,1,0.9142,0.8849,0.8089,0.801
pdraw_wave,mobilenet_v3_large,V09HO01,0,perspective,2,0.7295,0.8035,0.7187,0.6153
pdraw_wave,mobilenet_v3_large,V09HO01,0,perspective,3,0.6985,0.6252,0.6664,0.5148
pdraw_wave,mobilenet_v3_large,V09HO01,0,perspective,4,0.65,0.7333,0.7029,0.543
pdraw_wave,mobilenet_v3_large,V09HO01,0,perspective,5,0.5034,0.8133,0.684,0.4612
pdraw_wave,mobilenet_v3_large,V09HO01,0,rotation,1,nan,nan,0.6234,0.1844
pdraw_wave,mobilenet_v3_large,V09HO01,0,rotation,2,-0.1215,-0.1087,0.5625,0.1329
pdraw_wave,mobilenet_v3_large,V09HO01,0,rotation,3,0.3865,0.3196,0.6576,0.1844
pdraw_wave,mobilenet_v3_large,V09HO01,0,rotation,4,0.0358,0.2082,0.5956,0.2144
pdraw_wave,mobilenet_v3_large,V09HO01,0,rotation,5,0.4913,0.3748,0.6438,0.2899
pdraw_wave,mobilenet_v3_large,V55HO10,0,jpeg_compression,1,0.9535,0.9466,0.9078,0.7659
pdraw_wave,mobilenet_v3_large,V55HO10,0,jpeg_compression,2,0.947,0.8471,0.8514,0.7239
pdraw_wave,mobilenet_v3_large,V55HO10,0,jpeg_compression,3,0.8375,0.7218,0.7724,0.4157
pdraw_wave,mobilenet_v3_large,V55HO10,0,jpeg_compression,4,0.715,0.7021,0.6248,0.4958
pdraw_wave,mobilenet_v3_large,V55HO10,0,jpeg_compression,5,0.1153,0.362,0.2657,0.2198
pdraw_wave,mobilenet_v3_large,V55HO10,0,gaussian_blur,1,0.7465,0.6869,0.6897,0.4764
pdraw_wave,mobilenet_v3_large,V55HO10,0,gaussian_blur,2,0.739,0.6892,0.754,0.418
pdraw_wave,mobilenet_v3_large,V55HO10,0,gaussian_blur,3,0.6574,0.6672,0.7082,0.4362
pdraw_wave,mobilenet_v3_large,V55HO10,0,gaussian_blur,4,0.5276,0.4115,0.5571,0.3209
pdraw_wave,mobilenet_v3_large,V55HO10,0,gaussian_blur,5,0.6096,0.5983,0.5781,0.3273
pdraw_wave,mobilenet_v3_large,V55HO10,0,gaussian_noise,1,0.9247,0.8878,0.8808,0.6771
pdraw_wave,mobilenet_v3_large,V55HO10,0,gaussian_noise,2,0.834,0.7047,0.8398,0.6205
pdraw_wave,mobilenet_v3_large,V55HO10,0,gaussian_noise,3,0.8857,0.7913,0.8301,0.6105
pdraw_wave,mobilenet_v3_large,V55HO10,0,gaussian_noise,4,0.7814,0.5582,0.7713,0.6708
pdraw_wave,mobilenet_v3_large,V55HO10,0,gaussian_noise,5,0.9017,0.9332,0.9051,0.7182
pdraw_wave,mobilenet_v3_large,V55HO10,0,contrast,1,0.9238,0.8245,0.8836,0.6074
pdraw_wave,mobilenet_v3_large,V55HO10,0,contrast,2,0.9847,0.9493,0.9628,0.827
pdraw_wave,mobilenet_v3_large,V55HO10,0,contrast,3,0.9839,0.9983,0.9667,0.8914
pdraw_wave,mobilenet_v3_large,V55HO10,0,contrast,4,0.9921,0.9508,0.9776,0.9465
pdraw_wave,mobilenet_v3_large,V55HO10,0,contrast,5,0.9739,0.878,0.9124,0.8601
pdraw_wave,mobilenet_v3_large,V55HO10,0,brightness,1,0.8647,0.8238,0.7561,0.5169
pdraw_wave,mobilenet_v3_large,V55HO10,0,brightness,2,0.891,0.8727,0.8062,0.7365
pdraw_wave,mobilenet_v3_large,V55HO10,0,brightness,3,0.9303,0.8892,0.863,0.7512
pdraw_wave,mobilenet_v3_large,V55HO10,0,brightness,4,0.5112,0.5511,0.5494,0.4324
pdraw_wave,mobilenet_v3_large,V55HO10,0,brightness,5,0.5295,0.5857,0.5921,0.3791
pdraw_wave,mobilenet_v3_large,V55HO10,0,shadow,1,0.9581,0.9939,0.9442,0.8305
pdraw_wave,mobilenet_v3_large,V55HO10,0,shadow,2,0.8033,0.8661,0.8088,0.6997
pdraw_wave,mobilenet_v3_large,V55HO10,0,shadow,3,0.5611,0.7995,0.7509,0.5145
pdraw_wave,mobilenet_v3_large,V55HO10,0,shadow,4,0.3859,0.6598,0.6845,0.3532
pdraw_wave,mobilenet_v3_large,V55HO10,0,shadow,5,0.7314,0.6712,0.698,0.5336
pdraw_wave,mobilenet_v3_large,V55HO10,0,perspective,1,0.3885,0.419,0.5886,0.3517
pdraw_wave,mobilenet_v3_large,V55HO10,0,perspective,2,0.2619,0.3177,0.5339,0.2306
pdraw_wave,mobilenet_v3_large,V55HO10,0,perspective,3,0.4501,0.5838,0.5575,0.4127
pdraw_wave,mobilenet_v3_large,V55HO10,0,perspective,4,0.3586,0.5207,0.5842,0.3184
pdraw_wave,mobilenet_v3_large,V55HO10,0,perspective,5,0.428,0.3898,0.5753,0.3347
pdraw_wave,mobilenet_v3_large,V55HO10,0,rotation,1,0.3973,0.4175,0.7124,0.4019
pdraw_wave,mobilenet_v3_large,V55HO10,0,rotation,2,nan,nan,0.712,0.6494
pdraw_wave,mobilenet_v3_large,V55HO10,0,rotation,3,nan,nan,0.712,0.6494
pdraw_wave,mobilenet_v3_large,V55HO10,0,rotation,4,0.2119,0.2952,0.7359,0.5215
pdraw_wave,mobilenet_v3_large,V55HO10,0,rotation,5,nan,nan,0.712,0.6494
pdraw_wave,mobilenet_v3_large,V08HO01,0,jpeg_compression,1,0.9988,0.9947,0.9871,0.9669
pdraw_wave,mobilenet_v3_large,V08HO01,0,jpeg_compression,2,0.9851,0.9845,0.9381,0.8597
pdraw_wave,mobilenet_v3_large,V08HO01,0,jpeg_compression,3,0.9719,0.9432,0.8472,0.7963
pdraw_wave,mobilenet_v3_large,V08HO01,0,jpeg_compression,4,0.9459,0.9065,0.7875,0.6602
pdraw_wave,mobilenet_v3_large,V08HO01,0,jpeg_compression,5,0.6046,0.6663,0.5381,0.4119
pdraw_wave,mobilenet_v3_large,V08HO01,0,gaussian_blur,1,0.9855,0.9886,0.9195,0.8682
pdraw_wave,mobilenet_v3_large,V08HO01,0,gaussian_blur,2,0.9781,0.9881,0.9139,0.8377
pdraw_wave,mobilenet_v3_large,V08HO01,0,gaussian_blur,3,0.9744,0.9481,0.8962,0.7992
pdraw_wave,mobilenet_v3_large,V08HO01,0,gaussian_blur,4,0.9677,0.935,0.8333,0.8232
pdraw_wave,mobilenet_v3_large,V08HO01,0,gaussian_blur,5,0.9363,0.9096,0.7637,0.7574
pdraw_wave,mobilenet_v3_large,V08HO01,0,gaussian_noise,1,0.9927,0.9695,0.9592,0.9107
pdraw_wave,mobilenet_v3_large,V08HO01,0,gaussian_noise,2,0.9691,0.9579,0.8971,0.7767
pdraw_wave,mobilenet_v3_large,V08HO01,0,gaussian_noise,3,0.8571,0.8759,0.6989,0.4414
pdraw_wave,mobilenet_v3_large,V08HO01,0,gaussian_noise,4,0.9059,0.9254,0.8198,0.5371
pdraw_wave,mobilenet_v3_large,V08HO01,0,gaussian_noise,5,0.8675,0.8801,0.7223,0.5276
pdraw_wave,mobilenet_v3_large,V08HO01,0,contrast,1,0.9473,0.9525,0.827,0.6978
pdraw_wave,mobilenet_v3_large,V08HO01,0,contrast,2,0.98,0.9884,0.9059,0.8625
pdraw_wave,mobilenet_v3_large,V08HO01,0,contrast,3,0.9959,0.9969,0.9522,0.9696
pdraw_wave,mobilenet_v3_large,V08HO01,0,contrast,4,0.9832,0.9578,0.9217,0.8929
pdraw_wave,mobilenet_v3_large,V08HO01,0,contrast,5,0.9661,0.9332,0.8603,0.8685
pdraw_wave,mobilenet_v3_large,V08HO01,0,brightness,1,0.9011,0.9074,0.81,0.5796
pdraw_wave,mobilenet_v3_large,V08HO01,0,brightness,2,0.9418,0.9169,0.8276,0.6832
pdraw_wave,mobilenet_v3_large,V08HO01,0,brightness,3,0.9808,0.9761,0.9185,0.8503
pdraw_wave,mobilenet_v3_large,V08HO01,0,brightness,4,0.6911,0.7054,0.5411,0.5968
pdraw_wave,mobilenet_v3_large,V08HO01,0,brightness,5,0.6673,0.6555,0.5313,0.5599
pdraw_wave,mobilenet_v3_large,V08HO01,0,shadow,1,0.9895,0.9809,0.9033,0.9233
pdraw_wave,mobilenet_v3_large,V08HO01,0,shadow,2,0.9783,0.9626,0.8878,0.811
pdraw_wave,mobilenet_v3_large,V08HO01,0,shadow,3,0.9593,0.9271,0.8509,0.7574
pdraw_wave,mobilenet_v3_large,V08HO01,0,shadow,4,0.9263,0.9,0.8178,0.562
pdraw_wave,mobilenet_v3_large,V08HO01,0,shadow,5,0.8809,0.8757,0.7876,0.4589
pdraw_wave,mobilenet_v3_large,V08HO01,0,perspective,1,0.9413,0.8842,0.8139,0.7777
pdraw_wave,mobilenet_v3_large,V08HO01,0,perspective,2,0.911,0.881,0.748,0.7256
pdraw_wave,mobilenet_v3_large,V08HO01,0,perspective,3,0.8071,0.8019,0.63,0.5422
pdraw_wave,mobilenet_v3_large,V08HO01,0,perspective,4,0.8036,0.7722,0.6545,0.548
pdraw_wave,mobilenet_v3_large,V08HO01,0,perspective,5,0.8261,0.807,0.6164,0.6527
pdraw_wave,mobilenet_v3_large,V08HO01,0,rotation,1,0.6229,0.6781,0.5695,0.3805
pdraw_wave,mobilenet_v3_large,V08HO01,0,rotation,2,0.3162,0.3143,0.3914,0.32
pdraw_wave,mobilenet_v3_large,V08HO01,0,rotation,3,0.3162,0.3143,0.3914,0.32
pdraw_wave,mobilenet_v3_large,V08HO01,0,rotation,4,0.3162,0.3143,0.3914,0.32
pdraw_wave,mobilenet_v3_large,V08HO01,0,rotation,5,0.3162,0.3143,0.3914,0.32
pdraw_wave,mobilenet_v3_large,V07HO01,0,jpeg_compression,1,0.9894,0.9101,0.9835,0.9686
pdraw_wave,mobilenet_v3_large,V07HO01,0,jpeg_compression,2,0.9649,0.9099,0.9791,0.975
pdraw_wave,mobilenet_v3_large,V07HO01,0,jpeg_compression,3,0.9128,0.9087,0.8993,0.969
pdraw_wave,mobilenet_v3_large,V07HO01,0,jpeg_compression,4,0.8995,0.9088,0.9446,0.9512
pdraw_wave,mobilenet_v3_large,V07HO01,0,jpeg_compression,5,0.0443,0.3196,0.427,0.1088
pdraw_wave,mobilenet_v3_large,V07HO01,0,gaussian_blur,1,0.9649,0.9597,0.9273,0.8254
pdraw_wave,mobilenet_v3_large,V07HO01,0,gaussian_blur,2,0.9448,0.9456,0.9403,0.8813
pdraw_wave,mobilenet_v3_large,V07HO01,0,gaussian_blur,3,0.8423,0.9391,0.8741,0.7908
pdraw_wave,mobilenet_v3_large,V07HO01,0,gaussian_blur,4,0.7995,0.9516,0.8654,0.7742
pdraw_wave,mobilenet_v3_large,V07HO01,0,gaussian_blur,5,0.7738,0.9525,0.8632,0.7
pdraw_wave,mobilenet_v3_large,V07HO01,0,gaussian_noise,1,0.9185,0.8368,0.9083,0.7518
pdraw_wave,mobilenet_v3_large,V07HO01,0,gaussian_noise,2,0.8933,0.7098,0.8717,0.6735
pdraw_wave,mobilenet_v3_large,V07HO01,0,gaussian_noise,3,0.8266,0.7792,0.8465,0.6251
pdraw_wave,mobilenet_v3_large,V07HO01,0,gaussian_noise,4,0.7542,0.7871,0.7839,0.5013
pdraw_wave,mobilenet_v3_large,V07HO01,0,gaussian_noise,5,0.7466,0.9049,0.9253,0.947
pdraw_wave,mobilenet_v3_large,V07HO01,0,contrast,1,0.9101,0.9084,0.8995,0.9592
pdraw_wave,mobilenet_v3_large,V07HO01,0,contrast,2,0.9969,0.9103,0.9914,0.9871
pdraw_wave,mobilenet_v3_large,V07HO01,0,contrast,3,0.998,0.9103,0.992,0.9932
pdraw_wave,mobilenet_v3_large,V07HO01,0,contrast,4,0.9918,0.8146,0.9828,0.9669
pdraw_wave,mobilenet_v3_large,V07HO01,0,contrast,5,0.9892,0.8021,0.943,0.8211
pdraw_wave,mobilenet_v3_large,V07HO01,0,brightness,1,nan,nan,0.7924,0.2063
pdraw_wave,mobilenet_v3_large,V07HO01,0,brightness,2,0.8618,0.6033,0.8611,0.365
pdraw_wave,mobilenet_v3_large,V07HO01,0,brightness,3,0.9945,0.8116,0.9666,0.9628
pdraw_wave,mobilenet_v3_large,V07HO01,0,brightness,4,0.6328,0.7549,0.8157,0.4082
pdraw_wave,mobilenet_v3_large,V07HO01,0,brightness,5,0.2634,0.1329,0.5658,0.2055
pdraw_wave,mobilenet_v3_large,V07HO01,0,shadow,1,0.996,0.9103,0.986,0.9775
pdraw_wave,mobilenet_v3_large,V07HO01,0,shadow,2,0.9399,0.9087,0.9466,0.9523
pdraw_wave,mobilenet_v3_large,V07HO01,0,shadow,3,0.7349,0.6091,0.8658,0.4862
pdraw_wave,mobilenet_v3_large,V07HO01,0,shadow,4,0.7441,0.6093,0.8762,0.4862
pdraw_wave,mobilenet_v3_large,V07HO01,0,shadow,5,0.4134,0.2941,0.7281,0.2976
pdraw_wave,mobilenet_v3_large,V07HO01,0,perspective,1,0.4349,0.8323,0.7882,0.5293
pdraw_wave,mobilenet_v3_large,V07HO01,0,perspective,2,0.4349,0.6737,0.7876,0.3199
pdraw_wave,mobilenet_v3_large,V07HO01,0,perspective,3,0.177,0.3871,0.732,0.1538
pdraw_wave,mobilenet_v3_large,V07HO01,0,perspective,4,0.0464,0.5278,0.7072,0.2932
pdraw_wave,mobilenet_v3_large,V07HO01,0,perspective,5,0.2953,0.4649,0.707,0.2521
pdraw_wave,mobilenet_v3_large,V07HO01,0,rotation,1,0.5348,0.417,0.8248,0.2142
pdraw_wave,mobilenet_v3_large,V07HO01,0,rotation,2,-0.0691,-0.1925,0.7192,0.1379
pdraw_wave,mobilenet_v3_large,V07HO01,0,rotation,3,0.8717,0.6035,0.8657,0.365
pdraw_wave,mobilenet_v3_large,V07HO01,0,rotation,4,-0.0646,-0.1329,0.7487,0.2037
pdraw_wave,mobilenet_v3_large,V07HO01,0,rotation,5,0.7012,0.414,0.8351,0.3205
pdraw_wave,mobilenet_v3_large,V55HO11,0,jpeg_compression,1,0.986,0.9894,0.9559,0.8426
pdraw_wave,mobilenet_v3_large,V55HO11,0,jpeg_compression,2,0.9458,0.9603,0.8907,0.6789
pdraw_wave,mobilenet_v3_large,V55HO11,0,jpeg_compression,3,0.8667,0.8599,0.744,0.5836
pdraw_wave,mobilenet_v3_large,V55HO11,0,jpeg_compression,4,0.8249,0.8007,0.6796,0.446
pdraw_wave,mobilenet_v3_large,V55HO11,0,jpeg_compression,5,0.6702,0.5949,0.5196,0.3272
pdraw_wave,mobilenet_v3_large,V55HO11,0,gaussian_blur,1,0.889,0.8968,0.8269,0.4489
pdraw_wave,mobilenet_v3_large,V55HO11,0,gaussian_blur,2,0.7745,0.7506,0.6489,0.4291
pdraw_wave,mobilenet_v3_large,V55HO11,0,gaussian_blur,3,0.7028,0.5739,0.5397,0.4071
pdraw_wave,mobilenet_v3_large,V55HO11,0,gaussian_blur,4,0.665,0.5297,0.4983,0.3474
pdraw_wave,mobilenet_v3_large,V55HO11,0,gaussian_blur,5,0.5085,0.4041,0.3736,0.2382
pdraw_wave,mobilenet_v3_large,V55HO11,0,gaussian_noise,1,0.9607,0.9655,0.8789,0.791
pdraw_wave,mobilenet_v3_large,V55HO11,0,gaussian_noise,2,0.9422,0.9369,0.8666,0.5777
pdraw_wave,mobilenet_v3_large,V55HO11,0,gaussian_noise,3,0.901,0.8977,0.8071,0.4769
pdraw_wave,mobilenet_v3_large,V55HO11,0,gaussian_noise,4,0.8872,0.8941,0.779,0.4605
pdraw_wave,mobilenet_v3_large,V55HO11,0,gaussian_noise,5,0.8136,0.8619,0.7276,0.3833
pdraw_wave,mobilenet_v3_large,V55HO11,0,contrast,1,0.8047,0.8161,0.6625,0.47
pdraw_wave,mobilenet_v3_large,V55HO11,0,contrast,2,0.8998,0.9126,0.8266,0.5161
pdraw_wave,mobilenet_v3_large,V55HO11,0,contrast,3,0.964,0.9567,0.9063,0.6096
pdraw_wave,mobilenet_v3_large,V55HO11,0,contrast,4,0.9543,0.9557,0.9001,0.7483
pdraw_wave,mobilenet_v3_large,V55HO11,0,contrast,5,0.925,0.9065,0.8057,0.7408
pdraw_wave,mobilenet_v3_large,V55HO11,0,brightness,1,0.8445,0.8774,0.767,0.5858
pdraw_wave,mobilenet_v3_large,V55HO11,0,brightness,2,0.865,0.9044,0.8107,0.5986
pdraw_wave,mobilenet_v3_large,V55HO11,0,brightness,3,0.9149,0.9331,0.8583,0.6152
pdraw_wave,mobilenet_v3_large,V55HO11,0,brightness,4,0.5528,0.4479,0.5142,0.3011
pdraw_wave,mobilenet_v3_large,V55HO11,0,brightness,5,0.606,0.5691,0.5573,0.2917
pdraw_wave,mobilenet_v3_large,V55HO11,0,shadow,1,0.9261,0.9526,0.8925,0.6304
pdraw_wave,mobilenet_v3_large,V55HO11,0,shadow,2,0.8401,0.8853,0.8,0.6157
pdraw_wave,mobilenet_v3_large,V55HO11,0,shadow,3,0.7983,0.8364,0.7521,0.5799
pdraw_wave,mobilenet_v3_large,V55HO11,0,shadow,4,0.7459,0.8294,0.653,0.5634
pdraw_wave,mobilenet_v3_large,V55HO11,0,shadow,5,0.7472,0.802,0.6175,0.5614
pdraw_wave,mobilenet_v3_large,V55HO11,0,perspective,1,0.7118,0.6331,0.6829,0.5709
pdraw_wave,mobilenet_v3_large,V55HO11,0,perspective,2,0.5761,0.5912,0.576,0.3241
pdraw_wave,mobilenet_v3_large,V55HO11,0,perspective,3,0.5214,0.5285,0.4912,0.2851
pdraw_wave,mobilenet_v3_large,V55HO11,0,perspective,4,0.5784,0.588,0.5652,0.3122
pdraw_wave,mobilenet_v3_large,V55HO11,0,perspective,5,0.2627,0.3179,0.4474,0.1929
pdraw_wave,mobilenet_v3_large,V55HO11,0,rotation,1,0.4748,0.0835,0.2693,0.1233
pdraw_wave,mobilenet_v3_large,V55HO11,0,rotation,2,0.3403,0.2682,0.2609,0.1376
pdraw_wave,mobilenet_v3_large,V55HO11,0,rotation,3,-0.1259,-0.1708,0.1947,0.0567
pdraw_wave,mobilenet_v3_large,V55HO11,0,rotation,4,0.3247,0.2559,0.2305,0.1447
pdraw_wave,mobilenet_v3_large,V55HO11,0,rotation,5,-0.0485,-0.0187,0.2057,0.0493
pdraw_wave,mobilenet_v3_large,V03PO01,1,jpeg_compression,1,0.9918,0.9924,0.9892,0.9024
pdraw_wave,mobilenet_v3_large,V03PO01,1,jpeg_compression,2,0.9417,0.9576,0.9285,0.6975
pdraw_wave,mobilenet_v3_large,V03PO01,1,jpeg_compression,3,0.8953,0.9176,0.904,0.5218
pdraw_wave,mobilenet_v3_large,V03PO01,1,jpeg_compression,4,0.8589,0.8802,0.8744,0.5654
pdraw_wave,mobilenet_v3_large,V03PO01,1,jpeg_compression,5,0.2781,0.3327,0.7508,0.2223
pdraw_wave,mobilenet_v3_large,V03PO01,1,gaussian_blur,1,0.8887,0.9105,0.848,0.562
pdraw_wave,mobilenet_v3_large,V03PO01,1,gaussian_blur,2,0.8396,0.8548,0.8081,0.5152
pdraw_wave,mobilenet_v3_large,V03PO01,1,gaussian_blur,3,0.7795,0.7875,0.7821,0.3779
pdraw_wave,mobilenet_v3_large,V03PO01,1,gaussian_blur,4,0.7599,0.763,0.7832,0.344
pdraw_wave,mobilenet_v3_large,V03PO01,1,gaussian_blur,5,0.7606,0.7796,0.7909,0.3789
pdraw_wave,mobilenet_v3_large,V03PO01,1,gaussian_noise,1,0.9308,0.951,0.937,0.6917
pdraw_wave,mobilenet_v3_large,V03PO01,1,gaussian_noise,2,0.8434,0.8848,0.8378,0.4561
pdraw_wave,mobilenet_v3_large,V03PO01,1,gaussian_noise,3,0.855,0.8953,0.8761,0.4579
pdraw_wave,mobilenet_v3_large,V03PO01,1,gaussian_noise,4,0.7884,0.8227,0.8435,0.3598
pdraw_wave,mobilenet_v3_large,V03PO01,1,gaussian_noise,5,0.8254,0.8394,0.8381,0.4569
pdraw_wave,mobilenet_v3_large,V03PO01,1,contrast,1,0.932,0.9431,0.9234,0.5516
pdraw_wave,mobilenet_v3_large,V03PO01,1,contrast,2,0.9813,0.983,0.9755,0.767
pdraw_wave,mobilenet_v3_large,V03PO01,1,contrast,3,0.9952,0.9959,0.9935,0.8797
pdraw_wave,mobilenet_v3_large,V03PO01,1,contrast,4,0.9825,0.9836,0.9666,0.8018
pdraw_wave,mobilenet_v3_large,V03PO01,1,contrast,5,0.9677,0.9722,0.9416,0.712
pdraw_wave,mobilenet_v3_large,V03PO01,1,brightness,1,0.863,0.8581,0.879,0.4354
pdraw_wave,mobilenet_v3_large,V03PO01,1,brightness,2,0.9421,0.9328,0.9547,0.602
pdraw_wave,mobilenet_v3_large,V03PO01,1,brightness,3,0.9708,0.9664,0.9705,0.6987
pdraw_wave,mobilenet_v3_large,V03PO01,1,brightness,4,0.4932,0.4884,0.5622,0.3284
pdraw_wave,mobilenet_v3_large,V03PO01,1,brightness,5,0.1561,0.103,0.3322,0.1749
pdraw_wave,mobilenet_v3_large,V03PO01,1,shadow,1,0.9778,0.9755,0.9741,0.7308
pdraw_wave,mobilenet_v3_large,V03PO01,1,shadow,2,0.9627,0.9519,0.9674,0.5175
pdraw_wave,mobilenet_v3_large,V03PO01,1,shadow,3,0.9128,0.8883,0.9407,0.4288
pdraw_wave,mobilenet_v3_large,V03PO01,1,shadow,4,0.8109,0.7726,0.8919,0.3194
pdraw_wave,mobilenet_v3_large,V03PO01,1,shadow,5,0.7413,0.6975,0.863,0.293
pdraw_wave,mobilenet_v3_large,V03PO01,1,perspective,1,0.8144,0.7965,0.8032,0.3655
pdraw_wave,mobilenet_v3_large,V03PO01,1,perspective,2,0.8033,0.7928,0.8002,0.396
pdraw_wave,mobilenet_v3_large,V03PO01,1,perspective,3,0.6469,0.6165,0.7213,0.3419
pdraw_wave,mobilenet_v3_large,V03PO01,1,perspective,4,0.6077,0.5788,0.6215,0.2583
pdraw_wave,mobilenet_v3_large,V03PO01,1,perspective,5,0.5244,0.4779,0.6067,0.2158
pdraw_wave,mobilenet_v3_large,V03PO01,1,rotation,1,0.3498,0.3027,0.5239,0.257
pdraw_wave,mobilenet_v3_large,V03PO01,1,rotation,2,-0.1907,-0.2429,0.0051,0.1523
pdraw_wave,mobilenet_v3_large,V03PO01,1,rotation,3,0.0906,0.0996,0.031,0.226
pdraw_wave,mobilenet_v3_large,V03PO01,1,rotation,4,0.189,0.2727,0.0075,0.314
pdraw_wave,mobilenet_v3_large,V03PO01,1,rotation,5,0.1853,0.2257,0.039,0.2436
pdraw_wave,mobilenet_v3_large,V11PO01,1,jpeg_compression,1,0.9951,0.9948,0.9826,0.885
pdraw_wave,mobilenet_v3_large,V11PO01,1,jpeg_compression,2,0.9687,0.9446,0.8779,0.8484
pdraw_wave,mobilenet_v3_large,V11PO01,1,jpeg_compression,3,0.9329,0.9231,0.8369,0.7158
pdraw_wave,mobilenet_v3_large,V11PO01,1,jpeg_compression,4,0.8222,0.8397,0.7452,0.5254
pdraw_wave,mobilenet_v3_large,V11PO01,1,jpeg_compression,5,0.5376,0.6312,0.6663,0.2058
pdraw_wave,mobilenet_v3_large,V11PO01,1,gaussian_blur,1,0.8893,0.878,0.8517,0.7039
pdraw_wave,mobilenet_v3_large,V11PO01,1,gaussian_blur,2,0.7764,0.7271,0.5875,0.5302
pdraw_wave,mobilenet_v3_large,V11PO01,1,gaussian_blur,3,0.6668,0.6415,0.5082,0.428
pdraw_wave,mobilenet_v3_large,V11PO01,1,gaussian_blur,4,0.6528,0.5627,0.5,0.3811
pdraw_wave,mobilenet_v3_large,V11PO01,1,gaussian_blur,5,0.6458,0.5894,0.542,0.3836
pdraw_wave,mobilenet_v3_large,V11PO01,1,gaussian_noise,1,0.966,0.9485,0.873,0.8255
pdraw_wave,mobilenet_v3_large,V11PO01,1,gaussian_noise,2,0.8776,0.8703,0.8171,0.5826
pdraw_wave,mobilenet_v3_large,V11PO01,1,gaussian_noise,3,0.8432,0.8514,0.7144,0.4039
pdraw_wave,mobilenet_v3_large,V11PO01,1,gaussian_noise,4,0.8719,0.8926,0.7384,0.4512
pdraw_wave,mobilenet_v3_large,V11PO01,1,gaussian_noise,5,0.7573,0.7793,0.5985,0.4638
pdraw_wave,mobilenet_v3_large,V11PO01,1,contrast,1,0.8604,0.8775,0.7306,0.666
pdraw_wave,mobilenet_v3_large,V11PO01,1,contrast,2,0.9353,0.9319,0.8413,0.7912
pdraw_wave,mobilenet_v3_large,V11PO01,1,contrast,3,0.9885,0.9908,0.9758,0.9009
pdraw_wave,mobilenet_v3_large,V11PO01,1,contrast,4,0.9809,0.979,0.9257,0.7706
pdraw_wave,mobilenet_v3_large,V11PO01,1,contrast,5,0.964,0.9584,0.8503,0.7027
pdraw_wave,mobilenet_v3_large,V11PO01,1,brightness,1,0.8806,0.8892,0.7502,0.5348
pdraw_wave,mobilenet_v3_large,V11PO01,1,brightness,2,0.9204,0.8966,0.747,0.7088
pdraw_wave,mobilenet_v3_large,V11PO01,1,brightness,3,0.9644,0.955,0.8799,0.7686
pdraw_wave,mobilenet_v3_large,V11PO01,1,brightness,4,0.5362,0.4074,0.295,0.4461
pdraw_wave,mobilenet_v3_large,V11PO01,1,brightness,5,0.4094,0.5001,0.0835,0.376
pdraw_wave,mobilenet_v3_large,V11PO01,1,shadow,1,0.969,0.96,0.936,0.8037
pdraw_wave,mobilenet_v3_large,V11PO01,1,shadow,2,0.943,0.9012,0.8012,0.7269
pdraw_wave,mobilenet_v3_large,V11PO01,1,shadow,3,0.8988,0.8174,0.6862,0.5707
pdraw_wave,mobilenet_v3_large,V11PO01,1,shadow,4,0.8615,0.775,0.5791,0.5492
pdraw_wave,mobilenet_v3_large,V11PO01,1,shadow,5,0.7948,0.7753,0.529,0.4829
pdraw_wave,mobilenet_v3_large,V11PO01,1,perspective,1,0.7046,0.7401,0.614,0.3544
pdraw_wave,mobilenet_v3_large,V11PO01,1,perspective,2,0.4267,0.6046,0.5449,0.2087
pdraw_wave,mobilenet_v3_large,V11PO01,1,perspective,3,0.4937,0.6909,0.4634,0.3216
pdraw_wave,mobilenet_v3_large,V11PO01,1,perspective,4,0.1806,0.523,0.3296,0.1497
pdraw_wave,mobilenet_v3_large,V11PO01,1,perspective,5,0.247,0.5167,0.321,0.1789
pdraw_wave,mobilenet_v3_large,V11PO01,1,rotation,1,0.0483,0.0743,0.1575,0.0286
pdraw_wave,mobilenet_v3_large,V11PO01,1,rotation,2,0.05,0.0523,0.0884,0.1454
pdraw_wave,mobilenet_v3_large,V11PO01,1,rotation,3,0.2326,0.3473,0.0753,0.2421
pdraw_wave,mobilenet_v3_large,V11PO01,1,rotation,4,0.2857,0.3161,0.0609,0.2352
pdraw_wave,mobilenet_v3_large,V11PO01,1,rotation,5,0.2857,0.3161,0.0609,0.2352
pdraw_wave,mobilenet_v3_large,V08PO01,1,jpeg_compression,1,0.994,0.9284,0.9351,0.916
pdraw_wave,mobilenet_v3_large,V08PO01,1,jpeg_compression,2,0.9806,0.9471,0.9292,0.746
pdraw_wave,mobilenet_v3_large,V08PO01,1,jpeg_compression,3,0.9608,0.7849,0.8297,0.5871
pdraw_wave,mobilenet_v3_large,V08PO01,1,jpeg_compression,4,0.9667,0.7766,0.8396,0.6318
pdraw_wave,mobilenet_v3_large,V08PO01,1,jpeg_compression,5,0.7245,0.5285,0.43,0.4243
pdraw_wave,mobilenet_v3_large,V08PO01,1,gaussian_blur,1,0.9645,0.7067,0.8525,0.5644
pdraw_wave,mobilenet_v3_large,V08PO01,1,gaussian_blur,2,0.9484,0.6367,0.7849,0.5475
pdraw_wave,mobilenet_v3_large,V08PO01,1,gaussian_blur,3,0.8779,0.7058,0.7852,0.5475
pdraw_wave,mobilenet_v3_large,V08PO01,1,gaussian_blur,4,0.2867,0.2925,0.6796,0.4696
pdraw_wave,mobilenet_v3_large,V08PO01,1,gaussian_blur,5,0.6671,0.6979,0.7332,0.5475
pdraw_wave,mobilenet_v3_large,V08PO01,1,gaussian_noise,1,0.9863,0.8228,0.8886,0.829
pdraw_wave,mobilenet_v3_large,V08PO01,1,gaussian_noise,2,0.9407,0.9218,0.8835,0.767
pdraw_wave,mobilenet_v3_large,V08PO01,1,gaussian_noise,3,0.8059,0.8245,0.796,0.615
pdraw_wave,mobilenet_v3_large,V08PO01,1,gaussian_noise,4,0.9244,0.8554,0.8216,0.684
pdraw_wave,mobilenet_v3_large,V08PO01,1,gaussian_noise,5,0.8022,0.8437,0.7894,0.5884
pdraw_wave,mobilenet_v3_large,V08PO01,1,contrast,1,0.9828,0.9598,0.9267,0.7003
pdraw_wave,mobilenet_v3_large,V08PO01,1,contrast,2,0.9874,0.9688,0.9358,0.747
pdraw_wave,mobilenet_v3_large,V08PO01,1,contrast,3,0.9937,0.9709,0.9497,0.8583
pdraw_wave,mobilenet_v3_large,V08PO01,1,contrast,4,0.9929,0.8555,0.9206,0.9049
pdraw_wave,mobilenet_v3_large,V08PO01,1,contrast,5,0.9859,0.7892,0.8629,0.8482
pdraw_wave,mobilenet_v3_large,V08PO01,1,brightness,1,0.9481,0.8257,0.8514,0.7186
pdraw_wave,mobilenet_v3_large,V08PO01,1,brightness,2,0.9342,0.9335,0.8872,0.7571
pdraw_wave,mobilenet_v3_large,V08PO01,1,brightness,3,0.9631,0.9302,0.8799,0.7587
pdraw_wave,mobilenet_v3_large,V08PO01,1,brightness,4,0.4878,0.127,0.4676,0.2719
pdraw_wave,mobilenet_v3_large,V08PO01,1,brightness,5,0.4306,0.2456,0.5481,0.2845
pdraw_wave,mobilenet_v3_large,V08PO01,1,shadow,1,0.9867,0.9968,0.9717,0.8214
pdraw_wave,mobilenet_v3_large,V08PO01,1,shadow,2,0.9646,0.9679,0.9182,0.7368
pdraw_wave,mobilenet_v3_large,V08PO01,1,shadow,3,0.9011,0.8201,0.8166,0.5951
pdraw_wave,mobilenet_v3_large,V08PO01,1,shadow,4,0.8157,0.9724,0.8415,0.5124
pdraw_wave,mobilenet_v3_large,V08PO01,1,shadow,5,0.8149,0.9503,0.835,0.6046
pdraw_wave,mobilenet_v3_large,V08PO01,1,perspective,1,0.9534,0.8997,0.8832,0.6092
pdraw_wave,mobilenet_v3_large,V08PO01,1,perspective,2,0.8985,0.8056,0.8189,0.6726
pdraw_wave,mobilenet_v3_large,V08PO01,1,perspective,3,0.7697,0.7701,0.7885,0.5831
pdraw_wave,mobilenet_v3_large,V08PO01,1,perspective,4,0.5835,0.5909,0.6802,0.5194
pdraw_wave,mobilenet_v3_large,V08PO01,1,perspective,5,0.2499,0.3371,0.6788,0.5055
pdraw_wave,mobilenet_v3_large,V08PO01,1,rotation,1,0.6465,0.4838,0.7093,0.4789
pdraw_wave,mobilenet_v3_large,V08PO01,1,rotation,2,0.0295,0.2405,0.6509,0.404
pdraw_wave,mobilenet_v3_large,V08PO01,1,rotation,3,nan,nan,0.6485,0.51
pdraw_wave,mobilenet_v3_large,V08PO01,1,rotation,4,0.0295,0.2405,0.6509,0.404
pdraw_wave,mobilenet_v3_large,V08PO01,1,rotation,5,0.2867,0.2925,0.6796,0.4696
pdraw_wave,mobilenet_v3_large,V06PO01,1,jpeg_compression,1,0.9887,0.9883,0.9738,0.7853
pdraw_wave,mobilenet_v3_large,V06PO01,1,jpeg_compression,2,0.9662,0.9679,0.9311,0.6622
pdraw_wave,mobilenet_v3_large,V06PO01,1,jpeg_compression,3,0.9636,0.9705,0.9355,0.6803
pdraw_wave,mobilenet_v3_large,V06PO01,1,jpeg_compression,4,0.9061,0.9032,0.8941,0.549
pdraw_wave,mobilenet_v3_large,V06PO01,1,jpeg_compression,5,0.4066,0.4788,0.6774,0.2216
pdraw_wave,mobilenet_v3_large,V06PO01,1,gaussian_blur,1,0.8863,0.9046,0.8937,0.4011
pdraw_wave,mobilenet_v3_large,V06PO01,1,gaussian_blur,2,0.6934,0.7336,0.7871,0.2896
pdraw_wave,mobilenet_v3_large,V06PO01,1,gaussian_blur,3,0.4894,0.4795,0.5825,0.2825
pdraw_wave,mobilenet_v3_large,V06PO01,1,gaussian_blur,4,0.4258,0.394,0.5697,0.2555
pdraw_wave,mobilenet_v3_large,V06PO01,1,gaussian_blur,5,0.4221,0.3953,0.575,0.2468
pdraw_wave,mobilenet_v3_large,V06PO01,1,gaussian_noise,1,0.9727,0.9768,0.9406,0.6654
pdraw_wave,mobilenet_v3_large,V06PO01,1,gaussian_noise,2,0.8572,0.8967,0.8579,0.4644
pdraw_wave,mobilenet_v3_large,V06PO01,1,gaussian_noise,3,0.8777,0.8829,0.8785,0.5756
pdraw_wave,mobilenet_v3_large,V06PO01,1,gaussian_noise,4,0.8008,0.7853,0.8061,0.4898
pdraw_wave,mobilenet_v3_large,V06PO01,1,gaussian_noise,5,0.8475,0.8258,0.8034,0.6384
pdraw_wave,mobilenet_v3_large,V06PO01,1,contrast,1,0.9377,0.938,0.8486,0.6743
pdraw_wave,mobilenet_v3_large,V06PO01,1,contrast,2,0.9793,0.9783,0.9415,0.7632
pdraw_wave,mobilenet_v3_large,V06PO01,1,contrast,3,0.9946,0.9937,0.9872,0.8516
pdraw_wave,mobilenet_v3_large,V06PO01,1,contrast,4,0.9834,0.9831,0.9589,0.7686
pdraw_wave,mobilenet_v3_large,V06PO01,1,contrast,5,0.9719,0.9705,0.9448,0.6539
pdraw_wave,mobilenet_v3_large,V06PO01,1,brightness,1,0.858,0.8683,0.8063,0.5782
pdraw_wave,mobilenet_v3_large,V06PO01,1,brightness,2,0.9281,0.9254,0.8776,0.6712
pdraw_wave,mobilenet_v3_large,V06PO01,1,brightness,3,0.974,0.9749,0.9572,0.7691
pdraw_wave,mobilenet_v3_large,V06PO01,1,brightness,4,0.2963,0.2646,0.5745,0.2118
pdraw_wave,mobilenet_v3_large,V06PO01,1,brightness,5,0.258,0.2728,0.3412,0.2861
pdraw_wave,mobilenet_v3_large,V06PO01,1,shadow,1,0.9709,0.9728,0.9566,0.6701
pdraw_wave,mobilenet_v3_large,V06PO01,1,shadow,2,0.9126,0.9209,0.8596,0.5116
pdraw_wave,mobilenet_v3_large,V06PO01,1,shadow,3,0.7783,0.8098,0.6606,0.41
pdraw_wave,mobilenet_v3_large,V06PO01,1,shadow,4,0.6722,0.736,0.5252,0.3212
pdraw_wave,mobilenet_v3_large,V06PO01,1,shadow,5,0.6663,0.7381,0.4617,0.3039
pdraw_wave,mobilenet_v3_large,V06PO01,1,perspective,1,0.8789,0.8591,0.8741,0.4344
pdraw_wave,mobilenet_v3_large,V06PO01,1,perspective,2,0.5023,0.4411,0.6967,0.2832
pdraw_wave,mobilenet_v3_large,V06PO01,1,perspective,3,0.5589,0.4989,0.6782,0.2604
pdraw_wave,mobilenet_v3_large,V06PO01,1,perspective,4,0.4324,0.3605,0.5397,0.2076
pdraw_wave,mobilenet_v3_large,V06PO01,1,perspective,5,0.4224,0.3349,0.5786,0.207
pdraw_wave,mobilenet_v3_large,V06PO01,1,rotation,1,0.6287,0.6343,0.4316,0.4067
pdraw_wave,mobilenet_v3_large,V06PO01,1,rotation,2,0.0694,0.0372,0.0446,0.0968
pdraw_wave,mobilenet_v3_large,V06PO01,1,rotation,3,0.0483,0.0428,0.064,0.0912
pdraw_wave,mobilenet_v3_large,V06PO01,1,rotation,4,0.1382,0.2216,0.0098,0.1654
pdraw_wave,mobilenet_v3_large,V06PO01,1,rotation,5,0.1964,0.2604,0.0288,0.2436
pdraw_wave,mobilenet_v3_large,V03PO07,1,jpeg_compression,1,0.9744,0.9672,0.9606,0.9007
pdraw_wave,mobilenet_v3_large,V03PO07,1,jpeg_compression,2,0.9684,0.971,0.9496,0.7571
pdraw_wave,mobilenet_v3_large,V03PO07,1,jpeg_compression,3,0.9243,0.9207,0.8848,0.6844
pdraw_wave,mobilenet_v3_large,V03PO07,1,jpeg_compression,4,0.9034,0.8959,0.8659,0.5473
pdraw_wave,mobilenet_v3_large,V03PO07,1,jpeg_compression,5,0.6394,0.6043,0.7415,0.3352
pdraw_wave,mobilenet_v3_large,V03PO07,1,gaussian_blur,1,0.9558,0.9501,0.9607,0.6187
pdraw_wave,mobilenet_v3_large,V03PO07,1,gaussian_blur,2,0.9265,0.9089,0.9313,0.456
pdraw_wave,mobilenet_v3_large,V03PO07,1,gaussian_blur,3,0.9154,0.8978,0.916,0.4594
pdraw_wave,mobilenet_v3_large,V03PO07,1,gaussian_blur,4,0.8859,0.8785,0.8946,0.43
pdraw_wave,mobilenet_v3_large,V03PO07,1,gaussian_blur,5,0.8778,0.8726,0.8983,0.4341
pdraw_wave,mobilenet_v3_large,V03PO07,1,gaussian_noise,1,0.963,0.9588,0.9396,0.8161
pdraw_wave,mobilenet_v3_large,V03PO07,1,gaussian_noise,2,0.8764,0.8869,0.8401,0.6743
pdraw_wave,mobilenet_v3_large,V03PO07,1,gaussian_noise,3,0.8427,0.8377,0.8306,0.5195
pdraw_wave,mobilenet_v3_large,V03PO07,1,gaussian_noise,4,0.8846,0.8708,0.8665,0.6332
pdraw_wave,mobilenet_v3_large,V03PO07,1,gaussian_noise,5,0.8445,0.8355,0.8301,0.5085
pdraw_wave,mobilenet_v3_large,V03PO07,1,contrast,1,0.9404,0.9486,0.9073,0.7365
pdraw_wave,mobilenet_v3_large,V03PO07,1,contrast,2,0.9758,0.98,0.9473,0.8153
pdraw_wave,mobilenet_v3_large,V03PO07,1,contrast,3,0.9935,0.9944,0.9845,0.8324
pdraw_wave,mobilenet_v3_large,V03PO07,1,contrast,4,0.9791,0.978,0.9672,0.8632
pdraw_wave,mobilenet_v3_large,V03PO07,1,contrast,5,0.9597,0.9612,0.8762,0.8362
pdraw_wave,mobilenet_v3_large,V03PO07,1,brightness,1,0.9156,0.911,0.8264,0.6877
pdraw_wave,mobilenet_v3_large,V03PO07,1,brightness,2,0.9314,0.9284,0.8666,0.7158
pdraw_wave,mobilenet_v3_large,V03PO07,1,brightness,3,0.9616,0.9619,0.9178,0.829
pdraw_wave,mobilenet_v3_large,V03PO07,1,brightness,4,0.4333,0.3625,0.5749,0.2764
pdraw_wave,mobilenet_v3_large,V03PO07,1,brightness,5,0.5794,0.568,0.6759,0.3034
pdraw_wave,mobilenet_v3_large,V03PO07,1,shadow,1,0.9482,0.9484,0.92,0.7924
pdraw_wave,mobilenet_v3_large,V03PO07,1,shadow,2,0.9164,0.9078,0.8809,0.6551
pdraw_wave,mobilenet_v3_large,V03PO07,1,shadow,3,0.8788,0.8595,0.8315,0.5434
pdraw_wave,mobilenet_v3_large,V03PO07,1,shadow,4,0.8264,0.8155,0.7864,0.3964
pdraw_wave,mobilenet_v3_large,V03PO07,1,shadow,5,0.7489,0.7496,0.7277,0.2692
pdraw_wave,mobilenet_v3_large,V03PO07,1,perspective,1,0.8342,0.81,0.8702,0.3541
pdraw_wave,mobilenet_v3_large,V03PO07,1,perspective,2,0.7167,0.7052,0.7951,0.3202
pdraw_wave,mobilenet_v3_large,V03PO07,1,perspective,3,0.6984,0.6893,0.7482,0.3258
pdraw_wave,mobilenet_v3_large,V03PO07,1,perspective,4,0.6417,0.6343,0.661,0.3307
pdraw_wave,mobilenet_v3_large,V03PO07,1,perspective,5,0.5627,0.5681,0.6202,0.2799
pdraw_wave,mobilenet_v3_large,V03PO07,1,rotation,1,0.5671,0.5065,0.3149,0.3771
pdraw_wave,mobilenet_v3_large,V03PO07,1,rotation,2,0.2303,0.1831,0.0524,0.2195
pdraw_wave,mobilenet_v3_large,V03PO07,1,rotation,3,0.0153,0.0612,0.0704,0.1405
pdraw_wave,mobilenet_v3_large,V03PO07,1,rotation,4,0.048,0.1087,0.0169,0.1888
pdraw_wave,mobilenet_v3_large,V03PO07,1,rotation,5,0.0235,-0.0026,0.0488,0.1277
